step,loss,acc_train,gnorm_theta,gnorm_phi,disp
0,0.7220229506492615,0.4745989143848419,0.8041555881500244,1.827542286930599,0.0
25,0.7012661099433899,0.49643492698669434,0.7816063165664673,1.7737685811411847,0.00563395768404007
50,0.6816176772117615,0.5262923240661621,0.76036536693573,1.7245702562961673,0.01111703272908926
75,0.6629945635795593,0.5548128485679626,0.7404974102973938,1.6787062282161787,0.016456058248877525
100,0.645334780216217,0.5815507769584656,0.7208887934684753,1.6354858858693158,0.021654507145285606
125,0.6286348700523376,0.6189839243888855,0.6998310685157776,1.5915946793823426,0.02670777402818203
150,0.6128648519515991,0.6483957171440125,0.6807622909545898,1.5510633799022515,0.03161464259028435
175,0.5978468656539917,0.6791443824768066,0.6641731858253479,1.5159562928220356,0.03640115261077881
200,0.5835915207862854,0.7188056707382202,0.6479220986366272,1.480927815375398,0.041061174124479294
225,0.5699799060821533,0.7442067265510559,0.6329697370529175,1.448341839952883,0.04561334103345871
250,0.5569984316825867,0.7682709097862244,0.6182510852813721,1.4178550591285168,0.05005592107772827
275,0.5445932745933533,0.79055255651474,0.6025978922843933,1.38671666681743,0.05439569056034088
300,0.5327864289283752,0.810606062412262,0.5881664156913757,1.3578856044518515,0.058624234050512314
325,0.5215092897415161,0.8239750266075134,0.5745931267738342,1.3327397095237712,0.06275243312120438
350,0.5107037425041199,0.844919741153717,0.5614578127861023,1.307426482005625,0.06678862869739532
375,0.5003774166107178,0.8609625697135925,0.5489947199821472,1.2838109533596296,0.0707288458943367
400,0.49048101902008057,0.8663101196289062,0.5359786748886108,1.2594800804511432,0.07458120584487915
425,0.48099857568740845,0.8716577291488647,0.5250512361526489,1.2389271165402593,0.07834707945585251
450,0.47190287709236145,0.8761140704154968,0.5132588148117065,1.2177671364111706,0.08202949166297913
475,0.46316272020339966,0.8827985525131226,0.5021144151687622,1.1976426062093946,0.0856332927942276
500,0.4547742009162903,0.8872548937797546,0.4920102655887604,1.1782049709545002,0.08915844559669495
525,0.44671228528022766,0.8934937119483948,0.4817088544368744,1.159420937996446,0.09260964393615723
550,0.4389652609825134,0.8988413214683533,0.47140949964523315,1.1410714326773888,0.09598694741725922
575,0.43154382705688477,0.9037432670593262,0.4602597951889038,1.1216033157300043,0.09928565472364426
600,0.4244184195995331,0.9086452722549438,0.4508422911167145,1.1040444608966125,0.10251150280237198
625,0.4175702929496765,0.9117646813392639,0.44102975726127625,1.0867292738014709,0.10566876083612442
650,0.410991907119751,0.9139928221702576,0.4321506917476654,1.070757542271019,0.10875700414180756
675,0.40463510155677795,0.916221022605896,0.4243090748786926,1.0563885943595712,0.11178798973560333
700,0.3984961211681366,0.9184491634368896,0.41579118371009827,1.0407080388804453,0.11476197838783264
725,0.3925802409648895,0.9197860956192017,0.4084263741970062,1.0269057011059335,0.11767648905515671
750,0.38686293363571167,0.9237967729568481,0.4009116590023041,1.0131435804335707,0.1205371543765068
775,0.3813277781009674,0.9246880412101746,0.39400413632392883,1.0005287904270441,0.12334713339805603
800,0.3759622573852539,0.925579309463501,0.3871150314807892,0.9881253257798464,0.12610940635204315
825,0.3707748055458069,0.9269161820411682,0.38010236620903015,0.9756161454313327,0.12882067263126373
850,0.3657597005367279,0.9282531142234802,0.37318429350852966,0.9628860365960495,0.13148149847984314
875,0.3609039783477783,0.9300356507301331,0.36670565605163574,0.951310764367457,0.13409510254859924
900,0.35620784759521484,0.9309269189834595,0.3597719669342041,0.9391041470395914,0.1366603970527649
925,0.35166454315185547,0.9313725233078003,0.3537101745605469,0.928059271013417,0.13917851448059082
950,0.3472558259963989,0.9331550598144531,0.34807899594306946,0.9171642985478777,0.14165513217449188
975,0.3429790437221527,0.933600664138794,0.34229525923728943,0.9059054032867369,0.14409056305885315
1000,0.33882877230644226,0.9340463280677795,0.3366234302520752,0.8955619807924924,0.1464861035346985
1025,0.3348058760166168,0.934937596321106,0.33057036995887756,0.8850631765153024,0.14883999526500702
1050,0.3309038579463959,0.9344919323921204,0.3253728449344635,0.8750675371977087,0.15115389227867126
1075,0.3271135091781616,0.933600664138794,0.32028132677078247,0.8652065422199665,0.15343089401721954
1100,0.32343539595603943,0.9340463280677795,0.315281480550766,0.8552682470953992,0.15567047894001007
1125,0.31986260414123535,0.9344919323921204,0.30992478132247925,0.8452704839314908,0.15787413716316223
1150,0.31639617681503296,0.9358288645744324,0.3047875463962555,0.8361348590407355,0.1600402593612671
1175,0.31302666664123535,0.9358288645744324,0.3003058433532715,0.827236946894512,0.16217179596424103
1200,0.30974915623664856,0.9367201328277588,0.2957904040813446,0.8184688340106969,0.16427075862884521
1225,0.30656060576438904,0.9376114010810852,0.2911856174468994,0.8096563372920462,0.1663375347852707
1250,0.3034588098526001,0.9376114010810852,0.286908358335495,0.8010402659249157,0.16837254166603088
1275,0.3004443347454071,0.938057005405426,0.2820315361022949,0.7917283603271534,0.17037512362003326
1300,0.297513872385025,0.939393937587738,0.2780359387397766,0.783498887114094,0.17234601080417633
1325,0.29465922713279724,0.9398395419120789,0.2740579843521118,0.7755284179962731,0.17428827285766602
1350,0.29187843203544617,0.9398395419120789,0.2701762020587921,0.767478207270593,0.17620216310024261
1375,0.28916317224502563,0.9402852058410645,0.26680368185043335,0.7605200834549811,0.1780909150838852
1400,0.2865116596221924,0.9407308101654053,0.26320013403892517,0.7533191852647859,0.1799546629190445
1425,0.28392380475997925,0.9407308101654053,0.2596058249473572,0.7459419099698952,0.18179331719875336
1450,0.28139930963516235,0.9407308101654053,0.2560875713825226,0.738675966029016,0.18360669910907745
1475,0.2789360284805298,0.9407308101654053,0.25275447964668274,0.7315634523972036,0.1853952407836914
1500,0.2765302062034607,0.9407308101654053,0.24960505962371826,0.7247865260800491,0.18716047704219818
1525,0.27417996525764465,0.9407308101654053,0.24626605212688446,0.7178955100734814,0.18890289962291718
1550,0.2718835175037384,0.9407308101654053,0.24335719645023346,0.7115020209285849,0.19062283635139465
1575,0.2696371078491211,0.9407308101654053,0.2401978224515915,0.7050302897857638,0.19232159852981567
1600,0.26744401454925537,0.9407308101654053,0.23698651790618896,0.6982347569449316,0.19399698078632355
1625,0.2653024196624756,0.9411764740943909,0.23394837975502014,0.6917262179054872,0.19564999639987946
1650,0.2632097005844116,0.9411764740943909,0.23105162382125854,0.6854815581050548,0.19728149473667145
1675,0.2611622214317322,0.9411764740943909,0.22839069366455078,0.6795219255127837,0.19889308512210846
1700,0.259157657623291,0.9411764740943909,0.2257300764322281,0.673687686036405,0.20048588514328003
1725,0.2571968138217926,0.9411764740943909,0.22284041345119476,0.6674821327571504,0.20205916464328766
1750,0.2552788257598877,0.9411764740943909,0.22018977999687195,0.6619064959903559,0.20361268520355225
1775,0.25339964032173157,0.9411764740943909,0.21781739592552185,0.6566390388084127,0.20514850318431854
1800,0.25155895948410034,0.9416220784187317,0.21527326107025146,0.6507548925945001,0.20666652917861938
1825,0.24975836277008057,0.9420677423477173,0.21277736127376556,0.6446235555956973,0.20816613733768463
1850,0.24799658358097076,0.9420677423477173,0.2102956473827362,0.63921650781772,0.20964744687080383
1875,0.24627089500427246,0.9420677423477173,0.20786070823669434,0.6336970475974274,0.21111160516738892
1900,0.2445799708366394,0.9420677423477173,0.20560160279273987,0.6285166321208816,0.21255919337272644
1925,0.2429223358631134,0.9420677423477173,0.20329150557518005,0.6230958434693219,0.21399082243442535
1950,0.24129906296730042,0.9420677423477173,0.20095661282539368,0.6179930945289313,0.2154054045677185
1975,0.23970730602741241,0.9420677423477173,0.19890196621418,0.6130704346125488,0.21680450439453125
2000,0.23814623057842255,0.9420677423477173,0.1966678351163864,0.6079012402341606,0.21818870306015015
2025,0.2366170585155487,0.9420677423477173,0.19446872174739838,0.6028376906613415,0.21955683827400208
2050,0.23511959612369537,0.9425133466720581,0.19216690957546234,0.5977960844314028,0.2209085375070572
2075,0.23365148901939392,0.9425133466720581,0.1902327835559845,0.5931567278252923,0.22224503755569458
2100,0.2322111874818802,0.9429589509963989,0.18822984397411346,0.5884758943053408,0.22356745600700378
2125,0.2307974249124527,0.9429589509963989,0.1863405853509903,0.5837474100529078,0.2248762995004654
2150,0.22940917313098907,0.9429589509963989,0.18451784551143646,0.5793142682306807,0.22617194056510925
2175,0.22804586589336395,0.9429589509963989,0.182627871632576,0.5750310029161353,0.22745439410209656
2200,0.22670768201351166,0.9429589509963989,0.1807551383972168,0.5705311974408567,0.22872337698936462
2225,0.22539488971233368,0.9429589509963989,0.17889447510242462,0.5659634411230043,0.22997866570949554
2250,0.22410468757152557,0.9425133466720581,0.17721663415431976,0.5619220998654576,0.23122194409370422
2275,0.2228374481201172,0.9425133466720581,0.17552384734153748,0.557669287060403,0.23245269060134888
2300,0.22159206867218018,0.9425133466720581,0.17385810613632202,0.5535498869400921,0.2336716204881668
2325,0.22036762535572052,0.9425133466720581,0.17235103249549866,0.5494860762939436,0.23487932980060577
2350,0.21916379034519196,0.9429589509963989,0.17070931196212769,0.5454325595324424,0.23607568442821503
2375,0.21798089146614075,0.9429589509963989,0.16908098757266998,0.5414800843508784,0.23726005852222443
2400,0.21681810915470123,0.9434046149253845,0.16744649410247803,0.5373612098328491,0.23843303322792053
2425,0.21567560732364655,0.9434046149253845,0.1658906638622284,0.5335182326602343,0.23959456384181976
2450,0.21455295383930206,0.9429589509963989,0.16425271332263947,0.5295403405035972,0.2407446801662445
2475,0.21344953775405884,0.9429589509963989,0.1627381443977356,0.5257183955538325,0.2418835312128067
2500,0.21236537396907806,0.9429589509963989,0.16111578047275543,0.5217402539373639,0.24301108717918396
2525,0.2113000601530075,0.9429589509963989,0.1596260368824005,0.5179335128161849,0.24412763118743896
2550,0.21025316417217255,0.9434046149253845,0.15798304975032806,0.514015678099136,0.24523307383060455
2575,0.20922496914863586,0.9434046149253845,0.15647423267364502,0.5104209797699779,0.2463269829750061
2600,0.20821398496627808,0.9434046149253845,0.1551012545824051,0.5068877777258481,0.2474103569984436
2625,0.20721963047981262,0.9434046149253845,0.15370558202266693,0.5034267174863941,0.24848364293575287
2650,0.20624111592769623,0.9434046149253845,0.15229874849319458,0.4998721751700825,0.2495473176240921
2675,0.2052784413099289,0.9434046149253845,0.15092338621616364,0.49646471752489346,0.2506011724472046
2700,0.2043311893939972,0.9434046149253845,0.1496182233095169,0.4931643005076791,0.25164562463760376
2725,0.20339921116828918,0.9434046149253845,0.14823074638843536,0.48975405841479597,0.25268036127090454
2750,0.2024824172258377,0.9438502192497253,0.14698542654514313,0.4863268038353072,0.25370559096336365
2775,0.20157954096794128,0.9438502192497253,0.145734503865242,0.4832876451558932,0.254721999168396
2800,0.20069074630737305,0.9438502192497253,0.14443090558052063,0.48004886501988875,0.2557292878627777
2825,0.19981588423252106,0.9438502192497253,0.14315935969352722,0.47682310225880586,0.2567274272441864
2850,0.19895467162132263,0.9438502192497253,0.1419169306755066,0.4736128210988395,0.2577165961265564
2875,0.19810649752616882,0.9438502192497253,0.14080050587654114,0.47064651095839494,0.2586972713470459
2900,0.1972711980342865,0.9438502192497253,0.13961409032344818,0.4676146839074109,0.2596694529056549
2925,0.1964486837387085,0.9438502192497253,0.13837480545043945,0.46433847867331973,0.2606331408023834
2950,0.19563902914524078,0.9438502192497253,0.13722650706768036,0.46127519654926397,0.2615881860256195
2975,0.19484156370162964,0.9438502192497253,0.1360965073108673,0.4582793112815059,0.26253488659858704
3000,0.19405606389045715,0.9438502192497253,0.13494758307933807,0.4552862643774021,0.2634735703468323
3025,0.19328252971172333,0.9447414875030518,0.13391552865505219,0.4523085772137012,0.26440396904945374
3050,0.1925201565027237,0.9442958831787109,0.13284718990325928,0.44937504260579714,0.2653268873691559
3075,0.1917688101530075,0.9442958831787109,0.13174816966056824,0.44648847060216207,0.2662421762943268
3100,0.19102796912193298,0.9447414875030518,0.13082823157310486,0.44391327546272386,0.2671501636505127
3125,0.1902974396944046,0.9451871514320374,0.12980619072914124,0.44114132113199817,0.26805102825164795
3150,0.18957728147506714,0.9451871514320374,0.12875765562057495,0.4384872381114034,0.26894450187683105
3175,0.18886740505695343,0.9451871514320374,0.12777531147003174,0.4357166617896468,0.2698306739330292
3200,0.18816740810871124,0.9451871514320374,0.1268027126789093,0.4330453810314503,0.27070996165275574
3225,0.18747730553150177,0.9456327557563782,0.12581007182598114,0.43031372821878844,0.27158233523368835
3250,0.18679718673229218,0.9456327557563782,0.12483291327953339,0.427610300166465,0.27244752645492554
3275,0.18612636625766754,0.9456327557563782,0.1238875761628151,0.4250550359180246,0.2733062207698822
3300,0.18546462059020996,0.9456327557563782,0.12299969792366028,0.42258719570455033,0.2741580903530121
3325,0.18481183052062988,0.9460784196853638,0.12208240479230881,0.42006139334063963,0.2750035226345062
3350,0.18416772782802582,0.9465240240097046,0.12119859457015991,0.41753708281778834,0.27584266662597656
3375,0.18353213369846344,0.9465240240097046,0.12038441002368927,0.41508798054653034,0.2766754925251007
3400,0.18290464580059052,0.9465240240097046,0.11951345205307007,0.41271764749722123,0.2775028645992279
3425,0.1822855919599533,0.9460784196853638,0.11865309625864029,0.4102040349540512,0.27832403779029846
3450,0.18167491257190704,0.9460784196853638,0.11777603626251221,0.40770640288768933,0.27913904190063477
3475,0.18107211589813232,0.9465240240097046,0.11699406057596207,0.40541107172425694,0.27994832396507263
3500,0.1804770976305008,0.9465240240097046,0.11614195257425308,0.4030162351283422,0.2807517647743225
3525,0.17988988757133484,0.9465240240097046,0.11532808095216751,0.400653742838332,0.2815493941307068
3550,0.17931057512760162,0.9465240240097046,0.1145118847489357,0.3982710070975231,0.2823409140110016
3575,0.17873868346214294,0.9465240240097046,0.1136787161231041,0.3959566289060552,0.28312692046165466
3600,0.17817434668540955,0.9465240240097046,0.11286517977714539,0.39361494909980876,0.2839069366455078
3625,0.17761686444282532,0.9465240240097046,0.11218401044607162,0.39144909197056876,0.28468167781829834
3650,0.17706632614135742,0.9465240240097046,0.11141463369131088,0.3892219019412226,0.2854510247707367
3675,0.17652255296707153,0.9465240240097046,0.11067773401737213,0.38707252082924837,0.28621500730514526
3700,0.17598555982112885,0.9465240240097046,0.10981561988592148,0.38495699448556553,0.2869736850261688
3725,0.17545586824417114,0.9465240240097046,0.10906429588794708,0.3828170493442501,0.2877260744571686
3750,0.17493285238742828,0.9465240240097046,0.10828759521245956,0.38053633038397816,0.28847312927246094
3775,0.17441627383232117,0.9465240240097046,0.10762684792280197,0.37855954446921297,0.28921470046043396
3800,0.17390595376491547,0.9465240240097046,0.10690837353467941,0.3763699814050287,0.2899513244628906
3825,0.17340202629566193,0.9465240240097046,0.1061721220612526,0.37423387365624744,0.29068276286125183
3850,0.17290465533733368,0.9465240240097046,0.10537334531545639,0.3722220495383927,0.2914087176322937
3875,0.1724136471748352,0.9465240240097046,0.10467605292797089,0.370220604229165,0.2921292185783386
3900,0.17192839086055756,0.9465240240097046,0.10400641709566116,0.368211453848525,0.2928449511528015
3925,0.17144884169101715,0.9465240240097046,0.1033773198723793,0.36637115313298346,0.29355600476264954
3950,0.17097459733486176,0.9465240240097046,0.10274309664964676,0.3644632378500193,0.294262558221817
3975,0.17050588130950928,0.9460784196853638,0.10206878930330276,0.3625748730729584,0.29496440291404724
4000,0.17004276812076569,0.9460784196853638,0.10139492154121399,0.36063526487961933,0.2956613600254059
4025,0.16958527266979218,0.9460784196853638,0.10074402391910553,0.35869050201565517,0.29635342955589294
4050,0.16913291811943054,0.9460784196853638,0.10014946758747101,0.35676653862881397,0.29704129695892334
4075,0.1686859428882599,0.9460784196853638,0.09949054569005966,0.35483948817331795,0.29772448539733887
4100,0.1682443618774414,0.9460784196853638,0.09885021299123764,0.35294970745004456,0.298403263092041
4125,0.16780781745910645,0.9460784196853638,0.09828263521194458,0.35117913053204275,0.29907774925231934
4150,0.16737569868564606,0.9460784196853638,0.09772634506225586,0.34954288650512844,0.2997485101222992
4175,0.1669483333826065,0.9460784196853638,0.09714049100875854,0.3477648820717953,0.30041515827178955
4200,0.16652576625347137,0.9456327557563782,0.0965670496225357,0.34596658094477867,0.30107763409614563
4225,0.16610783338546753,0.9456327557563782,0.09600355476140976,0.344257080254649,0.30173614621162415
4250,0.16569450497627258,0.9456327557563782,0.09544594585895538,0.34249787745563254,0.3023906350135803
4275,0.1652858406305313,0.9456327557563782,0.09486345201730728,0.34074668366393196,0.3030409514904022
4300,0.1648816019296646,0.9456327557563782,0.09430161863565445,0.33904597579964096,0.30368736386299133
4325,0.16448213160037994,0.9456327557563782,0.09367605298757553,0.33728178563981054,0.3043293058872223
4350,0.1640872061252594,0.9456327557563782,0.0931570753455162,0.3356357053750943,0.30496692657470703
4375,0.1636958122253418,0.9456327557563782,0.09272126853466034,0.3341123290398569,0.30560189485549927
4400,0.16330862045288086,0.9456327557563782,0.09214971214532852,0.3324507450227412,0.3062330186367035
4425,0.16292575001716614,0.9456327557563782,0.09159304201602936,0.33074786069159573,0.3068602383136749
4450,0.16254715621471405,0.9456327557563782,0.0910455510020256,0.32904858041149976,0.3074834942817688
4475,0.16217277944087982,0.9460784196853638,0.0905265212059021,0.32740391404672264,0.3081027865409851
4500,0.16180254518985748,0.9460784196853638,0.0899730995297432,0.3257692380632773,0.3087182343006134
4525,0.1614363044500351,0.9460784196853638,0.08951488137245178,0.32414296558338807,0.3093299865722656
4550,0.16107383370399475,0.9460784196853638,0.08897362649440765,0.3225192054051102,0.3099380135536194
4575,0.16071541607379913,0.9465240240097046,0.08840053528547287,0.32094889430778945,0.3105420768260956
4600,0.16036103665828705,0.9465240240097046,0.08787642419338226,0.3193148753477239,0.31114205718040466
4625,0.16001060605049133,0.9465240240097046,0.0873401015996933,0.3177923562176007,0.3117382824420929
4650,0.15966370701789856,0.9465240240097046,0.08689321577548981,0.31632420946187245,0.3123311400413513
4675,0.15932023525238037,0.9465240240097046,0.08646336942911148,0.3149426579473033,0.3129208981990814
4700,0.15898022055625916,0.9465240240097046,0.08592481166124344,0.31342834593455987,0.3135073482990265
4725,0.15864385664463043,0.9465240240097046,0.08537793904542923,0.31185785509595004,0.31409019231796265
4750,0.15831142663955688,0.9465240240097046,0.08488733321428299,0.31034278497042317,0.3146689236164093
4775,0.1579824984073639,0.9465240240097046,0.08439438790082932,0.308813980058635,0.315244197845459
4800,0.1576571762561798,0.9465240240097046,0.08390991389751434,0.30734461364910753,0.3158157169818878
4825,0.157335102558136,0.9465240240097046,0.08346030116081238,0.30594664885957434,0.31638389825820923
4850,0.15701627731323242,0.9465240240097046,0.08301769196987152,0.30445948616923146,0.31694886088371277
4875,0.15670068562030792,0.9465240240097046,0.0826299637556076,0.30305797692806263,0.317510724067688
4900,0.156388059258461,0.9465240240097046,0.08218523114919662,0.3016770096833121,0.3180696964263916
4925,0.15607844293117523,0.9465240240097046,0.08175913989543915,0.30034050039744,0.3186255693435669
4950,0.15577174723148346,0.9465240240097046,0.08133628219366074,0.2990209643546019,0.31917837262153625
4975,0.15546815097332,0.9465240240097046,0.08093715459108353,0.2976780284328631,0.3197280764579773
5000,0.15516740083694458,0.9465240240097046,0.08046091347932816,0.2963292849403389,0.32027488946914673
5025,0.15486988425254822,0.9465240240097046,0.07999241352081299,0.29499752861767875,0.3208180367946625
5050,0.15457534790039062,0.9465240240097046,0.0795721635222435,0.29369587579173784,0.32135793566703796
5075,0.15428371727466583,0.9465240240097046,0.07915830612182617,0.29234339601242293,0.32189488410949707
5100,0.15399496257305145,0.9465240240097046,0.07875023782253265,0.291052689504276,0.32242873311042786
5125,0.15370891988277435,0.9465240240097046,0.07832511514425278,0.28975283160889154,0.3229595422744751
5150,0.15342560410499573,0.9465240240097046,0.07794371992349625,0.28844502299400987,0.32348737120628357
5175,0.15314508974552155,0.9465240240097046,0.07753641158342361,0.2871354847209588,0.32401230931282043
5200,0.15286727249622345,0.9465240240097046,0.0771520584821701,0.2858231300761172,0.3245345950126648
5225,0.15259215235710144,0.9465240240097046,0.07674766331911087,0.28470022349330426,0.3250540792942047
5250,0.15231953561306,0.9465240240097046,0.07631871849298477,0.2834322664733888,0.3255707025527954
5275,0.15204951167106628,0.9465240240097046,0.07595891505479813,0.2822423105579494,0.32608455419540405
5300,0.15178202092647552,0.9465240240097046,0.0755700170993805,0.2810501124039016,0.326595664024353
5325,0.1515170931816101,0.9465240240097046,0.07519421726465225,0.27985069739196883,0.3271040618419647
5350,0.1512545794248581,0.9465240240097046,0.07482651621103287,0.27871681406269344,0.3276097774505615
5375,0.1509944200515747,0.9465240240097046,0.0744677484035492,0.27751621492844886,0.3281129002571106
5400,0.15073661506175995,0.9460784196853638,0.07407829165458679,0.2762809684240562,0.32861343026161194
5425,0.1504812389612198,0.9460784196853638,0.07377906143665314,0.2752382001410941,0.32911133766174316
5450,0.15022790431976318,0.9460784196853638,0.07343219220638275,0.27405495071653085,0.3296070098876953
5475,0.14997705817222595,0.9456327557563782,0.07300270348787308,0.27270950484835293,0.330099880695343
5500,0.14972873032093048,0.9460784196853638,0.07266857475042343,0.27154714106065114,0.33058980107307434
5525,0.1494826078414917,0.9460784196853638,0.07231175154447556,0.27041697514721097,0.33107733726501465
5550,0.14923878014087677,0.9460784196853638,0.07192493230104446,0.2692001681586559,0.3315623104572296
5575,0.14899729192256927,0.9465240240097046,0.07157959043979645,0.2681005372216507,0.33204466104507446
5600,0.1487579643726349,0.9465240240097046,0.07122603803873062,0.2669572760790063,0.33252429962158203
5625,0.14852078258991241,0.9465240240097046,0.07090384513139725,0.2658673652950517,0.3330015242099762
5650,0.1482856422662735,0.9465240240097046,0.07057202607393265,0.2648155529898918,0.33347633481025696
5675,0.1480524092912674,0.9465240240097046,0.07028263062238693,0.2638208073289376,0.33394908905029297
5700,0.14782121777534485,0.9465240240097046,0.0699135959148407,0.26272373029148643,0.3344193994998932
5725,0.14759214222431183,0.9465240240097046,0.0695899948477745,0.26163303672830884,0.33488723635673523
5750,0.14736506342887878,0.9465240240097046,0.06926513463258743,0.2605550093427901,0.33535271883010864
5775,0.1471400409936905,0.9465240240097046,0.0689258724451065,0.2594650617607575,0.33581581711769104
5800,0.14691701531410217,0.9465240240097046,0.06862035393714905,0.25844632781651855,0.3362765610218048
5825,0.14669585227966309,0.9465240240097046,0.06830533593893051,0.25740019440584255,0.33673521876335144
5850,0.1464766412973404,0.9469696879386902,0.06798399239778519,0.25633082588010797,0.337191641330719
5875,0.14625932276248932,0.9469696879386902,0.06771369278430939,0.2552494390224581,0.33764591813087463
5900,0.1460437774658203,0.9469696879386902,0.06741058826446533,0.25423249119079844,0.3380982577800751
5925,0.14583003520965576,0.9469696879386902,0.0671425387263298,0.25321002222148686,0.3385484516620636
5950,0.14561811089515686,0.9469696879386902,0.06682266294956207,0.25218435773506026,0.3389964997768402
5975,0.1454080045223236,0.9469696879386902,0.06649748235940933,0.2512313891958844,0.33944228291511536
6000,0.1451997011899948,0.9469696879386902,0.06619705259799957,0.25022355049626804,0.3398858308792114
6025,0.14499317109584808,0.9469696879386902,0.06592592597007751,0.24924446318534887,0.34032732248306274
6050,0.14478830993175507,0.9469696879386902,0.06563368439674377,0.24818836615404385,0.3407668173313141
6075,0.14458513259887695,0.9469696879386902,0.06539174169301987,0.2472300206244118,0.34120431542396545
6100,0.14438354969024658,0.9469696879386902,0.06511920690536499,0.24629799662517055,0.3416399359703064
6125,0.14418357610702515,0.9469696879386902,0.06483227014541626,0.2453101848009372,0.34207355976104736
6150,0.14398528635501862,0.9469696879386902,0.06454747915267944,0.2443371831041486,0.34250515699386597
6175,0.14378860592842102,0.9469696879386902,0.06427434086799622,0.24339560985357264,0.342934787273407
6200,0.14359349012374878,0.9469696879386902,0.0640173852443695,0.2425103285164037,0.343362420797348
6225,0.14339999854564667,0.9469696879386902,0.06370485574007034,0.24158796811044952,0.3437877893447876
6250,0.1432080864906311,0.947415292263031,0.06345074623823166,0.24078187844167054,0.3442111909389496
6275,0.14301759004592896,0.947415292263031,0.06318505853414536,0.23986249059882594,0.34463265538215637
6300,0.14282865822315216,0.947415292263031,0.06291605532169342,0.23896859809760493,0.34505218267440796
6325,0.14264103770256042,0.9478609561920166,0.06272413581609726,0.23806836994774447,0.34547004103660583
6350,0.1424548327922821,0.9478609561920166,0.06247726455330849,0.23716804657790638,0.3458862602710724
6375,0.14227047562599182,0.9478609561920166,0.06211615353822708,0.23592572624340874,0.34630024433135986
6400,0.14208774268627167,0.9478609561920166,0.061857208609580994,0.2350312102136836,0.3467123210430145
6425,0.14190654456615448,0.9478609561920166,0.06157808378338814,0.23409468235596653,0.34712228178977966
6450,0.14172686636447906,0.9478609561920166,0.06131058186292648,0.23316225032678098,0.347530335187912
6475,0.14154864847660065,0.9478609561920166,0.0610472746193409,0.23236189541587893,0.3479364514350891
6500,0.14137186110019684,0.9478609561920166,0.06076870858669281,0.23139327346675245,0.348340779542923
6525,0.14119656383991241,0.9478609561920166,0.060516681522130966,0.23050957936039207,0.348743200302124
6550,0.14102265238761902,0.9478609561920166,0.060277797281742096,0.22974264153726082,0.3491438031196594
6575,0.1408499926328659,0.9478609561920166,0.06003138795495033,0.2289386608452085,0.3495425581932068
6600,0.14067865908145905,0.9478609561920166,0.059777263551950455,0.2280769367406616,0.3499394953250885
6625,0.1405087411403656,0.9478609561920166,0.059516794979572296,0.2272478929299311,0.3503345251083374
6650,0.14034005999565125,0.9478609561920166,0.05929458141326904,0.2264462170820708,0.3507278263568878
6675,0.14017266035079956,0.9478609561920166,0.05905492231249809,0.2256375956301005,0.35111933946609497
6700,0.14000657200813293,0.9478609561920166,0.05881490185856819,0.22479118878457705,0.3515092134475708
6725,0.13984176516532898,0.9478609561920166,0.05858323350548744,0.22396852277772855,0.35189735889434814
6750,0.13967816531658173,0.9483065605163574,0.05835593491792679,0.2232199493061496,0.3522838354110718
6775,0.13951566815376282,0.9483065605163574,0.05811570584774017,0.22245183109708527,0.35266873240470886
6800,0.13935454189777374,0.9483065605163574,0.057888392359018326,0.2216416501254617,0.35305172204971313
6825,0.13919466733932495,0.9483065605163574,0.057614460587501526,0.22087844021320785,0.35343295335769653
6850,0.13903601467609406,0.9483065605163574,0.057381771504879,0.22009956589895976,0.3538123071193695
6875,0.13887852430343628,0.9483065605163574,0.05719851702451706,0.21946548476081473,0.35419002175331116
6900,0.13872215151786804,0.9483065605163574,0.05693753808736801,0.21862298967555988,0.3545660376548767
6925,0.1385669857263565,0.9483065605163574,0.0567169189453125,0.2178859295271491,0.3549403250217438
6950,0.1384129524230957,0.9483065605163574,0.05649450048804283,0.21712566116027354,0.3553130328655243
6975,0.13826008141040802,0.9483065605163574,0.05626634135842323,0.2163347244641852,0.35568419098854065
7000,0.13810831308364868,0.9483065605163574,0.05605892091989517,0.21553364302249098,0.3560539186000824
7025,0.13795770704746246,0.9483065605163574,0.05584307760000229,0.21472295026514196,0.35642218589782715
7050,0.13780823349952698,0.9483065605163574,0.05563388019800186,0.213965921338742,0.3567889332771301
7075,0.13765984773635864,0.9483065605163574,0.055407412350177765,0.21325705066451917,0.35715413093566895
7100,0.13751263916492462,0.9483065605163574,0.05517373979091644,0.2124546818379804,0.357517808675766
7125,0.1373666524887085,0.9483065605163574,0.05492832139134407,0.21166159643496005,0.3578798472881317
7150,0.13722175359725952,0.9483065605163574,0.054714545607566833,0.21087813982747952,0.35824039578437805
7175,0.1370779424905777,0.9483065605163574,0.05450699105858803,0.2101393937749696,0.3585994243621826
7200,0.13693515956401825,0.9483065605163574,0.05432445928454399,0.20942352842107578,0.3589570224285126
7225,0.1367933601140976,0.9483065605163574,0.05411441996693611,0.20867418293282217,0.35931330919265747
7250,0.1366526186466217,0.9483065605163574,0.053951893001794815,0.20800926649798832,0.35966819524765015
7275,0.13651281595230103,0.9483065605163574,0.05372871086001396,0.2072664713826367,0.36002177000045776
7300,0.13637390732765198,0.9483065605163574,0.053533148020505905,0.2066690665533103,0.36037373542785645
7325,0.1362360119819641,0.9483065605163574,0.05333419889211655,0.20595966652011047,0.36072418093681335
7350,0.13609911501407623,0.9483065605163574,0.053133368492126465,0.20521703277881784,0.36107322573661804
7375,0.13596321642398834,0.9483065605163574,0.052930042147636414,0.20454754204119283,0.3614208400249481
7400,0.13582830131053925,0.9483065605163574,0.052757378667593,0.20388705100720558,0.3617670238018036
7425,0.13569426536560059,0.9483065605163574,0.05254083499312401,0.2031409936941951,0.36211198568344116
7450,0.13556106388568878,0.9483065605163574,0.05237733945250511,0.20258813283161575,0.36245545744895935
7475,0.135428786277771,0.9483065605163574,0.052182555198669434,0.2019585264872422,0.36279764771461487
7500,0.13529735803604126,0.9483065605163574,0.05202187970280647,0.2013104862076279,0.36313849687576294
7525,0.13516683876514435,0.9483065605163574,0.0518450029194355,0.20069806865060708,0.3634779751300812
7550,0.1350371241569519,0.9483065605163574,0.05165642499923706,0.20004720040598492,0.3638162314891815
7575,0.1349082887172699,0.9483065605163574,0.05148923769593239,0.19939221954509445,0.36415305733680725
7600,0.13478033244609833,0.948752224445343,0.051296938210725784,0.1986727928537914,0.3644885718822479
7625,0.13465331494808197,0.948752224445343,0.0511089563369751,0.1979400257439526,0.3648226857185364
7650,0.13452722132205963,0.948752224445343,0.0509260930120945,0.1972732154128041,0.3651556968688965
7675,0.13440203666687012,0.948752224445343,0.050702597945928574,0.19662214313388937,0.36548730731010437
7700,0.13427777588367462,0.9483065605163574,0.05052895098924637,0.19595097367603942,0.36581742763519287
7725,0.13415436446666718,0.9483065605163574,0.050355397164821625,0.19529806643432218,0.3661462962627411
7750,0.13403169810771942,0.9483065605163574,0.050198182463645935,0.19466434717920902,0.3664740324020386
7775,0.1339099258184433,0.9483065605163574,0.050014298409223557,0.19402202612513106,0.3668002784252167
7800,0.13378901779651642,0.9483065605163574,0.049834925681352615,0.19333691479771342,0.3671253025531769
7825,0.1336688995361328,0.9483065605163574,0.049645308405160904,0.1927260942537328,0.36744922399520874
7850,0.1335497498512268,0.9483065605163574,0.049436841160058975,0.1921027561933018,0.3677716553211212
7875,0.1334313601255417,0.9483065605163574,0.04926474019885063,0.1914797683100408,0.3680928647518158
7900,0.1333138346672058,0.9483065605163574,0.04909558966755867,0.19080159899342009,0.3684127926826477
7925,0.1331970989704132,0.9483065605163574,0.048902422189712524,0.1901504316685825,0.3687315881252289
7950,0.13308095932006836,0.9483065605163574,0.04892844334244728,0.18988481273118413,0.3690493702888489
7975,0.13296517729759216,0.9483065605163574,0.04874560981988907,0.18924275714748948,0.36936649680137634
8000,0.13285019993782043,0.9478609561920166,0.04856356978416443,0.18865697736810996,0.3696824014186859
8025,0.13273607194423676,0.9478609561920166,0.04835885390639305,0.1880106354305684,0.36999693512916565
8050,0.13262273371219635,0.9478609561920166,0.048187505453825,0.1874216167863895,0.370309978723526
8075,0.13251018524169922,0.9478609561920166,0.048027653247117996,0.18677502057375592,0.37062180042266846
8100,0.1323983371257782,0.9478609561920166,0.04793112352490425,0.18615822520562914,0.37093260884284973
8125,0.13228711485862732,0.9483065605163574,0.04773109406232834,0.18554932827381845,0.37124255299568176
8150,0.1321767419576645,0.9483065605163574,0.04756704717874527,0.18497938359847996,0.3715510964393616
8175,0.13206705451011658,0.9483065605163574,0.04740647226572037,0.1843476975352171,0.37185847759246826
8200,0.13195811212062836,0.948752224445343,0.04724759981036186,0.18376554737162984,0.3721647560596466
8225,0.13184988498687744,0.948752224445343,0.04708388075232506,0.18317068202285108,0.372469961643219
8250,0.1317424178123474,0.948752224445343,0.04690461605787277,0.18259869235350001,0.3727738857269287
8275,0.1316356360912323,0.948752224445343,0.046769510954618454,0.18201568516325783,0.3730766773223877
8300,0.1315295398235321,0.948752224445343,0.046599481254816055,0.18147979328846964,0.37337836623191833
8325,0.13142414391040802,0.948752224445343,0.046443767845630646,0.18087514945130576,0.37367886304855347
8350,0.13131943345069885,0.948752224445343,0.046284109354019165,0.1802572762066737,0.3739781975746155
8375,0.13121546804904938,0.948752224445343,0.046121444553136826,0.1796863544724855,0.3742763102054596
8400,0.13111212849617004,0.948752224445343,0.0459744893014431,0.17912552351438085,0.374573290348053
8425,0.13100948929786682,0.948752224445343,0.04582538828253746,0.17857947748306358,0.3748691976070404
8450,0.13090747594833374,0.948752224445343,0.04568523168563843,0.1779629538057919,0.3751641511917114
8475,0.1308061182498932,0.948752224445343,0.04553753510117531,0.17744066581429682,0.37545785307884216
8500,0.13070540130138397,0.948752224445343,0.045392777770757675,0.17690887590157758,0.3757505416870117
8525,0.13060526549816132,0.948752224445343,0.045254070311784744,0.17643197688139065,0.3760421872138977
8550,0.1305057555437088,0.948752224445343,0.045100778341293335,0.17585493511804542,0.3763329088687897
8575,0.13040691614151,0.948752224445343,0.04494862258434296,0.17528661719509547,0.3766225278377533
8600,0.13030868768692017,0.948752224445343,0.044807951897382736,0.1747603106284066,0.37691110372543335
8625,0.1302109956741333,0.948752224445343,0.044691819697618484,0.17431473544174775,0.37719881534576416
8650,0.1301138550043106,0.948752224445343,0.044557251036167145,0.1738386484383916,0.37748560309410095
8675,0.13001734018325806,0.948752224445343,0.04440070688724518,0.17346368870568904,0.3777710795402527
8700,0.1299213021993637,0.948752224445343,0.044260669499635696,0.172982478638194,0.378055602312088
8725,0.12982586026191711,0.948752224445343,0.04411996155977249,0.17246745412376918,0.37833911180496216
8750,0.12973101437091827,0.948752224445343,0.04398012161254883,0.17194560682885687,0.3786216080188751
8775,0.12963677942752838,0.948752224445343,0.043828338384628296,0.17138441050295491,0.3789031207561493
8800,0.12954317033290863,0.948752224445343,0.04367682337760925,0.17081680666129787,0.37918370962142944
8825,0.12945015728473663,0.948752224445343,0.04354143142700195,0.1703106075571504,0.379463255405426
8850,0.12935771048069,0.948752224445343,0.04341883584856987,0.16981183043306963,0.3797418177127838
8875,0.12926582992076874,0.948752224445343,0.04326842725276947,0.16930929165859263,0.3800193965435028
8900,0.12917448580265045,0.948752224445343,0.043156418949365616,0.16878346274853448,0.38029593229293823
8925,0.12908363342285156,0.948752224445343,0.043055303394794464,0.16835811383769028,0.380571573972702
8950,0.12899328768253326,0.948752224445343,0.04292552173137665,0.16776525024923494,0.38084617257118225
8975,0.12890349328517914,0.948752224445343,0.042821500450372696,0.16729724748253597,0.3811199963092804
9000,0.12881417572498322,0.948752224445343,0.042699117213487625,0.16681579314403233,0.3813929855823517
9025,0.12872536480426788,0.948752224445343,0.04257093369960785,0.16634695417415787,0.38166511058807373
9050,0.12863709032535553,0.948752224445343,0.04243454709649086,0.16581265369916284,0.38193631172180176
9075,0.12854939699172974,0.9483065605163574,0.042307402938604355,0.1653346221281071,0.38220658898353577
9100,0.12846219539642334,0.9483065605163574,0.04220130294561386,0.16480914942594405,0.3824760317802429
9125,0.12837539613246918,0.9483065605163574,0.04210209846496582,0.16436788492443427,0.38274502754211426
9150,0.1282891035079956,0.9483065605163574,0.04197859391570091,0.16390668604717346,0.38301318883895874
9175,0.12820330262184143,0.9483065605163574,0.04185647889971733,0.16344526928567144,0.383280485868454
9200,0.12811802327632904,0.9483065605163574,0.04172883182764053,0.16292162706110613,0.3835468590259552
9225,0.12803326547145844,0.9483065605163574,0.041569460183382034,0.16235402006490104,0.38381221890449524
9250,0.1279488056898117,0.9483065605163574,0.041535645723342896,0.16220018305310402,0.3840760588645935
9275,0.1278647780418396,0.9483065605163574,0.04143082723021507,0.16174502135700455,0.38433900475502014
9300,0.1277812421321869,0.9483065605163574,0.041303932666778564,0.16124095818120235,0.38460099697113037
9325,0.12769824266433716,0.9483065605163574,0.0411754734814167,0.1607408240423005,0.38486233353614807
9350,0.12761563062667847,0.9483065605163574,0.041063811630010605,0.16036775122385424,0.3851228952407837
9375,0.12753352522850037,0.9483065605163574,0.040933940559625626,0.1599398413790657,0.3853825628757477
9400,0.12745189666748047,0.9483065605163574,0.04081844910979271,0.15941161816406343,0.38564133644104004
9425,0.12737077474594116,0.9483065605163574,0.040691979229450226,0.15905914955932912,0.38589927554130554
9450,0.12729009985923767,0.9483065605163574,0.04058216139674187,0.15856106034772907,0.38615626096725464
9475,0.1272098869085312,0.9483065605163574,0.04046199843287468,0.15812474363128315,0.38641247153282166
9500,0.1271301805973053,0.9483065605163574,0.040307700634002686,0.15762478030399713,0.3866676986217499
9525,0.1270509660243988,0.9483065605163574,0.04018208757042885,0.15717277308450306,0.38692206144332886
9550,0.12697218358516693,0.9483065605163574,0.040075041353702545,0.15675731223654732,0.3871755301952362
9575,0.12689384818077087,0.9483065605163574,0.0399579294025898,0.15632153039091123,0.3874281942844391
9600,0.12681595981121063,0.9483065605163574,0.0398825965821743,0.15586126060849476,0.38768020272254944
9625,0.12673845887184143,0.948752224445343,0.039769046008586884,0.15545747437407073,0.3879314363002777
9650,0.12666137516498566,0.948752224445343,0.039660416543483734,0.1550313495943705,0.3881819546222687
9675,0.1265847086906433,0.948752224445343,0.0395418256521225,0.1544933384508672,0.3884316682815552
9700,0.12650854885578156,0.9491978287696838,0.0394425168633461,0.15401903295253877,0.38868048787117004
9725,0.12643277645111084,0.9491978287696838,0.03934434428811073,0.15365090484009422,0.38892862200737
9750,0.12635739147663116,0.9491978287696838,0.039230793714523315,0.15321110853434777,0.38917601108551025
9775,0.1262824386358261,0.9491978287696838,0.039122115820646286,0.15278339974945632,0.38942256569862366
9800,0.12620791792869568,0.9491978287696838,0.039008185267448425,0.1524024041468047,0.389668345451355
9825,0.12613379955291748,0.9496434926986694,0.03888459503650665,0.15194199988285323,0.38991326093673706
9850,0.12605994939804077,0.9496434926986694,0.03888803720474243,0.15160817961546727,0.39015769958496094
9875,0.12598642706871033,0.9496434926986694,0.03878690302371979,0.15121499576214886,0.3904014825820923
9900,0.1259133219718933,0.9496434926986694,0.03866291791200638,0.15078865307611716,0.39064446091651917
9925,0.12584064900875092,0.9496434926986694,0.03856394812464714,0.15034390827756208,0.3908865451812744
9950,0.12576830387115479,0.9496434926986694,0.03848641365766525,0.1500885424451489,0.39112791419029236
9975,0.12569628655910492,0.9496434926986694,0.038377221673727036,0.14972767639680987,0.39136847853660583
10000,0.12562449276447296,0.9491978287696838,0.038342736661434174,0.14932668999405893,0.3916086256504059
10025,0.12555307149887085,0.9491978287696838,0.03830721601843834,0.1488930972642499,0.3918481171131134
10050,0.12548185884952545,0.9491978287696838,0.0382392518222332,0.14852954150233685,0.39208725094795227
10075,0.1254110187292099,0.9491978287696838,0.038132768124341965,0.14819148373625873,0.39232566952705383
10100,0.125340536236763,0.9491978287696838,0.03803962841629982,0.14776386336573932,0.3925633430480957
10125,0.12527044117450714,0.9491978287696838,0.037939053028821945,0.14737830880472744,0.39280033111572266
10150,0.12520068883895874,0.9491978287696838,0.03784051537513733,0.14704040960486206,0.3930366039276123
10175,0.125131294131279,0.9491978287696838,0.03773992136120796,0.1466113182587897,0.3932722806930542
10200,0.12506230175495148,0.9491978287696838,0.03760739043354988,0.14620288146006163,0.393507182598114
10225,0.12499372661113739,0.9491978287696838,0.037508346140384674,0.14580941365379094,0.39374127984046936
10250,0.12492550909519196,0.9491978287696838,0.03744535148143768,0.145571920540559,0.39397475123405457
10275,0.12485752999782562,0.9491978287696838,0.03735547140240669,0.14516028276387943,0.39420759677886963
10300,0.12478982657194138,0.9491978287696838,0.03730978071689606,0.14485128216274304,0.3944399356842041
10325,0.1247224286198616,0.9491978287696838,0.03721005842089653,0.14442461414136673,0.394671767950058
10350,0.12465541064739227,0.9491978287696838,0.03707773983478546,0.14406745189040138,0.3949027955532074
10375,0.12458877265453339,0.9491978287696838,0.03698749840259552,0.14370740358734999,0.39513295888900757
10400,0.12452246248722076,0.9491978287696838,0.03688934072852135,0.14344385080873906,0.3953624665737152
10425,0.12445647269487381,0.9491978287696838,0.03680430352687836,0.14299822769421663,0.39559125900268555
10450,0.1243908554315567,0.9491978287696838,0.036697350442409515,0.1426711213625825,0.3958193361759186
10475,0.12432564795017242,0.9491978287696838,0.03658236563205719,0.14211330316505058,0.3960467576980591
10500,0.124260812997818,0.9491978287696838,0.03647483512759209,0.1418004359240216,0.39627349376678467
10525,0.12419631332159042,0.9491978287696838,0.036344289779663086,0.14144723581475033,0.39649954438209534
10550,0.12413224577903748,0.9491978287696838,0.0362435057759285,0.14087855412533817,0.39672476053237915
10575,0.1240684762597084,0.9491978287696838,0.03620778024196625,0.1406883112289201,0.3969496488571167
10600,0.12400496751070023,0.948752224445343,0.03608928620815277,0.14035034715722647,0.3971739113330841
10625,0.12394177913665771,0.948752224445343,0.036013033241033554,0.1400009752677498,0.39739760756492615
10650,0.12387889623641968,0.9491978287696838,0.035936202853918076,0.13968664353121168,0.39762064814567566
10675,0.1238163635134697,0.9491978287696838,0.03580598160624504,0.13928005431654938,0.3978429138660431
10700,0.12375421822071075,0.9491978287696838,0.03569675609469414,0.13886100100142743,0.39806443452835083
10725,0.12369239330291748,0.9491978287696838,0.03562799468636513,0.13843344436386365,0.3982853889465332
10750,0.12363086640834808,0.9496434926986694,0.03552304953336716,0.13817309751788262,0.39850568771362305
10775,0.12356965243816376,0.9496434926986694,0.03543568029999733,0.137677571563502,0.398725301027298
10800,0.12350881099700928,0.9496434926986694,0.03532841429114342,0.13739047339978175,0.3989441394805908
10825,0.12344825267791748,0.9496434926986694,0.03524360805749893,0.13705263095292466,0.3991624116897583
10850,0.12338797748088837,0.9496434926986694,0.035167716443538666,0.13674807845958772,0.3993801772594452
10875,0.12332799285650253,0.9496434926986694,0.03508145734667778,0.1363719726838518,0.3995973467826843
10900,0.12326829880475998,0.9496434926986694,0.034985415637493134,0.136004884638735,0.39981386065483093
10925,0.12320895493030548,0.9496434926986694,0.034922633320093155,0.1355674933319444,0.4000297486782074
10950,0.12314990162849426,0.9496434926986694,0.03482469543814659,0.13522783743486994,0.4002450108528137
10975,0.12309112399816513,0.9496434926986694,0.03475676476955414,0.13495492000424122,0.4004596471786499
11000,0.12303252518177032,0.9496434926986694,0.03471700847148895,0.13484764476440422,0.40067386627197266
11025,0.12297411262989044,0.9496434926986694,0.034633416682481766,0.13451213258843772,0.40088772773742676
11050,0.12291604280471802,0.9496434926986694,0.03450233116745949,0.13412964103161826,0.4011009931564331
11075,0.12285831570625305,0.9496434926986694,0.034417785704135895,0.13376902755730946,0.4013136923313141
11100,0.12280090898275375,0.9496434926986694,0.03434344753623009,0.13362774747988318,0.4015257656574249
11125,0.12274368107318878,0.9496434926986694,0.034219950437545776,0.1333651719664373,0.4017372727394104
11150,0.12268674373626709,0.9500890970230103,0.034166354686021805,0.13299167563498535,0.40194812417030334
11175,0.12263009697198868,0.9500890970230103,0.03404954448342323,0.13278994218102133,0.40215829014778137
11200,0.12257370352745056,0.9500890970230103,0.03396938368678093,0.13246647524845065,0.4023679792881012
11225,0.12251754850149155,0.9500890970230103,0.03389483690261841,0.1321700342110776,0.4025769829750061
11250,0.12246165424585342,0.9500890970230103,0.03381797671318054,0.13184352641443842,0.40278545022010803
11275,0.12240608781576157,0.9500890970230103,0.03371419757604599,0.1314574680947198,0.402993381023407
11300,0.12235081195831299,0.9500890970230103,0.033660586923360825,0.1310725703154473,0.4032007157802582
11325,0.12229573726654053,0.9500890970230103,0.03357325494289398,0.13085774967983949,0.4034075140953064
11350,0.12224098294973373,0.9500890970230103,0.03347805514931679,0.13046360805087312,0.40361374616622925
11375,0.12218648940324783,0.9500890970230103,0.033398889005184174,0.13016540497149534,0.40381935238838196
11400,0.12213227152824402,0.9500890970230103,0.03333527222275734,0.12988704844977814,0.4040244221687317
11425,0.12207825481891632,0.9500890970230103,0.03328000009059906,0.12949577070712054,0.4042290151119232
11450,0.1220245212316513,0.9505347609519958,0.03319074586033821,0.12916299079252244,0.4044329524040222
11475,0.12197103351354599,0.9509803652763367,0.03311340883374214,0.12885030265291444,0.40463632345199585
11500,0.12191780656576157,0.9509803652763367,0.03304670378565788,0.12850149122311888,0.40483909845352173
11525,0.12186478823423386,0.9509803652763367,0.03299574926495552,0.12823020715140693,0.40504127740859985
11550,0.12181208282709122,0.9509803652763367,0.03287268429994583,0.12788868507161216,0.405242919921875
11575,0.12175963819026947,0.9509803652763367,0.03278534859418869,0.1276121376066798,0.40544393658638
11600,0.12170746922492981,0.9509803652763367,0.032687969505786896,0.12738788000873197,0.40564435720443726
11625,0.12165552377700806,0.9509803652763367,0.032624177634716034,0.1270560400057982,0.40584424138069153
11650,0.12160378694534302,0.9509803652763367,0.032570332288742065,0.12676427729824066,0.40604349970817566
11675,0.12155232578516006,0.9509803652763367,0.03241531178355217,0.1264633941229623,0.40624210238456726
11700,0.1215011402964592,0.9509803652763367,0.032328713685274124,0.1263373955292079,0.40643975138664246
11725,0.12145022302865982,0.9505347609519958,0.03223083168268204,0.12598682127185745,0.40663668513298035
11750,0.12139955163002014,0.9505347609519958,0.032181791961193085,0.12569000170397193,0.40683308243751526
11775,0.12134909629821777,0.9505347609519958,0.032097723335027695,0.12543595032699684,0.4070289731025696
11800,0.12129885703325272,0.9505347609519958,0.03206775709986687,0.12507479893464893,0.40722423791885376
11825,0.12124882638454437,0.9505347609519958,0.03199700638651848,0.12478818812137808,0.4074190557003021
11850,0.12119901180267334,0.9505347609519958,0.03191496431827545,0.12464056685890365,0.4076133668422699
11875,0.12114939838647842,0.9505347609519958,0.0318777896463871,0.12423347802985853,0.4078071117401123
11900,0.12109996378421783,0.9505347609519958,0.0317881777882576,0.12410970860097366,0.4080004394054413
11925,0.12105076014995575,0.9505347609519958,0.0317356251180172,0.12371954683110072,0.40819329023361206
11950,0.12100175768136978,0.9505347609519958,0.03164565563201904,0.12351410856464497,0.40838560461997986
11975,0.12095300108194351,0.9505347609519958,0.03156839311122894,0.12323312260247188,0.4085772633552551
12000,0.12090446799993515,0.9505347609519958,0.031499043107032776,0.12294973553919561,0.40876835584640503
12025,0.1208561509847641,0.9505347609519958,0.03142920508980751,0.12266852796179252,0.40895897150039673
12050,0.12080805748701096,0.9505347609519958,0.031395263969898224,0.12226586635820225,0.40914902091026306
12075,0.12076017260551453,0.9505347609519958,0.03132665157318115,0.12198524293518179,0.4093385636806488
12100,0.1207125186920166,0.9505347609519958,0.03123839758336544,0.12167978088547388,0.40952765941619873
12125,0.12066510319709778,0.9505347609519958,0.031149372458457947,0.12151863943212081,0.4097162187099457
12150,0.12061792612075806,0.9505347609519958,0.031090842559933662,0.12108598592882508,0.40990424156188965
12175,0.12057095021009445,0.9505347609519958,0.03099740296602249,0.12094231020734068,0.41009172797203064
12200,0.12052419781684875,0.9505347609519958,0.030919430777430534,0.12064924505561006,0.4102787375450134
12225,0.12047766894102097,0.9505347609519958,0.030854055657982826,0.1203195860348979,0.4104650616645813
12250,0.12043134868144989,0.9505347609519958,0.030809294432401657,0.12003488163686257,0.41065099835395813
12275,0.12038523703813553,0.9505347609519958,0.030729711055755615,0.11979027925802582,0.410836398601532
12300,0.12033931910991669,0.9505347609519958,0.030633168295025826,0.11963674841751872,0.4110213816165924
12325,0.12029358744621277,0.9505347609519958,0.03059392049908638,0.11929095988190129,0.41120585799217224
12350,0.12024805694818497,0.9505347609519958,0.03049602173268795,0.11910496285140452,0.41138985753059387
12375,0.12020274251699448,0.9505347609519958,0.03045479580760002,0.11875255403347525,0.4115733206272125
12400,0.12015765905380249,0.9505347609519958,0.030373333021998405,0.11830910674889691,0.4117562472820282
12425,0.12011280655860901,0.9505347609519958,0.030294030904769897,0.11823701940399585,0.41193875670433044
12450,0.12006814777851105,0.9505347609519958,0.03025134652853012,0.1178895979468853,0.4121207594871521
12475,0.12002364546060562,0.9505347609519958,0.030166685581207275,0.11771384043827585,0.41230228543281555
12500,0.1199793666601181,0.9505347609519958,0.030100006610155106,0.1174491676253405,0.4124833643436432
12525,0.11993527412414551,0.9505347609519958,0.03006809949874878,0.1170159336095147,0.4126639664173126
12550,0.11989140510559082,0.9505347609519958,0.029980668798089027,0.11673808796820227,0.41284406185150146
12575,0.11984772235155106,0.9505347609519958,0.02991216629743576,0.11657017670170151,0.41302362084388733
12600,0.11980420351028442,0.9505347609519958,0.029860137030482292,0.11631730056663758,0.41320276260375977
12625,0.11976087093353271,0.9505347609519958,0.02980034239590168,0.11603117681467427,0.4133814871311188
12650,0.11971773952245712,0.9505347609519958,0.02976137399673462,0.11572214640558545,0.4135597050189972
12675,0.11967476457357407,0.9505347609519958,0.02977798879146576,0.11562623817082293,0.413737416267395
12700,0.11963178962469101,0.9505347609519958,0.029723884537816048,0.11539043967663477,0.41391515731811523
12725,0.11958898603916168,0.9505347609519958,0.029674870893359184,0.11508813319696612,0.4140925109386444
12750,0.11954638361930847,0.9505347609519958,0.02959846332669258,0.11481725108571027,0.41426944732666016
12775,0.11950397491455078,0.9505347609519958,0.029533803462982178,0.11451614374941833,0.41444575786590576
12800,0.1194617748260498,0.9505347609519958,0.029463404789566994,0.11429649880561546,0.41462162137031555
12825,0.11941955238580704,0.9505347609519958,0.029497895389795303,0.11436390237719794,0.4147966504096985
12850,0.11937747150659561,0.9505347609519958,0.02946104109287262,0.11397525777387407,0.41497111320495605
12875,0.11933556199073792,0.9505347609519958,0.029409784823656082,0.11374594082725273,0.4151451587677002
12900,0.11929382383823395,0.9505347609519958,0.029343165457248688,0.11359273977478195,0.41531893610954285
12925,0.11925216764211655,0.9505347609519958,0.029332125559449196,0.11329154681266757,0.4154922366142273
12950,0.11921069771051407,0.9505347609519958,0.029269326478242874,0.11304876039304601,0.4156651198863983
12975,0.11916942894458771,0.9505347609519958,0.029203198850154877,0.11279333535362386,0.4158375859260559
13000,0.11912830173969269,0.9505347609519958,0.0291666928678751,0.11255659408867566,0.41600972414016724
13025,0.1190873235464096,0.9505347609519958,0.029116524383425713,0.11233969567567324,0.41618138551712036
13050,0.11904650926589966,0.9505347609519958,0.029035890474915504,0.11218090919131933,0.4163525700569153
13075,0.11900585144758224,0.9505347609519958,0.028988879173994064,0.11197127259248858,0.4165235161781311
13100,0.11896532028913498,0.9505347609519958,0.028953876346349716,0.11164870309832504,0.4166940152645111
13125,0.11892496049404144,0.9505347609519958,0.028998572379350662,0.11161890873554786,0.41686421632766724
13150,0.11888457089662552,0.9505347609519958,0.028942495584487915,0.11138845220380952,0.41703417897224426
13175,0.11884435266256332,0.9505347609519958,0.028868749737739563,0.1111400087047686,0.4172036051750183
13200,0.11880430579185486,0.9505347609519958,0.028818709775805473,0.11090707695104168,0.41737261414527893
13225,0.11876440048217773,0.9505347609519958,0.028767922893166542,0.1106946544303474,0.4175412356853485
13250,0.11872465163469315,0.9505347609519958,0.028715625405311584,0.11057144412452294,0.4177093803882599
13275,0.11868500709533691,0.9505347609519958,0.02867048978805542,0.11031525639490539,0.41787710785865784
13300,0.11864554136991501,0.9505347609519958,0.028591154143214226,0.11021059004459118,0.4180445075035095
13325,0.11860620975494385,0.9505347609519958,0.02854105643928051,0.10985927638154176,0.41821151971817017
13350,0.1185670718550682,0.9505347609519958,0.028467604890465736,0.10974403281431207,0.41837820410728455
13375,0.11852805316448212,0.9505347609519958,0.0284440778195858,0.10948201916098148,0.41854432225227356
13400,0.11848918348550797,0.9505347609519958,0.028391629457473755,0.10925731477911833,0.4187100827693939
13425,0.11845048516988754,0.9505347609519958,0.028318976983428,0.10908735813902959,0.4188753664493561
13450,0.11841191351413727,0.9505347609519958,0.028272418305277824,0.10877201267798071,0.41904017329216003
13475,0.11837353557348251,0.9505347609519958,0.028221383690834045,0.10851708121259444,0.4192045032978058
13500,0.1183353066444397,0.9505347609519958,0.028143834322690964,0.10841619024291102,0.4193683862686157
13525,0.11829722672700882,0.9505347609519958,0.028111139312386513,0.10810527292348648,0.419531911611557
13550,0.11825928092002869,0.9505347609519958,0.028040584176778793,0.10793095240171244,0.4196949899196625
13575,0.11822152137756348,0.9505347609519958,0.027911005541682243,0.10761254332033883,0.4198576509952545
13600,0.11818405240774155,0.9505347609519958,0.027858175337314606,0.10732969195152213,0.4200197756290436
13625,0.11814673244953156,0.9505347609519958,0.027814717963337898,0.10707632305707723,0.4201815724372864
13650,0.1181095689535141,0.9505347609519958,0.0277619156986475,0.10679408145639337,0.4203431010246277
13675,0.11807256191968918,0.9505347609519958,0.027688318863511086,0.10663190256253782,0.4205041825771332
13700,0.1180357038974762,0.9505347609519958,0.027638638392090797,0.10641856494064354,0.4206649363040924
13725,0.11799902468919754,0.9505347609519958,0.02756958082318306,0.10615591388106785,0.42082518339157104
13750,0.1179625391960144,0.9505347609519958,0.027491705492138863,0.10588272527219247,0.4209849238395691
13775,0.1179262027144432,0.9505347609519958,0.02743823267519474,0.10566942636044732,0.4211442470550537
13800,0.11789000034332275,0.9505347609519958,0.02741749957203865,0.10548078539217111,0.4213032126426697
13825,0.11785387992858887,0.9505347609519958,0.027362994849681854,0.10530026121006339,0.42146188020706177
13850,0.1178179383277893,0.9505347609519958,0.027314376085996628,0.10511073552080794,0.42162013053894043
13875,0.11778213083744049,0.9509803652763367,0.027278034016489983,0.10471905629596212,0.42177802324295044
13900,0.11774647235870361,0.9509803652763367,0.027210550382733345,0.10460383168265072,0.4219355285167694
13925,0.11771093308925629,0.9509803652763367,0.02718520537018776,0.10428821225843479,0.4220927059650421
13950,0.11767552047967911,0.9514260292053223,0.027145396918058395,0.10412911320771341,0.42224958539009094
13975,0.11764022707939148,0.9514260292053223,0.027093419805169106,0.10402998936223896,0.42240604758262634
14000,0.11760503053665161,0.9514260292053223,0.02706649713218212,0.10374061564020637,0.42256221175193787
14025,0.11756999790668488,0.9514260292053223,0.027002988383173943,0.1034781625190145,0.4227179288864136
14050,0.11753515899181366,0.9514260292053223,0.026893217116594315,0.1033846085875921,0.42287302017211914
14075,0.11750045418739319,0.9514260292053223,0.026846690103411674,0.10318487634343906,0.4230276644229889
14100,0.11746588349342346,0.9514260292053223,0.02681213803589344,0.10294619968568136,0.4231818616390228
14125,0.11743141710758209,0.9514260292053223,0.026783350855112076,0.10264002582441539,0.4233356714248657
14150,0.11739709228277206,0.9514260292053223,0.02672966755926609,0.10240375375429125,0.42348915338516235
14175,0.11736287921667099,0.9514260292053223,0.026695042848587036,0.1023843452769941,0.42364248633384705
14200,0.11732874065637589,0.9514260292053223,0.026647377759218216,0.1022235045244908,0.423795610666275
14225,0.11729463189840317,0.9514260292053223,0.026653628796339035,0.10207927237368518,0.4239484965801239
14250,0.1172606498003006,0.9514260292053223,0.026601677760481834,0.10188792256295681,0.42410099506378174
14275,0.11722677201032639,0.9514260292053223,0.02658740244805813,0.10164658913591976,0.4242531657218933
14300,0.11719303578138351,0.9514260292053223,0.026508279144763947,0.10149915564148798,0.4244050085544586
14325,0.11715942621231079,0.9514260292053223,0.02646690234541893,0.1013092863986454,0.42455655336380005
14350,0.11712594330310822,0.9514260292053223,0.02642085589468479,0.10110965525091699,0.42470768094062805
14375,0.1170925423502922,0.9518716335296631,0.026400581002235413,0.10097589612929345,0.42485857009887695
14400,0.11705925315618515,0.9518716335296631,0.026364626362919807,0.10081039549809376,0.4250091314315796
14425,0.11702604591846466,0.9518716335296631,0.026345590129494667,0.10053485092754189,0.4251594543457031
14450,0.11699298024177551,0.9518716335296631,0.026279883459210396,0.1004346270103201,0.42530936002731323
14475,0.11696000397205353,0.9518716335296631,0.026236752048134804,0.10025305333500252,0.4254590570926666
14500,0.11692718416452408,0.9518716335296631,0.02615012601017952,0.09999724392833483,0.4256083071231842
14525,0.11689453572034836,0.9518716335296631,0.026108847931027412,0.09982331739633715,0.42575713992118835
14550,0.11686200648546219,0.9518716335296631,0.026062892749905586,0.09963370408245585,0.42590558528900146
14575,0.11682958155870438,0.9518716335296631,0.02604370377957821,0.09928884308566742,0.4260537922382355
14600,0.11679716408252716,0.9518716335296631,0.02609346993267536,0.09932012152429782,0.4262016713619232
14625,0.11676479130983353,0.9518716335296631,0.026061873883008957,0.09908534751415299,0.4263491928577423
14650,0.11673252284526825,0.9518716335296631,0.026014477014541626,0.09890563955178053,0.4264964461326599
14675,0.11670035868883133,0.9518716335296631,0.025987211614847183,0.09874543027180231,0.42664337158203125
14700,0.11666830629110336,0.9518716335296631,0.0259427297860384,0.09853154091831874,0.4267899990081787
14725,0.11663638800382614,0.9518716335296631,0.025897687301039696,0.09833929110212838,0.4269362688064575
14750,0.11660455167293549,0.9518716335296631,0.02577388286590576,0.09801164282890576,0.42708224058151245
14775,0.11657295376062393,0.9518716335296631,0.025758041068911552,0.09783462847563562,0.42722803354263306
14800,0.11654151231050491,0.9518716335296631,0.025663137435913086,0.09746419589949655,0.427373468875885
14825,0.11651023477315903,0.9518716335296631,0.02566838078200817,0.09717807590789303,0.42751848697662354
14850,0.11647909134626389,0.9518716335296631,0.025586798787117004,0.09712568393428318,0.42766323685646057
14875,0.1164480596780777,0.9518716335296631,0.02553686313331127,0.09684948550278277,0.4278075695037842
14900,0.11641713231801987,0.9518716335296631,0.025511786341667175,0.09666959230934474,0.4279516935348511
14925,0.1163862869143486,0.9518716335296631,0.02548992447555065,0.0965457429152234,0.4280957281589508
14950,0.1163555234670639,0.9518716335296631,0.02544596418738365,0.09638653299566119,0.4282396137714386
14975,0.11632478982210159,0.9518716335296631,0.025502385571599007,0.09622010384870162,0.4283835291862488
15000,0.11629410833120346,0.9518716335296631,0.025467077270150185,0.09602889232966846,0.42852723598480225
15025,0.11626357585191727,0.9518716335296631,0.025394519791007042,0.09581488935551487,0.42867082357406616
15050,0.11623317003250122,0.9518716335296631,0.025360431522130966,0.09562775639444719,0.42881426215171814
15075,0.11620285362005234,0.9518716335296631,0.025306493043899536,0.09544287545579741,0.42895737290382385
15100,0.1161726787686348,0.9518716335296631,0.025277135893702507,0.09522915621694462,0.4291001558303833
15125,0.11614258587360382,0.9518716335296631,0.025225646793842316,0.09511581740939862,0.42924267053604126
15150,0.11611258238554001,0.9518716335296631,0.025205986574292183,0.09490446957034424,0.42938488721847534
15175,0.11608272045850754,0.9518716335296631,0.025131572037935257,0.09466208130998333,0.42952683568000793
15200,0.11605298519134521,0.9518716335296631,0.025068379938602448,0.09451366111714765,0.42966848611831665
15225,0.11602335423231125,0.9518716335296631,0.025035521015524864,0.09445832787172065,0.42980968952178955
15250,0.11599377542734146,0.9518716335296631,0.02500891126692295,0.09432325879963856,0.4299505949020386
15275,0.11596426367759705,0.9518716335296631,0.024991679936647415,0.09417187620492777,0.4300912320613861
15300,0.11593484878540039,0.9518716335296631,0.024953976273536682,0.09401676883698058,0.43023166060447693
15325,0.1159055307507515,0.9518716335296631,0.02491537667810917,0.09384847270013234,0.4303717315196991
15350,0.11587628722190857,0.9518716335296631,0.024892445653676987,0.09366484092144998,0.4305115342140198
15375,0.11584722250699997,0.9518716335296631,0.02478712983429432,0.09346196762244136,0.430650919675827
15400,0.11581844836473465,0.9518716335296631,0.02458416484296322,0.09305713801130358,0.4307895600795746
15425,0.11578986048698425,0.9514260292053223,0.024548111483454704,0.09289259522524118,0.43092766404151917
15450,0.11576133221387863,0.9514260292053223,0.02455725148320198,0.09273792699977416,0.43106552958488464
15475,0.11573285609483719,0.9514260292053223,0.0245237834751606,0.092579586502479,0.431203156709671
15500,0.11570445448160172,0.9514260292053223,0.024495255202054977,0.09242089920467006,0.4313404858112335
15525,0.11567617207765579,0.9514260292053223,0.024470947682857513,0.09222649435698532,0.4314775764942169
15550,0.11564796417951584,0.9514260292053223,0.02442987821996212,0.09212164977366663,0.43161439895629883
15575,0.11561982333660126,0.9514260292053223,0.02439197525382042,0.09195446272659163,0.4317508637905121
15600,0.11559178680181503,0.9514260292053223,0.024358702823519707,0.09181906515015477,0.43188709020614624
15625,0.11556383967399597,0.9514260292053223,0.024297839030623436,0.09167508948161289,0.4320231080055237
15650,0.11553598195314407,0.9514260292053223,0.02428157441318035,0.09148956629222534,0.432158887386322
15675,0.11550822854042053,0.9514260292053223,0.024238241836428642,0.09136515268035297,0.43229442834854126
15700,0.11548054218292236,0.9514260292053223,0.024202272295951843,0.09122608792536173,0.4324296712875366
15725,0.11545293033123016,0.9514260292053223,0.024167265743017197,0.09107122413822322,0.4325646758079529
15750,0.11542540788650513,0.9514260292053223,0.024133626371622086,0.09091793893880967,0.4326993525028229
15775,0.11539793759584427,0.9514260292053223,0.024115130305290222,0.090812505886309,0.43283382058143616
15800,0.11537055671215057,0.9514260292053223,0.02408061921596527,0.09066753037092457,0.43296799063682556
15825,0.11534328013658524,0.9514260292053223,0.023959681391716003,0.09037731483066992,0.4331018030643463
15850,0.11531620472669601,0.9514260292053223,0.023949990049004555,0.09032492607930726,0.4332351088523865
15875,0.11528916656970978,0.9514260292053223,0.023915162310004234,0.090175340501639,0.43336838483810425
15900,0.1152622252702713,0.9514260292053223,0.023894449695944786,0.08998701658125449,0.43350136280059814
15925,0.1152353510260582,0.9518716335296631,0.023832431063055992,0.08982469423777525,0.4336341917514801
15950,0.11520860344171524,0.9518716335296631,0.02379317209124565,0.08967856119536702,0.4337666928768158
15975,0.11518190801143646,0.9518716335296631,0.02376706153154373,0.08964877619983574,0.43389904499053955
16000,0.11515524983406067,0.9518716335296631,0.023744389414787292,0.0894645946743873,0.4340311884880066
16025,0.11512867361307144,0.9518716335296631,0.023712744936347008,0.08938680171773306,0.43416309356689453
16050,0.11510217189788818,0.9518716335296631,0.023689957335591316,0.08920095675800818,0.43429476022720337
16075,0.11507575958967209,0.9518716335296631,0.023642687126994133,0.08903978966969245,0.43442612886428833
16100,0.11504944413900375,0.9518716335296631,0.023602139204740524,0.08892468670196609,0.4345572888851166
16125,0.11502319574356079,0.9518716335296631,0.023570599034428596,0.08878713706302675,0.4346882700920105
16150,0.1149970293045044,0.9518716335296631,0.023545613512396812,0.08867728922445527,0.4348188638687134
16175,0.11497093737125397,0.9518716335296631,0.023514803498983383,0.08851713282602255,0.43494924902915955
16200,0.11494489014148712,0.9518716335296631,0.023491833359003067,0.08833424509933706,0.4350793659687042
16225,0.11491893976926804,0.9518716335296631,0.023450421169400215,0.08823312369547401,0.4352092742919922
16250,0.11489304900169373,0.9518716335296631,0.02343941479921341,0.08818356236574734,0.43533891439437866
16275,0.1148671954870224,0.9518716335296631,0.0234213899821043,0.08804737869823313,0.4354684352874756
16300,0.11484142392873764,0.9518716335296631,0.02338379994034767,0.08790488454177459,0.43559756875038147
16325,0.11481571942567825,0.9518716335296631,0.02335759624838829,0.08772247262923683,0.4357265830039978
16350,0.11479009687900543,0.9518716335296631,0.02330091781914234,0.087513136743085,0.43585529923439026
16375,0.11476458609104156,0.9518716335296631,0.02330753020942211,0.08742927804800651,0.4359837472438812
16400,0.11473909765481949,0.9523172974586487,0.023273490369319916,0.087290068834297,0.4361119568347931
16425,0.11471369862556458,0.9523172974586487,0.023249385878443718,0.08707909390884706,0.43623995780944824
16450,0.11468837410211563,0.9523172974586487,0.023218611255288124,0.08694049381638122,0.43636763095855713
16475,0.11466313153505325,0.9523172974586487,0.023187803104519844,0.08680233998245691,0.4364950656890869
16500,0.11463793367147446,0.9523172974586487,0.023157216608524323,0.08667282950265845,0.43662229180336
16525,0.11461282521486282,0.9523172974586487,0.023125553503632545,0.08652012989637962,0.4367491900920868
16550,0.11458779126405716,0.9523172974586487,0.023090500384569168,0.0863675675288193,0.4368758797645569
16575,0.11456282436847687,0.9523172974586487,0.023067669942975044,0.08628873314873463,0.4370023310184479
16600,0.11453793197870255,0.9523172974586487,0.02303694561123848,0.08614912105145667,0.437128484249115
16625,0.114513099193573,0.9523172974586487,0.023015305399894714,0.08600782274450108,0.437254399061203
16650,0.11448834836483002,0.9523172974586487,0.022985422983765602,0.08587346018087036,0.43738001585006714
16675,0.11446365714073181,0.9523172974586487,0.02296476624906063,0.08574123853050786,0.4375053942203522
16700,0.11443904042243958,0.9523172974586487,0.022926298901438713,0.08560052482595605,0.43763047456741333
16725,0.11441446095705032,0.9523172974586487,0.022901486605405807,0.0854818802821594,0.43775543570518494
16750,0.11438997089862823,0.9523172974586487,0.022872284054756165,0.08534962666517223,0.43788009881973267
16775,0.11436551809310913,0.9523172974586487,0.022870494052767754,0.08522630586859051,0.4380044639110565
16800,0.11434114724397659,0.9523172974586487,0.022841403260827065,0.0850950426636849,0.43812867999076843
16825,0.11431682854890823,0.9523172974586487,0.02273363247513771,0.08482520892872793,0.4382525384426117
16850,0.1142927035689354,0.9523172974586487,0.022692382335662842,0.08471392096907457,0.43837571144104004
16875,0.11426863819360733,0.9523172974586487,0.022676603868603706,0.08459056382677207,0.43849873542785645
16900,0.11424461752176285,0.9523172974586487,0.022650055587291718,0.08448446246401499,0.43862155079841614
16925,0.11422064155340195,0.9523172974586487,0.022625640034675598,0.0845294528451413,0.43874412775039673
16950,0.11419671028852463,0.9523172974586487,0.022597378119826317,0.08440195938607982,0.438866525888443
16975,0.11417283862829208,0.9523172974586487,0.02256922982633114,0.08427488561689127,0.43898868560791016
17000,0.11414904147386551,0.9523172974586487,0.02254061959683895,0.08414092398633684,0.43911051750183105
17025,0.11412528157234192,0.9523172974586487,0.022512806579470634,0.08401348419970114,0.43923220038414
17050,0.11410161852836609,0.9523172974586487,0.022472046315670013,0.0838703097495796,0.43935349583625793
17075,0.11407803744077682,0.9523172974586487,0.022450782358646393,0.08376938457803237,0.43947458267211914
17100,0.11405449360609055,0.9523172974586487,0.022423237562179565,0.08364540794657252,0.439595490694046
17125,0.11403096467256546,0.9523172974586487,0.022446924820542336,0.0836824434132621,0.43971607089042664
17150,0.11400746554136276,0.9523172974586487,0.022437684237957,0.0834482560698921,0.4398365616798401
17175,0.11398402601480484,0.9523172974586487,0.02240980975329876,0.08330755114292177,0.4399568736553192
17200,0.11396066099405289,0.9527629017829895,0.02238193340599537,0.08318953451489308,0.44007694721221924
17225,0.11393742263317108,0.9527629017829895,0.022301919758319855,0.082967100910362,0.4401966333389282
17250,0.11391425877809525,0.9527629017829895,0.022283876314759254,0.08286498534419393,0.44031593203544617
17275,0.11389113962650299,0.9527629017829895,0.022252382710576057,0.08274306941066598,0.4404350221157074
17300,0.11386808007955551,0.9527629017829895,0.022227367386221886,0.08268845397424301,0.4405537545681
17325,0.11384505033493042,0.9527629017829895,0.022132469341158867,0.08247206931666758,0.44067198038101196
17350,0.11382221430540085,0.9527629017829895,0.022106949239969254,0.08235985194757034,0.4407895803451538
17375,0.11379945278167725,0.9527629017829895,0.02204025350511074,0.08223584694208938,0.44090694189071655
17400,0.11377676576375961,0.9527629017829895,0.022014306858181953,0.08211097630696083,0.44102397561073303
17425,0.11375413089990616,0.9527629017829895,0.021995551884174347,0.08200049159173374,0.4411407709121704
17450,0.11373154073953629,0.9527629017829895,0.022000428289175034,0.08194106535049854,0.4412573277950287
17475,0.1137089878320694,0.9527629017829895,0.021957779303193092,0.08179686908056297,0.441373348236084
17500,0.11368651688098907,0.9527629017829895,0.02193966694176197,0.0816939941522704,0.4414892792701721
17525,0.11366409808397293,0.9527629017829895,0.021914154291152954,0.08157780354048241,0.44160497188568115
17550,0.11364172399044037,0.9527629017829895,0.02188560739159584,0.08145537886406418,0.44172045588493347
17575,0.11361941695213318,0.9527629017829895,0.021842317655682564,0.08136802675049921,0.4418357312679291
17600,0.11359716951847076,0.9527629017829895,0.021817205473780632,0.08125242560472017,0.44195061922073364
17625,0.11357496678829193,0.9527629017829895,0.021792791783809662,0.08113850418900766,0.44206538796424866
17650,0.11355282366275787,0.9527629017829895,0.021767757833003998,0.08102431872424407,0.4421798884868622
17675,0.11353074759244919,0.9527629017829895,0.02174186520278454,0.0809096310108686,0.442294180393219
17700,0.11350873112678528,0.9532085061073303,0.021716410294175148,0.08079264461943972,0.4424082338809967
17725,0.11348676681518555,0.9532085061073303,0.02169509418308735,0.08067934017465507,0.4425221383571625
17750,0.11346485465765,0.9532085061073303,0.021673547104001045,0.08056006722807905,0.44263574481010437
17775,0.11344298720359802,0.9532085061073303,0.021649200469255447,0.08044792910461193,0.4427492320537567
17800,0.11342118680477142,0.9532085061073303,0.021596696227788925,0.08033167609411695,0.4428623616695404
17825,0.11339935660362244,0.9532085061073303,0.021635929122567177,0.08047743384662372,0.4429751932621002
17850,0.11337757855653763,0.9532085061073303,0.021612048149108887,0.08036793490495069,0.4430878162384033
17875,0.1133558377623558,0.9532085061073303,0.021588584408164024,0.08025887686121506,0.4432002604007721
17900,0.11333414912223816,0.9532085061073303,0.021564114838838577,0.0801488197814889,0.44331246614456177
17925,0.11331251263618469,0.9532085061073303,0.021540898829698563,0.0800394490661696,0.4434244632720947
17950,0.1132909283041954,0.9532085061073303,0.021515682339668274,0.07994454546794824,0.44353628158569336
17975,0.11326940357685089,0.9532085061073303,0.02149348147213459,0.07981896315948558,0.4436478614807129
18000,0.11324793845415115,0.9532085061073303,0.02146642841398716,0.07971178112387174,0.4437592625617981
18025,0.1132264956831932,0.9532085061073303,0.021467629820108414,0.07959541765116976,0.4438704550266266
18050,0.11320509016513824,0.9532085061073303,0.02144596539437771,0.07949792930973702,0.44398143887519836
18075,0.11318375170230865,0.9532085061073303,0.021412452682852745,0.07939771924851872,0.4440922439098358
18100,0.11316246539354324,0.9532085061073303,0.0213856790214777,0.07928836902842344,0.4442029595375061
18125,0.11314123868942261,0.9532085061073303,0.021362708881497383,0.07918268291651896,0.4443134367465973
18150,0.11312005668878555,0.9532085061073303,0.021341539919376373,0.07907915675260914,0.44442370533943176
18175,0.11309892684221268,0.9532085061073303,0.021318312734365463,0.07897727820195982,0.4445337951183319
18200,0.11307784914970398,0.9532085061073303,0.021292846649885178,0.07887413929371768,0.44464361667633057
18225,0.11305682361125946,0.9532085061073303,0.021268803626298904,0.07876584463870782,0.4447532892227173
18250,0.11303584277629852,0.9532085061073303,0.021246273070573807,0.07866210519175798,0.44486284255981445
18275,0.11301484704017639,0.9532085061073303,0.02128094621002674,0.07873542120540458,0.44497236609458923
18300,0.11299385875463486,0.9532085061073303,0.02125432714819908,0.07865148318206001,0.44508156180381775
18325,0.1129729226231575,0.9532085061073303,0.021232502534985542,0.07854688409270373,0.44519057869911194
18350,0.11295203864574432,0.9532085061073303,0.02121754176914692,0.07841980627734661,0.4452994763851166
18375,0.11293120682239532,0.9532085061073303,0.021195458248257637,0.07831806248549687,0.44540825486183167
18400,0.1129104271531105,0.9532085061073303,0.02114863134920597,0.07820050288795374,0.4455167055130005
18425,0.11288971453905106,0.9532085061073303,0.021125322207808495,0.07809083780618763,0.4456249177455902
18450,0.11286905407905579,0.9532085061073303,0.021111469715833664,0.0780048040061954,0.4457329511642456
18475,0.1128484383225441,0.9532085061073303,0.021097490563988686,0.07790118535949267,0.4458407759666443
18500,0.1128278523683548,0.9532085061073303,0.021072130650281906,0.07779985520149377,0.4459484815597534
18525,0.11280734837055206,0.9532085061073303,0.021046388894319534,0.07777653513475029,0.4460558593273163
18550,0.11278682947158813,0.9532085061073303,0.02102268673479557,0.07764930696133278,0.4461631178855896
18575,0.11276638507843018,0.9532085061073303,0.021000806242227554,0.0775487163766776,0.446270227432251
18600,0.1127459928393364,0.9532085061073303,0.020978059619665146,0.07745040554582355,0.4463771879673004
18625,0.1127256378531456,0.9532085061073303,0.020957890897989273,0.07734923352822136,0.4464839696884155
18650,0.11270533502101898,0.9532085061073303,0.020918460562825203,0.07719905165054655,0.44659051299095154
18675,0.11268509924411774,0.9532085061073303,0.020904328674077988,0.07714970173247489,0.44669681787490845
18700,0.11266488581895828,0.9532085061073303,0.020883429795503616,0.07704975270462709,0.4468028247356415
18725,0.11264471709728241,0.9532085061073303,0.020852891728281975,0.07693931176100673,0.44690871238708496
18750,0.11262460798025131,0.9532085061073303,0.020836185663938522,0.07684379901520533,0.44701436161994934
18775,0.1126045286655426,0.9532085061073303,0.020820284262299538,0.07681060156899998,0.4471197724342346
18800,0.11258449405431747,0.9532085061073303,0.020799189805984497,0.0767187580896459,0.44722506403923035
18825,0.11256452649831772,0.9532085061073303,0.020757455378770828,0.07657422759483444,0.4473300576210022
18850,0.11254462599754333,0.9532085061073303,0.020737508311867714,0.07647563043895277,0.4474349021911621
18875,0.11252477020025253,0.9532085061073303,0.020715665072202682,0.07636678050621604,0.4475395977497101
18900,0.11250496655702591,0.9532085061073303,0.020694825798273087,0.07627490227306893,0.4476439952850342
18925,0.11248519271612167,0.9532085061073303,0.02067670226097107,0.07617781443051036,0.4477483034133911
18950,0.11246547102928162,0.9532085061073303,0.020669681951403618,0.07611754200711632,0.44785240292549133
18975,0.11244575679302216,0.9532085061073303,0.020667681470513344,0.07609366299888447,0.447956383228302
19000,0.11242606490850449,0.9532085061073303,0.020640796050429344,0.07599224396825943,0.44806021451950073
19025,0.112406425178051,0.9532085061073303,0.02062034048140049,0.07589711558588867,0.44816383719444275
19050,0.11238683015108109,0.9532085061073303,0.02059069834649563,0.07582137798914143,0.4482673108577728
19075,0.11236728727817535,0.9532085061073303,0.02057666704058647,0.07573483382254316,0.4483705759048462
19100,0.1123478040099144,0.9532085061073303,0.020555900409817696,0.07564125256113371,0.44847372174263
19125,0.11232833564281464,0.9532085061073303,0.020534930750727654,0.07555338657784787,0.4485766291618347
19150,0.11230892688035965,0.9532085061073303,0.020533040165901184,0.07551034931404824,0.4486793875694275
19175,0.11228951811790466,0.9532085061073303,0.020502639934420586,0.0754064422548608,0.44878193736076355
19200,0.11227018386125565,0.9532085061073303,0.020449670031666756,0.07522971050687287,0.4488842487335205
19225,0.1122509092092514,0.9532085061073303,0.02042839676141739,0.07513798889103639,0.448986291885376
19250,0.11223167926073074,0.9532085061073303,0.020419694483280182,0.07504968518567094,0.4490881860256195
19275,0.11221248656511307,0.9532085061073303,0.020409561693668365,0.07499684357527293,0.4491899311542511
19300,0.11219333112239838,0.9532085061073303,0.020377308130264282,0.07490131653917975,0.44929155707359314
19325,0.11217419803142548,0.9532085061073303,0.0203676950186491,0.07491705891391975,0.44939297437667847
19350,0.11215509474277496,0.9532085061073303,0.020336929708719254,0.07481382025179044,0.44949421286582947
19375,0.11213604360818863,0.9532085061073303,0.020317962393164635,0.07473096301046891,0.44959521293640137
19400,0.11211702227592468,0.9532085061073303,0.020311174914240837,0.07465592429883935,0.44969603419303894
19425,0.11209803819656372,0.9532085061073303,0.020276812836527824,0.0745362935161826,0.4497966468334198
19450,0.11207910627126694,0.9532085061073303,0.020256416872143745,0.07444658238924845,0.4498971700668335
19475,0.11206021904945374,0.9532085061073303,0.020226063206791878,0.07434459653207018,0.44999754428863525
19500,0.11204137653112411,0.9532085061073303,0.02021557278931141,0.07424393241671555,0.4500976800918579
19525,0.11202257126569748,0.9536541700363159,0.02020696923136711,0.07416287187543175,0.45019763708114624
19550,0.11200384795665741,0.9536541700363159,0.02015354298055172,0.07401896194797376,0.4502975046634674
19575,0.11198516190052032,0.9536541700363159,0.02013562060892582,0.07392039227513092,0.45039716362953186
19600,0.11196651309728622,0.9536541700363159,0.020121661946177483,0.07383441111618338,0.45049670338630676
19625,0.11194789409637451,0.9536541700363159,0.0201130174100399,0.07376297464997496,0.45059603452682495
19650,0.11192936450242996,0.9536541700363159,0.02001531980931759,0.07359381266949423,0.4506953954696655
19675,0.11191090196371078,0.9536541700363159,0.02001531608402729,0.07352427931749246,0.4507947564125061
19700,0.111892469227314,0.9536541700363159,0.019982652738690376,0.07342253609424773,0.4508938789367676
19725,0.11187410354614258,0.9536541700363159,0.019938355311751366,0.07337988436668302,0.45099279284477234
19750,0.11185580492019653,0.9536541700363159,0.019908346235752106,0.07328463119065415,0.451091468334198
19775,0.11183752119541168,0.9536541700363159,0.01989082247018814,0.07319725164570343,0.4511900246143341
19800,0.1118192970752716,0.9536541700363159,0.019873041659593582,0.07311557147211177,0.45128852128982544
19825,0.11180108785629272,0.9536541700363159,0.01985466480255127,0.07302508917303324,0.45138677954673767
19850,0.11178293824195862,0.9536541700363159,0.019831353798508644,0.07292371892506054,0.4514847993850708
19875,0.1117648333311081,0.9536541700363159,0.01982862874865532,0.07285672720292535,0.451582670211792
19900,0.11174674332141876,0.9536541700363159,0.01979946158826351,0.07276002279571327,0.45168036222457886
19925,0.11172869801521301,0.9536541700363159,0.019794385880231857,0.07267435409023233,0.45177796483039856
19950,0.11171071231365204,0.9536541700363159,0.019759340211749077,0.07252474905418267,0.4518754184246063
19975,0.11169277131557465,0.9536541700363159,0.019734559580683708,0.07241370622828909,0.45197272300720215
20000,0.11167484521865845,0.9536541700363159,0.01971803419291973,0.07233261584687141,0.45206987857818604
20025,0.11165697872638702,0.9536541700363159,0.019714925438165665,0.0722667807784136,0.4521668255329132
20050,0.11163915693759918,0.9536541700363159,0.01969219744205475,0.07217183144876745,0.4522636830806732
20075,0.11162134259939194,0.9536541700363159,0.01967368833720684,0.07209201261803339,0.45236024260520935
20100,0.11160358786582947,0.9536541700363159,0.019658779725432396,0.07201143595723741,0.4524567127227783
20125,0.11158587783575058,0.9536541700363159,0.01964496076107025,0.07195089905102997,0.45255306363105774
20150,0.11156818270683289,0.9536541700363159,0.019618049263954163,0.07185587812338626,0.45264920592308044
20175,0.11155053228139877,0.9536541700363159,0.01960114948451519,0.07177339440059743,0.45274510979652405
20200,0.11153291910886765,0.9536541700363159,0.019570108503103256,0.0716782082279168,0.4528409242630005
20225,0.11151531338691711,0.9536541700363159,0.01956735923886299,0.07165953820179616,0.4529365301132202
20250,0.11149774491786957,0.9536541700363159,0.019550733268260956,0.07158953737081625,0.4530319571495056
20275,0.111480213701725,0.9536541700363159,0.01952347345650196,0.07150327887535335,0.4531271755695343
20300,0.11146271973848343,0.9536541700363159,0.019498152658343315,0.07143656955974599,0.4532223641872406
20325,0.11144527047872543,0.9536541700363159,0.01948382519185543,0.07134919620989168,0.4533173143863678
20350,0.11142785102128983,0.9536541700363159,0.01946544460952282,0.07127352536537888,0.45341217517852783
20375,0.1114104688167572,0.9536541700363159,0.0194556824862957,0.07119355852407698,0.4535069167613983
20400,0.11139310151338577,0.9536541700363159,0.019449507817626,0.071126113583881,0.4536014795303345
20425,0.11137577891349792,0.9536541700363159,0.01943337731063366,0.07104989293925837,0.4536958932876587
20450,0.11135847866535187,0.9536541700363159,0.019404230639338493,0.07096833866773578,0.45379021763801575
20475,0.1113412156701088,0.9536541700363159,0.01937834732234478,0.07087798622229174,0.4538845121860504
20500,0.1113240048289299,0.9536541700363159,0.01935845986008644,0.07079937933384974,0.45397865772247314
20525,0.1113068237900734,0.9536541700363159,0.01933937892317772,0.07072677818317645,0.4540727138519287
20550,0.11128967255353928,0.9536541700363159,0.019322587177157402,0.07064913916430726,0.4541666507720947
20575,0.11127258837223053,0.9536541700363159,0.01929106004536152,0.07057192505355792,0.4542604088783264
20600,0.11125553399324417,0.9536541700363159,0.01928563043475151,0.0705076195035726,0.454353928565979
20625,0.1112385168671608,0.9536541700363159,0.01924322172999382,0.07033618737384661,0.45444735884666443
20650,0.11122153699398041,0.9536541700363159,0.019231589511036873,0.07025604808985243,0.4545406103134155
20675,0.1112046092748642,0.9536541700363159,0.019220249727368355,0.0701973306061293,0.45463377237319946
20700,0.11118771880865097,0.9536541700363159,0.0191937368363142,0.07011451051067402,0.4547267258167267
20725,0.11117085814476013,0.9536541700363159,0.019178181886672974,0.07004130127694727,0.4548195004463196
20750,0.11115403473377228,0.9536541700363159,0.01916341669857502,0.0699683447688642,0.45491212606430054
20775,0.11113723367452621,0.9536541700363159,0.019141564145684242,0.06989539162581629,0.45500463247299194
20800,0.11112046241760254,0.9536541700363159,0.01912609487771988,0.06982262709253421,0.4550970792770386
20825,0.11110371351242065,0.9536541700363159,0.01911262236535549,0.06975406374562049,0.4551893472671509
20850,0.11108700186014175,0.9536541700363159,0.01909537985920906,0.06962486702514868,0.45528143644332886
20875,0.11107035726308823,0.9536541700363159,0.01906191185116768,0.06952138670125543,0.45537346601486206
20900,0.11105374991893768,0.9536541700363159,0.01904105395078659,0.06938935962586526,0.45546528697013855
20925,0.11103718727827072,0.9536541700363159,0.01902768947184086,0.06932304568613386,0.4555569291114807
20950,0.11102063953876495,0.9536541700363159,0.019011827185750008,0.06925237812356533,0.4556484520435333
20975,0.11100412905216217,0.9536541700363159,0.018996858969330788,0.06918184178118246,0.45573991537094116
21000,0.11098764836788177,0.9536541700363159,0.01899634301662445,0.06912049583715327,0.4558311998844147
21025,0.11097119748592377,0.9536541700363159,0.018988754600286484,0.06904543776606965,0.45592233538627625
21050,0.11095476895570755,0.9536541700363159,0.018970126286149025,0.06906547199201463,0.45601335167884827
21075,0.11093837022781372,0.9536541700363159,0.018930666148662567,0.06904253198523815,0.45610445737838745
21100,0.11092198640108109,0.9536541700363159,0.01893198862671852,0.06898471465206815,0.4561953544616699
21125,0.11090562492609024,0.9536541700363159,0.01891801320016384,0.06891773608641574,0.45628616213798523
21150,0.11088928580284119,0.9536541700363159,0.01890280842781067,0.06884937283679465,0.456376850605011
21175,0.11087299883365631,0.9536541700363159,0.018871376290917397,0.06876245166852034,0.4564674198627472
21200,0.11085673421621323,0.9536541700363159,0.018856937065720558,0.06869431187503193,0.45655784010887146
21225,0.11084048449993134,0.9536541700363159,0.01883099414408207,0.0686325081664494,0.4566481411457062
21250,0.11082427948713303,0.9536541700363159,0.018815262243151665,0.06856113679985722,0.4567382335662842
21275,0.1108081266283989,0.9536541700363159,0.018795479089021683,0.06849336304885557,0.45682814717292786
21300,0.11079198122024536,0.9536541700363159,0.018815597519278526,0.06840694782202389,0.45691803097724915
21325,0.110775887966156,0.9536541700363159,0.018764553591609,0.06819348194074779,0.4570077061653137
21350,0.11075976490974426,0.9536541700363159,0.018858682364225388,0.06841596022725646,0.45709750056266785
21375,0.11074359714984894,0.9536541700363159,0.01885291188955307,0.06826819235481212,0.457187294960022
21400,0.11072748899459839,0.9536541700363159,0.018844734877347946,0.06809134257826059,0.4572767913341522
21425,0.11071144044399261,0.9536541700363159,0.01878577657043934,0.067984161897837,0.4573661684989929
21450,0.11069542914628983,0.9536541700363159,0.018756233155727386,0.06789303190783408,0.4574553966522217
21475,0.11067944020032883,0.9536541700363159,0.01875433884561062,0.06779925862409893,0.4575444161891937
21500,0.11066348850727081,0.9536541700363159,0.018731096759438515,0.06776115655716793,0.45763328671455383
21525,0.11064756661653519,0.9536541700363159,0.01870635710656643,0.06767047117390394,0.4577220678329468
21550,0.11063168197870255,0.9536541700363159,0.018681954592466354,0.06762885230494824,0.4578106701374054
21575,0.11061582714319229,0.9536541700363159,0.018666159361600876,0.06756233793957783,0.45789921283721924
21600,0.11060000956058502,0.9536541700363159,0.01867937110364437,0.06749485768347756,0.45798760652542114
21625,0.11058419942855835,0.9536541700363159,0.018674355000257492,0.06746319967887414,0.45807594060897827
21650,0.11056841909885406,0.9536541700363159,0.01863127201795578,0.067398924290203,0.4581642150878906
21675,0.11055266112089157,0.9536541700363159,0.0186337660998106,0.06731459393796857,0.45825231075286865
21700,0.11053693294525146,0.9536541700363159,0.018607867881655693,0.0672765302777097,0.45834028720855713
21725,0.11052121967077255,0.9536541700363159,0.018584970384836197,0.0672007030770742,0.45842811465263367
21750,0.11050555855035782,0.9536541700363159,0.018573911860585213,0.06713946126409572,0.45851582288742065
21775,0.11048990488052368,0.9536541700363159,0.018578004091978073,0.06707384298439033,0.4586034119129181
21800,0.11047427356243134,0.9536541700363159,0.018585342913866043,0.06703989429660397,0.458690881729126
21825,0.11045865714550018,0.9536541700363159,0.018562251701951027,0.0669846172875482,0.4587782621383667
21850,0.11044307053089142,0.9536541700363159,0.018560970202088356,0.06687869453136366,0.4588654637336731
21875,0.11042751371860504,0.9540997743606567,0.01850300282239914,0.06676766793915058,0.45895254611968994
21900,0.11041200906038284,0.9540997743606567,0.018516674637794495,0.06678781788890362,0.45903950929641724
21925,0.11039650440216064,0.9540997743606567,0.01850772090256214,0.06663135694131199,0.45912638306617737
21950,0.11038104444742203,0.9540997743606567,0.018472228199243546,0.06664053308110529,0.4592130482196808
21975,0.1103656068444252,0.9540997743606567,0.018470624461770058,0.06652386568476365,0.4592996835708618
22000,0.11035018414258957,0.9540997743606567,0.01845967210829258,0.06646504140889424,0.45938611030578613
22025,0.11033479124307632,0.9540997743606567,0.018437042832374573,0.06645130207540677,0.45947250723838806
22050,0.11031942069530487,0.9540997743606567,0.018468454480171204,0.06637775100641607,0.45955878496170044
22075,0.11030407249927521,0.9540997743606567,0.018413817510008812,0.06636708958733094,0.4596449136734009
22100,0.11028874665498734,0.9540997743606567,0.018411101773381233,0.06626193391514709,0.45973095297813416
22125,0.11027343571186066,0.9540997743606567,0.018414823338389397,0.06618294552551275,0.4598168432712555
22150,0.11025814712047577,0.9540997743606567,0.018376465886831284,0.0661908940828049,0.45990267395973206
22175,0.11024288833141327,0.9540997743606567,0.018377207219600677,0.06610881894398019,0.4599883556365967
22200,0.11022762954235077,0.9540997743606567,0.0183608029037714,0.06611912705174783,0.46007388830184937
22225,0.11021239310503006,0.9540997743606567,0.018358124420046806,0.06601420949092639,0.4601592719554901
22250,0.11019719392061234,0.9540997743606567,0.018364233896136284,0.06595740583556486,0.4602445960044861
22275,0.110182024538517,0.9540997743606567,0.018350107595324516,0.06591301786835307,0.46032974123954773
22300,0.11016687750816345,0.9540997743606567,0.01831400953233242,0.06578508092056083,0.4604147970676422
22325,0.1101517453789711,0.9540997743606567,0.018293267115950584,0.065777559770447,0.46049970388412476
22350,0.11013664305210114,0.9545454382896423,0.018310420215129852,0.06565675398014584,0.46058452129364014
22375,0.11012156307697296,0.9545454382896423,0.018299784511327744,0.06570446493708151,0.46066924929618835
22400,0.11010650545358658,0.9545454382896423,0.01825629733502865,0.06549592012992018,0.46075379848480225
22425,0.11009148508310318,0.9545454382896423,0.018274571746587753,0.06537168803879444,0.4608381688594818
22450,0.11007650941610336,0.9545454382896423,0.01825762540102005,0.06530878526688724,0.46092239022254944
22475,0.11006158590316772,0.9545454382896423,0.01823830045759678,0.06512095349262599,0.46100616455078125
22500,0.11004668474197388,0.9545454382896423,0.018230479210615158,0.06509409183975626,0.4610896408557892
22525,0.11003177613019943,0.9545454382896423,0.018225112929940224,0.06510194011667707,0.46117305755615234
22550,0.11001688241958618,0.9545454382896423,0.018191775307059288,0.06509499976292808,0.46125635504722595
22575,0.11000192910432816,0.9545454382896423,0.018259618431329727,0.06524970447397739,0.46133938431739807
22600,0.10998698323965073,0.9545454382896423,0.018243802711367607,0.06512184311373304,0.46142229437828064
22625,0.10997205972671509,0.9545454382896423,0.01826491951942444,0.06506960822670456,0.46150508522987366
22650,0.10995718836784363,0.9545454382896423,0.01821093074977398,0.06491593774375706,0.46158793568611145
22675,0.10994234681129456,0.9545454382896423,0.018192576244473457,0.06490856640361266,0.46167057752609253
22700,0.10992752015590668,0.9549910426139832,0.01819462887942791,0.06480467586774996,0.46175310015678406
22725,0.10991272330284119,0.9549910426139832,0.018167763948440552,0.06475875274234505,0.4618355631828308
22750,0.10989794135093689,0.9549910426139832,0.01815631054341793,0.0647042823004538,0.4619179666042328
22775,0.10988317430019379,0.9549910426139832,0.0181462112814188,0.0646533172802232,0.4620002210140228
22800,0.10986842960119247,0.9549910426139832,0.018123731017112732,0.06464909412506085,0.4620824158191681
22825,0.10985389351844788,0.9549910426139832,0.01803097315132618,0.06397277130051643,0.4621642231941223
22850,0.10983943939208984,0.9549910426139832,0.01788741536438465,0.06384133439874097,0.4622458517551422
22875,0.10982508957386017,0.9549910426139832,0.017895082011818886,0.06373797367506781,0.46232733130455017
22900,0.10981075465679169,0.9549910426139832,0.01788374036550522,0.06368300987714388,0.4624086916446686
22925,0.10979645699262619,0.9549910426139832,0.0178697407245636,0.06361839122186792,0.46248987317085266
22950,0.10978216677904129,0.9549910426139832,0.017892438918352127,0.06358946182347583,0.46257105469703674
22975,0.10976790636777878,0.9549910426139832,0.01785884238779545,0.06347455175673772,0.46265214681625366
23000,0.10975367575883865,0.9549910426139832,0.01781766302883625,0.06356893094275158,0.4627329111099243
23025,0.10973945260047913,0.9549910426139832,0.017810361459851265,0.06352087731106132,0.46281352639198303
23050,0.10972525924444199,0.9549910426139832,0.01778237707912922,0.06347298009005987,0.46289411187171936
23075,0.10971107333898544,0.9549910426139832,0.017755338922142982,0.06348444063550264,0.46297457814216614
23100,0.10969692468643188,0.9549910426139832,0.01772627979516983,0.0632548470093672,0.4630548357963562
23125,0.1096828281879425,0.9549910426139832,0.017708083614706993,0.06319280663230827,0.463134765625
23150,0.1096687763929367,0.9549910426139832,0.01771826483309269,0.06312332535810256,0.46321460604667664
23175,0.1096547469496727,0.9549910426139832,0.017692333087325096,0.06308983094010956,0.4632943272590637
23200,0.10964071750640869,0.9549910426139832,0.017701467499136925,0.06301894618375731,0.46337392926216125
23225,0.10962672531604767,0.9549910426139832,0.017707357183098793,0.06290403662327593,0.46345341205596924
23250,0.10961273312568665,0.9549910426139832,0.017678488045930862,0.06287036838444189,0.46353283524513245
23275,0.10959877073764801,0.9549910426139832,0.017679056152701378,0.06294504800376598,0.4636121690273285
23300,0.10958482325077057,0.9549910426139832,0.01764667220413685,0.06287133730396821,0.463691383600235
23325,0.10957089066505432,0.9549910426139832,0.017674412578344345,0.06280001011176756,0.4637705087661743
23350,0.10955698043107986,0.9549910426139832,0.017612431198358536,0.06278643044405495,0.4638495147228241
23375,0.1095430999994278,0.9549910426139832,0.017610568553209305,0.06266209903426008,0.4639284312725067
23400,0.10952923446893692,0.9549910426139832,0.01760227419435978,0.06267035484019308,0.4640072286128998
23425,0.10951537638902664,0.9549910426139832,0.017608439549803734,0.06256424791931099,0.4640859365463257
23450,0.10950154066085815,0.9549910426139832,0.017607904970645905,0.06254329995328418,0.4641646146774292
23475,0.10948777198791504,0.9549910426139832,0.01750851795077324,0.06233733198647618,0.4642431437969208
23500,0.10947411507368088,0.9549910426139832,0.017481833696365356,0.06215137837581242,0.464321494102478
23525,0.10946046561002731,0.9549910426139832,0.01745314709842205,0.062158241385829,0.4643998146057129
23550,0.10944683104753494,0.9549910426139832,0.017463810741901398,0.0622676197515801,0.4644780158996582
23575,0.10943321138620377,0.9549910426139832,0.017438841983675957,0.062046903712433765,0.46455609798431396
23600,0.10941961407661438,0.9549910426139832,0.017395859584212303,0.062116719942167796,0.4646341800689697
23625,0.10940604656934738,0.9549910426139832,0.017433591187000275,0.061946566898753545,0.46471211314201355
23650,0.10939248651266098,0.9549910426139832,0.01740429177880287,0.0618893490865707,0.4647899270057678
23675,0.10937894880771637,0.9549910426139832,0.017362458631396294,0.061959890212492555,0.46486765146255493
23700,0.10936542600393295,0.9549910426139832,0.017383664846420288,0.06194037349777656,0.4649452865123749
23725,0.10935193300247192,0.9549910426139832,0.01736348308622837,0.06179185993361764,0.4650228023529053
23750,0.1093384400010109,0.9549910426139832,0.017335636541247368,0.06179023270166561,0.4651002585887909
23775,0.10932498425245285,0.9549910426139832,0.01732560433447361,0.06174126719542687,0.4651775658130646
23800,0.1093115285038948,0.9549910426139832,0.017365837469697,0.06173858788409804,0.4652547836303711
23825,0.10929811745882034,0.9549910426139832,0.017306825146079063,0.061559704652284136,0.46533167362213135
23850,0.10928472876548767,0.9549910426139832,0.01729835756123066,0.06151202396006275,0.4654085338115692
23875,0.10927136987447739,0.9549910426139832,0.017272409051656723,0.061518170474353685,0.46548524498939514
23900,0.1092580035328865,0.9549910426139832,0.01726274937391281,0.06147037484366541,0.4655619263648987
23925,0.10924467444419861,0.9549910426139832,0.0172733087092638,0.06136051630434278,0.4656384587287903
23950,0.10923135280609131,0.9549910426139832,0.01726221665740013,0.06137671096147178,0.4657149612903595
23975,0.1092180535197258,0.9549910426139832,0.017252499237656593,0.06132923126227079,0.46579134464263916
24000,0.10920476913452148,0.9549910426139832,0.01724257320165634,0.06121325346691135,0.4658675491809845
24025,0.10919151455163956,0.9549910426139832,0.01723293773829937,0.0611659400900855,0.46594366431236267
24050,0.10917826741933823,0.9549910426139832,0.01720765046775341,0.06117540815270203,0.4660196900367737
24075,0.10916503518819809,0.9549910426139832,0.01719803921878338,0.06112850812046721,0.4660957157611847
24100,0.10915181785821915,0.9549910426139832,0.017223794013261795,0.06102834628363982,0.466171532869339
24125,0.109138622879982,0.9549910426139832,0.01719328761100769,0.06086851429252138,0.4662473201751709
24150,0.10912545770406723,0.9549910426139832,0.01716550439596176,0.06087711418432085,0.4663228690624237
24175,0.10911232233047485,0.9549910426139832,0.01714070327579975,0.06084330013981441,0.46639832854270935
24200,0.10909918695688248,0.9549910426139832,0.01714896410703659,0.060896460898530146,0.4664737284183502
24225,0.10908602923154831,0.9549910426139832,0.017180144786834717,0.060832317613587365,0.4665491580963135
24250,0.10907290875911713,0.9549910426139832,0.017176471650600433,0.060789843614910785,0.4666246175765991
24275,0.10905979573726654,0.9549910426139832,0.0171491801738739,0.060736777528675345,0.4666999280452728
24300,0.10904670506715775,0.9549910426139832,0.01715359464287758,0.06052300870259863,0.46677517890930176
24325,0.10903364419937134,0.9549910426139832,0.017169445753097534,0.06052665010381669,0.4668503999710083
24350,0.10902058333158493,0.9549910426139832,0.01719035767018795,0.060453596718082175,0.46692562103271484
24375,0.10900753736495972,0.9549910426139832,0.0171279925853014,0.06049107741834779,0.46700066328048706
24400,0.1089944988489151,0.9549910426139832,0.017107753083109856,0.06050147952153196,0.4670757055282593
24425,0.10898147523403168,0.9549910426139832,0.017103953287005424,0.06039464531245146,0.46715059876441956
24450,0.10896848142147064,0.9549910426139832,0.017103396356105804,0.06030908680871889,0.46722543239593506
24475,0.1089554950594902,0.9549910426139832,0.017081353813409805,0.060383264894503824,0.46730026602745056
24500,0.10894248634576797,0.9549910426139832,0.017102081328630447,0.06047110136155785,0.4673750102519989
24525,0.10892947763204575,0.9549910426139832,0.017104491591453552,0.06037232618930809,0.4674496650695801
24550,0.10891648381948471,0.9549910426139832,0.017118068411946297,0.06034067899322187,0.46752429008483887
24575,0.10890351235866547,0.9549910426139832,0.017106076702475548,0.060306536277392846,0.46759867668151855
24600,0.10889056324958801,0.9549910426139832,0.017093446105718613,0.06024073545658104,0.46767309308052063
24625,0.10887762159109116,0.9549910426139832,0.0170748233795166,0.06017808287531668,0.46774742007255554
24650,0.1088646948337555,0.9549910426139832,0.017046455293893814,0.06019440856843484,0.4678216576576233
24675,0.10885180532932281,0.9549910426139832,0.01704595424234867,0.060077734700799766,0.46789583563804626
24700,0.10883892327547073,0.9549910426139832,0.01707417331635952,0.06013187659567964,0.46796998381614685
24725,0.10882604867219925,0.9549910426139832,0.01708398200571537,0.059922369755500686,0.4680439531803131
24750,0.10881318151950836,0.9549910426139832,0.017013004049658775,0.060023280888039224,0.4681178629398346
24775,0.10880032926797867,0.9549910426139832,0.01702057383954525,0.05998916563862979,0.4681915044784546
24800,0.10878747701644897,0.9549910426139832,0.017037615180015564,0.060010399915282786,0.4682648181915283
24825,0.10877463966608047,0.9549910426139832,0.017066271975636482,0.05991790757454533,0.46833813190460205
24850,0.10876181721687317,0.9549910426139832,0.016983160749077797,0.059946008902096726,0.46841132640838623
24875,0.10874900966882706,0.9549910426139832,0.01698755845427513,0.05984705510971833,0.46848443150520325
24900,0.10873622447252274,0.9549910426139832,0.01697896234691143,0.059805245979288504,0.4685574471950531
24925,0.1087234616279602,0.9549910426139832,0.0169815756380558,0.059703779321371164,0.4686304032802582
24950,0.10871070623397827,0.9549910426139832,0.01700296252965927,0.05976461644385742,0.4687032699584961
24975,0.10869793593883514,0.9549910426139832,0.016965322196483612,0.05991921206561387,0.46877583861351013
25000,0.10868514329195023,0.9549910426139832,0.01694938726723194,0.05993846037359685,0.468848317861557
25025,0.10867238789796829,0.9549910426139832,0.0169387124478817,0.059799678130996375,0.46892061829566956
25050,0.10865965485572815,0.9549910426139832,0.016963355243206024,0.059652766532731466,0.4689928889274597
25075,0.1086469292640686,0.9549910426139832,0.016954762861132622,0.0596726339859374,0.4690651297569275
25100,0.10863421112298965,0.9549910426139832,0.01696654036641121,0.05978347282447336,0.4691372215747833
25125,0.1086215227842331,0.9549910426139832,0.016939708963036537,0.0595361945296485,0.46920931339263916
25150,0.10860885679721832,0.9549910426139832,0.01690160483121872,0.05957295109292524,0.469281405210495
25175,0.10859619826078415,0.9549910426139832,0.01689828932285309,0.05945837631437367,0.4693533778190613
25200,0.10858357697725296,0.9549910426139832,0.016840625554323196,0.05953072922902301,0.4694252908229828
25225,0.10857096314430237,0.9549910426139832,0.01686110533773899,0.0595609006737442,0.46949705481529236
25250,0.10855834931135178,0.9549910426139832,0.016852932050824165,0.05952097487589927,0.46956872940063477
25275,0.10854575037956238,0.9549910426139832,0.0168845746666193,0.05928767649691539,0.4696403443813324
25300,0.10853316634893417,0.9549910426139832,0.016834473237395287,0.05950726648123791,0.46971186995506287
25325,0.10852059721946716,0.9549910426139832,0.016849927604198456,0.05934460987492263,0.4697832763195038
25350,0.10850803554058075,0.9549910426139832,0.01683679223060608,0.059292856097890326,0.4698546230792999
25375,0.10849549621343613,0.9549910426139832,0.016815662384033203,0.05923862398049694,0.46992582082748413
25400,0.10848291218280792,0.9549910426139832,0.016873139888048172,0.05985933827042815,0.46999701857566833
25425,0.10847023874521255,0.9549910426139832,0.01686607301235199,0.05976358499281994,0.47006818652153015
25450,0.10845758020877838,0.9554367065429688,0.01687437668442726,0.059763089492989106,0.47013920545578003
25475,0.1084449291229248,0.9554367065429688,0.01688324846327305,0.0598148962605366,0.4702102243900299
25500,0.10843230038881302,0.9554367065429688,0.01680890843272209,0.059633417958254005,0.4702811539173126
25525,0.10841970145702362,0.9554367065429688,0.016816433519124985,0.059584770061767246,0.4703519940376282
25550,0.10840710997581482,0.9554367065429688,0.01685950718820095,0.05954854380294147,0.47042274475097656
25575,0.1083945482969284,0.9554367065429688,0.016797523945569992,0.059450830160145705,0.4704933762550354
25600,0.10838200151920319,0.9554367065429688,0.01679285056889057,0.059432154256437705,0.4705639183521271
25625,0.10836945474147797,0.9554367065429688,0.016860613599419594,0.05937492820939726,0.470634400844574
25650,0.10835687816143036,0.9554367065429688,0.01682065613567829,0.059387541173210705,0.47070494294166565
25675,0.10834432393312454,0.9554367065429688,0.016798686236143112,0.05943775001031395,0.4707755148410797
25700,0.10833176970481873,0.9554367065429688,0.016819225624203682,0.05935777055034361,0.47084593772888184
25725,0.1083192303776741,0.9554367065429688,0.016781339421868324,0.05935723052529328,0.4709163308143616
25750,0.10830672085285187,0.9554367065429688,0.016787592321634293,0.05923067275871064,0.47098666429519653
25775,0.10829418152570724,0.9554367065429688,0.016786757856607437,0.05939399861506588,0.47105687856674194
25800,0.10828164219856262,0.9554367065429688,0.016807835549116135,0.0593518160420189,0.47112709283828735
25825,0.10826906561851501,0.9554367065429688,0.01683434285223484,0.059343367944079004,0.47119730710983276
25850,0.1082565113902092,0.9554367065429688,0.016821034252643585,0.05934659605597746,0.471267431974411
25875,0.10824396461248398,0.9554367065429688,0.01682431995868683,0.0592117176133209,0.4713374376296997
25900,0.10823144763708115,0.9554367065429688,0.016799617558717728,0.05922149907549295,0.47140735387802124
25925,0.10821892321109772,0.9554367065429688,0.0167849063873291,0.059199862526342906,0.47147712111473083
25950,0.10820645093917847,0.9554367065429688,0.01678563840687275,0.05924438235080897,0.47154685854911804
25975,0.10819397121667862,0.9554367065429688,0.01677529700100422,0.05914344741031124,0.4716167449951172
26000,0.10818145424127579,0.9554367065429688,0.01688799262046814,0.058975801816302714,0.47168657183647156
26025,0.10816895216703415,0.9554367065429688,0.016839802265167236,0.05894820798307243,0.4717561900615692
26050,0.1081564724445343,0.9554367065429688,0.016832338646054268,0.058911969668199324,0.4718257784843445
26075,0.10814398527145386,0.9554367065429688,0.016901176422834396,0.058945142005715476,0.471895307302475
26100,0.1081315129995346,0.9554367065429688,0.01681636832654476,0.058884893541574175,0.4719647467136383
26125,0.10811907052993774,0.9554367065429688,0.016809143126010895,0.05885209186329749,0.47203412652015686
26150,0.10810662806034088,0.9554367065429688,0.01683501899242401,0.05870146289406411,0.47210338711738586
26175,0.10809420049190521,0.9554367065429688,0.016816696152091026,0.05878680732916801,0.4721725881099701
26200,0.10808176547288895,0.9554367065429688,0.01682591810822487,0.058603517721252996,0.47224169969558716
26225,0.10806936025619507,0.9554367065429688,0.01683342643082142,0.05879345078429018,0.47231075167655945
26250,0.10805696249008179,0.9554367065429688,0.01680443435907364,0.058646768319132216,0.47237974405288696
26275,0.10804454237222672,0.9554367065429688,0.016822826117277145,0.05866283584892991,0.4724486470222473
26300,0.10803214460611343,0.9554367065429688,0.016812162473797798,0.05857928202965617,0.47251757979393005
26325,0.10801975429058075,0.9554367065429688,0.016780441626906395,0.05862535483009998,0.4725863039493561
26350,0.10800737887620926,0.9554367065429688,0.016788111999630928,0.05847197426936118,0.4726550281047821
26375,0.10799501836299896,0.9554367065429688,0.01678547076880932,0.05841223598823504,0.47272369265556335
26400,0.10798266530036926,0.9554367065429688,0.01681848242878914,0.05834539456260946,0.47279223799705505
26425,0.10797033458948135,0.9554367065429688,0.016761548817157745,0.05833895349490186,0.47286075353622437
26450,0.10795801877975464,0.9554367065429688,0.016712192445993423,0.05827807115668654,0.4729291498661041
26475,0.1079457551240921,0.9554367065429688,0.016694260761141777,0.05827402356238342,0.47299739718437195
26500,0.10793350636959076,0.9554367065429688,0.01668202318251133,0.05828634084275401,0.473065584897995
26525,0.10792126506567001,0.9554367065429688,0.016702808439731598,0.05813904583539358,0.4731336832046509
26550,0.10790906846523285,0.9554367065429688,0.016682131215929985,0.05776563448599851,0.47320178151130676
26575,0.10789692401885986,0.9554367065429688,0.0166709516197443,0.0577750332040427,0.47326985001564026
26600,0.10788478702306747,0.9554367065429688,0.016636136919260025,0.057799193577326796,0.47333788871765137
26625,0.10787266492843628,0.9554367065429688,0.016637340188026428,0.057761771665210945,0.47340577840805054
26650,0.10786055773496628,0.9554367065429688,0.016606703400611877,0.05782585991563074,0.47347360849380493
26675,0.10784845054149628,0.9554367065429688,0.016611607745289803,0.05786402013533775,0.47354137897491455
26700,0.10783636569976807,0.9554367065429688,0.016616547480225563,0.057653973823691494,0.47360900044441223
26725,0.10782429575920105,0.9554367065429688,0.016675513237714767,0.05770107830372279,0.4736766219139099
26750,0.10781218111515045,0.9554367065429688,0.01665983907878399,0.05774814504065656,0.4737442135810852
26775,0.10780005156993866,0.9554367065429688,0.01667996682226658,0.05775725639325554,0.47381162643432617
26800,0.10778792202472687,0.9554367065429688,0.01664997823536396,0.05774963314724368,0.4738788902759552
26825,0.10777581483125687,0.9554367065429688,0.016635116189718246,0.05776028840243171,0.4739461839199066
26850,0.10776371508836746,0.9554367065429688,0.01663144864141941,0.05773536882414351,0.4740133583545685
26875,0.10775159299373627,0.9554367065429688,0.016662536188960075,0.05769366500356206,0.47408050298690796
26900,0.10773948580026627,0.9554367065429688,0.016668515279889107,0.05758345959622423,0.4741475284099579
26925,0.10772738605737686,0.9554367065429688,0.01662728190422058,0.057688706216929515,0.4742145538330078
26950,0.10771530121564865,0.9554367065429688,0.016663365066051483,0.05743586532098956,0.4742814898490906
26975,0.10770324617624283,0.9554367065429688,0.01665339805185795,0.05742602995346825,0.47434839606285095
27000,0.107691191136837,0.9554367065429688,0.016629034653306007,0.05745720042256495,0.4744151830673218
27025,0.10767916589975357,0.9554367065429688,0.01663958467543125,0.0573220509997104,0.4744819700717926
27050,0.10766714066267014,0.9554367065429688,0.016603294759988785,0.05738982638941021,0.47454872727394104
27075,0.1076551228761673,0.9554367065429688,0.01661638915538788,0.05730257964264816,0.4746153950691223
27100,0.10764312744140625,0.9554367065429688,0.0166106466203928,0.057244031731209365,0.4746820032596588
27125,0.10763111710548401,0.9554367065429688,0.016593031585216522,0.05731741935059187,0.47474852204322815
27150,0.10761912167072296,0.9554367065429688,0.016606325283646584,0.0571603569765513,0.4748149812221527
27175,0.10760714113712311,0.9554367065429688,0.01662062481045723,0.057194564406251334,0.4748813509941101
27200,0.10759516805410385,0.9554367065429688,0.016602033749222755,0.057149383822368637,0.4749476909637451
27225,0.1075831949710846,0.9554367065429688,0.01660667359828949,0.05707211693303953,0.4750140309333801
27250,0.10757123678922653,0.9554367065429688,0.016588175669312477,0.057078644649785765,0.4750802218914032
27275,0.10755929350852966,0.9554367065429688,0.016574682667851448,0.057040093288669255,0.47514644265174866
27300,0.10754735767841339,0.9554367065429688,0.01657094433903694,0.05708879739240171,0.47521257400512695
27325,0.10753542929887772,0.9554367065429688,0.01655726134777069,0.0570295299910327,0.4752785265445709
27350,0.10752351582050323,0.9554367065429688,0.016560614109039307,0.05694803342566161,0.47534453868865967
27375,0.10751161724328995,0.9554367065429688,0.01653434708714485,0.056966167395965606,0.4754103720188141
27400,0.10749971866607666,0.9554367065429688,0.01655721291899681,0.05687248480867766,0.47547608613967896
27425,0.10748783499002457,0.9554367065429688,0.01653764396905899,0.05681255543071586,0.4755418300628662
27450,0.10747598856687546,0.9554367065429688,0.016509132459759712,0.056849039956356866,0.4756075441837311
27475,0.10746412724256516,0.9554367065429688,0.016502445563673973,0.05693896220109247,0.47567322850227356
27500,0.10745228081941605,0.9554367065429688,0.016516784206032753,0.056810809125182514,0.47573885321617126
27525,0.10744042694568634,0.9554367065429688,0.016527969390153885,0.0568729095042591,0.4758044481277466
27550,0.10742860287427902,0.9554367065429688,0.01651853322982788,0.056802091296312134,0.4758699834346771
27575,0.1074167862534523,0.9554367065429688,0.01649530977010727,0.05670621884304929,0.4759353995323181
27600,0.10740496963262558,0.9554367065429688,0.016493728384375572,0.05670574681920191,0.4760007858276367
27625,0.10739316791296005,0.9554367065429688,0.01649715006351471,0.05662978021466802,0.47606614232063293
27650,0.10738138109445572,0.9554367065429688,0.01650066301226616,0.05658610496115935,0.476131409406662
27675,0.10736958682537079,0.9554367065429688,0.016472546383738518,0.056533705464643556,0.47619664669036865
27700,0.10735783725976944,0.9554367065429688,0.016462644562125206,0.05650745719392449,0.47626179456710815
27725,0.10734609514474869,0.9554367065429688,0.016475588083267212,0.056586949925291265,0.47632691264152527
27750,0.10733434557914734,0.9554367065429688,0.016440952196717262,0.05651077738174186,0.4763920307159424
27775,0.10732262581586838,0.9554367065429688,0.0164500679820776,0.05644431956940067,0.4764570891857147
27800,0.10731090605258942,0.9554367065429688,0.01644968055188656,0.05635316723665293,0.4765219986438751
27825,0.10729920119047165,0.9554367065429688,0.016440648585557938,0.05634700436300844,0.47658687829971313
27850,0.10728751122951508,0.9554367065429688,0.01640952378511429,0.05643854036591972,0.47665175795555115
27875,0.1072758287191391,0.9554367065429688,0.016431739553809166,0.05632783353794282,0.4767165184020996
27900,0.10726416856050491,0.9554367065429688,0.016388610005378723,0.05614700661071163,0.4767812490463257
27925,0.1072525754570961,0.9554367065429688,0.01635831780731678,0.05609541686258799,0.47684574127197266
27950,0.10724099725484848,0.9554367065429688,0.016348043456673622,0.05607069257452065,0.4769101142883301
27975,0.10722943395376205,0.9554367065429688,0.016339246183633804,0.056023870028009716,0.4769744873046875
28000,0.10721786320209503,0.9554367065429688,0.016328226774930954,0.05611447272968189,0.47703880071640015
28025,0.1072063148021698,0.9554367065429688,0.016341356560587883,0.05597186216676728,0.47710302472114563
28050,0.10719475895166397,0.9554367065429688,0.016323532909154892,0.05601202406429269,0.4771672189235687
28075,0.10718325525522232,0.9554367065429688,0.016303298994898796,0.05572913032680226,0.4772312641143799
28100,0.10717177391052246,0.9554367065429688,0.016356952488422394,0.05565664495292294,0.4772951900959015
28125,0.10716027021408081,0.9554367065429688,0.01628490909934044,0.055879345749258305,0.47735902667045593
28150,0.10714878141880035,0.9554367065429688,0.016283025965094566,0.05582854664661877,0.4774227738380432
28175,0.1071373000741005,0.9554367065429688,0.01630244590342045,0.055727888181740605,0.4774864614009857
28200,0.10712581872940063,0.9554367065429688,0.016276294365525246,0.0557818107709997,0.47755008935928345
28225,0.10711434483528137,0.9554367065429688,0.016282696276903152,0.055745441915429565,0.477613627910614
28250,0.1071028783917427,0.9554367065429688,0.016271764412522316,0.055746317155381885,0.4776771068572998
28275,0.10709142684936523,0.9554367065429688,0.01628398336470127,0.05562627508827417,0.4777405560016632
28300,0.10707997530698776,0.9554367065429688,0.016254760324954987,0.055696612444496675,0.47780391573905945
28325,0.10706853866577148,0.9554367065429688,0.016287103295326233,0.055643886960050494,0.4778672754764557
28350,0.1070571169257164,0.9554367065429688,0.01624339446425438,0.05567733725932345,0.4779305160045624
28375,0.10704571008682251,0.9554367065429688,0.016266856342554092,0.05548340945608177,0.4779937267303467
28400,0.10703431069850922,0.9554367065429688,0.01626332476735115,0.05544980623442499,0.478056937456131
28425,0.10702294111251831,0.9554367065429688,0.01622677966952324,0.055420698260108,0.4781200885772705
28450,0.10701155662536621,0.9554367065429688,0.016243750229477882,0.055607732663040914,0.47818323969841003
28475,0.10700014978647232,0.9554367065429688,0.01624506153166294,0.05551751243709663,0.4782463610172272
28500,0.10698875784873962,0.9554367065429688,0.016228826716542244,0.05551453051859575,0.47830942273139954
28525,0.10697736591100693,0.9554367065429688,0.016228938475251198,0.055532293251563586,0.47837239503860474
28550,0.10696601122617722,0.9554367065429688,0.01620543748140335,0.055378813759644624,0.47843533754348755
28575,0.10695469379425049,0.9554367065429688,0.016191499307751656,0.05537706673358419,0.4784982204437256
28600,0.10694336891174316,0.9554367065429688,0.01618318445980549,0.05535879607562889,0.47856101393699646
28625,0.10693205893039703,0.9554367065429688,0.016145646572113037,0.05542533201771274,0.47862377762794495
28650,0.1069207563996315,0.9554367065429688,0.01618104800581932,0.05526184463854114,0.47868651151657104
28675,0.10690945386886597,0.9554367065429688,0.016138805076479912,0.055400939197417995,0.47874921560287476
28700,0.10689819604158401,0.9554367065429688,0.016108905896544456,0.055235520228741175,0.47881177067756653
28725,0.10688699781894684,0.9554367065429688,0.016072997823357582,0.05506883446700247,0.47887423634529114
28750,0.10687580704689026,0.9554367065429688,0.016056053340435028,0.055070373278702414,0.47893664240837097
28775,0.10686463862657547,0.9554367065429688,0.01607355661690235,0.05505968873493179,0.4789990782737732
28800,0.10685347765684128,0.9554367065429688,0.01606946438550949,0.05520742852416253,0.479061484336853
28825,0.10684230923652649,0.9554367065429688,0.01603073626756668,0.05514194018044447,0.4791237711906433
28850,0.10683116316795349,0.9554367065429688,0.016017386689782143,0.055127166139853925,0.479186087846756
28875,0.1068200170993805,0.9554367065429688,0.01608937606215477,0.055006985527336,0.4792482554912567
28900,0.1068088561296463,0.9554367065429688,0.01604549214243889,0.05509024726661181,0.47931036353111267
28925,0.1067977175116539,0.9554367065429688,0.01602492295205593,0.05497552800003577,0.47937238216400146
28950,0.10678659379482269,0.9554367065429688,0.01601099967956543,0.05502323592801368,0.4794343113899231
28975,0.10677548497915268,0.9554367065429688,0.01603512279689312,0.054855533701270144,0.4794962406158447
29000,0.10676435381174088,0.9554367065429688,0.016071973368525505,0.05512761729854219,0.4795580804347992
29025,0.1067531481385231,0.9554367065429688,0.016100792214274406,0.05506178383483809,0.4796198010444641
29050,0.10674195736646652,0.9554367065429688,0.016087530180811882,0.055079890367821044,0.47968143224716187
29075,0.10673076659440994,0.9554367065429688,0.01612134836614132,0.05492075410384505,0.47974303364753723
29100,0.10671957582235336,0.9554367065429688,0.016107957810163498,0.05512284390297288,0.4798045754432678
29125,0.10670837014913559,0.9554367065429688,0.01607978716492653,0.055176767507237205,0.47986605763435364
29150,0.10669716447591782,0.9554367065429688,0.01608288660645485,0.05514381345777988,0.47992756962776184
29175,0.10668598115444183,0.9554367065429688,0.016103778034448624,0.0547596020237153,0.47998902201652527
29200,0.10667484253644943,0.9554367065429688,0.016062498092651367,0.054769224614916234,0.4800504744052887
29225,0.10666373372077942,0.9554367065429688,0.0160589087754488,0.05472741916462076,0.4801119267940521
29250,0.10665266215801239,0.9554367065429688,0.016024746000766754,0.054594361205754074,0.48017314076423645
29275,0.10664158314466476,0.9554367065429688,0.01603485271334648,0.05455745634745851,0.480234295129776
29300,0.10663053393363953,0.9554367065429688,0.016040358692407608,0.05457369509252059,0.48029541969299316
29325,0.10661947727203369,0.9554367065429688,0.01600228250026703,0.05458500283851262,0.48035645484924316
29350,0.10660843551158905,0.9554367065429688,0.016012800857424736,0.054492163272354364,0.48041751980781555
29375,0.10659748315811157,0.9554367065429688,0.01593419350683689,0.05434368874619492,0.48047855496406555
29400,0.10658653825521469,0.9554367065429688,0.015919864177703857,0.05433708903874825,0.4805395007133484
29425,0.1065756231546402,0.9554367065429688,0.015902651473879814,0.054102265083967566,0.48060035705566406
29450,0.1065647304058075,0.9554367065429688,0.015922285616397858,0.05411621709122534,0.4806610941886902
29475,0.10655383765697479,0.9554367065429688,0.015895379707217216,0.054167900608328955,0.48072177171707153
29500,0.10654300451278687,0.9554367065429688,0.015875613316893578,0.05384684295990836,0.4807823598384857
29525,0.10653218626976013,0.9554367065429688,0.01588253490626812,0.05375682912431116,0.4808428883552551
29550,0.106521375477314,0.9554367065429688,0.015864871442317963,0.05380583154634133,0.4809033274650574
29575,0.10651057958602905,0.9554367065429688,0.015865759924054146,0.05396768162385528,0.48096373677253723
29600,0.10649979114532471,0.9554367065429688,0.015861615538597107,0.05375354783670832,0.4810241162776947
29625,0.10648899525403976,0.9554367065429688,0.015854736790060997,0.0537540196519898,0.4810843765735626
29650,0.10647822171449661,0.9554367065429688,0.01582508161664009,0.053968085610456795,0.48114460706710815
29675,0.10646744817495346,0.9554367065429688,0.015851320698857307,0.05362699933315393,0.4812047779560089
29700,0.1064566895365715,0.9554367065429688,0.01581837795674801,0.0537302714670105,0.48126494884490967
29725,0.10644593834877014,0.9554367065429688,0.015879448503255844,0.05369049193876548,0.48132503032684326
29750,0.10643519461154938,0.9554367065429688,0.015824753791093826,0.053685107724741644,0.4813850224018097
29775,0.10642445832490921,0.9554367065429688,0.015816427767276764,0.053602154265522575,0.4814450144767761
29800,0.10641372203826904,0.9554367065429688,0.015812145546078682,0.05359064983172784,0.4815049171447754
29825,0.10640300065279007,0.9554367065429688,0.01583615131676197,0.053785707045708876,0.48156484961509705
29850,0.1063922718167305,0.9554367065429688,0.015830915421247482,0.053496540438188384,0.4816247224807739
29875,0.10638155788183212,0.9554367065429688,0.015803758054971695,0.05356953813497467,0.48168450593948364
29900,0.10637083649635315,0.9554367065429688,0.01580403931438923,0.05348289686089834,0.4817442297935486
29925,0.10636013746261597,0.9554367065429688,0.01581161469221115,0.053453532712114504,0.4818040430545807
29950,0.10634943097829819,0.9554367065429688,0.015791956335306168,0.05350699780050391,0.48186373710632324
29975,0.10633876919746399,0.9554367065429688,0.015767157077789307,0.05338647475559758,0.4819234013557434
30000,0.10632810741662979,0.9554367065429688,0.015753570944070816,0.05342572197935109,0.4819830358028412
30025,0.10631746053695679,0.9554367065429688,0.015764614567160606,0.05333804993227513,0.4820426404476166
30050,0.10630682110786438,0.9554367065429688,0.015755167230963707,0.053325125860289146,0.4821022152900696
30075,0.10629617422819138,0.9554367065429688,0.01575993187725544,0.05332190550019044,0.4821617305278778
30100,0.10628552734851837,0.9554367065429688,0.015757663175463676,0.053290894965555634,0.48222121596336365
30125,0.10627490282058716,0.9554367065429688,0.015763675794005394,0.053343833745544855,0.4822806417942047
30150,0.10626427084207535,0.9554367065429688,0.015755651518702507,0.05327536651307471,0.48234009742736816
30175,0.10625363886356354,0.9554367065429688,0.015766547992825508,0.05340112246455867,0.4823995530605316
30200,0.10624299198389053,0.9554367065429688,0.015771521255373955,0.053509253895553506,0.48245906829833984
30225,0.10623235255479813,0.9554367065429688,0.01577150821685791,0.05324619679871058,0.4825185537338257
30250,0.10622172802686691,0.9554367065429688,0.015786776319146156,0.053214505929790566,0.4825780391693115
30275,0.1062110885977745,0.9554367065429688,0.015774954110383987,0.053271261878745056,0.4826374650001526
30300,0.10620046406984329,0.9554367065429688,0.015785496681928635,0.05317362871374219,0.48269689083099365
30325,0.1061898022890091,0.9554367065429688,0.015877308323979378,0.053280278300063426,0.4827563166618347
30350,0.1061791405081749,0.9554367065429688,0.015771964564919472,0.05327932061775105,0.4828157126903534
30375,0.10616850107908249,0.9554367065429688,0.015824245288968086,0.053280927184299935,0.4828750789165497
30400,0.10615789145231247,0.9554367065429688,0.01577148772776127,0.05312855653202227,0.48293444514274597
30425,0.10614727437496185,0.9554367065429688,0.015782015398144722,0.05303592600198748,0.48299381136894226
30450,0.10613666474819183,0.9554367065429688,0.015760114416480064,0.05308563936847087,0.483053058385849
30475,0.10612606257200241,0.9554367065429688,0.01576825976371765,0.05298937848340502,0.48311227560043335
30500,0.10611546784639359,0.9554367065429688,0.01572204753756523,0.05321704623295931,0.4831714630126953
30525,0.10610489547252655,0.9554367065429688,0.015725228935480118,0.05320283239588145,0.4832306206226349
30550,0.10609431564807892,0.9554367065429688,0.01573937200009823,0.05307629132913241,0.4832896888256073
30575,0.10608375072479248,0.9554367065429688,0.0157279372215271,0.053047919044733306,0.4833487868309021
30600,0.10607318580150604,0.9554367065429688,0.01571887545287609,0.05305549616137801,0.48340779542922974
30625,0.1060626283288002,0.9554367065429688,0.01571727730333805,0.05299743454150009,0.483466774225235
30650,0.10605207830667496,0.9554367065429688,0.015728766098618507,0.052989453955834376,0.48352569341659546
30675,0.10604153573513031,0.9554367065429688,0.01570860855281353,0.05294490920789518,0.48358458280563354
30700,0.10603100061416626,0.9554367065429688,0.01570887491106987,0.052969602658053824,0.48364341259002686
30725,0.1060204803943634,0.9554367065429688,0.01572497934103012,0.0528420957117918,0.4837021827697754
30750,0.10600996017456055,0.9554367065429688,0.01569669507443905,0.05288765729565932,0.4837609529495239
30775,0.10599943995475769,0.9554367065429688,0.015715831890702248,0.05280139896840054,0.4838196635246277
30800,0.10598893463611603,0.9554367065429688,0.01566782407462597,0.05295252501478727,0.48387831449508667
30825,0.10597843676805496,0.9554367065429688,0.015699349343776703,0.0527630039809837,0.48393693566322327
30850,0.1059679463505745,0.9554367065429688,0.01569066382944584,0.052762168818744556,0.4839954674243927
30875,0.10595746338367462,0.9554367065429688,0.01568073034286499,0.05273538779224847,0.4840540289878845
30900,0.10594698786735535,0.9554367065429688,0.015676043927669525,0.052716760722736955,0.4841125011444092
30925,0.10593651980161667,0.9554367065429688,0.015678726136684418,0.05270765827181053,0.4841708838939667
30950,0.10592605918645859,0.9554367065429688,0.01568286493420601,0.05264155217540995,0.48422926664352417
30975,0.1059156209230423,0.9554367065429688,0.01566918194293976,0.0526134234338101,0.4842876195907593
31000,0.10590516030788422,0.9554367065429688,0.01567370630800724,0.05260402289667261,0.4843458831310272
31025,0.10589472949504852,0.9554367065429688,0.01567699946463108,0.05251357041888792,0.4844041168689728
31050,0.10588428378105164,0.9554367065429688,0.015643086284399033,0.05267434222210291,0.48446232080459595
31075,0.10587386041879654,0.9554367065429688,0.01565004140138626,0.052543329020641294,0.48452049493789673
31100,0.10586342215538025,0.9554367065429688,0.015624028630554676,0.052658920127107316,0.48457854986190796
31125,0.10585300624370575,0.9554367065429688,0.015643920749425888,0.05244289296096812,0.4846365749835968
31150,0.10584261268377304,0.9554367065429688,0.015599259175360203,0.05258520437034029,0.48469454050064087
31175,0.10583223402500153,0.9554367065429688,0.015596196055412292,0.05251442448104482,0.48475244641304016
31200,0.10582185536623001,0.9554367065429688,0.015599013306200504,0.052499231848943624,0.4848102927207947
31225,0.10581144690513611,0.9554367065429688,0.015644961968064308,0.052609836989436685,0.4848680794239044
31250,0.10580109804868698,0.9554367065429688,0.015548006631433964,0.052675184261516066,0.4849258363246918
31275,0.10579075664281845,0.9554367065429688,0.015571626834571362,0.052379828191078774,0.48498350381851196
31300,0.10578042268753052,0.9554367065429688,0.015531796030700207,0.05248910683313433,0.485041081905365
31325,0.10577011108398438,0.9554367065429688,0.015527337789535522,0.05247290198982833,0.48509863018989563
31350,0.10575979202985764,0.9554367065429688,0.01556567195802927,0.052319888643036876,0.48515617847442627
31375,0.10574948787689209,0.9554367065429688,0.015536115504801273,0.05237124898585342,0.48521360754966736
31400,0.10573917627334595,0.9554367065429688,0.015517120249569416,0.052424569081255014,0.4852711260318756
31425,0.105728879570961,0.9554367065429688,0.01551910862326622,0.052373710647107455,0.4853285253047943
31450,0.10571859031915665,0.9554367065429688,0.015508265234529972,0.05235377472721546,0.4853858947753906
31475,0.10570830851793289,0.9554367065429688,0.01550368219614029,0.05253229046477831,0.48544320464134216
31500,0.10569803416728973,0.9554367065429688,0.015553380362689495,0.0521856083398788,0.4855004847049713
31525,0.10568775236606598,0.9554367065429688,0.015521838329732418,0.05217405989186394,0.4855578541755676
31550,0.10567750036716461,0.9554367065429688,0.015524611808359623,0.052219708630989486,0.4856151342391968
31575,0.10566724836826324,0.9554367065429688,0.015505441464483738,0.05209955700098921,0.48567235469818115
31600,0.10565702617168427,0.9554367065429688,0.015460606664419174,0.05226109997415552,0.48572951555252075
31625,0.10564680397510529,0.9554367065429688,0.0154808908700943,0.052080871318249865,0.48578664660453796
31650,0.1056365966796875,0.9554367065429688,0.015507391653954983,0.05218926172542716,0.4858437776565552
31675,0.10562639683485031,0.9554367065429688,0.015486120246350765,0.05206197913371352,0.4859008193016052
31700,0.10561615228652954,0.9554367065429688,0.015483411028981209,0.052209664831396614,0.48595792055130005
31725,0.10560591518878937,0.9554367065429688,0.015489187091588974,0.052139568536869116,0.4860150218009949
31750,0.1055956706404686,0.9554367065429688,0.015475128777325153,0.05218099462752066,0.4860721230506897
31775,0.1055854856967926,0.9554367065429688,0.015437283553183079,0.05215994483247005,0.48612910509109497
31800,0.10557529330253601,0.9554367065429688,0.015436653979122639,0.05206534222323674,0.4861859679222107
31825,0.1055651307106018,0.9554367065429688,0.015412054024636745,0.05203968695363971,0.48624280095100403
31850,0.1055549681186676,0.9554367065429688,0.015406455844640732,0.05201505055475716,0.4862995445728302
31875,0.10554482787847519,0.9554367065429688,0.015450949780642986,0.051810777558900276,0.48635628819465637
31900,0.10553469508886337,0.9554367065429688,0.015415146015584469,0.051868751340768605,0.48641297221183777
31925,0.10552456974983215,0.9554367065429688,0.01541130244731903,0.051873867952566266,0.4864696264266968
31950,0.10551444441080093,0.9554367065429688,0.015406208112835884,0.05190084980153153,0.4865261912345886
31975,0.10550431907176971,0.9554367065429688,0.015393676236271858,0.051911245059579246,0.48658278584480286
32000,0.10549420863389969,0.9554367065429688,0.015427406877279282,0.051922713267454124,0.4866393506526947
32025,0.10548409074544907,0.9554367065429688,0.015396579168736935,0.051856154794995016,0.4866958260536194
32050,0.10547397285699844,0.9554367065429688,0.015397214330732822,0.051860742280500034,0.4867522716522217
32075,0.10546386986970901,0.9554367065429688,0.015391560271382332,0.05180661069207595,0.4868086874485016
32100,0.10545376688241959,0.9554367065429688,0.015398171730339527,0.0517704777110139,0.4868651032447815
32125,0.10544367134571075,0.9554367065429688,0.01534092053771019,0.05165016798345565,0.486921489238739
32150,0.1054336279630661,0.9554367065429688,0.015337226912379265,0.05165449024563381,0.48697778582572937
32175,0.10542360693216324,0.9554367065429688,0.015328134410083294,0.05161500692296511,0.48703399300575256
32200,0.10541359335184097,0.9554367065429688,0.015309859998524189,0.05143001885985035,0.4870901107788086
32225,0.10540363192558289,0.9554367065429688,0.015282034873962402,0.051436504281060086,0.48714616894721985
32250,0.1053936630487442,0.9554367065429688,0.015334059484302998,0.05136403568560199,0.4872022271156311
32275,0.10538367927074432,0.9554367065429688,0.015346899628639221,0.05132467392481816,0.4872582256793976
32300,0.10537370294332504,0.9554367065429688,0.015345746651291847,0.05127652127244446,0.48731422424316406
32325,0.10536373406648636,0.9554367065429688,0.015325660817325115,0.05130852057282001,0.48737016320228577
32350,0.10535377264022827,0.9554367065429688,0.015360357239842415,0.05127414317847126,0.4874260425567627
32375,0.10534381866455078,0.9554367065429688,0.01531490683555603,0.05127694680288695,0.4874819219112396
32400,0.10533387959003448,0.9554367065429688,0.015285634435713291,0.051170555273010634,0.4875377416610718
32425,0.10532395541667938,0.9554367065429688,0.015283780172467232,0.05115003861861056,0.4875934422016144
32450,0.10531403869390488,0.9554367065429688,0.015313721261918545,0.05135613687988958,0.4876490831375122
32475,0.10530407726764679,0.9554367065429688,0.015316958539187908,0.05127633599989393,0.487704873085022
32500,0.10529410094022751,0.9554367065429688,0.015379291027784348,0.0513250902384521,0.4877605140209198
32525,0.10528411716222763,0.9554367065429688,0.015292083844542503,0.05116888162136888,0.48781630396842957
32550,0.10527419298887253,0.9554367065429688,0.01529892347753048,0.05116900957902262,0.48787203431129456
32575,0.10526430606842041,0.9554367065429688,0.01526638027280569,0.05096084784211161,0.48792776465415955
32600,0.10525443404912949,0.9554367065429688,0.01526850089430809,0.05093031869433447,0.48798346519470215
32625,0.10524456948041916,0.9554367065429688,0.015297845005989075,0.0508464432906577,0.48803913593292236
32650,0.10523471981287003,0.9554367065429688,0.01525161974132061,0.05093478039504499,0.4880947470664978
32675,0.1052248552441597,0.9554367065429688,0.015359442681074142,0.05095957164581475,0.48815029859542847
32700,0.1052149310708046,0.9554367065429688,0.015336839482188225,0.05090355138302967,0.48820576071739197
32725,0.10520501434803009,0.9554367065429688,0.0153267290443182,0.050962986515731085,0.48826122283935547
32750,0.10519511252641678,0.9554367065429688,0.01529233530163765,0.05087464068853429,0.4883165955543518
32775,0.10518525540828705,0.9554367065429688,0.015284153632819653,0.05081460764243482,0.48837193846702576
32800,0.10517540574073792,0.9554367065429688,0.015258388593792915,0.050689559436067635,0.48842722177505493
32825,0.10516558587551117,0.9554367065429688,0.01522840280085802,0.05077171054760376,0.48848235607147217
32850,0.10515578091144562,0.9554367065429688,0.015248621813952923,0.05063800009190092,0.4885374903678894
32875,0.10514596849679947,0.9554367065429688,0.015244198963046074,0.05070238949040861,0.4885926842689514
32900,0.10513614118099213,0.9554367065429688,0.015337876044213772,0.051088333616349915,0.48864781856536865
32925,0.10512620955705643,0.9554367065429688,0.0153181292116642,0.051107309132317126,0.48870325088500977
32950,0.10511627793312073,0.9554367065429688,0.01531373243778944,0.051089661405120314,0.4887586534023285
32975,0.10510636121034622,0.9554367065429688,0.015307669527828693,0.05110290148086223,0.4888140559196472
33000,0.10509644448757172,0.9554367065429688,0.015299828723073006,0.05072657817901186,0.48886939883232117
33025,0.10508659482002258,0.9554367065429688,0.015272494405508041,0.05074824924054466,0.4889247417449951
33050,0.10507676750421524,0.9554367065429688,0.015261871740221977,0.050804518888682954,0.4889800548553467
33075,0.10506691783666611,0.9554367065429688,0.015288636088371277,0.050751668914752544,0.4890352487564087
33100,0.10505708307027817,0.9554367065429688,0.015259800478816032,0.05065669189513315,0.4890904128551483
33125,0.10504726320505142,0.9554367065429688,0.015261383727192879,0.05075689408989691,0.48914554715156555
33150,0.10503743588924408,0.9554367065429688,0.01524397823959589,0.050878619956480436,0.4892006516456604
33175,0.10502759367227554,0.9554367065429688,0.015257484279572964,0.050807608861006444,0.4892556965351105
33200,0.1050177663564682,0.9554367065429688,0.015248045325279236,0.05083052141757048,0.48931068181991577
33225,0.10500793904066086,0.9554367065429688,0.015260242857038975,0.05076053777855904,0.4893656373023987
33250,0.10499811172485352,0.9554367065429688,0.01527739129960537,0.05058388022603225,0.489420622587204
33275,0.10498828440904617,0.9554367065429688,0.015286223962903023,0.05057892559709141,0.4894755482673645
33300,0.10497846454381943,0.9554367065429688,0.015236034989356995,0.05070917972415821,0.48953044414520264
33325,0.10496865212917328,0.9554367065429688,0.015232431702315807,0.05069374881545988,0.48958534002304077
33350,0.10495883971452713,0.9554367065429688,0.015249782241880894,0.05063471232077574,0.48964014649391174
33375,0.10494904965162277,0.9554367065429688,0.01526445522904396,0.05042288200135123,0.4896949231624603
33400,0.10493932664394379,0.9554367065429688,0.015210856683552265,0.050281221580415966,0.48974913358688354
33425,0.1049296036362648,0.9554367065429688,0.015206803567707539,0.0502617064619588,0.489803284406662
33450,0.10491988062858582,0.9554367065429688,0.015220414847135544,0.05030464667909467,0.48985743522644043
33475,0.10491014271974564,0.9554367065429688,0.015225143171846867,0.0502188699358309,0.4899115264415741
33500,0.10490041971206665,0.9554367065429688,0.015201210044324398,0.05047909011473319,0.4899655878543854
33525,0.10489071160554886,0.9554367065429688,0.015221387147903442,0.05024556393979981,0.4900195598602295
33550,0.10488098859786987,0.9554367065429688,0.015202699229121208,0.05024488135553002,0.490073561668396
33575,0.10487128794193268,0.9554367065429688,0.01518840342760086,0.05021958805975187,0.49012747406959534
33600,0.10486159473657608,0.9554367065429688,0.015193956904113293,0.050131173283011525,0.4901813864707947
33625,0.10485192388296127,0.9554367065429688,0.015144535340368748,0.05020393912443504,0.49023523926734924
33650,0.10484225302934647,0.9554367065429688,0.015175357460975647,0.05009866845105113,0.49028903245925903
33675,0.10483260452747345,0.9554367065429688,0.015170271508395672,0.05009978375202942,0.4903428256511688
33700,0.10482295602560043,0.9554367065429688,0.01515018381178379,0.050128819048725036,0.49039655923843384
33725,0.10481329262256622,0.9554367065429688,0.01513349823653698,0.05014753151087065,0.49045026302337646
33750,0.1048036739230156,0.9554367065429688,0.015154545195400715,0.05007245320918892,0.4905039668083191
33775,0.10479402542114258,0.9554367065429688,0.015152351930737495,0.050115169737825996,0.49055764079093933
33800,0.10478439927101135,0.9554367065429688,0.01516205258667469,0.049936377654156754,0.49061131477355957
33825,0.10477477312088013,0.9554367065429688,0.015120817348361015,0.05009048016833886,0.49066492915153503
33850,0.1047651544213295,0.9554367065429688,0.01513946894556284,0.05005913251144891,0.4907185137271881
33875,0.10475554317235947,0.9554367065429688,0.01509758923202753,0.05004271447492165,0.4907721281051636
33900,0.10474595427513123,0.9554367065429688,0.015135400928556919,0.04989771372135142,0.4908256530761719
33925,0.10473635047674179,0.9554367065429688,0.015102557837963104,0.05011534727171286,0.490879088640213
33950,0.10472676157951355,0.9554367065429688,0.015104146674275398,0.050066398424225673,0.49093255400657654
33975,0.1047171950340271,0.9554367065429688,0.015077289193868637,0.04999418513228577,0.4909858703613281
34000,0.10470761358737946,0.9554367065429688,0.015092776156961918,0.04997414879928907,0.49103930592536926
34025,0.10469803959131241,0.9554367065429688,0.015078462660312653,0.049996585183848564,0.491092711687088
34050,0.10468846559524536,0.9554367065429688,0.0150619400665164,0.05001466704788464,0.49114614725112915
34075,0.10467890650033951,0.9554367065429688,0.015061071142554283,0.05003870104322317,0.49119946360588074
34100,0.10466934740543365,0.9554367065429688,0.015059773810207844,0.05003093573672743,0.4912528097629547
34125,0.10465981066226959,0.9554367065429688,0.015021074563264847,0.04999943535956151,0.4913060665130615
34150,0.10465028136968613,0.9554367065429688,0.015012217685580254,0.04997460107799489,0.49135932326316833
34175,0.10464075952768326,0.9554367065429688,0.015021507628262043,0.04991452211776585,0.49141252040863037
34200,0.10463124513626099,0.9554367065429688,0.015003668144345284,0.04992965143943045,0.49146568775177
34225,0.10462173819541931,0.9554367065429688,0.015021409839391708,0.049861382151659764,0.49151885509490967
34250,0.10461223870515823,0.9554367065429688,0.015016963705420494,0.04978780138670437,0.49157196283340454
34275,0.10460273921489716,0.9554367065429688,0.01501638162881136,0.04990256754182857,0.49162498116493225
34300,0.10459324717521667,0.9554367065429688,0.015005812980234623,0.049834124282796044,0.49167799949645996
34325,0.104583740234375,0.9554367065429688,0.01499764434993267,0.049882119942048976,0.4917309582233429
34350,0.10457424074411392,0.9554367065429688,0.01501350849866867,0.0498871687307404,0.49178382754325867
34375,0.10456475615501404,0.9554367065429688,0.015020668506622314,0.049842579896014046,0.49183663725852966
34400,0.10455526411533356,0.9554367065429688,0.014973441138863564,0.0498114833993367,0.4918893873691559
34425,0.10454579442739487,0.9554367065429688,0.014970783144235611,0.04980050055710886,0.4919421076774597
34450,0.10453634709119797,0.9554367065429688,0.014943460933864117,0.049818853750829936,0.49199479818344116
34475,0.10452691465616226,0.9554367065429688,0.01495872437953949,0.049911331141586704,0.492047518491745
34500,0.10451748967170715,0.9554367065429688,0.014925409108400345,0.049740773508046586,0.4921001195907593
34525,0.10450807213783264,0.9554367065429688,0.014920748770236969,0.04971919214008223,0.49215278029441833
34550,0.10449864715337753,0.9554367065429688,0.014926222153007984,0.049676385012161275,0.4922053813934326
34575,0.10448923707008362,0.9554367065429688,0.014920277521014214,0.049715367124291775,0.4922579526901245
34600,0.1044798344373703,0.9554367065429688,0.014895322732627392,0.049752752711186204,0.492310494184494
34625,0.10447044670581818,0.9554367065429688,0.014915438368916512,0.04976397960117903,0.49236294627189636
34650,0.10446104407310486,0.9554367065429688,0.014969542622566223,0.04973359705647225,0.49241533875465393
34675,0.10445160418748856,0.9554367065429688,0.014922848902642727,0.04965729053392525,0.49246746301651
34700,0.10444221645593643,0.9554367065429688,0.014893057756125927,0.04974703786573388,0.4925195872783661
34725,0.10443282127380371,0.9554367065429688,0.01490007247775793,0.04966998707226398,0.4925716519355774
34750,0.10442343354225159,0.9554367065429688,0.014934251084923744,0.049604833640665376,0.4926236867904663
34775,0.10441405326128006,0.9554367065429688,0.014930824749171734,0.04956611969041444,0.49267566204071045
34800,0.10440466552972794,0.9554367065429688,0.01494530402123928,0.04959985420204623,0.49272769689559937
34825,0.10439524799585342,0.9554367065429688,0.01495402306318283,0.049543698109228,0.4927799105644226
34850,0.10438583791255951,0.9554367065429688,0.014949731528759003,0.049537675590728296,0.49283212423324585
34875,0.10437643527984619,0.9554367065429688,0.014910416677594185,0.04969106090582533,0.4928842782974243
34900,0.10436704009771347,0.9554367065429688,0.01495177112519741,0.04937762031910301,0.492936372756958
34925,0.10435766726732254,0.9554367065429688,0.014939348213374615,0.04942830863336106,0.49298837780952454
34950,0.10434828698635101,0.9554367065429688,0.01494442019611597,0.04954286728290033,0.4930403530597687
34975,0.10433894395828247,0.9554367065429688,0.014859200455248356,0.04949370626213155,0.49309226870536804
35000,0.10432960838079453,0.9554367065429688,0.014875211752951145,0.04945089659646348,0.4931442141532898
35025,0.10432028025388718,0.9554367065429688,0.014864911325275898,0.04952738565894876,0.493196040391922
35050,0.10431094467639923,0.9554367065429688,0.01488036010414362,0.04938651580984438,0.4932478964328766
35075,0.10430161654949188,0.9554367065429688,0.014877444133162498,0.04937342767195301,0.4932997226715088
35100,0.10429228097200394,0.9554367065429688,0.014865392819046974,0.04946814052830379,0.49335145950317383
35125,0.10428296029567719,0.9554367065429688,0.014896002598106861,0.04925679436054846,0.49340322613716125
35150,0.10427364706993103,0.9554367065429688,0.014844904653728008,0.049434300021136635,0.4934549331665039
35175,0.10426433384418488,0.9554367065429688,0.014877102337777615,0.04929913322799463,0.49350664019584656
35200,0.10425503551959991,0.9554367065429688,0.014893942512571812,0.04946945224731554,0.4935583472251892
35225,0.10424573719501495,0.9554367065429688,0.014823870733380318,0.049149655415232314,0.4936100244522095
35250,0.10423649847507477,0.9554367065429688,0.014828830026090145,0.04899909573971703,0.4936615824699402
35275,0.10422726720571518,0.9554367065429688,0.014822712168097496,0.04898482922594608,0.4937131106853485
35300,0.104218028485775,0.9554367065429688,0.014814898371696472,0.049091153024025634,0.49376457929611206
35325,0.1042087972164154,0.9554367065429688,0.014810561202466488,0.04908500746750203,0.4938160181045532
35350,0.10419957339763641,0.9554367065429688,0.01480560377240181,0.04902612518623012,0.4938673973083496
35375,0.10419035702943802,0.9554367065429688,0.014860806055366993,0.04873848530807756,0.4939188063144684
35400,0.10418111830949783,0.9554367065429688,0.014873620122671127,0.04892899736820566,0.49397012591362
35425,0.10417185723781586,0.9554367065429688,0.01485053263604641,0.0490045088384603,0.4940214455127716
35450,0.10416261106729507,0.9554367065429688,0.014838195405900478,0.04896802732668502,0.49407273530960083
35475,0.10415336489677429,0.9554367065429688,0.014844801276922226,0.04894164047850866,0.4941238760948181
35500,0.1041441336274147,0.9554367065429688,0.014846417121589184,0.048864069727699584,0.49417510628700256
35525,0.10413490980863571,0.9554367065429688,0.014833260327577591,0.04891624083660743,0.49422627687454224
35550,0.10412568598985672,0.9554367065429688,0.014821713790297508,0.04891725323228905,0.4942774474620819
35575,0.10411648452281952,0.9554367065429688,0.014854094944894314,0.048998641733750375,0.49432849884033203
35600,0.10410726815462112,0.9554367065429688,0.014805165119469166,0.048866189285154606,0.4943796694278717
35625,0.10409808158874512,0.9554367065429688,0.014804765582084656,0.04889016579662211,0.49443069100379944
35650,0.10408888757228851,0.9554367065429688,0.014813641086220741,0.04881476904557485,0.49448174238204956
35675,0.1040797084569931,0.9554367065429688,0.014801082201302052,0.04881672990864619,0.4945327341556549
35700,0.1040705218911171,0.9554367065429688,0.014795900322496891,0.04879276189239368,0.49458369612693787
35725,0.10406135767698288,0.9554367065429688,0.014793189242482185,0.04878139574736867,0.4946346879005432
35750,0.10405218601226807,0.9554367065429688,0.014791756868362427,0.048760197096680356,0.49468567967414856
35775,0.10404301434755325,0.9554367065429688,0.014813763089478016,0.048661535845043395,0.49473661184310913
35800,0.10403386503458023,0.9554367065429688,0.014753586612641811,0.048603696749069086,0.4947875738143921
35825,0.1040247455239296,0.9554367065429688,0.01474860031157732,0.04858249536696072,0.4948384165763855
35850,0.10401564091444016,0.9554367065429688,0.01470041275024414,0.04840179580788778,0.4948892593383789
35875,0.10400659590959549,0.9554367065429688,0.01467171125113964,0.04852997306407294,0.49494025111198425
35900,0.10399753600358963,0.9554367065429688,0.014681722968816757,0.048445599928212346,0.4949911832809448
35925,0.10398849844932556,0.9554367065429688,0.014694496057927608,0.04836998817637851,0.49504202604293823
35950,0.1039794534444809,0.9554367065429688,0.014674398116767406,0.04848493163093448,0.49509286880493164
35975,0.10397042334079742,0.9558823108673096,0.014671029523015022,0.04847393314508864,0.49514368176460266
36000,0.10396139323711395,0.9558823108673096,0.014670503325760365,0.048400968792833676,0.4951944947242737
36025,0.10395235568284988,0.9558823108673096,0.014688819646835327,0.048332813394851085,0.4952453076839447
36050,0.10394331812858582,0.9558823108673096,0.014687230810523033,0.04834366773943883,0.49529626965522766
36075,0.10393429547548294,0.9558823108673096,0.014716836623847485,0.04835106940806709,0.4953473210334778
36100,0.10392526537179947,0.9558823108673096,0.014658719301223755,0.0483827987115423,0.49539825320243835
36125,0.10391625761985779,0.9558823108673096,0.01466220710426569,0.048446310001372346,0.4954491853713989
36150,0.10390724986791611,0.9558823108673096,0.01466043759137392,0.048328923357739424,0.4955000579357147
36175,0.10389825701713562,0.9558823108673096,0.014671292155981064,0.04824352061439438,0.49555090069770813
36200,0.10388927161693573,0.9558823108673096,0.01466126274317503,0.048113048297989215,0.4956016540527344
36225,0.10388030856847763,0.9558823108673096,0.014630022458732128,0.048089828042300456,0.4956524074077606
36250,0.10387137532234192,0.9558823108673096,0.014574280008673668,0.04811530341221897,0.4957031309604645
36275,0.103862464427948,0.9558823108673096,0.014600039459764957,0.04809351985465161,0.4957538843154907
36300,0.10385355353355408,0.9558823108673096,0.014582113362848759,0.04808139074203587,0.4958045482635498
36325,0.10384460538625717,0.9558823108673096,0.01463361270725727,0.048311531831211944,0.4958552420139313
36350,0.10383561253547668,0.9558823108673096,0.014639792963862419,0.04843299077241056,0.4959059953689575
36375,0.10382663458585739,0.9558823108673096,0.014643504284322262,0.04834272519732154,0.495956689119339
36400,0.1038176566362381,0.9558823108673096,0.01464676670730114,0.0482783453532812,0.49600738286972046
36425,0.1038086786866188,0.9558823108673096,0.014635486528277397,0.048150283463200716,0.49605804681777954
36450,0.1037997305393219,0.9558823108673096,0.0146174943074584,0.04820287083982916,0.4961087107658386
36475,0.1037907674908638,0.9558823108673096,0.014606298878788948,0.04818006747325994,0.4961594045162201
36500,0.10378182679414749,0.9558823108673096,0.014588585123419762,0.048150373409614304,0.496209979057312
36525,0.10377289354801178,0.9558823108673096,0.014614461921155453,0.04824527965474615,0.49626055359840393
36550,0.10376396775245667,0.9558823108673096,0.014627437107264996,0.04814429045568673,0.49631109833717346
36575,0.10375501215457916,0.9558823108673096,0.0146569162607193,0.04809532634798969,0.4963616132736206
36600,0.10374607145786285,0.9558823108673096,0.014614657498896122,0.048168653293453205,0.496412068605423
36625,0.10373713076114655,0.9558823108673096,0.014572175219655037,0.04795021456648732,0.49646255373954773
36650,0.10372824221849442,0.9558823108673096,0.014584450051188469,0.04792740946765074,0.4965129792690277
36675,0.10371934622526169,0.9558823108673096,0.014567039906978607,0.04792905276339989,0.4965634047985077
36700,0.10371046513319016,0.9558823108673096,0.01453903503715992,0.048057738689403676,0.4966138005256653
36725,0.10370158404111862,0.9558823108673096,0.01454546395689249,0.0479728166867415,0.4966641366481781
36750,0.10369271039962769,0.9558823108673096,0.014542894437909126,0.04796234215002412,0.4967145025730133
36775,0.10368383675813675,0.9558823108673096,0.014542491175234318,0.04798153711426628,0.49676480889320374
36800,0.10367496311664581,0.9558823108673096,0.014537307433784008,0.04793379952257507,0.4968150556087494
36825,0.10366609692573547,0.9558823108673096,0.014553445391356945,0.048013717940825845,0.4968653917312622
36850,0.10365722328424454,0.9558823108673096,0.014532981440424919,0.047914510772687914,0.49691566824913025
36875,0.1036483496427536,0.9558823108673096,0.014575041830539703,0.047887983743766176,0.4969659149646759
36900,0.10363946110010147,0.9558823108673096,0.014557636342942715,0.04791136050088809,0.49701622128486633
36925,0.10363058000802994,0.9558823108673096,0.014545616693794727,0.047975560234874357,0.497066468000412
36950,0.1036216989159584,0.9558823108673096,0.01456961128860712,0.04795340443747584,0.49711665511131287
36975,0.10361281037330627,0.9558823108673096,0.01456298679113388,0.047910310379429166,0.4971669018268585
37000,0.10360392928123474,0.9558823108673096,0.014579610899090767,0.047843231199573795,0.4972171187400818
37025,0.1035950556397438,0.9558823108673096,0.014521506614983082,0.04790978430776921,0.4972672760486603
37050,0.10358618199825287,0.9558823108673096,0.014516487717628479,0.04798706718171109,0.49731776118278503
37075,0.10357733815908432,0.9558823108673096,0.014515450224280357,0.04800703482310073,0.497368186712265
37100,0.10356847196817398,0.9558823108673096,0.014537757262587547,0.04782751578946525,0.4974185824394226
37125,0.10355962067842484,0.9558823108673096,0.01450882013887167,0.04795675334133089,0.4974689781665802
37150,0.10355076193809509,0.9558823108673096,0.01455629337579012,0.04790521477031915,0.497519314289093
37175,0.10354191809892654,0.9558823108673096,0.014505477622151375,0.047936037731707584,0.49756965041160583
37200,0.103533074259758,0.9558823108673096,0.014533758163452148,0.04778766449899191,0.49761998653411865
37225,0.10352423042058945,0.9558823108673096,0.01453741081058979,0.047941439414860794,0.4976702630519867
37250,0.1035153940320015,0.9558823108673096,0.014549129642546177,0.04795803250894245,0.49772047996520996
37275,0.10350651293992996,0.9558823108673096,0.014571123756468296,0.047947273948944595,0.497770756483078
37300,0.10349762439727783,0.9558823108673096,0.014577018097043037,0.04788006811887065,0.49782100319862366
37325,0.1034887358546257,0.9558823108673096,0.01455856952816248,0.04804573837635554,0.4978712201118469
37350,0.10347983986139297,0.9558823108673096,0.01456770021468401,0.04792802573656127,0.4979214668273926
37375,0.10347095131874084,0.9558823108673096,0.014569945633411407,0.04792709849836572,0.49797162413597107
37400,0.10346206277608871,0.9558823108673096,0.01455975417047739,0.04790081508766808,0.49802178144454956
37425,0.10345318913459778,0.9558823108673096,0.014552817679941654,0.04798179426744055,0.4980719983577728
37450,0.10344432294368744,0.9558823108673096,0.014540352858603,0.04792344009136407,0.4981222152709961
37475,0.1034354642033577,0.9558823108673096,0.014540797099471092,0.04778450159442695,0.49817243218421936
37500,0.10342659801244736,0.9558823108673096,0.014588069170713425,0.04797525034291028,0.4982226490974426
37525,0.10341771692037582,0.9563279747962952,0.014560486190021038,0.04788464889236859,0.49827271699905396
37550,0.10340885072946548,0.9563279747962952,0.01457480899989605,0.047935456581028456,0.4983227849006653
37575,0.10339997708797455,0.9563279747962952,0.014543509110808372,0.04786545308287522,0.4983728229999542
37600,0.1033911183476448,0.9563279747962952,0.014547291211783886,0.04786441453153756,0.498422771692276
37625,0.10338226705789566,0.9563279747962952,0.014536204747855663,0.04781032996815292,0.49847275018692017
37650,0.10337340831756592,0.9563279747962952,0.014523905701935291,0.04790297477473748,0.49852266907691956
37675,0.10336455702781677,0.9563279747962952,0.014531189575791359,0.04779110878466265,0.4985726475715637
37700,0.10335572063922882,0.9563279747962952,0.014544626697897911,0.0477162552868574,0.4986225366592407
37725,0.10334687680006027,0.9563279747962952,0.014552285894751549,0.04788319730487725,0.4986724555492401
37750,0.10333803296089172,0.9563279747962952,0.01454113982617855,0.04770063688533013,0.4987223446369171
37775,0.10332922637462616,0.9563279747962952,0.014495164155960083,0.04776943622325006,0.4987720549106598
37800,0.10332042723894119,0.9563279747962952,0.014490964822471142,0.04773180441664973,0.49882182478904724
37825,0.10331159830093384,0.9563279747962952,0.014545295387506485,0.047800115106448514,0.49887147545814514
37850,0.10330275446176529,0.9563279747962952,0.014543063007295132,0.04779114548524445,0.4989210069179535
37875,0.10329391062259674,0.9563279747962952,0.014540722593665123,0.04778179344911888,0.49897050857543945
37900,0.10328506678342819,0.9563279747962952,0.014538380317389965,0.04777231354024944,0.49901992082595825
37925,0.10327623039484024,0.9563279747962952,0.014517110772430897,0.04782817810452905,0.4990694224834442
37950,0.10326741635799408,0.9563279747962952,0.014495550654828548,0.04754696011750383,0.4991188645362854
37975,0.1032586470246315,0.9563279747962952,0.014506775885820389,0.047536233260351154,0.49916836619377136
38000,0.10324988514184952,0.9563279747962952,0.014484372921288013,0.04756432131996102,0.49921783804893494
38025,0.10324111580848694,0.9563279747962952,0.014486977830529213,0.04746470947202495,0.49926719069480896
38050,0.10323235392570496,0.9563279747962952,0.014467822387814522,0.047485825793799556,0.4993164539337158
38075,0.10322361439466476,0.9563279747962952,0.01446603238582611,0.04750463243014535,0.4993656277656555
38100,0.10321486741304398,0.956773579120636,0.014479760080575943,0.04740863335663061,0.49941486120224
38125,0.10320612043142319,0.956773579120636,0.01445996854454279,0.047456811334570026,0.49946412444114685
38150,0.10319738835096359,0.956773579120636,0.014484205283224583,0.047386362741074974,0.49951326847076416
38175,0.1031886488199234,0.956773579120636,0.014454184100031853,0.04743776325952893,0.49956244230270386
38200,0.103179931640625,0.956773579120636,0.0144590949639678,0.04736471535407365,0.49961158633232117
38225,0.1031712144613266,0.956773579120636,0.014476196840405464,0.047340208018285174,0.4996607303619385
38250,0.1031624898314476,0.956773579120636,0.014449594542384148,0.047402679499069456,0.4997098743915558
38275,0.1031537801027298,0.956773579120636,0.014434237033128738,0.047393480811740725,0.4997589886188507
38300,0.1031450629234314,0.956773579120636,0.014452559873461723,0.04732151515150347,0.49980804324150085
38325,0.10313635319471359,0.956773579120636,0.014455646276473999,0.047314000409177596,0.499857097864151
38350,0.10312765091657639,0.956773579120636,0.014477710239589214,0.047290237089905894,0.499906063079834
38375,0.10311895608901978,0.956773579120636,0.014439987950026989,0.04734841736020794,0.4999549984931946
38400,0.10311026871204376,0.956773579120636,0.014437894336879253,0.04731639023821573,0.5000038743019104
38425,0.10310158133506775,0.956773579120636,0.01441944856196642,0.047366236094052154,0.5000527501106262
38450,0.10309289395809174,0.956773579120636,0.014436764642596245,0.04726333999939403,0.5001016855239868
38475,0.10308419913053513,0.956773579120636,0.014430701732635498,0.047261639861972356,0.5001505017280579
38500,0.10307551175355911,0.956773579120636,0.014412954449653625,0.04731356223072763,0.5001993775367737
38525,0.1030668318271637,0.956773579120636,0.014410797506570816,0.047304732294622696,0.5002481341362
38550,0.10305816680192947,0.956773579120636,0.014424699358642101,0.04723699114561504,0.5002968907356262
38575,0.10304948687553406,0.956773579120636,0.014419712126255035,0.04722240875029975,0.5003457069396973
38600,0.10304082185029984,0.956773579120636,0.0144039923325181,0.04724488101815259,0.5003944039344788
38625,0.1030321717262268,0.956773579120636,0.014420146122574806,0.047206821317813556,0.500443160533905
38650,0.10302349179983139,0.956773579120636,0.01442054845392704,0.047170701295634485,0.5004917979240417
38675,0.10301484167575836,0.956773579120636,0.014404438436031342,0.04724674955480734,0.5005404353141785
38700,0.10300617665052414,0.956773579120636,0.01445016823709011,0.047082844690889,0.50058913230896
38725,0.10299752652645111,0.956773579120636,0.014419754035770893,0.047135276654545345,0.5006377696990967
38750,0.10298887640237808,0.956773579120636,0.014365495182573795,0.04698323458412492,0.5006864070892334
38775,0.10298028588294983,0.956773579120636,0.014350717887282372,0.04704757653214753,0.5007352828979492
38800,0.10297170281410217,0.956773579120636,0.014354570768773556,0.04700906306536563,0.500784158706665
38825,0.10296311974525452,0.956773579120636,0.01435659360140562,0.04694070636714972,0.5008329749107361
38850,0.10295453667640686,0.956773579120636,0.014350779354572296,0.04700437216521353,0.5008817911148071
38875,0.1029459610581398,0.956773579120636,0.014353695325553417,0.04692763037139875,0.5009306073188782
38900,0.10293737053871155,0.956773579120636,0.014357952401041985,0.04703818300497599,0.5009793639183044
38925,0.1029287800192833,0.956773579120636,0.014343800023198128,0.04700170283778117,0.5010281801223755
38950,0.10292020440101624,0.956773579120636,0.014384995214641094,0.04686518188508703,0.5010769963264465
38975,0.10291162133216858,0.956773579120636,0.014339144341647625,0.046975249124543705,0.5011257529258728
39000,0.10290303826332092,0.956773579120636,0.01435805018991232,0.04690156228884874,0.5011744499206543
39025,0.10289446264505386,0.956773579120636,0.014358286745846272,0.0469028816112084,0.5012232065200806
39050,0.1028858944773674,0.956773579120636,0.01432127971202135,0.04695145201098034,0.5012718439102173
39075,0.10287734121084213,0.956773579120636,0.014317388646304607,0.046915354540233746,0.5013206005096436
39100,0.10286880284547806,0.956773579120636,0.014318413101136684,0.04683655697297479,0.5013692378997803
39125,0.10286027193069458,0.956773579120636,0.014292615465819836,0.04687866471869701,0.5014178156852722
39150,0.1028517410159111,0.956773579120636,0.014312959276139736,0.04681984140375805,0.5014663934707642
39175,0.10284321755170822,0.956773579120636,0.014296527951955795,0.0467614168105186,0.5015149712562561
39200,0.10283470898866653,0.956773579120636,0.014278758317232132,0.04683122143441305,0.5015634894371033
39225,0.10282620042562485,0.956773579120636,0.014289239421486855,0.04682278608544556,0.5016119480133057
39250,0.10281769186258316,0.956773579120636,0.01429090928286314,0.04683760171340159,0.5016604065895081
39275,0.10280918329954147,0.956773579120636,0.014270401559770107,0.04683343265205711,0.5017089247703552
39300,0.10280067473649979,0.956773579120636,0.014298215508460999,0.046728878232025435,0.5017573237419128
39325,0.1027921810746193,0.956773579120636,0.014300086535513401,0.046738319850140445,0.5018056631088257
39350,0.1027836874127388,0.956773579120636,0.01426258310675621,0.04678050280191815,0.5018540024757385
39375,0.1027751937508583,0.956773579120636,0.014262177981436253,0.0468006046775431,0.5019023418426514
39400,0.10276670753955841,0.956773579120636,0.014300527982413769,0.04664850307433779,0.5019506216049194
39425,0.10275820642709732,0.956773579120636,0.014298216439783573,0.04673303271441582,0.5019989013671875
39450,0.10274969041347504,0.956773579120636,0.014310114085674286,0.04689541229802204,0.5020473003387451
39475,0.10274117439985275,0.956773579120636,0.014290980063378811,0.04689868660164963,0.5020956993103027
39500,0.10273263603448868,0.956773579120636,0.014279044233262539,0.046891373076135494,0.5021440982818604
39525,0.1027241125702858,0.956773579120636,0.014276179485023022,0.04687979433928253,0.502192497253418
39550,0.10271560400724411,0.956773579120636,0.01431255042552948,0.04676838015139748,0.5022408962249756
39575,0.10270709544420242,0.956773579120636,0.014287866652011871,0.04671582731315503,0.5022892951965332
39600,0.10269860178232193,0.956773579120636,0.014296244829893112,0.0467642482469023,0.5023375153541565
39625,0.10269012302160263,0.956773579120636,0.014274495653808117,0.046725603441337006,0.502385675907135
39650,0.10268163681030273,0.956773579120636,0.014261877164244652,0.04678465001338926,0.5024338364601135
39675,0.10267316550016403,0.956773579120636,0.014242779463529587,0.046781424176403304,0.502481997013092
39700,0.10266469419002533,0.956773579120636,0.014232638292014599,0.04677425728385267,0.5025301575660706
39725,0.10265620797872543,0.956773579120636,0.014253349974751472,0.04671672409386424,0.5025783181190491
39750,0.10264774411916733,0.956773579120636,0.014249038882553577,0.04670934253905345,0.5026264190673828
39775,0.10263927280902863,0.956773579120636,0.014255338348448277,0.04668456296749403,0.5026745200157166
39800,0.10263081640005112,0.956773579120636,0.014211389236152172,0.04673223047274366,0.5027225017547607
39825,0.10262235999107361,0.956773579120636,0.014289968647062778,0.046754887083777286,0.5027705430984497
39850,0.10261385887861252,0.956773579120636,0.014285550452768803,0.04674296264177738,0.5028188228607178
39875,0.10260535776615143,0.956773579120636,0.014303493313491344,0.046668389472664135,0.5028670430183411
39900,0.10259685665369034,0.956773579120636,0.014281537383794785,0.046728063919338064,0.5029152631759644
39925,0.10258836299180984,0.956773579120636,0.014279607683420181,0.04672059565320034,0.5029634237289429
39950,0.10257986932992935,0.956773579120636,0.014277956448495388,0.04671412131529689,0.5030116438865662
39975,0.10257137566804886,0.956773579120636,0.014280164614319801,0.046696896041925826,0.5030597448348999
