step,loss,acc_train,gnorm_theta,gnorm_phi,disp
0,0.6629745960235596,0.6131907105445862,0.7224900126457214,1.4158495133644093,0.0
25,0.6472259163856506,0.6501782536506653,0.7028236389160156,1.3808438129827434,0.005102335009723902
50,0.6322795748710632,0.6902852058410645,0.6839727759361267,1.3462434159662788,0.010070976801216602
75,0.6181145310401917,0.7201426029205322,0.6658313274383545,1.315670502432751,0.014905116520822048
100,0.6046223044395447,0.7419785857200623,0.650898814201355,1.2885361088286675,0.019619842991232872
125,0.5917370319366455,0.76871657371521,0.6362414956092834,1.2630628129217465,0.024224646389484406
150,0.5793741941452026,0.7976827025413513,0.6221004724502563,1.2396841178529552,0.028732622042298317
175,0.5675188899040222,0.8195186853408813,0.60991370677948,1.2190898450640735,0.03314388915896416
200,0.556149959564209,0.8342245817184448,0.5957370400428772,1.1963055289581948,0.03745971992611885
225,0.5452618598937988,0.846256673336029,0.582356870174408,1.1749391041044577,0.04167933762073517
250,0.5348236560821533,0.8587343692779541,0.5708649754524231,1.1559637134493348,0.045806776732206345
275,0.5247972011566162,0.8680926561355591,0.5576373338699341,1.1356665051271597,0.04984847828745842
300,0.515201210975647,0.8810160160064697,0.5463303327560425,1.1185689677996462,0.05379709228873253
325,0.5059747099876404,0.8877004981040955,0.5342190861701965,1.1005263465578123,0.05766447260975838
350,0.49714231491088867,0.893048107624054,0.5215522646903992,1.0831978191112668,0.061442166566848755
375,0.4886746406555176,0.8983957171440125,0.5107587575912476,1.0678045827365632,0.06513500213623047
400,0.4805196523666382,0.9041889309883118,0.5005105137825012,1.0534719094567457,0.06875335425138474
425,0.47266721725463867,0.9064170718193054,0.4903198480606079,1.0400678221685729,0.07229842245578766
450,0.46511584520339966,0.9090908765792847,0.48042577505111694,1.0256180525721585,0.07576843351125717
475,0.45782655477523804,0.9122103452682495,0.4710865318775177,1.012719555213612,0.07917283475399017
500,0.4508078694343567,0.9157753586769104,0.46131595969200134,0.999779216346807,0.08250703662633896
525,0.4440542459487915,0.9171122908592224,0.45237985253334045,0.987326883483389,0.08577145636081696
550,0.43752261996269226,0.9197860956192017,0.444436639547348,0.9761709100134729,0.08897639811038971
575,0.43120285868644714,0.9229055047035217,0.43669167160987854,0.9653898516177903,0.09212378412485123
600,0.42507657408714294,0.924242377281189,0.4289112389087677,0.9542772071799615,0.09521865099668503
625,0.4191487431526184,0.9260249137878418,0.4213065505027771,0.9437017087830707,0.09825783222913742
650,0.4134007692337036,0.9264705777168274,0.4146685302257538,0.9342863204274491,0.10124584287405014
675,0.4078340530395508,0.9264705777168274,0.4068354070186615,0.9236364018238066,0.1041812151670456
700,0.4024401605129242,0.9269161820411682,0.3998820185661316,0.9139082017594938,0.10706553608179092
725,0.39721375703811646,0.9273618459701538,0.39344942569732666,0.9043514958666747,0.10989968478679657
750,0.392142117023468,0.9278074502944946,0.38690200448036194,0.8949701698493243,0.1126871332526207
775,0.38722658157348633,0.9304812550544739,0.38017570972442627,0.8856276270554047,0.11542615294456482
800,0.3824540674686432,0.9309269189834595,0.3740242123603821,0.8766492493864481,0.11812011897563934
825,0.37781938910484314,0.9313725233078003,0.3681485652923584,0.8680293827538633,0.12077033519744873
850,0.37330880761146545,0.9313725233078003,0.36307162046432495,0.8597035144884138,0.12338094413280487
875,0.3689291477203369,0.9318181872367859,0.35678631067276,0.8508027874279143,0.12594926357269287
900,0.364676833152771,0.933600664138794,0.3509158194065094,0.8423123170744979,0.12847499549388885
925,0.36054983735084534,0.9344919323921204,0.3454893231391907,0.8341461794349998,0.1309587061405182
950,0.3565332591533661,0.9353832006454468,0.3399794399738312,0.8259434097264169,0.13340505957603455
975,0.35262590646743774,0.9362744688987732,0.3352944552898407,0.8191334972828084,0.13581350445747375
1000,0.34881237149238586,0.9367201328277588,0.3306938409805298,0.8122185521456028,0.13818912208080292
1025,0.34509310126304626,0.938057005405426,0.32624736428260803,0.8051603097697968,0.14053136110305786
1050,0.34146377444267273,0.938057005405426,0.32154741883277893,0.7977669621922598,0.14284184575080872
1075,0.3379291892051697,0.9376114010810852,0.3170323967933655,0.7905331110810538,0.14511816203594208
1100,0.33448484539985657,0.938057005405426,0.3124071955680847,0.7830995806733061,0.14736159145832062
1125,0.3311266303062439,0.9376114010810852,0.3079734742641449,0.7762086162272123,0.14957328140735626
1150,0.3278576135635376,0.938057005405426,0.3033531904220581,0.7692661785613248,0.15175093710422516
1175,0.3246667981147766,0.9389482736587524,0.2996097207069397,0.7629662405902635,0.15389880537986755
1200,0.32155200839042664,0.939393937587738,0.2954225540161133,0.7559973159116056,0.15601782500743866
1225,0.3185153305530548,0.9398395419120789,0.2913084924221039,0.7493182931818454,0.15810665488243103
1250,0.31555092334747314,0.9402852058410645,0.2874033451080322,0.7431106629019238,0.16016709804534912
1275,0.3126554489135742,0.9407308101654053,0.2836821675300598,0.7369830233739401,0.16220027208328247
1300,0.3098248839378357,0.9411764740943909,0.28020188212394714,0.7308159392577545,0.16420775651931763
1325,0.30706122517585754,0.9411764740943909,0.27635762095451355,0.7246523405382633,0.1661882996559143
1350,0.3043631315231323,0.9411764740943909,0.2727608382701874,0.7187740705826889,0.16814173758029938
1375,0.30172547698020935,0.9416220784187317,0.26936647295951843,0.7129553990649167,0.1700703501701355
1400,0.29914578795433044,0.9420677423477173,0.2659107744693756,0.7071445785580487,0.17197473347187042
1425,0.29662513732910156,0.9425133466720581,0.2626161575317383,0.7013113039623591,0.17385393381118774
1450,0.2941579520702362,0.9429589509963989,0.2595198154449463,0.695777876665706,0.175710529088974
1475,0.2917427718639374,0.9429589509963989,0.25646495819091797,0.6903477388358668,0.17754501104354858
1500,0.28937792778015137,0.9434046149253845,0.2534041702747345,0.6849435266221072,0.1793576031923294
1525,0.2870652377605438,0.9434046149253845,0.25024110078811646,0.6792982217740973,0.1811472773551941
1550,0.2848006784915924,0.9434046149253845,0.24754105508327484,0.6743901203348975,0.18291564285755157
1575,0.28258392214775085,0.9434046149253845,0.24443544447422028,0.6687691463058613,0.18466238677501678
1600,0.28041377663612366,0.9438502192497253,0.2416197508573532,0.6635630465854806,0.18638834357261658
1625,0.27829018235206604,0.9442958831787109,0.23865704238414764,0.6580837501730556,0.1880931407213211
1650,0.27621063590049744,0.9442958831787109,0.23592190444469452,0.6528983251527077,0.18977783620357513
1675,0.2741733193397522,0.9442958831787109,0.23324811458587646,0.6476632855670585,0.1914432793855667
1700,0.27217718958854675,0.9434046149253845,0.23085112869739532,0.6428606260626789,0.19308964908123016
1725,0.2702200412750244,0.9434046149253845,0.22806067764759064,0.6377551738558448,0.19471779465675354
1750,0.26830288767814636,0.9434046149253845,0.22553329169750214,0.6329639306901286,0.19632688164710999
1775,0.26642271876335144,0.9434046149253845,0.2231593281030655,0.6285045060963595,0.1979181468486786
1800,0.26457929611206055,0.9434046149253845,0.22062799334526062,0.6236408317202349,0.19949141144752502
1825,0.26277250051498413,0.9434046149253845,0.21817028522491455,0.6191121382034673,0.20104648172855377
1850,0.26100051403045654,0.9434046149253845,0.2158561795949936,0.6146666930034368,0.20258444547653198
1875,0.25926151871681213,0.9434046149253845,0.21357496082782745,0.6102456726454772,0.20410624146461487
1900,0.25755491852760315,0.9429589509963989,0.21141479909420013,0.6058044737326277,0.20561188459396362
1925,0.25587978959083557,0.9429589509963989,0.20922118425369263,0.6015044721188981,0.20710164308547974
1950,0.2542351484298706,0.9425133466720581,0.20696508884429932,0.5972851096147632,0.20857565104961395
1975,0.25262078642845154,0.9425133466720581,0.20495082437992096,0.5932438446792594,0.21003389358520508
2000,0.2510349452495575,0.9425133466720581,0.202843576669693,0.588939750643168,0.21147730946540833
2025,0.24947762489318848,0.9425133466720581,0.20094256103038788,0.5849771288901914,0.21290574967861176
2050,0.24794748425483704,0.9425133466720581,0.198872908949852,0.5809414742895949,0.21431978046894073
2075,0.2464444786310196,0.9425133466720581,0.1969105303287506,0.5767999545154693,0.21571941673755646
2100,0.24496763944625854,0.9425133466720581,0.19506454467773438,0.57282967143186,0.21710526943206787
2125,0.2435164451599121,0.9425133466720581,0.19313015043735504,0.5687107020231548,0.21847769618034363
2150,0.2420906126499176,0.9425133466720581,0.19134993851184845,0.564760942280724,0.2198365330696106
2175,0.24068933725357056,0.9425133466720581,0.18941235542297363,0.5608836856725485,0.22118210792541504
2200,0.2393130511045456,0.9425133466720581,0.18755263090133667,0.5568130764905014,0.22251389920711517
2225,0.23796072602272034,0.9425133466720581,0.18571020662784576,0.5530089066572985,0.22383244335651398
2250,0.2366313338279724,0.9420677423477173,0.18404467403888702,0.5493755779922808,0.22513821721076965
2275,0.2353239506483078,0.9420677423477173,0.1822807788848877,0.5455852235788309,0.2264317125082016
2300,0.23403848707675934,0.9420677423477173,0.1806090921163559,0.541845533099544,0.22771286964416504
2325,0.23277562856674194,0.9420677423477173,0.17877601087093353,0.5381725975410181,0.22898074984550476
2350,0.2315346598625183,0.9420677423477173,0.17703942954540253,0.5344902753341731,0.23023606836795807
2375,0.2303144931793213,0.9420677423477173,0.17544955015182495,0.5309957244216235,0.23147928714752197
2400,0.22911369800567627,0.9420677423477173,0.17396560311317444,0.527467556335532,0.23271140456199646
2425,0.2279321849346161,0.9420677423477173,0.17241016030311584,0.5239855901434245,0.23393242061138153
2450,0.22676897048950195,0.9420677423477173,0.1709526777267456,0.5207073059273168,0.23514287173748016
2475,0.22562411427497864,0.9420677423477173,0.1693766713142395,0.5172973650374325,0.23634226620197296
2500,0.2244976907968521,0.9425133466720581,0.16778245568275452,0.5138461763391522,0.23753051459789276
2525,0.22338971495628357,0.9425133466720581,0.16640304028987885,0.5106232500003207,0.23870740830898285
2550,0.22229811549186707,0.9425133466720581,0.1650192141532898,0.5074318608122362,0.239874467253685
2575,0.22122322022914886,0.9425133466720581,0.16363675892353058,0.5040993633130175,0.24103134870529175
2600,0.22016426920890808,0.9425133466720581,0.1622820496559143,0.5010082736188719,0.24217848479747772
2625,0.2191215604543686,0.9425133466720581,0.16093172132968903,0.4976623807405482,0.2433159053325653
2650,0.2180948257446289,0.9425133466720581,0.15966159105300903,0.4946038173166445,0.24444329738616943
2675,0.2170833796262741,0.9425133466720581,0.15828704833984375,0.4914762761208459,0.24556094408035278
2700,0.21608668565750122,0.9425133466720581,0.15706051886081696,0.48851935254012907,0.2466694861650467
2725,0.2151036560535431,0.9429589509963989,0.1559022068977356,0.4855681188293738,0.24776943027973175
2750,0.21413373947143555,0.9429589509963989,0.1548439860343933,0.4828542640397577,0.2488611787557602
2775,0.21317705512046814,0.9429589509963989,0.15356063842773438,0.4798022795226747,0.24994458258152008
2800,0.21223385632038116,0.9438502192497253,0.15245945751667023,0.47687937502629574,0.2510194778442383
2825,0.21130402386188507,0.9438502192497253,0.15124182403087616,0.4739535131604888,0.2520858645439148
2850,0.2103879302740097,0.9438502192497253,0.1500464379787445,0.47095429728977206,0.2531432509422302
2875,0.20948483049869537,0.9442958831787109,0.14892889559268951,0.4681357986651132,0.2541922926902771
2900,0.2085942178964615,0.9442958831787109,0.1477690190076828,0.4652748103696192,0.25523316860198975
2925,0.20771649479866028,0.9442958831787109,0.14660997688770294,0.4625299190830672,0.25626546144485474
2950,0.20685116946697235,0.9442958831787109,0.1454293429851532,0.4597760903466105,0.2572892904281616
2975,0.20599856972694397,0.9442958831787109,0.14418499171733856,0.45687830408031305,0.2583044767379761
3000,0.2051582783460617,0.9442958831787109,0.14310061931610107,0.45418751024252446,0.25931140780448914
3025,0.20432965457439423,0.9442958831787109,0.14203061163425446,0.45154001525681603,0.26031047105789185
3050,0.20351259410381317,0.9442958831787109,0.14087027311325073,0.44886762600084784,0.2613016664981842
3075,0.2027069479227066,0.9447414875030518,0.13988959789276123,0.4463061531559259,0.26228511333465576
3100,0.2019117772579193,0.9447414875030518,0.1388685554265976,0.4437500793907508,0.26326143741607666
3125,0.201127290725708,0.9447414875030518,0.13782182335853577,0.4411940546505193,0.264230340719223
3150,0.20035362243652344,0.9451871514320374,0.13678258657455444,0.43861776639224764,0.26519161462783813
3175,0.19959083199501038,0.9451871514320374,0.13566574454307556,0.43606427504847195,0.26614511013031006
3200,0.19883842766284943,0.9451871514320374,0.13470739126205444,0.4336173368804061,0.2670910954475403
3225,0.19809630513191223,0.9447414875030518,0.13367930054664612,0.4311151759828016,0.26802974939346313
3250,0.1973637491464615,0.9447414875030518,0.13273365795612335,0.4286918461504249,0.26896148920059204
3275,0.19664081931114197,0.9447414875030518,0.1318090856075287,0.4263004033639591,0.2698862552642822
3300,0.19592724740505219,0.9447414875030518,0.13080395758152008,0.42391963764707724,0.270804226398468
3325,0.19522309303283691,0.9451871514320374,0.1299094408750534,0.42159678289023467,0.27171528339385986
3350,0.19452761113643646,0.9451871514320374,0.12900055944919586,0.41934568580548837,0.27261990308761597
3375,0.19384101033210754,0.9456327557563782,0.12813858687877655,0.41717949146054584,0.2735178768634796
3400,0.19316232204437256,0.9456327557563782,0.12733694911003113,0.41484101621822467,0.27441027760505676
3425,0.1924920678138733,0.9456327557563782,0.12645262479782104,0.4125954954685596,0.27529656887054443
3450,0.191830575466156,0.9456327557563782,0.12556150555610657,0.41031436914029823,0.2761762738227844
3475,0.1911775767803192,0.9456327557563782,0.12468928098678589,0.40805272106323326,0.27704963088035583
3500,0.19053253531455994,0.9456327557563782,0.1238570362329483,0.40584912563032066,0.2779169976711273
3525,0.18989573419094086,0.9456327557563782,0.12296459078788757,0.40365334805929104,0.2787780463695526
3550,0.18926693499088287,0.9456327557563782,0.1221667006611824,0.40155230625933536,0.27963292598724365
3575,0.188645601272583,0.9456327557563782,0.12134160846471786,0.3994899949162858,0.2804821729660034
3600,0.18803206086158752,0.9456327557563782,0.12047471851110458,0.39727760751958907,0.28132522106170654
3625,0.1874263733625412,0.9456327557563782,0.11964859813451767,0.39517711082247897,0.2821621596813202
3650,0.18682816624641418,0.9456327557563782,0.1188402771949768,0.39304572029265716,0.2829931676387787
3675,0.1862373799085617,0.9456327557563782,0.11802034825086594,0.3909638799189042,0.28381818532943726
3700,0.1856538951396942,0.9456327557563782,0.11720109730958939,0.3888435121809041,0.28463736176490784
3725,0.18507762253284454,0.9456327557563782,0.11641591042280197,0.38680069706952075,0.2854507863521576
3750,0.1845082938671112,0.9460784196853638,0.11565219610929489,0.38486170977864526,0.28625839948654175
3775,0.18394581973552704,0.9456327557563782,0.11483791470527649,0.38294550910613345,0.2870606780052185
3800,0.183390274643898,0.9456327557563782,0.11408723145723343,0.38093082688221724,0.2878572344779968
3825,0.18284118175506592,0.9456327557563782,0.11338893324136734,0.3790637206627185,0.2886485755443573
3850,0.1822984516620636,0.9456327557563782,0.11265257745981216,0.37708524177714975,0.2894347608089447
3875,0.18176203966140747,0.9456327557563782,0.11197078227996826,0.3751931222554236,0.29021573066711426
3900,0.1812317669391632,0.9456327557563782,0.11123668402433395,0.3732846189034942,0.2909916639328003
3925,0.180707648396492,0.9456327557563782,0.11054816097021103,0.3713469919191582,0.2917625308036804
3950,0.18018963932991028,0.9456327557563782,0.10982932150363922,0.3694096218993966,0.29252830147743225
3975,0.17967797815799713,0.9456327557563782,0.10908752679824829,0.3674077867290132,0.2932887375354767
4000,0.17917229235172272,0.9456327557563782,0.10845901817083359,0.3656049765666116,0.2940443754196167
4025,0.17867204546928406,0.9451871514320374,0.10780628025531769,0.36373832930302663,0.2947954833507538
4050,0.1781773865222931,0.9451871514320374,0.10719387978315353,0.3620179524089368,0.295541912317276
4075,0.17768803238868713,0.9451871514320374,0.1065664067864418,0.36021191156769067,0.2962838113307953
4100,0.1772041618824005,0.9451871514320374,0.10587327182292938,0.3584901968368196,0.29702097177505493
4125,0.17672567069530487,0.9451871514320374,0.10523509979248047,0.35676676202136537,0.2977534234523773
4150,0.17625272274017334,0.9451871514320374,0.10456717759370804,0.3549170667474075,0.29848095774650574
4175,0.1757849007844925,0.9451871514320374,0.10397233814001083,0.3531883950654178,0.29920414090156555
4200,0.1753225475549698,0.9451871514320374,0.10325468331575394,0.35139509517500384,0.2999224066734314
4225,0.17486558854579926,0.9451871514320374,0.10261916369199753,0.3496331873744391,0.30063584446907043
4250,0.17441366612911224,0.9451871514320374,0.10202069580554962,0.3479541242521896,0.30134478211402893
4275,0.1739666908979416,0.9451871514320374,0.10141643136739731,0.3461751835976778,0.30204930901527405
4300,0.17352457344532013,0.9451871514320374,0.10085104405879974,0.3445928445735119,0.30274954438209534
4325,0.17308691143989563,0.9451871514320374,0.10027439147233963,0.3430734716209563,0.30344557762145996
4350,0.17265388369560242,0.9451871514320374,0.09969186782836914,0.3414143022535347,0.304137259721756
4375,0.17222563922405243,0.9451871514320374,0.09914877265691757,0.3397964608335061,0.3048246204853058
4400,0.1718018501996994,0.9451871514320374,0.09853827208280563,0.33814371717318953,0.30550798773765564
4425,0.17138244211673737,0.9451871514320374,0.09801042079925537,0.33661913495182444,0.30618739128112793
4450,0.17096757888793945,0.9456327557563782,0.09739743173122406,0.33499991447682187,0.3068625330924988
4475,0.17055721580982208,0.9456327557563782,0.09684109687805176,0.3334649203134701,0.30753353238105774
4500,0.1701509952545166,0.9456327557563782,0.0963141918182373,0.3319237898230886,0.30820074677467346
4525,0.16974909603595734,0.9456327557563782,0.09575303643941879,0.33033704289441906,0.30886420607566833
4550,0.16935138404369354,0.9456327557563782,0.09523655474185944,0.328774929656838,0.30952373147010803
4575,0.16895781457424164,0.9456327557563782,0.09469296783208847,0.3272784665927718,0.31017932295799255
4600,0.16856832802295685,0.9456327557563782,0.0941532775759697,0.3257816235476492,0.3108309507369995
4625,0.1681828796863556,0.9456327557563782,0.09358751773834229,0.3242191895281675,0.31147879362106323
4650,0.16780169308185577,0.9456327557563782,0.09302020817995071,0.32272180150407964,0.3121226131916046
4675,0.16742460429668427,0.9456327557563782,0.09251052886247635,0.32127049168936034,0.3127624988555908
4700,0.16705116629600525,0.9456327557563782,0.09202459454536438,0.3198598112054904,0.31339889764785767
4725,0.16668148338794708,0.9456327557563782,0.09144364297389984,0.31838028217723074,0.3140316307544708
4750,0.16631577908992767,0.9456327557563782,0.09096158295869827,0.31697990846002305,0.3146604299545288
4775,0.16595371067523956,0.9456327557563782,0.09048903733491898,0.31559951729460006,0.31528574228286743
4800,0.16559505462646484,0.9451871514320374,0.09006717801094055,0.3142667700117502,0.31590765714645386
4825,0.16523973643779755,0.9451871514320374,0.08957941830158234,0.3127869017735301,0.31652629375457764
4850,0.16488803923130035,0.9451871514320374,0.08911168575286865,0.31139670751335774,0.31714141368865967
4875,0.1645396500825882,0.9451871514320374,0.08864148706197739,0.3100097331700637,0.31775322556495667
4900,0.16419459879398346,0.9451871514320374,0.08822903037071228,0.3087300084997539,0.31836187839508057
4925,0.16385287046432495,0.9456327557563782,0.08771423250436783,0.30738036495368665,0.31896722316741943
4950,0.1635146588087082,0.9456327557563782,0.08725447207689285,0.3059175434142662,0.319568932056427
4975,0.16317982971668243,0.9456327557563782,0.08676207810640335,0.30454619995412746,0.3201674520969391
5000,0.1628483235836029,0.9456327557563782,0.08628468215465546,0.3031237592971038,0.32076263427734375
5025,0.16251999139785767,0.9456327557563782,0.08592945337295532,0.3018991956143801,0.32135459780693054
5050,0.16219457983970642,0.9460784196853638,0.08546612411737442,0.3005879614488181,0.321943461894989
5075,0.16187235713005066,0.9460784196853638,0.08503306657075882,0.29936808378196345,0.3225289285182953
5100,0.16155298054218292,0.9460784196853638,0.08460249751806259,0.298167183013011,0.323111355304718
5125,0.16123653948307037,0.9465240240097046,0.08417972922325134,0.2969161920939151,0.3236905634403229
5150,0.160923033952713,0.9465240240097046,0.08380267769098282,0.29563847612784844,0.32426685094833374
5175,0.16061221063137054,0.9469696879386902,0.08340616524219513,0.2944433230768335,0.32484039664268494
5200,0.1603042036294937,0.9469696879386902,0.08292774111032486,0.2931270688864379,0.3254110515117645
5225,0.15999934077262878,0.9469696879386902,0.08250250667333603,0.2919025797408403,0.3259783685207367
5250,0.15969741344451904,0.947415292263031,0.08209678530693054,0.2906673221791684,0.3265421986579895
5275,0.15939825773239136,0.947415292263031,0.08166126161813736,0.289469542227006,0.32710301876068115
5300,0.15910200774669647,0.947415292263031,0.08124099671840668,0.28824358930061356,0.32766056060791016
5325,0.158808633685112,0.947415292263031,0.08080805093050003,0.2869733481624152,0.32821497321128845
5350,0.15851792693138123,0.947415292263031,0.08047959208488464,0.28574157818109436,0.3287665843963623
5375,0.15822982788085938,0.947415292263031,0.08003661781549454,0.2845417835087184,0.32931533455848694
5400,0.15794438123703003,0.947415292263031,0.07966449111700058,0.2834232630773863,0.3298611342906952
5425,0.157661572098732,0.947415292263031,0.07922399044036865,0.2821841652474576,0.330404132604599
5450,0.15738151967525482,0.947415292263031,0.07885041832923889,0.28102769156998714,0.33094415068626404
5475,0.15710365772247314,0.947415292263031,0.07854646444320679,0.27995742669221424,0.3314817547798157
5500,0.15682826936244965,0.947415292263031,0.07813873142004013,0.2787638011672401,0.3320166766643524
5525,0.15655517578125,0.947415292263031,0.07784538716077805,0.277670910248136,0.3325490355491638
5550,0.1562841385602951,0.947415292263031,0.07753235101699829,0.27656948582600643,0.33307918906211853
5575,0.156015545129776,0.947415292263031,0.07715477794408798,0.27541408921369515,0.33360663056373596
5600,0.15574930608272552,0.947415292263031,0.0768122524023056,0.2743284220601625,0.3341314196586609
5625,0.15548542141914368,0.947415292263031,0.07644163072109222,0.2731790553020684,0.33465349674224854
5650,0.15522396564483643,0.947415292263031,0.07602636516094208,0.2720343755071134,0.3351728916168213
5675,0.1549648642539978,0.947415292263031,0.07568664103746414,0.27098487859093373,0.33568963408470154
5700,0.15470793843269348,0.9469696879386902,0.07536645978689194,0.26994589209145453,0.3362039029598236
5725,0.15445321798324585,0.9469696879386902,0.07500859349966049,0.26887720602930565,0.3367156684398651
5750,0.15420077741146088,0.9469696879386902,0.0746178925037384,0.26781097640384227,0.3372247517108917
5775,0.15395061671733856,0.9469696879386902,0.07427369803190231,0.2667492390377325,0.3377313017845154
5800,0.15370237827301025,0.9469696879386902,0.073984794318676,0.265901078536466,0.338235467672348
5825,0.15345612168312073,0.9469696879386902,0.07362052798271179,0.2648406512659487,0.33873724937438965
5850,0.15321208536624908,0.9465240240097046,0.07326251268386841,0.2638160395132707,0.33923643827438354
5875,0.15297016501426697,0.9465240240097046,0.07293540239334106,0.26277200310699067,0.33973315358161926
5900,0.1527303010225296,0.9465240240097046,0.07260193675756454,0.2617704474376716,0.3402274549007416
5925,0.1524924635887146,0.9465240240097046,0.07226495444774628,0.2607135150206049,0.3407195210456848
5950,0.15225674211978912,0.9465240240097046,0.0719251036643982,0.25969256737262875,0.3412090837955475
5975,0.15202298760414124,0.9465240240097046,0.07159172743558884,0.25868851980987834,0.34169626235961914
6000,0.15179114043712616,0.9465240240097046,0.07129820436239243,0.2577801200063824,0.3421812951564789
6025,0.15156114101409912,0.9465240240097046,0.07098837196826935,0.25683118822518025,0.34266397356987
6050,0.15133310854434967,0.9469696879386902,0.07064906507730484,0.2557885526214837,0.3431442379951477
6075,0.1511070281267166,0.9469696879386902,0.0703301876783371,0.25477911857623037,0.3436221182346344
6100,0.15088284015655518,0.9469696879386902,0.07001141458749771,0.2537600295797197,0.344097763299942
6125,0.15066058933734894,0.9469696879386902,0.06969553232192993,0.25281783321343715,0.3445710241794586
6150,0.15044020116329193,0.9469696879386902,0.06938958168029785,0.25188527652973447,0.34504202008247375
6175,0.150221586227417,0.9469696879386902,0.06906040012836456,0.2509708756200288,0.34551090002059937
6200,0.1500047892332077,0.9469696879386902,0.0687800943851471,0.25004546978730885,0.3459774851799011
6225,0.1497897058725357,0.9469696879386902,0.06846766918897629,0.24913345475795076,0.3464420437812805
6250,0.14957627654075623,0.947415292263031,0.0681934729218483,0.2483278136075815,0.3469047546386719
6275,0.1493644267320633,0.947415292263031,0.06794359534978867,0.24741330912909637,0.34736549854278564
6300,0.1491542011499405,0.947415292263031,0.06765925139188766,0.24649303517914975,0.3478243350982666
6325,0.14894555509090424,0.947415292263031,0.067393958568573,0.24564745137522243,0.34828126430511475
6350,0.14873859286308289,0.947415292263031,0.06711102277040482,0.2447371968929609,0.34873589873313904
6375,0.14853313565254211,0.947415292263031,0.06684702634811401,0.243871182100687,0.3491884171962738
6400,0.14832919836044312,0.9478609561920166,0.06660663336515427,0.24295289430793943,0.34963902831077576
6425,0.14812684059143066,0.9478609561920166,0.06633839756250381,0.2420535038811438,0.3500877022743225
6450,0.14792609214782715,0.9478609561920166,0.06605295091867447,0.241139705676932,0.3505343198776245
6475,0.14772701263427734,0.9478609561920166,0.06575178354978561,0.2401990758767793,0.35097888112068176
6500,0.14752955734729767,0.9478609561920166,0.06546604633331299,0.23931390356866494,0.35142144560813904
6525,0.14733363687992096,0.9478609561920166,0.06519654393196106,0.23844054391727673,0.3518620729446411
6550,0.14713911712169647,0.9478609561920166,0.06497425585985184,0.23769020260779294,0.352300763130188
6575,0.1469459980726242,0.9478609561920166,0.06471014022827148,0.23681098178870166,0.3527376651763916
6600,0.1467543989419937,0.9478609561920166,0.06448568403720856,0.2359999268110075,0.3531726896762848
6625,0.14656414091587067,0.9478609561920166,0.06421838700771332,0.2351476804057363,0.3536059558391571
6650,0.1463753879070282,0.9478609561920166,0.06393607705831528,0.23429326952168608,0.35403722524642944
6675,0.1461881697177887,0.9478609561920166,0.06366158276796341,0.23340320046425425,0.3544665277004242
6700,0.14600244164466858,0.9478609561920166,0.06339577585458755,0.2325374018873167,0.35489383339881897
6725,0.145818293094635,0.9478609561920166,0.06309174746274948,0.23163690018306957,0.3553191125392914
6750,0.1456356942653656,0.9478609561920166,0.0628185123205185,0.23081370710570823,0.3557423949241638
6775,0.1454545110464096,0.9478609561920166,0.06254354864358902,0.22997126549270933,0.35616374015808105
6800,0.14527471363544464,0.9478609561920166,0.06230369955301285,0.22913663946455734,0.35658320784568787
6825,0.1450962871313095,0.9478609561920166,0.062054574489593506,0.2283218053143611,0.3570009171962738
6850,0.14491918683052063,0.9478609561920166,0.06181100010871887,0.22753404431895344,0.3574167490005493
6875,0.14474353194236755,0.9483065605163574,0.061537716537714005,0.22671368396587815,0.3578307330608368
6900,0.1445690244436264,0.9483065605163574,0.061348333954811096,0.22601466878869278,0.3582431674003601
6925,0.14439579844474792,0.9483065605163574,0.06108882650732994,0.22523643779570313,0.3586539626121521
6950,0.14422392845153809,0.9483065605163574,0.060821108520030975,0.22445295874413881,0.3590628206729889
6975,0.14405331015586853,0.9483065605163574,0.060594022274017334,0.2236790724759666,0.359470009803772
7000,0.14388395845890045,0.9483065605163574,0.060365866869688034,0.22292407587310867,0.35987550020217896
7025,0.14371591806411743,0.9483065605163574,0.06012393906712532,0.22208613480306205,0.3602793514728546
7050,0.14354899525642395,0.9483065605163574,0.05990873649716377,0.22143383021076923,0.3606817126274109
7075,0.14338314533233643,0.9483065605163574,0.059706542640924454,0.22082196755855127,0.36108237504959106
7100,0.1432184875011444,0.9483065605163574,0.0594315379858017,0.22003344082385148,0.36148136854171753
7125,0.14305514097213745,0.9483065605163574,0.059181731194257736,0.2192719051989523,0.36187848448753357
7150,0.1428929716348648,0.9483065605163574,0.05897758901119232,0.21850641306760132,0.3622739315032959
7175,0.14273196458816528,0.9483065605163574,0.05875050649046898,0.21788755621182365,0.3626677989959717
7200,0.14257210493087769,0.9483065605163574,0.058485712856054306,0.2170629656450629,0.363059937953949
7225,0.14241354167461395,0.9483065605163574,0.05826672166585922,0.21632760679094473,0.363450288772583
7250,0.14225608110427856,0.9483065605163574,0.058062050491571426,0.21559490436838613,0.3638390898704529
7275,0.14209972321987152,0.9483065605163574,0.05785389617085457,0.2150312536336799,0.36422640085220337
7300,0.14194434881210327,0.9483065605163574,0.057677824050188065,0.21433154147268005,0.3646118640899658
7325,0.14178995788097382,0.9483065605163574,0.05745314061641693,0.21365247359376893,0.3649960160255432
7350,0.14163647592067719,0.9483065605163574,0.057284437119960785,0.21302773081847867,0.3653789460659027
7375,0.14148403704166412,0.9483065605163574,0.05709005892276764,0.21234975925737706,0.3657604157924652
7400,0.14133234322071075,0.9483065605163574,0.05694549158215523,0.2117557187721845,0.3661406636238098
7425,0.14118167757987976,0.9483065605163574,0.05676434561610222,0.21104659079108212,0.366519570350647
7450,0.14103204011917114,0.9483065605163574,0.05654096603393555,0.21034351596925227,0.36689692735671997
7475,0.1408834159374237,0.948752224445343,0.05639061704277992,0.209737829681959,0.3672730028629303
7500,0.14073577523231506,0.948752224445343,0.056144170463085175,0.2090042881437032,0.3676477074623108
7525,0.14058911800384521,0.948752224445343,0.05595875158905983,0.20836420118298551,0.36802101135253906
7550,0.14044347405433655,0.948752224445343,0.05578166991472244,0.20768255615438466,0.36839306354522705
7575,0.1402987390756607,0.9491978287696838,0.05559251084923744,0.2070370173629181,0.36876386404037476
7600,0.14015498757362366,0.9491978287696838,0.05538951978087425,0.20636341052093163,0.36913326382637024
7625,0.1400122195482254,0.9491978287696838,0.05518246814608574,0.20568244379916423,0.3695012331008911
7650,0.13987043499946594,0.9491978287696838,0.05499148368835449,0.20509566830517006,0.3698677718639374
7675,0.1397296041250229,0.9491978287696838,0.054799098521471024,0.20442861272512194,0.3702329099178314
7700,0.13958966732025146,0.9491978287696838,0.05462658777832985,0.20374373470588084,0.37059667706489563
7725,0.13945072889328003,0.9491978287696838,0.05441825091838837,0.2030834256251544,0.3709591031074524
7750,0.13931268453598022,0.9491978287696838,0.05422587692737579,0.2024557944581111,0.37132006883621216
7775,0.13917560875415802,0.9491978287696838,0.05402808636426926,0.20181782822977357,0.3716796934604645
7800,0.13903945684432983,0.9491978287696838,0.0538235567510128,0.2011386539123659,0.37203797698020935
7825,0.13890425860881805,0.9491978287696838,0.053631436079740524,0.20049517493897717,0.37239477038383484
7850,0.13877001404762268,0.9491978287696838,0.053440868854522705,0.19986040189320112,0.3727501928806305
7875,0.1386367529630661,0.9491978287696838,0.05317661538720131,0.1992473928354972,0.373104065656662
7900,0.1385045200586319,0.9491978287696838,0.052959661930799484,0.19863227985018228,0.3734564781188965
7925,0.13837315142154694,0.9491978287696838,0.052778828889131546,0.19804671979626381,0.37380748987197876
7950,0.1382426619529724,0.9491978287696838,0.05257512629032135,0.19748834108567181,0.3741570711135864
7975,0.13811300694942474,0.9491978287696838,0.05244388431310654,0.19698218699145098,0.37450531125068665
8000,0.1379840224981308,0.9491978287696838,0.052310485392808914,0.1963657483471467,0.37485241889953613
8025,0.13785581290721893,0.9491978287696838,0.052116964012384415,0.19574158610826778,0.3751983642578125
8050,0.13772843778133392,0.9491978287696838,0.05194247514009476,0.19514186840182496,0.3755429983139038
8075,0.1376018524169922,0.9491978287696838,0.05179169401526451,0.19457243997486318,0.37588638067245483
8100,0.13747629523277283,0.9491978287696838,0.05151596665382385,0.19396973287667496,0.3762279152870178
8125,0.13735158741474152,0.9491978287696838,0.05136432126164436,0.19337710415542766,0.37656810879707336
8150,0.13722753524780273,0.9496434926986694,0.05121563747525215,0.19292801440606208,0.3769071400165558
8175,0.13710418343544006,0.9496434926986694,0.05105586722493172,0.19229505766278238,0.37724488973617554
8200,0.1369815468788147,0.9496434926986694,0.05090963840484619,0.19176005470592247,0.3775814175605774
8225,0.1368596851825714,0.9496434926986694,0.05072871968150139,0.1911816977775016,0.37791675329208374
8250,0.1367385983467102,0.9496434926986694,0.050569936633110046,0.1906213011941746,0.3782508075237274
8275,0.1366182416677475,0.9496434926986694,0.050422824919223785,0.19001296730446143,0.37858375906944275
8300,0.13649863004684448,0.9496434926986694,0.05025621876120567,0.18943615495956495,0.37891557812690735
8325,0.13637980818748474,0.9496434926986694,0.050085846334695816,0.18885881364210078,0.3792462646961212
8350,0.1362616866827011,0.9496434926986694,0.04990028962492943,0.18826915654787763,0.3795759379863739
8375,0.13614441454410553,0.9496434926986694,0.04973969608545303,0.1876940720730884,0.37990429997444153
8400,0.13602793216705322,0.9496434926986694,0.04956422373652458,0.1871189102521733,0.38023146986961365
8425,0.13591215014457703,0.9496434926986694,0.049398649483919144,0.18655599040136112,0.38055744767189026
8450,0.13579712808132172,0.9496434926986694,0.04923250153660774,0.18598313879815156,0.38088223338127136
8475,0.1356828212738037,0.9496434926986694,0.049076419323682785,0.18543130973308955,0.3812059164047241
8500,0.135569229722023,0.9496434926986694,0.048913128674030304,0.1848605213450802,0.3815285265445709
8525,0.1354563981294632,0.9496434926986694,0.04874934256076813,0.18422819664131052,0.3818499743938446
8550,0.13534437119960785,0.9496434926986694,0.0485520176589489,0.1836032640066131,0.38217028975486755
8575,0.135233074426651,0.9500890970230103,0.048429492861032486,0.18307406654027425,0.382489413022995
8600,0.1351223886013031,0.9505347609519958,0.048256825655698776,0.18248587994764606,0.3828074038028717
8625,0.1350124627351761,0.9505347609519958,0.048104461282491684,0.18194826944587278,0.38312414288520813
8650,0.13490323722362518,0.9505347609519958,0.04792437329888344,0.18140767008130051,0.38343968987464905
8675,0.13479472696781158,0.9500890970230103,0.047787144780159,0.18092692796772233,0.38375401496887207
8700,0.13468681275844574,0.9500890970230103,0.04762675613164902,0.1803971966834221,0.3840673565864563
8725,0.134579598903656,0.9500890970230103,0.0474722646176815,0.17986688898020028,0.3843795657157898
8750,0.1344730406999588,0.9500890970230103,0.04731573909521103,0.17933889767815822,0.3846907317638397
8775,0.13436688482761383,0.9500890970230103,0.047327298671007156,0.17894974656314205,0.38500118255615234
8800,0.13426129519939423,0.9500890970230103,0.047118909657001495,0.1783461658918945,0.3853107690811157
8825,0.13415639102458954,0.9500890970230103,0.046970874071121216,0.17783055566116504,0.3856191635131836
8850,0.13405220210552216,0.9500890970230103,0.04679543152451515,0.17727590847995076,0.38592642545700073
8875,0.1339486688375473,0.9500890970230103,0.046650663018226624,0.1767705406202869,0.3862325847148895
8900,0.133845716714859,0.9500890970230103,0.04651106521487236,0.17632611179231036,0.38653767108917236
8925,0.13374339044094086,0.9500890970230103,0.04637710377573967,0.17579356676306193,0.3868415057659149
8950,0.13364164531230927,0.9500890970230103,0.046230342239141464,0.17528781175883562,0.3871440589427948
8975,0.13354046642780304,0.9496434926986694,0.04608634114265442,0.17479222827497595,0.3874455690383911
9000,0.13343992829322815,0.9496434926986694,0.04594293609261513,0.17429294231254341,0.38774600625038147
9025,0.1333400011062622,0.9496434926986694,0.04579862207174301,0.17381053150247272,0.38804545998573303
9050,0.13324062526226044,0.9496434926986694,0.04564471170306206,0.17323797767196308,0.38834401965141296
9075,0.13314193487167358,0.9496434926986694,0.04550180956721306,0.1727434443109031,0.38864168524742126
9100,0.13304385542869568,0.9496434926986694,0.04537420719861984,0.17228353322558385,0.3889383375644684
9125,0.13294628262519836,0.9496434926986694,0.04522673785686493,0.17178396231402276,0.38923394680023193
9150,0.13284932076931,0.9496434926986694,0.045079391449689865,0.1713082904953035,0.3895285129547119
9175,0.13275282084941864,0.9496434926986694,0.045003294944763184,0.17090451134116832,0.38982218503952026
9200,0.13265688717365265,0.9496434926986694,0.04482800513505936,0.17039136659735485,0.3901149034500122
9225,0.1325615495443344,0.9496434926986694,0.04468919336795807,0.16990982229868573,0.3904065191745758
9250,0.13246679306030273,0.9496434926986694,0.044553812593221664,0.16944157523275913,0.390697181224823
9275,0.13237260282039642,0.9500890970230103,0.044409461319446564,0.16893340952136265,0.3909868597984314
9300,0.13227897882461548,0.9500890970230103,0.0442829504609108,0.1684431908573476,0.3912755250930786
9325,0.1321859061717987,0.9500890970230103,0.04414418712258339,0.16796036284915675,0.3915632963180542
9350,0.1320933699607849,0.9500890970230103,0.04400992393493652,0.16751143918167813,0.391850084066391
9375,0.1320013403892517,0.9500890970230103,0.043878983706235886,0.16705000136358797,0.39213597774505615
9400,0.13190989196300507,0.9500890970230103,0.04374000430107117,0.16653582443966713,0.3924209475517273
9425,0.1318189948797226,0.9500890970230103,0.0436069630086422,0.16606992925600458,0.39270493388175964
9450,0.13172860443592072,0.9500890970230103,0.043475523591041565,0.16561089104389196,0.3929879367351532
9475,0.131638765335083,0.9500890970230103,0.043343763798475266,0.1651330927097462,0.39327001571655273
9500,0.13154950737953186,0.9500890970230103,0.04319523274898529,0.1646313884666598,0.3935511112213135
9525,0.1314607709646225,0.9500890970230103,0.0430690199136734,0.16419677023176096,0.3938313126564026
9550,0.13137254118919373,0.9500890970230103,0.04290788248181343,0.16370467627388235,0.3941105902194977
9575,0.13128484785556793,0.9500890970230103,0.042817048728466034,0.16329960296549145,0.3943888545036316
9600,0.13119760155677795,0.9500890970230103,0.042692169547080994,0.16285250988951733,0.39466628432273865
9625,0.13111084699630737,0.9505347609519958,0.042556725442409515,0.16235835159981526,0.39494284987449646
9650,0.1310245841741562,0.9505347609519958,0.04244612902402878,0.1619406752916013,0.39521849155426025
9675,0.1309388428926468,0.9505347609519958,0.04230738431215286,0.16150998026147304,0.39549320936203003
9700,0.1308535635471344,0.9505347609519958,0.042182594537734985,0.16106370710648316,0.3957669734954834
9725,0.1307687759399414,0.9505347609519958,0.04205866903066635,0.16064606848631183,0.3960398733615875
9750,0.13068445026874542,0.9505347609519958,0.041934534907341,0.1602114870809777,0.39631187915802
9775,0.13060063123703003,0.9505347609519958,0.04180468991398811,0.15976926226545216,0.3965829610824585
9800,0.13051728904247284,0.9505347609519958,0.041687529534101486,0.15934259642518436,0.39685314893722534
9825,0.1304343342781067,0.9505347609519958,0.041566308587789536,0.15896496308841387,0.39712265133857727
9850,0.13035191595554352,0.9505347609519958,0.041426777839660645,0.15853529819159298,0.3973912298679352
9875,0.13026989996433258,0.9505347609519958,0.041348665952682495,0.1581453433460241,0.39765897393226624
9900,0.13018834590911865,0.9505347609519958,0.04117647558450699,0.15771537759146992,0.3979259729385376
9925,0.1301073431968689,0.9505347609519958,0.04103822633624077,0.15729235260850552,0.3981921672821045
9950,0.13002680242061615,0.9505347609519958,0.04088449478149414,0.15683827980019202,0.398457407951355
9975,0.12994682788848877,0.9505347609519958,0.04076700657606125,0.15638781723663403,0.39872172474861145
10000,0.12986722588539124,0.9505347609519958,0.04067624360322952,0.15599019014819276,0.39898550510406494
10025,0.1297881305217743,0.9505347609519958,0.04054027795791626,0.15551441246160358,0.39924851059913635
10050,0.12970952689647675,0.9505347609519958,0.04037252441048622,0.15508100148488094,0.39951062202453613
10075,0.1296313852071762,0.9505347609519958,0.0402568019926548,0.15468061065260377,0.3997717797756195
10100,0.12955358624458313,0.9505347609519958,0.040259312838315964,0.1542260839249988,0.4000323712825775
10125,0.1294761300086975,0.9505347609519958,0.04015343263745308,0.1538238204432492,0.40029266476631165
10150,0.12939907610416412,0.9505347609519958,0.0400422029197216,0.1534019339801626,0.40055230259895325
10175,0.12932239472866058,0.9505347609519958,0.03997872769832611,0.1530260303125616,0.40081116557121277
10200,0.1292460560798645,0.9505347609519958,0.03987909108400345,0.15260845239459078,0.40106940269470215
10225,0.12917011976242065,0.9505347609519958,0.03976085036993027,0.1522222928561858,0.40132683515548706
10250,0.12909461557865143,0.9505347609519958,0.03964231163263321,0.1518110208528727,0.4015834629535675
10275,0.12901942431926727,0.9505347609519958,0.039589863270521164,0.15160346253745646,0.4018392562866211
10300,0.1289445161819458,0.9505347609519958,0.03947830945253372,0.15120576563563,0.40209418535232544
10325,0.12887004017829895,0.9505347609519958,0.03936169669032097,0.1508248224021465,0.40234827995300293
10350,0.12879593670368195,0.9500890970230103,0.03926929831504822,0.1504253665246516,0.4026016294956207
10375,0.1287221908569336,0.9500890970230103,0.0392053946852684,0.15003402123504636,0.40285423398017883
10400,0.12864886224269867,0.9505347609519958,0.03906725347042084,0.14954762965160232,0.4031062424182892
10425,0.12857595086097717,0.9509803652763367,0.03895917907357216,0.1491619868960302,0.4033573567867279
10450,0.1285034567117691,0.9509803652763367,0.03885494917631149,0.14873813494482163,0.40360766649246216
10475,0.1284312903881073,0.9509803652763367,0.03876267746090889,0.14842377766732487,0.4038572609424591
10500,0.12835949659347534,0.9505347609519958,0.038655929267406464,0.14804382509855163,0.40410614013671875
10525,0.12828807532787323,0.9505347609519958,0.038548652082681656,0.1476686061901256,0.4043543040752411
10550,0.12821705639362335,0.9505347609519958,0.0384395606815815,0.14727425306303205,0.40460169315338135
10575,0.12814635038375854,0.9505347609519958,0.03833189606666565,0.14696647536311863,0.4048483371734619
10600,0.12807607650756836,0.9505347609519958,0.03821524977684021,0.14655932128544652,0.4050939083099365
10625,0.1280061900615692,0.9505347609519958,0.03808772563934326,0.14619300570867902,0.40533873438835144
10650,0.1279367357492447,0.9505347609519958,0.03795923292636871,0.1457806242864998,0.40558260679244995
10675,0.12786772847175598,0.9505347609519958,0.03779514506459236,0.14539056157837577,0.4058257043361664
10700,0.12779906392097473,0.9505347609519958,0.037727322429418564,0.1450983886645197,0.40606802701950073
10725,0.12773074209690094,0.9505347609519958,0.037638019770383835,0.14480727824769055,0.40630972385406494
10750,0.12766273319721222,0.9505347609519958,0.0375322662293911,0.14441859189798317,0.4065505862236023
10775,0.12759508192539215,0.9505347609519958,0.03744376078248024,0.14405578576965927,0.40679100155830383
10800,0.12752777338027954,0.9505347609519958,0.03734007105231285,0.14371881055154728,0.40703070163726807
10825,0.1274608075618744,0.9505347609519958,0.03723960742354393,0.14335700536564952,0.40726956725120544
10850,0.12739421427249908,0.9505347609519958,0.03713923692703247,0.142996120423305,0.4075077772140503
10875,0.12732794880867004,0.9505347609519958,0.03701232373714447,0.14256076168295653,0.40774524211883545
10900,0.12726211547851562,0.9505347609519958,0.03690606355667114,0.14220613215429467,0.40798184275627136
10925,0.12719665467739105,0.9505347609519958,0.036806490272283554,0.14185173829944386,0.4082176685333252
10950,0.12713147699832916,0.9505347609519958,0.03670857101678848,0.141500920551843,0.4084528386592865
10975,0.12706667184829712,0.9505347609519958,0.03661166876554489,0.1411506325791011,0.4086872935295105
11000,0.12700220942497253,0.9505347609519958,0.03650806471705437,0.14077544679868234,0.4089210331439972
11025,0.1269380748271942,0.9505347609519958,0.036410387605428696,0.14042461349796337,0.4091540575027466
11050,0.12687426805496216,0.9505347609519958,0.036314550787210464,0.14007214064999743,0.40938636660575867
11075,0.12681078910827637,0.9505347609519958,0.0362180657684803,0.13971819007379926,0.40961796045303345
11100,0.12674765288829803,0.9505347609519958,0.03612542152404785,0.13935872460112161,0.40984880924224854
11125,0.12668488919734955,0.9505347609519958,0.03599737212061882,0.13902824493109517,0.4100789427757263
11150,0.12662245333194733,0.9505347609519958,0.03590328246355057,0.1386914424802945,0.4103083908557892
11175,0.12656033039093018,0.9505347609519958,0.035809122025966644,0.1383357527977964,0.41053715348243713
11200,0.1264985203742981,0.9505347609519958,0.035716671496629715,0.13799976876778788,0.4107652008533478
11225,0.12643709778785706,0.9505347609519958,0.03559057414531708,0.13760071878322483,0.4109925627708435
11250,0.12637606263160706,0.9505347609519958,0.035444438457489014,0.13710899297864426,0.41121935844421387
11275,0.1263154298067093,0.9505347609519958,0.03534795716404915,0.1367511383036543,0.4114455282688141
11300,0.1262550950050354,0.9505347609519958,0.03526974841952324,0.13639885274091018,0.41167116165161133
11325,0.12619510293006897,0.9505347609519958,0.035132165998220444,0.13596090304837505,0.4118962585926056
11350,0.12613551318645477,0.9505347609519958,0.03502465412020683,0.13560270726920381,0.4121204912662506
11375,0.12607625126838684,0.9505347609519958,0.03493485227227211,0.135277550313737,0.4123440384864807
11400,0.1260172724723816,0.9505347609519958,0.03484835848212242,0.13495923305201465,0.4125669598579407
11425,0.1259586066007614,0.9505347609519958,0.03475838154554367,0.1346336594723598,0.4127892255783081
11450,0.12590022385120392,0.9505347609519958,0.0346665158867836,0.13431281219990243,0.4130108654499054
11475,0.1258421391248703,0.9509803652763367,0.03456895053386688,0.13399047567283207,0.4132317900657654
11500,0.12578433752059937,0.9509803652763367,0.03448324277997017,0.13367770243127536,0.4134520888328552
11525,0.1257268488407135,0.9509803652763367,0.03437346965074539,0.13324328928934054,0.4136716425418854
11550,0.1256697177886963,0.9509803652763367,0.03428666666150093,0.13292618353963742,0.41389068961143494
11575,0.12561288475990295,0.9509803652763367,0.03418198972940445,0.13257455444652294,0.41410911083221436
11600,0.1255563348531723,0.9509803652763367,0.03409239277243614,0.13225754063843367,0.4143269658088684
11625,0.12550009787082672,0.9509803652763367,0.03400487080216408,0.13191351574786087,0.41454410552978516
11650,0.12544414401054382,0.9509803652763367,0.033921483904123306,0.13160079682924627,0.4147605299949646
11675,0.1253885179758072,0.9509803652763367,0.03378678113222122,0.13120146426648302,0.41497620940208435
11700,0.12533321976661682,0.9509803652763367,0.03368513286113739,0.13088211104873776,0.4151912033557892
11725,0.12527823448181152,0.9509803652763367,0.033588506281375885,0.1305566554617885,0.4154054522514343
11750,0.12522351741790771,0.9509803652763367,0.033504076302051544,0.13025662965720983,0.41561901569366455
11775,0.1251690685749054,0.9509803652763367,0.03342249616980553,0.129958394127194,0.4158320128917694
11800,0.12511488795280457,0.9509803652763367,0.033334750682115555,0.12964632833354953,0.4160444736480713
11825,0.12506097555160522,0.9509803652763367,0.03325486555695534,0.12934746264926053,0.41625621914863586
11850,0.12500731647014618,0.9509803652763367,0.033172428607940674,0.12904691765581788,0.4164673686027527
11875,0.12495391815900803,0.9509803652763367,0.03307968005537987,0.12873032240639856,0.4166778326034546
11900,0.12490080296993256,0.9509803652763367,0.03300122916698456,0.12844177713046823,0.4168877899646759
11925,0.1248478963971138,0.9509803652763367,0.032931335270404816,0.12815490950370237,0.4170970916748047
11950,0.12479525804519653,0.9509803652763367,0.032869886606931686,0.12784680964125356,0.4173057973384857
11975,0.12474282830953598,0.9509803652763367,0.03279432654380798,0.127571697413289,0.41751399636268616
12000,0.12469062954187393,0.9509803652763367,0.03274145349860191,0.12736054589463477,0.4177216589450836
12025,0.1246386170387268,0.9509803652763367,0.0326605960726738,0.12707126121184414,0.4179288148880005
12050,0.12458682805299759,0.9509803652763367,0.03258472681045532,0.12678096077997894,0.418135404586792
12075,0.12453524023294449,0.9509803652763367,0.03251401335000992,0.12654529382994362,0.41834160685539246
12100,0.12448392808437347,0.9509803652763367,0.03240754082798958,0.12623537494828943,0.4185471534729004
12125,0.12443293631076813,0.9509803652763367,0.03231550380587578,0.12585906967908506,0.41875213384628296
12150,0.12438219040632248,0.9509803652763367,0.03223540633916855,0.12557931091662847,0.41895660758018494
12175,0.12433171272277832,0.9509803652763367,0.032129768282175064,0.12535717984152708,0.4191603660583496
12200,0.12428147345781326,0.9509803652763367,0.03205238655209541,0.12507357020691365,0.41936346888542175
12225,0.12423145771026611,0.9509803652763367,0.03194380924105644,0.12474437516335948,0.41956615447998047
12250,0.12418173253536224,0.9509803652763367,0.03186783194541931,0.12446450840933992,0.41976824402809143
12275,0.12413224577903748,0.9509803652763367,0.0318053737282753,0.12419353985832926,0.41996973752975464
12300,0.12408297508955002,0.9509803652763367,0.03173021227121353,0.1239422624129474,0.42017072439193726
12325,0.12403390556573868,0.9509803652763367,0.03167901560664177,0.12376544340408141,0.4203712046146393
12350,0.12398497760295868,0.9509803652763367,0.03162188455462456,0.12351442135137086,0.42057105898857117
12375,0.1239362582564354,0.9509803652763367,0.0315425843000412,0.12322943233951135,0.4207704961299896
12400,0.12388777732849121,0.9509803652763367,0.031481336802244186,0.12297960443415813,0.42096927762031555
12425,0.12383947521448135,0.9509803652763367,0.03141916170716286,0.12270953615038754,0.4211675822734833
12450,0.12379136681556702,0.9509803652763367,0.031345169991254807,0.12243705811527118,0.42136532068252563
12475,0.12374349683523178,0.9509803652763367,0.031262800097465515,0.12214660328725657,0.4215626120567322
12500,0.12369584292173386,0.9509803652763367,0.03119026869535446,0.12186882749864889,0.42175933718681335
12525,0.12364842742681503,0.9509803652763367,0.031117187812924385,0.12160792566515916,0.42195555567741394
12550,0.12360123544931412,0.9509803652763367,0.031042028218507767,0.12135149264676544,0.422151118516922
12575,0.12355424463748932,0.9509803652763367,0.03097415342926979,0.12106252165217332,0.42234620451927185
12600,0.12350749224424362,0.9509803652763367,0.03087942861020565,0.12076042420677773,0.4225408434867859
12625,0.12346097826957703,0.9509803652763367,0.030802350491285324,0.12054328914772534,0.4227348566055298
12650,0.12341465801000595,0.9509803652763367,0.030712870880961418,0.12027024871689372,0.4229283332824707
12675,0.12336858361959457,0.9509803652763367,0.03063962608575821,0.12000110247858391,0.4231211543083191
12700,0.12332271039485931,0.9509803652763367,0.030587637796998024,0.11977795924819491,0.4233134090900421
12725,0.12327700853347778,0.9509803652763367,0.030530568212270737,0.11960938876759232,0.4235052764415741
12750,0.1232314482331276,0.9509803652763367,0.030461858958005905,0.11935278922733951,0.4236965477466583
12775,0.12318607419729233,0.9509803652763367,0.030398879200220108,0.11910759760139124,0.42388734221458435
12800,0.12314087152481079,0.9509803652763367,0.03035575896501541,0.11893632336396422,0.4240776598453522
12825,0.12309581786394119,0.9509803652763367,0.030310114845633507,0.11865769700729122,0.42426764965057373
12850,0.12305095046758652,0.9509803652763367,0.030230149626731873,0.11836276260726553,0.4244571328163147
12875,0.12300634384155273,0.9509803652763367,0.030149077996611595,0.11806139607115809,0.42464616894721985
12900,0.12296193093061447,0.9509803652763367,0.030081046745181084,0.11780808129211771,0.4248347282409668
12925,0.12291771918535233,0.9509803652763367,0.03000994585454464,0.1175662575491956,0.42502281069755554
12950,0.12287364155054092,0.9509803652763367,0.030005963519215584,0.11739011010669723,0.425210565328598
12975,0.12282971292734146,0.9509803652763367,0.029938869178295135,0.11714001751932643,0.42539793252944946
13000,0.12278592586517334,0.9509803652763367,0.029886892065405846,0.11703206330638262,0.4255847930908203
13025,0.12274226546287537,0.9509803652763367,0.029822643846273422,0.11677614252747581,0.4257710874080658
13050,0.1226988285779953,0.9509803652763367,0.02974119409918785,0.1165493767338987,0.4259568154811859
13075,0.12265552580356598,0.9509803652763367,0.02968311309814453,0.1164171756983093,0.4261418282985687
13100,0.12261239439249039,0.9509803652763367,0.029631705954670906,0.11616495204769414,0.42632654309272766
13125,0.12256944179534912,0.9509803652763367,0.029567066580057144,0.11591269713727163,0.426510751247406
13150,0.12252666056156158,0.9509803652763367,0.029521984979510307,0.11570068798275415,0.4266946017742157
13175,0.12248403578996658,0.9509803652763367,0.029452107846736908,0.11545061308854264,0.4268779456615448
13200,0.12244163453578949,0.9509803652763367,0.029387416318058968,0.11520097230376118,0.4270608127117157
13225,0.12239931523799896,0.9509803652763367,0.029371801763772964,0.11502114779725851,0.4272432029247284
13250,0.12235718220472336,0.9509803652763367,0.02930605784058571,0.11478746181197008,0.4274251461029053
13275,0.12231522798538208,0.9509803652763367,0.029232673346996307,0.11451323830531765,0.42760664224624634
13300,0.12227346003055573,0.9509803652763367,0.02916835807263851,0.11428020362936929,0.42778778076171875
13325,0.12223178893327713,0.9509803652763367,0.029137061908841133,0.11412867602757382,0.42796841263771057
13350,0.1221902072429657,0.9509803652763367,0.029053833335638046,0.1138287229019235,0.42814865708351135
13375,0.12214894592761993,0.9509803652763367,0.028992928564548492,0.11358960586663902,0.42832812666893005
13400,0.12210790067911148,0.9509803652763367,0.02891259826719761,0.11330644676620288,0.4285071790218353
13425,0.1220669224858284,0.9509803652763367,0.028899796307086945,0.113376249917638,0.4286859333515167
13450,0.12202602624893188,0.9514260292053223,0.028841998428106308,0.11314077160147268,0.42886438965797424
13475,0.12198536843061447,0.9518716335296631,0.028750089928507805,0.11287964082665375,0.4290422797203064
13500,0.1219448670744896,0.9518716335296631,0.028691424056887627,0.11264685578153462,0.4292195737361908
13525,0.12190452963113785,0.9518716335296631,0.02863309346139431,0.11236813609411012,0.4293964207172394
13550,0.12186440825462341,0.9518716335296631,0.028568370267748833,0.1120626864144028,0.429572731256485
13575,0.1218244805932045,0.9518716335296631,0.028503265231847763,0.1118208704765015,0.42974844574928284
13600,0.12178471684455872,0.9518716335296631,0.02844233438372612,0.11157469464795813,0.42992374300956726
13625,0.12174511700868607,0.9523172974586487,0.02838529832661152,0.11134745169420217,0.43009862303733826
13650,0.12170567363500595,0.9523172974586487,0.028349323198199272,0.11103928816357722,0.430273175239563
13675,0.12166640162467957,0.9523172974586487,0.02829195186495781,0.11081242328375458,0.4304472804069519
13700,0.12162726372480392,0.9523172974586487,0.02823157049715519,0.11060671054461567,0.430620938539505
13725,0.12158828228712082,0.9523172974586487,0.02817665785551071,0.1103930610879592,0.43079420924186707
13750,0.12154948711395264,0.9523172974586487,0.028106292709708214,0.11015671207058153,0.4309670031070709
13775,0.12151084840297699,0.9523172974586487,0.028051380068063736,0.10993285602793104,0.4311394989490509
13800,0.12147235870361328,0.9523172974586487,0.027990953996777534,0.10971577067497736,0.4313114285469055
13825,0.1214340403676033,0.9523172974586487,0.027935804799199104,0.10950274673337697,0.4314830005168915
13850,0.12139587849378586,0.9523172974586487,0.027872359380126,0.10928985950656325,0.43165406584739685
13875,0.12135788053274155,0.9523172974586487,0.027811000123620033,0.10906763243801572,0.4318247437477112
13900,0.12132003158330917,0.9523172974586487,0.027751946821808815,0.10885188854625934,0.4319949746131897
13925,0.12128231674432755,0.9523172974586487,0.02770036831498146,0.10864975876972109,0.4321648180484772
13950,0.12124478816986084,0.9523172974586487,0.027645781636238098,0.10843293177582253,0.4323340952396393
13975,0.12120737135410309,0.9523172974586487,0.027599643915891647,0.1081868499023106,0.4325030744075775
14000,0.12117009609937668,0.9523172974586487,0.027547886595129967,0.10795475561044282,0.43267175555229187
14025,0.121132992208004,0.9523172974586487,0.027493445202708244,0.10774504413022722,0.43283990025520325
14050,0.12109596282243729,0.9523172974586487,0.027483724057674408,0.10764537744776106,0.43300753831863403
14075,0.12105906754732132,0.9523172974586487,0.027415653690695763,0.1074222843782615,0.43317461013793945
14100,0.1210222914814949,0.9523172974586487,0.027365190908312798,0.10721607324167788,0.43334129452705383
14125,0.12098568677902222,0.9527629017829895,0.02730187028646469,0.10699553884419433,0.4335075318813324
14150,0.12094920873641968,0.9527629017829895,0.027265844866633415,0.10681604217744926,0.4336734414100647
14175,0.12091285735368729,0.9527629017829895,0.0272115096449852,0.10660989755148813,0.43383899331092834
14200,0.12087666988372803,0.9527629017829895,0.027165140956640244,0.10640429633967048,0.43400412797927856
14225,0.12084060162305832,0.9527629017829895,0.027088278904557228,0.10614629894953308,0.43416890501976013
14250,0.12080471217632294,0.9527629017829895,0.027039509266614914,0.10596076158395568,0.43433311581611633
14275,0.1207689642906189,0.9527629017829895,0.026986541226506233,0.10575743395469513,0.4344969689846039
14300,0.12073332816362381,0.9527629017829895,0.026935920119285583,0.10555103240855784,0.4346604347229004
14325,0.12069786339998245,0.9527629017829895,0.026883572340011597,0.10535122194580142,0.43482351303100586
14350,0.12066253274679184,0.9532085061073303,0.026806188747286797,0.1050855490880845,0.4349862337112427
14375,0.12062738835811615,0.9532085061073303,0.026799336075782776,0.10492284651212241,0.43514853715896606
14400,0.12059228867292404,0.9532085061073303,0.0267504770308733,0.10472711107933932,0.4353106617927551
14425,0.12055735290050507,0.9532085061073303,0.026674702763557434,0.10453017996575034,0.4354722499847412
14450,0.12052248418331146,0.9532085061073303,0.0266606193035841,0.10445153636609761,0.43563342094421387
14475,0.12048771977424622,0.9536541700363159,0.026610834524035454,0.10426994463025867,0.4357941746711731
14500,0.1204531118273735,0.9536541700363159,0.02655387669801712,0.10406800837778835,0.4359545409679413
14525,0.12041862308979034,0.9536541700363159,0.026503494009375572,0.10385640554862736,0.43611443042755127
14550,0.12038428336381912,0.9536541700363159,0.02645295113325119,0.10366296720110992,0.4362739026546478
14575,0.12035006284713745,0.9536541700363159,0.02640276961028576,0.10347403067697306,0.4364330768585205
14600,0.12031593173742294,0.9536541700363159,0.026402601972222328,0.10330956890740489,0.4365919232368469
14625,0.12028190493583679,0.9536541700363159,0.026349108666181564,0.10310361283699598,0.436750590801239
14650,0.120247982442379,0.9536541700363159,0.026299096643924713,0.10291309377679018,0.43690890073776245
14675,0.12021420150995255,0.9536541700363159,0.026275282725691795,0.10267000394551233,0.4370667636394501
14700,0.12018050253391266,0.9536541700363159,0.026249442249536514,0.10244036370648389,0.43722423911094666
14725,0.12014695256948471,0.9536541700363159,0.02620094083249569,0.10225157598227144,0.4373813569545746
14750,0.12011352926492691,0.9536541700363159,0.026152491569519043,0.10206200175688356,0.4375380873680115
14775,0.12008021026849747,0.9536541700363159,0.026104092597961426,0.1018830895083277,0.4376944601535797
14800,0.12004701048135757,0.9536541700363159,0.02605392411351204,0.10169812594865116,0.4378504157066345
14825,0.12001393735408783,0.9536541700363159,0.026004990562796593,0.10151295997240291,0.43800604343414307
14850,0.11998099833726883,0.9536541700363159,0.02595708519220352,0.10132969066086137,0.43816137313842773
14875,0.11994817107915878,0.9536541700363159,0.025900430977344513,0.10111861895574464,0.4383162558078766
14900,0.11991540342569351,0.9536541700363159,0.025909291580319405,0.1012245134886774,0.43847087025642395
14925,0.11988270282745361,0.9536541700363159,0.02584373578429222,0.10104158714772703,0.43862512707710266
14950,0.11985008418560028,0.9536541700363159,0.025795908644795418,0.10085910298537888,0.4387790858745575
14975,0.11981763690710068,0.9540997743606567,0.025728998705744743,0.1006457143024865,0.4389326870441437
15000,0.11978532373905182,0.9540997743606567,0.0256816279143095,0.10046402355025114,0.4390856921672821
15025,0.11975310742855072,0.9540997743606567,0.025674641132354736,0.10038270392922995,0.43923839926719666
15050,0.11972090601921082,0.9540997743606567,0.02564341574907303,0.10025399624622888,0.43939080834388733
15075,0.11968877166509628,0.9540997743606567,0.025652246549725533,0.10017351797368888,0.43954262137413025
15100,0.11965670436620712,0.9540997743606567,0.025596575811505318,0.09999067591852498,0.43969422578811646
15125,0.11962477117776871,0.9540997743606567,0.025550737977027893,0.0998141522633982,0.439845472574234
15150,0.11959291994571686,0.9540997743606567,0.025506097823381424,0.09963952675184491,0.4399964213371277
15175,0.11956120282411575,0.9540997743606567,0.025463297963142395,0.09948776752572591,0.44014695286750793
15200,0.11952957510948181,0.9540997743606567,0.02541833184659481,0.09931231334918954,0.4402971863746643
15225,0.11949804425239563,0.9540997743606567,0.025372503325343132,0.09913784571520859,0.44044703245162964
15250,0.11946664750576019,0.9540997743606567,0.025333482772111893,0.09898761540523379,0.44059649109840393
15275,0.1194353699684143,0.9540997743606567,0.025281818583607674,0.09881943171306394,0.44074559211730957
15300,0.11940415948629379,0.9540997743606567,0.02525549754500389,0.09867602067377207,0.44089436531066895
15325,0.11937306821346283,0.9540997743606567,0.02520153298974037,0.09849376761803617,0.4410427510738373
15350,0.11934207379817963,0.9540997743606567,0.025159340351819992,0.09832893617399681,0.44119083881378174
15375,0.11931119114160538,0.9540997743606567,0.02509579248726368,0.09813700286265228,0.44133853912353516
15400,0.11928042769432068,0.9540997743606567,0.025052448734641075,0.09796783859219042,0.44148585200309753
15425,0.11924978345632553,0.9540997743606567,0.025009270757436752,0.0978003895052208,0.44163277745246887
15450,0.11921926587820053,0.9540997743606567,0.024967186152935028,0.09764062578684728,0.44177934527397156
15475,0.11918884515762329,0.9540997743606567,0.024924473837018013,0.0974728309790943,0.44192561507225037
15500,0.119158536195755,0.9540997743606567,0.024881599470973015,0.0973051481996945,0.4420716464519501
15525,0.11912830173969269,0.9540997743606567,0.024839403107762337,0.09713970618479287,0.44221732020378113
15550,0.11909819394350052,0.9540997743606567,0.024796653538942337,0.09697189484858962,0.44236254692077637
15575,0.1190681904554367,0.9540997743606567,0.024754244834184647,0.09680783135809927,0.44250744581222534
15600,0.11903826892375946,0.9540997743606567,0.024712465703487396,0.09664453153896707,0.44265204668045044
15625,0.11900845915079117,0.9540997743606567,0.024676023051142693,0.0964959631157406,0.44279634952545166
15650,0.11897873133420944,0.9540997743606567,0.024631917476654053,0.09633025824120342,0.4429403841495514
15675,0.11894912272691727,0.9540997743606567,0.024589750915765762,0.09616542634025743,0.44308409094810486
15700,0.11891957372426987,0.9540997743606567,0.024553725495934486,0.09602719892785913,0.4432275593280792
15725,0.1188901737332344,0.9540997743606567,0.024495873600244522,0.09585593396375429,0.4433704912662506
15750,0.1188608780503273,0.9540997743606567,0.02445407584309578,0.095694414452903,0.4435131847858429
15775,0.11883169412612915,0.9540997743606567,0.02441287599503994,0.09553483639362478,0.44365552067756653
15800,0.11880257725715637,0.9540997743606567,0.024371756240725517,0.09537436848772425,0.44379758834838867
15825,0.11877354234457016,0.9540997743606567,0.024333663284778595,0.09521740860556124,0.4439394176006317
15850,0.11874460428953171,0.9540997743606567,0.024263489991426468,0.09520447236112271,0.4440808594226837
15875,0.118715800344944,0.9540997743606567,0.024211909621953964,0.09501019965776056,0.444221556186676
15900,0.11868707090616226,0.9540997743606567,0.024170396849513054,0.09483119707639813,0.4443621337413788
15925,0.11865846067667007,0.9540997743606567,0.024130914360284805,0.09467586792484828,0.4445022940635681
15950,0.11862995475530624,0.9540997743606567,0.02413061074912548,0.09447760434991305,0.44464218616485596
15975,0.118601493537426,0.9540997743606567,0.024088751524686813,0.09430126771383389,0.44478192925453186
16000,0.1185731366276741,0.9540997743606567,0.024049771949648857,0.09414851026962112,0.4449213743209839
16025,0.11854487657546997,0.9540997743606567,0.02400955744087696,0.09400287022785589,0.4450604319572449
16050,0.1185166984796524,0.9540997743606567,0.023970872163772583,0.09385025227771604,0.44519925117492676
16075,0.11848863214254379,0.9540997743606567,0.023930363357067108,0.09369346360086367,0.4453376829624176
16100,0.11846060305833817,0.9540997743606567,0.023928439244627953,0.09363830393497588,0.44547587633132935
16125,0.1184326782822609,0.9540997743606567,0.02383403666317463,0.09346658110277126,0.44561392068862915
16150,0.11840488016605377,0.9540997743606567,0.023795053362846375,0.09331572524582228,0.4457516372203827
16175,0.11837716400623322,0.9545454382896423,0.0237569659948349,0.09316553558454578,0.44588902592658997
16200,0.11834952980279922,0.9545454382896423,0.023717308416962624,0.09302108559814398,0.4460262358188629
16225,0.1183219775557518,0.9545454382896423,0.023693958297371864,0.09288528494990433,0.4461631774902344
16250,0.11829449236392975,0.9545454382896423,0.023652657866477966,0.09274203164491417,0.44629985094070435
16275,0.11826710402965546,0.9545454382896423,0.023616034537553787,0.092595050274132,0.4464362561702728
16300,0.11823983490467072,0.9545454382896423,0.02355445735156536,0.0922977026540653,0.44657230377197266
16325,0.11821272224187851,0.9545454382896423,0.023510336875915527,0.0921486819552574,0.44670799374580383
16350,0.11818554997444153,0.9545454382896423,0.023456178605556488,0.09215618225851059,0.4468432664871216
16375,0.11815856397151947,0.9545454382896423,0.02343885786831379,0.09202743651771438,0.4469783902168274
16400,0.11813166737556458,0.9545454382896423,0.023414721712470055,0.09195516439553303,0.4471133053302765
16425,0.11810479313135147,0.9545454382896423,0.02338251657783985,0.0918119380197533,0.4472479522228241
16450,0.11807797104120255,0.9545454382896423,0.02334439568221569,0.09170860717337197,0.44738245010375977
16475,0.11805122345685959,0.9545454382896423,0.023310702294111252,0.09160539959437111,0.44751664996147156
16500,0.1180245578289032,0.9545454382896423,0.023273689672350883,0.09146862932327027,0.44765064120292664
16525,0.11799798160791397,0.9545454382896423,0.023235272616147995,0.09130496652476823,0.44778430461883545
16550,0.1179715022444725,0.9545454382896423,0.02320197783410549,0.09115125431752559,0.4479176104068756
16575,0.11794508993625641,0.9545454382896423,0.023165646940469742,0.0910235671859269,0.44805070757865906
16600,0.11791877448558807,0.9545454382896423,0.02312985062599182,0.09086940399140145,0.44818344712257385
16625,0.1178925558924675,0.9545454382896423,0.023096663877367973,0.09073283634383764,0.44831588864326477
16650,0.1178663894534111,0.9545454382896423,0.02307208999991417,0.09059598489466653,0.44844818115234375
16675,0.11784033477306366,0.9545454382896423,0.02298620156943798,0.09049833755767643,0.4485797882080078
16700,0.11781436949968338,0.9545454382896423,0.022938603535294533,0.09037179147406747,0.4487111568450928
16725,0.11778850853443146,0.9545454382896423,0.02290371060371399,0.09023402265007809,0.4488421082496643
16750,0.11776267737150192,0.9545454382896423,0.02289833314716816,0.09014991048918015,0.44897282123565674
16775,0.11773689836263657,0.9545454382896423,0.022866040468215942,0.09000686142955387,0.44910335540771484
16800,0.11771119385957718,0.9545454382896423,0.022823691368103027,0.08986295871180057,0.4492335021495819
16825,0.11768558621406555,0.9545454382896423,0.022788822650909424,0.0897242814268992,0.44936344027519226
16850,0.11766006797552109,0.9545454382896423,0.022752394899725914,0.08958359195228999,0.4494929909706116
16875,0.11763462424278259,0.9545454382896423,0.022709030658006668,0.08944166373558883,0.44962233304977417
16900,0.11760927736759186,0.9545454382896423,0.022673171013593674,0.08930252054934268,0.4497513771057129
16925,0.1175839975476265,0.9545454382896423,0.022639622911810875,0.08916896722794362,0.44988012313842773
16950,0.1175588071346283,0.9545454382896423,0.022593796253204346,0.08899211945356449,0.4500085711479187
16975,0.11753363162279129,0.9545454382896423,0.022645389661192894,0.0889152208420563,0.45013701915740967
17000,0.11750851571559906,0.9540997743606567,0.022612212225794792,0.08878299957606536,0.45026537775993347
17025,0.11748345196247101,0.9540997743606567,0.022569281980395317,0.08866971380846508,0.4503934979438782
17050,0.11745848506689072,0.9540997743606567,0.02253904938697815,0.08853892644990537,0.450521320104599
17075,0.1174335703253746,0.9540997743606567,0.02248421311378479,0.08839040258500097,0.45064884424209595
17100,0.11740875244140625,0.9540997743606567,0.02245265804231167,0.08826378972782423,0.4507761597633362
17125,0.11738400906324387,0.9540997743606567,0.022399630397558212,0.088144251888984,0.45090311765670776
17150,0.11735936999320984,0.9540997743606567,0.022366590797901154,0.08801488626794975,0.4510297179222107
17175,0.11733478307723999,0.9540997743606567,0.022346772253513336,0.08791368662060935,0.4511561691761017
17200,0.11731026321649551,0.9540997743606567,0.02230309322476387,0.08786020952041639,0.4512823820114136
17225,0.11728579550981522,0.9540997743606567,0.022270893678069115,0.08773221102852778,0.451408326625824
17250,0.11726142466068268,0.9540997743606567,0.022230569273233414,0.08760014895154118,0.4515340328216553
17275,0.1172371357679367,0.9536541700363159,0.0221803467720747,0.0874391481353249,0.4516594707965851
17300,0.1172129288315773,0.9536541700363159,0.022148046642541885,0.0873119471033855,0.4517847001552582
17325,0.11718878895044327,0.9536541700363159,0.022119583562016487,0.08719340914756535,0.451909601688385
17350,0.11716470122337341,0.9532085061073303,0.022092899307608604,0.0870728378709888,0.4520343244075775
17375,0.11714068800210953,0.9532085061073303,0.022066323086619377,0.08697347858002023,0.45215871930122375
17400,0.11711674183607101,0.9532085061073303,0.022035105153918266,0.08684857907881727,0.45228278636932373
17425,0.11709285527467728,0.9532085061073303,0.022004535421729088,0.08672745839711726,0.4524065852165222
17450,0.11706904321908951,0.9532085061073303,0.021974146366119385,0.08660791371431292,0.4525300860404968
17475,0.11704528331756592,0.9532085061073303,0.021947631612420082,0.08648556424057027,0.4526533782482147
17500,0.1170215979218483,0.9532085061073303,0.02191099151968956,0.0863601732697701,0.45277655124664307
17525,0.11699797213077545,0.9532085061073303,0.021880637854337692,0.08623725530312912,0.45289942622184753
17550,0.11697439104318619,0.9532085061073303,0.021886279806494713,0.08611945314611703,0.45302218198776245
17575,0.1169508621096611,0.9532085061073303,0.02185601182281971,0.08599798101949661,0.45314475893974304
17600,0.11692739278078079,0.9532085061073303,0.021830512210726738,0.0858922901421604,0.45326706767082214
17625,0.11690399795770645,0.9532085061073303,0.021802004426717758,0.08577212539320755,0.45338910818099976
17650,0.11688066273927689,0.9532085061073303,0.021771512925624847,0.08565192232893172,0.4535108208656311
17675,0.1168573647737503,0.9532085061073303,0.021751128137111664,0.08553774118943709,0.4536324441432953
17700,0.1168341264128685,0.9532085061073303,0.021721666678786278,0.08542121207070898,0.4537537693977356
17725,0.11681097745895386,0.9532085061073303,0.02168481983244419,0.0852851980384197,0.45387476682662964
17750,0.1167878732085228,0.9532085061073303,0.02165418304502964,0.08525544436955702,0.45399537682533264
17775,0.11676482111215591,0.9532085061073303,0.021625354886054993,0.08513915574898044,0.4541156589984894
17800,0.1167418360710144,0.9532085061073303,0.02158215455710888,0.08504766250343096,0.45423567295074463
17825,0.11671899259090424,0.9532085061073303,0.02150476723909378,0.0848061412424738,0.45435529947280884
17850,0.11669627577066422,0.9532085061073303,0.02144712582230568,0.08461152570315993,0.45447438955307007
17875,0.11667361855506897,0.9532085061073303,0.021413477137684822,0.08447303740383362,0.454593300819397
17900,0.11665104329586029,0.9532085061073303,0.02138509601354599,0.08435805594115013,0.4547118842601776
17925,0.11662852764129639,0.9532085061073303,0.02135656028985977,0.08424112868099361,0.4548303484916687
17950,0.11660605669021606,0.9532085061073303,0.021330691874027252,0.08415120748967175,0.4549484848976135
17975,0.11658364534378052,0.9532085061073303,0.021302998065948486,0.08404575531101688,0.45506635308265686
18000,0.11656128615140915,0.9532085061073303,0.02128451131284237,0.08396194587095447,0.4551841616630554
18025,0.11653898656368256,0.9532085061073303,0.021236039698123932,0.08383985012330875,0.4553016424179077
18050,0.11651673913002014,0.9532085061073303,0.021208180114626884,0.08372714580870817,0.45541882514953613
18075,0.1164945662021637,0.9532085061073303,0.021177755668759346,0.08360824726708121,0.4555357098579407
18100,0.11647245287895203,0.9532085061073303,0.021158918738365173,0.08353818580490412,0.4556525945663452
18125,0.11645039916038513,0.9532085061073303,0.02109426259994507,0.08334642974136466,0.4557691514492035
18150,0.1164284199476242,0.9532085061073303,0.021090514957904816,0.08330453206498689,0.45588546991348267
18175,0.11640641838312149,0.9532085061073303,0.021119456738233566,0.08327258193486362,0.45600172877311707
18200,0.11638445407152176,0.9536541700363159,0.0210893452167511,0.08316058761431544,0.45611777901649475
18225,0.1163625568151474,0.9536541700363159,0.021083759143948555,0.08309440326933372,0.45623353123664856
18250,0.11634068936109543,0.9536541700363159,0.02105952799320221,0.08298299242289055,0.45634910464286804
18275,0.11631885915994644,0.9536541700363159,0.02103264443576336,0.08287459856026373,0.456464558839798
18300,0.11629710346460342,0.9536541700363159,0.021005624905228615,0.08276604723914695,0.45657971501350403
18325,0.11627539992332458,0.9536541700363159,0.020974617451429367,0.08264907879749626,0.456694632768631
18350,0.11625374853610992,0.9536541700363159,0.021047331392765045,0.08259325325506722,0.456809401512146
18375,0.11623204499483109,0.9536541700363159,0.021022234112024307,0.08249185126687363,0.45692378282546997
18400,0.11621039360761642,0.9536541700363159,0.020987698808312416,0.08238156053704988,0.4570379853248596
18425,0.11618880927562714,0.9536541700363159,0.02096264250576496,0.08227773390157475,0.4571518898010254
18450,0.11616727709770203,0.9536541700363159,0.020921701565384865,0.08218240128440495,0.4572654664516449
18475,0.11614581942558289,0.9536541700363159,0.020896906033158302,0.0820754954206023,0.4573788046836853
18500,0.11612439900636673,0.9536541700363159,0.020871153101325035,0.08196975248507175,0.45749202370643616
18525,0.11610303819179535,0.9536541700363159,0.020842425525188446,0.08186191570758389,0.45760491490364075
18550,0.11608172208070755,0.9536541700363159,0.02081666700541973,0.08175744655401787,0.45771756768226624
18575,0.11606045812368393,0.9536541700363159,0.020802896469831467,0.08168022145440748,0.45783013105392456
18600,0.11603925377130508,0.9536541700363159,0.020773334428668022,0.08154255042552142,0.45794233679771423
18625,0.11601809412240982,0.9536541700363159,0.020749760791659355,0.081443186962847,0.4580543339252472
18650,0.11599698662757874,0.9536541700363159,0.020724019035696983,0.08134027023368763,0.4581660032272339
18675,0.11597596108913422,0.9536541700363159,0.02069910801947117,0.08123781313822837,0.45827752351760864
18700,0.11595496535301208,0.9536541700363159,0.0206750575453043,0.08113485259858083,0.45838895440101624
18725,0.11593402177095413,0.9536541700363159,0.020649947226047516,0.08103304545345512,0.45850011706352234
18750,0.11591310054063797,0.9536541700363159,0.020673008635640144,0.0809412096174373,0.4586111307144165
18775,0.1158922016620636,0.9536541700363159,0.020629707723855972,0.08079371654901339,0.45872220396995544
18800,0.1158713772892952,0.9536541700363159,0.02060643769800663,0.08069220289027448,0.4588329792022705
18825,0.11585059762001038,0.9536541700363159,0.020575527101755142,0.08056697487883704,0.45894354581832886
18850,0.11582991480827332,0.9536541700363159,0.020550817251205444,0.08046610863318793,0.45905375480651855
18875,0.11580925434827805,0.9536541700363159,0.020528331398963928,0.08036501329973278,0.4591638743877411
18900,0.11578866839408875,0.9536541700363159,0.020499717444181442,0.08025748891377874,0.45927372574806213
18925,0.11576812714338303,0.9536541700363159,0.02047523856163025,0.08015808695487471,0.45938342809677124
18950,0.11574762314558029,0.9536541700363159,0.020450925454497337,0.08005914903212101,0.459492951631546
18975,0.11572719365358353,0.9536541700363159,0.02042856253683567,0.07995486589854099,0.4596022367477417
19000,0.11570679396390915,0.9536541700363159,0.02039274014532566,0.07983071428615673,0.4597112536430359
19025,0.11568645387887955,0.9536541700363159,0.020370030775666237,0.07974308597565821,0.4598201513290405
19050,0.11566615849733353,0.9536541700363159,0.02034582570195198,0.07964420078838612,0.45992881059646606
19075,0.11564592272043228,0.9536541700363159,0.020322300493717194,0.07954792741445645,0.4600372612476349
19100,0.11562573164701462,0.9536541700363159,0.02030157297849655,0.07945141517699326,0.46014562249183655
19125,0.11560560017824173,0.9536541700363159,0.020274817943572998,0.07935056946601121,0.4602537155151367
19150,0.11558551341295242,0.9536541700363159,0.02025008574128151,0.07925105806258248,0.4603615701198578
19175,0.1155654788017273,0.9536541700363159,0.02022012695670128,0.07915344267072479,0.46046924591064453
19200,0.11554550379514694,0.9536541700363159,0.020196624100208282,0.07905804692953056,0.4605766534805298
19225,0.11552555114030838,0.9536541700363159,0.02017565257847309,0.07896526216942754,0.4606839120388031
19250,0.1155056580901146,0.9536541700363159,0.02015245519578457,0.07887053240882658,0.4607910215854645
19275,0.11548583209514618,0.9536541700363159,0.020129529759287834,0.07877624031658942,0.46089789271354675
19300,0.11546602845191956,0.9536541700363159,0.02008761838078499,0.07870343796174821,0.46100446581840515
19325,0.1154462918639183,0.9536541700363159,0.020058423280715942,0.07859403264712812,0.46111083030700684
19350,0.11542659997940063,0.9536541700363159,0.020045336335897446,0.07851670628029855,0.46121716499328613
19375,0.11540695279836655,0.9536541700363159,0.02004213072359562,0.07846744233680095,0.46132326126098633
19400,0.11538729816675186,0.9536541700363159,0.02001815102994442,0.07837074676422344,0.4614291489124298
19425,0.11536770313978195,0.9536541700363159,0.01999559998512268,0.0782782666794664,0.46153485774993896
19450,0.11534816026687622,0.9536541700363159,0.019969835877418518,0.07819798925749302,0.4616404175758362
19475,0.11532866954803467,0.9536541700363159,0.019932741299271584,0.07809238619995224,0.46174561977386475
19500,0.1153092235326767,0.9536541700363159,0.019932260736823082,0.0781003731624796,0.46185046434402466
19525,0.11528979241847992,0.9536541700363159,0.019911127164959908,0.07800863978252684,0.46195510029792786
19550,0.11527039855718613,0.9536541700363159,0.01988828554749489,0.07791561818266145,0.46205946803092957
19575,0.11525105684995651,0.9536541700363159,0.01986793801188469,0.07782639823849358,0.4621635973453522
19600,0.11523175984621048,0.9536541700363159,0.019843190908432007,0.07773970751982036,0.4622674584388733
19625,0.11521249264478683,0.9536541700363159,0.019821690395474434,0.0776547169329139,0.46237123012542725
19650,0.11519327759742737,0.9536541700363159,0.019794633612036705,0.07760461274963616,0.4624747633934021
19675,0.11517409980297089,0.9536541700363159,0.019749201834201813,0.07749208390679471,0.4625781178474426
19700,0.11515497416257858,0.9536541700363159,0.019728204235434532,0.07740419273218403,0.4626811146736145
19725,0.11513590812683105,0.9536541700363159,0.019711866974830627,0.07732668513000725,0.46278396248817444
19750,0.11511687189340591,0.9536541700363159,0.019691333174705505,0.07723902822762153,0.46288660168647766
19775,0.11509788781404495,0.9536541700363159,0.019670262932777405,0.07715186461482122,0.46298903226852417
19800,0.11507892608642578,0.9536541700363159,0.019652260467410088,0.07707344872253438,0.4630913734436035
19825,0.11506002396345139,0.9536541700363159,0.019621066749095917,0.07697116288635843,0.4631933867931366
19850,0.11504118889570236,0.9536541700363159,0.01957503892481327,0.07687274575558266,0.4632951617240906
19875,0.11502240598201752,0.9536541700363159,0.019552970305085182,0.07678364218648308,0.46339675784111023
19900,0.11500365287065506,0.9536541700363159,0.019538236781954765,0.07671481586228433,0.46349823474884033
19925,0.1149848997592926,0.9536541700363159,0.01953824609518051,0.07664118864339864,0.46359947323799133
19950,0.11496621370315552,0.9536541700363159,0.019518332555890083,0.07656701873705507,0.4637005627155304
19975,0.11494751274585724,0.9536541700363159,0.019516652449965477,0.0765212665972401,0.46380144357681274
20000,0.11492887139320374,0.9536541700363159,0.019494250416755676,0.07643467626400618,0.46390217542648315
20025,0.11491025239229202,0.9536541700363159,0.019474254921078682,0.07635046314576167,0.464002788066864
20050,0.11489168554544449,0.9536541700363159,0.019454555585980415,0.07626681115304887,0.46410316228866577
20075,0.11487316340208054,0.9536541700363159,0.019434364512562752,0.07618359138406904,0.4642033278942108
20100,0.11485467106103897,0.9536541700363159,0.019414283335208893,0.076100024530628,0.46430328488349915
20125,0.1148362010717392,0.9536541700363159,0.01939653977751732,0.07602164647849695,0.4644031524658203
20150,0.1148177906870842,0.9536541700363159,0.01936519704759121,0.07593200083359809,0.46450281143188477
20175,0.11479941755533218,0.9536541700363159,0.019345734268426895,0.07584762616803788,0.4646020829677582
20200,0.11478109657764435,0.9540997743606567,0.019336914643645287,0.07580155184492122,0.4647013247013092
20225,0.1147627905011177,0.9540997743606567,0.0193194467574358,0.07572197938341159,0.4648004174232483
20250,0.11474451422691345,0.9540997743606567,0.019291454926133156,0.07560929015415528,0.46489936113357544
20275,0.11472630500793457,0.9540997743606567,0.019272062927484512,0.07552836956216392,0.4649980664253235
20300,0.11470811814069748,0.9540997743606567,0.019251327961683273,0.07544906427900326,0.46509653329849243
20325,0.11468999087810516,0.9540997743606567,0.019202327355742455,0.07521037540206343,0.4651947319507599
20350,0.11467196047306061,0.9540997743606567,0.01918194815516472,0.07513172687385299,0.46529296040534973
20375,0.11465395241975784,0.9540997743606567,0.019162774085998535,0.0750515628149671,0.46539103984832764
20400,0.11463600397109985,0.9540997743606567,0.0191408172249794,0.07491693387539299,0.4654889404773712
20425,0.11461809277534485,0.9540997743606567,0.01912621594965458,0.07484225253180962,0.46558675169944763
20450,0.11460021138191223,0.9540997743606567,0.019096093252301216,0.07475820915424379,0.4656843841075897
20475,0.11458238214254379,0.9540997743606567,0.019077690318226814,0.07467894892880368,0.4657817482948303
20500,0.11456459015607834,0.9540997743606567,0.019032912328839302,0.07449221432117889,0.46587902307510376
20525,0.11454688012599945,0.9540997743606567,0.019012419506907463,0.0744105285301515,0.46597614884376526
20550,0.11452921479940414,0.9540997743606567,0.018994813784956932,0.0743304246599647,0.4660731256008148
20575,0.11451157927513123,0.9540997743606567,0.018989281728863716,0.07427999146003288,0.4661698639392853
20600,0.1144939512014389,0.9540997743606567,0.018961623311042786,0.07416182239349525,0.4662665128707886
20625,0.11447641253471375,0.9540997743606567,0.018924925476312637,0.07410840233495965,0.4663628935813904
20650,0.11445891112089157,0.9540997743606567,0.01891086995601654,0.07405138248197521,0.4664590656757355
20675,0.11444143205881119,0.9540997743606567,0.01887763850390911,0.07391731667482139,0.466555118560791
20700,0.11442399770021439,0.9540997743606567,0.018858550116419792,0.07382511926620494,0.46665099263191223
20725,0.11440661549568176,0.9540997743606567,0.018840286880731583,0.07374843425855984,0.4667466878890991
20750,0.11438927799463272,0.9540997743606567,0.018817810341715813,0.07360856135614897,0.4668421745300293
20775,0.11437197774648666,0.9540997743606567,0.018799757584929466,0.07353282851063829,0.4669376015663147
20800,0.11435474455356598,0.9540997743606567,0.018764080479741096,0.07337568017199847,0.4670327305793762
20825,0.11433755606412888,0.9540997743606567,0.018748920410871506,0.07330081962104013,0.4671277105808258
20850,0.11432039737701416,0.9540997743606567,0.018731115385890007,0.07322460858996305,0.46722254157066345
20875,0.11430324614048004,0.9540997743606567,0.01871824637055397,0.07316472523310451,0.46731728315353394
20900,0.1142861396074295,0.9540997743606567,0.018700173124670982,0.0730899979693807,0.4674118459224701
20925,0.11426905542612076,0.9540997743606567,0.01867479830980301,0.07297642160567423,0.4675062596797943
20950,0.1142520159482956,0.9540997743606567,0.01867760717868805,0.07293272139196316,0.4676004946231842
20975,0.1142350435256958,0.9540997743606567,0.018596362322568893,0.0727618205390257,0.4676945209503174
21000,0.11421815305948257,0.9540997743606567,0.018581300973892212,0.0726913351391762,0.4677882492542267
21025,0.11420129239559174,0.9540997743606567,0.018563486635684967,0.07261752349015237,0.4678817391395569
21050,0.11418445408344269,0.9540997743606567,0.01854642480611801,0.07254744939411038,0.4679751396179199
21075,0.11416764557361603,0.9540997743606567,0.018530484288930893,0.07248388000696947,0.4680684506893158
21100,0.11415085196495056,0.9540997743606567,0.018512459471821785,0.07241113075471547,0.4681616425514221
21125,0.11413411051034927,0.9540997743606567,0.018495315685868263,0.07233905990268333,0.4682546854019165
21150,0.11411740630865097,0.9540997743606567,0.01847650855779648,0.07226779306352164,0.46834757924079895
21175,0.11410073190927505,0.9540997743606567,0.018452845513820648,0.07220174967204122,0.4684401750564575
21200,0.11408408731222153,0.9540997743606567,0.01840551570057869,0.0719751979629257,0.46853265166282654
21225,0.11406753957271576,0.9540997743606567,0.018388891592621803,0.07191445216729614,0.46862486004829407
21250,0.11405100673437119,0.9540997743606567,0.01837189309298992,0.07184337141475508,0.46871688961982727
21275,0.11403454095125198,0.9540997743606567,0.01832638308405876,0.07174345654032781,0.46880874037742615
21300,0.11401811987161636,0.9540997743606567,0.018315477296710014,0.07166786588669756,0.46890053153038025
21325,0.11400172859430313,0.9540997743606567,0.01829899661242962,0.07159766317576792,0.4689922332763672
21350,0.11398537456989288,0.9540997743606567,0.018270106986165047,0.07150227524046311,0.469083696603775
21375,0.11396905034780502,0.9540997743606567,0.018254026770591736,0.0714322715556257,0.4691750109195709
21400,0.11395275592803955,0.9540997743606567,0.018246924504637718,0.07136971589245107,0.4692661762237549
21425,0.11393649131059647,0.9540997743606567,0.018231812864542007,0.07130158303316513,0.46935707330703735
21450,0.11392025649547577,0.9540997743606567,0.01821766048669815,0.07123363720727141,0.46944791078567505
21475,0.11390408128499985,0.9540997743606567,0.01815769635140896,0.0710140002542352,0.4695386290550232
21500,0.1138879805803299,0.9540997743606567,0.018114905804395676,0.07094285152912976,0.4696291983127594
21525,0.11387192457914352,0.9540997743606567,0.018099255859851837,0.07087513035584685,0.4697195887565613
21550,0.11385589092969894,0.9540997743606567,0.018097443506121635,0.0708204957108222,0.46980994939804077
21575,0.11383987963199615,0.9540997743606567,0.018093453720211983,0.0707754180229482,0.46990007162094116
21600,0.11382387578487396,0.9540997743606567,0.018077461048960686,0.07070812318577469,0.4699900150299072
21625,0.11380790919065475,0.9540997743606567,0.018080081790685654,0.07068547039592032,0.47007983922958374
21650,0.11379195004701614,0.9540997743606567,0.018065085634589195,0.07062056719973688,0.47016945481300354
21675,0.11377600580453873,0.9540997743606567,0.01805044896900654,0.07055804279290001,0.4702589809894562
21700,0.11376011371612549,0.9540997743606567,0.018036076799035072,0.07050911609594662,0.4703482389450073
21725,0.11374421417713165,0.9540997743606567,0.018069731071591377,0.07048218606769724,0.4704376757144928
21750,0.11372830718755722,0.9540997743606567,0.01805410347878933,0.07041641679050366,0.4705269932746887
21775,0.11371243745088577,0.9540997743606567,0.01802075281739235,0.0702509487364221,0.4706161916255951
21800,0.1136966198682785,0.9540997743606567,0.01800038479268551,0.07020005359290356,0.4707052409648895
21825,0.11368082463741302,0.9540997743606567,0.01799791306257248,0.07016993162716667,0.4707942605018616
21850,0.11366505175828934,0.9540997743606567,0.01796160638332367,0.07008058054545736,0.47088319063186646
21875,0.11364933848381042,0.9540997743606567,0.017926283180713654,0.06995636593019805,0.47097155451774597
21900,0.1136336624622345,0.9540997743606567,0.017917374148964882,0.06994357631908492,0.47105973958969116
21925,0.11361800879240036,0.9540997743606567,0.01790207251906395,0.06987930933964136,0.4711478054523468
21950,0.11360237747430801,0.9540997743606567,0.017891900613904,0.06980744710824094,0.4712357819080353
21975,0.11358680576086044,0.9540997743606567,0.017830155789852142,0.06969893181416499,0.47132372856140137
22000,0.11357127130031586,0.9540997743606567,0.017811771482229233,0.06964780721808567,0.4714115560054779
22025,0.11355577409267426,0.9540997743606567,0.017799638211727142,0.0695705134513487,0.4714992642402649
22050,0.11354030668735504,0.9540997743606567,0.017788147553801537,0.06950389108752567,0.4715869128704071
22075,0.11352486908435822,0.9540997743606567,0.01777205802500248,0.06944150419283283,0.471674382686615
22100,0.11350944638252258,0.9540997743606567,0.017756875604391098,0.06937807057032583,0.4717617630958557
22125,0.11349406838417053,0.9540997743606567,0.017716513946652412,0.0693009240345233,0.4718489944934845
22150,0.11347862333059311,0.9540997743606567,0.01782245747745037,0.06955964436840596,0.4719364047050476
22175,0.11346312612295151,0.9540997743606567,0.01780737191438675,0.06949684223079484,0.47202396392822266
22200,0.11344766616821289,0.9540997743606567,0.017792345955967903,0.06943431306999771,0.4721113443374634
22225,0.11343224346637726,0.9540997743606567,0.017778510227799416,0.06937401142878279,0.4721985161304474
22250,0.11341681331396103,0.9540997743606567,0.01777617633342743,0.06932460568212553,0.47228559851646423
22275,0.11340142786502838,0.9540997743606567,0.01776118203997612,0.06926257527393583,0.47237247228622437
22300,0.11338604986667633,0.9540997743606567,0.0177538450807333,0.06919664819373367,0.4724593162536621
22325,0.11337070912122726,0.9540997743606567,0.017734818160533905,0.06914728362502005,0.4725459814071655
22350,0.11335538327693939,0.9540997743606567,0.017705848440527916,0.06907447383331757,0.47263258695602417
22375,0.1133401095867157,0.9540997743606567,0.017685942351818085,0.06900605607750679,0.4727189838886261
22400,0.1133248507976532,0.9540997743606567,0.017673563212156296,0.06894506450651686,0.4728052616119385
22425,0.11330962926149368,0.9540997743606567,0.017658960074186325,0.06888430205117176,0.4728914499282837
22450,0.11329443752765656,0.9540997743606567,0.017644492909312248,0.06882370048568599,0.4729774296283722
22475,0.11327929049730301,0.9540997743606567,0.017630180343985558,0.06876526970503613,0.47306329011917114
22500,0.11326414346694946,0.9540997743606567,0.01761995628476143,0.0687094487286742,0.473148912191391
22525,0.1132490262389183,0.9540997743606567,0.017600148916244507,0.06864407026786175,0.4732344150543213
22550,0.11323393136262894,0.9540997743606567,0.01758604124188423,0.06858447643840548,0.4733198285102844
22575,0.11321886628866196,0.9540997743606567,0.01757151074707508,0.06852535928121488,0.4734051525592804
22600,0.11320380866527557,0.9540997743606567,0.01757766678929329,0.06844270060686031,0.4734903573989868
22625,0.11318876594305038,0.9540997743606567,0.01755913347005844,0.06839702382874956,0.4735754132270813
22650,0.1131737157702446,0.9540997743606567,0.017577283084392548,0.06840667546944769,0.47366029024124146
22675,0.1131586804986,0.9540997743606567,0.017563199624419212,0.06834806303083459,0.47374507784843445
22700,0.113143689930439,0.9540997743606567,0.017549267038702965,0.06828972919308557,0.4738297462463379
22725,0.11312871426343918,0.9540997743606567,0.017535310238599777,0.06823165018428196,0.4739142656326294
22750,0.11311374604701996,0.9540997743606567,0.017551027238368988,0.06823307980631815,0.47399863600730896
22775,0.11309879273176193,0.9540997743606567,0.017537180334329605,0.06817544916102171,0.4740828275680542
22800,0.1130838617682457,0.9540997743606567,0.01752360910177231,0.06811797759377447,0.4741668999195099
22825,0.11306897550821304,0.9540997743606567,0.017473412677645683,0.06797402033415485,0.4742511212825775
22850,0.1130540743470192,0.9540997743606567,0.017535654827952385,0.06795028893481998,0.4743351340293884
22875,0.11303917318582535,0.9540997743606567,0.017537644132971764,0.06785082901033153,0.4744190275669098
22900,0.11302431672811508,0.9540997743606567,0.017507042735815048,0.06778888935466611,0.4745029807090759
22925,0.1130094900727272,0.9540997743606567,0.01749424822628498,0.06773593109712533,0.47458675503730774
22950,0.11299468576908112,0.9540997743606567,0.017479969188570976,0.06764473189810405,0.4746704697608948
22975,0.11297990381717682,0.9540997743606567,0.01748993806540966,0.06759214947483184,0.4747540354728699
23000,0.11296512186527252,0.9540997743606567,0.017476798966526985,0.06753508813305346,0.47483742237091064
23025,0.1129503920674324,0.9540997743606567,0.017470981925725937,0.06752051238095678,0.4749206006526947
23050,0.11293564736843109,0.9540997743606567,0.017461061477661133,0.06745054156006365,0.475003719329834
23075,0.11292094737291336,0.9540997743606567,0.017418168485164642,0.06731741175253068,0.47508665919303894
23100,0.11290629208087921,0.9540997743606567,0.017404654994606972,0.06726176510417155,0.47516945004463196
23125,0.11289166659116745,0.9540997743606567,0.01736297830939293,0.06720020680660602,0.47525206208229065
23150,0.11287708580493927,0.9540997743606567,0.017345791682600975,0.06715893360803933,0.4753344655036926
23175,0.11286252737045288,0.9540997743606567,0.01733107678592205,0.06709805233058969,0.4754166603088379
23200,0.11284800618886948,0.9540997743606567,0.017305102199316025,0.0670504351289551,0.47549864649772644
23225,0.11283351480960846,0.9540997743606567,0.017296170815825462,0.06698149700579306,0.4755805730819702
23250,0.11281904578208923,0.9540997743606567,0.01728067360818386,0.06690515819234526,0.4756624400615692
23275,0.1128045842051506,0.9540997743606567,0.0172677431255579,0.06687173875009922,0.4757440984249115
23300,0.11279016733169556,0.9540997743606567,0.017255693674087524,0.06678207252777836,0.4758256673812866
23325,0.1127757653594017,0.9540997743606567,0.01724320277571678,0.06672711191708398,0.4759071171283722
23350,0.11276137828826904,0.9540997743606567,0.017231803387403488,0.06668283310575811,0.475988507270813
23375,0.11274705082178116,0.9540997743606567,0.017171552404761314,0.06653634078885126,0.47606968879699707
23400,0.11273278295993805,0.9540997743606567,0.017155591398477554,0.06645090844485756,0.47615066170692444
23425,0.11271853744983673,0.9540997743606567,0.017154084518551826,0.06645216588988483,0.47623148560523987
23450,0.11270429939031601,0.9540997743606567,0.017156988382339478,0.0664103737429626,0.4763122498989105
23475,0.11269006133079529,0.9540997743606567,0.017148563638329506,0.06642888054083011,0.476392924785614
23500,0.11267583072185516,0.9540997743606567,0.017151786014437675,0.06637784179015188,0.47647348046302795
23525,0.11266162991523743,0.9540997743606567,0.017132077366113663,0.06626941813082032,0.47655391693115234
23550,0.11264743655920029,0.9540997743606567,0.017127813771367073,0.06627702089697009,0.47663435339927673
23575,0.11263327300548553,0.9540997743606567,0.017112288624048233,0.0662148866679482,0.4767146408557892
23600,0.11261913925409317,0.9540997743606567,0.017081821337342262,0.066122962583782,0.4767947793006897
23625,0.112605020403862,0.9540997743606567,0.017073368653655052,0.06608119251467917,0.4768747389316559
23650,0.11259094625711441,0.9540997743606567,0.017012933269143105,0.06603242465488862,0.47695454955101013
23675,0.1125769093632698,0.9540997743606567,0.017006531357765198,0.06593252621972617,0.47703418135643005
23700,0.11256290227174759,0.9540997743606567,0.01699436642229557,0.06588181411633531,0.47711366415023804
23725,0.11254891008138657,0.9540997743606567,0.016979485750198364,0.06584726920466347,0.47719311714172363
23750,0.11253493279218674,0.9540997743606567,0.01693962886929512,0.06570388988257486,0.4772723317146301
23775,0.11252103000879288,0.9540997743606567,0.016926314681768417,0.06568855318568881,0.4773513972759247
23800,0.11250713467597961,0.9540997743606567,0.01691269502043724,0.06561953941185461,0.47743019461631775
23825,0.11249328404664993,0.9540997743606567,0.016895076259970665,0.06553867930988351,0.47750893235206604
23850,0.11247943341732025,0.9540997743606567,0.01688305288553238,0.06548860266593422,0.47758761048316956
23875,0.11246562004089355,0.9540997743606567,0.016868310049176216,0.06545540173513745,0.4776662588119507
23900,0.11245185881853104,0.9540997743606567,0.016834307461977005,0.06526645899635793,0.4777447581291199
23925,0.1124381273984909,0.9540997743606567,0.016809016466140747,0.06521247751407805,0.47782307863235474
23950,0.11242446303367615,0.9540997743606567,0.01677248626947403,0.06508759644716365,0.47790127992630005
23975,0.11241084337234497,0.9540997743606567,0.016739916056394577,0.06494234028315432,0.47797951102256775
24000,0.11239727586507797,0.9540997743606567,0.016678880900144577,0.06492491752180078,0.47805777192115784
24025,0.11238374561071396,0.9540997743606567,0.016671335324645042,0.06486100675836748,0.4781361520290375
24050,0.11237023770809174,0.9540997743606567,0.016655804589390755,0.06482715962604668,0.47821441292762756
24075,0.11235672980546951,0.9540997743606567,0.016648292541503906,0.06477459016270976,0.4782925248146057
24100,0.11234326660633087,0.9540997743606567,0.016635339707136154,0.0647413339750599,0.4783704876899719
24125,0.11232983320951462,0.9540997743606567,0.016614368185400963,0.06457987535020758,0.47844842076301575
24150,0.11231645196676254,0.9540997743606567,0.0165698379278183,0.06452674010748219,0.4785260856151581
24175,0.11230307817459106,0.9540997743606567,0.01656293496489525,0.06447073705282522,0.4786035418510437
24200,0.11228974908590317,0.9540997743606567,0.016550417989492416,0.06444388892566819,0.4786808490753174
24225,0.11227641999721527,0.9540997743606567,0.01654454693198204,0.06438520198210339,0.4787580668926239
24250,0.11226311326026917,0.9540997743606567,0.01653333008289337,0.06433750363189476,0.47883516550064087
24275,0.11224981397390366,0.9540997743606567,0.016518637537956238,0.06430601261916714,0.4789121448993683
24300,0.11223654448986053,0.9540997743606567,0.016522668302059174,0.06430971983958851,0.47898897528648376
24325,0.11222326010465622,0.9540997743606567,0.016605952754616737,0.06430847812411068,0.47906577587127686
24350,0.11220990866422653,0.9540997743606567,0.016594870015978813,0.06426125432823312,0.47914281487464905
24375,0.11219657212495804,0.9540997743606567,0.0165830347687006,0.06423867442341971,0.47921982407569885
24400,0.11218325048685074,0.9540997743606567,0.016574952751398087,0.06417607057586475,0.4792967438697815
24425,0.11216998845338821,0.9540997743606567,0.01653653010725975,0.06405787859373295,0.4793734550476074
24450,0.11215673387050629,0.9540997743606567,0.016529370099306107,0.06399508259533891,0.479449987411499
24475,0.11214352399110794,0.9540997743606567,0.016509180888533592,0.06393877331234142,0.4795264005661011
24500,0.11213033646345139,0.9540997743606567,0.016463562846183777,0.06378460247307337,0.4796026945114136
24525,0.112117238342762,0.9540997743606567,0.01641535758972168,0.06361268574935802,0.47967904806137085
24550,0.11210419237613678,0.9540997743606567,0.01640939526259899,0.06356950155156021,0.47975555062294006
24575,0.11209114640951157,0.9540997743606567,0.016400014981627464,0.06352767002903027,0.47983190417289734
24600,0.11207811534404755,0.9540997743606567,0.01640312932431698,0.0634899770489606,0.47990816831588745
24625,0.11206509917974472,0.9540997743606567,0.01639239676296711,0.06344389684360632,0.4799843430519104
24650,0.11205209046602249,0.9540997743606567,0.016381332650780678,0.06339670187430084,0.48006048798561096
24675,0.11203912645578384,0.9540997743606567,0.01637071743607521,0.06335109017651229,0.4801364541053772
24700,0.1120261549949646,0.9540997743606567,0.016355134546756744,0.06327234942568316,0.4802123010158539
24725,0.11201324313879013,0.9540997743606567,0.016330843791365623,0.06318887285736952,0.4802880585193634
24750,0.11200033128261566,0.9540997743606567,0.01634257845580578,0.06318240941296617,0.48036372661590576
24775,0.1119874119758606,0.9540997743606567,0.016340510919690132,0.06313146513058412,0.48043933510780334
24800,0.11197451502084732,0.9540997743606567,0.016346525400877,0.0631399723957496,0.4805149435997009
24825,0.11196161806583405,0.9540997743606567,0.016346577554941177,0.06307060851313032,0.4805905520915985
24850,0.11194873601198196,0.9540997743606567,0.016336197033524513,0.06302601677341797,0.4806661009788513
24875,0.11193586140871048,0.9540997743606567,0.0163282323628664,0.06297381513506826,0.4807415306568146
24900,0.11192300915718079,0.9540997743606567,0.01631791889667511,0.06292952887819869,0.48081690073013306
24925,0.11191017180681229,0.9540997743606567,0.016307827085256577,0.06288546182159589,0.480892151594162
24950,0.11189734935760498,0.9540997743606567,0.016295308247208595,0.06289626390121257,0.4809672236442566
24975,0.11188454926013947,0.9540997743606567,0.016287075355648994,0.06279763088103064,0.48104220628738403
25000,0.11187176406383514,0.9540997743606567,0.016276070848107338,0.06275300573316302,0.48111701011657715
25025,0.11185900121927261,0.9540997743606567,0.016263838857412338,0.06269976363293639,0.4811917543411255
25050,0.11184625327587128,0.9540997743606567,0.016253750771284103,0.06265638217116808,0.4812663197517395
25075,0.11183353513479233,0.9540997743606567,0.01624370366334915,0.06261316418744374,0.48134082555770874
25100,0.11182082444429398,0.9540997743606567,0.016237184405326843,0.06257666307577835,0.48141518235206604
25125,0.11180813610553741,0.9540997743606567,0.016221672296524048,0.06253311729671587,0.4814894497394562
25150,0.11179546266794205,0.9540997743606567,0.01621094159781933,0.062490668454693976,0.48156365752220154
25175,0.11178278177976608,0.9540997743606567,0.016209125518798828,0.06254993132197015,0.4816376566886902
25200,0.11177010834217072,0.9540997743606567,0.016199197620153427,0.06250739336804859,0.4817115068435669
25225,0.11175744980573654,0.9540997743606567,0.01618335209786892,0.06246409858713063,0.4817853569984436
25250,0.11174482852220535,0.9540997743606567,0.016164671629667282,0.06241563799615176,0.48185890913009644
25275,0.11173222213983536,0.9540997743606567,0.01615479402244091,0.06237326273148643,0.4819323718547821
25300,0.11171961575746536,0.9540997743606567,0.016144994646310806,0.06233115132507939,0.482005774974823
25325,0.11170703172683716,0.9540997743606567,0.016135498881340027,0.06228914619373949,0.48207908868789673
25350,0.11169447004795074,0.9540997743606567,0.01612524874508381,0.06220662053562939,0.4821522533893585
25375,0.11168193817138672,0.9540997743606567,0.0161149725317955,0.06216187449863589,0.48222535848617554
25400,0.1116693839430809,0.9540997743606567,0.016120921820402145,0.06218224431551574,0.482298344373703
25425,0.11165685206651688,0.9540997743606567,0.01609378308057785,0.06212576043987047,0.4823712706565857
25450,0.11164436489343643,0.9540997743606567,0.01608414389193058,0.06208426933232053,0.4824441075325012
25475,0.11163190007209778,0.9540997743606567,0.01607212796807289,0.06203312153448545,0.4825168251991272
25500,0.11161945015192032,0.9540997743606567,0.016057459637522697,0.061986040118456674,0.4825895428657532
25525,0.11160700023174286,0.9540997743606567,0.016057932749390602,0.06197839015070835,0.482662171125412
25550,0.11159456521272659,0.9540997743606567,0.016048457473516464,0.06193769087912452,0.48273465037345886
25575,0.11158215254545212,0.9540997743606567,0.016039039939641953,0.061897126440525266,0.4828070402145386
25600,0.11156976222991943,0.9540997743606567,0.016021952033042908,0.0618605997429092,0.48287931084632874
25625,0.11155738681554794,0.9540997743606567,0.01601179875433445,0.06181925569254165,0.48295146226882935
25650,0.11154502630233765,0.9540997743606567,0.0160024743527174,0.061779102399221505,0.48302358388900757
25675,0.11153266578912735,0.9540997743606567,0.015999868512153625,0.061750410362249986,0.48309561610221863
25700,0.11152031272649765,0.9540997743606567,0.01599060744047165,0.06171054325116846,0.4831675887107849
25725,0.11150798201560974,0.9540997743606567,0.015921860933303833,0.061596278235771525,0.48323947191238403
25750,0.11149571090936661,0.9540997743606567,0.015911798924207687,0.06155472143682769,0.48331117630004883
25775,0.11148346960544586,0.9540997743606567,0.015898695215582848,0.06151181142968202,0.4833827614784241
25800,0.11147124320268631,0.9540997743606567,0.015889596194028854,0.0614725578800276,0.48345431685447693
25825,0.11145903170108795,0.9540997743606567,0.015880517661571503,0.06143332710802987,0.48352569341659546
25850,0.11144683510065079,0.9540997743606567,0.015876522287726402,0.06141001662562648,0.4835970401763916
25875,0.11143463850021362,0.9540997743606567,0.015872089192271233,0.06139150374702781,0.4836682379245758
25900,0.11142247170209885,0.9540997743606567,0.015863018110394478,0.06135237349269652,0.48373934626579285
25925,0.11141031980514526,0.9540997743606567,0.015852292999625206,0.06128445653455321,0.4838103652000427
25950,0.11139816790819168,0.9540997743606567,0.01584712415933609,0.06125140123894095,0.48388129472732544
25975,0.11138604581356049,0.9540997743606567,0.015838943421840668,0.061212579050928306,0.48395219445228577
26000,0.11137392371892929,0.9540997743606567,0.015833262354135513,0.061174804445955876,0.4840230643749237
26025,0.11136180907487869,0.9540997743606567,0.01582282967865467,0.06113470399466184,0.48409393429756165
26050,0.11134971678256989,0.9540997743606567,0.015813667327165604,0.06109657022344948,0.4841647148132324
26075,0.11133763194084167,0.9540997743606567,0.015813026577234268,0.06106987847327045,0.48423537611961365
26100,0.11132555454969406,0.9540997743606567,0.01580660045146942,0.061049711666792496,0.4843059778213501
26125,0.11131349951028824,0.9540997743606567,0.015781767666339874,0.06096135167474854,0.48437628149986267
26150,0.1113014668226242,0.9540997743606567,0.015773115679621696,0.06092394449564059,0.4844464361667633
26175,0.11128945648670197,0.9540997743606567,0.01576290652155876,0.060886333807123404,0.4845166504383087
26200,0.11127746105194092,0.9540997743606567,0.015750013291835785,0.06085871111987486,0.48458677530288696
26225,0.11126548051834106,0.9540997743606567,0.015741029754281044,0.060821650783725374,0.48465678095817566
26250,0.1112535148859024,0.9540997743606567,0.015734996646642685,0.06078231893955292,0.4847266972064972
26275,0.11124156415462494,0.9540997743606567,0.015722883865237236,0.06074045501384718,0.4847966134548187
26300,0.11122965067625046,0.9540997743606567,0.015689445659518242,0.0607068181748126,0.48486635088920593
26325,0.11121775954961777,0.9540997743606567,0.015680929645895958,0.06067024508476453,0.4849359691143036
26350,0.11120586097240448,0.9540997743606567,0.015679489821195602,0.06060485863181486,0.4850054979324341
26375,0.11119400709867477,0.9540997743606567,0.015649013221263885,0.06053114115224841,0.4850750267505646
26400,0.11118218302726746,0.9540997743606567,0.015607006847858429,0.06039523246712169,0.4851444661617279
26425,0.11117040365934372,0.9540997743606567,0.015602683648467064,0.060349369992998544,0.48521390557289124
26450,0.11115865409374237,0.9540997743606567,0.01559425052255392,0.06031317244143476,0.485283225774765
26475,0.11114689707756042,0.9540997743606567,0.015578354708850384,0.060306460250862295,0.485352486371994
26500,0.11113514751195908,0.9540997743606567,0.015577037818729877,0.060291676833703144,0.48542168736457825
26525,0.11112340539693832,0.9540997743606567,0.015568826347589493,0.06024906600528842,0.48549070954322815
26550,0.11111169308423996,0.9540997743606567,0.015557351522147655,0.06023340016543924,0.4855596423149109
26575,0.1110999807715416,0.9540997743606567,0.015566141344606876,0.060216470135478935,0.48562854528427124
26600,0.11108829081058502,0.9540997743606567,0.015530572272837162,0.06011362372468881,0.48569732904434204
26625,0.11107663065195084,0.9540997743606567,0.015523288398981094,0.06006690720911258,0.4857659339904785
26650,0.11106500029563904,0.9540997743606567,0.015483719296753407,0.05986375277784115,0.4858345091342926
26675,0.11105339974164963,0.9540997743606567,0.015501241199672222,0.05997198119259698,0.48590317368507385
26700,0.11104178428649902,0.9540997743606567,0.015506737865507603,0.05993492533964331,0.4859718680381775
26725,0.11103018373250961,0.9540997743606567,0.01549620646983385,0.05991004592712079,0.4860404431819916
26750,0.11101856827735901,0.9540997743606567,0.015488150529563427,0.05987546394459212,0.4861089587211609
26775,0.11100698262453079,0.9540997743606567,0.015489179641008377,0.05982733756076442,0.48617735505104065
26800,0.11099541187286377,0.9540997743606567,0.015460707247257233,0.05972843274169917,0.4862457513809204
26825,0.11098387092351913,0.9540997743606567,0.01545378752052784,0.059698361724120116,0.486314058303833
26850,0.1109723299741745,0.9540997743606567,0.015445814467966557,0.059664179181738164,0.48638227581977844
26875,0.11096081137657166,0.9540997743606567,0.015437036752700806,0.05968090681818649,0.4864504337310791
26900,0.11094929277896881,0.9540997743606567,0.015429162420332432,0.0596470189215731,0.4865184724330902
26925,0.11093778908252716,0.9540997743606567,0.015422853641211987,0.0595914886035388,0.48658642172813416
26950,0.11092626303434372,0.9540997743606567,0.01545334979891777,0.05959122626456757,0.4866541922092438
26975,0.11091474443674088,0.9540997743606567,0.015441454015672207,0.05955320078845499,0.48672184348106384
27000,0.11090324074029922,0.9540997743606567,0.015438674949109554,0.05949881566123419,0.48678940534591675
27025,0.11089176684617996,0.9540997743606567,0.015430892817676067,0.05946530427682255,0.48685693740844727
27050,0.1108802855014801,0.9540997743606567,0.015416303649544716,0.05942322603190577,0.4869243800640106
27075,0.11086883395910263,0.9540997743606567,0.015403724275529385,0.05941094908859229,0.48699167370796204
27100,0.11085738241672516,0.9540997743606567,0.01539604365825653,0.059377885856577294,0.4870589077472687
27125,0.11084595322608948,0.9540997743606567,0.01539270207285881,0.05938895111334715,0.48712608218193054
27150,0.1108345314860344,0.9540997743606567,0.01538506243377924,0.05935607885185186,0.48719322681427
27175,0.1108231171965599,0.9540997743606567,0.015378466807305813,0.059327613823085934,0.48726028203964233
27200,0.11081167310476303,0.9540997743606567,0.015420929528772831,0.05944464573319151,0.4873272180557251
27225,0.11080022901296616,0.9540997743606567,0.01541326567530632,0.059411918524710255,0.4873940646648407
27250,0.11078878492116928,0.9540997743606567,0.015405561774969101,0.059357766943265215,0.48746079206466675
27275,0.1107773408293724,0.9540997743606567,0.015400835312902927,0.059342868604260336,0.4875274896621704
27300,0.11076591908931732,0.9540997743606567,0.015393060632050037,0.059300325510291116,0.4875941276550293
27325,0.11075450479984283,0.9540997743606567,0.015385487116873264,0.059268008654045794,0.4876607060432434
27350,0.11074310541152954,0.9540997743606567,0.015377689152956009,0.05923866740640234,0.4877271056175232
27375,0.11073172092437744,0.9540997743606567,0.01537017710506916,0.05920658860249482,0.4877934455871582
27400,0.11072035133838654,0.9540997743606567,0.015361737459897995,0.059175749049833415,0.4878597557544708
27425,0.11070898920297623,0.9540997743606567,0.015354283154010773,0.05914393731500041,0.4879259169101715
27450,0.1106976568698883,0.9540997743606567,0.015346174128353596,0.05913396324500417,0.48799195885658264
27475,0.11068632453680038,0.9540997743606567,0.01533327717334032,0.059071077446782395,0.488057941198349
27500,0.11067499965429306,0.9540997743606567,0.01532576885074377,0.05903742697719365,0.48812392354011536
27525,0.11066369712352753,0.9540997743606567,0.015329305082559586,0.05897277464734827,0.48818978667259216
27550,0.11065240204334259,0.9540997743606567,0.015321960672736168,0.05894145293821727,0.4882555603981018
27575,0.11064109951257706,0.9540997743606567,0.015320919454097748,0.058940210118541746,0.4883212745189667
27600,0.11062982678413391,0.9540997743606567,0.015296918340027332,0.05884720784484218,0.48838695883750916
27625,0.11061856895685196,0.9540997743606567,0.015285663306713104,0.05882689303142163,0.48845264315605164
27650,0.1106073260307312,0.9540997743606567,0.015280021354556084,0.05877341647841384,0.48851823806762695
27675,0.11059608310461044,0.9540997743606567,0.015275313518941402,0.05876818691105972,0.48858383297920227
27700,0.11058486253023148,0.9540997743606567,0.015268277376890182,0.05873754789776311,0.48864930868148804
27725,0.1105736568570137,0.9540997743606567,0.015258889645338058,0.05868050289254551,0.48871466517448425
27750,0.11056244373321533,0.9540997743606567,0.015250138007104397,0.05867238878269671,0.4887799918651581
27775,0.11055124551057816,0.9540997743606567,0.0152730792760849,0.058864591570064205,0.48884519934654236
27800,0.11054003983736038,0.9540997743606567,0.015214973129332066,0.058675816850582145,0.48891040682792664
27825,0.1105288714170456,0.9540997743606567,0.015203016810119152,0.05863780518057146,0.488975465297699
27850,0.11051774024963379,0.9540997743606567,0.01519626285880804,0.05860760987212428,0.4890403151512146
27875,0.11050660163164139,0.9540997743606567,0.015199121087789536,0.05855120513031487,0.4891052544116974
27900,0.11049547046422958,0.9540997743606567,0.015192853286862373,0.05852102331395144,0.4891701638698578
27925,0.11048436909914017,0.9540997743606567,0.015167578123509884,0.058454862552127264,0.48923495411872864
27950,0.11047329008579254,0.9540997743606567,0.015158875845372677,0.05842424113805763,0.4892996847629547
27975,0.11046222597360611,0.9540997743606567,0.015147912316024303,0.05839443035827927,0.48936426639556885
28000,0.11045115441083908,0.9540997743606567,0.015150532126426697,0.05836958233628583,0.4894287884235382
28025,0.11044011265039444,0.9540997743606567,0.015143503434956074,0.058339079953921485,0.48949331045150757
28050,0.11042910814285278,0.9540997743606567,0.015103533864021301,0.0582444192335177,0.4895577132701874
28075,0.11041811853647232,0.9540997743606567,0.01508399285376072,0.0581653267176408,0.4896221160888672
28100,0.11040715128183365,0.9540997743606567,0.015087337233126163,0.05822003567706546,0.48968636989593506
28125,0.11039616167545319,0.9540997743606567,0.015076616778969765,0.05805463518038132,0.4897504150867462
28150,0.1103852167725563,0.9540997743606567,0.015085211023688316,0.058071401405878735,0.4898144602775574
28175,0.11037427186965942,0.9540997743606567,0.015078331343829632,0.058042337092958286,0.4898783266544342
28200,0.11036332696676254,0.9540997743606567,0.015071158297359943,0.05801259968690036,0.48994216322898865
28225,0.11035239696502686,0.9540997743606567,0.015064211562275887,0.057984231682557535,0.4900059998035431
28250,0.11034147441387177,0.9540997743606567,0.015121515840291977,0.05797165030424695,0.49006974697113037
28275,0.1103305071592331,0.9540997743606567,0.015115375630557537,0.05795447125307116,0.49013304710388184
28300,0.11031955480575562,0.9540997743606567,0.015102402307093143,0.057921425038048736,0.4901963770389557
28325,0.11030861735343933,0.9540997743606567,0.015098240226507187,0.05789284208010096,0.4902596175670624
28350,0.11029769480228424,0.9540997743606567,0.01509152166545391,0.05786450883765424,0.4903227388858795
28375,0.11028675734996796,0.9540997743606567,0.015084798447787762,0.05783628186943799,0.49038589000701904
28400,0.11027587205171585,0.9540997743606567,0.015059300698339939,0.05776524209477347,0.4904489517211914
28425,0.11026499420404434,0.9540997743606567,0.0150546720251441,0.05773773422942872,0.4905118942260742
28450,0.11025410890579224,0.9540997743606567,0.015044600702822208,0.057723318242355284,0.4905748963356018
28475,0.11024326086044312,0.9540997743606567,0.015035482123494148,0.05766971026918076,0.49063780903816223
28500,0.110232412815094,0.9540997743606567,0.015049280598759651,0.057638139207789506,0.49070069193840027
28525,0.11022157222032547,0.9540997743606567,0.015041816979646683,0.05758622913006868,0.49076348543167114
28550,0.11021074652671814,0.9540997743606567,0.015034183859825134,0.057553077291922584,0.49082621932029724
28575,0.11019992083311081,0.9540997743606567,0.015027614310383797,0.05752552559854535,0.4908888041973114
28600,0.11018912494182587,0.9540997743606567,0.015019863843917847,0.05751889044515464,0.4909512996673584
28625,0.11017833650112152,0.9540997743606567,0.015013137832283974,0.05746390747415781,0.49101370573043823
28650,0.11016754060983658,0.9540997743606567,0.01500613521784544,0.05744624069974907,0.4910760223865509
28675,0.11015676707029343,0.9540997743606567,0.014999802224338055,0.057419169879086344,0.4911382794380188
28700,0.11014599353075027,0.9540997743606567,0.014990318566560745,0.057392932155093106,0.4912004768848419
28725,0.11013523489236832,0.9540997743606567,0.014983239583671093,0.057391339645216116,0.49126264452934265
28750,0.11012448370456696,0.9540997743606567,0.014977406710386276,0.0573399800529924,0.49132469296455383
28775,0.11011373996734619,0.9540997743606567,0.01497030071914196,0.05731336650729319,0.491386741399765
28800,0.11010301858186722,0.9540997743606567,0.01496393047273159,0.05728648972974767,0.4914487600326538
28825,0.11009229719638824,0.9540997743606567,0.01495741493999958,0.05725925839726909,0.4915107190608978
28850,0.11008158326148987,0.9540997743606567,0.014951051212847233,0.05723268570278766,0.4915725588798523
28875,0.11007088422775269,0.9540997743606567,0.014939818531274796,0.057203280567308605,0.491634339094162
28900,0.1100601926445961,0.9540997743606567,0.014933544211089611,0.057176819794665774,0.4916960299015045
28925,0.11004950851202011,0.9540997743606567,0.014926370233297348,0.05717597032683454,0.49175766110420227
28950,0.11003884673118591,0.9540997743606567,0.014920786023139954,0.057124097972575505,0.4918192923069
28975,0.1100282147526741,0.9540997743606567,0.01485554687678814,0.05702494876890749,0.4918808937072754
29000,0.11001762002706528,0.9540997743606567,0.014849301427602768,0.057002163535718076,0.49194246530532837
29025,0.11000701785087585,0.9540997743606567,0.014863589778542519,0.056968361365058506,0.4920040965080261
29050,0.10999643057584763,0.9540997743606567,0.014857686124742031,0.056942474005651535,0.4920656383037567
29075,0.1099858507514,0.9540997743606567,0.014851524494588375,0.056916613528072965,0.49212706089019775
29100,0.10997528582811356,0.9540997743606567,0.014845442958176136,0.05686524349817676,0.49218836426734924
29125,0.10996472835540771,0.9540997743606567,0.014837527647614479,0.056831447336139915,0.4922495484352112
29150,0.10995419323444366,0.9540997743606567,0.014818019233644009,0.056781082566199535,0.49231070280075073
29175,0.10994366556406021,0.9540997743606567,0.014811716042459011,0.056755339175987726,0.4923717677593231
29200,0.10993314534425735,0.9540997743606567,0.014807182364165783,0.05673042124564886,0.49243277311325073
29225,0.10992264002561569,0.9540997743606567,0.01480040978640318,0.05670633233783282,0.4924936890602112
29250,0.10991215705871582,0.9540997743606567,0.014794345945119858,0.05668097751956784,0.49255457520484924
29275,0.10990167409181595,0.9540997743606567,0.014800726436078548,0.05664065060781989,0.49261537194252014
29300,0.10989119112491608,0.9540997743606567,0.014801203273236752,0.0566388530576593,0.4926761984825134
29325,0.1098807156085968,0.9540997743606567,0.014795268885791302,0.05661260527474318,0.49273693561553955
29350,0.10987024009227753,0.9540997743606567,0.014770211651921272,0.056560494712906854,0.4927976131439209
29375,0.10985980182886124,0.9540997743606567,0.014764239080250263,0.05653554720573969,0.49285823106765747
29400,0.10984936356544495,0.9545454382896423,0.014758334495127201,0.056515980117354724,0.49291881918907166
29425,0.10983894020318985,0.9545454382896423,0.014753136783838272,0.05649183819691471,0.4929793179035187
29450,0.10982850193977356,0.9545454382896423,0.014763837680220604,0.056522745298806666,0.4930397570133209
29475,0.10981806367635727,0.9545454382896423,0.014757741242647171,0.05649844811063651,0.4931001365184784
29500,0.10980764031410217,0.9545454382896423,0.014751851558685303,0.05647387077230028,0.4931604862213135
29525,0.10979722440242767,0.9545454382896423,0.014746183529496193,0.05644942777666143,0.49322089552879333
29550,0.10978680849075317,0.9545454382896423,0.014741041697561741,0.056424395478411334,0.49328121542930603
29575,0.10977640748023987,0.9545454382896423,0.014735200442373753,0.05640001688340201,0.49334147572517395
29600,0.10976600646972656,0.9545454382896423,0.014729376882314682,0.056375709404164066,0.4934017062187195
29625,0.10975562036037445,0.9545454382896423,0.014722300693392754,0.05634265727010661,0.49346184730529785
29650,0.10974524170160294,0.9545454382896423,0.014721366576850414,0.05632026214574019,0.4935218393802643
29675,0.10973487049341202,0.9545454382896423,0.014715866185724735,0.05629582800715889,0.49358177185058594
29700,0.1097245141863823,0.9545454382896423,0.014705413952469826,0.05626491253269105,0.4936416447162628
29725,0.10971417278051376,0.9545454382896423,0.014698771759867668,0.05622037095708491,0.4937014877796173
29750,0.10970383882522583,0.9545454382896423,0.014693074859678745,0.05619655220366378,0.4937611520290375
29775,0.10969355702400208,0.9545454382896423,0.01464836299419403,0.05603494869629781,0.4938206970691681
29800,0.10968329012393951,0.9545454382896423,0.014642885886132717,0.05601116371675404,0.4938802123069763
29825,0.10967303067445755,0.9545454382896423,0.01464172638952732,0.05599392141225131,0.49393972754478455
29850,0.10966277867555618,0.9545454382896423,0.014633693732321262,0.05597099952544347,0.493999183177948
29875,0.10965254157781601,0.9545454382896423,0.014627828262746334,0.05594848819901457,0.49405863881111145
29900,0.10964229702949524,0.9545454382896423,0.014621974900364876,0.055924928747561845,0.49411800503730774
29925,0.10963207483291626,0.9545454382896423,0.014651820994913578,0.05605471716911922,0.49417734146118164
29950,0.1096217930316925,0.9545454382896423,0.014646632596850395,0.05603175878236004,0.4942367374897003
29975,0.10961151868104935,0.9545454382896423,0.014669434167444706,0.05603233313445156,0.4942960739135742
30000,0.10960124433040619,0.9545454382896423,0.014665867201983929,0.05601201034241715,0.49435538053512573
30025,0.10959096997976303,0.9545454382896423,0.014650345779955387,0.05597874838157638,0.4944145977497101
30050,0.10958070307970047,0.9545454382896423,0.014644812792539597,0.055925098315882556,0.49447372555732727
30075,0.1095704585313797,0.9545454382896423,0.01464029774069786,0.05590174379688622,0.49453282356262207
30100,0.10956021398305893,0.9545454382896423,0.014645361341536045,0.055882342476189534,0.49459177255630493
30125,0.10954996943473816,0.9545454382896423,0.014637664891779423,0.055859781892233076,0.49465063214302063
30150,0.10953973978757858,0.9545454382896423,0.014631930738687515,0.055836701367977075,0.49470940232276917
30175,0.1095295175909996,0.9545454382896423,0.01462684478610754,0.055814497235792855,0.4947681725025177
30200,0.10951930284500122,0.9545454382896423,0.014621461741626263,0.05579184960714803,0.4948268234729767
30225,0.10950908809900284,0.9545454382896423,0.014631046913564205,0.05578182762735511,0.49488550424575806
30250,0.10949885845184326,0.9545454382896423,0.014644801616668701,0.0558547920051896,0.49494415521621704
30275,0.10948862880468369,0.9545454382896423,0.01463704276829958,0.055828411121797455,0.4950026869773865
30300,0.1094784066081047,0.9545454382896423,0.01463402435183525,0.055790959945257186,0.49506112933158875
30325,0.10946819931268692,0.9545454382896423,0.014627703465521336,0.055767658223887046,0.49511945247650146
30350,0.10945800691843033,0.9540997743606567,0.014619763009250164,0.055744251698485396,0.4951777458190918
30375,0.10944782197475433,0.9540997743606567,0.014614072628319263,0.05571554894541299,0.49523597955703735
30400,0.10943762958049774,0.9540997743606567,0.014600642025470734,0.0556678555369239,0.4952941834926605
30425,0.10942748188972473,0.9540997743606567,0.014595377258956432,0.05564583462102294,0.49535229802131653
30450,0.10941731929779053,0.9540997743606567,0.014590132050216198,0.05562389111869069,0.49541038274765015
30475,0.10940717160701752,0.9540997743606567,0.014584946446120739,0.05560197933471561,0.49546849727630615
30500,0.1093970239162445,0.9540997743606567,0.014582294970750809,0.05558444316974856,0.495526522397995
30525,0.1093868836760521,0.9540997743606567,0.014569568447768688,0.05548829890220677,0.49558451771736145
30550,0.10937676578760147,0.9540997743606567,0.014573177322745323,0.055501078145651764,0.4956424832344055
30575,0.10936665534973145,0.9540997743606567,0.014563752338290215,0.05549281286589429,0.4957003891468048
30600,0.10935655981302261,0.9540997743606567,0.014548218809068203,0.05543368354970234,0.4957582652568817
30625,0.10934644937515259,0.9540997743606567,0.014558614231646061,0.055508720896361205,0.49581602215766907
30650,0.10933633893728256,0.9540997743606567,0.014555246569216251,0.05546428402451553,0.49587371945381165
30675,0.10932625085115433,0.9540997743606567,0.014539544470608234,0.055424432583318875,0.49593132734298706
30700,0.10931616276502609,0.9540997743606567,0.014544944278895855,0.05544647107892996,0.4959888756275177
30725,0.10930607467889786,0.9540997743606567,0.014539914205670357,0.05542506272880274,0.49604642391204834
30750,0.10929600894451141,0.9540997743606567,0.014531656168401241,0.055251649684226974,0.4961037337779999
30775,0.10928597301244736,0.9540997743606567,0.014522232115268707,0.05516500157072472,0.49616095423698425
30800,0.1092759519815445,0.9540997743606567,0.014511107467114925,0.055133791709211594,0.4962179958820343
30825,0.10926594585180283,0.9540997743606567,0.014507433399558067,0.05510003762310304,0.4962749183177948
30850,0.10925594717264175,0.9540997743606567,0.014500509016215801,0.05509082968529613,0.4963317811489105
30875,0.10924595594406128,0.9540997743606567,0.01449816208332777,0.05505719284507246,0.49638858437538147
30900,0.1092359647154808,0.9540997743606567,0.014497394673526287,0.0550408264212169,0.49644532799720764
30925,0.10922599583864212,0.9540997743606567,0.014490564353764057,0.05503319573045857,0.4965020418167114
30950,0.10921602696180344,0.9540997743606567,0.014482460916042328,0.05494937068603092,0.49655869603157043
30975,0.10920606553554535,0.9540997743606567,0.01448952965438366,0.05499580905010252,0.49661532044410706
31000,0.10919608920812607,0.9540997743606567,0.014487731270492077,0.05496208052738815,0.4966718554496765
31025,0.10918616503477097,0.9540997743606567,0.014434860087931156,0.0549258777060192,0.4967280626296997
31050,0.10917624831199646,0.9540997743606567,0.01443000789731741,0.05490540229719332,0.4967842102050781
31075,0.10916633903980255,0.9540997743606567,0.014422091655433178,0.054898118811071726,0.4968402683734894
31100,0.10915645956993103,0.9540997743606567,0.014393252320587635,0.05485265409271995,0.49689632654190063
31125,0.10914657264947891,0.9540997743606567,0.014386308379471302,0.05483044760192396,0.4969523251056671
31150,0.10913671553134918,0.9540997743606567,0.014381200075149536,0.05481340220712209,0.49700823426246643
31175,0.10912685096263885,0.9540997743606567,0.014376411214470863,0.05479324593074726,0.49706414341926575
31200,0.10911700129508972,0.9540997743606567,0.014369548298418522,0.05476879590305399,0.4971200227737427
31225,0.10910714417695999,0.9540997743606567,0.014376233331859112,0.05478966103146666,0.49717581272125244
31250,0.10909730195999146,0.9540997743606567,0.014372999779880047,0.05477156075169246,0.4972315728664398
31275,0.10908744484186172,0.9540997743606567,0.014382310211658478,0.05483954448906443,0.4972873032093048
31300,0.1090775802731514,0.9540997743606567,0.014387112110853195,0.05480755138581964,0.49734294414520264
31325,0.10906771570444107,0.9540997743606567,0.014382539317011833,0.05480024612150861,0.49739861488342285
31350,0.10905785113573074,0.9540997743606567,0.014377636834979057,0.0547691312647261,0.4974542260169983
31375,0.10904787480831146,0.9540997743606567,0.014559236355125904,0.0553513975674297,0.49750974774360657
31400,0.10903779417276382,0.9545454382896423,0.014554459601640701,0.05533142652456324,0.49756520986557007
31425,0.10902771353721619,0.9545454382896423,0.014546269550919533,0.05532355912942582,0.4976205825805664
31450,0.10901764780282974,0.9545454382896423,0.014552511274814606,0.055283170417068365,0.49767589569091797
31475,0.1090075820684433,0.9545454382896423,0.014542893506586552,0.05528012969422038,0.49773117899894714
31500,0.10899751633405685,0.9545454382896423,0.014543253928422928,0.05524356105931298,0.4977864623069763
31525,0.1089874729514122,0.9545454382896423,0.014533782377839088,0.05524075109655694,0.49784165620803833
31550,0.10897743701934814,0.9545454382896423,0.014533836394548416,0.05520428777466544,0.4978967607021332
31575,0.1089673712849617,0.9545454382896423,0.01454161200672388,0.05530468725275342,0.49795177578926086
31600,0.10895731300115585,0.9545454382896423,0.014532769098877907,0.05530218343644603,0.49800679087638855
31625,0.10894724726676941,0.9545454382896423,0.014528187923133373,0.05528287048924163,0.4980617165565491
31650,0.10893721133470535,0.9545454382896423,0.014475029893219471,0.05509922103665654,0.4981166124343872
31675,0.10892722755670547,0.9545454382896423,0.014474401250481606,0.05506293723833556,0.49817124009132385
31700,0.1089172437787056,0.9545454382896423,0.014459790661931038,0.05508398078345035,0.4982258677482605
31725,0.1089072898030281,0.9545454382896423,0.014455277472734451,0.05506490381914509,0.49828046560287476
31750,0.10889733582735062,0.9545454382896423,0.014447180554270744,0.05503464174455772,0.4983348846435547
31775,0.10888739675283432,0.9545454382896423,0.014438976533710957,0.0550327398735652,0.498389333486557
31800,0.10887745022773743,0.9545454382896423,0.014437668956816196,0.05499653421080986,0.49844375252723694
31825,0.10886752605438232,0.9545454382896423,0.014436941593885422,0.05492184902615717,0.4984980523586273
31850,0.10885760188102722,0.9545454382896423,0.014432616531848907,0.05490409271554455,0.4985522925853729
31875,0.10884768515825272,0.9545454382896423,0.014432979747653008,0.054867922744723456,0.49860647320747375
31900,0.10883776098489761,0.9545454382896423,0.014435451477766037,0.05483202624360736,0.4986606538295746
31925,0.1088278740644455,0.9545454382896423,0.014408023096621037,0.054804026515363057,0.498714804649353
31950,0.10881798714399338,0.9545454382896423,0.014403597451746464,0.054785329399340714,0.4987689256668091
31975,0.10880810767412186,0.9545454382896423,0.014409426599740982,0.05474405285359267,0.49882298707962036
32000,0.10879823565483093,0.9545454382896423,0.014400839805603027,0.054749162993651464,0.49887698888778687
32025,0.1087883710861206,0.9545454382896423,0.014399037696421146,0.054715831780537544,0.498930960893631
32050,0.10877850651741028,0.9545454382896423,0.014394881203770638,0.05469746444628719,0.4989848732948303
32075,0.10876865684986115,0.9545454382896423,0.014390291646122932,0.05466875963497807,0.4990387558937073
32100,0.1087588295340538,0.9545454382896423,0.014384382404386997,0.05462748953757477,0.4990926682949066
32125,0.10874899476766586,0.9545454382896423,0.014378717169165611,0.054609539074024764,0.4991465210914612
32150,0.10873917490243912,0.9545454382896423,0.014375411905348301,0.05459178064006124,0.4992002844810486
32175,0.10872934013605118,0.9545454382896423,0.01437021791934967,0.05457067221033422,0.4992540180683136
32200,0.10871953517198563,0.9545454382896423,0.014360046945512295,0.05457475843585467,0.49930766224861145
32225,0.10870973765850067,0.9545454382896423,0.014355720952153206,0.054556653383853695,0.4993613064289093
32250,0.10869992524385452,0.9545454382896423,0.014351451769471169,0.054538610407497516,0.49941486120224
32275,0.10869014263153076,0.9545454382896423,0.01433528121560812,0.05451052571783314,0.49946844577789307
32300,0.1086803674697876,0.9545454382896423,0.014279075898230076,0.0545669040949914,0.499521940946579
32325,0.10867062956094742,0.9545454382896423,0.014274847693741322,0.05454892892209787,0.4995754063129425
32350,0.10866089165210724,0.9545454382896423,0.01427063625305891,0.054531018160872136,0.49962878227233887
32375,0.10865115374326706,0.9545454382896423,0.014271100983023643,0.054500671301122024,0.49968212842941284
32400,0.10864143073558807,0.9545454382896423,0.014266896061599255,0.05448271835983477,0.49973544478416443
32425,0.10863171517848969,0.9545454382896423,0.014258245006203651,0.05448362512842964,0.499788761138916
32450,0.1086219996213913,0.9545454382896423,0.014250144362449646,0.05446462871570071,0.49984198808670044
32475,0.1086122915148735,0.9545454382896423,0.014253861270844936,0.05443004561534588,0.4998951852321625
32500,0.10860258340835571,0.9545454382896423,0.014249684289097786,0.05441239102047569,0.4999483525753021
32525,0.10859288275241852,0.9549910426139832,0.014245517551898956,0.05439477407929245,0.5000014901161194
32550,0.10858318954706192,0.9549910426139832,0.014236808754503727,0.05439615426604539,0.5000545978546143
32575,0.10857350379228592,0.9549910426139832,0.014237228780984879,0.054359766643752784,0.5001076459884644
32600,0.1085638478398323,0.9549910426139832,0.014203366823494434,0.054233938221948344,0.5001605153083801
32625,0.10855421423912048,0.9549910426139832,0.01419970765709877,0.0542021543995742,0.5002132058143616
32650,0.10854459553956985,0.9549910426139832,0.014181171543896198,0.05419149358172312,0.500265896320343
32675,0.10853501409292221,0.9549910426139832,0.014154170639812946,0.054001582222457566,0.5003185868263245
32700,0.10852546244859695,0.9549910426139832,0.0141450185328722,0.054007468663617914,0.5003713369369507
32725,0.10851597785949707,0.9549910426139832,0.014059447683393955,0.053911787462092,0.5004238486289978
32750,0.10850650072097778,0.9549910426139832,0.01405551377683878,0.0538948034498475,0.5004763007164001
32775,0.10849703848361969,0.9549910426139832,0.01405812706798315,0.053855803523751654,0.5005287528038025
32800,0.1084875836968422,0.9549910426139832,0.014059622772037983,0.05381951487224076,0.5005810856819153
32825,0.1084781140089035,0.9549910426139832,0.014048945158720016,0.053824848849087455,0.5006333589553833
32850,0.10846865922212601,0.9549910426139832,0.014087679795920849,0.05395076543125209,0.5006856322288513
32875,0.10845915973186493,0.9549910426139832,0.014080190099775791,0.053953446983582676,0.5007378458976746
32900,0.10844965279102325,0.9549910426139832,0.014079838059842587,0.05391724558684259,0.500789999961853
32925,0.10844017565250397,0.9549910426139832,0.014054535888135433,0.05384878475917989,0.5008420944213867
32950,0.10843070596456528,0.9549910426139832,0.014050845988094807,0.053734970728196954,0.5008941292762756
32975,0.10842129588127136,0.9549910426139832,0.014009326696395874,0.053560316694714345,0.5009459257125854
33000,0.10841191560029984,0.9549910426139832,0.014002698473632336,0.05356342689780201,0.5009977221488953
33025,0.10840253531932831,0.9549910426139832,0.014007650315761566,0.05350421758681408,0.5010495185852051
33050,0.10839316993951797,0.9549910426139832,0.013997781090438366,0.05351029232429296,0.5011012554168701
33075,0.10838379710912704,0.9549910426139832,0.01399746723473072,0.05349106782171474,0.5011529326438904
33100,0.10837442427873611,0.9549910426139832,0.01399325206875801,0.053467214131215926,0.5012046098709106
33125,0.10836507380008698,0.9549910426139832,0.013980602845549583,0.05347178667052276,0.5012562870979309
33150,0.10835571587085724,0.9549910426139832,0.013985797762870789,0.05343878329812382,0.5013079047203064
33175,0.1083463728427887,0.9549910426139832,0.013972260057926178,0.053464634979344325,0.5013594031333923
33200,0.10833702981472015,0.9549910426139832,0.014030087739229202,0.05351073376528045,0.501410961151123
33225,0.10832763463258743,0.9549910426139832,0.014023854397237301,0.05351441072783113,0.5014623999595642
33250,0.1083182543516159,0.9549910426139832,0.014014206826686859,0.053466384725610085,0.5015138983726501
33275,0.10830888152122498,0.9549910426139832,0.014009999111294746,0.05347708477981641,0.5015652775764465
33300,0.10829950869083405,0.9549910426139832,0.014000669121742249,0.05348366929128475,0.5016166567802429
33325,0.10829014331102371,0.9549910426139832,0.013996998779475689,0.053467795894677005,0.5016679167747498
33350,0.10828079283237457,0.9549910426139832,0.013999131508171558,0.053429602154753966,0.5017191767692566
33375,0.10827144235372543,0.9549910426139832,0.01399935968220234,0.05333183642089834,0.5017704367637634
33400,0.10826209932565689,0.9549910426139832,0.014002053067088127,0.053293538522707386,0.5018215775489807
33425,0.10825276374816895,0.9549910426139832,0.01399979181587696,0.05328774919895005,0.501872718334198
33450,0.1082434430718422,0.9549910426139832,0.013996094465255737,0.05327786959215413,0.5019238591194153
33475,0.10823410749435425,0.9549910426139832,0.013992365449666977,0.05326398990046539,0.5019749999046326
33500,0.1082247942686081,0.9549910426139832,0.013985919766128063,0.05326431231007356,0.5020260214805603
33525,0.10821548849344254,0.9549910426139832,0.013966746628284454,0.05327867809328293,0.5020771026611328
33550,0.10820615291595459,0.9549910426139832,0.013987927697598934,0.05337329453951819,0.5021281242370605
33575,0.10819681733846664,0.9549910426139832,0.013984226621687412,0.05335757716295685,0.5021792054176331
33600,0.1081874743103981,0.9549910426139832,0.013989482074975967,0.05332225610935787,0.5022302865982056
33625,0.10817815363407135,0.9549910426139832,0.01397933904081583,0.05332889441671659,0.5022813081741333
33650,0.108168825507164,0.9549910426139832,0.013975897803902626,0.05331332711852443,0.502332329750061
33675,0.10815950483083725,0.9549910426139832,0.013967691920697689,0.05332251092393831,0.502383291721344
33700,0.1081501916050911,0.9549910426139832,0.013964091427624226,0.05330706271976624,0.5024341344833374
33725,0.10814087837934494,0.9549910426139832,0.01396674383431673,0.053271055177835015,0.5024850368499756
33750,0.10813157260417938,0.9549910426139832,0.013963899575173855,0.053256855480441186,0.502535879611969
33775,0.10812225192785263,0.9549910426139832,0.013968578539788723,0.05331013208182,0.5025866627693176
33800,0.10811293870210648,0.9549910426139832,0.013964378274977207,0.05327340446852655,0.5026373863220215
33825,0.10810362547636032,0.9549910426139832,0.013956097885966301,0.05326410789116177,0.5026880502700806
33850,0.10809433460235596,0.9549910426139832,0.013953067362308502,0.05325046927341382,0.5027385950088501
33875,0.108085036277771,0.9549910426139832,0.013949303887784481,0.05323519214761042,0.5027891993522644
33900,0.10807574540376663,0.9549910426139832,0.013959167525172234,0.05317673759124574,0.5028396248817444
33925,0.10806646943092346,0.9549910426139832,0.013943111523985863,0.05324714471734065,0.5028901100158691
33950,0.1080571711063385,0.9549910426139832,0.01393959578126669,0.05323215791882913,0.5029405355453491
33975,0.10804788768291473,0.9549910426139832,0.013936103321611881,0.053217212413761594,0.5029908418655396
34000,0.10803861916065216,0.9549910426139832,0.01393262017518282,0.05320230640399907,0.50304114818573
34025,0.1080293282866478,0.9549910426139832,0.013971728272736073,0.05324807582385299,0.5030914545059204
34050,0.10802001506090164,0.9549910426139832,0.013961623422801495,0.05325475896246523,0.5031417012214661
34075,0.10801072418689728,0.9549910426139832,0.013981149531900883,0.053196615920416225,0.5031919479370117
34100,0.10800141096115112,0.9549910426139832,0.013966121710836887,0.053209684258582496,0.5032421350479126
34125,0.10799211263656616,0.9549910426139832,0.013979867100715637,0.053216994861337304,0.5032923817634583
34150,0.10798279941082001,0.9549910426139832,0.013976385816931725,0.053202302139636046,0.5033426880836487
34175,0.10797351598739624,0.9549910426139832,0.013979424722492695,0.05316604100599971,0.5033929347991943
34200,0.10796421766281128,0.9549910426139832,0.013975976966321468,0.053150516423750536,0.5034431219100952
34225,0.1079549714922905,0.9549910426139832,0.013925939798355103,0.053083560731835025,0.5034932494163513
34250,0.10794574022293091,0.9549910426139832,0.01390115637332201,0.05302624902571131,0.5035432577133179
34275,0.10793651640415192,0.9549910426139832,0.013902598060667515,0.053005370666738966,0.5035932064056396
34300,0.10792729258537292,0.9549910426139832,0.013908037915825844,0.052981929846876864,0.5036431550979614
34325,0.10791809111833572,0.9549910426139832,0.01390036940574646,0.05299122039772851,0.5036931037902832
34350,0.10790887475013733,0.9549910426139832,0.013905498199164867,0.05295458562094666,0.5037429928779602
34375,0.10789965838193893,0.9549910426139832,0.01390238106250763,0.05293975756358764,0.5037928819656372
34400,0.10789045691490173,0.9549910426139832,0.013899154961109161,0.052928237425890506,0.5038427710533142
34425,0.10788125544786453,0.9549910426139832,0.013887211680412292,0.05293561275427142,0.5038926005363464
34450,0.10787206143140793,0.9549910426139832,0.01388375274837017,0.052921026251819894,0.5039423704147339
34475,0.10786286741495132,0.9549910426139832,0.013891157694160938,0.05284507502308656,0.5039921402931213
34500,0.10785368829965591,0.9549910426139832,0.013879978097975254,0.052852655053698155,0.5040419101715088
34525,0.10784447193145752,0.9549910426139832,0.013898228295147419,0.0529569040965954,0.5040916204452515
34550,0.10783527046442032,0.9549910426139832,0.013889435678720474,0.05294866438999476,0.5041412711143494
34575,0.10782606899738312,0.9549910426139832,0.013891763053834438,0.05291249799493667,0.5041909217834473
34600,0.10781686753034592,0.9549910426139832,0.013887772336602211,0.05291343318797079,0.5042405724525452
34625,0.1078076958656311,0.9549910426139832,0.013861925341188908,0.052866408507662666,0.5042901039123535
34650,0.10779852420091629,0.9549910426139832,0.013859652914106846,0.05285206346025829,0.5043396353721619
34675,0.10778936743736267,0.9549910426139832,0.013850989751517773,0.05283365307667255,0.5043891072273254
34700,0.10778021067380905,0.9549910426139832,0.013847573660314083,0.052819404586575774,0.504438579082489
34725,0.10777105391025543,0.9549910426139832,0.013848964124917984,0.052810215257277186,0.5044880509376526
34750,0.1077619194984436,0.9549910426139832,0.01383479405194521,0.05281261350149749,0.5045374631881714
34775,0.10775279253721237,0.9549910426139832,0.013819160871207714,0.05273260122174321,0.5045867562294006
34800,0.10774368047714233,0.9549910426139832,0.013805506750941277,0.052735776688552616,0.5046359896659851
34825,0.1077345684170723,0.9549910426139832,0.013806093484163284,0.05275284153967339,0.5046851634979248
34850,0.10772545635700226,0.9549910426139832,0.013805640861392021,0.05269469184113382,0.5047343373298645
34875,0.10771635919809341,0.9549910426139832,0.013794883154332638,0.05275206813609271,0.5047835111618042
34900,0.10770726948976517,0.9549910426139832,0.013787013478577137,0.05263382051555482,0.5048325657844543
34925,0.10769818723201752,0.9549910426139832,0.013769423589110374,0.052632240712803466,0.5048816204071045
34950,0.10768913477659225,0.9549910426139832,0.0137716019526124,0.05259667888978216,0.5049306154251099
34975,0.1076800748705864,0.9549910426139832,0.013758406043052673,0.05258648823026533,0.5049795508384705
35000,0.10767102986574173,0.9549910426139832,0.01376003585755825,0.052549239985405685,0.5050285458564758
35025,0.10766197741031647,0.9549910426139832,0.013755906373262405,0.052550117045120526,0.5050774812698364
35050,0.107652947306633,0.9549910426139832,0.01375349797308445,0.05252147948885332,0.505126416683197
35075,0.10764390975236893,0.9549910426139832,0.013741693459451199,0.05252987326679585,0.5051752924919128
35100,0.10763487219810486,0.9549910426139832,0.013744337484240532,0.052496924038298524,0.5052241086959839
35125,0.10762585699558258,0.9549910426139832,0.013740544207394123,0.05248094043075905,0.5052729845046997
35150,0.10761682689189911,0.9549910426139832,0.01373690739274025,0.05248516207118749,0.5053218007087708
35175,0.10760780423879623,0.9549910426139832,0.013731093145906925,0.0524766218529973,0.5053704977035522
35200,0.10759880393743515,0.9549910426139832,0.01368645578622818,0.052228800970614,0.5054191946983337
35225,0.10758984088897705,0.9549910426139832,0.013720795512199402,0.0524044061431182,0.5054676532745361
35250,0.10758084803819656,0.9549910426139832,0.01370220072567463,0.052428922836767436,0.5055162310600281
35275,0.10757184773683548,0.9549910426139832,0.013705344870686531,0.05244438611175868,0.5055648684501648
35300,0.10756286233663559,0.9549910426139832,0.013719492591917515,0.052466748719952855,0.5056134462356567
35325,0.10755385458469391,0.9549910426139832,0.013712089508771896,0.05245120649678835,0.5056619048118591
35350,0.10754486173391342,0.9549910426139832,0.013703258708119392,0.05245659234077797,0.5057104229927063
35375,0.10753586143255234,0.9549910426139832,0.013698943890631199,0.05243945247644116,0.5057588815689087
35400,0.10752688348293304,0.9549910426139832,0.013693787157535553,0.05247674761871324,0.5058073401451111
35425,0.10751789063215256,0.9549910426139832,0.013698726892471313,0.052393506541759546,0.5058557391166687
35450,0.10750892013311386,0.9549910426139832,0.013696841895580292,0.05238078367537728,0.5059041380882263
35475,0.10749994218349457,0.9549910426139832,0.013692936860024929,0.052367473833233924,0.5059524774551392
35500,0.10749097913503647,0.9549910426139832,0.013697752729058266,0.052333219974075855,0.506000816822052
35525,0.10748202353715897,0.9549910426139832,0.013694236055016518,0.052316463937378856,0.5060490965843201
35550,0.10747306048870087,0.9549910426139832,0.013677465729415417,0.05234293414372834,0.5060973763465881
35575,0.10746409744024277,0.9549910426139832,0.013677277602255344,0.05233093820999573,0.5061455965042114
35600,0.10745521634817123,0.9549910426139832,0.013604081235826015,0.051955558168597045,0.5061938166618347
35625,0.1074463352560997,0.9549910426139832,0.013660336844623089,0.05198866663867166,0.5062419772148132
35650,0.10743745416402817,0.9549910426139832,0.013639968819916248,0.05206768533092808,0.5062901973724365
35675,0.10742858052253723,0.9549910426139832,0.013650164939463139,0.05200901381633254,0.5063382983207703
35700,0.1074196994304657,0.9549910426139832,0.013654792681336403,0.05197658344235684,0.506386399269104
35725,0.10741078853607178,0.9549910426139832,0.013696396723389626,0.052022470403395984,0.5064346194267273
35750,0.10740187764167786,0.9549910426139832,0.013700207695364952,0.05198680452192558,0.5064829587936401
35775,0.10739298164844513,0.9549910426139832,0.013688718900084496,0.05199483065861501,0.5065311789512634
35800,0.1073840782046318,0.9549910426139832,0.013690694235265255,0.051960670128932254,0.5065794587135315
35825,0.10737518221139908,0.9549910426139832,0.01368054561316967,0.05194009201093936,0.50662761926651
35850,0.10736630111932755,0.9549910426139832,0.013685652054846287,0.051905837797597776,0.5066758394241333
35875,0.10735741257667542,0.9549910426139832,0.013674273155629635,0.05191413821610734,0.5067239999771118
35900,0.10734853148460388,0.9549910426139832,0.01367159653455019,0.05189776206338413,0.5067720413208008
35925,0.10733966529369354,0.9549910426139832,0.013667331077158451,0.051886596952232814,0.5068201422691345
35950,0.10733078420162201,0.9549910426139832,0.013683052733540535,0.051851131343766725,0.5068681836128235
35975,0.10732190310955048,0.9549910426139832,0.013661076314747334,0.051859974394833766,0.5069160461425781
36000,0.10731303691864014,0.9549910426139832,0.013660692609846592,0.05186808126607326,0.5069640278816223
36025,0.1073041707277298,0.9549910426139832,0.013659552671015263,0.05182172841092368,0.5070119500160217
36050,0.10729531198740005,0.9549910426139832,0.013648809865117073,0.05183072982949213,0.5070598125457764
36075,0.1072864755988121,0.9549910426139832,0.013653104193508625,0.05179907749040818,0.5071077346801758
36100,0.10727763175964355,0.9549910426139832,0.013641425408422947,0.051805070155699684,0.5071555972099304
36125,0.10726878046989441,0.9549910426139832,0.013632428832352161,0.05181516228712701,0.5072034597396851
36150,0.10725995153188705,0.9549910426139832,0.013629501685500145,0.05173918793814565,0.5072511434555054
36175,0.10725114494562149,0.9549910426139832,0.013633722439408302,0.05170089292596662,0.5072988867759705
36200,0.10724233090877533,0.9549910426139832,0.013623928651213646,0.05170787447855017,0.5073465704917908
36225,0.10723351687192917,0.9549910426139832,0.013637686148285866,0.05174067052476298,0.5073941946029663
36250,0.10722468793392181,0.9549910426139832,0.01363471057265997,0.051727327480862284,0.5074418783187866
36275,0.10721586644649506,0.9549910426139832,0.013631808571517467,0.05171516529805901,0.5074895620346069
36300,0.1072070375084877,0.9549910426139832,0.01363658718764782,0.05168127593585963,0.5075372457504272
36325,0.10719822347164154,0.9549910426139832,0.013618883676826954,0.05169145731371623,0.5075848698616028
36350,0.10718941688537598,0.9549910426139832,0.013616041280329227,0.05167966587284299,0.5076324939727783
36375,0.10718061774969101,0.9549910426139832,0.013609446585178375,0.051688308480790396,0.5076801180839539
36400,0.10717181116342545,0.9549910426139832,0.013610195368528366,0.05165558698901996,0.5077276229858398
36425,0.10716301947832108,0.9549910426139832,0.013606380671262741,0.05163455727622841,0.5077751278877258
36450,0.1071542352437973,0.9549910426139832,0.013603397645056248,0.05162246865370107,0.5078226327896118
36475,0.10714544355869293,0.9549910426139832,0.01359742134809494,0.05163256873635258,0.5078701376914978
36500,0.10713665932416916,0.9549910426139832,0.013605521060526371,0.05157805219585361,0.5079175233840942
36525,0.10712788254022598,0.9549910426139832,0.013595374301075935,0.05158819653639694,0.5079649686813354
36550,0.1071191057562828,0.9549910426139832,0.013596105389297009,0.05157489567521378,0.5080123543739319
36575,0.10711032897233963,0.9549910426139832,0.013589662499725819,0.05156443452247351,0.5080596804618835
36600,0.10710156708955765,0.9549910426139832,0.013586169108748436,0.051538256566075226,0.5081070065498352
36625,0.10709280520677567,0.9549910426139832,0.01357875857502222,0.05153151756893763,0.5081543326377869
36650,0.10708405077457428,0.9549910426139832,0.01358654536306858,0.051499528339719575,0.5082016587257385
36675,0.1070752963423729,0.9549910426139832,0.0135731752961874,0.0515079168110601,0.508249044418335
36700,0.1070665568113327,0.9549910426139832,0.013581926934421062,0.051471510170393205,0.5082962512969971
36725,0.10705779492855072,0.9549910426139832,0.013571437448263168,0.05132424546360462,0.5083434581756592
36750,0.10704909265041351,0.9549910426139832,0.013571115210652351,0.051316013880478246,0.5083906054496765
36775,0.10704037547111511,0.9549910426139832,0.013567994348704815,0.05130320111192666,0.5084376931190491
36800,0.10703166574239731,0.9549910426139832,0.013561277650296688,0.05131213369960489,0.5084847807884216
36825,0.1070229560136795,0.9549910426139832,0.013562516309320927,0.05130849759162086,0.5085318684577942
36850,0.1070142313838005,0.9549910426139832,0.013584503903985023,0.051318082722201105,0.5085791349411011
36875,0.10700550675392151,0.9549910426139832,0.013579190708696842,0.05135947183527426,0.5086262822151184
36900,0.10699678212404251,0.9549910426139832,0.013575108721852303,0.051342133254676715,0.5086735486984253
36925,0.10698807239532471,0.9549910426139832,0.013583943247795105,0.051260200747254944,0.5087206363677979
36950,0.1069793552160263,0.9549910426139832,0.013589470647275448,0.051283341730379406,0.50876784324646
36975,0.1069706380367279,0.9549910426139832,0.01358708180487156,0.05127077434119743,0.5088149905204773
37000,0.1069619208574295,0.9549910426139832,0.013582970947027206,0.05131275834679992,0.5088620185852051
37025,0.1069532185792923,0.9549910426139832,0.013579974882304668,0.051263997626324415,0.5089091062545776
37050,0.1069445013999939,0.9549910426139832,0.013577226549386978,0.051252749365164836,0.5089560747146606
37075,0.10693579167127609,0.9549910426139832,0.013577607460319996,0.051218978891865954,0.5090030431747437
37100,0.10692708939313889,0.9549910426139832,0.013570294715464115,0.05122800785925808,0.5090500116348267
37125,0.10691838711500168,0.9549910426139832,0.013573753647506237,0.05120474455933753,0.5090969800949097
37150,0.10690970718860626,0.9549910426139832,0.013529115356504917,0.051104443285639775,0.5091437697410583
37175,0.10690106451511383,0.9549910426139832,0.013529228046536446,0.05108601487305088,0.5091904401779175
37200,0.1068924069404602,0.9549910426139832,0.013524916023015976,0.051075316385899794,0.5092371702194214
37225,0.10688376426696777,0.9549910426139832,0.013523716479539871,0.051063838846900404,0.5092838406562805
37250,0.10687512904405594,0.9549910426139832,0.013527581468224525,0.051041321485353564,0.5093305110931396
37275,0.10686647891998291,0.9549910426139832,0.013505497947335243,0.051059644502854364,0.5093771815299988
37300,0.10685784369707108,0.9549910426139832,0.013510830700397491,0.05102960093359447,0.5094237327575684
37325,0.10684921592473984,0.9549910426139832,0.013502020388841629,0.0510204183009381,0.5094703435897827
37350,0.106840580701828,0.9549910426139832,0.01349493395537138,0.05102965344302425,0.5095168352127075
37375,0.10683197528123856,0.9549910426139832,0.013492667116224766,0.05098042399743772,0.5095633268356323
37400,0.10682336986064911,0.9549910426139832,0.013490208424627781,0.05097053698454802,0.5096097588539124
37425,0.10681475698947906,0.9549910426139832,0.013491245917975903,0.05093342788133625,0.5096562504768372
37450,0.10680615901947021,0.9549910426139832,0.013470183126628399,0.05091169481682938,0.5097026228904724
37475,0.10679757595062256,0.9549910426139832,0.01346629485487938,0.05089854880417285,0.5097489953041077
37500,0.1067889928817749,0.9549910426139832,0.013458062894642353,0.05090363490590614,0.5097953081130981
37525,0.10678041726350784,0.9549910426139832,0.013456356711685658,0.0508921958544778,0.5098416209220886
37550,0.10677184909582138,0.9549910426139832,0.013454345986247063,0.05095477020290845,0.5098878741264343
37575,0.10676328092813492,0.9549910426139832,0.013449654914438725,0.050935422294662185,0.5099340677261353
37600,0.10675471276044846,0.9549910426139832,0.013431836850941181,0.05089346754698871,0.509980320930481
37625,0.10674615949392319,0.9549910426139832,0.013422121293842793,0.0508732021468516,0.5100265145301819
37650,0.10673762112855911,0.9549910426139832,0.013424310833215714,0.05084257054924121,0.5100725889205933
37675,0.10672909021377563,0.9549910426139832,0.013415943831205368,0.0508495680544396,0.5101186633110046
37700,0.10672054439783096,0.9549910426139832,0.013417547568678856,0.05081913007255481,0.5101647973060608
37725,0.10671201348304749,0.9549910426139832,0.013400114141404629,0.05085413461828131,0.5102108716964722
37750,0.10670348256826401,0.9549910426139832,0.013406215235590935,0.05080169591126518,0.5102568864822388
37775,0.10669498890638351,0.9549910426139832,0.013356856070458889,0.05078708590904557,0.5103029608726501
37800,0.10668649524450302,0.9549910426139832,0.013353468850255013,0.050773720203960274,0.5103489756584167
37825,0.10667801648378372,0.9549910426139832,0.013356861658394337,0.05074628282885395,0.5103949308395386
37850,0.10666953027248383,0.9549910426139832,0.013349390588700771,0.05075384855073541,0.5104408860206604
37875,0.10666105151176453,0.9549910426139832,0.013347032479941845,0.0507438363853803,0.5104867815971375
37900,0.10665258020162582,0.9549910426139832,0.013344131410121918,0.0507327018430107,0.5105326771736145
37925,0.10664410889148712,0.9549910426139832,0.013347410596907139,0.05070520354929165,0.5105785131454468
37950,0.10663565248250961,0.9549910426139832,0.013320430181920528,0.05072017939318062,0.510624349117279
37975,0.1066272035241127,0.9549910426139832,0.01332150213420391,0.050686862287625284,0.5106701254844666
38000,0.10661876201629639,0.9554367065429688,0.013319136574864388,0.0506824473540667,0.5107159614562988
38025,0.10661030560731888,0.9554367065429688,0.013312161900103092,0.05068936967858177,0.5107616782188416
38050,0.10660187155008316,0.9554367065429688,0.013313704170286655,0.05065542586425668,0.5108073949813843
38075,0.10659342259168625,0.9554367065429688,0.01331135630607605,0.05064514203874706,0.510853111743927
38100,0.1065850630402565,0.9554367065429688,0.013263139873743057,0.050366215754401866,0.5108987092971802
38125,0.10657673329114914,0.9554367065429688,0.01321361307054758,0.05029325373406391,0.5109444260597229
38150,0.10656841099262238,0.9554367065429688,0.01321463380008936,0.05024342912442834,0.5109901428222656
38175,0.1065601035952568,0.9554367065429688,0.013219970278441906,0.05023597793908776,0.5110359191894531
38200,0.10655178874731064,0.9554367065429688,0.013223753310739994,0.050218592658383826,0.5110816359519958
38225,0.10654349625110626,0.9554367065429688,0.013197870925068855,0.05019144286182297,0.5111274719238281
38250,0.10653520375490189,0.9554367065429688,0.013199243694543839,0.05016538076839359,0.5111733078956604
38275,0.1065269187092781,0.9554367065429688,0.013189196586608887,0.05019065318406453,0.5112191438674927
38300,0.10651864111423492,0.9554367065429688,0.013186251744627953,0.05019543206162696,0.5112649202346802
38325,0.10651034861803055,0.9554367065429688,0.013194149360060692,0.05013270373894766,0.5113107562065125
38350,0.10650210082530975,0.9554367065429688,0.013138907961547375,0.0500373634599786,0.5113564729690552
38375,0.10649387538433075,0.9554367065429688,0.0131315803155303,0.050045839629222946,0.5114022493362427
38400,0.10648564994335175,0.9554367065429688,0.013136671856045723,0.05000047518894165,0.5114480257034302
38425,0.10647743195295334,0.9554367065429688,0.01312980242073536,0.050029614398505305,0.5114936828613281
38450,0.10646922141313553,0.9554367065429688,0.013135269284248352,0.05000612287203708,0.5115393996238708
38475,0.10646098852157593,0.9554367065429688,0.01314377598464489,0.05001879929322745,0.5115850567817688
38500,0.10645277053117752,0.9554367065429688,0.013145544566214085,0.04999039133927776,0.511630654335022
38525,0.10644454509019852,0.9554367065429688,0.013157750479876995,0.04997903073892943,0.5116762518882751
38550,0.10643630474805832,0.9554367065429688,0.013179571367800236,0.0500143976993585,0.5117217302322388
38575,0.10642804950475693,0.9554367065429688,0.013186300173401833,0.05000637921729225,0.5117672085762024
38600,0.10641979426145554,0.9554367065429688,0.013170757330954075,0.050047898113893,0.5118125677108765
38625,0.10641155391931534,0.9554367065429688,0.01317678578197956,0.050014388658612075,0.5118579864501953
38650,0.10640331357717514,0.9554367065429688,0.013176829554140568,0.04997593159367285,0.5119032859802246
38675,0.10639507323503494,0.9554367065429688,0.013169774785637856,0.04995129072069607,0.5119486451148987
38700,0.10638684779405594,0.9554367065429688,0.013160151429474354,0.04997821142325153,0.5119940042495728
38725,0.10637861490249634,0.9554367065429688,0.013170004822313786,0.04993292629314511,0.512039303779602
38750,0.10637038946151733,0.9554367065429688,0.013163729570806026,0.0499387936417629,0.5120846033096313
38775,0.10636217147111893,0.9554367065429688,0.01315523311495781,0.04994582031134568,0.5121299028396606
38800,0.10635395348072052,0.9554367065429688,0.013153007254004478,0.049936876582070876,0.5121752023696899
38825,0.1063457503914833,0.9554367065429688,0.01315863523632288,0.04989320840105226,0.5122203230857849
38850,0.1063375324010849,0.9554367065429688,0.01315122190862894,0.04988987584927673,0.5122655630111694
38875,0.10632932186126709,0.9554367065429688,0.013159727677702904,0.0498396428966447,0.5123107433319092
38900,0.10632112622261047,0.9554367065429688,0.013149004429578781,0.0498653320471335,0.5123559236526489
38925,0.10631292313337326,0.9554367065429688,0.01315957959741354,0.04982102393748457,0.5124009251594543
38950,0.10630472004413605,0.9554367065429688,0.013135012239217758,0.04987836488561095,0.5124460458755493
38975,0.10629653930664062,0.9554367065429688,0.01311633363366127,0.04984918198057516,0.5124910473823547
39000,0.1062883734703064,0.9554367065429688,0.013113254681229591,0.04976313176675295,0.5125360488891602
39025,0.10628020018339157,0.9554367065429688,0.013110908679664135,0.04975390488044801,0.5125809907913208
39050,0.10627205669879913,0.9554367065429688,0.013089556246995926,0.04968391209674839,0.5126259922981262
39075,0.10626392811536789,0.9554367065429688,0.013087230734527111,0.04967458338212412,0.5126709342002869
39100,0.10625579208135605,0.9554367065429688,0.013073666952550411,0.04974244370363487,0.5127159357070923
39125,0.10624765604734421,0.9554367065429688,0.013071403838694096,0.04973333996265742,0.5127608180046082
39150,0.10623953491449356,0.9554367065429688,0.013065196573734283,0.049606345910504494,0.5128058195114136
39175,0.10623141378164291,0.9554367065429688,0.01307917945086956,0.04963088655175869,0.5128505229949951
39200,0.10622329264879227,0.9554367065429688,0.013063259422779083,0.04970158660943157,0.5128952860832214
39225,0.10621517896652222,0.9554367065429688,0.013087206520140171,0.04959684497178586,0.512939989566803
39250,0.10620705783367157,0.9554367065429688,0.01308447401970625,0.04958279098222277,0.5129847526550293
39275,0.10619892925024033,0.9554367065429688,0.013149445876479149,0.04991765318876836,0.5130294561386108
39300,0.10619071125984192,0.9554367065429688,0.013133438304066658,0.04998957312357515,0.5130740404129028
39325,0.10618250072002411,0.9554367065429688,0.013143057003617287,0.04989368146391467,0.5131186246871948
39350,0.10617431253194809,0.9554367065429688,0.013139022514224052,0.049761609699804525,0.5131632089614868
39375,0.10616612434387207,0.9554367065429688,0.013122246600687504,0.04977248947889355,0.5132076740264893
39400,0.10615793615579605,0.9554367065429688,0.013146615587174892,0.04974815300376919,0.5132521986961365
39425,0.10614976286888123,0.9554367065429688,0.013127455487847328,0.04975592834836894,0.5132966637611389
39450,0.1061415895819664,0.9554367065429688,0.013125088065862656,0.049746962084436235,0.5133411288261414
39475,0.10613341629505157,0.9554367065429688,0.013122545555233955,0.049737897677045534,0.513385534286499
39500,0.10612525045871735,0.9554367065429688,0.01310770958662033,0.04980928378154715,0.5134299397468567
39525,0.10611709207296371,0.9554367065429688,0.013105710037052631,0.049650424958159176,0.5134742856025696
39550,0.10610894858837128,0.9554367065429688,0.013091244734823704,0.0497222591947073,0.5135185718536377
39575,0.10610080510377884,0.9554367065429688,0.013100470416247845,0.04963271507068425,0.513562798500061
39600,0.106092669069767,0.9554367065429688,0.013098480179905891,0.04962457072509436,0.5136070251464844
39625,0.10608452558517456,0.9554367065429688,0.013098432682454586,0.04961382519053137,0.5136511921882629
39650,0.10607638955116272,0.9554367065429688,0.013094175606966019,0.04960678616841281,0.5136954188346863
39675,0.10606827586889267,0.9554367065429688,0.013079851865768433,0.049655434406021874,0.5137395858764648
39700,0.10606014728546143,0.9554367065429688,0.013091234490275383,0.04956546794991135,0.5137837529182434
39725,0.10605201870203018,0.9554367065429688,0.013088914565742016,0.04955675810714245,0.5138278603553772
39750,0.10604391992092133,0.9554367065429688,0.013087823987007141,0.049542829840922245,0.5138719081878662
39775,0.10603579878807068,0.9554367065429688,0.013076264411211014,0.049561577682481525,0.5139160752296448
39800,0.10602769255638123,0.9554367065429688,0.013082384131848812,0.0494907586459853,0.5139603614807129
39825,0.10601957142353058,0.9554367065429688,0.013139530085027218,0.0498204742451138,0.5140045881271362
39850,0.10601138323545456,0.9554367065429688,0.013138077221810818,0.04985443444586967,0.5140491127967834
39875,0.10600314289331436,0.9554367065429688,0.013207618147134781,0.04989381663026343,0.5140935182571411
39900,0.10599488765001297,0.9554367065429688,0.013205219991505146,0.04988527669418171,0.5141379833221436
39925,0.10598664730787277,0.9554367065429688,0.013211211189627647,0.0498585032991282,0.5141823887825012
39950,0.10597842931747437,0.9554367065429688,0.013162365183234215,0.049795141634713797,0.5142267942428589
39975,0.10597023367881775,0.9554367065429688,0.013145864941179752,0.04986993432986558,0.5142712593078613
