step,epoch,loss,n_valid_px,grad_theta_norm,grad_phi_norm,egr,r_rms
0,1,1.3317276239395142,4367,9.125915063414118,14.948898255438156,0.6104740902958286,0.8568511009216309
1,1,1.7353659868240356,25804,6.640989190382565,14.255426561168614,0.4658569255634882,0.9557453393936157
2,1,1.4880481958389282,38928,8.407569980154978,18.990340811617003,0.4427287568747242,0.8967889547348022
3,1,1.4505772590637207,16051,9.099383624655783,18.182888238768285,0.5004366470918636,0.886906623840332
4,1,1.1486313343048096,9202,5.069270563265079,6.476305962079343,0.7827410553093618,0.7790309190750122
5,1,1.1391594409942627,8978,5.344098709955713,11.415125603593147,0.4681594312263265,0.786148190498352
6,1,1.2176834344863892,7127,5.463013872292675,11.220305027930156,0.48688639557421787,0.8063605427742004
7,1,0.9312440156936646,15788,4.164593804052264,10.362059211048535,0.4019079334743974,0.7033531665802002
8,1,0.8397400975227356,37145,3.8416910006624843,6.90567872203217,0.5563089676334397,0.6563451886177063
9,1,0.8117244839668274,39239,3.4614147261981114,8.232752577262623,0.42044440103271097,0.6392524242401123
10,1,1.1301735639572144,5830,6.806987807233797,11.258992421505653,0.6045823242789696,0.7781179547309875
11,1,1.1276741027832031,31055,2.7914210159253114,3.668340269511435,0.7609493151779847,0.7759418487548828
12,1,0.7110418081283569,14515,5.120231456890132,7.695449428123075,0.6653583399791498,0.5955991744995117
13,1,0.6400148272514343,11419,3.6124816999670597,5.96722734727456,0.6053869728319301,0.5619938373565674
14,1,0.5796240568161011,20499,3.2579047100824456,4.495988135500432,0.7246248459503765,0.5293678641319275
15,1,0.5148681998252869,17210,2.5676922181860005,4.875855540903674,0.5266136776705215,0.49103593826293945
16,1,1.9224200248718262,11330,7.026021004872905,16.321126790112906,0.4304862706617005,1.0169895887374878
17,1,0.7140066027641296,4518,3.2653500381895664,4.996933890518824,0.6534707301980888,0.5847306251525879
18,1,0.521245539188385,27804,2.335498985543921,3.575280909590981,0.6532351008498667,0.49165621399879456
19,1,0.7286019325256348,5334,6.554626973797299,8.870151006800903,0.7389532566887542,0.6244893074035645
20,1,1.1074308156967163,4713,4.848404549172185,6.43865874098566,0.7530146796426139,0.7669224739074707
21,1,0.4269501864910126,8336,10.700095801950216,7.551125662286338,1.4170199623865103,0.43821612000465393
22,1,1.0034444332122803,825,9.476917936323545,15.94252609773751,0.5944426798001523,0.7664305567741394
23,1,0.2938213348388672,15194,4.5093655084535085,4.101121199951575,1.099544560766859,0.3286409378051758
24,1,1.6004081964492798,13997,10.106503392751383,12.302521618670061,0.8214985273761384,0.8938882350921631
25,1,0.553674578666687,12645,6.895485061503426,4.242842857312698,1.6252039713460458,0.5275087356567383
26,1,0.8855308890342712,10482,1.5684817445769932,5.574944738464452,0.2813448057619187,0.6743274927139282
27,1,0.609673023223877,10236,2.904446277997714,2.6273093060258934,1.1054831919999235,0.5393210649490356
28,2,0.7572062611579895,12864,14.150226583116424,5.365309246540531,2.6373552637693036,0.6393994688987732
29,2,0.5917446613311768,20049,4.37774310628133,1.7436976283836616,2.510609084406918,0.5540468096733093
30,2,0.36844831705093384,8193,5.4139846421911635,3.869730871993178,1.399059733423061,0.4068663716316223
31,2,0.3670165240764618,12692,2.6384450728889592,4.156567917234354,0.6347652980596213,0.4465021789073944
32,2,0.09058643132448196,3358,4.70620758322079,3.1035669537902195,1.5163866780679034,0.11058904975652695
33,2,0.4710698127746582,9670,2.3198281755636163,1.8694657682377696,1.2409043347978148,0.4913084805011749
34,2,0.30896419286727905,21636,3.9930512152766555,3.5814257813382455,1.1149333977775426,0.3329712152481079
35,2,0.3819490373134613,39948,1.7330894861130675,2.4498616212166238,0.7074234197977647,0.4493379592895508
36,2,0.3950096368789673,19718,1.8880781564023967,3.5024983357032107,0.5390661109401442,0.4511738121509552
37,2,0.21384800970554352,18007,5.023573806836158,4.297414258948369,1.168975924621314,0.2545156180858612
38,2,0.1262120008468628,44350,3.0316517357222676,2.928957733451862,1.0350616197347249,0.1723615676164627
39,2,0.29900142550468445,33370,2.3001228258267292,3.728945182417604,0.6168293480610684,0.38966840505599976
40,2,1.0550193786621094,12894,12.540666272049625,10.442656962765371,1.2009076154434426,0.7667922377586365
41,2,0.41780370473861694,4871,8.01986136223975,8.534215962337472,0.9397303041815943,0.491546094417572
42,2,0.5082694888114929,14790,2.782525959289197,6.613026964833665,0.42076434499443544,0.5320479273796082
43,2,0.3062781095504761,28317,5.375186828205813,2.574674897226941,2.087714776725046,0.4003571569919586
44,2,0.2446797639131546,12520,2.4866955553827026,3.0418105238001623,0.8175050799269485,0.30967622995376587
45,2,1.4003182649612427,2792,15.450390580560136,12.928214354235346,1.195090842185589,0.8865795731544495
46,2,1.0237596035003662,4870,6.602664941240685,7.440500691602129,0.8873952459532769,0.7288743257522583
47,2,0.7657291889190674,11380,6.278534107541896,4.213545097695601,1.4900835192138213,0.6493940949440002
48,2,0.9258975982666016,7017,5.401524943035543,7.420610154161452,0.7279084645089001,0.7243807315826416
49,2,0.5786110758781433,11301,7.460864896574077,4.7763553105894765,1.5620414335657387,0.5715098977088928
50,2,0.8637014031410217,19702,5.817783702430435,13.29612645684098,0.43755478118491375,0.716675877571106
51,2,1.1333329677581787,15799,10.331283571129694,8.034804923863382,1.2858163538537795,0.7897294759750366
52,2,0.719881534576416,11231,48.50323160947803,11.783133770703898,4.116326993593694,0.6118335127830505
53,2,2.895256996154785,9065,73.46257550617942,38.70830762093758,1.8978503587803752,1.2196706533432007
54,2,0.1583351492881775,15116,1.8003029674300806,2.391235907262288,0.7528755159462639,0.27482157945632935
55,3,0.5027991533279419,18143,11.536219076714954,4.969417434741857,2.3214429514537045,0.5230849385261536
56,3,1.8038172721862793,11410,33.91545813904616,22.713593536544824,1.4931788791798493,1.054460048675537
57,3,0.06569074839353561,2603,2.583461901839918,2.649473540760773,0.9750849978660759,0.08211085200309753
58,3,0.40645086765289307,9532,3.482208810260634,3.227237072508051,1.0790062000475698,0.4665510654449463
59,3,0.7381169199943542,4584,19.502372401760002,14.653351392096924,1.3309154936581264,0.6598269939422607
60,3,0.32508569955825806,9652,3.5641379355520653,4.60734339452437,0.7735776629515214,0.3984886705875397
61,3,0.6737409830093384,15053,17.230797736178033,8.977611858187082,1.9193074960645113,0.6291711926460266
62,3,0.19885927438735962,9138,3.669480862193065,3.0121155458539994,1.2182404049016884,0.286031574010849
63,3,1.3289806842803955,12897,18.046849634726982,11.510601472258635,1.5678459269239404,0.9105330109596252
64,3,0.26035764813423157,22164,5.5308908464462085,2.62557764399747,2.1065424818377343,0.3432368040084839
65,3,0.4823841154575348,15539,9.863613469036006,4.719726536253423,2.0898696975913724,0.5095375180244446
66,3,0.03162597119808197,2510,1.1443532863974937,1.400839505354162,0.8169053499867994,0.03981974348425865
67,3,1.215971827507019,19679,29.33541631527781,13.815305092125133,2.123399817785941,0.762465238571167
68,3,0.3606773912906647,5684,7.699009908464314,7.185571130496473,1.07145413616291,0.4268096685409546
69,3,0.9333260655403137,5607,34.35901084107486,26.62692424449498,1.2903860215164422,0.8447051644325256
70,3,0.718933641910553,16624,27.11155205595698,9.679014622454583,2.801065306075417,0.6571979522705078
71,3,0.5602102875709534,11185,16.204160857680183,4.9465726719440095,3.275836004509492,0.555655837059021
72,3,0.36523762345314026,15294,16.053289362785552,5.485195882433544,2.9266574443026956,0.44532710313796997
73,3,0.3153405487537384,22035,7.774834006155226,5.01069684136814,1.5516472563187047,0.4117704927921295
74,3,0.3287133574485779,14925,2.201350803093209,3.348341134030034,0.6574451989732076,0.43768393993377686
75,3,0.5351126790046692,19389,14.927140350482507,5.20054363016562,2.8703038397553557,0.5773008465766907
76,3,0.2191118597984314,32200,2.223939870241718,3.441434742284248,0.6462246233862724,0.31251564621925354
77,3,0.11569347232580185,21367,1.3484381577370457,2.281744067448022,0.5909681883142102,0.19785110652446747
78,3,0.2877689003944397,16147,5.158841863082007,2.1110587352198262,2.443722563002194,0.3872974216938019
79,3,0.723587691783905,3795,10.66673072160194,9.714652331395417,1.098004370895347,0.6450522541999817
80,3,0.19287537038326263,32176,2.270608196707238,1.6900465353842944,1.3435181512262842,0.30752086639404297
81,3,0.12107912451028824,10089,2.196426489073637,1.8643116446452035,1.1781434157648358,0.23462261259555817
82,3,0.11184851825237274,20480,1.510672747071996,1.8576668346994245,0.8132097310740942,0.2360173761844635
83,4,0.5917072892189026,20534,10.96834448257836,7.2121222925313795,1.520820645808415,0.6045857071876526
84,4,0.2804877460002899,23512,11.82844686133543,5.977316031030166,1.9788893208805065,0.35177481174468994
85,4,0.2614419758319855,49299,6.083140052268666,4.219299349879928,1.4417417556401484,0.3675464689731598
86,4,0.16897571086883545,9955,4.58823193108522,3.100109288454677,1.4800226392569706,0.29140302538871765
87,4,0.3615063726902008,10738,9.867517654562095,6.259969130930611,1.5762885484219005,0.4470273554325104
88,4,0.33570563793182373,18819,10.25590679889343,5.534315651444066,1.8531481478139953,0.4325178861618042
89,4,0.751386821269989,23269,11.2470156631948,7.28829422370673,1.5431615845872333,0.6459444165229797
90,4,0.41005513072013855,9338,8.887630447740738,4.986087532490387,1.7824858448282948,0.4621157646179199
91,4,0.06836357712745667,48322,1.50311258354562,1.6035638056104446,0.9373575147341753,0.1222606897354126
92,4,0.34930312633514404,18527,2.9031242050328454,4.799072058450603,0.6049344893499107,0.4099881052970886
93,4,0.18044361472129822,15945,2.2671833861177624,3.785598639145767,0.5988969254883187,0.310031533241272
94,4,0.273033082485199,10915,2.4317256315155134,5.106776514267694,0.47617623851780083,0.38721227645874023
95,4,0.3040882647037506,7098,8.711334246851058,6.64315878935032,1.3113241039511097,0.43628042936325073
96,4,1.0185941457748413,7667,15.307299419799179,10.7107892533363,1.429147662020302,0.8008884787559509
97,4,0.20775622129440308,16464,4.363256770299544,1.4940196401248353,2.9204815339188204,0.327417254447937
98,4,0.25240403413772583,2319,15.074154472370214,5.881132740785871,2.563137942428648,0.36175358295440674
99,4,0.24236352741718292,12997,10.140147240527654,4.88898213011973,2.074081469444285,0.3420615792274475
100,4,0.013064146041870117,4334,1.5562907631069096,0.8563757110341101,1.8172990464965488,0.020253613591194153
101,4,2.819769859313965,9845,45.53811022015332,31.544343029838153,1.4436220839050877,1.1762367486953735
102,4,0.9100335240364075,12010,26.624754712051125,16.086142127731172,1.6551361103636284,0.7611696720123291
103,4,0.21718162298202515,12276,2.5317538666514587,2.007514535722359,1.2611384981774008,0.32738637924194336
104,4,0.38938021659851074,10661,6.696142583645056,6.941143046063067,0.964703153242471,0.47948163747787476
105,4,0.2799989581108093,14104,4.385721203643952,2.6766698296239637,1.6384991361666927,0.39298465847969055
106,4,1.3798428773880005,20153,27.389882958440115,14.451257768482597,1.8953286556256754,0.8623851537704468
107,4,0.38333433866500854,6226,15.426186311630799,6.824689626157898,2.2603498703446583,0.4862472414970398
108,4,0.4292459189891815,15879,26.223618392990748,6.919418245471462,3.7898588382266785,0.46917569637298584
109,4,0.7165184020996094,11812,22.370160309341973,9.206529165455986,2.429814744222513,0.6563611626625061
110,4,1.7076102495193481,8126,63.02812802134668,21.721805525301495,2.9016063120502946,0.8840263485908508
111,5,0.3173696994781494,15558,8.519514682899425,2.974390254463216,2.86428946911476,0.42574596405029297
112,5,0.7820707559585571,6023,11.460546735202188,10.067489690826813,1.1383718371863392,0.6965765953063965
113,5,0.18724986910820007,17013,4.409175902372932,1.4714864264900311,2.9964094965437362,0.31787288188934326
114,5,0.21109499037265778,7946,12.516338199483078,3.9135122999368743,3.1982365814160776,0.3312082886695862
115,5,0.19570083916187286,54592,2.4005795335432203,1.5689836551083687,1.5300220150323258,0.3015599548816681
116,5,0.36068272590637207,10286,12.424682146455321,4.995791575538888,2.4870297246363013,0.45511317253112793
117,5,0.7979222536087036,3792,15.685990340709145,8.712902671726884,1.8003174064606424,0.6937543153762817
118,5,0.09293974936008453,33297,5.161889523672636,2.6952673007183385,1.915167939853306,0.15722236037254333
119,5,0.4999940097332001,7173,26.323139132875475,8.526292088643151,3.087290331976109,0.5357664227485657
120,5,0.4373604357242584,11672,21.87609232763864,6.319008715544563,3.461950016593691,0.531048595905304
121,5,0.08465373516082764,16965,4.731839045311817,2.1742542996851353,2.1763043292566477,0.16050338745117188
122,5,0.22143161296844482,29134,6.2044255120889975,3.15499507511061,1.9665404745107284,0.34528276324272156
123,5,0.16671980917453766,22869,6.441260267354754,2.4433179100128233,2.636275959405672,0.2910567820072174
124,5,0.5952618718147278,6372,21.13198502308134,10.028699706507567,2.107151040664505,0.635543942451477
125,5,1.2889753580093384,8491,20.46048407764228,14.593743171055861,1.402003847664023,0.8263246417045593
126,5,0.10677612572908401,5078,2.4291832698168903,1.7583656075770808,1.3815006727541568,0.1932455599308014
127,5,0.1644398272037506,6370,11.854874753453643,3.6704944987572503,3.2297759218721662,0.22795428335666656
128,5,2.385528087615967,12324,51.71972714334155,25.46434596926616,2.0310644226151315,1.1659225225448608
129,5,0.08704079687595367,15352,4.027945886955182,1.755327603401407,2.2946975135283507,0.1764172613620758
130,5,0.522464394569397,11453,16.832163150016108,10.57071024394701,1.5923398486542502,0.6161329746246338
131,5,0.15872371196746826,22433,6.194283206289414,2.4351772086780756,2.543668355720776,0.26321646571159363
132,5,0.8834170699119568,17634,30.99843864200802,10.524000195108759,2.945499626312457,0.7668571472167969
133,5,0.6277626752853394,3927,56.71947744027417,19.842505146240867,2.8584836955940887,0.6163995265960693
134,5,0.1597253829240799,22751,4.363490414709551,2.8699205866282456,1.520422005765156,0.2537509799003601
135,5,0.37459057569503784,21865,9.84528835325856,5.733731145425494,1.7170823157816961,0.4740407168865204
136,5,0.4709342420101166,18904,15.294129605528989,4.125398403978041,3.7073097208690076,0.5412846803665161
137,5,0.33192282915115356,15172,30.154519461358596,10.647203956465516,2.8321538297427304,0.41744041442871094
138,6,0.5804787278175354,18410,16.057924323951983,9.947158955674928,1.6143226820346732,0.6098203063011169
139,6,0.04643550515174866,7707,3.5954458464787873,1.6361880500974029,2.1974526988279566,0.07514055073261261
140,6,0.20717653632164001,6723,2.7564067770044955,4.028221099362714,0.6842739534430942,0.3003644049167633
141,6,0.9294939637184143,10263,19.440399640534977,10.877374129326258,1.7872327833351196,0.7663495540618896
142,6,0.05855045095086098,9671,7.065780013020426,3.6646906209943877,1.9280699911037098,0.12162716686725616
143,6,0.18126724660396576,52471,5.967171185579543,2.416471604158706,2.4693736004626228,0.2708630859851837
144,6,0.3150390386581421,8153,2.295439394774505,4.230581326830982,0.5425825004748027,0.44446516036987305
145,6,0.4350889325141907,12955,7.335174358356514,3.7508716585790407,1.9555919332983456,0.5062694549560547
146,6,0.23003613948822021,22407,8.33658226258908,5.030933448842311,1.6570647072474767,0.3416260778903961
147,6,0.06111285462975502,10722,1.529765363044829,1.3444645972278473,1.1378249499450677,0.15193620324134827
148,6,0.1030275821685791,30734,3.71316699063612,1.9511304885795062,1.9030849101935448,0.15644139051437378
149,6,0.4923041760921478,16312,5.735511105952256,3.8542140111787497,1.4881143313047769,0.5545436143875122
150,6,0.618247926235199,6074,7.973825551216211,9.069232594764866,0.8792172290098891,0.6432904601097107
151,6,0.4142058491706848,6485,8.700444300054444,7.684906280255081,1.13214709233442,0.5078819990158081
152,6,0.251066118478775,20330,5.721754275121629,1.7911049006174544,3.194538897831139,0.3836849331855774
153,6,0.6079980731010437,2892,34.454421744307886,11.69325367330508,2.94652136239566,0.6663674712181091
154,6,0.43462660908699036,49071,10.313463940509028,4.354548613080749,2.3684346775979854,0.5170578956604004
155,6,0.16798017919063568,30537,6.628255368201238,3.329773712891038,1.9906023471019416,0.2755805552005768
156,6,0.23256027698516846,9497,12.810512183834437,3.4806550183768685,3.6804889068853117,0.34139004349708557
157,6,0.6720551252365112,20848,24.15549451034352,9.96861250358601,2.423155128324191,0.6850658655166626
158,6,0.4560006856918335,9999,23.308596041250205,7.528793365913474,3.095927183601095,0.5350478291511536
159,6,0.18611089885234833,23136,6.155383363711441,2.572362546921708,2.3928910685918146,0.3107336461544037
160,6,0.04745372012257576,13660,1.0144980413736515,0.912239366633817,1.1120963186625668,0.12658071517944336
161,6,0.5261440277099609,4870,34.822579751463635,9.85299097732613,3.534214111389568,0.5720539689064026
162,6,1.0514659881591797,5964,84.65834080569533,40.91906487110449,2.0689216890065296,0.8898881077766418
163,6,0.3742371201515198,18764,11.638776594020493,6.4537929779283365,1.8034009819996937,0.4638553559780121
164,6,0.5580388903617859,9850,19.56794755547054,13.852047841498548,1.412639328088851,0.5904723405838013
165,7,0.32134315371513367,4584,3.5201267835169285,5.773243252664052,0.6097312428143337,0.38460806012153625
166,7,0.41590869426727295,7511,9.834688599723366,7.986451082938274,1.231421628654599,0.43007832765579224
167,7,0.3114084005355835,51863,13.499814632698548,7.111982357284866,1.8981788697589599,0.4226159453392029
168,7,0.31257495284080505,23952,6.9888647613102775,3.953249156416255,1.7678786448269646,0.449061781167984
169,7,0.548850417137146,6640,12.534711935105303,6.531886323348452,1.919003380432024,0.574821949005127
170,7,0.23931652307510376,13506,6.3371108317499685,2.803506434629271,2.2604231449127075,0.36950331926345825
171,7,0.22887061536312103,12906,6.410666232192962,2.396971158116297,2.674486178310224,0.3450888693332672
172,7,0.17995068430900574,7974,6.885004151463063,3.0071939165716866,2.289511199633556,0.2628897428512573
173,7,1.1858657598495483,2392,39.42568042969195,19.93112905169214,1.9780956877775453,0.8960188627243042
174,7,0.144537553191185,12853,5.104116924849293,2.983018888887125,1.7110575276148432,0.24896584451198578
175,7,0.01106700487434864,3358,0.616430953659389,0.5367999029857796,1.1483440109238816,0.03540140762925148
176,7,0.17314182221889496,23310,4.410224799138097,3.4695501399251794,1.2711229471472438,0.25699785351753235
177,7,1.4915187358856201,27207,13.983027387935584,9.588290683866907,1.4583441250338527,0.9166158437728882
178,7,0.39423009753227234,18427,17.839521718829726,8.416642269772966,2.119553278733898,0.47761860489845276
179,7,1.2179453372955322,3981,22.32257997868014,18.376010428102934,1.214767485359085,0.8898580074310303
180,7,0.5311492085456848,6496,15.21733823023646,7.644761133333786,1.9905577119841777,0.5570034384727478
181,7,0.15187904238700867,33024,6.289612626366855,3.0172516426744247,2.0845502368472646,0.2631695866584778
182,7,0.11771022528409958,19811,3.4748061640673518,1.980540595302905,1.754473587820682,0.2245718538761139
183,7,1.6057214736938477,9536,12.784161448281752,17.068793934484614,0.7489786037227133,0.9424130320549011
184,7,0.116476871073246,35995,3.036174588609042,2.307176689114999,1.3159696883780325,0.22620603442192078
185,7,0.1804639995098114,19175,2.3703340573437384,2.0272617357068627,1.1692294169978423,0.26783648133277893
186,7,0.09896142035722733,19778,2.839319487694252,2.0022786727648656,1.4180441145947642,0.1645532101392746
187,7,0.592924177646637,14944,11.223019268410503,5.970383319033631,1.879782028840518,0.5919215679168701
188,7,0.28930041193962097,6067,5.114151987616797,5.509957732119461,0.9281653755352236,0.403893381357193
189,7,0.1394014209508896,9599,3.674675835048078,3.6133952442638364,1.0169592825142795,0.24902471899986267
190,7,0.1407919079065323,20985,4.151614479484718,2.418129439268138,1.7168702436125642,0.22725851833820343
191,7,0.3824717402458191,10986,13.86740206700527,10.055747104483382,1.3790523889389652,0.5132219791412354
192,7,0.7089094519615173,3564,19.927522177554927,9.816512845123338,2.030000112254987,0.6771169304847717
193,8,0.06871596723794937,49926,1.4065413279238022,0.9110601736689399,1.5438511841187845,0.14448530972003937
194,8,0.030453702434897423,1562,3.5956304523147273,1.4932534186891264,2.4079171072441237,0.12064450979232788
195,8,0.13771216571331024,6601,8.040080281327878,3.760475385052224,2.1380489055412557,0.2608027756214142
196,8,0.21346625685691833,37184,14.157128447842792,4.5276394423847295,3.1268232879389877,0.31976187229156494
197,8,0.21278460323810577,28747,12.424642233044723,3.3968299481393798,3.657716878010537,0.35285720229148865
198,8,0.336336612701416,9479,11.354853972652402,4.0973544650429625,2.771264744001242,0.4066655933856964
199,8,0.27874353528022766,35995,31.258378759556606,6.378191237189674,4.9008218156413585,0.37906333804130554
200,8,0.15133382380008698,19624,5.9981365489094305,2.545835021531902,2.3560586205220098,0.24004757404327393
201,8,0.060432933270931244,4944,4.3753705549001225,1.5621290295226355,2.8009021484187975,0.0918981283903122
202,8,0.7057645320892334,6679,49.78041136299407,7.852850769916104,6.33915157966507,0.6859042644500732
203,8,0.2030620276927948,13097,7.2795319065073505,2.403272753815119,3.0290077957020465,0.32582929730415344
204,8,0.04884541779756546,9691,2.0590046250018803,0.9609228579265704,2.142736649477307,0.11560288071632385
205,8,0.9426191449165344,11207,16.247338649265444,15.983183875998588,1.0165270433797933,0.7712265253067017
206,8,0.06380092352628708,25278,1.5660725759012353,0.890156685431635,1.7593223772060882,0.12469013780355453
207,8,0.1502908170223236,6916,11.540249917747982,3.1566582475362743,3.655843937731087,0.2336188405752182
208,8,0.9561346769332886,16321,19.667654152774123,7.882984477268035,2.4949502576703972,0.7540222406387329
209,8,0.07918797433376312,23326,2.4928151838029184,1.763544153146728,1.4135258135462747,0.19595909118652344
210,8,0.5248813629150391,9543,28.31267353872144,8.526884983297697,3.3204005441818976,0.5575746893882751
211,8,0.45562082529067993,16291,32.56916093702041,8.065858104250418,4.037904029064632,0.5071937441825867
212,8,0.3948969542980194,11712,11.79731541500181,6.201258075456877,1.9024067812450687,0.49210411310195923
213,8,0.999453067779541,9903,20.532693240288108,17.584661595575454,1.1676479031847422,0.7949233651161194
214,8,0.47983235120773315,14259,7.927799575137126,4.594477873622599,1.7255060951865209,0.4171026349067688
215,8,0.47619473934173584,6094,10.186007712193373,6.199718222045313,1.6429791399182854,0.5482350587844849
216,8,3.025299072265625,13098,68.21414394093786,33.567843764826385,2.032127664166892,1.1512564420700073
217,8,0.3190739154815674,13544,10.307385835352305,6.470563059027455,1.59296582713467,0.43458282947540283
218,8,0.28595617413520813,9238,13.516646118401349,6.839966651315624,1.9761274882531088,0.41136497259140015
219,8,0.5196691751480103,17394,9.79034137820567,2.5360871835540246,3.860411992809257,0.5748935341835022
220,8,0.43330127000808716,3729,41.59487402219374,13.275065135165274,3.1333084695763156,0.508974015712738
221,9,0.18563571572303772,19701,16.5504341368198,5.01936550671248,3.2973159883820644,0.29039669036865234
222,9,0.2335371971130371,22750,18.626418910937915,6.789319669657429,2.743488275295043,0.3200366795063019
223,9,0.2576499283313751,15193,17.55416074810636,5.899943599947043,2.9753099247018135,0.3522633910179138
224,9,0.09785912185907364,6337,5.328039800685305,2.489622678012653,2.1400993201653695,0.17331703007221222
225,9,0.1539534628391266,18957,4.255993375731541,2.607279860212228,1.6323500367864148,0.2767927050590515
226,9,0.1383427083492279,22171,4.106132823837563,3.9716684694638658,1.0338558858591778,0.22018131613731384
227,9,0.03855768218636513,7291,2.5378274114445003,1.1788651861766941,2.152771530791448,0.1283169537782669
228,9,0.0538296103477478,12986,1.1898743333104174,1.3131720977699715,0.9061069263732876,0.11176794767379761
229,9,0.7707720994949341,11975,15.550863181938235,15.21515678792287,1.0220639457544605,0.6984444260597229
230,9,0.23845820128917694,5901,10.63883807040593,4.890299724197402,2.175498163796045,0.33680903911590576
231,9,1.129117727279663,23857,19.41273574440942,12.680889155422117,1.530865502132976,0.8075791597366333
232,9,0.15576589107513428,30363,2.0597973079414587,1.2500369940352805,1.6477890796579704,0.26548415422439575
233,9,0.4002738893032074,36961,9.883275680846882,6.713140626603055,1.472228310200987,0.5214476585388184
234,9,0.16271959245204926,41070,1.5919391591916985,1.1007010200030614,1.4462957063361532,0.30993086099624634
235,9,0.12018422037363052,21874,4.377794299818834,2.9221051563944767,1.4981645305396891,0.22240306437015533
236,9,0.024329857900738716,8393,1.0399951047967912,0.5064775243038568,2.0533884622505023,0.0686337947845459
237,9,0.6602199077606201,5596,11.708389951818692,5.974331188806156,1.9597825399693662,0.6299089193344116
238,9,0.4717056453227997,7324,21.94093300239787,8.458942068756977,2.5938152577535556,0.5879165530204773
239,9,0.21728156507015228,9720,5.287590599638688,4.074055351506958,1.2978691115921033,0.3705795705318451
240,9,0.06489435583353043,5797,3.1752121381415535,1.6598225898008534,1.9129828438595984,0.12045440077781677
241,9,0.18187130987644196,9340,5.377508598264086,4.367841108295111,1.231159390860224,0.28534644842147827
242,9,0.37861815094947815,18110,9.842823772159885,6.602762604172621,1.4907129579273704,0.4730597734451294
243,9,0.3693455755710602,8336,10.585826149669096,6.5924071713555925,1.6057603656011334,0.4978724718093872
244,9,1.0050455331802368,12445,37.89194907482098,17.84498329602768,2.1233950430905506,0.8196521401405334
245,9,0.13423144817352295,19202,4.738007313484234,2.521098517280411,1.8793423902344735,0.25852611660957336
246,9,1.3351492881774902,9081,48.45044937794153,15.112326176912699,3.206021945976571,0.8508751392364502
247,9,0.23664967715740204,11426,2.808150594711472,4.925695086113742,0.5701024009032737,0.2886035740375519
248,9,0.3061988651752472,9521,13.205926685920597,5.683246151511736,2.3236591085194354,0.4210051894187927
249,10,0.18134212493896484,33580,9.34688125248044,8.348777154951737,1.11955093290945,0.2920363247394562
250,10,0.12499772012233734,25357,4.211143587693722,1.8523599607705221,2.2733937662633066,0.2544086277484894
251,10,0.03209599480032921,14206,1.4690828960660716,0.8014429269084816,1.8330474282568547,0.09890294820070267
252,10,0.3455507755279541,30521,10.783295279847053,6.429721794263096,1.6771013777713906,0.47222700715065
253,10,0.23428940773010254,8622,16.61737757737389,4.585364839989259,3.6240033579114703,0.3754523992538452
254,10,0.5737658143043518,20708,9.075007784925331,7.995057481786277,1.1350772406074852,0.6429685950279236
255,10,0.13542991876602173,19241,7.750966165677843,2.311178894991331,3.3536850749511378,0.2863994836807251
256,10,0.27226704359054565,16769,6.520629132116954,5.9878936146328945,1.0889687679455593,0.41051945090293884
257,10,0.13022127747535706,3597,5.8469764655850724,3.884341524851781,1.5052683777095723,0.21348640322685242
258,10,0.4775162935256958,7139,18.93398259801174,7.606164732391191,2.48929431114975,0.5328496694564819
259,10,0.21635748445987701,9349,6.292697779899474,3.8353650654339093,1.6407037329016076,0.305296391248703
260,10,0.051833976060152054,12083,1.4640281746517099,1.1680541743360293,1.253390644729874,0.1038743257522583
261,10,0.5518504977226257,22852,32.98821626142119,10.335583818191438,3.191712905792138,0.567290723323822
262,10,0.09601237624883652,22804,4.609647477712426,1.4107301070374951,3.267561565967657,0.1681727170944214
263,10,0.21360819041728973,16283,4.6485390531867985,5.316890200190276,0.8742966053764974,0.3647908866405487
264,10,0.8504810333251953,14793,36.78139602774899,15.932064284792194,2.3086396947855667,0.7448631525039673
265,10,0.359881728887558,10143,17.754409457254994,5.261660794692393,3.3742976124878794,0.4688054621219635
266,10,0.5445253252983093,9057,24.005378120558483,11.594562617466536,2.070399627183323,0.5398173928260803
267,10,0.41147613525390625,4908,15.22911066896604,9.66628484025421,1.5754874722441925,0.5390228033065796
268,10,0.4969794750213623,8540,16.458026557995257,8.559891219217072,1.922691087597567,0.57953941822052
269,10,1.829257607460022,1148,40.13722646431764,29.01620732829148,1.3832692195158645,1.109952688217163
270,10,0.23109398782253265,21150,7.038385051688354,3.460291994902996,2.0340436766763754,0.38143008947372437
271,10,0.02769366465508938,11899,1.254476637361193,0.7036030312992888,1.7829323944822495,0.0902436152100563
272,10,0.06680577248334885,17356,0.8502094824113026,0.8784672801397093,0.9678328398015228,0.17893102765083313
273,10,0.07985265552997589,6515,7.388914269173567,2.498580333343344,2.9572450285332716,0.1919097900390625
274,10,0.1337733268737793,33191,5.22060082788968,1.8914299955057983,2.760134311230931,0.28333336114883423
275,10,0.35320690274238586,9369,14.481924958815709,6.23550528706354,2.3224942153217705,0.45269694924354553
276,10,0.7719905972480774,15537,13.025619497970691,4.374761499879111,2.9774467701445335,0.6768447160720825
277,11,0.13243655860424042,4934,6.4609947709481395,3.1960369182953148,2.0215644988206987,0.24456219375133514
278,11,0.07604241371154785,29664,19.21431287701925,6.562292499186058,2.9279878760965827,0.15528705716133118
279,11,0.2633052468299866,11478,16.455386796996837,7.139154288628288,2.304949036219283,0.3844222128391266
280,11,0.08630097657442093,7197,8.011467820458297,3.1623527124321393,2.533388444925933,0.16966989636421204
281,11,0.5805132985115051,21687,16.864200103094735,7.383864860352583,2.283925887328222,0.5960646271705627
282,11,0.031706467270851135,11871,2.2765033407918644,1.1432728826323695,1.9912160739335099,0.09643255919218063
283,11,1.1447951793670654,3619,35.577244924890685,12.462775757495132,2.854680660003982,0.8091064095497131
284,11,0.19934925436973572,7225,9.094325516048302,4.171242543300859,2.180243757499041,0.3250668942928314
285,11,0.21054229140281677,32078,5.068115698924141,3.378987922891593,1.499891628670151,0.3431413471698761
286,11,0.21855776011943817,12000,18.9963969779699,6.512777318386433,2.9167889595023677,0.35016462206840515
287,11,0.09897647798061371,19582,2.470628434209946,1.6142793766503483,1.5304837997342213,0.2517445683479309
288,11,0.8561214208602905,7143,15.394503992466722,10.134304389792282,1.5190489056132186,0.7221793532371521
289,11,0.14645953476428986,7049,2.5531979572621517,2.028011549392229,1.2589661819362201,0.26137036085128784
290,11,0.07340120524168015,27040,2.066599268994197,1.3738310241728837,1.5042601547281922,0.1366111934185028
291,11,0.7701739072799683,13818,29.71320535981729,14.297215131208356,2.0782512599223892,0.7579779028892517
292,11,0.3867324888706207,21741,7.46283465328162,7.178797134184375,1.0395661715726248,0.5153581500053406
293,11,0.06678882241249084,27507,1.405420949059402,1.2006328428106698,1.170566803560158,0.1296050101518631
294,11,0.19641461968421936,43330,4.225779913976332,2.4396267400970117,1.7321419889858076,0.3374720811843872
295,11,1.2810510396957397,9571,43.57986730114251,14.672578156358435,2.9701574485908586,0.8477007746696472
296,11,0.015029806643724442,26080,0.5882942107091805,0.3504848092306185,1.67851557389583,0.05090828612446785
297,11,0.013858080841600895,4932,1.30738875293345,0.8553017220696881,1.5285702334005102,0.06481453776359558
298,11,0.13932378590106964,4470,3.8363596262461805,2.909085343090465,1.318751144704922,0.20030081272125244
299,11,0.07818641513586044,6238,3.994850300840281,1.4688110483939183,2.7197850296712827,0.17108465731143951
300,11,0.06857649981975555,9524,4.256427616667576,1.968007281104963,2.162810909050899,0.16487176716327667
301,11,0.42977583408355713,7473,10.607548642166496,3.506333714708482,3.0252535854378557,0.517066240310669
302,11,0.7368941307067871,18027,47.56135531638614,15.591165681260026,3.050532352019707,0.726329505443573
303,11,0.03033718653023243,12343,0.5875434484042444,0.6459992882025887,0.9095109841964382,0.0755951851606369
304,11,0.07468850910663605,19432,1.2310521755959318,1.5725523051471997,0.7828370296909873,0.1486055999994278
305,12,0.1766069233417511,4389,13.472100710677887,6.414445784340159,2.100275092131227,0.3324885070323944
306,12,0.23531152307987213,17717,13.89862358908228,3.1809269339607367,4.369362729049553,0.33688849210739136
307,12,0.04839355871081352,34601,0.8586948130516034,0.40828633693388755,2.103168133173523,0.1251635104417801
308,12,0.16675882041454315,11904,12.65432325226094,4.680036470394864,2.703894153882644,0.2928083539009094
309,12,0.12172970920801163,18865,2.8723528741491866,2.0994995932564358,1.368113089125512,0.21026842296123505
310,12,0.8788918256759644,17913,18.701372489951932,7.302747805492639,2.56086790726683,0.6815378665924072
311,12,0.08688298612833023,46351,8.43676845063634,1.5570863764846499,5.418304711957059,0.2160276174545288
312,12,0.08919696509838104,10379,1.812217690416839,2.5194952740093117,0.7192780669647019,0.1477717012166977
313,12,0.04021511599421501,15190,0.8686242444808385,0.8113499809345038,1.070591316806708,0.08702431619167328
314,12,0.2636105418205261,17192,23.43152267529586,6.297360568786526,3.7208481901818895,0.3874482810497284
315,12,4.007038593292236,9065,69.52920643066547,38.63506850307045,1.7996397864582008,1.3763195276260376
316,12,0.30118662118911743,13623,10.898827767996288,3.298510420709185,3.3041665412261203,0.4257647395133972
317,12,0.026981830596923828,7972,0.42848933234017,0.6925401186105435,0.6187213142239869,0.05168444290757179
318,12,0.09241663664579391,16851,9.467013461073769,3.6556238660157705,2.5897121279572963,0.2287844717502594
319,12,0.017468158155679703,14916,0.3014085841349297,0.4234080136478963,0.7118632014954434,0.03376314043998718
320,12,0.018817920237779617,17694,0.6934043762222409,0.5366812334053049,1.2920227745271013,0.06905300915241241
321,12,0.4496075212955475,13343,30.985090054159468,10.026762451024231,3.0902387690446638,0.4997408092021942
322,12,0.046690333634614944,30473,1.2192780744470697,1.0371205685348592,1.175637733391373,0.087529756128788
323,12,0.03398001566529274,10320,1.154094646058235,0.5858701993860393,1.9698811225860178,0.09818374365568161
324,12,0.15280784666538239,12156,9.408735688231674,3.5171962307406366,2.675067033791216,0.24837982654571533
325,12,0.11434315890073776,11600,12.37366701904029,2.351159479904187,5.262793581122481,0.21821199357509613
326,12,0.1056450605392456,19332,17.37828241533519,3.403591814830878,5.105865615143864,0.19148896634578705
327,12,0.4133767783641815,17892,25.235057072851564,7.9870629751406605,3.1594914365131808,0.5148234367370605
328,12,0.035979337990283966,17227,1.7851194549076141,0.6488029287330412,2.751404742254754,0.12417488545179367
329,12,0.5159729719161987,8580,31.8116126395793,8.160901720628365,3.898051187060001,0.571899950504303
330,12,0.13930678367614746,5976,9.737413155756624,3.8410845388167325,2.5350686914987173,0.24271249771118164
331,12,0.295154333114624,6009,28.190830076298578,3.9289860947097472,7.175090315094127,0.4230181872844696
332,12,0.4264325201511383,11265,11.323276171320233,3.8347241254492714,2.9528268008042584,0.5238434672355652
333,13,0.27617713809013367,25021,12.291243896113103,3.517049833465821,3.494759664521841,0.41717958450317383
334,13,0.7901347279548645,12539,17.406626945551906,11.6067018293675,1.4997048430681508,0.7213616967201233
335,13,0.14966127276420593,5060,6.186090482213917,3.2075917364304773,1.9285778835108518,0.26952213048934937
336,13,0.0992383062839508,20549,0.9236206079702026,1.7055180242639962,0.5415484297612408,0.17648465931415558
337,13,0.04325453191995621,17342,3.5772362817245438,1.2633284539794143,2.8315963837065623,0.14165784418582916
338,13,0.07334260642528534,11132,6.114545346543045,1.7550185249895893,3.4840346466290613,0.1486479490995407
339,13,1.3436665534973145,2152,40.5382171031675,16.806145132051082,2.412106808827591,0.8822857737541199
340,13,0.17892970144748688,10144,5.527089078720994,2.489370150255224,2.2202761120728094,0.2962508201599121
341,13,0.49093398451805115,9773,10.505905307290156,4.927823216574075,2.131956615641733,0.48838841915130615
342,13,0.13581737875938416,18787,6.608020833129721,2.9533107655030957,2.2374959351769435,0.24801845848560333
343,13,0.34396836161613464,5825,12.892190956024844,6.265640984258074,2.057601287468177,0.4086470901966095
344,13,1.3593629598617554,11631,26.566828691417165,10.712294696934382,2.4800315378755884,0.8226034045219421
345,13,0.3292197585105896,16714,21.90402371444444,9.911647067201404,2.2099277310755703,0.5010310411453247
346,13,0.024769017472863197,46310,1.1003841292976508,0.4090461483324055,2.6901222118359844,0.1020236536860466
347,13,0.028286024928092957,17832,0.40168372895924304,0.6393544696785317,0.6282645199314583,0.060972582548856735
348,13,0.021467048674821854,23821,1.1556642440480613,0.5296396514301988,2.1819821097706926,0.067463718354702
349,13,0.04760728031396866,9334,2.80163995196622,1.6080678701359503,1.7422398668581192,0.0952056273818016
350,13,0.050735555589199066,33382,1.5450611461660575,0.9019337301723138,1.7130539578214483,0.12567293643951416
351,13,0.24360129237174988,15744,6.5442629317104695,4.316585868469829,1.5160738442645194,0.3806779384613037
352,13,0.10888735204935074,3643,9.333619204189802,2.8520697180936487,3.2725775057228303,0.18136468529701233
353,13,0.1324348896741867,18268,4.529193700995369,1.7495304175463853,2.588805347748518,0.2764953374862671
354,13,0.0895155817270279,10525,2.0658812117299092,1.6505516255928792,1.2516307758544611,0.18500745296478271
355,13,0.3961990773677826,12388,15.601215784675828,5.65039236095699,2.7610853880651107,0.5141152143478394
356,13,0.09535369277000427,6205,10.350791908229262,2.7071904961895057,3.8234442396257857,0.1940983086824417
357,13,0.6459008455276489,16746,30.342782473638017,13.725601441512321,2.210670519826238,0.671465277671814
358,13,0.06197651848196983,22208,3.27699454337743,1.1861746148606402,2.7626577928070652,0.1589454859495163
359,13,0.06429175287485123,21129,2.3434292383055655,1.522221230773893,1.5394800643482243,0.14971789717674255
360,13,0.02091289684176445,2277,1.469603919301793,0.7120707545895433,2.0638453550122957,0.0525476410984993
361,14,0.3841163218021393,6626,25.15035232693299,9.260824339082898,2.7157790069281154,0.4919784367084503
362,14,0.09152624011039734,22477,4.853920380508858,1.9261943779332629,2.5199535603018526,0.17812135815620422
363,14,0.022236043587327003,16053,0.5677282755677839,0.4513834322331297,1.2577516918549791,0.06336154788732529
364,14,0.055495645850896835,16049,2.8270512855726526,1.71223984822799,1.6510836892954794,0.16038022935390472
365,14,0.3957686424255371,8116,4.150587541285366,3.655485091723027,1.1354409707981696,0.4431557357311249
366,14,0.07473713159561157,49107,6.252123662642857,2.5978146761686065,2.406685788634242,0.17334148287773132
367,14,0.9874822497367859,8558,22.368303543586727,12.739389881988226,1.7558378973243238,0.7557895183563232
368,14,0.35949423909187317,15715,59.301895785466144,7.0638370737026674,8.395139237600414,0.4974479675292969
369,14,0.04501418024301529,12092,4.719990548270155,1.1969928561749423,3.9432069489112953,0.10188759863376617
370,14,4.02856969833374,3662,75.02336224679634,28.225373456973227,2.6580113230798994,1.3343180418014526
371,14,0.05767163634300232,12130,5.2177477576670315,2.0013821760201833,2.6070721625192514,0.13750526309013367
372,14,0.545517086982727,16439,51.9080749227696,14.973277311805223,3.4667143232457733,0.5810628533363342
373,14,0.09883709996938705,4224,5.376927761988506,2.892384600785124,1.8589947410614431,0.22376921772956848
374,14,0.051329053938388824,18332,1.3295907403376728,0.8791989514243987,1.5122751661408123,0.1322590410709381
375,14,0.06125110015273094,43309,2.5591783161544552,1.1217344137969005,2.281447626706703,0.15061847865581512
376,14,0.003048471873626113,715,0.45309719460816494,0.1453556204067522,3.117163225867254,0.006858814973384142
377,14,0.2751411497592926,21334,17.819683139095414,3.2492316508518817,5.484275993193029,0.4015751779079437
378,14,0.019548680633306503,2319,1.5740191993441746,0.651770021995859,2.4149917090721305,0.06230367720127106
379,14,0.06477895379066467,3840,16.168970527223568,3.744875365501736,4.317625808369978,0.12373938411474228
380,14,0.03171113505959511,32369,2.1157253044391107,0.9932930022213127,2.1300112853967152,0.075910784304142
381,14,0.001767439884133637,4613,0.22127273782195445,0.07902501482711369,2.8000341196169587,0.009279949590563774
382,14,0.06429141014814377,16064,0.966170044190807,1.6205592959893755,0.5961954286901607,0.1287405639886856
383,14,0.14050155878067017,27438,11.659982201381897,2.514673580651077,4.636777628354595,0.23381248116493225
384,14,0.0023113428615033627,12109,0.15689721175365787,0.08631001679435066,1.8178331737053905,0.01667437143623829
385,14,0.1824897974729538,25343,25.932624965434286,3.572014974545226,7.2599429594296865,0.31568172574043274
386,14,0.12151269614696503,5962,33.36622807242854,4.5888217110457274,7.271197308037836,0.2323242872953415
387,14,2.135885238647461,10689,54.754753289673964,13.212505659499941,4.144161198546056,0.9037471413612366
388,14,0.017388103529810905,13598,2.7370813546071,0.6224572122453331,4.397220083175643,0.06372334063053131
389,15,0.10034500062465668,1381,24.95661029589118,3.791150271608611,6.582859688464772,0.22994409501552582
390,15,0.07758564502000809,24198,2.649767426417435,1.6980870811512625,1.5604426038147556,0.20679247379302979
391,15,0.03861422464251518,18478,1.66605497897414,0.7277228673814263,2.2894085834719413,0.10641010105609894
392,15,1.0388879776000977,15285,40.8935937616462,19.988668017664548,2.0458388585725342,0.8007210493087769
393,15,0.09915199130773544,22804,2.4305353678525763,2.374215784021163,1.0237213416781359,0.2000722885131836
394,15,0.1977524310350418,10711,18.209922785169503,5.129803721927841,3.5498283701042754,0.34725165367126465
395,15,0.04117738828063011,9850,2.6144399312329965,0.9201868626916345,2.8412054520998797,0.11421694606542587
396,15,0.4311177432537079,8464,33.97259134789221,7.547091437293191,4.501415098804233,0.5353010892868042
397,15,0.04720250889658928,16329,5.240917705808259,1.8326101655118863,2.859810452018038,0.1056278795003891
398,15,0.2268250435590744,10138,12.334284840216617,4.629651062315194,2.6641931917101824,0.3412366807460785
399,15,0.6752772927284241,21004,18.590411333667156,7.536062885203369,2.4668598997715248,0.579161524772644
400,15,0.4622071385383606,7202,21.09601044022795,8.919257103798952,2.365220577758682,0.5674612522125244
401,15,0.9213660359382629,7622,47.685239645812416,14.963818931840988,3.1867025298162,0.7488591074943542
402,15,0.652574360370636,4049,8.770165448952174,10.57417004236179,0.8293951595081865,0.607937216758728
403,15,0.04055771231651306,14206,2.7619585637250474,0.8343344438063353,3.3103734170692345,0.11996334791183472
404,15,0.12376762926578522,28099,4.483759927606477,2.677448661561704,1.6746389919534486,0.2564204931259155
405,15,0.17715299129486084,9013,10.760557091913498,4.545732550410652,2.367177781046323,0.3123820126056671
406,15,0.048999495804309845,7617,2.352955757124868,1.5459022622562395,1.5220598446432274,0.1180751621723175
407,15,0.060196541249752045,4098,2.887455537792743,2.2613706914542298,1.276860776830276,0.11837969720363617
408,15,0.002498060930520296,5687,0.17476512418606627,0.13313018759561307,1.3127385106344762,0.009286985732614994
409,15,0.09824443608522415,42449,3.8345748438915708,1.1371894516277126,3.3719753893246125,0.2196008861064911
410,15,0.151310995221138,21732,9.226310293707511,2.843751594328369,3.244414987618958,0.29155704379081726
411,15,0.12652835249900818,31319,6.725629823824735,2.5624589104944038,2.62467811533589,0.23219124972820282
412,15,1.4538172483444214,21258,30.900196497042653,18.937525545021344,1.6316913433901428,0.863198459148407
413,15,1.6010544300079346,25872,32.686220920850396,15.919832520280963,2.0531761800388257,0.8990257382392883
414,15,0.1572764813899994,8997,8.464727931691362,3.8902792597074685,2.1758664009960293,0.2933213412761688
415,15,0.5816347599029541,5270,33.31889742745942,11.620354430974002,2.8672875363117307,0.6280027031898499
416,15,0.46870937943458557,8021,30.924458662280525,10.69179479427515,2.8923543013410553,0.5732446312904358
417,16,0.17236819863319397,18081,5.625814929848972,3.0619628201636435,1.837323070286813,0.2857833504676819
418,16,0.20690752565860748,7020,12.60669007486115,6.580943015206572,1.915635805648063,0.29285332560539246
419,16,0.1433088481426239,18941,8.831354843358769,6.229846679749007,1.4175878311844998,0.26952800154685974
420,16,0.3166758418083191,12016,13.450087218732714,3.3479412570716875,4.017420314743801,0.41641169786453247
421,16,0.06620143353939056,15175,2.50005140251792,1.4825788880014488,1.6862855816639624,0.11730943620204926
422,16,0.3336939513683319,20519,19.54170657590809,9.405921122627547,2.077596263155461,0.4302426874637604
423,16,0.02951834909617901,4179,2.7029767298987895,1.2124269959238987,2.2293933894443074,0.06863454729318619
424,16,0.0038902300875633955,4613,0.1420106109778331,0.13292630895323848,1.0683408882339613,0.0127337034791708
425,16,1.8187685012817383,1949,69.61417807505904,30.80528319770707,2.2598129557282687,1.1260989904403687
426,16,0.34833624958992004,3932,16.45191468575794,6.783526159812387,2.425274746225867,0.48722440004348755
427,16,2.8973941802978516,13163,36.22948975264361,27.30631794249108,1.3267804846096056,1.1455144882202148
428,16,0.10044657438993454,12764,5.492160238144927,1.0645821797514021,5.1589819392076235,0.2098277062177658
429,16,0.03703567385673523,12394,1.435126542815913,0.9239720763958367,1.5532141928059098,0.06651981920003891
430,16,0.055786632001399994,15141,4.529992922342232,1.549069954922106,2.9243307624329304,0.11000530421733856
431,16,0.04598511755466461,15076,2.7671792356033595,0.9307723167088547,2.9729926276545666,0.13199540972709656
432,16,0.05620253086090088,35239,4.600164800263693,1.5568560649290377,2.954778482023909,0.12987695634365082
433,16,0.09292852133512497,3927,8.370660824961762,3.3548388706767924,2.4951007030840207,0.16544532775878906
434,16,1.0112817287445068,27551,43.58428996821407,20.725107046003156,2.102970559885104,0.832302451133728
435,16,1.434744119644165,18498,10.309453710821016,15.604227531966876,0.6606833750469462,0.9564363956451416
436,16,0.06667298823595047,13909,1.5909273171315932,1.5403358497369992,1.0328444393488596,0.13173574209213257
437,16,0.1021861582994461,18815,9.15861860762197,3.4465595857553852,2.6573219988628196,0.20193204283714294
438,16,0.03269373998045921,29664,10.240955363054747,4.010778876400675,2.5533582574969977,0.10569760203361511
439,16,0.7597998380661011,17582,8.971568658241903,11.071357843003671,0.8103404104050796,0.7185177803039551
440,16,0.024117566645145416,22756,0.8013481552542556,0.40387052060744916,1.9841709517371768,0.06866151094436646
441,16,0.08681537955999374,24015,4.425262555456644,1.8576829518312976,2.382140908970421,0.21849985420703888
442,16,0.08108122646808624,25898,4.992132291059259,2.108987169060249,2.36707570548253,0.18970531225204468
443,16,0.07872415333986282,15654,3.304118366700676,1.9068151486946072,1.7327942716214102,0.23281453549861908
444,17,0.029426615685224533,5691,1.922159065405347,0.8556838366637596,2.246342612824662,0.10516951233148575
445,17,0.03797030821442604,10638,2.21811656237817,0.9682358545780795,2.2908845524445596,0.11480097472667694
446,17,0.3905966579914093,6426,32.45291059751894,17.427633412380853,1.86215246956377,0.5203275680541992
447,17,0.5256595015525818,15010,17.3219422299373,6.808841314697539,2.544036706002191,0.5431059002876282
448,17,0.00671717943623662,29664,0.29414728266068446,0.21920657156607584,1.3418725568210315,0.021235624328255653
449,17,0.02302004210650921,7919,1.4496553077097143,0.6567840095968458,2.207202499642691,0.07357250899076462
450,17,1.5004743337631226,15518,50.014446155281455,23.927077474774205,2.0902864634432894,0.9686986804008484
451,17,0.04934955760836601,19326,3.479001404879654,1.1044199596258313,3.1500711070589142,0.11489026993513107
452,17,0.037754178047180176,9067,1.4474626373631474,0.8109780907200965,1.7848356865918642,0.10821332782506943
453,17,0.1308610886335373,17532,10.639335027586807,1.418831153152074,7.498661841434035,0.26633501052856445
454,17,0.028945215046405792,36418,1.9009060606647838,0.6168719071564953,3.081524768122498,0.11164135485887527
455,17,4.3290581703186035,9065,56.74720360677651,38.117801036309196,1.4887323524439497,1.3871469497680664
456,17,0.04087809845805168,27988,1.1276858904480682,0.6626380393319838,1.7018127899557425,0.1265622079372406
457,17,0.27246230840682983,27847,13.302793877659266,5.0680137838658705,2.6248535313787755,0.4271823465824127
458,17,1.0038893222808838,2836,72.63642202565885,18.841608180198943,3.855107341739024,0.8112043738365173
459,17,0.03750239685177803,26370,2.0476587556773502,0.7904862212749996,2.590378808086026,0.11807481199502945
460,17,0.07304754853248596,16487,4.372691390057356,1.4030881155339356,3.116476678579977,0.1949303299188614
461,17,0.22036607563495636,12020,12.470270432254141,5.066751631136671,2.4611963127654057,0.3570597171783447
462,17,0.05441531911492348,25488,2.27656157002135,0.7022711759984676,3.241712956225725,0.14847801625728607
463,17,0.04873315617442131,14183,2.879160151679473,0.8512707003905534,3.3821910590311224,0.14868871867656708
464,17,0.11376729607582092,6259,15.415430517729922,3.6595756181731365,4.212354689755285,0.21454422175884247
465,17,1.2339063882827759,16409,26.178492633512523,11.345799402656727,2.307329056723872,0.8787717223167419
466,17,0.21196934580802917,7570,29.31272592031344,5.989542512324085,4.89398411648213,0.33937084674835205
467,17,0.20150601863861084,8116,10.804195676972144,4.948734972782303,2.183223740287626,0.38019099831581116
468,17,0.14868877828121185,19818,4.708190420686845,1.6057260170874854,2.932125636989909,0.2895044684410095
469,17,0.22658218443393707,6945,27.337829716237728,9.583176643997001,2.852689742848429,0.38640475273132324
470,17,0.1826222985982895,20503,24.536642271618295,4.98837178917883,4.918767747993483,0.3213878273963928
471,17,0.03534598648548126,12520,0.4343263777275719,0.7064478785762076,0.6148031452827194,0.08130514621734619
472,18,0.1821282058954239,17256,15.746027369795666,4.622706742680358,3.4062354041222025,0.34086525440216064
473,18,5.442228317260742,7511,229.87123603502297,53.24195799270209,4.317482765500984,1.3374313116073608
474,18,0.03115340881049633,3365,1.9412712802448397,0.9599715236808609,2.0222175682871466,0.04122639447450638
475,18,0.1981530338525772,3582,24.52374984868581,4.493745043180659,5.457307794062682,0.3285207450389862
476,18,0.09672214090824127,20535,7.422586314598748,1.3724119697920345,5.408424349226642,0.22961030900478363
477,18,0.03131970763206482,6419,3.043725836500474,0.8965275248172705,3.395016608237933,0.10734108090400696
478,18,0.02507791295647621,3699,2.500584438675527,1.075916433683982,2.3241437349470524,0.0759143978357315
479,18,0.025037536397576332,12409,1.5403726491023875,0.7706519492430347,1.9987916083433055,0.08349261432886124
480,18,0.05853961780667305,4660,0.7985655485975361,1.2178330049689974,0.6557266434220261,0.08380204439163208
481,18,0.08108000457286835,17693,11.184477157959924,2.3232149074342794,4.814224083258429,0.1640736162662506
482,18,0.04209502786397934,7614,5.477857928996331,1.8520547645315832,2.9577191959433327,0.14127561450004578
483,18,0.03139873221516609,8306,1.7540807828324945,0.7190192969030634,2.4395461851791387,0.0649261623620987
484,18,0.018644800409674644,8260,2.074755123350743,0.6127512365007834,3.3859664407951047,0.059349387884140015
485,18,0.3003831207752228,29103,14.654434709843233,5.169762281344932,2.834643821577807,0.39969900250434875
486,18,0.023994626477360725,15752,0.9981583087028313,0.5995945838238151,1.6647220232303923,0.052685678005218506
487,18,0.0816461369395256,13573,6.673239360748903,3.498158615131295,1.907643447578929,0.19985893368721008
488,18,0.05085322633385658,18598,3.9966380773136088,1.8265358887817358,2.188097207319097,0.10624445229768753
489,18,0.22516605257987976,2063,15.449460234368704,8.736204387142187,1.7684407953075383,0.37600117921829224
490,18,0.029793668538331985,13810,1.6690763775850272,0.7131658088199226,2.340376328955691,0.0885961577296257
491,18,0.010076619684696198,16302,0.7812593840990774,0.24937378996345594,3.1328849122854203,0.04854104667901993
492,18,0.42362844944000244,24974,41.05489637792308,7.820203137974215,5.249850375185125,0.5036286115646362
493,18,0.09206803888082504,10718,9.445437295628343,3.4085973688856015,2.771062778445329,0.19204778969287872
494,18,0.0634731650352478,31193,3.005285058236323,1.1686274456816592,2.5716365547796727,0.15348944067955017
495,18,5.19406270980835,9886,69.90187039254482,31.554112259209436,2.2153014421168176,1.3406651020050049
496,18,0.534262478351593,17259,54.29462000714161,10.075091744514905,5.388995096416404,0.5346808433532715
497,18,2.0129036903381348,11496,78.233633846606,31.680548472364983,2.469453264511721,1.009150505065918
498,18,0.09164010733366013,77313,7.012136020837575,1.7936376153254212,3.909449690907295,0.18596111238002777
499,18,1.6622148752212524,21626,69.32194621159924,18.785344558884248,3.690214251556583,1.0162038803100586
500,19,0.019372552633285522,38410,1.7468969899881008,0.48180556836078847,3.6257301797648664,0.08668811619281769
501,19,0.7764555811882019,2836,100.5971817137675,16.203307624835514,6.208434971608614,0.7090821266174316
502,19,4.04763650894165,5898,106.88225943913291,34.61373893802455,3.0878565193578518,1.3694120645523071
503,19,0.46583518385887146,6586,18.491681677444173,5.004389649232711,3.6950923036689765,0.4888237714767456
504,19,0.046754807233810425,2357,3.9885259809151337,1.4703985173152738,2.712547607974244,0.15224380791187286
505,19,0.04437599331140518,18739,2.223948661075671,0.8312068762227903,2.675565764300662,0.11583346873521805
506,19,0.15361638367176056,3723,18.262482019511825,5.168597099291617,3.5333537647984326,0.3079064190387726
507,19,0.02628004550933838,7064,1.444331480565412,0.44558339980381806,3.2414391586358073,0.0825653150677681
508,19,0.2130136489868164,14786,9.554944612753067,2.953597197481622,3.23501952835574,0.3397463858127594
509,19,0.03803369402885437,9725,2.3602608539809684,0.8024636447869533,2.9412682671806953,0.10647697001695633
510,19,0.0379694439470768,33604,1.1310624383386634,0.3733665840671632,3.029361722773167,0.11960795521736145
511,19,0.0010090797441080213,9258,0.04971795851956847,0.042248086040315776,1.1768097250831118,0.0017213548999279737
512,19,0.18429312109947205,21673,19.26654768294594,4.686214642876367,4.111324203262733,0.3171454071998596
513,19,0.46334490180015564,22911,38.08412415556652,9.799386647160444,3.886378354771645,0.5707698464393616
514,19,0.5650694370269775,8274,32.838683749384174,9.367478129318943,3.505605595875374,0.5727686285972595
515,19,0.11424517631530762,8850,7.678561340530899,4.60845710682132,1.6661891740651382,0.21772755682468414
516,19,0.21964627504348755,11786,15.173264853311162,3.2146925265260142,4.719973909823209,0.337274432182312
517,19,0.09668916463851929,21008,10.649721355106916,2.8396579717490527,3.7503535499888385,0.1966404914855957
518,19,1.6283739805221558,11745,89.43977111026501,15.16672571693922,5.897104805578883,0.8668652772903442
519,19,0.06624992191791534,15699,7.2133213785399635,1.6516180055317902,4.367427186174954,0.17494593560695648
520,19,0.03420879319310188,24802,0.6966892285699092,0.5639396693248363,1.2353967391631961,0.11450307071208954
521,19,0.36761459708213806,42359,28.375382878756724,8.00908266802447,3.542900486224134,0.4632013142108917
522,19,0.07511265575885773,17764,11.339606250744842,2.05477377139548,5.518664102393198,0.1756609082221985
523,19,0.06238942965865135,19488,8.472733690288113,1.8546637717310028,4.568339458302858,0.15419217944145203
524,19,0.00528905913233757,18273,0.5329966162670311,0.19116092036545584,2.7882090923462575,0.03125380352139473
525,19,0.0028631773311644793,715,0.5545117543084078,0.14760191895666075,3.756805861497425,0.006659417413175106
526,19,0.8105283379554749,19787,15.778854822885386,9.078285230783758,1.7380875817140864,0.646806001663208
527,19,1.5508713722229004,20435,68.63975535814683,15.84226616114821,4.332698028169453,0.8987509608268738
528,20,0.35840776562690735,5437,64.46612936992871,7.40058727289107,8.71094779276024,0.4877960681915283
529,20,0.04528093338012695,17440,4.480037917932007,1.08189922386419,4.140901314196933,0.1585671305656433
530,20,0.1089627742767334,13765,7.292773644121649,3.5912169457520013,2.0307248919467633,0.24292264878749847
531,20,1.2077877521514893,1801,76.63647574142045,20.195327606061284,3.794762691466096,0.8725274205207825
532,20,1.5374600887298584,22123,30.67733689589114,14.970846813537886,2.049138387292033,0.8783727288246155
533,20,0.6075724959373474,14547,10.972602711032003,5.1449902180021185,2.1326770792755183,0.5981898903846741
534,20,0.1844959706068039,24396,14.295060506448626,3.92882240912528,3.6385102246521916,0.3280166983604431
535,20,0.047086283564567566,22194,1.701672065507748,0.7623468828582621,2.232149306002863,0.12666624784469604
536,20,0.6006733179092407,18669,21.274834695217493,6.463221015657292,3.2916768038220345,0.6034735441207886
537,20,1.509450078010559,2898,70.99194634121842,23.37272508129973,3.0373842200375383,1.024399757385254
538,20,0.052076611667871475,31259,1.4807623016096068,0.529464501706808,2.7967168654996724,0.16734406352043152
539,20,2.7837696075439453,1160,54.10665194927272,28.929504636341747,1.8702930668678348,1.2941571474075317
540,20,0.0676395520567894,7431,7.17613077325215,2.7054608876286066,2.6524614737785126,0.12629187107086182
541,20,0.04126185551285744,26991,1.8223340511256074,0.7828603148479334,2.3277895386449097,0.11312346160411835
542,20,1.2094542980194092,7911,54.523123499095625,20.91697367986964,2.606644935044582,0.927767276763916
543,20,0.18410779535770416,22240,11.08974055517666,4.643757363709548,2.388096467278711,0.3207816779613495
544,20,0.04661033675074577,26488,2.612054602515634,0.841542104480379,3.1038905701876636,0.13295556604862213
545,20,0.0807177796959877,22713,3.9169898745336447,1.2888700205916597,3.0390883579808143,0.22266007959842682
546,20,0.16459979116916656,3815,17.75145962584067,5.125283834934698,3.4635076217322083,0.26920828223228455
547,20,0.1240970566868782,19854,6.872579807504727,3.763993796919346,1.8258743712935415,0.20840750634670258
548,20,0.0749850869178772,10318,8.098704820859728,2.6369041912069973,3.071292786390398,0.13747838139533997
549,20,0.023787980899214745,9020,0.45213451322952963,0.4497558489597008,1.005288790072048,0.0797107070684433
550,20,0.011278352700173855,12622,0.8566667711937246,0.4822546929026307,1.776378299267091,0.04097241908311844
551,20,0.01510171964764595,12769,1.1175108755040601,0.4878885295827391,2.290504506136899,0.04484865069389343
552,20,0.41156667470932007,9361,45.17829803437892,9.587520420110106,4.7121983635739015,0.5471756458282471
553,20,0.0027500945143401623,29664,0.3207124213896267,0.18207412285712452,1.7614387830363551,0.024429159238934517
554,20,0.1199634000658989,9953,12.765168386119294,5.686131121464051,2.2449655334065364,0.2346106916666031
555,20,0.055923111736774445,18818,2.762459619152558,1.0795359347463653,2.5589325285397124,0.13246911764144897
556,21,0.056762997061014175,13272,6.409906897382916,1.4910049837067068,4.299051289180332,0.13638772070407867
557,21,0.0681200698018074,24241,4.312743470327241,1.463415365507492,2.9470398985654325,0.14163702726364136
558,21,0.05416778847575188,21673,4.229147524235655,1.3583426764434932,3.1134614244069754,0.15081992745399475
559,21,0.02345234341919422,8292,2.281061243062243,0.912822424278071,2.498910173973629,0.062127698212862015
560,21,0.4042304456233978,25619,25.584509740703595,7.437655178679925,3.439862312256459,0.5334697961807251
561,21,0.22330132126808167,21186,20.610014679234915,4.19604800203776,4.911768089693206,0.3651852607727051
562,21,0.23361098766326904,2345,58.89861729396979,10.191917198421068,5.778953669589131,0.34898754954338074
563,21,1.0910308361053467,4190,25.516557890178984,10.811924034578855,2.3600385841196436,0.6239033937454224
564,21,0.7428454756736755,19160,64.73037528377904,12.169172920188682,5.319209095663839,0.687473475933075
565,21,0.5650213956832886,8687,50.12470289034478,8.289689278681633,6.046632292870501,0.5887492895126343
566,21,0.04589395225048065,30222,6.2407677173297404,1.1622974805697683,5.369337731219285,0.10898606479167938
567,21,0.17260676622390747,6824,34.67338007944041,5.2711216028343015,6.577989030036763,0.28040239214897156
568,21,0.03718609735369682,10854,3.3244108151323326,1.079997170564555,3.0781662264832232,0.09204462915658951
569,21,0.04631328955292702,21339,2.943119922763728,0.9559463347456857,3.078750151328965,0.14259640872478485
570,21,0.039796002209186554,17604,4.04726263715877,0.8797229597145084,4.6006104449832765,0.1306203454732895
571,21,2.8293871879577637,13264,30.078191964229458,24.60514312681086,1.2224351554961572,1.142518162727356
572,21,0.3630703389644623,20840,21.117587081173834,4.169415854858878,5.06487906610686,0.4516426622867584
573,21,0.11090759932994843,15033,12.314674766297182,2.630326686393497,4.6818042906972295,0.27227506041526794
574,21,0.03946170210838318,19134,3.1722497577743347,1.1306516689785995,2.805682638435633,0.12968799471855164
575,21,0.345230370759964,20454,20.759048878795724,7.6229905372117,2.723215879313704,0.4436267614364624
576,21,3.349522113800049,2151,134.23610554264363,26.481485894603136,5.069054889023262,1.1008483171463013
577,21,0.007753689307719469,2049,0.8418769532835731,0.29090082782657983,2.8940342300523225,0.046807922422885895
578,21,0.08375311642885208,18326,13.136274454465815,3.3075329229604478,3.971623188773601,0.18763819336891174
579,21,0.4876871407032013,18204,9.363033541259384,4.46297755936641,2.097934263999866,0.5013932585716248
580,21,0.020459963008761406,33282,0.8782076623643935,0.27399164050249236,3.205235242763546,0.07957074046134949
581,21,0.030606120824813843,33580,3.3200825690163738,1.3590909532471565,2.442870038301373,0.10295074433088303
582,21,3.20880126953125,5354,107.29966798645405,33.46242384569708,3.206571899311127,1.3324377536773682
583,22,0.845639169216156,7496,18.63725788822628,6.300104564407328,2.9582458033339942,0.6078763008117676
584,22,0.024222254753112793,2510,6.241492623055185,2.1603536909613985,2.8891068389244694,0.08203618228435516
585,22,0.04311571642756462,34103,4.390127350649008,0.849951553496017,5.165150098951393,0.13569669425487518
586,22,0.07515834271907806,6559,5.080470086524742,2.162837518164737,2.348983704903268,0.17439775168895721
587,22,0.036302775144577026,20166,3.4510417194797194,1.0720218845570024,3.2191896165464877,0.09087451547384262
588,22,0.06349970400333405,15071,7.594994462636957,2.652150961974719,2.8637112183761473,0.17344233393669128
589,22,0.06290961802005768,11531,3.2176313215488013,1.481376405995525,2.172055197128844,0.11859630793333054
590,22,0.06603310257196426,13536,5.479578947891053,2.04071541224834,2.685126458593896,0.14009226858615875
591,22,0.093848317861557,4752,5.578327421053554,3.0224103002915075,1.8456552442643825,0.1708628088235855
592,22,0.021425453945994377,20602,0.9300829262843643,0.4047857492291572,2.297716577357886,0.07303418964147568
593,22,0.198675274848938,48882,14.868282564443453,3.805816782239934,3.906725787174846,0.36671051383018494
594,22,0.12128087133169174,12023,3.7618020306944526,1.5824933647228439,2.37713605285853,0.26434025168418884
595,22,0.05012483149766922,5136,1.7604343104946756,1.123131810395711,1.5674333984653654,0.1016574278473854
596,22,0.252609521150589,11197,25.861947568420213,7.68038018691914,3.3672743977523,0.3869532346725464
597,22,0.11095435917377472,8810,12.679071342098348,2.9379681984988797,4.315591757791066,0.23124465346336365
598,22,0.3267849087715149,7722,23.03658801140821,6.323371105325337,3.6430865163051878,0.42295724153518677
599,22,0.25744399428367615,8751,25.087001933590525,6.964846782063787,3.601945989421073,0.3549516201019287
600,22,0.09980884939432144,17313,9.728809902887072,2.534945733139048,3.837876991092805,0.2111489623785019
601,22,0.2910885214805603,19923,40.58955785706049,6.851574713091142,5.924121031549296,0.4313580095767975
602,22,0.00764869200065732,14908,0.4893169253157088,0.2546170074141278,1.921776279924326,0.04885226488113403
603,22,0.005280898418277502,7713,0.3241007831552768,0.1638634132617265,1.9778715498598674,0.03408125787973404
604,22,0.0737876147031784,26915,2.339994753645519,0.8110293276737143,2.8852159518749714,0.19725273549556732
605,22,0.062447309494018555,19284,3.2397154426428774,1.361522689476942,2.3794795839099114,0.16319364309310913
606,22,0.5429127216339111,27265,36.56375865889653,10.002915639192027,3.655310109347905,0.6222828030586243
607,22,0.024438530206680298,24985,2.9643869563295686,0.7406046878418809,4.002657564812043,0.0625242292881012
608,22,0.012216133996844292,4397,0.3534660936932492,0.3504594387232771,1.008579181031382,0.03203843533992767
609,22,0.033629290759563446,13543,1.889493998049742,0.824812940240681,2.290815172584581,0.10522297769784927
610,22,0.3842436671257019,13866,34.69636007341877,9.566322922683668,3.6269275408990347,0.529801070690155
611,23,0.0505923368036747,15295,2.5719487973427397,1.1350946286626102,2.2658452717468958,0.1345987766981125
612,23,2.613970994949341,16720,61.320881339753626,29.861769408675144,2.0534912215194203,1.1572279930114746
613,23,0.016804074868559837,32200,1.6566579064512426,0.6435798473709242,2.5741295555108668,0.0663505271077156
614,23,0.11221810430288315,18260,6.092646259223882,2.3087276172579747,2.638962783516812,0.23535706102848053
615,23,1.2258563041687012,5354,64.23791532754619,22.33651562070966,2.875914776429324,0.8783295750617981
616,23,0.22053904831409454,9931,25.685879472915268,4.734662404860615,5.42507095047382,0.3612021207809448
617,23,0.3740689754486084,9709,32.668725188917605,8.60623788047557,3.7959356507013697,0.4955046474933624
618,23,0.34463953971862793,8556,42.48542086797922,9.204399591051166,4.615773190603371,0.4603218138217926
619,23,0.06521012634038925,14093,2.875269338190125,1.7876656024895008,1.608393277906349,0.1798030138015747
620,23,0.17054718732833862,38226,19.590067686290084,3.3962980446215916,5.7680649427417965,0.3310477137565613
621,23,0.02486272156238556,2732,1.6123475705088257,0.6630288418390041,2.4317910002743175,0.09018732607364655
622,23,0.05033029988408089,6363,2.6155319215577566,1.494192997598261,1.7504645823934157,0.11739297211170197
623,23,0.7072727084159851,23140,43.42536504284278,14.452550460166124,3.0046852396418218,0.6910138130187988
624,23,0.07891364395618439,20345,5.771866064473369,2.2194512965591264,2.6005824382896097,0.1734999716281891
625,23,0.08316995948553085,14214,3.998459519344468,2.014725071601746,1.9846179390439753,0.15657687187194824
626,23,0.06673641502857208,27150,7.1607899486896125,1.9516647648114567,3.6690675969536812,0.14278806746006012
627,23,0.021143324673175812,19035,2.927889096458783,0.5211111485101892,5.618550101688941,0.08312904089689255
628,23,0.018114153295755386,16481,2.3877204753281136,0.772946551423937,3.0891145978028107,0.05444847792387009
629,23,0.17218254506587982,21543,10.560919829694642,3.7655163480447356,2.8046405468869233,0.33167368173599243
630,23,1.7138919830322266,1378,128.10081326591876,23.21858308051093,5.517167555906447,1.0422881841659546
631,23,0.057911474257707596,42907,5.502739310844255,1.4855061134289047,3.7042858734111213,0.17474870383739471
632,23,0.4749631881713867,7729,27.85539616848722,9.029796253351668,3.0848310844383455,0.5830284357070923
633,23,0.01690504513680935,7280,1.1672835365431153,0.3771666949834233,3.0948743673969497,0.06539631634950638
634,23,0.21441131830215454,9630,12.083231607651536,4.667321976243662,2.5889003735229195,0.3562305271625519
635,23,0.07573191076517105,7089,4.306362041037455,1.6850892528755714,2.555569109283783,0.17954210937023163
636,23,0.03201369568705559,10012,3.055104883270847,0.9407625882525182,3.247477016430369,0.10052812844514847
637,23,0.01276332512497902,13887,1.6201277830805978,0.5330986434425513,3.0390769194522433,0.06625954806804657
638,23,0.02021787129342556,6257,0.8863898856385165,0.4228774936785327,2.096091418642027,0.04909733310341835
639,24,0.1505991816520691,17826,21.47303464909197,5.471184999011101,3.9247502420351768,0.2668485939502716
640,24,0.011042410507798195,30417,0.8748842912192886,0.3183777838194329,2.74794390714375,0.0538099929690361
641,24,0.5174233913421631,11262,12.768022552555227,4.036108048171489,3.1634491446125845,0.4648503363132477
642,24,0.1545145958662033,3060,23.179965293675323,6.418350664440415,3.6115143134973384,0.26733964681625366
643,24,0.03861997276544571,15013,2.4336390116139093,0.923008783823541,2.636636892587288,0.12755583226680756
644,24,0.05260538309812546,14039,8.804868599791277,1.7318908926455316,5.0839626428986,0.11116756498813629
645,24,0.5366855263710022,15888,106.58166983001585,18.132328364665664,5.877991380175141,0.6223093271255493
646,24,0.18196910619735718,4297,35.96214508210687,4.422573060094809,8.131498246255722,0.3262949287891388
647,24,0.22149041295051575,7270,12.564418968797794,3.363075659287419,3.7359905757981826,0.341660737991333
648,24,0.18073807656764984,35243,11.884567743064773,3.3679666845771994,3.528707037834961,0.3089558184146881
649,24,0.07542543858289719,8450,5.652118839200883,2.248606027735451,2.5136101075431885,0.14573973417282104
650,24,0.10121122747659683,46041,16.185972870779523,2.7156782478016575,5.960195352257254,0.23053914308547974
651,24,0.15128476917743683,14189,39.65846471112092,5.711211319978767,6.943967310819348,0.28044551610946655
652,24,0.01946423389017582,15780,1.004916502867133,0.42788602451028024,2.34856117120189,0.05307557061314583
653,24,0.002980257384479046,4989,1.30452453143729,0.3501971660569177,3.72511447228999,0.015780501067638397
654,24,0.9683172702789307,7284,112.51269025649475,21.557632887276462,5.219157912411418,0.8455727100372314
655,24,0.0788022130727768,6476,11.713881150019764,2.873857107301313,4.076013772659551,0.1830672025680542
656,24,2.8857312202453613,11666,111.23891272005211,31.92480990097801,3.4844032921442976,1.084546685218811
657,24,1.2483428716659546,4072,103.08674953499948,21.222505240593016,4.857426037422625,0.9135906100273132
658,24,0.8981479406356812,16631,118.1240988722751,21.152721719218167,5.584345146702736,0.8084424138069153
659,24,0.3573273718357086,13624,16.93674864282721,7.531267740551333,2.2488575929429238,0.5012355446815491
660,24,2.346079111099243,5014,36.824177106021175,19.446394824391916,1.8936248820696648,0.9722336530685425
661,24,0.0061646862886846066,7216,0.5490668106997243,0.2612869828906259,2.101393665399171,0.017796045169234276
662,24,0.3101414740085602,26389,19.554433116107244,5.310395895842433,3.6822929023828412,0.4149574637413025
663,24,0.22274230420589447,32059,13.26801385477838,2.925689613803509,4.535003915717811,0.3707778751850128
664,24,0.031336113810539246,19355,1.078776121476016,0.6045518877931426,1.7844227158270867,0.10032717883586884
665,24,0.057542700320482254,9343,4.941014644503809,1.648878860778632,2.9965904482319403,0.15521308779716492
666,24,0.032963331788778305,14220,3.2880292343183695,1.2429494280886328,2.645344339851339,0.10095219314098358
667,25,0.05474357679486275,38922,4.305944795687836,0.7742835096927407,5.56119914963836,0.16461926698684692
668,25,3.5439956188201904,13406,38.5823585162062,30.393486917767863,1.2694285002768109,1.2043086290359497
669,25,0.07350523769855499,23056,4.723704585362732,1.9033365136973301,2.4818021150575253,0.19183681905269623
670,25,0.026367010548710823,9850,1.4255739662318128,0.8599820574881126,1.657678731570351,0.051287341862916946
671,25,0.1463450789451599,14915,10.280568758310274,4.6411433141736795,2.215094010760673,0.28015828132629395
672,25,0.10543856024742126,11711,6.813622618405913,2.9979479712453387,2.272762130549344,0.19689606130123138
673,25,0.0350896380841732,37586,1.8790434154803657,0.7815055374551996,2.404389125119512,0.11826497316360474
674,25,0.028260232880711555,11623,2.227793570717398,1.613978324733519,1.3803119512672788,0.0623122937977314
675,25,0.15036864578723907,15113,5.959408465227742,3.2392093274083718,1.8397725688181779,0.27940142154693604
676,25,0.3667686879634857,12636,24.57323238811714,7.8306733365143275,3.138073998506532,0.5229672789573669
677,25,0.44242915511131287,4740,19.002360950165663,8.115428300767933,2.3415105458285175,0.5675140619277954
678,25,0.05239006131887436,17616,4.754105650738257,1.874830713363741,2.5357519571492984,0.15793904662132263
679,25,0.3234318494796753,13183,35.21992324189018,6.614885051114337,5.324343956052833,0.4787847399711609
680,25,0.10377070307731628,3553,9.646132616276551,1.8615185983304647,5.1818620694537625,0.22559627890586853
681,25,0.08271197229623795,9005,10.67460416466829,3.657881262064685,2.9182478598663177,0.21556337177753448
682,25,0.04517512395977974,7005,4.0150656700240965,1.3521387116636878,2.969418474145261,0.14080984890460968
683,25,0.3900652825832367,2274,24.97112834809569,11.13363878580157,2.242854185276646,0.5199334025382996
684,25,0.06705979257822037,24427,0.9724825355419318,0.8757483637875291,1.1104588666713873,0.17381207644939423
685,25,1.1791306734085083,18568,28.510870750938704,12.268732485542309,2.3238644077156376,0.787244975566864
686,25,0.001344783348031342,19243,0.07761649102189157,0.05164569687797346,1.502864627885225,0.005278746131807566
687,25,0.015370756387710571,24721,0.7590196570872731,0.35035366278967756,2.166438481166265,0.05342335253953934
688,25,0.36504337191581726,10354,18.138796271416748,5.2355671975658895,3.464533179871388,0.420032799243927
689,25,0.11045081913471222,9483,16.16108297817275,4.446199707429042,3.63480816013864,0.21520234644412994
690,25,0.16481541097164154,5384,54.70986149969504,7.960798161905537,6.8724090709256895,0.2821241021156311
691,25,0.016997283324599266,8193,0.7646368228036386,0.7013431027248007,1.0902464426210854,0.05974828824400902
692,25,0.4175001084804535,28102,57.94347494812815,8.52180202542894,6.79943922367814,0.5172737240791321
693,25,0.5098865628242493,26863,23.685764541071652,5.048079379122935,4.6920348834098915,0.5023519396781921
694,26,0.18861763179302216,9253,2.7009056550395685,2.3849249970780515,1.1324908155801612,0.2906520664691925
695,26,0.031056998297572136,26396,1.4258509788709708,0.6393395748669012,2.2301935230046985,0.09663814306259155
696,26,0.005459330044686794,6370,0.2265074103899698,0.1292815579571063,1.7520473450928673,0.03652067109942436
697,26,0.05256150662899017,27527,3.713253928545617,1.0582054776314969,3.509010307575812,0.1508571356534958
698,26,0.06294772028923035,18054,8.687504830122869,1.876657510866151,4.62924363119865,0.19257842004299164
699,26,0.0493890680372715,13999,4.265174255032011,1.4773390482730018,2.887065267796908,0.12405534833669662
700,26,0.11754171550273895,3933,23.477146155393612,4.436570134509962,5.291733353378278,0.2760058045387268
701,26,0.020361049100756645,6796,1.3533557615801364,0.5858985294122327,2.309880796143146,0.0720633789896965
702,26,0.010032771155238152,20505,0.5731717379952006,0.20345129227728462,2.817243044154299,0.039899446070194244
703,26,0.018873181194067,10415,3.2183144283947716,0.6835075607691841,4.708527912651527,0.04641977325081825
704,26,0.12221773713827133,10829,29.609413134877425,3.2348876850743813,9.153150284470371,0.2772127091884613
705,26,0.10473997890949249,6881,16.541040416687775,3.1410968525905547,5.2660077651030175,0.21710620820522308
706,26,0.49827346205711365,6316,48.91974154962965,7.5522326051454405,6.477520503843257,0.5659457445144653
707,26,0.1226448118686676,12895,18.500252386901128,4.486721979832605,4.123333799164269,0.2344783991575241
708,26,0.8289516568183899,8017,37.394658356966694,9.764041384434185,3.829834070201439,0.6622774600982666
709,26,0.038377467542886734,11008,3.7925347532692375,1.2912047756041294,2.937206262648655,0.12261013686656952
710,26,0.6176287531852722,11594,23.972571912549178,7.361515650581627,3.2564723149983212,0.5937113761901855
711,26,0.0673752948641777,8907,5.4666695261414775,2.454138266297609,2.2275311873061012,0.1666933000087738
712,26,0.055186688899993896,65574,9.30008479254145,1.97185981709678,4.716402612346696,0.11867819726467133
713,26,0.12538397312164307,23472,7.433448521479047,1.8279995891089778,4.06643883607122,0.2546719014644623
714,26,1.2670042514801025,28914,33.05394058629206,19.216867275058647,1.7200483363482806,0.8892127275466919
715,26,0.06680203974246979,6802,6.134023442353032,2.1201121482692606,2.893254230611153,0.18673452734947205
716,26,0.40866681933403015,17602,31.952077267414026,9.681988058059677,3.300156649213436,0.5048903226852417
717,26,0.16150985658168793,13191,4.405352128987968,1.7165087835148534,2.566460580507295,0.2854103744029999
718,26,0.04651811718940735,6998,5.139866178679993,1.3733771961898091,3.742501472236393,0.10385090857744217
719,26,3.0196382999420166,14419,99.7038632730223,30.0931527963899,3.3131743937770413,1.1042985916137695
720,26,1.0076085329055786,23575,35.73234239410384,17.398574548269117,2.053751144668147,0.7589643597602844
721,26,0.3971044719219208,15195,23.441955305729156,9.980816875666088,2.348701073043419,0.5016474723815918
722,27,0.13398633897304535,8159,19.170109624824924,5.871791218577441,3.264780526284789,0.22631558775901794
723,27,0.1668855845928192,19689,25.985056177183626,10.706152046223034,2.427114435232435,0.30622100830078125
724,27,0.013085845857858658,45100,1.3813693171963548,0.5423763074137561,2.5468835904368134,0.05470043420791626
725,27,0.14927791059017181,5214,6.618643824495914,5.994712275203933,1.1040803162266284,0.26394233107566833
726,27,0.06457702815532684,22808,4.49299181828728,1.925091993458501,2.3339101889947167,0.15453685820102692
727,27,0.056802213191986084,1663,5.116814193505953,2.2007765495216702,2.3250039603592407,0.10185208171606064
728,27,0.03774586692452431,29596,1.6877383311075793,0.6766840012470583,2.494130684329405,0.0969676598906517
729,27,0.34627264738082886,5168,17.631332666639842,7.4135733956285375,2.378250234500126,0.47236278653144836
730,27,0.11540032923221588,9663,5.708088593447988,2.6931423497204015,2.1194901168289433,0.2765774726867676
731,27,0.1331212967634201,9906,4.319125628117867,1.6536564803820077,2.6118638782327404,0.22601313889026642
732,27,0.1462656855583191,6802,7.925350713350347,5.101398956483438,1.5535641852273396,0.2834393382072449
733,27,0.05137411132454872,17463,3.202061769756574,1.272507585887002,2.516340024426698,0.11604360491037369
734,27,0.006167445331811905,7707,0.5179113790694572,0.24027248884079078,2.155516770005574,0.021014973521232605
735,27,0.04350633919239044,7843,2.799872300098019,2.106268141268012,1.3293047761768428,0.09351729601621628
736,27,1.0663360357284546,8543,97.63413749652152,18.455469232045306,5.290254952011104,0.8428044319152832
737,27,0.20508910715579987,6480,12.749278328621207,4.182736833640914,3.0480708769622487,0.38961735367774963
738,27,0.5404504537582397,14484,32.25536118536148,7.925965146093946,4.0695815072128365,0.6268364787101746
739,27,0.06662622839212418,45876,5.730661795916883,1.5152694960422708,3.781942295334925,0.21001961827278137
740,27,0.06971054524183273,16142,5.916850270751255,1.8335222032798704,3.2270404253429565,0.16099460422992706
741,27,0.019552217796444893,8978,2.361507841202548,0.5233923515189458,4.511926539133911,0.04632893204689026
742,27,0.15965034067630768,18746,5.754245351847904,3.5429318618430865,1.6241479024247547,0.2932117283344269
743,27,0.0170094296336174,1376,2.622878534365717,0.8321286003522952,3.152011039221734,0.053611792623996735
744,27,1.7268813848495483,10735,92.19287590262509,30.881042837727808,2.9854197731298364,0.9902075529098511
745,27,0.022011924535036087,13499,1.698807239031744,0.49519245677212087,3.4305999935901195,0.0818118080496788
746,27,0.09802897274494171,11384,10.487164599545327,3.340994924623159,3.1389346096432837,0.17686207592487335
747,27,0.046253304928541183,15354,3.426623529047831,0.8075162503132095,4.243411235024077,0.15642184019088745
748,27,0.14349700510501862,18210,16.93625492714863,4.181635002218076,4.050151416410336,0.2914837896823883
749,27,1.4640650749206543,33040,12.805961317443133,12.616047818569829,1.0150533274448081,0.8475418090820312
750,28,2.0972793102264404,1536,38.59452807921533,15.958791652753211,2.4183866121564774,0.9937176704406738
751,28,0.16589689254760742,8850,13.985834857465536,6.3131954515395305,2.2153337346862507,0.29660505056381226
752,28,0.1277489811182022,14670,10.840673532432314,2.884560032152073,3.7581722729274225,0.30035921931266785
753,28,0.08523479849100113,20036,15.762878965206921,3.4059516404769536,4.628039569873321,0.17466822266578674
754,28,0.11703399568796158,14524,4.642092899680958,1.5979331949036293,2.9050606836902313,0.26365232467651367
755,28,0.0265769325196743,14492,4.186527423935124,0.890554536202407,4.701034303618326,0.09086983650922775
756,28,0.0801943764090538,3594,16.896108578829978,2.895150222209083,5.836004104108948,0.17494933307170868
757,28,0.015368064865469933,14712,0.5084158614138526,0.4279944052347719,1.1879030547929208,0.04551667720079422
758,28,0.09847749769687653,7123,14.12631462529822,3.9032716095192455,3.619095988822181,0.20491240918636322
759,28,0.1653214693069458,8995,11.676708441166236,4.175226371863282,2.796664755677059,0.28331637382507324
760,28,1.1773782968521118,21343,9.236324201408076,10.533307070348163,0.8768684079673285,0.7461344003677368
761,28,0.10352227091789246,8964,27.878198825009367,2.8331223923440225,9.84009688403688,0.21590355038642883
762,28,0.692578911781311,28915,9.033380276981958,6.5002788337856465,1.389691197557396,0.6076446771621704
763,28,0.054419491440057755,40518,8.356752016202746,1.6561366537618782,5.0459314436496046,0.1607653796672821
764,28,0.18573488295078278,15091,4.035493022386871,2.243467724125848,1.7987747178121203,0.2678947150707245
765,28,0.8765397071838379,31782,21.951593029298934,9.385201232059387,2.3389581625922977,0.7434325218200684
766,28,0.091288723051548,24127,6.214096091503408,2.5081385602410315,2.477572886126258,0.23444314301013947
767,28,0.04535306617617607,7460,1.7868086431569585,1.3310121856173767,1.3424434895964703,0.07950983196496964
768,28,0.030467426404356956,19840,3.1867953250836836,1.0614848074578889,3.0022053096667682,0.11908438056707382
769,28,0.02169891446828842,42345,1.2685836776942534,0.4013936326051502,3.1604479360015043,0.09164977818727493
770,28,0.12390521168708801,20655,6.134449423265374,1.7788611503436045,3.448526278780666,0.2751329839229584
771,28,0.019354479387402534,6084,0.5815564977965763,0.46141161880427645,1.260385465156661,0.052661117166280746
772,28,0.01950806938111782,16207,2.3409535318799235,0.675151949961456,3.467298779200889,0.0630887821316719
773,28,0.9496687054634094,4183,17.47849369084233,10.996472971362717,1.5894636158665292,0.6257739067077637
774,28,0.01248357817530632,20232,0.6397173429460896,0.24945790980491583,2.5644299811691873,0.04482128471136093
775,28,1.0438873767852783,14030,130.9954302041996,25.596402051678517,5.117728262734657,0.8517219424247742
776,28,0.007308227941393852,7290,0.4002304128785131,0.17420289082615845,2.297495816390417,0.0471636988222599
777,29,0.25077563524246216,17986,14.092565516342207,3.5625642471616334,3.955736525331741,0.4003855884075165
778,29,0.04531411826610565,10969,1.4058583879952746,0.4695867135181908,2.9938206246498087,0.1438385248184204
779,29,0.035850729793310165,21463,5.031674195409484,0.837503760907088,6.007942209063926,0.12320218980312347
780,29,0.41887104511260986,12425,27.353739246805475,8.244868547840921,3.3176683276491126,0.468580424785614
781,29,0.0609850212931633,11847,4.774165471036208,1.285080819986155,3.715070209423815,0.19138841331005096
782,29,0.019735338166356087,36540,2.0139801647799453,0.5020025401079684,4.0118923787572385,0.08818170428276062
783,29,0.03780977055430412,21140,3.9912848898597857,1.9707877947907566,2.025223060751462,0.11177437007427216
784,29,0.2702738642692566,15453,50.73217340080945,9.764140234415285,5.1957645202585825,0.40286266803741455
785,29,0.02403814159333706,4048,1.7360437286877237,0.43359307857156976,4.003854799534502,0.10425179451704025
786,29,0.3664131462574005,11526,18.463013663420103,5.435840983714504,3.396533069810344,0.46171361207962036
787,29,0.2492431104183197,11745,23.715376180510262,4.745418301931255,4.997531233622493,0.3742583096027374
788,29,0.13920602202415466,15225,19.6242356850148,5.936010426072853,3.305963816844995,0.2577698826789856
789,29,0.005730563309043646,4613,0.9015072665174364,0.4397494501499567,2.050047512755202,0.01893099583685398
790,29,0.8965811133384705,31595,12.030539751767456,8.884065400729082,1.3541705524566265,0.7379195094108582
791,29,1.0654951333999634,18966,120.59694055130586,19.16251690694842,6.293376863640003,0.7871937155723572
792,29,0.05013575777411461,3998,12.30082528672097,1.9832045322600653,6.202499584194028,0.15451200306415558
793,29,0.01808040589094162,34063,2.0409551146089395,0.6731315790242455,3.032029959973687,0.07376515120267868
794,29,0.6539401412010193,36380,2.732324583492799,5.8076509695112435,0.4704698333003083,0.5876397490501404
795,29,0.09632816910743713,15393,3.7357133199025157,1.1968154451794815,3.121377932534255,0.2462819218635559
796,29,1.5207966566085815,13933,10.494426883145309,14.085615409686026,0.7450456780133321,0.8918883800506592
797,29,0.2248789668083191,27361,90.65710099569012,9.594368202539426,9.448991229217745,0.3490443229675293
798,29,0.001349058118648827,1562,0.303444650567937,0.11734294450230659,2.5859641740913215,0.013256805948913097
799,29,0.20655298233032227,7927,28.009201717642387,16.481334511695685,1.6994498654077108,0.3328622281551361
800,29,0.06869611889123917,7673,2.486665161975024,2.232631200471214,1.1137823217059228,0.16790272295475006
801,29,0.12778809666633606,14999,37.76517408968026,5.147402808021358,7.3367434992307725,0.21581034362316132
802,29,0.5676632523536682,11937,13.788615985171932,9.329516554549688,1.4779561089310909,0.6406658887863159
803,29,0.0332917682826519,19613,2.927354539862635,0.8459732498752345,3.460339366866394,0.12426996231079102
804,30,0.40588876605033875,44153,13.209412796412806,4.426214793794082,2.9843587380645213,0.4863196015357971
805,30,0.48537251353263855,10934,9.961251526933056,5.226604150660406,1.9058744913123944,0.47598278522491455
806,30,0.030819112434983253,16060,2.2952086963409557,0.6998542420011961,3.2795524533432117,0.1027611717581749
807,30,0.005149479489773512,3611,0.678344188372666,0.3231747498637088,2.0990012018471194,0.03858011215925217
808,30,3.8034191131591797,12968,95.4517016284437,33.42303568343108,2.8558657128729767,1.060228705406189
809,30,0.008821283467113972,13820,0.6106879932159779,0.28560818088526846,2.138202033712609,0.049716636538505554
810,30,0.05029331520199776,19727,2.829950912913629,1.1487997421054863,2.463397935417808,0.12660644948482513
811,30,0.2913414537906647,7854,42.39202160895851,6.839184230257123,6.198403227888855,0.4438950717449188
812,30,0.007909375242888927,18074,0.3489945615877816,0.25270041667494525,1.381060491227131,0.02393990196287632
813,30,0.21929354965686798,22123,49.55529286344548,7.473858637973996,6.630483029429124,0.37104710936546326
814,30,0.2023545354604721,11926,23.355951881297013,5.897996393671854,3.9599806989289426,0.33442333340644836
815,30,0.2108510136604309,51244,13.944405388920567,4.074140216406457,3.422662119669663,0.3387452960014343
816,30,0.0808861181139946,20579,6.948572069759428,2.20942813507949,3.1449640562788836,0.20588786900043488
817,30,0.061056774109601974,12214,3.1603089473748476,1.1005347480875611,2.8716121438816526,0.17392179369926453
818,30,0.004700453951954842,14906,0.27799858102608915,0.13861074267478243,2.0056063163613658,0.025082917883992195
819,30,0.028949709609150887,5384,4.817758040988878,1.2277103819455928,3.9241812334844757,0.0676717460155487
820,30,0.001764893066138029,14969,0.11197393889389119,0.06782274000234245,1.6509792864218236,0.009313322603702545
821,30,0.1847178190946579,7055,19.120723869644266,5.826755901617309,3.2815385083033464,0.31728047132492065
822,30,0.015021401457488537,18122,0.597772424913533,0.3033404118151875,1.9706323378889585,0.04510994255542755
823,30,0.04838622361421585,20798,3.9016870322203525,1.4207922827711634,2.746134730270084,0.16105839610099792
824,30,0.09957974404096603,10010,18.929163542587162,5.002648756261947,3.783828220777892,0.22497472167015076
825,30,0.9796378016471863,2708,64.36314362908041,16.856710213893365,3.8182505846264267,0.7988709211349487
826,30,0.07954613119363785,15395,11.188189096390635,4.063117225743943,2.7535974166581823,0.2078557014465332
827,30,0.019442804157733917,13192,0.9726311860437623,0.5087821501439919,1.9116849633317199,0.062835194170475
828,30,0.010681011714041233,8676,1.0447043504424658,0.36136754567943924,2.8909744744103496,0.059202127158641815
829,30,0.03531379997730255,4752,3.5385355104427902,0.9402768227410276,3.7632912189877676,0.09183598309755325
830,30,0.2790614366531372,31462,30.034591060268898,6.551651001035539,4.58427823086381,0.4289984703063965
831,30,0.30636096000671387,3272,39.63043079408981,10.304205251564975,3.8460443893105682,0.41602590680122375
832,31,0.02358722873032093,12413,0.30440684377184674,0.609926715747962,0.49908757218160077,0.06638584285974503
833,31,0.017223695293068886,6765,3.591459655697069,0.7509015741824401,4.7828633993776934,0.0467718169093132
834,31,0.8447679877281189,19403,41.122061302702434,14.995238532083132,2.7423412581745064,0.8056913018226624
835,31,1.1653083562850952,11384,154.81554675044788,27.453782375662623,5.639133603961397,0.9317169189453125
836,31,0.6963724493980408,20532,54.33547863304768,12.273432820431085,4.427080787258899,0.6672800779342651
837,31,0.0007995108608156443,2510,0.08187759575049419,0.044041232288911,1.8591122794093748,0.00213575828820467
838,31,0.021555863320827484,16279,0.658560319190637,0.4200888875133111,1.5676689833129707,0.08875890076160431
839,31,0.03499763831496239,17397,2.5492406050942025,0.7826379280347114,3.25724132932372,0.10685935616493225
840,31,0.0862075537443161,9727,7.375266377441656,2.214858839649759,3.3299035791394247,0.2093072533607483
841,31,0.16648408770561218,19729,8.750468214316234,2.2744276582808007,3.847327560607801,0.32912203669548035
842,31,0.027315136045217514,37784,1.0750004923625642,0.6366345004749602,1.6885677599295565,0.10682345181703568
843,31,0.040553513914346695,6272,0.5796336773673516,1.2411955439072582,0.4669962603492836,0.09508846700191498
844,31,1.5234118700027466,16241,22.392829483032013,10.067971661140716,2.224164929809968,0.7514417171478271
845,31,0.002026665722951293,7337,0.21080161945702486,0.07771696922265917,2.7124271772663398,0.015633903443813324
846,31,0.17468026280403137,25482,21.090187777934137,5.956654466537892,3.5406095647157065,0.2920633554458618
847,31,0.03873436897993088,32498,2.5825050831072964,0.8631482305445998,2.9919601196133874,0.15145455300807953
848,31,0.030459845438599586,16308,1.000185114893312,1.0101085861265828,0.9901758371619094,0.06142673268914223
849,31,0.027888910844922066,19270,3.671771238769586,0.8905847817872293,4.122876691646288,0.08726039528846741
850,31,0.04707929491996765,26125,4.860233930150979,1.4905193731889612,3.260765353052248,0.16259339451789856
851,31,0.03290684521198273,26363,3.5654616509889547,0.6386012701481926,5.583236078055369,0.11916542053222656
852,31,0.057963039726018906,12453,11.39752850428214,2.5711184107022884,4.432906884737576,0.11664394289255142
853,31,0.24542753398418427,9138,28.701991590996727,7.43504678815667,3.860364622951995,0.40486958622932434
854,31,0.014066189527511597,3989,2.462319219314978,0.981180851915076,2.5095467512502876,0.08209583908319473
855,31,0.022749563679099083,15312,0.9529491012109492,0.40449007403230697,2.3559270360055375,0.06186328083276749
856,31,0.07537593692541122,4963,10.234928494699128,2.7411228478814063,3.733845238861109,0.19104397296905518
857,31,0.008927256800234318,7324,0.47648987451228486,0.2385297989676553,1.9976115209609486,0.02413981966674328
858,31,0.12334195524454117,8835,7.622731355968602,2.046416905514192,3.724916137774749,0.2767125368118286
859,31,0.10899583250284195,10375,4.83941298718401,1.7220637925584892,2.810240252477076,0.23971860110759735
860,32,0.04898190125823021,6140,1.5702619402135818,1.1849210724210268,1.325203827292819,0.09585994482040405
861,32,0.02020147629082203,5655,4.472216988529031,1.3415751178102986,3.3335568982713326,0.10315573215484619
862,32,0.04927903413772583,15031,4.938082503719561,1.7476598372205288,2.825539843937961,0.12119362503290176
863,32,0.048244986683130264,17295,5.406402585744448,1.0511809235998155,5.143170375680754,0.14013709127902985
864,32,0.13500098884105682,16089,26.944273909026837,3.0473155126860543,8.841970513669581,0.27530643343925476
865,32,0.3482392132282257,9465,62.79345171373852,13.131350889280666,4.781949111191069,0.4274974465370178
866,32,0.00520579656586051,7713,0.6858200224645621,0.20102296935509248,3.4116500450737006,0.028968805447220802
867,32,0.0035767951048910618,18451,0.3666510213783,0.08944016846932507,4.099399941313275,0.01751820370554924
868,32,0.033948082476854324,47087,2.290187520175646,0.6429614481671496,3.561935986520778,0.12638959288597107
869,32,0.009495255537331104,17872,0.8420801593270287,0.23124869144556207,3.6414483215426983,0.03366006538271904
870,32,0.09739270806312561,14214,15.482686864024476,2.5202262496819317,6.14337179686639,0.1805982142686844
871,32,0.02648478001356125,22611,6.064236736281227,0.8774960637351985,6.910842095930265,0.07726626843214035
872,32,0.0021259591449052095,7088,0.1033375756277493,0.05837768961281369,1.7701552821182036,0.008706212975084782
873,32,0.025823889300227165,9423,1.701103901080501,0.55804634177859,3.0483201370978277,0.09112571179866791
874,32,0.029737235978245735,15555,2.8850133914757756,0.9350600047044203,3.0853778120738524,0.12509390711784363
875,32,0.011972011998295784,19949,0.5388263240311951,0.2155294566871763,2.5000124452165173,0.0648857057094574
876,32,0.024005573242902756,14815,2.2643826992110965,0.5382010499753946,4.207317505810165,0.08673498034477234
877,32,0.016349030658602715,12751,0.5288453939078055,0.25271965708416466,2.092616775471441,0.06581853330135345
878,32,0.02247784286737442,8245,2.969826914564302,0.7348900614969333,4.041185301255641,0.08729425817728043
879,32,0.019908830523490906,15031,1.4022726821961629,0.4279378543115743,3.2768138365528077,0.052346497774124146
880,32,0.19672776758670807,3176,33.02653038069122,4.977391481719613,6.6353089769974085,0.38881561160087585
881,32,0.13226397335529327,33504,35.82930384018125,8.227047234598766,4.355062371527066,0.26598697900772095
882,32,0.016806907951831818,25875,4.811370320688056,1.0800883579689426,4.454608074594161,0.06813108175992966
883,32,0.06295036524534225,23567,14.585524272740374,1.798946846871909,8.107812800636239,0.1917896568775177
884,32,0.014919704757630825,15366,0.6342689096615045,0.20303604532511743,3.123922693838618,0.08368264138698578
885,32,0.49147048592567444,3169,115.10813530114129,16.914215239959777,6.805407975960476,0.520798921585083
886,32,0.02843119017779827,21970,1.4294917905508002,0.7301191991523746,1.95788823552154,0.059671398252248764
887,33,0.05500178411602974,26458,9.957449603805848,1.6661799459890194,5.976215010731797,0.14512887597084045
888,33,0.028840292245149612,13111,1.5027618413659478,0.46112024237282473,3.2589370478073194,0.11670659482479095
889,33,0.008417468518018723,11950,0.8435796636379339,0.3219573307522587,2.620159825726831,0.01606852374970913
890,33,0.23906458914279938,21763,26.21118549626115,6.024722122121056,4.350604885164218,0.3804079592227936
891,33,0.01761668361723423,29779,1.964494010483963,0.37449140730976926,5.245765248903937,0.06833753734827042
892,33,0.21861107647418976,9859,15.503241907540753,4.633371332695905,3.345995991760263,0.3199766278266907
893,33,0.023453811183571815,17616,2.1776577375821575,0.5672719552963361,3.838824953792641,0.10878065228462219
894,33,3.064903497695923,12262,122.28513522452802,32.43811508793088,3.769797810169999,1.1910343170166016
895,33,0.07976614683866501,7346,9.06298490082346,2.3131536375959953,3.9180211610321236,0.22605669498443604
896,33,2.0879859924316406,4405,76.69135203250737,30.646732983584307,2.502431566639877,0.9877241253852844
897,33,0.012707780115306377,10415,1.0016686703118551,0.47669384214726684,2.1012830075541538,0.03528233617544174
898,33,0.8418067097663879,8874,73.42570383983784,11.678952908277832,6.287010866170093,0.7426712512969971
899,33,0.3442171812057495,12176,52.49431005262893,12.698898527778363,4.133768762526566,0.4767673909664154
900,33,0.07688392698764801,6530,12.156292049863172,2.299629800510475,5.286195215925369,0.17687872052192688
901,33,0.11944111436605453,3139,24.99228762874738,4.910285970467401,5.089782505348324,0.2060251384973526
902,33,0.04988866671919823,8283,14.427466138409862,1.8225293712321253,7.916177575041341,0.12500448524951935
903,33,0.016741611063480377,52708,2.414701803053673,0.45106438047349207,5.353341801260288,0.07073865830898285
904,33,0.015523157082498074,41918,1.0533724463021565,0.30123645429172813,3.496829255859373,0.08013487607240677
905,33,0.03314989432692528,9916,3.453649696774929,1.085165318804399,3.1826023527704224,0.08400113880634308
906,33,0.025603169575333595,2357,3.347965755868418,1.1186770268030768,2.9927903010872994,0.11061221361160278
907,33,0.011048320680856705,7223,1.418376937417303,0.46848577383045037,3.027577392195478,0.06017852947115898
908,33,0.0419575572013855,14531,7.004186195959072,2.1452443972117,3.2649828639848955,0.13946324586868286
909,33,0.011326301842927933,27747,0.24944269378937362,0.22562401341224314,1.105568020069323,0.029219074174761772
910,33,0.5711584687232971,27004,65.69444614204893,16.687055362616196,3.9368507333666227,0.643623411655426
911,33,0.046685174107551575,23902,5.803967848433511,1.6249062958203857,3.571878491306861,0.14801934361457825
912,33,0.02363174967467785,6932,0.8323686658833152,0.4569668822140055,1.8215076371588808,0.05906597897410393
913,33,0.6958080530166626,8744,158.1646442398602,18.526712842222732,8.537113172035108,0.6581512689590454
914,34,0.09533724933862686,9077,10.483665840286566,2.8830127007370634,3.6363578410884916,0.22291117906570435
915,34,0.01648981124162674,33114,1.4004999221865477,0.44143556083153906,3.172603311670749,0.08540696650743484
916,34,0.24602612853050232,5991,21.132850046179833,4.848917328777581,4.358261569186847,0.3964364528656006
917,34,0.013482432812452316,11768,1.2205183453901485,0.5182232198298117,2.355198105149786,0.05594614893198013
918,34,0.008894347585737705,29087,0.6726625838742857,0.21797072913055873,3.086022543275948,0.04785718768835068
919,34,0.8943924903869629,4467,76.93796011745705,13.456265505107277,5.717630949556533,0.6794115304946899
920,34,0.1675974279642105,16203,29.06234878995051,5.477156112481474,5.306101961146813,0.3302426338195801
921,34,0.04036031663417816,18507,4.36043937569202,0.7950755465314799,5.484308245561028,0.1086873710155487
922,34,0.06964007765054703,16283,7.541481001742804,2.3466939713716743,3.213661897861992,0.18994343280792236
923,34,0.49048563838005066,30206,26.12957752774805,7.668905408028617,3.4072108257313296,0.5577925443649292
924,34,0.03539464622735977,8039,5.438349514961523,0.9079233286480154,5.98987749665355,0.10783179104328156
925,34,0.0056962207891047,18122,0.20872417187388068,0.12181758533531274,1.713415770782495,0.02537691406905651
926,34,1.8164284229278564,6921,30.171624157429047,11.311570808222761,2.6673239878844774,0.7637024521827698
927,34,0.02823362685739994,32832,3.0653564211128828,0.8073700853293185,3.7967178581539303,0.09018906205892563
928,34,0.668613612651825,6723,74.3319137278786,29.006550994215228,2.5625905590326834,0.7209762930870056
929,34,0.06497813016176224,4631,10.950349594877265,4.542119722211416,2.410845654579856,0.12284402549266815
930,34,0.01520116999745369,12198,2.5838044465065972,0.6823036468537,3.786883535530672,0.052919793874025345
931,34,0.0379885770380497,20466,2.932086908072311,0.799546503319623,3.6671874567582554,0.1285248100757599
932,34,0.16805437207221985,11838,27.852460977800714,7.116670459087969,3.913692665399349,0.29221057891845703
933,34,0.015044838190078735,8573,0.5996797253231992,0.4686072311049436,1.2797065122275557,0.044803306460380554
934,34,2.1006624698638916,17507,86.74787799102563,23.519235867418253,3.6883799490780147,0.9941328167915344
935,34,0.02257033996284008,19025,1.1875262006585845,0.363670010980588,3.265394904169613,0.09251268208026886
936,34,0.015921583399176598,4665,2.578064888918517,0.7903863794079223,3.261777981101447,0.0888008400797844
937,34,0.10278651118278503,14229,18.362296974926178,4.171671183493561,4.401664505001636,0.1897284835577011
938,34,0.04621123895049095,12460,6.463459302290434,1.997574705625976,3.2356533570852144,0.14274121820926666
939,34,0.03203152120113373,15118,4.585032801122149,1.3531866258444123,3.388322581342111,0.13559728860855103
940,34,0.06547355651855469,5354,10.736256885623199,2.3817738138943296,4.507672736591359,0.13509495556354523
941,34,0.006737047806382179,8608,1.2454925808958814,0.47220110621397043,2.6376316457184847,0.04489986225962639
942,35,0.10098026692867279,20480,9.821706546968423,2.64170578678024,3.7179411106698534,0.26974764466285706
943,35,0.07988470792770386,21801,14.38670867414421,2.7767256655895407,5.1811775475070245,0.18256357312202454
944,35,0.4936549961566925,6157,21.21150005010403,8.00058401769385,2.651243959589783,0.5516780018806458
945,35,0.0025518108159303665,7291,0.5964171835801788,0.14736070051413955,4.047328639828935,0.028067998588085175
946,35,0.006805479060858488,9258,1.085083550256512,0.44847221449174174,2.4195112098167084,0.036386240273714066
947,35,0.03173387050628662,31604,5.601090883542079,1.9461769837166005,2.87799667265761,0.11122235655784607
948,35,0.08660400658845901,6712,11.191145148572929,2.358869713953943,4.744282858170052,0.22053919732570648
949,35,0.12742336094379425,5813,13.396558268393232,3.338064280826632,4.013271507483289,0.2740073800086975
950,35,0.03767579793930054,15875,5.921955520767329,1.525432561513938,3.8821483624855335,0.0783662348985672
951,35,0.005257289856672287,4900,0.32939160071714985,0.0837970008496272,3.9308280412601952,0.02056853286921978
952,35,0.07755082845687866,15690,6.853343910379334,2.5688549259118525,2.66785945802057,0.19117818772792816
953,35,0.006555194966495037,8614,0.8990513238886985,0.302571246177884,2.9713706614314828,0.044628214091062546
954,35,0.20443788170814514,15768,50.727914298443544,9.808857794453127,5.171643361689352,0.3208088278770447
955,35,0.01605173572897911,3321,0.5263656021692755,0.3585311128661744,1.4681169451653115,0.034496553242206573
956,35,0.3627336323261261,4576,108.14465139341878,11.410846274567147,9.477355911317945,0.5019682049751282
957,35,0.06147843971848488,27030,6.343827571301308,1.0116654366180187,6.270677381746233,0.1743110865354538
958,35,0.39214932918548584,4542,68.348911699244,10.169279655375087,6.721116344077596,0.46267303824424744
959,35,0.054554007947444916,7017,13.674816647825406,2.383705511234835,5.736789457996294,0.15492600202560425
960,35,0.09531016647815704,12234,43.17134341874743,6.106476726511366,7.069763032308186,0.17689216136932373
961,35,0.02500697784125805,44098,1.9466965742113402,0.4412498487358406,4.4117784511068265,0.10606478154659271
962,35,1.1052302122116089,12522,79.69787616274216,19.311859362643766,4.126887767052769,0.7957286238670349
963,35,0.4397072494029999,10305,78.60682980132228,18.016142710839645,4.363133166902764,0.5504043698310852
964,35,3.3233747482299805,10274,269.06249274110985,38.540943971175366,6.981211797571272,1.1826752424240112
965,35,0.031640902161598206,43537,7.831923851742265,2.5303103724538927,3.0952423611747584,0.10785181820392609
966,35,0.008800151757895947,31265,1.1039067208306936,0.3913248361441108,2.8209472511510714,0.04677645117044449
967,35,0.13240693509578705,20277,8.062944740038896,2.1507928428026784,3.7488244239870157,0.2790240943431854
968,35,0.024380888789892197,21611,2.4209099600458357,1.1458360928304183,2.112789058741941,0.10084421932697296
969,35,0.461561381816864,19521,66.1191292881751,16.436324543061904,4.022744203848255,0.5127068161964417
970,36,0.02037082612514496,19949,2.792637347859324,0.7834171598092986,3.564687488509379,0.047686778008937836
971,36,0.11410991847515106,9360,15.929270336162611,3.9437071363980873,4.039161576969247,0.22772976756095886
972,36,0.14524881541728973,4170,35.85845587057798,12.254467628023752,2.9261537064713643,0.295565664768219
973,36,0.026286037638783455,6881,3.293387208825406,1.1792232324896958,2.792844576059852,0.12114253640174866
974,36,0.006478429306298494,31993,0.8846425356103048,0.1802194070416638,4.908697404607935,0.05126579478383064
975,36,0.16894051432609558,6307,13.06968031664034,5.300637735890048,2.4656807289704927,0.30676597356796265
976,36,2.9424149990081787,13544,168.2751768867291,36.67914819283846,4.587761307924264,1.173094630241394
977,36,0.03533719480037689,15771,4.511130237592476,2.3810025521009104,1.8946347762668811,0.11384233087301254
978,36,0.010812017135322094,400,2.6615513575675354,0.7135417882682287,3.730056741348549,0.054598767310380936
979,36,0.008941388688981533,4665,0.30314834347611597,0.1753942246137899,1.7283826998403535,0.03775811195373535
980,36,5.9867777824401855,2308,196.05332501645572,40.06736980103144,4.893091959617571,1.3847523927688599
981,36,0.782227635383606,23514,41.60030734610615,13.3748356654046,3.1103415688094436,0.7290855646133423
982,36,0.04293762892484665,11955,3.579895780742023,1.145594060662535,3.12492522758762,0.14851248264312744
983,36,0.05086616799235344,15689,12.346564404235444,1.8605119409701134,6.636111347821303,0.14978192746639252
984,36,0.009395170025527477,29795,0.8861680190099481,0.2709987026504675,3.270008344466698,0.06212252750992775
985,36,0.049573540687561035,11566,6.165416109595487,1.727608287891692,3.5687581223148443,0.15936924517154694
986,36,0.028587527573108673,9439,3.4995672775901965,1.4742334038843021,2.3738217221012503,0.053453173488378525
987,36,0.018677739426493645,49515,1.045282433595717,0.23613717843989415,4.426589834337985,0.08743157237768173
988,36,0.13834500312805176,16867,19.719206549310766,3.7799018417654553,5.216856779565318,0.31322312355041504
989,36,0.03033992275595665,24757,5.2731839493479225,1.081999280791029,4.8735558728726,0.09942423552274704
990,36,0.10649851709604263,14228,5.618569322184248,2.234126017121594,2.5148846927715347,0.23853102326393127
991,36,0.6061909794807434,15170,17.927904493320078,4.367247372402439,4.1050810647013485,0.5205585956573486
992,36,0.024459170177578926,13605,3.0855031154444754,1.0635560986084582,2.901119291665576,0.09086816012859344
993,36,0.015058532357215881,25394,0.8315878747901138,0.33003568948148354,2.5196907525185996,0.07342705875635147
994,36,0.08627994358539581,6222,12.756664254822198,4.062255465011335,3.140290994668762,0.19943226873874664
995,36,1.478568434715271,22977,96.64099257208478,22.96990297819631,4.20728780020599,0.9005910754203796
996,36,0.07994487881660461,4580,13.222097130920126,3.947252296184584,3.3496964822079556,0.2135244458913803
997,36,0.005914861802011728,11135,0.48314714161446487,0.21903625648671096,2.205786153223322,0.03458142280578613
998,37,0.038607317954301834,25344,3.1095015150256424,0.8875411118489163,3.5035013854676076,0.12235254049301147
999,37,0.0050186230801045895,4282,1.3992848306683807,0.46921738805220636,2.982167469270577,0.02447560615837574
1000,37,1.6853137016296387,2664,175.11421496056573,23.80745746712457,7.355435379959052,1.0398701429367065
1001,37,0.017261454835534096,6226,2.12385169025656,0.8040549119378496,2.6414261746566936,0.04989957436919212
1002,37,0.01429909560829401,17104,0.6273017223149115,0.33678374052776694,1.862624725677128,0.045488081872463226
1003,37,0.008576810359954834,8360,0.8792810615735871,0.26288757326285234,3.3447037859453297,0.018777992576360703
1004,37,0.018946081399917603,27102,1.799909997385554,0.5895156994272592,3.0532011261637195,0.07864066958427429
1005,37,0.3981030285358429,16841,112.3502388599119,10.472405149797522,10.72821737249856,0.4773244261741638
1006,37,0.023554909974336624,32808,2.2367600735964532,0.4732795741448302,4.726086220038829,0.09990475326776505
1007,37,1.968010425567627,29419,36.77970505730743,13.817619872866421,2.661797429348079,0.7865570783615112
1008,37,0.007149478420615196,10112,0.6006029080113228,0.18109570328146093,3.316494522647744,0.03456609696149826
1009,37,0.2649250328540802,4179,71.70440352153308,14.141985730636353,5.070320737645201,0.37924978137016296
1010,37,0.9282896518707275,3618,75.60686120290066,16.947401472094015,4.461265718369404,0.7573093771934509
1011,37,0.3036758005619049,13109,6.1855468750021725,4.1404108997298605,1.4939451723026456,0.42705467343330383
1012,37,0.02760837785899639,12781,1.2250092019538505,0.531361845385312,2.305414309646643,0.094101183116436
1013,37,0.03925790637731552,19079,4.104111001401881,1.4479347367628388,2.83445855479277,0.10190155357122421
1014,37,1.039686918258667,20600,178.29141896942727,23.266674420726588,7.662952416207482,0.783492922782898
1015,37,0.1786436289548874,15459,29.113546190350004,3.4581452773173487,8.418832598301474,0.3274450898170471
1016,37,0.007358652073889971,18903,1.1077239954881544,0.31819047572351034,3.481323546740045,0.061219047755002975
1017,37,0.05424294248223305,7397,5.928371760935952,1.3508554537065967,4.388605564470108,0.12198690325021744
1018,37,0.04374951869249344,9312,1.6118321595753173,0.4917324942637842,3.2778638352652587,0.13293077051639557
1019,37,0.013770518824458122,22461,2.4406645357694385,0.4854221692937319,5.027921446841769,0.044713784009218216
1020,37,0.0015555369900539517,8213,0.17327497101157704,0.0871168081501977,1.9889958630123985,0.003548356704413891
1021,37,0.6358540058135986,8177,15.210573855281657,4.242544185515701,3.5852481883884386,0.5250495076179504
1022,37,0.02525583654642105,17349,1.95401908247714,0.7388991379972822,2.6445004223048407,0.1098371297121048
1023,37,0.046749744564294815,10562,12.221541376130608,2.0451575467102345,5.975843472686862,0.11842870712280273
1024,37,1.6580395698547363,16414,83.11667016537311,18.30397789294013,4.540907482052128,0.9339898228645325
1025,37,0.015458188019692898,39842,0.8531178261035136,0.3930757182275517,2.170365114253822,0.05662816762924194
1026,38,0.007264079991728067,7727,0.41008372801034987,0.2903170612049323,1.4125374730197577,0.010422933846712112
1027,38,0.295834481716156,13166,71.40313177002352,10.792931576470012,6.6157309776414195,0.43415966629981995
1028,38,0.013594157993793488,22224,2.0391897110711352,0.6129424563039549,3.3268860560975484,0.07406453788280487
1029,38,0.051070284098386765,14390,5.262408171009407,1.3432927550260259,3.9175437754099494,0.10520972311496735
1030,38,0.22454951703548431,19400,18.44816131115138,2.831358871792056,6.515656314336601,0.3282626271247864
1031,38,1.2037121057510376,24427,68.05140089716755,15.214057183168311,4.472929217884762,0.8189522624015808
1032,38,0.010964399203658104,21367,1.4906338897377762,0.457520434331426,3.2580706300315954,0.041216809302568436
1033,38,0.1959904432296753,27372,35.42311905072041,4.813181937865069,7.359605248253985,0.3629817068576813
1034,38,0.014933591708540916,10217,1.2898408793858334,0.5277539727824452,2.4440192701592367,0.0349402129650116
1035,38,0.07333331555128098,34957,4.860618309595346,1.4886989830042485,3.26501083501997,0.19551636278629303
1036,38,0.037470825016498566,3817,7.537856121096754,1.746883089367032,4.3150318226640545,0.11833497136831284
1037,38,1.493979811668396,17406,104.98502497385212,17.247349561135877,6.08702366712697,0.8224571347236633
1038,38,0.11857574433088303,15569,47.317381270661144,5.409980150200005,8.746313287102003,0.21945995092391968
1039,38,0.0685676857829094,17833,11.032651817582698,2.1907178485950727,5.036089802551707,0.15496185421943665
1040,38,0.8595308065414429,18750,45.19187608481362,10.03032751331595,4.505523476159058,0.6747316718101501
1041,38,0.08973228186368942,12799,12.341218713000334,3.723195895677909,3.3146842279567896,0.2121046483516693
1042,38,0.04674067348241806,22551,7.146051727912228,1.4975884480878623,4.771705963031176,0.1595282405614853
1043,38,0.035879578441381454,20536,3.240554729352461,1.2266869089510208,2.6417129796558445,0.13580188155174255
1044,38,0.026136934757232666,1663,3.558410974828566,1.1264701965322275,3.1589037914893505,0.11298983544111252
1045,38,0.005706437863409519,9397,0.2845280665011902,0.11977712608654047,2.375479156957228,0.04079623147845268
1046,38,0.623553991317749,7353,33.61884237300791,9.053887023143918,3.713194375748927,0.5815166234970093
1047,38,2.151198387145996,6508,55.308935707911445,24.275509042976804,2.2783841776496425,0.9744487404823303
1048,38,0.0336269848048687,18221,4.120744533116558,1.0072076748192595,4.091256089616198,0.0953090637922287
1049,38,0.010821237228810787,2536,0.8200905635881285,0.47009697482996066,1.744513595057743,0.031146908178925514
1050,38,0.03493712469935417,4348,3.794540252582814,1.0695553879163673,3.5477734911620824,0.09411608427762985
1051,38,0.03099430911242962,49208,5.061405016371803,1.2304640520064996,4.1134115280443435,0.1076265275478363
1052,38,0.37975791096687317,4037,10.407407220885577,4.592849659113941,2.266002154072494,0.46027785539627075
1053,38,0.01193455420434475,11307,1.8771694348482115,0.32603035811315356,5.757652280316041,0.05825864523649216
1054,39,0.009870675392448902,24597,1.1221343736817442,0.40257339343379756,2.7874032213296025,0.053058039397001266
1055,39,0.033185191452503204,16803,8.049209404265877,1.1649262565321385,6.909629995138582,0.0833166167140007
1056,39,0.026010463014245033,5657,8.87732418950985,2.0950130516964554,4.237359849532737,0.11392887681722641
1057,39,0.08264358341693878,17074,31.042997996490453,3.3086979040228224,9.382240052420013,0.15994161367416382
1058,39,0.0351715013384819,6348,2.8251568303451915,1.0980936275932536,2.5727831938471906,0.1173347681760788
1059,39,0.011338603682816029,24471,0.4623914030540675,0.1297995503104898,3.56234980741021,0.06585181504487991
1060,39,0.02661583386361599,12773,2.9465873246140135,1.0109732647941858,2.9146045966022314,0.04413445666432381
1061,39,0.022533243522047997,20390,2.2964087811082017,0.6880709697959899,3.3374591893998082,0.0990530326962471
1062,39,0.025512145832180977,11978,3.603364373732085,0.7550513495163269,4.7723434651637495,0.09405824542045593
1063,39,0.33443352580070496,15257,57.8452525466861,7.813889751542197,7.402875441806944,0.4456191658973694
1064,39,0.028293326497077942,11329,4.02783578999075,1.323253474236229,3.043888316493965,0.10066046565771103
1065,39,0.17407843470573425,7227,18.416168804549905,3.619661497309965,5.087815205435983,0.3313382565975189
1066,39,0.40705880522727966,22067,30.68794849948945,6.003646746909388,5.1115513275797175,0.41258206963539124
1067,39,0.5460516810417175,13432,123.00522013188063,21.869398123783505,5.624536141125157,0.6252443790435791
1068,39,0.012210963293910027,23301,0.44419241463258036,0.2144939707297075,2.070885317285931,0.06227898970246315
1069,39,0.06574540585279465,40825,5.221978747781765,1.4259269081716155,3.6621643913529534,0.17302387952804565
1070,39,0.5529137849807739,11625,34.83016481241217,8.119502298817059,4.289692093255806,0.5374767184257507
1071,39,0.012937892228364944,10012,1.9523484173897745,0.4465109722447187,4.37245339699151,0.07373378425836563
1072,39,0.002952995477244258,10931,0.2295193595222416,0.11226894927256094,2.044370781122941,0.006669620051980019
1073,39,0.4321037232875824,14425,79.8173237824084,14.845187304471477,5.376646460928214,0.5246484279632568
1074,39,0.019341541454195976,33238,1.4521173244245815,0.39786483043076215,3.6497755351955754,0.08715638518333435
1075,39,0.013934280723333359,6266,0.9871670922347472,0.43111461740051915,2.289801951473494,0.041671011596918106
1076,39,0.005519800819456577,23003,1.5074055967618756,0.4269385615172977,3.530731895945809,0.04935985431075096
1077,39,0.0068601141683757305,19812,0.5148620451714703,0.16089347956328032,3.200018090016955,0.026463057845830917
1078,39,0.01712636835873127,5652,1.8810759961348225,0.5281126657777799,3.5618838896069627,0.06676867604255676
1079,39,0.01561866607517004,18154,2.821054630437042,0.7368480615169113,3.8285431933221794,0.08954308927059174
1080,39,0.014665602706372738,3755,1.0966690348300425,0.5619445464883905,1.9515609532670277,0.04814580827951431
1081,40,0.33022987842559814,12120,87.41746386325073,13.535943593494038,6.458172883142104,0.4751986265182495
1082,40,3.7428317070007324,2392,163.66868806581311,40.32943785262921,4.058293315763114,1.3731170892715454
1083,40,0.029182536527514458,38362,4.309883761509694,1.1006917521060635,3.9156137522237686,0.11681543290615082
1084,40,0.3970152735710144,16273,20.258301340304893,8.759375466574383,2.3127563623237624,0.4924505650997162
1085,40,0.01321590505540371,21688,0.8411501991625954,0.3764138095805723,2.234642241467261,0.05447445437312126
1086,40,0.004614114761352539,8280,0.4954887816521105,0.2367096771963122,2.0932341572122963,0.007139447145164013
1087,40,3.4981675148010254,3378,79.10405898839285,20.752616275975527,3.8117631982606768,0.8928360342979431
1088,40,0.10530174523591995,20300,14.25109056014545,3.5577007133022116,4.0057024771242675,0.2591511011123657
1089,40,0.01038986723870039,8958,0.8818962270896517,0.2532641663338862,3.482120032423133,0.06161808222532272
1090,40,0.06716592609882355,17585,6.566091953179406,1.8766672845024335,3.498804507010306,0.1699739694595337
1091,40,0.005193162243813276,22049,0.37573509884616674,0.14158580091193076,2.6537625695759406,0.017944207414984703
1092,40,0.015270644798874855,18595,0.9125251230956444,0.32396420506811074,2.816746754169884,0.05901644751429558
1093,40,0.023567624390125275,20803,2.782072310023189,0.7211308623602322,3.857929892105465,0.09706007689237595
1094,40,0.01914915069937706,8670,1.8675318444336464,0.5678790541424397,3.288608429572276,0.05821169912815094
1095,40,0.0659184679389,28757,11.56080540792076,1.77406753118885,6.516553177751378,0.20780642330646515
1096,40,0.008421427570283413,5354,0.6040915793315232,0.23940127046396859,2.5233432477540654,0.017800936475396156
1097,40,0.029661428183317184,17310,3.3277339795153797,0.8772823915572476,3.793230106447923,0.10161051899194717
1098,40,0.21879728138446808,24339,42.72629036872699,7.023577277928362,6.083266215777046,0.3679770529270172
1099,40,0.0839577466249466,7285,19.725304724757265,4.887951623775504,4.035495079126254,0.1896301507949829
1100,40,0.010846692137420177,5203,0.8656322520262681,0.3845703152598043,2.2509076173474853,0.04420308396220207
1101,40,0.000709507439751178,5389,0.12825032449200707,0.043054514654355135,2.97878922846144,0.0013966269325464964
1102,40,0.004205377772450447,4731,0.16985224250767555,0.13491970094459513,1.2589135709407373,0.017166754230856895
1103,40,0.0197527427226305,29471,2.0259056797520127,0.6471916109570578,3.1303027502983265,0.08711264282464981
1104,40,0.021494921296834946,37050,1.4371631891168901,0.3934592968944105,3.6526349750960834,0.08905406296253204
1105,40,0.3885035216808319,5480,60.85016177064079,10.59295804411575,5.744397506080609,0.4898771345615387
1106,40,0.03132659196853638,12986,7.148388938533144,2.238876413594494,3.1928465971256017,0.13258560001850128
1107,40,2.154590606689453,1949,276.1997691889167,37.75581830990376,7.3154226700063125,1.1832937002182007
1108,40,0.005463013891130686,34329,0.6249237013978359,0.22370652703776514,2.7934978459057014,0.03823405131697655
1109,41,0.013042141683399677,12191,1.376494808894242,0.4050595389983459,3.398253037799623,0.05583185702562332
1110,41,0.08520843833684921,15971,24.719080868520958,2.7305915131940224,9.052646926159069,0.25026631355285645
1111,41,0.01706298068165779,13399,2.3125334041367296,0.7896104984112639,2.9287014405035583,0.0931423157453537
1112,41,0.0025874709244817495,6662,0.31538361251267266,0.14574339959421245,2.1639649780958776,0.015135967172682285
1113,41,0.2226203829050064,19633,37.790776947107446,6.256904918887529,6.0398515619157855,0.3606269359588623
1114,41,0.2552066743373871,15510,47.32302557952822,5.893976020640544,8.02904956073731,0.42289045453071594
1115,41,0.03806523606181145,9599,9.027719830713623,1.5580927261237822,5.794083804734112,0.1054428443312645
1116,41,4.688292503356934,11457,206.15278011711206,43.61923703192412,4.726189501348404,1.2512397766113281
1117,41,0.003144694259390235,19355,0.5620581427921494,0.13632077676723592,4.123055605439555,0.02689814381301403
1118,41,0.21196547150611877,9779,48.23244904238625,8.325323334688127,5.793462560356796,0.3322019577026367
1119,41,0.07271967828273773,14206,8.143573834619819,2.7024922372317075,3.0133569756184233,0.19611093401908875
1120,41,0.008623014204204082,45617,0.5023474424711224,0.21047812570287389,2.3866966735435757,0.0359252467751503
1121,41,0.0110340416431427,22868,1.6698106516782945,0.4859477468230687,3.4361938348133316,0.06084107607603073
1122,41,0.027658525854349136,20827,3.130082536777541,0.9208348629752382,3.3991790087755525,0.12413182109594345
1123,41,0.010316832922399044,11048,0.6619399762703705,0.2884011445423237,2.2952057881688948,0.017081085592508316
1124,41,0.006150796078145504,20946,0.9140832034644756,0.2520304184600172,3.626876505805038,0.03185329958796501
1125,41,0.013519493862986565,6570,1.9816636914145456,0.39957781853217006,4.959393638738839,0.0452941358089447
1126,41,0.006312502548098564,1004,2.0693475741848477,0.6229746878845196,3.321720150795468,0.03764195740222931
1127,41,0.284241259098053,4281,72.22765049550367,15.143812584800202,4.769449574936867,0.4335593283176422
1128,41,0.004484041593968868,5177,0.7749033052359436,0.18818706401673863,4.117728863461629,0.028902674093842506
1129,41,0.010109741240739822,6257,1.9273130194081618,0.38080357036544876,5.061173711038216,0.03570353984832764
1130,41,0.02158547379076481,11318,6.657249124967164,0.9999445508030314,6.657618284548108,0.06762409955263138
1131,41,0.09452339261770248,15466,39.318666298997655,3.576222988601593,10.994467186276156,0.21794715523719788
1132,41,0.0041774557903409,9370,0.31330874220206834,0.1397661244360533,2.2416643765719764,0.01704518124461174
1133,41,0.5012754201889038,29113,60.78747156466847,14.984050341322371,4.0568117551652465,0.5525515079498291
1134,41,0.015050544403493404,14460,2.0295449950599043,0.5576600109978954,3.6393948912071523,0.07915500551462173
1135,41,0.26705044507980347,45467,117.3448402080463,15.288514457845233,7.675359207174223,0.39264464378356934
1136,41,0.06579411029815674,7950,3.8297334989669127,1.9232756334321284,1.9912556642391794,0.18734140694141388
1137,42,0.03021964244544506,7511,5.370188666644745,2.744037448138872,1.9570391323504308,0.12202311307191849
1138,42,0.008147609420120716,25362,0.847970192428358,0.19670720144932013,4.310824342862298,0.05565689876675606
1139,42,0.2609230875968933,19861,49.99749505444267,4.087365522306619,12.23220550781947,0.410135418176651
1140,42,0.0030858120881021023,3224,0.45879249620205864,0.27730616475291087,1.6544619432070822,0.00728557538241148
1141,42,0.017369285225868225,34982,1.2165082218702952,0.3581559019094624,3.396588511821921,0.08452185243368149
1142,42,0.1303691267967224,8521,16.645474095434757,4.272438993930988,3.8960121183885374,0.2975938022136688
1143,42,0.14192217588424683,3041,21.90489098966999,6.57630762429373,3.3308799163754386,0.293037086725235
1144,42,0.012263305485248566,25667,0.6489957681292555,0.35821037757694524,1.811772658618849,0.04843277111649513
1145,42,0.012369845993816853,12432,0.36480099674736455,0.1971075207963985,1.8507715751867917,0.048218823969364166
1146,42,0.012031235732138157,21684,1.4390505845098212,0.3447602817039488,4.17406140113722,0.061895813792943954
1147,42,0.7728979587554932,48303,246.34639610725407,32.414571553165196,7.599865872149446,0.7457678914070129
1148,42,0.025518538430333138,26993,1.9949886599929243,0.5168011034605242,3.8602639325468298,0.08995196968317032
1149,42,0.011853596195578575,8354,0.9922120399149026,0.33636162975552736,2.9498371756407153,0.04861921817064285
1150,42,0.26500698924064636,3505,84.48550633839837,12.028223125564601,7.023939068674835,0.42237749695777893
1151,42,0.020630350336432457,7925,4.508710484175764,1.7950607167594375,2.5117314651688636,0.0787670761346817
1152,42,1.152617335319519,5025,21.82439458998712,11.186971619765227,1.9508760128992961,0.6896761655807495
1153,42,0.044782646000385284,22796,5.415778962781545,1.0622968954179537,5.0981782834314355,0.13676123321056366
1154,42,2.5669991970062256,4586,110.79373607353739,25.983355661210997,4.264027230283058,0.9983857274055481
1155,42,0.03626199811697006,23464,5.177020414752564,1.6032000390276984,3.229179321807571,0.13436304032802582
1156,42,0.011741707101464272,19782,0.7166562475146822,0.21946738789506712,3.265433896055974,0.0631144791841507
1157,42,0.0035968313459306955,9967,0.395550120410331,0.12170945345635738,3.2499539614555704,0.018342768773436546
1158,42,0.2293270379304886,11197,47.661667212644716,10.419864628675809,4.574115778958747,0.38686588406562805
1159,42,0.010277491062879562,11871,0.7946342679050501,0.301606948316313,2.634668307008085,0.04055953025817871
1160,42,0.0086279371753335,2910,1.2279634675238573,0.4115188665251541,2.983978542441417,0.05727432295680046
1161,42,0.1307806670665741,12997,17.250472352592805,4.440717557833458,3.8846137201765876,0.2832674980163574
1162,42,0.005671102087944746,5472,0.9758401564327545,0.21131679633207756,4.617901526836679,0.03436064347624779
1163,42,0.011864367872476578,24528,1.745047782965976,0.3649046175017373,4.782202524342915,0.06418611109256744
1164,42,0.008485279977321625,24870,1.0359549266334205,0.27112589030102463,3.8209369288908688,0.0576164573431015
1165,43,0.0943773090839386,32896,16.972009391448605,3.5620702177538734,4.764647621726514,0.2339041531085968
1166,43,0.04871689900755882,21733,8.577290701118857,1.933291702376563,4.4366252079655135,0.16468100249767303
1167,43,0.0476500503718853,11454,4.313446825552735,1.2258817215407356,3.5186484550303185,0.12115935981273651
1168,43,0.0028002585750073195,14192,0.3556688604814155,0.11787649906159105,3.0173008471566454,0.027056444436311722
1169,43,0.04903952032327652,20608,3.0631277258458676,2.472661201185713,1.2387979899453148,0.16567230224609375
1170,43,0.29244083166122437,5739,53.532454014494476,7.643451538538295,7.003701631988736,0.4326143264770508
1171,43,0.049841128289699554,35544,4.3606134658548505,1.1721745057180346,3.720106046138553,0.14164870977401733
1172,43,0.04201505333185196,9270,4.4071208553214785,0.8626769420551859,5.1086572973854265,0.12215656042098999
1173,43,0.006234443746507168,3723,0.32475941171045375,0.16352807986608092,1.9859550235924317,0.025086985900998116
1174,43,0.8672404885292053,5683,132.08363236037707,14.868749154506707,8.883304909366483,0.7758201360702515
1175,43,0.29129573702812195,13811,53.624096273819276,10.24877030142427,5.232246864422545,0.46361663937568665
1176,43,0.002635086653754115,28517,0.5914728769644734,0.14297824100381715,4.136803424127632,0.023873820900917053
1177,43,0.10874639451503754,4665,24.3278352282855,7.093467506072989,3.429611146798668,0.24735166132450104
1178,43,0.08687044680118561,20583,17.761610075681308,3.5564278078081037,4.994227645133374,0.19482703506946564
1179,43,7.2069549560546875,11298,298.6217821091254,61.462209350786765,4.858624271131866,1.2687811851501465
1180,43,0.01975269429385662,9200,4.070674243163307,0.9208066308839219,4.420769906110766,0.08652721345424652
1181,43,0.008385886438190937,28485,1.7316496460085296,0.3633755357058546,4.765454676633764,0.054699767380952835
1182,43,0.9133219122886658,12514,179.8360147120246,15.631321068812374,11.504850672591076,0.685571551322937
1183,43,0.013138222508132458,21262,2.7962915248809503,0.668182257154473,4.184923342300465,0.08158615976572037
1184,43,0.14364172518253326,24210,43.22581484873256,7.893853100936167,5.475882854166712,0.30109864473342896
1185,43,0.004215228836983442,9439,0.2590832172115228,0.1771762028003438,1.4622912846936673,0.03449667990207672
1186,43,0.13175451755523682,2306,27.15322237512872,7.799418369877019,3.481441959825703,0.27539730072021484
1187,43,0.008766360580921173,2664,1.8461967655843767,0.34601144289735297,5.335652341783188,0.02068289741873741
1188,43,0.12983055412769318,7073,25.256929258841204,4.915707588279082,5.138004815229083,0.22260591387748718
1189,43,0.039820872247219086,9086,6.933225122248603,1.5661996928561766,4.426782327865551,0.14455725252628326
1190,43,0.0028733983635902405,13651,0.8123388130524026,0.17416999317270934,4.664057213587947,0.012580526061356068
1191,43,0.02831304632127285,12695,3.588746144857408,1.0160472123842694,3.532066326359459,0.1244884505867958
1192,43,0.01636878214776516,15531,5.462690909605687,0.6822739229600119,8.006594896516145,0.0656631737947464
1193,44,0.003474468132480979,14933,0.2614132678315349,0.07061848545906867,3.7017682569721977,0.028094233945012093
1194,44,0.02138853631913662,14792,3.865130993206651,1.118471105331273,3.455727175051523,0.053277790546417236
1195,44,0.005379780195653439,10379,0.41870006861451614,0.16714367271368985,2.5050309222846074,0.027673974633216858
1196,44,2.1221964359283447,3058,45.68946109849817,18.190904544571435,2.511665155877606,0.7342147827148438
1197,44,0.06135202571749687,33850,6.30043372220595,1.1928459893937469,5.281850111599743,0.17706209421157837
1198,44,0.0014630075311288238,8954,0.0783235411324264,0.04055980872902995,1.9310628818236186,0.005903834477066994
1199,44,0.02759493887424469,5345,5.374042514424451,1.2485737320967818,4.304145102744788,0.09955015778541565
1200,44,0.14855369925498962,25088,46.017346635879356,6.6057192352560286,6.96628860492113,0.27999573945999146
1201,44,0.01169151533395052,21921,0.6530401658455957,0.3266418964100178,1.9992541465772862,0.053053222596645355
1202,44,0.04755621775984764,8784,8.3395958320909,1.4314417231052994,5.82601142433767,0.12159588187932968
1203,44,0.008237906731665134,19842,0.8504933286025297,0.19418036286719093,4.379914199562198,0.05993655323982239
1204,44,0.07665697485208511,15594,19.91653037990529,2.3247230902159752,8.567269996034842,0.20915335416793823
1205,44,0.08447136729955673,26588,7.922698871589885,2.3007157293594904,3.4435800870506013,0.18296460807323456
1206,44,0.010779894888401031,8897,0.4071093420287029,0.2592530375730593,1.5703165750272317,0.03450099751353264
1207,44,4.022746562957764,10959,280.00878892472366,52.6656969299012,5.3167204698233475,1.2253259420394897
1208,44,0.05388040840625763,41432,2.8899588152339137,0.7380674622373542,3.915575422427469,0.14543326199054718
1209,44,0.051167093217372894,11606,4.405506693596487,1.5693677324236899,2.807185723635296,0.15974941849708557
1210,44,0.2217111736536026,19926,35.319395759230446,3.7573312202469316,9.400128359431633,0.3701198995113373
1211,44,0.00594645831733942,1270,0.21406003017845912,0.2202193548562021,0.9720309566671064,0.008963790722191334
1212,44,1.3309816122055054,16774,25.28267557206392,10.573888024021066,2.391048166447952,0.7327866554260254
1213,44,0.14493252336978912,8749,29.941008487665925,4.64412485051052,6.447072258268017,0.30907168984413147
1214,44,0.025341054424643517,15171,3.0539084609449207,0.5486503616402106,5.566219717434582,0.09281393140554428
1215,44,0.06874582916498184,21839,6.016456605980453,1.4634562139349132,4.1111285385159615,0.21273548901081085
1216,44,0.017651226371526718,23789,2.9802612392449506,0.7659158823479448,3.891107767742005,0.09454342722892761
1217,44,0.006509199272841215,2048,0.634908337323297,0.3387649718175196,1.8741853206223014,0.027332868427038193
1218,44,0.006497480440884829,22956,0.6276524051688178,0.24000228775509388,2.6151934260171696,0.02297057956457138
1219,44,0.007305477280169725,14462,0.5810912048668906,0.2007982194282987,2.8939061637022805,0.038088392466306686
1220,45,0.014186824671924114,10994,2.4429588812970264,0.7388200998503311,3.3065679747865686,0.06741512566804886
1221,45,0.19804444909095764,1330,42.47838374913038,13.068848370992786,3.2503540130904605,0.3286762833595276
1222,45,0.019693810492753983,24197,6.686139119803307,0.8226043348801196,8.12801347657567,0.06036587059497833
1223,45,0.010973530821502209,1160,0.6158882420635174,0.39587849381255313,1.555750695448443,0.02134309522807598
1224,45,0.03479880467057228,38652,2.7610713734151107,0.6530301705661719,4.228091591874011,0.10569760948419571
1225,45,0.006097947712987661,15634,0.8372461645996515,0.17261852480110432,4.850268333363981,0.03825565055012703
1226,45,0.14499452710151672,25119,22.616667335359587,4.12672710277066,5.480533791577691,0.3079628646373749
1227,45,0.5932214260101318,9512,155.96733181586518,12.895550278237323,12.094662767440434,0.6053472757339478
1228,45,0.006972430739551783,12663,0.3173003573785276,0.20951564567947967,1.5144470779161963,0.037441764026880264
1229,45,0.015911389142274857,19155,0.6488899123452694,0.36473725841688037,1.779061221110114,0.03942246735095978
1230,45,0.0030225685331970453,7590,0.6704486077404124,0.13028418766633101,5.146047419448496,0.01395085733383894
1231,45,0.15266798436641693,9658,15.214169794127526,3.206177827167424,4.745266985881475,0.27798163890838623
1232,45,0.026000790297985077,15696,1.1788152539512307,0.6098534889546448,1.9329482823323934,0.09151537716388702
1233,45,0.010162058286368847,17906,2.1543079420899955,0.3878058204364545,5.555120187881356,0.05367385968565941
1234,45,0.0029771323315799236,3365,0.23682140069803848,0.15508807156626978,1.5270123504973538,0.005857887677848339
1235,45,0.03886067494750023,17111,3.6891698127756714,0.9790262971716465,3.7682029823199983,0.13247089087963104
1236,45,0.0037160483188927174,7583,1.793629642928178,0.15340047427928408,11.692464781112516,0.022542692720890045
1237,45,0.34898605942726135,31200,49.861492727674445,4.9650780932020355,10.042438767666624,0.45046207308769226
1238,45,0.018638961017131805,17939,2.2271875407647306,0.49411154918557953,4.507458982554021,0.06326867640018463
1239,45,0.0172483678907156,16539,3.7590305947516387,0.5808742170194393,6.471333181275232,0.05753558874130249
1240,45,0.017032688483595848,8352,3.969481873802074,0.6514041326498463,6.093731486855216,0.04155287146568298
1241,45,0.0015735315391793847,21545,0.23729241107852828,0.04440949992552535,5.343280412324479,0.009528469294309616
1242,45,0.017095044255256653,16053,1.908331438201712,0.5235315197921618,3.6451127889217836,0.08655603229999542
1243,45,0.08586951345205307,15980,18.814307040498772,2.7283669527730376,6.895812537741497,0.21321433782577515
1244,45,0.004410238936543465,10726,0.5860114495979842,0.17268763178489982,3.3934766696234977,0.030505884438753128
1245,45,0.0032017522025853395,14847,0.5242445119340123,0.09220225216968336,5.6858102659308045,0.03142890706658363
1246,45,0.0046103475615382195,30489,0.5312574610473292,0.2744440659367195,1.9357586006902012,0.029935620725154877
1247,45,0.02061566710472107,5928,7.697877408050075,0.972257466654419,7.917529740893525,0.05882960185408592
1248,46,0.003970949910581112,16957,0.645810078130876,0.126339394831031,5.111707864276891,0.04209036007523537
1249,46,0.014154830016195774,10293,1.7216889656514212,0.6446598890209555,2.6706934849994752,0.035162195563316345
1250,46,0.0050780558958649635,6344,0.2555142470045568,0.16131254033076536,1.5839701394513432,0.020305106416344643
1251,46,0.004582182038575411,7864,0.6650843891948521,0.1748758679236407,3.8031799189208715,0.02015804313123226
1252,46,0.26297539472579956,3755,91.6436500460041,13.836839765168495,6.6231633524218605,0.35563763976097107
1253,46,0.013125780038535595,19385,1.1355937096471578,0.31335302237869794,3.624007520409775,0.07269898056983948
1254,46,0.00785317923873663,25278,0.6837593314047742,0.14310654568531003,4.7779738384823895,0.06331557035446167
1255,46,0.004877220839262009,21315,0.30232469464206974,0.07622942532634122,3.9659841766330994,0.04258151724934578
1256,46,0.02411682903766632,4587,4.559194124859882,1.4545037527303537,3.1345358279745623,0.11089956760406494
1257,46,0.023242097347974777,23063,7.0021963760967525,1.2377137985457292,5.6573631031005975,0.06901364028453827
1258,46,0.008775441907346249,13430,4.370634898629556,0.3091401830715852,14.138035551345144,0.02979438565671444
1259,46,0.010210932232439518,15714,4.577690859055485,0.4233496086481632,10.813027260523803,0.025197839364409447
1260,46,0.0012343332637101412,15635,0.6217416466972626,0.07647794486565801,8.12968559473311,0.015236861072480679
1261,46,0.027805615216493607,15211,5.987816202180657,1.1315454330756007,5.291715230470385,0.10989052057266235
1262,46,0.06720610707998276,6802,8.068439513721325,2.544346537270248,3.1711244500423033,0.18858835101127625
1263,46,0.008083277381956577,6390,0.6023715140266325,0.20509039589563335,2.937102497623686,0.03964744508266449
1264,46,0.08073225617408752,21093,76.71307896557028,5.859683116262437,13.091677048653809,0.2273014336824417
1265,46,0.07569307833909988,34813,13.59257358416489,4.786138319442149,2.839987621951206,0.2033809870481491
1266,46,0.01794612407684326,13237,1.140544365949957,0.36610497055700936,3.115347940268508,0.09283662587404251
1267,46,0.19669102132320404,17659,104.45305371165189,5.887867994584144,17.740386470571952,0.34914928674697876
1268,46,0.0028648844454437494,12860,0.5098981137042201,0.09238446934899669,5.519305542282019,0.019529512152075768
1269,46,0.020225156098604202,17540,10.77150898824332,0.8771496679133798,12.280126621782804,0.06661798059940338
1270,46,0.04949432983994484,13341,13.57422493255447,3.508662645238679,3.8687746030445753,0.1611219346523285
1271,46,0.01946372352540493,11736,2.545368334004657,0.7019666715310295,3.6260529697933337,0.056123629212379456
1272,46,0.3624115586280823,19927,42.4586569362366,3.5474812178056374,11.968677021632901,0.3866446614265442
1273,46,0.027830369770526886,38220,3.2704095424185016,0.5943143569661257,5.50282776123378,0.10968080163002014
1274,46,0.01872735656797886,9085,1.9336743270584826,0.5520619814677994,3.5026399063268356,0.09158959984779358
1275,47,0.030808232724666595,16023,7.133013585611843,1.5326655598771675,4.65399221613543,0.1291908472776413
1276,47,0.07515955716371536,34207,10.959581504687915,1.7288607487386114,6.339192738731422,0.21582382917404175
1277,47,0.011041184887290001,6741,1.2402487926706172,0.3263822324372341,3.799988692415501,0.06520454585552216
1278,47,0.06381481140851974,9363,13.738616114949812,2.6993528470456956,5.0895962452559464,0.19345469772815704
1279,47,0.05706838145852089,15161,28.013873341784773,2.8424763621889113,9.855446368673483,0.1633419543504715
1280,47,0.027171721681952477,7860,16.15482948301108,1.2706716843898473,12.713614131376204,0.09839267283678055
1281,47,0.023509105667471886,15202,1.9799991329277686,0.7660845217473046,2.5845700790418698,0.07833656668663025
1282,47,0.26865750551223755,15813,73.25385282104787,10.906533796589768,6.716510872037642,0.40555304288864136
1283,47,0.02844119630753994,8193,6.742931479628768,2.339148071168501,2.882644139863071,0.12386872619390488
1284,47,0.18257775902748108,13296,7.022806616637967,2.1506923404916463,3.26537017146269,0.256317675113678
1285,47,0.005421130917966366,18658,1.2504004790597258,0.26322253956188124,4.750354894137087,0.056335195899009705
1286,47,0.011669464409351349,25765,0.20200797282636168,0.12043300994548282,1.6773472066846835,0.0616726316511631
1287,47,0.0031794810201972723,7274,0.7936785673307128,0.10831666227678811,7.327391286257054,0.01150456815958023
1288,47,0.012503496371209621,43214,2.6319908422065814,0.6075165441496633,4.3323772291439875,0.06690151244401932
1289,47,0.007290215231478214,14697,1.5034391396139406,0.29248159270950347,5.140286353343391,0.05597928166389465
1290,47,0.0609763003885746,17136,9.536800381865078,1.571241877771576,6.069594068727748,0.1895795613527298
1291,47,0.02464330568909645,6512,2.4727096672396014,1.3305279218891033,1.8584425223688301,0.10094663500785828
1292,47,0.007912527769804,19672,0.6618027328656249,0.15209715150817085,4.351184268074348,0.04681960120797157
1293,47,0.003315765643492341,7776,0.5720134088172324,0.17205898605682562,3.324519235659043,0.017497124150395393
1294,47,0.015895748510956764,13284,3.391390806284883,0.6234172718629534,5.440001359193938,0.07740431278944016
1295,47,0.06820353865623474,15643,19.090709787632182,2.969933653363462,6.427992007836756,0.21342894434928894
1296,47,0.09312598407268524,21456,25.389491561246846,3.270724182640916,7.762651371213629,0.253012090921402
1297,47,0.0097234807908535,7923,1.0326074855550773,0.30872840708886684,3.3447116036021223,0.06706205010414124
1298,47,0.00428319675847888,16406,0.4450998300388075,0.20223584138664502,2.2008948907609387,0.027971919625997543
1299,47,0.00010891361307585612,976,0.0288734675430253,0.007570159922544843,3.814115928148696,0.0001991268218262121
1300,47,0.0021571703255176544,13031,0.4669288384879797,0.140048392319719,3.3340535421405297,0.02751363255083561
1301,47,0.015170405618846416,14093,0.9922608476105396,0.19397031045768265,5.115529512037873,0.08402040600776672
1302,47,0.008676758036017418,27370,0.5052160642630241,0.10942493817646318,4.617010278257363,0.04932978004217148
1303,48,0.004138296470046043,7666,0.45770468369966794,0.10156533161077179,4.506505088263979,0.04069776460528374
1304,48,0.004399139434099197,34679,1.0404225103735922,0.14315830174072172,7.267636579334846,0.022995037958025932
1305,48,0.021452657878398895,23718,2.2980455802211677,0.5879149223108684,3.908806347667656,0.09328538924455643
1306,48,0.057900287210941315,9840,10.01640119237935,3.2417397778262873,3.089822712140284,0.15976020693778992
1307,48,0.8657275438308716,4870,28.22940474032478,9.441675240919492,2.989872455894027,0.5790213346481323
1308,48,0.4480741322040558,40505,120.66030895145698,15.770212039649419,7.65115324055793,0.504510760307312
1309,48,0.015294530428946018,15821,2.848929749694329,0.6815699796295874,4.179951926929728,0.08758620172739029
1310,48,0.0008201448363251984,5384,0.22686038494329036,0.07927683495785227,2.8616226298771843,0.008767202496528625
1311,48,0.01516127958893776,45962,1.0918794167427328,0.24304137311893093,4.492566029915965,0.08224201947450638
1312,48,0.00448191910982132,9374,0.11699173788714229,0.1320503198725492,0.885963305497276,0.010180119425058365
1313,48,0.0098539674654603,10713,0.5068865917966412,0.40590699422357757,1.2487752096141371,0.03432197496294975
1314,48,0.11125899106264114,18544,24.431146522632563,2.8685386848748586,8.516931164792664,0.2501981556415558
1315,48,0.007250041235238314,25842,1.4664476895867997,0.3385270746372813,4.331847581626108,0.061189088970422745
1316,48,0.16192106902599335,19029,43.364782883522885,6.023945643834136,7.1987340934761095,0.3221902847290039
1317,48,0.1009865254163742,7217,21.1495810609409,3.2033240595823558,6.602385730431452,0.1939866691827774
1318,48,0.002374365460127592,6069,0.1577783344602324,0.08014065503968748,1.9687677169612376,0.0059311045333743095
1319,48,0.030627483502030373,4055,7.31873857479676,1.1747615157820002,6.229978150006629,0.10345736145973206
1320,48,0.002114826813340187,18363,0.1289098912507339,0.06361031422506909,2.026556429081487,0.009544284082949162
1321,48,0.011376160196959972,9814,2.268349843952217,0.5786426444451979,3.9201221439930154,0.07715141773223877
1322,48,0.008249850012362003,32846,0.8951555430728727,0.20861260858991712,4.290994437580928,0.056011490523815155
1323,48,0.06898900121450424,2834,3.479310327790158,1.730629941676124,2.010429985059901,0.18354497849941254
1324,48,0.06971791386604309,5193,47.49739404858773,3.8294556642309305,12.403171158821662,0.18182192742824554
1325,48,0.0015691136941313744,21508,0.1139368374235748,0.05187373047327826,2.196426522285123,0.004342897329479456
1326,48,0.005916038528084755,12648,0.3964577275985617,0.1729201851748291,2.2927209289964305,0.03065522015094757
1327,48,0.01089960802346468,8676,2.753693787516072,0.7136111821334011,3.858815355555125,0.07724638283252716
1328,48,0.04707026481628418,12698,15.93634914656191,2.1695161056412195,7.345577709755897,0.12892666459083557
1329,48,0.00633396627381444,13092,1.1033872816684704,0.2490268751126275,4.430795998082577,0.05098637938499451
1330,48,0.011732429265975952,2510,3.5088407033329423,0.9660827937895232,3.632028979178536,0.043676137924194336
1331,49,0.006358009763062,26033,0.29587090241407105,0.12056940900558213,2.453946692215426,0.04037794470787048
1332,49,0.05331653356552124,14310,21.47442809511412,4.147027057700189,5.178270552933886,0.10841970145702362
1333,49,0.011404778808355331,9417,1.628118750035881,0.42700061620629876,3.8129189706964444,0.03157462924718857
1334,49,0.03253481164574623,33203,4.702308558574472,0.6594515878144244,7.130634978303538,0.1169557049870491
1335,49,0.0042738416232168674,24907,0.5845339431437345,0.2547744865519398,2.2943189918754827,0.04157330468297005
1336,49,0.007183907553553581,15450,1.4553982580937652,0.387398899933481,3.756846646544196,0.0546901635825634
1337,49,0.03378899395465851,21925,25.931328096648247,2.28874898535011,11.329913530325477,0.10419181734323502
1338,49,0.004414476454257965,19650,0.2381447494883511,0.10011671709787598,2.378671178891709,0.040381819009780884
1339,49,0.07924248278141022,8854,59.48669592598541,6.288916978510615,9.458973004293657,0.20635072886943817
1340,49,0.0018392300698906183,11580,0.10281587656786143,0.055321840243284695,1.8585042745117892,0.005367319565266371
1341,49,0.020042642951011658,10211,8.915145554139118,2.6212985138295366,3.401041700172981,0.1132020652294159
1342,49,0.037185389548540115,23274,19.788399367101096,3.367691874171139,5.875953058195257,0.09679747372865677
1343,49,0.4850570261478424,413,198.88613655191475,31.36957467254479,6.340096690121116,0.545674741268158
1344,49,2.5618040561676025,1148,435.93853494536006,81.19234807337834,5.369207139463083,1.203176498413086
1345,49,0.003147913608700037,7246,0.25697351984270045,0.07058915769806359,3.640410627057381,0.029751915484666824
1346,49,0.9100027084350586,3225,490.2100793283364,35.16648412754477,13.93969546544338,0.8068528771400452
1347,49,0.34611350297927856,40214,79.18647641413176,11.299232877049144,7.008128540740787,0.4757641553878784
1348,49,0.0375458300113678,11580,4.846437557706201,1.371699756484884,3.5331620748567762,0.13617271184921265
1349,49,0.022898638620972633,24889,5.216865244896167,1.0723147170101486,4.865050495098192,0.10224799066781998
1350,49,0.09880425781011581,34137,13.997538213911893,3.5874920709841827,3.901761435828887,0.23922184109687805
1351,49,0.004079560283571482,12179,0.6107476254020767,0.14343803758123724,4.257919556741824,0.03251960501074791
1352,49,1.3681968450546265,5654,150.04406253875072,17.586974995532266,8.53154465602293,0.8244276642799377
1353,49,0.02375795692205429,23126,1.9561479901421466,0.6137376119781669,3.187270833596145,0.0976291224360466
1354,49,0.0015537351137027144,3358,0.37080207203612087,0.09397083629696255,3.9459271263733604,0.0063029262237250805
1355,49,0.032571177929639816,8711,7.219773521358838,1.6594787730876497,4.3506272200886755,0.1339624524116516
1356,49,0.01092715747654438,23633,0.8684182583390556,0.2146301550248199,4.046114853873098,0.057252902537584305
1357,49,0.002147659892216325,14216,0.18638531828756116,0.06928005511206206,2.6903171191678235,0.01350544486194849
1358,50,0.01931641437113285,24779,3.1936003707807585,0.6363573270207902,5.018564625832309,0.08286721259355545
1359,50,0.006416094955056906,21741,1.375738812409187,0.2493413800597066,5.517490967902074,0.0356910303235054
1360,50,0.005871988832950592,3294,2.8075805873979633,0.3736697065636502,7.513535451427375,0.01861889846622944
1361,50,0.0019336973782628775,14282,0.38771483710885263,0.10974021383821819,3.5330242537790078,0.025296034291386604
1362,50,0.010810311883687973,17702,1.6632398980962897,0.2319653758159971,7.1702075891207935,0.04929216206073761
1363,50,0.009778948500752449,15790,0.8422146001933227,0.20766879083146653,4.055566543326994,0.06351517140865326
1364,50,0.0010622277623042464,12109,0.1964757325868678,0.06112632990587443,3.2142569803585017,0.014553481712937355
1365,50,0.03278571739792824,24045,7.973581562241179,1.7148404964973891,4.649751145090636,0.12918370962142944
1366,50,0.002037147292867303,14404,0.29865869693090846,0.08800826520174371,3.393530099052533,0.01315986830741167
1367,50,0.013655487447977066,15704,4.524054977624291,1.0697298334804917,4.229156592651546,0.07155408710241318
1368,50,0.008583945222198963,11915,1.0645238450385084,0.35773698711855206,2.9757164715057978,0.0481780543923378
1369,50,0.636006772518158,5938,75.82836164450502,9.763117645539863,7.766818387069046,0.5818177461624146
1370,50,0.030936894938349724,11127,2.5486001566822467,0.6390121675086333,3.988343706528602,0.10673751682043076
1371,50,0.0035743177868425846,18837,0.6693638738141626,0.17027520679826091,3.9310706849017785,0.027991153299808502
1372,50,0.004752492532134056,13971,1.076156477636593,0.2425871807801852,4.436163832611136,0.04950570687651634
1373,50,0.005741878878325224,6068,0.7553943711829649,0.22485391543255165,3.3594895144540966,0.050870828330516815
1374,50,0.009782422333955765,19443,2.2198722043079773,0.589508721700003,3.7656308084851196,0.07219170778989792
1375,50,0.005960959009826183,11654,2.175960403271821,0.5183486751345604,4.197870097194241,0.045738235116004944
1376,50,0.10692097246646881,8373,16.84296003482745,3.860404031229962,4.363004467554852,0.2343379110097885
1377,50,0.061228472739458084,12187,6.8430426245142035,2.299970291413213,2.9752743546554816,0.18392957746982574
1378,50,0.016524069011211395,16671,3.1605690591042777,1.0187860169211216,3.102289397976571,0.09507165849208832
1379,50,0.033662889152765274,36824,2.4972259389450704,0.6499646553719227,3.8420949790143064,0.11790281534194946
1380,50,0.05779014900326729,13660,7.047756233011151,1.285968005948271,5.480506669222042,0.17449939250946045
1381,50,0.006777539383620024,22745,1.3439541595086422,0.2796956968577518,4.805058406698864,0.06067178025841713
1382,50,0.002828198717907071,43444,0.6110265310837747,0.11503247489842229,5.311774189141117,0.019461659714579582
1383,50,0.0015396787784993649,16646,0.206448779262083,0.10310948092639814,2.002228867852109,0.019943218678236008
1384,50,1.8879621028900146,3674,30.946360789255422,14.738553603584142,2.099687772735565,0.6738082766532898
1385,51,4.099198341369629,13968,379.4072268026392,59.381257468153734,6.3893430853347875,1.1828194856643677
1386,51,0.0720476359128952,3982,12.22832829701632,3.2305453338930588,3.7852210797724504,0.20582625269889832
1387,51,0.01919420063495636,27539,2.959732333788492,0.6841347903928227,4.326241517530077,0.09260978549718857
1388,51,0.022011827677488327,10903,4.067427713026399,0.8753023942500644,4.646882882694061,0.10212431102991104
1389,51,0.001322635100223124,13480,0.1799352223675445,0.05117284788807323,3.516224517298469,0.013900727964937687
1390,51,0.013406378217041492,9680,3.1966809464660253,0.5829348474988422,5.483770545158378,0.06878086179494858
1391,51,0.7777720093727112,17961,103.38784684383741,18.38830744230171,5.622477608025597,0.584724485874176
1392,51,0.004316206090152264,4665,0.5347925607103795,0.14756635710538146,3.624081878804153,0.0320742204785347
1393,51,0.00407481798902154,11632,0.293683312333829,0.0918802297984069,3.1963711124253713,0.024763435125350952
1394,51,0.45722052454948425,25623,35.27249877629971,7.696787231523246,4.5827561182712415,0.42793381214141846
1395,51,0.00025306150200776756,3916,0.023539080876277686,0.015799190416298046,1.489891586502146,0.0006033778772689402
1396,51,0.005927689839154482,5703,1.150392490250131,0.34060379884540254,3.3775092766035413,0.024128302931785583
1397,51,0.04033038020133972,42360,12.403805278058565,3.170338500561989,3.9124545457388527,0.13298901915550232
1398,51,0.002464489545673132,22843,0.48483036540357854,0.10320487976750614,4.697746526046811,0.027246292680501938
1399,51,0.0878695696592331,21710,22.892868650713115,3.1757928247815155,7.2085522934830815,0.21635505557060242
1400,51,0.003407369600608945,6916,0.16969366753512136,0.09186286709792406,1.8472498507191584,0.007125538773834705
1401,51,0.020009979605674744,11092,4.156460175904608,1.3184313811948944,3.15257982719924,0.0939646065235138
1402,51,0.0010511318687349558,19366,0.0877240642533952,0.028168323627617106,3.1142806157010177,0.0035511241294443607
1403,51,0.0054837921634316444,25341,0.34482929546871177,0.11151795146435749,3.092141587409192,0.040678657591342926
1404,51,0.006742073688656092,12386,2.150029372968576,0.3792425034825166,5.669273230768094,0.058087728917598724
1405,51,0.0037378391716629267,9311,0.49626428571619835,0.10525748664122699,4.714764731206379,0.028601909056305885
1406,51,0.05572142079472542,22295,6.472692789954944,1.6309115803602197,3.9687576370764073,0.17250530421733856
1407,51,0.034205228090286255,34489,2.554218027450679,0.48276894124652725,5.290767092121343,0.11692073196172714
1408,51,3.922489643096924,6746,177.09321786144213,28.356634452580945,6.2452128498386505,1.17233407497406
1409,51,0.010025344789028168,16406,3.246724458790237,0.4197560585016789,7.734788797025824,0.07691619545221329
1410,51,0.0002464336866978556,14969,0.01821346294844011,0.012859277943670004,1.4163674684385636,0.001124829868786037
1411,51,0.0003037253918591887,3224,0.027417307501164254,0.02395838247208312,1.1443722267964953,0.0006872647791169584
1412,51,0.04652829468250275,9513,6.132392625957798,1.6526557193664504,3.7106292339610545,0.15147733688354492
1413,52,3.3536930084228516,4385,72.10527649517422,20.70744907713537,3.482093628557442,1.0415595769882202
1414,52,0.08531714230775833,21961,4.043935289810928,0.84551323774365,4.782817239618691,0.19315116107463837
1415,52,0.013449355028569698,19284,0.3331722625370509,0.11857511477562817,2.8097991991378706,0.08175842463970184
1416,52,0.005721635650843382,19341,2.2292509211605975,0.48925117400004,4.556454924635212,0.0468127503991127
1417,52,0.004117678385227919,19385,0.999015919945249,0.2097889593956034,4.762004267615541,0.04752897098660469
1418,52,0.012097716331481934,4903,5.6838085225750765,0.5165493686484887,11.003417809676774,0.04913269728422165
1419,52,0.019560987129807472,27592,1.0417221563188368,0.2053514403934023,5.072874844793312,0.10294421017169952
1420,52,0.007639694027602673,16569,0.46750231632649336,0.2112789041071766,2.212725961921538,0.03341254964470863
1421,52,0.004412271548062563,10083,0.38853145343909734,0.12021512395622044,3.231968163817387,0.02354593016207218
1422,52,0.019700603559613228,13091,5.990454710450194,1.6962248129978765,3.531639594317243,0.0960402861237526
1423,52,0.017441021278500557,5259,2.3075624282679663,0.5575628597153693,4.138658786278945,0.059925731271505356
1424,52,0.09013789892196655,6205,27.89434936618188,3.6572901133279427,7.627054048712546,0.20884765684604645
1425,52,0.0010203467682003975,4613,0.22934572131745215,0.07713215230535457,2.973412700925725,0.0044916048645973206
1426,52,0.034741103649139404,24042,5.600349156530952,1.1315315341665135,4.949353144321534,0.12947669625282288
1427,52,0.0032081129029393196,13909,0.15870513269775818,0.1368568158537547,1.159643615164852,0.006746354047209024
1428,52,0.17509908974170685,3378,50.22252241590487,11.965615143107057,4.197236984078666,0.34811538457870483
1429,52,0.2218465954065323,16291,24.790504065021054,3.3433912448444616,7.414778065008339,0.35000115633010864
1430,52,0.0065018231980502605,14944,0.6725418418861745,0.17781712074394115,3.7822108415019318,0.04024583101272583
1431,52,0.015356346033513546,10908,2.621411550162188,0.5558648760587445,4.715915077678767,0.08194854855537415
1432,52,0.6897069811820984,17575,148.4377697367116,38.902235903621595,3.8156616525706943,0.6882872581481934
1433,52,0.013391973450779915,19479,0.8304146477205512,0.42163051790156214,1.9695316455068799,0.06011414900422096
1434,52,1.5449883937835693,15238,341.86510497573545,52.07610235479013,6.564721427241818,0.984117329120636
1435,52,0.011916741728782654,4900,1.4007191718203837,0.5303073799198929,2.6413344879894605,0.0717673972249031
1436,52,0.026651956140995026,13559,5.824199100823332,1.0015322038722563,5.815288892657897,0.09128832072019577
1437,52,0.0030051840003579855,9542,0.25316210051032295,0.11556980089702525,2.1905558246457857,0.013191480189561844
1438,52,0.23159173130989075,7535,40.38209683910006,13.904893687810958,2.9041643716050944,0.35296037793159485
1439,52,0.09495408833026886,48941,18.2217531428264,3.5199740609075225,5.1766725627868055,0.24280881881713867
1440,52,0.01515811774879694,42359,1.7680927012346457,0.489712768189979,3.610468862729595,0.07548151165246964
1441,53,0.04169442132115364,46928,5.022735214386055,2.175567169113371,2.3087015127327497,0.1445351243019104
1442,53,0.045876774936914444,5087,9.18013379899991,2.439313773159322,3.7634083404966496,0.172188863158226
1443,53,0.08159372955560684,9959,26.336334958819215,3.0923090877543684,8.516721392147806,0.18291115760803223
1444,53,0.008430873043835163,20112,0.8085329336987359,0.3197292796183168,2.5288047896689645,0.021398235112428665
1445,53,0.002414816990494728,19089,0.29742065277135094,0.09686398168592188,3.0704979042948763,0.02092548832297325
1446,53,0.010576891712844372,16100,1.6600616069077532,0.3821304315709634,4.344227702773596,0.0669403150677681
1447,53,0.008124927058815956,31226,0.6625916516589123,0.2232295383042652,2.9682077770228674,0.054193831980228424
1448,53,0.5259055495262146,33504,71.13078705588504,12.367609255875266,5.751377294046415,0.6080259084701538
1449,53,0.2635319232940674,19232,29.336309917749848,4.349144571450662,6.745305757439548,0.41234642267227173
1450,53,0.0002973811642732471,2510,0.015226331522288503,0.014245334622651406,1.068864433483251,0.000534156512003392
1451,53,0.09398988634347916,4167,16.081821087266412,3.639145835253215,4.41911970976096,0.23117589950561523
1452,53,0.0018267282284796238,3358,0.3146618926038913,0.14792983773511797,2.1271022629335627,0.0031302457209676504
1453,53,0.006800482980906963,4996,0.36162237609642556,0.16242916749086042,2.226338912403445,0.039104681462049484
1454,53,0.007676342502236366,5935,1.1233354546013117,0.2688917036192441,4.17765010774672,0.034729547798633575
1455,53,0.0039435140788555145,6226,0.3094934193517834,0.129638867110405,2.3873505396018357,0.009861383587121964
1456,53,0.39076468348503113,8529,30.628027194153006,6.602660660343023,4.638740163962503,0.46730491518974304
1457,53,0.010076883248984814,28232,1.529563675916739,0.5497443613848554,2.782318079735913,0.06832756847143173
1458,53,0.7879977226257324,12428,83.96702291675253,7.996299779824269,10.50073474341245,0.6016091108322144
1459,53,0.01117484550923109,3295,1.6679132885658619,0.3656373196454594,4.56166041852236,0.06687284260988235
1460,53,0.022863678634166718,34572,1.7666622929565905,0.4611365762109727,3.831104241326763,0.09694110602140427
1461,53,0.01764344796538353,13652,2.4310822730572546,0.6338803373139505,3.835238498412902,0.07142829149961472
1462,53,0.025660797953605652,20728,1.8677788600041014,0.4906355857436094,3.8068556669599927,0.10414139181375504
1463,53,0.01601804792881012,8246,4.2148908129914835,0.59581943825893,7.074107594241849,0.054831430315971375
1464,53,0.004880894441157579,9985,0.4138657084248925,0.19051532148065004,2.1723486867420005,0.02317357435822487
1465,53,0.0021786768920719624,14339,0.15970181331029262,0.04670180186567441,3.419607101375098,0.025100313127040863
1466,53,0.17646093666553497,15980,83.94065868035308,8.388598043540332,10.006518162469575,0.33657997846603394
1467,53,0.010433468036353588,13879,1.4584384698665798,0.3279329734221546,4.447367566129606,0.062417879700660706
1468,53,0.014388739131391048,23448,1.8819009940883553,0.40546698915312085,4.641317405430092,0.08084017038345337
1469,54,1.719706654548645,21494,443.3595112886036,48.12896112837849,9.211906945300225,1.0390329360961914
1470,54,0.033280037343502045,45156,8.941037631655258,2.647175581606929,3.377576347325006,0.12052321434020996
1471,54,0.004300001077353954,9850,0.681885617888023,0.13661342181802336,4.991351572990691,0.027782510966062546
1472,54,0.0926322191953659,26951,53.02265877670829,6.029274894753971,8.7942015751901,0.21309450268745422
1473,54,0.025907719507813454,22581,4.144189300956992,1.1565376909425125,3.583272152225432,0.11712698638439178
1474,54,0.0012694218894466758,16507,0.13777664839507237,0.0454240094766765,3.0331238915134144,0.013509299606084824
1475,54,0.008269349113106728,11549,1.5648087800913528,0.4355029167390047,3.5931074625283026,0.0373353511095047
1476,54,0.02191680483520031,46056,1.0813297793566288,0.2522913713542245,4.286035521342202,0.09362301230430603
1477,54,0.012272543273866177,18929,2.0668326444529534,0.42044583377148453,4.915811927325166,0.07847873121500015
1478,54,0.03203775733709335,10476,7.536636389101931,2.0264043665859344,3.719216417696464,0.1264277994632721
1479,54,0.0027762670069932938,4282,1.5307766708307753,0.47759453225524406,3.205180477253594,0.020807981491088867
1480,54,0.011701754294335842,10512,1.2732533514832174,0.30182083804933585,4.218573375211661,0.05756574496626854
1481,54,0.000486397126223892,6582,0.029983138065024444,0.019611584264025723,1.528848340849995,0.0010539096547290683
1482,54,1.3002052307128906,16973,113.52764582776939,16.572267404285125,6.8504594488022486,0.8027747869491577
1483,54,0.10612554848194122,12589,10.008350700308425,2.179854969628477,4.591292007839221,0.2439757138490677
1484,54,0.0049427105113863945,22550,1.123511070845778,0.24898186196330718,4.512421354640038,0.04717230796813965
1485,54,0.00926094688475132,19977,0.6159555719164901,0.22579651661118144,2.727923269845785,0.04585617780685425
1486,54,0.0272771418094635,11302,2.582974398711235,0.823496325759021,3.136594928128376,0.1179484948515892
1487,54,0.04324748367071152,16962,15.088860329883886,1.619819164740495,9.315151134350172,0.1607716679573059
1488,54,0.008564147166907787,18610,0.696369439364005,0.1902371825583481,3.6605327622887778,0.049207497388124466
1489,54,0.002965478925034404,15402,0.4211345638675744,0.14294213415857496,2.946189143905158,0.03889608010649681
1490,54,0.028935328125953674,5384,8.440959757978694,1.7223884947708694,4.90072929748448,0.0655192881822586
1491,54,0.0025083443615585566,8482,0.5945428273181526,0.09858404797924306,6.030821816500202,0.006187837570905685
1492,54,0.003916775807738304,18877,0.3537590284848827,0.09191111927404867,3.848925258175139,0.027978908270597458
1493,54,0.05296795442700386,4753,8.47525281502462,1.921144783153746,4.411563818270508,0.13494573533535004
1494,54,1.1496943235397339,19642,254.1966896544749,37.743166336847494,6.734906324123203,0.814746081829071
1495,55,0.0060312217101454735,14809,0.7116717225671508,0.13324487855871825,5.341081250250011,0.04466085508465767
1496,55,0.0016376613639295101,9353,0.1159740566190214,0.04096494554911386,2.831056042223863,0.00831673201173544
1497,55,0.01885383576154709,18444,3.894859124162758,0.8601926737530774,4.527891532910531,0.10103808343410492
1498,55,0.05613771080970764,23372,5.492762398520744,1.4701618784927095,3.7361616287782464,0.14334850013256073
1499,55,0.0038573816418647766,7132,0.2522092301228488,0.11402076208172758,2.2119588179901726,0.03264032304286957
1500,55,0.002116205869242549,9229,0.24648817939099738,0.10034045312730394,2.4565184998299374,0.018104393035173416
1501,55,0.4675963819026947,3997,133.52369142546252,17.139615021861204,7.790355340837481,0.5566778182983398
1502,55,0.00016935713938437402,1562,0.030716819769637606,0.007643556281156,4.018655536212443,0.0026181675493717194
1503,55,0.007834436371922493,14200,1.8064167935669595,0.4437725003479084,4.070592008623103,0.0577113963663578
1504,55,0.004534556530416012,22277,0.8739428946610963,0.19364586724182206,4.513098611937926,0.03519613668322563
1505,55,0.009253029711544514,15721,0.7551415161744994,0.4275121027467738,1.766362896678091,0.06816510111093521
1506,55,1.4672584533691406,5586,71.28857919358208,11.357963063595424,6.276528528435716,0.6678001880645752
1507,55,0.009869469329714775,12930,2.368455301842192,0.5060500311762193,4.68027893671398,0.06445088237524033
1508,55,0.7476752996444702,21478,182.2647349155457,31.704722565531817,5.748819739356159,0.6372861862182617
1509,55,0.017984407022595406,15003,4.781366882891342,1.0317421079924518,4.634265526091804,0.06645582616329193
1510,55,0.009399798698723316,5491,1.3024341975199676,0.2572005576739182,5.0638855891057,0.06607163697481155
1511,55,0.0429224967956543,9874,20.929570122646613,2.3748855293855504,8.812875342270862,0.13125036656856537
1512,55,0.017959514632821083,6358,8.25180311439216,1.0053912447409408,8.207554181069275,0.05367200821638107
1513,55,0.03762033209204674,41566,2.984171436018459,1.2604314886995054,2.36757924787734,0.12887868285179138
1514,55,0.008250391110777855,22937,0.7214268717769763,0.18490535655754578,3.901600717275889,0.06594815850257874
1515,55,0.04455924779176712,8393,6.866409761138129,1.8871257925542877,3.6385543498086452,0.1483520269393921
1516,55,0.030106190592050552,6534,2.487969634999114,0.80398977873791,3.094528936551399,0.11578153818845749
1517,55,0.004687356762588024,39143,0.8379787941096458,0.22697379037478244,3.6919628152760327,0.048943378031253815
1518,55,0.0051593901589512825,14554,0.583017397087874,0.14419524031957104,4.043249942173716,0.033880431205034256
1519,55,0.07369279861450195,22056,10.044624705474503,4.724955082076057,2.125866707934704,0.20451050996780396
1520,55,0.009182029403746128,37528,2.080527730716102,0.558441118384482,3.7255991047563777,0.04925258830189705
1521,55,0.006253075320273638,3479,0.9290596901825792,0.19323504876080536,4.807925353789215,0.045637793838977814
1522,55,2.028071165084839,13152,361.1344430231029,44.587633254375305,8.0994306417387,1.0058537721633911
1523,56,0.0001954451872734353,10293,0.027945452605686934,0.0137991176029121,2.0251622899252846,0.00255660992115736
1524,56,0.012840356677770615,11145,0.850413886450527,0.2526841954463753,3.3655206846034678,0.07296288013458252
1525,56,0.0034895744174718857,8816,0.5882871184249296,0.21902985772234224,2.685876366536284,0.03610546514391899
1526,56,0.052506547421216965,34978,10.07935811860673,1.685479789169202,5.980112122002374,0.15936101973056793
1527,56,0.1390865296125412,21118,30.526147859274268,4.804786502485905,6.35327872392962,0.3017573356628418
1528,56,0.0405399315059185,2718,10.018370729578239,2.6459439111690677,3.786312584815147,0.15163205564022064
1529,56,0.0035675789695233107,12078,0.46442110418095733,0.13913023281394496,3.3380315319293463,0.03953704610466957
1530,56,0.00798649899661541,5339,2.4729516695072804,0.4023733193248281,6.1459136347575996,0.036117613315582275
1531,56,0.02776225097477436,36161,2.6763530482233016,0.7112431682807376,3.7629226790170653,0.11426445096731186
1532,56,0.09297817945480347,6308,16.152944082715702,3.7151790152421236,4.347823891242195,0.18481673300266266
1533,56,0.04205656051635742,6202,10.064380541115927,2.420131829248243,4.158608394584038,0.15494351089000702
1534,56,0.0013010913971811533,4558,0.35505986014602364,0.07513195622582307,4.725816789251425,0.015695571899414062
1535,56,0.09821879118680954,18241,9.583909346373236,2.820536537175536,3.3979029238057987,0.23059944808483124
1536,56,0.022990569472312927,16692,4.878187262500793,0.6982231181080731,6.986573683942023,0.10594116151332855
1537,56,0.031201640143990517,28460,4.495339841631734,0.8899493175714388,5.051231292467201,0.12922275066375732
1538,56,0.6108444333076477,20649,37.50013671851562,8.22427310880155,4.5596901054244805,0.6154814958572388
1539,56,0.018574006855487823,9975,4.8396474876985955,1.0206029171401563,4.74194949516222,0.06664379686117172
1540,56,0.029757756739854813,26081,2.000195255285779,0.47011899869641643,4.254657354473709,0.10530431568622589
1541,56,1.5843415260314941,10567,39.53198801190575,12.26068551648821,3.2242885570092947,0.8486583828926086
1542,56,0.009359913878142834,9010,2.0177603359613348,0.3483683669281071,5.792030871654742,0.04285510256886482
1543,56,0.15870939195156097,16356,59.82657635434263,10.355193308503539,5.777446598240528,0.30326905846595764
1544,56,0.015824338421225548,9214,4.797617305021205,0.6211087013531316,7.724279654368897,0.07045618444681168
1545,56,0.016848284751176834,25000,3.14000547761019,0.5745300848929611,5.46534561056055,0.05822310224175453
1546,56,0.476325124502182,9596,37.82633237440755,4.891303604106222,7.733384683511534,0.478487104177475
1547,56,0.05158333480358124,19309,18.325862032614847,2.58047890796262,7.101729053494441,0.17444518208503723
1548,56,0.015580860897898674,45606,3.1834968411733913,0.9583304099293368,3.3219198808527914,0.0751870721578598
1549,56,0.3415619134902954,3993,18.289261065254173,4.449019711612213,4.110851884408148,0.4352225959300995
1550,56,0.011316687799990177,7279,1.6665526907441306,1.218218551164712,1.3680243903275058,0.06893379241228104
1551,57,0.006346351467072964,23811,0.6068219230220909,0.22592274201295914,2.6859709545513444,0.049615368247032166
1552,57,0.01248872559517622,10626,1.0353662817589262,0.4189258211391557,2.471478790543528,0.056975919753313065
1553,57,0.38762539625167847,7668,41.04410023456806,8.376297030141389,4.900029223757166,0.43056604266166687
1554,57,0.006636324338614941,19073,1.7682308446085482,0.26397155533157424,6.6985658450236345,0.02165319211781025
1555,57,0.007485953159630299,9439,1.215610470722389,0.444503318225162,2.734761296211269,0.06271422654390335
1556,57,0.2669053077697754,14973,71.78645020891635,11.92325872526063,6.020707246486522,0.4154794216156006
1557,57,0.0012363523710519075,8867,0.052140717881633256,0.027269564216957892,1.912048079129072,0.0054320842027664185
1558,57,0.0063251000829041,16971,0.5539580370718047,0.15556123146325437,3.5610288749809484,0.042474329471588135
1559,57,0.008865022100508213,17264,0.6360144903649187,0.15843174729144482,4.014438401609729,0.053709302097558975
1560,57,0.006358911748975515,20502,0.686008699932031,0.3268218780199809,2.099029306379518,0.04571377485990524
1561,57,0.0053094481118023396,8520,0.6203039653970537,0.16992669281013725,3.650420985280295,0.029702574014663696
1562,57,0.007094512693583965,22914,1.0007383481795435,0.2327622825242092,4.299400819250684,0.042641591280698776
1563,57,0.00390882370993495,9162,1.379903502960791,0.3829628484166725,3.6032307276339783,0.03677409142255783
1564,57,0.03992389887571335,7202,13.249268709557963,2.389585451110624,5.544588791915546,0.11628728359937668
1565,57,0.007001861464232206,7514,1.0940804118680125,0.24488661688758873,4.467701933935266,0.05402657762169838
1566,57,0.01569671742618084,30846,2.1160818218143813,0.5323236958545368,3.975178708536485,0.08784956485033035
1567,57,0.028012514114379883,10435,2.2078790977260607,0.6009173592489815,3.67418092311689,0.11831824481487274
1568,57,1.227582335472107,36514,504.6244271736128,44.18338046216597,11.421136678432946,0.9290387034416199
1569,57,0.28946709632873535,14534,86.28926868764643,17.851565538841733,4.833708757917728,0.44851696491241455
1570,57,0.22713643312454224,22944,27.767423091794747,4.306183867766603,6.448266944576576,0.33410772681236267
1571,57,0.008527856320142746,21870,1.9126669019303404,0.35319426767290313,5.415339593496081,0.03928539156913757
1572,57,0.01789976842701435,4167,1.2226536174926046,0.4595329375323469,2.6606441402339747,0.08465207368135452
1573,57,0.003529655048623681,10854,0.18013514859202825,0.06533408340578033,2.757138987784957,0.02587977796792984
1574,57,0.004701703786849976,17783,0.33817227702966984,0.14510160871452413,2.330589440208525,0.034848012030124664
1575,57,0.0006761127733625472,3795,0.12603077719943742,0.06582738114115975,1.9145646539889438,0.005876810755580664
1576,57,0.009003246203064919,10854,1.1320739969696743,0.3353664573650277,3.3756327506960524,0.026823630556464195
1577,57,0.038991738110780716,11643,33.26780464912374,3.7141199313581774,8.957116427026477,0.1043906956911087
1578,57,0.030935892835259438,26526,5.91457688225095,1.3409558478069574,4.410717095510213,0.12466827780008316
1579,58,0.003291831584647298,4900,0.30235367495056187,0.09709158097766113,3.1141080606877067,0.0223104115575552
1580,58,0.09564538300037384,6601,20.587952048029955,4.480031655408143,4.595492539248529,0.234732523560524
1581,58,0.33495625853538513,22381,107.45862212384705,12.52648998628733,8.578510200500919,0.5042111277580261
1582,58,0.051881738007068634,10525,6.126072069668719,1.5584108648906554,3.9309736653399288,0.15874861180782318
1583,58,0.026806125417351723,14012,10.746606335471698,1.660699149371546,6.471133762868511,0.09789922833442688
1584,58,2.0132439136505127,15618,55.4993841463714,15.162420158652333,3.660324906291255,0.8805378675460815
1585,58,0.00335840811021626,15186,1.350022822646515,0.33979804444486855,3.9730152798497937,0.030583802610635757
1586,58,0.017076650634407997,5149,9.15575753928683,1.8935326522695775,4.835278403204695,0.09791575372219086
1587,58,0.05478869751095772,15566,22.484832398494184,5.859038994131701,3.8376314649912238,0.1709543913602829
1588,58,0.020068714395165443,22216,3.466117891257845,0.6545864672707679,5.2951261056528995,0.08933833986520767
1589,58,0.007170528639107943,21651,0.7879287581894875,0.35108577287829246,2.2442628527143054,0.05834117904305458
1590,58,0.108273945748806,16931,26.781172513020582,4.073019383044759,6.575262721434416,0.25548291206359863
1591,58,0.00699624652042985,29664,2.161165687943412,0.7116521241567418,3.0368288305205384,0.052878253161907196
1592,58,0.0012806872837245464,2348,0.27296592374682066,0.083500040510745,3.2690513929562184,0.016297772526741028
1593,58,0.016508344560861588,9088,6.999843050697375,0.9109160838931412,7.684399446295029,0.07702309638261795
1594,58,0.04212464019656181,6596,16.22626346318505,1.8837334694433874,8.61388499296083,0.11355897784233093
1595,58,0.018699312582612038,17754,2.3350673317869455,0.526205576972007,4.437557171513461,0.08453793078660965
1596,58,0.020039645954966545,10555,2.3884430944972492,0.8435275278157943,2.831493953349671,0.09661553800106049
1597,58,0.29375484585762024,25250,56.28292656103356,8.890944813485682,6.330365078372542,0.4385668635368347
1598,58,0.00968488585203886,6946,4.261993315442638,0.5626553585924554,7.574784902247996,0.036138154566287994
1599,58,0.003696298925206065,13211,0.7046573048827,0.1559226385949482,4.519275143288982,0.03692222386598587
1600,58,2.889087438583374,27663,238.88193344205695,35.136762506710355,6.7986324407784835,1.0717875957489014
1601,58,0.009751223027706146,21147,0.7181327491391309,0.241398022005719,2.974890776524849,0.05438320338726044
1602,58,0.4317488968372345,26011,123.95362823715774,18.560762194060302,6.678261751385293,0.4796251952648163
1603,58,0.27849191427230835,7052,36.876681635396444,6.152495310140833,5.9937764722239715,0.38128674030303955
1604,58,0.0008112174109555781,7468,0.1555055886143156,0.050844502515288596,3.0584543248210103,0.0076637170277535915
1605,58,0.005138871725648642,10295,0.3353366579669053,0.1376502132139743,2.4361506614101316,0.02825479581952095
1606,58,0.1448904275894165,6246,22.83946127236997,7.293833748454719,3.1313383414045646,0.3003731369972229
1607,59,0.026585636660456657,30623,1.6494087865111005,0.5804474255771607,2.8416161633729184,0.10724905133247375
1608,59,0.012973006814718246,39386,0.6102627132603439,0.14863392396762934,4.1058104163969045,0.07127520442008972
1609,59,0.28560763597488403,3016,29.4172070448275,7.7656806628631845,3.7881041368983706,0.4506952166557312
1610,59,0.12717029452323914,6350,37.336930601204074,4.321770905665419,8.63926649889062,0.27127981185913086
1611,59,0.0182938352227211,13895,2.126766592487298,0.5834767809231931,3.6449892472475494,0.08801469951868057
1612,59,0.016239972785115242,19355,2.3912158310773775,0.607871729219545,3.9337506847761436,0.0852242261171341
1613,59,0.025451818481087685,5674,4.617461582061116,1.0133137873191558,4.556793403820757,0.07961102575063705
1614,59,0.0023370953276753426,11452,0.6469519960956653,0.1258501285916082,5.14065423158943,0.02039841003715992
1615,59,0.0013496618485078216,7707,0.10115335655850162,0.042984091807156136,2.3532742534136313,0.0028626741841435432
1616,59,1.9071383476257324,13232,325.41310284010035,41.547623716863974,7.832291566364816,1.0686240196228027
1617,59,0.0039024672005325556,27243,0.2720692872126908,0.09233648805974273,2.946498106292633,0.026193911209702492
1618,59,0.02407236397266388,21051,4.460999282970937,1.3148264089935062,3.3928427756348603,0.10992858558893204
1619,59,0.0029969962779432535,13595,0.6631987395712047,0.21876038460024996,3.03162174806039,0.01630716770887375
1620,59,0.009453986771404743,8859,1.9707223004721595,0.42034050157940467,4.68839498707024,0.06858690828084946
1621,59,0.011132961139082909,12661,1.187106468848883,0.349985475028354,3.391873530606715,0.0665929988026619
1622,59,0.003237816272303462,15048,0.8777884262555545,0.150274807074105,5.84122144849502,0.009080411866307259
1623,59,0.010311119258403778,15415,1.6961003595526418,0.35987388089292316,4.7130410113108105,0.0640263482928276
1624,59,0.004066303372383118,2434,0.8653472069050672,0.18306077023669035,4.727103495639619,0.03900295868515968
1625,59,0.02604282833635807,35835,2.316504233542457,0.5641013966239189,4.106538731161381,0.1046842485666275
1626,59,0.20958228409290314,38725,42.152583930686916,5.209503789597947,8.0914777362955,0.37457337975502014
1627,59,0.006029921118170023,24858,0.5644023304825144,0.32805324823077947,1.7204595093164488,0.04723299294710159
1628,59,0.005185266491025686,2436,2.5227433422091634,0.36512218386343753,6.909312700500847,0.015603707171976566
1629,59,0.12932075560092926,16680,15.31444502954013,2.8772069102256816,5.32267768963949,0.3034050166606903
1630,59,2.1035048961639404,2392,403.0245417466294,51.86123086987074,7.771210497450079,1.201725721359253
1631,59,0.03219492360949516,3263,4.571038604181778,2.5475487046667205,1.7942889946741896,0.12205764651298523
1632,59,0.009344208054244518,5462,1.0555169129137043,0.27213479197902013,3.8786547843952253,0.041794925928115845
1633,59,0.010021504946053028,30738,2.204945130303948,0.3265275285172453,6.752708233544061,0.061862457543611526
1634,59,0.006008786149322987,6914,2.680333273790641,0.2711324961148161,9.885695415298793,0.02127545140683651
1635,60,0.0017744718352332711,26218,0.06922211505384487,0.028240007874275615,2.4512073565832635,0.014437837526202202
1636,60,0.048259761184453964,9238,5.5254020164945015,1.562848818177542,3.5354680198269004,0.15702778100967407
1637,60,0.7484655380249023,22879,168.20443058633583,25.27679651261018,6.654499532898275,0.7102130651473999
1638,60,0.011753576807677746,18656,0.6757406321766459,0.24878507325413138,2.716162281503391,0.07342241704463959
1639,60,0.04954960197210312,22909,9.1030967892696,3.8910587016557994,2.3394909939018738,0.16311363875865936
1640,60,1.2746456861495972,16156,283.46717733290643,39.082468967204015,7.2530519392408435,0.8560912013053894
1641,60,0.011628001928329468,15340,3.150892185837783,0.7912589486463149,3.982125183196152,0.06765897572040558
1642,60,0.00588417612016201,34299,1.2803874485165707,0.2136402400182119,5.993194205368005,0.049718283116817474
1643,60,0.18730399012565613,5173,63.08762817009709,8.608966613878026,7.328130192581973,0.3460755944252014
1644,60,0.07186998426914215,5631,11.761199807973227,2.890078005678858,4.069509468207775,0.2178707867860794
1645,60,0.08614066988229752,41563,39.09528624080829,3.784275864223679,10.330982106881397,0.21884511411190033
1646,60,0.030537091195583344,9703,5.513157797945828,1.1232070252362343,4.908407509988094,0.10031287372112274
1647,60,0.31951388716697693,12598,10.352535331650826,3.462411020365794,2.9899787375775277,0.3615427315235138
1648,60,0.0019662741106003523,2434,0.2977616596557916,0.07852605380698864,3.7918836515569256,0.005341187585145235
1649,60,0.003715780796483159,11098,0.3667036886745593,0.10941822575480165,3.35139494486928,0.015359119512140751
1650,60,0.0009948808001354337,12586,0.1320500507173989,0.051132277690402766,2.5825184536929284,0.016734104603528976
1651,60,0.020183473825454712,22976,4.268051407538391,0.9679840114357307,4.409216843575272,0.09764869511127472
1652,60,0.0011084976140409708,13439,0.2479238730807241,0.05441076060155701,4.556522833629954,0.007721345871686935
1653,60,0.010663711465895176,6958,2.3391680880298744,0.8887357183352327,2.6320176400797073,0.07135961949825287
1654,60,0.008735833689570427,7063,1.911857237669753,0.42346691085925964,4.514773618996288,0.06231396272778511
1655,60,0.00468729343265295,16769,0.8525910771294588,0.19673034162417957,4.333805706258863,0.028579434379935265
1656,60,0.01007496565580368,3984,2.747060939150799,0.5213599825444423,5.26902913748537,0.07077929377555847
1657,60,0.006587321870028973,9899,0.3821386127916863,0.1963542194418222,1.9461696004091424,0.023772509768605232
1658,60,0.018278760835528374,38599,1.670024739271515,0.34728747613937255,4.8087675312440465,0.0869632214307785
1659,60,0.020734010264277458,26611,3.2791270336456844,0.7829940659265817,4.187933442076645,0.10356064885854721
1660,60,0.04251530021429062,10693,4.587120202583694,1.607245911534907,2.854025118160156,0.146237313747406
1661,60,0.006115439347922802,14126,1.1670763567977802,0.22964113165388467,5.082174732319803,0.04769250750541687
