step,epoch,loss,n_valid_px,grad_theta_norm,grad_phi_norm,egr,r_rms
0,1,1.4458614587783813,5767,4.771545534683385,5.859535176342089,0.8143215103388605,0.8848457932472229
1,1,1.4427348375320435,12372,8.900132390442279,8.859737535452235,1.004559373776864,0.8818845152854919
2,1,1.2075738906860352,15118,13.177399586538694,13.668740892161836,0.9640536528199274,0.8098544478416443
3,1,1.104280710220337,52270,9.355566201867504,10.446833362975225,0.8955408664814936,0.7666735649108887
4,1,1.4498679637908936,11450,9.760210608415203,14.214141037572338,0.6866549714552067,0.8770315051078796
5,1,1.049418330192566,10378,6.345309061231374,7.101900764112835,0.8934663088077003,0.7452297806739807
6,1,0.8220048546791077,17239,5.179763540227166,4.915344551617923,1.0537945988997155,0.6562221646308899
7,1,0.5225470066070557,23937,3.8078499874743668,4.575323153392204,0.8322581509134158,0.48044559359550476
8,1,0.45379629731178284,12906,4.181652028096464,4.500839223793814,0.9290827377234703,0.4487254023551941
9,1,2.6710591316223145,12273,15.261643764215345,18.851045406852364,0.8095913746336275,1.1037184000015259
10,1,0.7246189117431641,11120,12.887598484674243,7.064433180977862,1.824293351570566,0.5949697494506836
11,1,0.9957228899002075,18863,5.298608906842232,5.241012698811295,1.0109895188849647,0.6436270475387573
12,1,0.7503809928894043,2347,7.061972809417923,9.06496896521218,0.7790399323503747,0.6573161482810974
13,1,0.5274008512496948,15895,2.6008000903436437,3.174320626971148,0.81932495043024,0.5145085453987122
14,1,1.4383482933044434,8021,9.81715933616815,8.619683695307168,1.1389233854963594,0.8710019588470459
15,1,0.23533771932125092,8978,2.745192139646768,2.679695402739532,1.0244418588915933,0.3298510015010834
16,1,0.7319510579109192,17226,4.1624915503822555,2.5897284586008777,1.607308108522493,0.5976077318191528
17,1,0.3324138820171356,10185,6.705400414170555,4.222223774899127,1.588120566709936,0.4000701308250427
18,1,0.38584187626838684,52926,3.159012293913596,2.1106780600833686,1.4966812578642728,0.4694259762763977
19,1,0.20361927151679993,15152,1.701267454350843,3.0699024148253153,0.5541763953585134,0.3490951955318451
20,1,2.215442419052124,4698,11.755354290377198,14.705791403641642,0.7993690354852567,1.0717289447784424
21,1,0.7478670477867126,9521,8.016023800693215,6.5185040820893825,1.2297336474356555,0.6523722410202026
22,1,0.585651159286499,18488,4.4830243671888095,3.708222956449414,1.2089414309327429,0.5619345903396606
23,1,0.3525051474571228,11360,2.9265684894590787,3.099303365784313,0.944266547691608,0.43185701966285706
24,1,0.2559303045272827,19186,0.7643042090416136,2.8035396819266385,0.2726211488885003,0.4050738215446472
25,1,0.26108548045158386,19064,1.950060034097956,1.6852042901906583,1.1571653629461005,0.3628425896167755
26,1,0.18141870200634003,7946,1.5558825936246958,1.8689071824445866,0.8325092911188463,0.3013473153114319
27,1,0.5077630877494812,13018,10.49117998525085,6.554568560298795,1.6005904719335184,0.5578076243400574
28,2,0.08758706599473953,17155,0.9139202365873298,1.2836655687789784,0.7119613229604171,0.18996112048625946
29,2,0.6295990943908691,14568,5.045513524517027,4.118686264224366,1.2250298276763687,0.6224522590637207
30,2,0.8329374194145203,13995,6.011849781816584,3.688346275383365,1.6299580714367945,0.6732758283615112
31,2,0.2586003243923187,12185,15.311804432546547,5.410876226343621,2.829819754145552,0.3432144820690155
32,2,0.282057523727417,8088,5.218330412119114,2.1133392992966775,2.4692345492526035,0.41285213828086853
33,2,0.9977017641067505,12266,3.3211022728033113,5.132032291751224,0.6471319906035492,0.751484215259552
34,2,0.10026602447032928,49650,6.988838561658884,2.407815798020444,2.9025636294112567,0.18218138813972473
35,2,0.06318318098783493,27372,0.8877686658040441,1.107914783708121,0.8012968856972348,0.14894631505012512
36,2,2.0958127975463867,1949,14.642897910883892,20.721499951229443,0.7066524115217054,1.1499038934707642
37,2,0.9024714231491089,4628,6.3878917118616645,5.869984191138659,1.0882297982171316,0.6516287326812744
38,2,2.39182448387146,1730,13.373123179878581,14.556518689343152,0.9187033977889332,1.0578199625015259
39,2,0.6492103338241577,18843,11.386253742651327,4.251421508293632,2.6782227357217945,0.5439623594284058
40,2,0.35395634174346924,7896,2.8547841724396283,1.226789504472217,2.3270366774660918,0.44694069027900696
41,2,0.6580538153648376,15156,4.101780128155775,4.57433683874442,0.8966939411660705,0.601154088973999
42,2,0.6232707500457764,7729,1.5605669652920804,2.9294351448940534,0.5327194111163664,0.5867238640785217
43,2,0.827708899974823,31121,3.3919963260944908,4.2085833494107066,0.805971046425548,0.7369804978370667
44,2,0.8010756969451904,3927,8.454180018787953,9.211405157803307,0.9177948286885633,0.735086977481842
45,2,1.5695384740829468,1663,10.79949698513508,19.160563387983633,0.5636314948811642,1.0717709064483643
46,2,0.6442796587944031,12220,3.956442906888302,4.26998116544194,0.9265715125181089,0.6502734422683716
47,2,0.5882586240768433,18899,3.219315118162631,5.3353607953630835,0.6033922056330112,0.5925318598747253
48,2,0.6321135759353638,13072,5.620507714089511,6.4814980488236,0.8671618307605251,0.6159140467643738
49,2,0.765277624130249,26315,2.036148737198524,9.05216549627456,0.22493498799113656,0.7149443626403809
50,2,0.6397193670272827,15031,3.998090884475156,8.229968471380653,0.4857966222322543,0.6274413466453552
51,2,0.9164631366729736,6452,5.639062554119091,12.056964545284906,0.4677016783900124,0.820736825466156
52,2,0.5551267266273499,10861,9.53638197519239,6.094710174039043,1.564698189556558,0.5519324541091919
53,2,0.6251298785209656,14210,3.7210279908624493,5.623215654426398,0.6617259979941771,0.6256832480430603
54,2,0.398311585187912,47987,3.2164311620919817,4.1737611813907325,0.7706313376127258,0.4598022699356079
55,2,0.17260196805000305,13517,2.909662355845943,2.171689569046331,1.3398150441558472,0.2533576786518097
56,3,0.29858818650245667,8309,14.31044704589862,5.511450563051548,2.59649376914173,0.34671133756637573
57,3,0.11584468930959702,6662,1.1703455290067564,1.0801473085883686,1.083505480872959,0.24096263945102692
58,3,2.075472354888916,11117,17.53941658189609,11.575223157392472,1.5152551569334622,0.9374396204948425
59,3,0.8096027970314026,21962,5.945706448432235,5.368034546947857,1.1076132980201703,0.6447705030441284
60,3,0.37951934337615967,19433,2.0366224400083928,1.0451922290359268,1.9485625547417254,0.4676384925842285
61,3,2.071967363357544,1823,8.506782070006759,8.228369094179001,1.033835742252214,0.9811790585517883
62,3,0.6922048926353455,11193,3.513430168826301,2.55649945105688,1.3743128978073682,0.5711763501167297
63,3,0.4878093898296356,18451,8.845805114711144,3.8543301411336235,2.295030469835972,0.49545910954475403
64,3,0.6970401406288147,13910,5.344478445987857,5.7166913813627565,0.9348901470194276,0.5889609456062317
65,3,0.14861124753952026,26621,0.7964425503037144,0.4659541612214473,1.70927232029481,0.297424852848053
66,3,0.04264960065484047,29664,2.803020268655993,1.0892675397245086,2.5733074441586163,0.07552759349346161
67,3,0.4675569534301758,8544,3.0667094670090305,2.5747275386581068,1.1910811613900487,0.5664560198783875
68,3,0.3069356381893158,30846,1.8523339060923865,3.0363159693179025,0.6100596659931596,0.45355501770973206
69,3,0.4203910827636719,4763,4.03619790826719,5.30768890154792,0.7604435721711805,0.5315719842910767
70,3,0.7428613901138306,39898,3.048792465559213,3.364967481243469,0.9060392061892008,0.6438930630683899
71,3,0.14179326593875885,11969,0.8835180383408671,1.1882252048468473,0.74356109829702,0.24354864656925201
72,3,0.34266039729118347,21881,8.191336861146757,4.840733639976787,1.6921684749389236,0.4753335416316986
73,3,2.6452484130859375,14739,26.965091320129584,15.63316663549567,1.7248643188452073,1.1636006832122803
74,3,1.0726183652877808,11484,4.077476713020141,5.8177222808208136,0.7008716669858216,0.784740686416626
75,3,0.19433432817459106,24027,10.6496683418322,3.6933279880384826,2.8834883812973593,0.273336261510849
76,3,0.9930779933929443,7213,2.8433515667838485,5.329735605032822,0.533488296135809,0.7805045247077942
77,3,0.15459516644477844,11617,4.737688069901329,2.310864480548187,2.0501799693486986,0.2098279595375061
78,3,0.17782600224018097,10293,9.669567418332703,4.189110003599581,2.3082629508467463,0.2294311225414276
79,3,0.32909464836120605,9652,7.192429154324252,2.8818540818709946,2.495764514784938,0.4024120271205902
80,3,0.28704747557640076,18616,1.502258111077412,1.3018692580418607,1.1539239457392225,0.3853554129600525
81,3,0.522289514541626,6802,20.655452187695957,6.023412197964398,3.429194534399124,0.515813410282135
82,3,0.13940918445587158,12798,5.329950014495816,1.750057273687217,3.0455860471714926,0.2447502762079239
83,3,0.1526399701833725,12151,1.997358365740742,1.7754475330456525,1.1249886738772237,0.24083422124385834
84,4,0.11998111009597778,11697,1.7126886472950213,1.1706473268317459,1.4630270005645505,0.21496085822582245
85,4,0.14585168659687042,49505,1.4651646783861922,0.994379660929943,1.4734459441924808,0.2758488655090332
86,4,0.4014212489128113,16646,4.258981750650338,2.6935315739928867,1.581188723299519,0.4890679121017456
87,4,1.6854500770568848,10189,4.546042244806898,6.5289642000401855,0.6962884319044391,0.926302433013916
88,4,0.13108330965042114,13237,7.221257026280896,1.8639952760539227,3.8740747463504417,0.2647918164730072
89,4,0.7941040992736816,6169,8.860192639602703,8.7466116818933,1.0129857094197423,0.7643505930900574
90,4,0.6241781115531921,8514,5.0583267907367535,10.865027889546031,0.4655604055653867,0.7005935311317444
91,4,0.7399062514305115,19088,9.950072965882933,5.071047214442838,1.9621337654956537,0.6352651715278625
92,4,0.38813304901123047,20069,25.813397334207476,7.250301000408086,3.560320782923495,0.4812127947807312
93,4,0.5226070880889893,40480,35.47113841077471,8.76374285639538,4.047487356944235,0.5594741702079773
94,4,0.18464162945747375,9620,20.584219271273444,4.976096699304615,4.136619626814296,0.3176014721393585
95,4,1.1211930513381958,35880,35.69337086397084,8.444129161821873,4.227004369538273,0.7472484707832336
96,4,1.449737310409546,21717,12.577216339462112,7.041197965676849,1.7862324565747834,0.8455401659011841
97,4,1.8106523752212524,5848,23.612037614588356,10.851977068491108,2.175828189237896,0.8273484706878662
98,4,0.5284106731414795,20689,2.7907589153038543,2.08398291993009,1.3391467312966916,0.49330461025238037
99,4,0.23883239924907684,4687,2.370301870123402,2.366309230140015,1.0016872858084356,0.3970390260219574
100,4,0.15651044249534607,11297,1.948423173572352,1.7824557059379398,1.0931116925264552,0.33036231994628906
101,4,0.4105239808559418,13076,1.460378937862907,2.313370016312856,0.6312777150063904,0.49830952286720276
102,4,0.3602864742279053,6594,3.3105448584997013,3.534503620355158,0.9366364316147201,0.45730867981910706
103,4,0.2771114110946655,24992,2.2249716981958936,2.411556852961002,0.9226287555539341,0.3986804485321045
104,4,0.2661733627319336,27630,8.918707878372082,3.9439239262183374,2.2613792875365104,0.3348691463470459
105,4,1.4837062358856201,1969,10.937182612583731,7.840775815476086,1.3949107677577743,0.9627792239189148
106,4,0.42795079946517944,11147,2.4784904220202133,3.192756020118274,0.77628556845619,0.5309529900550842
107,4,0.12806519865989685,8062,2.1603075633250834,1.4327399979351034,1.5078154909034847,0.19918708503246307
108,4,2.1629109382629395,10999,19.43837684542813,14.335986722072562,1.3559148192777175,1.144226312637329
109,4,2.6110947132110596,13663,28.688404210288716,17.172420082061073,1.67060927191363,1.2675526142120361
110,4,0.1509074866771698,7444,2.5872433410744122,1.5742831105061323,1.643442227008946,0.21949928998947144
111,4,0.24816185235977173,7732,16.176257143295917,5.013700532488598,3.226410719681227,0.2916473150253296
112,5,0.7243680357933044,24466,27.789955311431395,8.951487168853319,3.1045070821442255,0.6091721057891846
113,5,0.06893233209848404,2329,5.778511017142225,1.8502701582858507,3.123063403072176,0.11869414150714874
114,5,0.18091025948524475,4097,1.3402020834378923,3.1869708749203087,0.42052536280896635,0.2584059238433838
115,5,0.05828952416777611,11055,1.58246762885943,0.9725997015844496,1.6270492642346335,0.10450668632984161
116,5,3.762474298477173,8892,26.708219324629493,18.468203759257303,1.4461730914811022,1.231131911277771
117,5,3.074336290359497,4330,13.93688470825953,15.921390553463704,0.8753559974211349,1.2309656143188477
118,5,3.294268846511841,3755,12.675039100973946,18.214793778137242,0.6958650894080822,1.3293979167938232
119,5,0.136295884847641,10415,6.1993433573853,1.9114044599459357,3.2433446124518333,0.2509292662143707
120,5,0.09269116073846817,19126,2.550130623857345,1.017035858044978,2.5074146635860886,0.17499180138111115
121,5,0.2273402363061905,23119,11.265937536299527,2.8638572335192034,3.933833504141417,0.3371044099330902
122,5,0.20048362016677856,19426,0.6957197818124188,0.5966838251916423,1.1659772771413777,0.3235633373260498
123,5,0.060030825436115265,33830,2.0246093184751217,0.8343222669177726,2.4266514256561638,0.10804145783185959
124,5,0.016070572659373283,4989,0.6986501928855395,0.4173310887580538,1.6740909357196376,0.02291097864508629
125,5,0.26900628209114075,24574,3.0989950396933246,1.6351881281016656,1.895191743649177,0.38818222284317017
126,5,0.46652713418006897,22505,6.526602081405638,3.5028888526215827,1.863205587159646,0.5332394242286682
127,5,2.830686092376709,21490,31.39554388414656,15.436736914330089,2.033819974932636,1.2858854532241821
128,5,2.5867702960968018,5629,33.18876895526228,14.660414385377116,2.263835665406827,1.1296954154968262
129,5,0.37670543789863586,10901,4.213348095026068,3.0778218564416395,1.3689382594403545,0.4857231378555298
130,5,0.34804242849349976,2667,16.564776339742398,4.896627868434478,3.3828946746232957,0.4202078580856323
131,5,0.1003442332148552,17573,5.3151705144489405,1.7069004539889916,3.113931162197761,0.1933162957429886
132,5,0.28663086891174316,7039,0.9150836164323911,2.303115642779085,0.397324215699302,0.4564901292324066
133,5,0.3008081316947937,22832,3.2661374798802965,2.6421606276036305,1.236161589025479,0.3911239802837372
134,5,0.3001011610031128,5599,1.7022096466424907,1.3301469787342757,1.2797154554010097,0.4274005591869354
135,5,0.3928408622741699,19851,2.5329136973606423,1.7514876745058576,1.4461498840257612,0.4580041170120239
136,5,1.5987586975097656,6959,16.209349508067483,8.672286945753457,1.8690974606188298,0.8553655743598938
137,5,0.062210168689489365,8477,2.049717683658717,0.9269179937661174,2.211325810310784,0.10236068814992905
138,5,0.5007786154747009,10729,4.017643402713311,3.03403608585386,1.3241910409187876,0.5551184415817261
139,5,0.8982467651367188,15904,4.5304417382597375,3.6139794242496084,1.2535881382886307,0.7222492098808289
140,6,1.1554855108261108,21749,21.274638175356998,7.549011116725579,2.818201993134984,0.8139012455940247
141,6,0.2830526530742645,8706,4.876336721409423,1.9631313094021048,2.4839585095772763,0.3679947257041931
142,6,0.5033213496208191,17068,2.796649604112618,2.451044019336498,1.1410034181550663,0.5242198705673218
143,6,0.5581701397895813,10598,7.5825200186230735,3.6761957251340984,2.0625996507148483,0.5844072103500366
144,6,0.40634050965309143,21764,2.392057899438459,1.230699715522568,1.9436568232412585,0.4848432242870331
145,6,0.6582455635070801,12820,9.687581117352854,4.339419791617021,2.232460002156345,0.6478609442710876
146,6,0.6991355419158936,11065,12.840370791781098,6.530097384184279,1.9663367996437795,0.6644552946090698
147,6,0.5419625043869019,7368,5.644569095898539,2.785060976117416,2.026730884637745,0.5750991106033325
148,6,1.055863618850708,14491,8.32153242597442,6.494748949129079,1.2812708375878061,0.8066826462745667
149,6,0.26307857036590576,22332,7.533801141353548,3.080977727235665,2.445263097734442,0.3578178882598877
150,6,0.4474695026874542,29084,4.3163262683489405,1.46481202707235,2.946675879616328,0.5072163939476013
151,6,0.7219319343566895,9729,2.696619662227246,4.020469000485541,0.6707226599436314,0.6956890225410461
152,6,0.4071143865585327,17834,4.70065617952163,2.1212109110044315,2.2160248917886096,0.5054562091827393
153,6,0.33575552701950073,6915,5.7750481409622525,2.848214812199821,2.0276027342543945,0.3884336054325104
154,6,0.33858615159988403,25027,6.332653544572052,3.3786199299342683,1.8743314358810939,0.38888707756996155
155,6,0.28625062108039856,34239,1.7773127626507652,0.6468835101457926,2.7475004923953814,0.3940501809120178
156,6,0.5023835301399231,7950,2.3212017577344044,1.2639552778977632,1.8364587721752617,0.533422589302063
157,6,0.6885901689529419,14097,4.088556854155366,6.997026946470531,0.5843277273952971,0.7315186858177185
158,6,0.35177692770957947,22609,1.735102595393775,0.9663584210419593,1.7955062610424972,0.43306753039360046
159,6,2.1618130207061768,4704,21.595742604348043,12.503183656873173,1.7272194984094982,1.1314359903335571
160,6,0.15767107903957367,32200,2.484636784802593,1.7804792991269247,1.395487600456553,0.2972985506057739
161,6,0.2934812903404236,22176,14.489935177065924,4.6729338692215014,3.1008217926004606,0.3498293161392212
162,6,0.4662853181362152,10802,4.905814765044312,1.879374773553694,2.6103440538181415,0.5372219085693359
163,6,0.9968705773353577,11207,21.910409399171865,7.891310596625302,2.7765235103708905,0.7889127731323242
164,6,0.1564854234457016,12109,1.368704863897638,1.4726091675598025,0.9294420366571061,0.2544923722743988
165,6,0.49700483679771423,6614,23.485375581647236,6.515567264537086,3.6045020530245733,0.5269543528556824
166,6,0.09908951818943024,13598,3.4392371210038273,1.5791988616249928,2.1778366262642064,0.17582863569259644
167,6,0.5661799907684326,5684,5.307911944871342,7.340798505084299,0.7230701048658826,0.624040961265564
168,7,0.5193074941635132,5888,4.462001586780813,3.2534278719938476,1.3714770274113761,0.5823687314987183
169,7,0.30739447474479675,6544,1.7520511051286902,1.2240533003028131,1.4313519719229764,0.4111945629119873
170,7,0.7859293818473816,5257,9.779175754761491,4.191913074377605,2.3328670182911946,0.6612445116043091
171,7,0.28979936242103577,19393,5.070970959810795,2.8707011012289323,1.7664573151270162,0.40717393159866333
172,7,0.3998503088951111,9926,4.947612595166584,3.3662855614564315,1.469754275102115,0.5317152142524719
173,7,0.18426433205604553,16796,2.144395389665988,1.6128556653655777,1.3295643470853291,0.34813180565834045
174,7,0.2855331003665924,37486,3.102127600244602,2.7713537222097715,1.1193546227545303,0.4298636019229889
175,7,0.5525230169296265,15654,2.4823168980810353,1.7874528894866313,1.3887453552930198,0.54714435338974
176,7,0.23215946555137634,21981,1.1480241927080566,2.6687865102633523,0.43016711463905777,0.3946111798286438
177,7,2.560389995574951,14963,32.249735040095615,16.387967187155215,1.9678911161947399,1.1651208400726318
178,7,0.2530309855937958,5765,4.353831276762753,2.954055341327404,1.4738489207872747,0.37973737716674805
179,7,0.9334841370582581,2268,8.048698026204422,10.700055088129703,0.7522108961039495,0.8490029573440552
180,7,0.2777322232723236,14621,2.1987609928937726,1.4092520938514632,1.560232553483766,0.3854741156101227
181,7,0.3106350600719452,17566,3.022764145737345,1.0405770203689815,2.904892272810895,0.4295920133590698
182,7,0.1985703706741333,14820,10.367966071466267,4.003986221216258,2.589411026572985,0.27394360303878784
183,7,0.10880530625581741,7347,1.5604921792083062,1.1778838905568823,1.3248268286182339,0.20425193011760712
184,7,0.3141516447067261,15332,1.6543570443397262,1.1062010874991457,1.4955301192826826,0.44171908497810364
185,7,0.2945840060710907,27453,1.5747953736151743,0.5278307996293657,2.983523081104753,0.3994384706020355
186,7,0.154778391122818,8336,9.751993611284684,2.5339423926755895,3.8485459020178063,0.2376907765865326
187,7,0.48992303013801575,25732,2.0657237896412126,1.2966141759227614,1.5931676731588298,0.5348323583602905
188,7,0.09282510727643967,38440,1.3753592281997435,1.1234061821161825,1.2242760010521998,0.1572747677564621
189,7,0.1330687701702118,16873,1.0665160740915565,1.4130085545675277,0.7547838763207096,0.22989465296268463
190,7,3.706049680709839,7140,37.92700412109982,21.82392036460301,1.7378639349607068,1.288159728050232
191,7,0.6560510396957397,9524,4.524268092192373,3.1421978809495457,1.4398418761659075,0.6191713809967041
192,7,2.258878707885742,3997,18.888094168507966,16.948549592736928,1.1144372009626766,1.2164323329925537
193,7,1.028947353363037,30502,5.701741257111646,5.305586920128523,1.074667391741167,0.7711522579193115
194,7,1.7004115581512451,10987,22.627630091435076,13.156898506809636,1.7198301012751553,1.0971750020980835
195,7,1.2297195196151733,7339,6.2105880159154605,10.020895506884058,0.6197637737713512,0.9556795954704285
196,8,0.3819717466831207,15090,1.078054011123809,0.8734500961392322,1.2342479735107017,0.482707679271698
197,8,0.558054506778717,10045,4.0177440469978825,6.566037252394006,0.6118978453149019,0.5905755758285522
198,8,0.6277279853820801,21806,3.366897322683409,5.166905794362441,0.6516273871988039,0.6433175802230835
199,8,0.4182949662208557,19805,3.508703581665356,3.990694441545448,0.8792213067321901,0.46924325823783875
200,8,0.4403630197048187,20667,4.560151423232785,4.215043797472828,1.0818752170418224,0.49767059087753296
201,8,0.38906434178352356,4123,4.5750011423253865,3.1856933122293394,1.436108468056637,0.49822771549224854
202,8,0.4872329831123352,38214,4.094517992505764,2.985630833043691,1.3714079943132993,0.5235926508903503
203,8,0.9632050395011902,10185,4.921017720483247,4.56470315763438,1.0780586492797148,0.8078678250312805
204,8,0.8620560169219971,26558,10.2632063479715,4.787047136473869,2.14395347598963,0.746636152267456
205,8,0.6409136056900024,7494,4.5731630483463945,3.7798360281794716,1.209883977572385,0.6063440442085266
206,8,0.26611700654029846,45013,2.1287211206424006,1.9532459695627031,1.089837713126265,0.39747631549835205
207,8,0.18967819213867188,24518,3.354313217342281,1.8885474111269125,1.7761339734325001,0.2935141921043396
208,8,0.47992801666259766,11480,2.9127698388646786,1.9382384002971094,1.5027923491850548,0.5567439794540405
209,8,0.7111408114433289,2048,9.63379732838794,5.119915937704214,1.8816319341184113,0.6094143390655518
210,8,0.1029168888926506,17411,2.042623282813135,1.1826860114427784,1.7271053035619974,0.1942508965730667
211,8,0.3103480935096741,16076,4.842834779966971,2.35562439796071,2.055860341808911,0.4396725594997406
212,8,0.14874295890331268,10624,0.9803428113083006,1.030880024854077,0.9509766293571542,0.29158836603164673
213,8,1.1321924924850464,8085,5.983533516230732,4.384404446734099,1.3647311941503126,0.7933956980705261
214,8,0.19763723015785217,12615,0.8651816737400482,0.9971422283515733,0.8676612514640529,0.35036689043045044
215,8,0.3791767358779907,7256,4.748067161428627,3.7043368028077537,1.2817590338514795,0.48589828610420227
216,8,0.4621415138244629,20262,5.22513577955673,2.09203473261452,2.497633379644763,0.5006439089775085
217,8,0.579017162322998,22408,2.630951628461196,1.9177809266219672,1.3718728724109566,0.5563243627548218
218,8,0.7676960825920105,21011,12.29278814512418,4.7635972056953,2.5805683424334216,0.6456812620162964
219,8,0.13290511071681976,9369,1.2445909771955825,1.0178856157674654,1.2227218441002952,0.2766333520412445
220,8,0.5917264223098755,9316,2.9058399526457555,1.7897693835933866,1.6235834511874199,0.5706634521484375
221,8,0.39690858125686646,9700,2.3164436118653735,1.3453511655977815,1.7218133607773576,0.4841700494289398
222,8,0.39599844813346863,8302,6.864204670291264,2.580084930983829,2.660456866306013,0.4922811686992645
223,8,1.9471603631973267,10192,20.194851602578158,12.768566577441144,1.5816067904016584,1.1179691553115845
224,9,0.9448074698448181,10216,17.661018956343927,7.9134126819289445,2.231782881319,0.806428074836731
225,9,0.45826226472854614,6770,17.67946655297305,6.312555915270105,2.8006827646791264,0.47694435715675354
226,9,0.5504487752914429,13039,5.554846481002463,4.529046589548625,1.2264935613203407,0.5923928618431091
227,9,0.397388219833374,14941,8.596065916637746,6.957578195443796,1.2354968460527955,0.455055296421051
228,9,0.5441002249717712,8267,1.8631847684545557,1.245241117002536,1.496244175536058,0.5809304118156433
229,9,0.5987963080406189,8686,3.6018948019028834,1.982066418541396,1.8172422317470585,0.6189931631088257
230,9,0.5259619355201721,36479,13.379524962884128,6.846852268695052,1.9541132826913161,0.5670655369758606
231,9,0.7398227453231812,14368,30.49226856734256,9.020225410070113,3.3804331024031655,0.6942998170852661
232,9,0.4722953140735626,6099,20.756224652293895,8.294369903234951,2.5024474305391293,0.5026295185089111
233,9,0.5326183438301086,28511,6.564348814163799,4.588368198267449,1.4306499675943711,0.584557056427002
234,9,0.36213958263397217,63477,6.029955473019999,3.910090308458331,1.542152481740491,0.4246238172054291
235,9,0.8555737137794495,11380,3.2596605945695596,3.9781570378374282,0.8193896227738483,0.7301941514015198
236,9,0.23314467072486877,18456,2.549389399571608,1.951701829381702,1.3062391812062537,0.3467208743095398
237,9,0.2026079148054123,12356,7.437030681260823,2.428704226866553,3.062139308273372,0.33380022644996643
238,9,0.36625540256500244,19240,6.747428686864342,2.573883317938907,2.621497501396011,0.477895587682724
239,9,0.2470303326845169,28583,2.448938283727172,2.307593803022934,1.0612518895301315,0.4036690592765808
240,9,3.1976873874664307,15675,24.78028942811729,15.413543699462702,1.6076957973642034,1.1780906915664673
241,9,0.0805923268198967,14457,2.1044529886870977,1.2766770407866503,1.648383202214358,0.1952349841594696
242,9,1.8044071197509766,14879,37.266904131615156,11.409092228503761,3.2664214983297786,0.9887837171554565
243,9,0.5440079569816589,5574,6.17387353916251,5.806256398590972,1.063313969507045,0.6161134839057922
244,9,1.920684814453125,4385,16.42459539790062,10.763704023191828,1.5259241021966161,1.0655878782272339
245,9,0.4177740514278412,6092,3.529229320230026,2.0509741193543736,1.7207576082623957,0.487103134393692
246,9,2.8130528926849365,1330,24.514116229873576,13.579843888545224,1.805183949909008,1.1591047048568726
247,9,0.29185861349105835,18621,16.961701279728807,4.654189855867102,3.644393934283349,0.4039415717124939
248,9,0.7646526098251343,20224,14.022744912390621,5.835137483523332,2.4031558728451934,0.6945722699165344
249,9,0.663790762424469,2832,4.058690559180369,2.30922393132553,1.7575993839838915,0.6071115136146545
250,9,0.2861984074115753,22832,10.224248777372088,3.3336559289915475,3.06697781509261,0.37515464425086975
251,10,0.9279226064682007,6518,5.921486552444725,5.7708282284336745,1.0261068806844242,0.7267082333564758
252,10,0.28623533248901367,16088,1.493099473214616,0.8198180607497907,1.821257111422055,0.3985423743724823
253,10,0.7409625053405762,15287,5.32894792662959,2.478722611037944,2.149876675549423,0.683000385761261
254,10,0.4612979590892792,4710,3.5164415555639414,3.304953304938801,1.0639912976404344,0.5286403894424438
255,10,0.4449450969696045,16825,2.66599720260469,1.0117328642780579,2.6350801646682003,0.4987192749977112
256,10,0.4274284541606903,19692,5.820377385336842,2.6967220312088194,2.1583156580382403,0.4931997060775757
257,10,0.7889811396598816,25766,8.136711248798385,5.135697252788697,1.5843440234680004,0.6687607765197754
258,10,0.5476183891296387,44071,18.545369370753733,7.13928439001032,2.5976510190154123,0.5360172390937805
259,10,0.6698926091194153,17890,4.349997658565791,3.1594956147683586,1.3768012964573584,0.6547266244888306
260,10,0.4094780683517456,24415,3.707053631634035,3.336366684957053,1.1111049778632598,0.47593796253204346
261,10,0.7100698351860046,8679,5.84056681874032,4.367418992781424,1.337303983975985,0.6555272340774536
262,10,1.2055954933166504,15218,6.507348528350468,5.846196045177163,1.1130910558015945,0.900149941444397
263,10,0.50355064868927,4299,8.73284625765343,3.4342494658183194,2.542868928006081,0.5558053851127625
264,10,1.7635120153427124,15815,23.768760579640745,11.418172781553414,2.0816606154391177,1.0729745626449585
265,10,0.21401309967041016,44817,1.5379107663149671,1.7094593564491902,0.8996474590121548,0.35142916440963745
266,10,0.21467241644859314,19910,1.699717060554602,1.7294624282579152,0.982800801440793,0.3542139232158661
267,10,0.5835837721824646,8118,3.3515915235914373,1.4948344299491034,2.24211555235807,0.5982545614242554
268,10,0.1986180692911148,4665,1.6890371174296919,1.7205288135802295,0.9816965017365861,0.31494325399398804
269,10,0.0954751968383789,19186,7.5633186338628375,2.4271281054143077,3.1161596361510027,0.15149341523647308
270,10,0.24443493783473969,18517,1.8375732926291566,0.5244260267717227,3.503970433995126,0.3586532473564148
271,10,0.7376415133476257,11521,11.475460241065383,5.252763416182425,2.184652026342978,0.7069960236549377
272,10,0.6839167475700378,15235,6.213462230072383,4.19046536407491,1.4827618629995736,0.6794191002845764
273,10,0.33431413769721985,8005,46.17425438032393,10.968221893086783,4.2098213211225355,0.40313008427619934
274,10,2.920124053955078,2233,21.135647048821376,14.320669787064258,1.4758839749179578,1.2486263513565063
275,10,1.6595559120178223,6735,17.492032226311597,11.046132342515921,1.5835436045777034,1.0774774551391602
276,10,0.5651789307594299,26874,8.881627147170715,2.872241097207844,3.092228976112628,0.5308688879013062
277,10,0.26990804076194763,7944,25.5592131425269,6.090490869905037,4.196576875078908,0.36056315898895264
278,11,1.199256420135498,6358,8.340151121389944,5.503920774898382,1.5153108960843302,0.8741961121559143
279,11,0.517794132232666,13560,3.220937485553057,1.7191316383239577,1.8735839732967683,0.5342245697975159
280,11,0.3520802855491638,4186,12.048950174911367,4.626785064859584,2.604173309545,0.4363436698913574
281,11,0.7421243190765381,17185,13.59338294224457,4.382161314947796,3.1019814117462277,0.6689667701721191
282,11,0.13407942652702332,1562,4.390893676791473,1.500137615490201,2.926993918057131,0.2397649884223938
283,11,0.26081064343452454,24639,3.071704810891345,1.1406447221176759,2.6929549151692442,0.37828853726387024
284,11,0.3975209593772888,19732,4.427163994746504,3.6956269113143345,1.1979466815741968,0.5059694647789001
285,11,0.4728076457977295,21666,2.52994192727774,1.5916095654590874,1.5895493355786714,0.5444723963737488
286,11,0.3607310950756073,11346,8.23991748954227,2.7966004856706994,2.9464049411988755,0.43336087465286255
287,11,0.6790360808372498,19273,42.479768851999026,10.250313164356408,4.144241075454214,0.6375718712806702
288,11,0.31903275847435,57736,10.133302651744328,3.0304261843518017,3.3438539780530787,0.4108622968196869
289,11,0.14784251153469086,10722,2.4017758078028644,1.2362864725314167,1.942734035488597,0.2836792469024658
290,11,0.9223213791847229,2774,9.032207081915873,6.107988530913565,1.478753117528113,0.7557176947593689
291,11,0.1532919704914093,30956,1.1669255832199903,1.4548115207849017,0.8021146152249379,0.2858596444129944
292,11,0.4018175005912781,10664,3.735465556885108,1.4119248770881039,2.6456546077623715,0.4834003150463104
293,11,2.4780962467193604,7298,14.60274122450298,11.21575310270691,1.3019849038026097,1.0766863822937012
294,11,0.5752748847007751,413,14.34895313446604,6.55746005057829,2.1881876555539894,0.5850536227226257
295,11,0.1952762007713318,23516,2.745693823397578,1.106070009878967,2.4823870088436317,0.33786824345588684
296,11,0.3137322962284088,11766,5.092146357765723,1.8091409065033799,2.814676479569943,0.4164511263370514
297,11,0.26130756735801697,18211,7.639339783591069,2.3042380338135255,3.3153431509611044,0.3555891513824463
298,11,0.3256734013557434,9296,4.801784326788547,2.4880239252098675,1.9299590643532825,0.46387141942977905
299,11,0.21093036234378815,25767,1.8185313929121003,1.5369905359719391,1.1831767017100996,0.37269479036331177
300,11,2.2775826454162598,11813,44.37191340498502,14.048143500411001,3.158560659896711,1.1038310527801514
301,11,2.378296375274658,10567,38.98798830950449,14.18644920259497,2.748255589028585,0.9907429218292236
302,11,0.12373150140047073,36025,4.1097068507584815,1.4616213633541688,2.811745198718635,0.256710410118103
303,11,0.2819165587425232,10983,9.559478082815817,3.1880096698165237,2.998572486564316,0.38564571738243103
304,11,0.22545282542705536,11674,2.943123973199717,1.1166042432854717,2.635780753024275,0.36501437425613403
305,12,0.3063517212867737,4934,2.516005587962049,2.9469501413407553,0.8537659163844911,0.4472743272781372
306,12,0.7350470423698425,20323,17.53923127703072,4.844087997528905,3.6207499298060473,0.6356903314590454
307,12,0.44664788246154785,7381,3.3239329985158683,2.2462414260460046,1.4797754862732693,0.5262706279754639
308,12,0.935678243637085,8576,9.21989035584744,4.3257325109813145,2.1314055671356638,0.7212944626808167
309,12,0.4063015878200531,13281,3.746482725506574,1.265559537271895,2.9603370012759123,0.49271485209465027
310,12,0.9517084956169128,11896,3.2593612831577996,3.6124382465383587,0.9022607614898885,0.7721245288848877
311,12,0.5503727793693542,28017,39.501301031783676,10.382133292016993,3.804738382828616,0.522213339805603
312,12,0.29369643330574036,22039,6.269624950625385,1.8500672442919517,3.388863280491988,0.3897002637386322
313,12,0.3020516037940979,46997,12.303622845806402,3.9751139349240074,3.09516231414346,0.36316388845443726
314,12,0.26058629155158997,43491,1.412281917514827,0.975290118515212,1.4480633923200679,0.3685120940208435
315,12,0.2534083127975464,18071,2.5561370003891497,0.8593522076149679,2.974492853728085,0.3718911409378052
316,12,0.15974488854408264,12109,3.2830330499996463,1.4876423147928737,2.206869902362612,0.26738977432250977
317,12,1.3395277261734009,5710,9.88526479580711,8.666923648222463,1.1405736564707571,0.9007084369659424
318,12,0.2709367275238037,26593,1.481791607310714,1.5013052708614318,0.9870022013973826,0.4082925617694855
319,12,2.0003910064697266,5418,13.557024294251763,8.045972211766312,1.6849454531329955,1.009899616241455
320,12,0.32458510994911194,13275,7.7113441429668415,2.146964831626421,3.5917421791774595,0.4191347658634186
321,12,0.22995370626449585,25184,4.46778186901591,2.2729785857280915,1.9656066700614352,0.36267662048339844
322,12,0.29529014229774475,6227,4.8459798294896075,3.907505536748049,1.2401722234081198,0.4450450837612152
323,12,0.236005499958992,17393,0.9235293528359293,1.32751695761026,0.6956817745648479,0.3687421381473541
324,12,0.8029587268829346,3244,9.962436314935148,10.320379261649908,0.9653168805485836,0.7969120144844055
325,12,1.0098518133163452,25115,3.5684789711689775,3.800879752965383,0.9388560552024754,0.7780199646949768
326,12,0.1259206086397171,9093,1.6052056535542527,1.5523585614976692,1.0340430963350142,0.20622976124286652
327,12,0.23635078966617584,18268,1.6123452045753972,1.6897266546009115,0.9542047526943078,0.38909849524497986
328,12,2.145284414291382,12698,24.394871207102266,10.68751874489084,2.2825570452226747,1.1207705736160278
329,12,2.597332000732422,1330,24.782459282463282,13.776779511348,1.7988572192832186,1.2738388776779175
330,12,0.9409034848213196,9786,5.765040091437029,7.951809619425674,0.7249972480921504,0.8358443975448608
331,12,1.2551610469818115,11194,10.904015429659932,11.613015612798348,0.9389477973009881,0.9819493889808655
332,12,0.08995234221220016,400,4.589532070542373,1.5977877519694508,2.8724291226305825,0.12534603476524353
333,13,0.23431552946567535,4544,6.928974583713679,2.2879397970538418,3.0284776691384208,0.31621330976486206
334,13,0.2684939503669739,23556,2.400926323780112,1.3228450348459884,1.8149717166665889,0.3866220712661743
335,13,1.8604997396469116,3349,18.936765146637644,10.312302186567534,1.8363276021238222,1.0268793106079102
336,13,0.39951610565185547,12576,1.7366305968565003,1.9143616029162995,0.9071591251151535,0.5088714361190796
337,13,0.9813649654388428,7072,6.101313977915665,4.077695414540712,1.496265257124749,0.7999755144119263
338,13,0.20937474071979523,11889,1.3827857753110369,1.5561047364070355,0.888619990003326,0.3501547574996948
339,13,0.8456259369850159,22745,5.841230042920742,3.744167695667644,1.5600877198096754,0.7373893857002258
340,13,0.41524532437324524,9923,2.075841581356557,3.197546813216885,0.6491981830494334,0.5078533291816711
341,13,0.23135586082935333,8156,3.854583360296507,3.155685405216996,1.2214726328305312,0.3165453374385834
342,13,0.30246680974960327,27612,4.639966102349423,2.8165337844271257,1.6474029631750116,0.3658738136291504
343,13,0.39057856798171997,14892,6.685316923817598,3.4534130768717204,1.9358578817543501,0.4771344065666199
344,13,0.2215719074010849,33204,1.9556671688111478,1.1932230593341806,1.6389786917969658,0.3227660655975342
345,13,0.37819889187812805,29992,3.876946483385679,1.2141525518605325,3.193129625631939,0.4712710380554199
346,13,0.9519165754318237,2048,10.047900490173017,6.798132991364309,1.4780382353412946,0.7440232038497925
347,13,0.8402658700942993,4562,4.406574426713576,3.67909621663008,1.1977328580845439,0.6992223858833313
348,13,0.2932840585708618,12209,3.4860611329844535,2.574521311818585,1.3540618665613697,0.4209422767162323
349,13,1.907060980796814,14419,24.254815636138414,11.141848661486236,2.1769112445385552,1.063605546951294
350,13,0.23249031603336334,13727,2.3633958520771867,1.6348371704242426,1.4456460220209186,0.3622933030128479
351,13,1.9339951276779175,6647,24.59177694198248,11.486992041035585,2.1408369444437536,1.086617112159729
352,13,0.17201735079288483,17256,2.0430975849680864,1.5021914339891977,1.3600780424776526,0.3026502728462219
353,13,0.3180446922779083,21602,2.0899598847007086,1.8162684392550346,1.1506888736979768,0.41686326265335083
354,13,0.10512484610080719,24979,1.1096115934582333,1.2624598648367367,0.8789282133740157,0.17503216862678528
355,13,1.2085528373718262,23282,15.782933271926156,9.045465352734272,1.7448448096872684,0.9180842638015747
356,13,0.6615989208221436,5046,7.459028101552935,5.050549354534844,1.476874608670849,0.6874800324440002
357,13,0.7848010063171387,8368,5.5669818781340155,4.0252596169216615,1.3830118819491228,0.7354714870452881
358,13,0.1813812106847763,13846,5.401634760057344,1.8964089405483229,2.8483491321722414,0.2747998833656311
359,13,0.13661536574363708,32227,3.3210165556394977,1.5288157224889196,2.1722804827194566,0.2303779423236847
360,13,0.42630237340927124,13550,6.351413251151903,3.455022838447633,1.8383129571449666,0.55600905418396
361,14,0.9318975210189819,11973,11.810319325833328,4.434337922873524,2.6633782835786644,0.679969072341919
362,14,0.33774295449256897,13840,3.6466797345756987,1.497598494314232,2.4350182965716196,0.4301317632198334
363,14,0.044720470905303955,2329,4.225249983939699,1.0699005234351096,3.949198912782862,0.09014137834310532
364,14,1.0863635540008545,9278,5.568335397634155,4.665822985285164,1.1934304870103507,0.8274497389793396
365,14,0.2759675085544586,10966,5.06050202303102,1.8278751316013158,2.768516259967377,0.3940979242324829
366,14,0.14268238842487335,39975,1.087509006156683,0.4101821418104325,2.651283162533753,0.27310335636138916
367,14,0.6241629123687744,22277,5.302908642682964,2.4849958523639373,2.13397082238035,0.5942675471305847
368,14,0.2445131093263626,18376,1.5368498567367206,0.9395176928112916,1.6357859660273277,0.3961251676082611
369,14,2.2005085945129395,17507,22.588435010871265,10.956347722506116,2.061675622476721,1.0975663661956787
370,14,0.15670500695705414,17670,4.124387753452118,1.3789081903664882,2.991053198656352,0.2578805685043335
371,14,0.8504059910774231,13607,23.01369963943274,5.3170692987035615,4.328267763040016,0.7085923552513123
372,14,0.39318832755088806,6114,3.3284603899110743,2.7694240981227063,1.2018601239752758,0.5110843181610107
373,14,0.22469715774059296,19274,3.39958743229074,2.0809321426764753,1.633684906186604,0.36045458912849426
374,14,0.09119683504104614,20089,2.88665895309942,0.8964162208171857,3.2202216850389886,0.19224008917808533
375,14,0.5219968557357788,19731,16.878441127735197,4.207424950667775,4.0115845976176825,0.5684962868690491
376,14,0.8638797402381897,8302,11.288938148104991,4.128374875051331,2.734475063377546,0.7288047671318054
377,14,0.08948202431201935,3486,8.592955396506198,2.17712741979075,3.9469235095703055,0.13013207912445068
378,14,0.4621645510196686,9961,6.061450985475571,4.910951147248638,1.2342723036188756,0.5701773762702942
379,14,0.22564241290092468,21673,4.761104052754481,1.3049576063213324,3.6484741187664755,0.35543447732925415
380,14,0.1285269856452942,24374,3.8516583227655214,1.3411865624924286,2.8718288942627197,0.2597849667072296
381,14,0.9974188208580017,20320,10.416315749298617,4.361491342176257,2.3882463433021033,0.7941813468933105
382,14,0.04038139805197716,30668,1.7093962952232675,0.6891348164806964,2.480496202398257,0.0891093760728836
383,14,0.6473916172981262,11787,8.842307468485258,7.952589359467811,1.111877788327785,0.6884198188781738
384,14,0.17849870026111603,13517,2.7255362516746757,2.857933926590033,0.9536736403579902,0.3382457196712494
385,14,0.509454607963562,8132,3.840418915156315,1.8121062751047403,2.1193121882060795,0.5339471101760864
386,14,0.19917848706245422,10215,4.690395630701395,2.2610360368519986,2.0744453225211203,0.3500073552131653
387,14,0.4205784797668457,18206,6.324668109617166,2.1127771392510017,2.99353301023331,0.4869575798511505
388,14,1.0335403680801392,3365,14.526984000835496,12.024935354360219,1.2080716920916195,0.8899598121643066
389,15,0.04793706163764,28501,1.1133153006719276,0.799674752003442,1.3922101427878313,0.07291671633720398
390,15,0.21437856554985046,48309,1.2998804404227582,0.6646615937307245,1.9557026503135448,0.3441467583179474
391,15,0.1325610876083374,15747,1.7626859796766308,1.1230560376363685,1.5695441016326175,0.26220718026161194
392,15,0.18660777807235718,23402,1.5195447435746292,0.6802917648923633,2.2336662326242034,0.35498908162117004
393,15,0.966733992099762,6828,11.17562559967131,4.313380877240521,2.5909201894589726,0.7541857361793518
394,15,2.020689010620117,14876,29.028986683507533,10.595905082130496,2.7396420087285263,1.0085840225219727
395,15,1.1573513746261597,2945,16.715226702362326,5.582816535613168,2.994049078226332,0.8457424640655518
396,15,1.4403812885284424,4357,19.142381934674656,8.656504239006551,2.211329354916285,0.8832021951675415
397,15,0.39776843786239624,8872,39.00578382593148,8.942529383729001,4.361828980612402,0.4490886926651001
398,15,0.3503279983997345,15377,5.828071982626296,1.5405342823000459,3.783149813401812,0.4341661036014557
399,15,1.434205174446106,24423,45.76360048014738,13.647699595516421,3.353209832899488,0.94044029712677
400,15,0.7909654974937439,16987,27.52076187143983,8.058380070759371,3.415172978909027,0.69715815782547
401,15,0.966345489025116,13232,3.1485872824676546,3.3931952244926764,0.9279122108093496,0.7930305600166321
402,15,0.44302740693092346,19515,4.659158707018888,2.1392087533599127,2.1779822561490922,0.5210807919502258
403,15,0.2478548139333725,14600,4.024698537590499,2.6357148946608246,1.5269855422306167,0.33801552653312683
404,15,0.20674200356006622,12678,2.1836016114022736,2.401595818946195,0.9092294357672204,0.2683534324169159
405,15,1.2407292127609253,5628,19.36746167615809,10.619855879680454,1.8237028727680835,0.8792219758033752
406,15,0.5883429646492004,6985,6.686305714863171,2.886871729435179,2.316107656147591,0.59904944896698
407,15,0.24563342332839966,22462,2.816059488016106,2.297206677438031,1.2258624858062408,0.32764506340026855
408,15,0.48062336444854736,9426,5.070933534655103,6.1401109939683325,0.8258700110854105,0.5483057498931885
409,15,0.23685400187969208,51487,1.5625559224614143,1.8647603862509017,0.8379392515958004,0.31112903356552124
410,15,0.20501066744327545,16643,6.232333429822069,2.121813851168334,2.937266823094506,0.29789894819259644
411,15,0.2505931556224823,1381,10.155993836915515,3.2521601345580105,3.12284556009191,0.3391917645931244
412,15,0.3658983111381531,15761,3.2693146664683077,1.4208255215755827,2.3009965803827876,0.47095218300819397
413,15,0.1922709345817566,5652,3.6631312376411924,2.7385813093218583,1.337601781320467,0.28041067719459534
414,15,0.032191574573516846,4920,1.3815686509946954,0.5143116398780557,2.6862480719269386,0.06360477209091187
415,15,3.3840248584747314,7059,53.318940573014636,18.120778686018134,2.942419942149187,1.3371206521987915
416,15,1.5119333267211914,10408,17.401594487940805,10.60582772063946,1.6407577933851225,0.9743708372116089
417,16,0.4703354835510254,29334,3.185686081511902,2.8955285960236745,1.1002088136465273,0.5471422672271729
418,16,2.897019386291504,16634,49.16081411583711,15.103291925727307,3.2549734427162966,1.1783515214920044
419,16,0.14589856564998627,29002,4.109629576017732,1.0861338048653881,3.783723108151746,0.26263418793678284
420,16,0.3591192662715912,38328,3.463084224619978,1.265218594347891,2.737143004448299,0.4219469726085663
421,16,0.087615005671978,5655,1.25590465220916,0.6667871626495776,1.883516544044959,0.17243318259716034
422,16,0.07608528435230255,7291,1.6423892752904694,0.6563986886931512,2.502121505693227,0.15756520628929138
423,16,0.7058030366897583,14363,3.6244840583681373,4.236847539370624,0.8554671898592066,0.6732401251792908
424,16,0.5139147639274597,19164,3.4653275935787704,4.534458151378337,0.7642208788550958,0.627896785736084
425,16,0.37210768461227417,16487,3.2721437068834094,1.6899963384044379,1.9361839031975505,0.4328952133655548
426,16,3.2251670360565186,9829,25.60606078883514,14.715272603160654,1.7401010147330565,1.2107203006744385
427,16,0.14184275269508362,20148,1.6386795862177972,1.3425520714139407,1.220570599165485,0.29172512888908386
428,16,0.6372971534729004,15315,4.219347650089931,3.2215566766614776,1.309723240523945,0.6106177568435669
429,16,0.7520358562469482,3052,6.324280274956919,4.653679849591135,1.3589848204773265,0.6401419639587402
430,16,0.47024670243263245,26486,4.977170706433106,3.718698061600776,1.3384175386073858,0.5467230081558228
431,16,1.0419182777404785,2306,12.415535553147054,6.116642401168979,2.0297958812783032,0.7865539789199829
432,16,0.7996082305908203,11412,4.894698424047714,2.3914326968329385,2.046764030000884,0.712730884552002
433,16,0.36191225051879883,16961,8.816251348606423,4.257307683947104,2.070851346226986,0.3921920657157898
434,16,0.5651044845581055,5972,3.600475618946955,1.5206615270715287,2.3677034993305437,0.5960433483123779
435,16,0.5655682682991028,15148,15.84727495998314,5.874545966223792,2.6976169819924323,0.5405600666999817
436,16,0.5540330410003662,17167,4.6491772487832375,4.070379789480446,1.1421974088996565,0.568293571472168
437,16,0.48156556487083435,11831,4.77782881263606,3.8982758722004434,1.225626140701508,0.5175465941429138
438,16,0.5106094479560852,16413,10.97383960333553,4.652986319045084,2.3584508637853236,0.525239884853363
439,16,0.39848506450653076,10494,13.192101999905484,5.3494391378128885,2.4660719862487475,0.4221876561641693
440,16,0.5361514687538147,35176,3.6209296690346133,3.7401456600851524,0.9681253079729539,0.5668713450431824
441,16,0.5871309638023376,19286,7.055652100446687,4.109963738826717,1.7167188201176606,0.5903419256210327
442,16,0.1664709746837616,16591,1.2913820609471354,1.632350283024676,0.7911182265080188,0.23151175677776337
443,16,0.409863144159317,8436,3.704347561578141,4.419106813211561,0.8382570773131389,0.4961838722229004
444,17,0.2702755331993103,9597,4.14083274464152,3.3338070783672986,1.2420732955754032,0.41689178347587585
445,17,1.9411089420318604,8934,25.903922166230384,12.403523949696698,2.088432470585242,0.9823830723762512
446,17,0.32356786727905273,12445,1.7103536646132518,1.1415621486748013,1.498257161554666,0.4281802475452423
447,17,1.1034183502197266,5660,8.086834755473564,4.827615976263263,1.6751197268452516,0.8109822273254395
448,17,0.6320262551307678,13540,5.451120264950472,3.426525008387152,1.5908596177194385,0.6184573769569397
449,17,0.48595088720321655,13006,10.343658170265982,4.467204941478421,2.3154653314026006,0.5333569645881653
450,17,0.3054593801498413,22562,2.6699863473504197,2.174184396710493,1.2280404327198924,0.40043675899505615
451,17,0.288814514875412,15489,2.5334628758021935,1.117817306068673,2.2664373346571574,0.39988037943840027
452,17,0.17680609226226807,4072,14.858359381369853,4.2637314986608414,3.4848252958782937,0.24881841242313385
453,17,0.28810933232307434,17331,3.158029187002907,1.6037512061505044,1.9691515584771893,0.4133930504322052
454,17,1.1229900121688843,17981,15.044779757418924,5.306877311800632,2.8349590302307877,0.8190040588378906
455,17,0.40142959356307983,7627,10.692409882218803,2.6334076099283528,4.0602942901443395,0.4754381477832794
456,17,0.35683709383010864,18271,38.887767007783175,9.910231849007504,3.924001738836595,0.39455512166023254
457,17,0.10064072161912918,41087,4.986381294394411,1.4073340001133026,3.543139932659497,0.1788833737373352
458,17,0.14382188022136688,49700,2.38226352058436,0.80526515942485,2.9583591102872275,0.2506672739982605
459,17,0.6336679458618164,15431,3.2870323457723476,4.83866604345197,0.6793261440764063,0.6894834041595459
460,17,2.449927568435669,2233,30.045782123942434,11.39570051957695,2.6365893059688097,1.1714463233947754
461,17,1.8785099983215332,7167,6.910659142071931,6.739819614991686,1.0253477892344796,1.0264124870300293
462,17,0.13592995703220367,9774,1.6572455527052221,1.3374709528715594,1.2390890053693242,0.2583473324775696
463,17,1.5764490365982056,17696,18.36415828646876,7.6839664553652165,2.3899321259587056,0.8304181098937988
464,17,0.13166792690753937,22192,2.1337642572217104,1.2964162394823948,1.6458944220507357,0.23646605014801025
465,17,0.18584044277668,15820,2.0449207091024886,1.3837958611487398,1.4777618336012703,0.2905493974685669
466,17,0.06027903035283089,715,1.378602337509755,0.8543677256865211,1.6135936506735145,0.0807759016752243
467,17,3.200928211212158,10047,22.038363213390856,11.971790146341704,1.8408577951997778,1.2340478897094727
468,17,0.2356686294078827,17839,3.30071523025005,1.7882216280641168,1.845808807167529,0.33239635825157166
469,17,0.4237392246723175,11765,2.1688841940416745,1.445447174934719,1.5004935715745735,0.5147740840911865
470,17,0.1483130156993866,30994,4.230052585861527,1.2727761469826484,3.3234851202124793,0.25657355785369873
471,17,0.0969405546784401,2434,3.004460515550772,1.556679884007187,1.9300439007503556,0.16440241038799286
472,18,1.4735335111618042,14410,26.593019002515927,8.689276152706634,3.060441230680575,0.9830556511878967
473,18,0.08413054794073105,20028,0.9435194049585585,0.7196529708647278,1.3110755366208298,0.17445412278175354
474,18,1.2006014585494995,8293,13.881631452120894,5.971023080380922,2.32483299180833,0.8968937993049622
475,18,0.10692506283521652,48825,5.637985161249401,1.4833367675510905,3.800880072940962,0.18252861499786377
476,18,0.5134462714195251,15534,8.381646550732473,3.5923006921945677,2.3332252138419176,0.5809894800186157
477,18,0.21582791209220886,39210,16.902617735964927,3.9401084502787014,4.289886420452473,0.2707236707210541
478,18,3.7366771697998047,5964,62.84343726613334,21.504281113324016,2.922368663939793,1.299985647201538
479,18,0.31832650303840637,10236,1.604877149461836,0.746744991760218,2.149163592884219,0.4259744882583618
480,18,0.3619769513607025,9276,1.6868973821642406,0.8498424771116995,1.9849530090510379,0.45782163739204407
481,18,0.47773513197898865,21617,3.1069696218378406,3.2252791313919866,0.9633180556673094,0.5830473303794861
482,18,0.48826923966407776,35432,2.985816807008158,3.7563022268564894,0.7948819415167461,0.58687424659729
483,18,0.263230562210083,18195,3.1319231783055117,2.26966239067219,1.3799070695164368,0.38747042417526245
484,18,0.21280314028263092,13868,1.813530596051307,1.179672335781415,1.5373172202503902,0.352448046207428
485,18,0.21712659299373627,21898,3.22810500546011,1.3443233164775803,2.4012861830858117,0.33171048760414124
486,18,0.21973571181297302,14645,2.7221780846931423,1.1327933956862999,2.403066697825789,0.3430153429508209
487,18,0.56031733751297,20736,2.104239534937513,1.4039330010765818,1.4988176311279915,0.5800615549087524
488,18,1.0354558229446411,12413,4.572950961165199,3.6546734284610585,1.2512611730371666,0.7728100419044495
489,18,0.1523090898990631,12242,0.8793491858068536,0.5134673089166746,1.7125709281481087,0.2758832275867462
490,18,1.895750641822815,7592,14.747789120258025,8.029555279512495,1.8366881610349388,1.0437798500061035
491,18,0.3264714181423187,6714,2.5464832027980493,0.9728218723592179,2.6176253589157934,0.41771817207336426
492,18,0.2143515944480896,7187,11.700553580988592,3.6459619592275962,3.2091814757892223,0.28548189997673035
493,18,0.6936627626419067,21777,12.661005327708077,5.8776888592362795,2.15407886176388,0.6704403758049011
494,18,1.311198115348816,10770,14.456112972392857,6.385416650161525,2.2639263441055038,0.9435964822769165
495,18,0.23992092907428741,29664,14.735784372217042,4.973630704047819,2.962782170421554,0.2702634334564209
496,18,0.15744680166244507,4613,7.440032015086312,2.64213911793412,2.815912290379635,0.2187500149011612
497,18,0.3826074004173279,6943,5.064188357788851,2.930570399123016,1.7280555209670445,0.4907931089401245
498,18,0.19746941328048706,2538,1.3072405294787748,1.6467859155606488,0.7938132802362051,0.2967399060726166
499,18,0.08066052198410034,400,2.006796256831853,1.4374097327851434,1.3961198474300456,0.10929650068283081
500,19,0.3277032673358917,20403,7.8383712260001435,3.6787162648873566,2.1307354690041653,0.41450172662734985
501,19,0.7455055713653564,22385,2.6145202710196562,2.1225395283467945,1.2317887304811819,0.6859503984451294
502,19,0.6440296173095703,2318,11.81888339221369,7.41818413706928,1.5932313317961682,0.6332926154136658
503,19,0.4051364064216614,2870,4.31764710141262,3.402861813239259,1.268828221179304,0.5186190605163574
504,19,1.6372472047805786,1270,9.431345164211537,7.79022166499506,1.210664544577668,0.9426437616348267
505,19,0.8379935026168823,9048,9.066080583072855,3.509526384658556,2.583277510806438,0.6757248640060425
506,19,0.8256779313087463,7402,12.528014262342799,6.3690352193446245,1.9670191529620664,0.7018359303474426
507,19,0.26699399948120117,23031,2.572221690435237,1.2425973003954736,2.0700364386873544,0.38391050696372986
508,19,0.30354905128479004,13573,4.785897981417317,2.180901090679356,2.194458979303964,0.42654550075531006
509,19,0.2617046535015106,27947,1.3559284584958948,1.6712267995128658,0.8113371918702558,0.381881445646286
510,19,1.6519359350204468,4828,11.834229842786003,7.782028074475757,1.520712817986294,0.988155722618103
511,19,0.36458590626716614,17217,2.747104420809547,2.199220574025096,1.2491263737954417,0.45694610476493835
512,19,0.17481262981891632,47498,0.9476806046266735,0.8009277801166079,1.183228535895604,0.2778134346008301
513,19,1.4466712474822998,13399,20.48522640179643,7.78561737922327,2.631162745867882,0.9756351113319397
514,19,0.39762020111083984,5548,8.561943091783043,2.889863006593207,2.9627505083272294,0.4382650852203369
515,19,0.25357288122177124,15646,7.99988460457661,2.471190817286132,3.2372589557284233,0.3418334424495697
516,19,1.2345707416534424,13114,7.0359608784742775,6.94766142074573,1.012709234428706,0.9250577688217163
517,19,1.065758466720581,8080,4.727300917270765,3.688351856352595,1.2816838255622127,0.8329995274543762
518,19,0.18106839060783386,15504,8.446502178289899,2.3114100614332997,3.6542638276172377,0.2633526623249054
519,19,0.2713630497455597,13248,14.275046839864679,3.713261959024717,3.8443414435565852,0.345333456993103
520,19,0.3347230851650238,44791,18.578798479173244,4.68730403055973,3.9636427161629433,0.37094053626060486
521,19,0.24351763725280762,18116,3.2445677327413116,1.8124972495396565,1.7901090517867468,0.31570401787757874
522,19,0.24236749112606049,18170,1.6650916127616722,1.2706808993012526,1.310393202318533,0.37812262773513794
523,19,0.1208617091178894,5402,1.0544848777270828,0.9996883982346734,1.0548135594932566,0.27105650305747986
524,19,0.4860108494758606,34011,13.841828705914153,3.48883032935292,3.967469724581721,0.5021809935569763
525,19,0.6842868328094482,1829,6.894960592159844,4.3496027692128685,1.5851931677443765,0.7053772211074829
526,19,0.5396242141723633,22350,5.594764319154113,3.100618346148141,1.8044027656943376,0.5781466960906982
527,19,0.3786565661430359,10504,3.5058139468697904,1.2288330257666369,2.8529620162834988,0.4806215763092041
528,20,0.23948010802268982,9614,8.729391624691617,2.679758042947364,3.257529778728543,0.35828813910484314
529,20,0.362727552652359,18429,3.146239770230575,2.3047077712055586,1.3651360964446517,0.46875783801078796
530,20,0.2889143228530884,5551,3.850105799424919,3.4164145737200964,1.1269433835810663,0.43888187408447266
531,20,1.5699622631072998,5584,11.298887376955303,5.942880820247645,1.9012475125628665,0.910254716873169
532,20,0.14015944302082062,41139,1.4700243676697355,1.4457918299003159,1.0167607377958925,0.29251137375831604
533,20,0.1625838726758957,16019,1.361814524204305,0.7054625604378162,1.9303852544027575,0.28821298480033875
534,20,0.25881898403167725,10022,1.9456558843689973,1.138013625903382,1.7096947172515444,0.3933602273464203
535,20,0.16998732089996338,6390,1.9598726823883073,1.3023773967285668,1.5048423654386152,0.3112957179546356
536,20,1.454602599143982,14179,21.027436271977685,7.168933348733953,2.9331331802224434,0.79289710521698
537,20,0.7847875356674194,7101,3.7059312963288606,2.275537055156047,1.628596329789538,0.652306079864502
538,20,1.096397042274475,7851,23.056905920900988,6.91249185597209,3.3355418568743045,0.7681208252906799
539,20,0.44889557361602783,13448,1.4211220057447067,1.3135161550310843,1.081921984971699,0.5100379586219788
540,20,2.2735698223114014,8278,21.800528927609047,12.203429870756246,1.7864263701673802,1.0991120338439941
541,20,1.325770378112793,2392,12.862465099005133,8.226374019282776,1.5635643442485971,0.9055745601654053
542,20,0.312218576669693,32086,8.641039102023655,2.9163676009596253,2.9629457888564437,0.36399105191230774
543,20,0.40361109375953674,20799,4.456249760312335,4.13165510048884,1.0785628645004788,0.45653194189071655
544,20,0.619489312171936,18714,8.295961376400085,3.6434766226843296,2.2769355304071532,0.6251835823059082
545,20,0.9929044246673584,17629,17.806846176458862,4.9590285592495835,3.5907932297026055,0.7708947062492371
546,20,0.40446701645851135,35048,14.630025929280572,4.778246227111062,3.061798248543348,0.4161834418773651
547,20,0.3782275915145874,21100,6.141635646596771,2.6851612316530677,2.2872502307109146,0.3817020058631897
548,20,0.5291193723678589,21180,4.879185762487973,3.1379034723771215,1.5549190105552184,0.5707592964172363
549,20,1.0899503231048584,10114,8.478379971494023,5.058805982894203,1.6759646446535128,0.8584852814674377
550,20,0.4568577706813812,12018,4.5653516662808675,4.02093990177063,1.1353941560452991,0.5307484269142151
551,20,0.2871720790863037,14612,2.0924029215882904,1.7049974573026179,1.2272176199589986,0.36581575870513916
552,20,0.3716152608394623,16757,3.6767189054222147,2.6308934649177127,1.397517213999319,0.4334615170955658
553,20,0.45245060324668884,6866,5.093229115072806,3.4589247934967116,1.472489117036414,0.5006973743438721
554,20,0.18784965574741364,17673,3.181058171160568,1.841200803329465,1.7277084419073117,0.25655484199523926
555,20,0.39991071820259094,18151,3.1421672014239825,1.3131093805907625,2.3929211441684632,0.48470091819763184
556,21,0.14401847124099731,1562,2.3555355537019045,1.4397676186678865,1.6360525984600738,0.29317915439605713
557,21,0.7828494310379028,5866,6.183998427225985,2.7500082714686576,2.248719937093548,0.6417433023452759
558,21,0.18633008003234863,13908,1.9047627510092564,1.218173593756242,1.5636217701406177,0.2988004982471466
559,21,0.02305406890809536,5389,1.2345160874492738,0.6456725333911124,1.911984827608519,0.03259456157684326
560,21,0.7033655643463135,13770,11.885415097548952,7.48502293528332,1.5878929430558228,0.7133876085281372
561,21,0.7200964689254761,15021,11.127920731746388,4.155063532868065,2.678158984505966,0.6514085531234741
562,21,0.22985491156578064,10589,11.58641688152318,3.881729192703461,2.984859660818003,0.3252214193344116
563,21,0.22404833137989044,10160,7.895857543372567,2.4695811244173362,3.197245664578963,0.33963602781295776
564,21,0.13121582567691803,17309,13.188175708400188,4.101124778787667,3.2157460257270025,0.20321917533874512
565,21,0.879289448261261,9853,9.876080031428879,5.378354593890858,1.8362642066488217,0.7585712671279907
566,21,0.10768093913793564,4839,18.550047939682845,5.46116450115481,3.396720229862492,0.1648552566766739
567,21,0.9612891674041748,27598,14.805858813331183,4.517525166884721,3.277426968611224,0.7283565402030945
568,21,0.900283932685852,3357,8.54664290704204,6.1154937202248885,1.3975393153909332,0.8194502592086792
569,21,0.189839169383049,22146,1.483619819078967,0.7072423187797876,2.097753174098198,0.3285980820655823
570,21,0.08016172796487808,13660,1.7368750896104475,0.7514411596009711,2.311392006435272,0.17833688855171204
571,21,0.10007205605506897,19400,3.755320398755774,1.3554560315438025,2.770521736862143,0.2159041315317154
572,21,0.22143521904945374,49944,1.1340366457929705,0.38829394780926857,2.920562249780656,0.34712085127830505
573,21,1.0801210403442383,2318,22.77867917807926,8.615295226924228,2.6439812656552335,0.8568742871284485
574,21,0.18092627823352814,36938,0.7315198302676625,1.0845620661540691,0.6744840642094436,0.3176327347755432
575,21,0.3718128204345703,8532,5.771568646276805,3.512638765327509,1.6430863040188068,0.48389169573783875
576,21,1.2372677326202393,20299,13.763359654161338,5.649273351485401,2.4363061933514,0.6891505718231201
577,21,0.9557191729545593,15263,2.995480630107533,2.5075473249407643,1.1945858809173624,0.6686420440673828
578,21,0.7094907760620117,6032,7.252117242454949,2.959459451923355,2.4504871109956725,0.7017379999160767
579,21,0.24428552389144897,19488,4.9874692299286325,1.5540020246134225,3.2094354775156217,0.3820120692253113
580,21,0.10472730547189713,34478,2.69640233217499,0.9986589728748452,2.7000231364367977,0.22959573566913605
581,21,1.6055383682250977,6624,11.617986717004447,7.179727950569861,1.6181653116927222,0.9001906514167786
582,21,0.7657321691513062,23545,3.929390806977168,2.1544341441294708,1.8238621113958762,0.5841051340103149
583,21,1.4395447969436646,19553,11.106815520805512,6.267318788792914,1.7721797622078377,0.8590083718299866
584,22,0.29538455605506897,14759,3.2497714035635696,2.5400880826643455,1.2793931933862486,0.44388872385025024
585,22,0.11970071494579315,48850,9.667253761441557,2.949250185463308,3.277868323646343,0.16018857061862946
586,22,0.272739052772522,18604,4.321438578805459,1.3361575199600384,3.234228385685746,0.39477068185806274
587,22,1.853480339050293,4484,9.572546773666657,7.314561420951792,1.308697298821744,0.9761483073234558
588,22,0.10559702664613724,16977,2.065434073946707,0.8867319909879623,2.3292653190995756,0.1919955015182495
589,22,0.2283013015985489,33165,2.153210695552094,1.8034857103275672,1.193916138742132,0.3570144772529602
590,22,2.072085380554199,5297,30.17429431005394,11.156120351106036,2.704730081820936,1.1282521486282349
591,22,1.163190484046936,3576,7.915641423817695,5.079898000908255,1.5582284176573757,0.8515027165412903
592,22,0.2662448585033417,14771,3.595030713965678,1.4665286331284986,2.4513880143574576,0.38819435238838196
593,22,0.2224084734916687,27020,1.2589838485415104,1.5178333695007877,0.829461173959272,0.3307175040245056
594,22,0.5204264521598816,26296,7.49881277224532,3.253033256261207,2.305175564316729,0.5762631893157959
595,22,0.1611984819173813,22531,1.065847341213935,1.2364492680846206,0.8620227038220286,0.277898907661438
596,22,1.4226288795471191,22447,12.529573780310535,6.783898245361192,1.8469578002406466,0.945128858089447
597,22,0.1994674950838089,18556,1.7385744683354294,1.171784067080011,1.4836986755301507,0.33107686042785645
598,22,0.430541068315506,12609,2.4827192054935923,0.9295894019560105,2.6707696971016106,0.5046379566192627
599,22,0.6385402083396912,8193,3.2625972455630334,2.8480683392585258,1.1455473875361015,0.6279259324073792
600,22,1.9683564901351929,12185,13.077368929763841,9.626455555094585,1.3584822424949106,1.086074948310852
601,22,0.3429284393787384,22794,15.587032484250944,4.669484318946437,3.338062925065024,0.41781654953956604
602,22,0.19298653304576874,9258,12.98492026532745,4.562960641647917,2.845722609747317,0.238088458776474
603,22,0.4021756052970886,4992,10.105631068713608,2.9314743688101825,3.447286176618287,0.44752171635627747
604,22,0.986693263053894,1560,5.1064396163512376,4.394619735979302,1.1619753068833272,0.8035783767700195
605,22,0.5525143146514893,17374,2.4455673523727874,1.828929319740864,1.3371579349594307,0.6034168004989624
606,22,0.37932875752449036,17164,7.073489391153876,3.611838127734618,1.9584181629946087,0.48651742935180664
607,22,1.0519839525222778,8735,8.221242548456868,5.7977644679188,1.4180021616860534,0.8130191564559937
608,22,0.519591748714447,23217,18.70635055989488,5.886108108208701,3.1780507962135514,0.49283576011657715
609,22,0.412962943315506,11489,6.165459729556168,3.5547642705970124,1.7344215425342289,0.4932139217853546
610,22,0.6075046062469482,8300,7.076060821483577,4.9651980336592905,1.4251316409764991,0.6318914890289307
611,22,1.0914416313171387,5702,3.3521767789184755,4.99560948931355,0.671024583904862,0.8796533346176147
612,23,0.5257182121276855,7538,2.52283671405812,1.8586004474668296,1.3573851859851054,0.5790435671806335
613,23,0.343863308429718,25321,3.1074788048195128,2.843891931194683,1.0926852637164055,0.425143301486969
614,23,0.2971923053264618,56533,2.494359902203023,2.242892851330068,1.1121172822512315,0.38206911087036133
615,23,0.38758552074432373,4548,2.3758513280068936,1.7560824660585965,1.35292696893556,0.4696213901042938
616,23,0.24563264846801758,20234,2.5946098648846063,2.0751809377048778,1.2503053674697684,0.3431488871574402
617,23,1.543384313583374,6583,13.691806899454749,8.046498717406942,1.7015856685384965,1.0176419019699097
618,23,0.83929842710495,29071,8.976930934431229,3.1406190332762285,2.858331698086865,0.7021998167037964
619,23,0.20551222562789917,17046,5.4211346123532405,1.7155835024241093,3.1599363159473435,0.28913262486457825
620,23,0.19056542217731476,2434,2.4668307992958325,2.5240106734210306,0.977345629030691,0.3129795491695404
621,23,0.10744564235210419,18902,3.346609158826904,1.0869516346756398,3.078894269129551,0.18028371036052704
622,23,0.9550020098686218,15345,4.212040744278385,4.576282173464268,0.9204066936040636,0.8188396096229553
623,23,0.37181490659713745,15629,1.852841607437043,1.0761786841694054,1.721685845195256,0.47950732707977295
624,23,0.1531732678413391,18897,3.8598718979688393,1.474103100422958,2.6184545008139013,0.23113229870796204
625,23,1.186652421951294,9241,6.127097879926881,4.033299993588699,1.5191277340304334,0.8786131143569946
626,23,0.6161720752716064,18546,3.704400337897018,2.834596752378392,1.3068526712970736,0.6475734114646912
627,23,0.06188944727182388,4989,5.8575459384808175,1.7850362029561864,3.2814717868337313,0.08382046222686768
628,23,0.18017493188381195,9850,12.110259544307445,3.1145157164782122,3.8883282817392306,0.2839564085006714
629,23,0.25916633009910583,7707,5.775455024265183,2.1603256306259113,2.6734187394653026,0.36531540751457214
630,23,0.619617223739624,5197,2.8532582714739125,1.887124211353289,1.5119610327219957,0.5994998216629028
631,23,0.05300552770495415,400,5.193002930310592,1.5052893082543624,3.4498371189052737,0.07860061526298523
632,23,0.3273852467536926,21187,9.939287900536419,4.291654943270181,2.3159569051841116,0.39452046155929565
633,23,0.1453600823879242,16263,1.1474149134724054,1.0063417273867363,1.1401841762547869,0.291837602853775
634,23,0.3377644717693329,35422,1.5966366823346467,0.7225164920986594,2.2098273185360267,0.42957261204719543
635,23,0.7898401618003845,8399,4.316170719678088,1.8339076729116943,2.3535376308355547,0.6661854982376099
636,23,0.28840523958206177,18807,2.7271085263447663,0.9107189219397863,2.994456863302198,0.3605540990829468
637,23,0.48511672019958496,16909,3.161325735783072,1.15820076214377,2.729514466843288,0.5240538716316223
638,23,3.2268130779266357,12273,24.972517853641047,13.310756104616406,1.876115650934229,1.2216455936431885
639,23,0.3557279706001282,9745,3.818925289747637,2.931981151806804,1.3025067665912382,0.4579591155052185
640,24,0.26738861203193665,7098,2.734383108946087,2.056250588983585,1.3297907967026414,0.3954777121543884
641,24,0.6280203461647034,7895,7.560649046311061,3.0339347173901516,2.492027598013837,0.6009623408317566
642,24,0.5321568846702576,15094,13.94445134771229,4.928126087766389,2.8295646457433903,0.5592885613441467
643,24,0.48919162154197693,2268,11.984627095627483,6.707494765143391,1.786751613718105,0.538123369216919
644,24,1.5812649726867676,12174,12.84944594558278,7.065525666667728,1.8186114596114784,1.0109987258911133
645,24,0.5197919607162476,6629,8.758149629720922,3.3620906586322197,2.6049712869079342,0.5357233285903931
646,24,0.4883229732513428,20195,2.4589477245476075,2.794157273366677,0.8800319681303923,0.5196448564529419
647,24,1.0489532947540283,3237,4.771856517548079,3.7265130934380633,1.2805151620021027,0.8481036424636841
648,24,0.5635441541671753,7470,5.159158152447249,2.228319234469306,2.315268868409527,0.548069417476654
649,24,0.3691960871219635,18651,4.969412129747813,2.127715447270543,2.335562368605395,0.4475181996822357
650,24,0.3258836269378662,8393,3.0544898708288755,2.018150543634899,1.5135094259746884,0.41095083951950073
651,24,0.4147213399410248,38512,8.022070956837483,2.8180793362162015,2.846644824274453,0.45098936557769775
652,24,0.7768246531486511,22879,7.132401219489196,2.994305335465747,2.38198861519158,0.7324743866920471
653,24,0.3434509038925171,13926,3.936197701307279,2.2013570316863116,1.7880778286520085,0.43318411707878113
654,24,0.2722450792789459,3154,5.0820211165604885,2.219711640333279,2.2894960877869512,0.3286261558532715
655,24,1.0465567111968994,10813,9.668788633167782,4.082715808254862,2.3682247521652244,0.8015023469924927
656,24,0.15641707181930542,12107,2.7650939086662687,1.8811561148966367,1.4698907160167998,0.22657571732997894
657,24,0.328845739364624,36023,1.618479558086545,1.8396021401880618,0.8797986927326626,0.42630383372306824
658,24,0.3996645212173462,18331,2.083004951029234,1.1380328148436936,1.8303557892691344,0.4787590205669403
659,24,0.45094016194343567,17974,1.852320262516513,1.0828625783628567,1.7105774079987717,0.5346973538398743
660,24,0.1662958860397339,30865,3.0048936032288927,1.3330693625450376,2.2541164680957237,0.2692720592021942
661,24,0.633047342300415,12651,5.924289503034118,2.349455522705886,2.521558482711155,0.6112014651298523
662,24,0.22995257377624512,8804,4.541314254294141,2.7609042103268324,1.644864837145111,0.372877299785614
663,24,0.050150517374277115,14524,0.6960300857425088,0.4501221085151119,1.546313928096235,0.13853546977043152
664,24,0.14574429392814636,11071,2.8520015848817257,1.0416725019938033,2.7379061839687053,0.2404644936323166
665,24,0.46685072779655457,10700,2.4225318264188034,1.0608740980605909,2.2835243417152022,0.5035878419876099
666,24,0.18655236065387726,30384,1.4385310911797244,0.45992229371323745,3.127769866432098,0.30035972595214844
667,24,0.6840655207633972,25433,7.054410098886355,4.045392951940746,1.7438133162070972,0.6941847205162048
668,25,1.7241252660751343,15808,11.860125089505152,5.985199571134172,1.9815755428946746,1.0107640027999878
669,25,0.10050435364246368,23576,4.72698619614513,1.6177801226148991,2.921896573003841,0.17177915573120117
670,25,0.6394132971763611,15784,8.742406111128494,3.3883066956704284,2.580169652970595,0.6310033798217773
671,25,0.0744418203830719,16996,5.205426964155577,1.5913158362037525,3.2711463341999956,0.1297740936279297
672,25,0.6636934876441956,16482,4.531179703792701,2.5967581717728114,1.744937111605395,0.6265721917152405
673,25,0.08149145543575287,10185,1.5054499642342778,0.7866851594800278,1.9136625956277293,0.18030524253845215
674,25,0.6958341598510742,8300,4.720917664889761,2.324386951115615,2.031037759277505,0.6677063703536987
675,25,0.6948389410972595,7252,6.4872293463623665,3.4720914111032086,1.8683924408255344,0.7017031311988831
676,25,0.19584791362285614,6675,7.837797908207216,3.1276244802948248,2.5059907151851815,0.3089824616909027
677,25,1.0588027238845825,6857,6.769007729144307,6.085471611305621,1.1123226204141181,0.897542417049408
678,25,2.1030845642089844,1160,19.754305985847378,12.493384026889851,1.5811813631381268,1.1437737941741943
679,25,1.0103302001953125,9703,4.587167604138943,3.530558021414948,1.299275518576306,0.7684131264686584
680,25,0.24370776116847992,3358,20.218129639377633,7.911595381245112,2.555506021870545,0.2862814962863922
681,25,0.935813844203949,56938,35.009073879586836,12.125100774620982,2.887322301919449,0.7468323707580566
682,25,1.2907233238220215,14839,50.853021396548975,16.858635683317903,3.0164375309958484,0.8840412497520447
683,25,1.2537277936935425,40922,37.74650102783119,16.657174331912653,2.266080685456493,0.8699805736541748
684,25,0.8845056295394897,6074,7.851718456941547,2.705808909151176,2.9018007998952755,0.6882762908935547
685,25,0.3340270221233368,31555,3.683545594695865,1.4211915690409016,2.5918712684027057,0.4183017611503601
686,25,0.44498559832572937,6802,2.1310458849057454,2.4390542352183,0.8737181216120596,0.5046637058258057
687,25,0.5137919783592224,27904,1.9818584675078126,1.6175828759068671,1.2251974826300607,0.5622135996818542
688,25,0.46295344829559326,10820,23.111935445971145,11.126643863741677,2.077170414457479,0.5063455700874329
689,25,0.8005541563034058,21259,17.84007682339215,4.8592638887195685,3.671353775373865,0.6305476427078247
690,25,0.5183058977127075,21575,5.580101710118402,3.6583619060953874,1.5253006272615015,0.5381121039390564
691,25,0.8449780941009521,7268,5.935283046243785,3.6944550004490915,1.6065381891295727,0.6662921905517578
692,25,0.9802917242050171,18736,17.04027319747794,4.8177241570222895,3.536996441076144,0.7787282466888428
693,25,0.5228883028030396,5316,4.880629590182479,5.734981182231925,0.8510280042945488,0.6056479811668396
694,25,1.2509018182754517,1004,24.51677145384026,15.999406645827754,1.532355042693542,0.934643030166626
695,25,0.34846770763397217,25250,5.714088416099662,2.464638842426383,2.318428289668578,0.4490433633327484
696,26,0.43071815371513367,11709,4.115212359414751,4.572021345781722,0.9000859900207299,0.47644326090812683
697,26,0.8401645421981812,7072,3.4874226879458807,2.550629407738519,1.3672792595285683,0.7254045009613037
698,26,0.41442185640335083,18632,5.45448736535632,1.9597934251622466,2.7831950527653047,0.4578428268432617
699,26,0.4129689633846283,16020,4.4654135886924164,1.573067947467755,2.838665421845111,0.4825455844402313
700,26,0.5563246607780457,24009,3.119048746054421,1.1985652639564426,2.602318655352896,0.562461256980896
701,26,0.43813416361808777,22226,2.7367761151282113,1.7027898046662904,1.6072307384192686,0.5147925615310669
702,26,0.5527167916297913,8552,4.808840859184439,1.781941118172742,2.698653064424977,0.5618211627006531
703,26,0.28475913405418396,45754,5.003077894819932,2.2412878865898733,2.232233496085993,0.3783363997936249
704,26,0.5445283651351929,9113,4.1674442837283,1.2397715768273005,3.361461386612722,0.5487627387046814
705,26,0.6889271140098572,2434,10.863590262147326,7.021203208336231,1.5472547852264846,0.6957414746284485
706,26,0.7369519472122192,6733,8.926021006765598,5.012751269205466,1.7806630585480088,0.6813125610351562
707,26,0.23495830595493317,14958,4.13068622199269,1.8782713267047892,2.1991956983325216,0.3472215533256531
708,26,0.2890954911708832,15364,7.1178743301113885,2.6117989649384072,2.725276495496475,0.404734343290329
709,26,0.36644887924194336,12390,8.376417353248188,2.692380451805839,3.111156652332262,0.4730764329433441
710,26,0.14981023967266083,40448,5.571569357131219,1.6030472397688278,3.4756114597915455,0.24618315696716309
711,26,0.9869088530540466,9407,8.703967397798232,4.387586689014077,1.9837710374110225,0.7684280276298523
712,26,0.15978355705738068,16667,0.9126513420965964,0.9068742015037295,1.006370388067365,0.289387971162796
713,26,0.5959307551383972,15194,3.64525522644338,3.5527917150611636,1.0260255930538271,0.6319226026535034
714,26,0.0690547376871109,22056,1.4564680795733773,0.5847703271433761,2.4906668686247904,0.1331055909395218
715,26,2.6438231468200684,7235,34.364709041979204,11.618448654846555,2.9577708748268425,1.1260885000228882
716,26,0.1706239879131317,16066,3.1853738313320954,0.9157731140514129,3.4783439068618316,0.2784118354320526
717,26,1.630735158920288,12124,11.732147940090707,5.3131412340189845,2.208137789556561,0.9501419067382812
718,26,0.4716810882091522,27953,6.185269965384502,1.5095031687978597,4.097553481988539,0.5176225900650024
719,26,0.35114598274230957,3633,12.845463028255837,3.43658418400198,3.7378578089401744,0.4436097741127014
720,26,1.8591206073760986,14720,43.61694611366065,9.802069754920593,4.4497689982017015,1.0136743783950806
721,26,0.3684108257293701,8075,4.274511226800507,3.41719906241896,1.2508815403260187,0.49829137325286865
722,26,0.4650425314903259,8867,1.7265514528820824,0.9214007386270762,1.873833371843004,0.5071531534194946
723,27,0.29966509342193604,23361,11.086301554322265,2.9316042454659152,3.781650122612834,0.38998836278915405
724,27,1.5233460664749146,9717,7.77403862704298,4.95623853272294,1.568536012888464,0.9740772843360901
725,27,0.457955926656723,4935,5.801425679692767,3.220171245689355,1.801589181773167,0.5395649671554565
726,27,0.5782195329666138,18766,61.516523917109396,11.91668501192016,5.162217836216176,0.5401812195777893
727,27,0.6871811151504517,20700,23.434723793913726,7.237514665786406,3.237951821319611,0.6218530535697937
728,27,0.3324842154979706,17392,10.567223570516193,3.373691716838253,3.132243387198526,0.44949662685394287
729,27,0.3786887526512146,8832,7.179586017545145,2.4587691513378163,2.919991904744621,0.45918744802474976
730,27,0.6837687492370605,10596,5.27385957512376,2.3624456875638824,2.2323728341707825,0.63536137342453
731,27,0.7508293390274048,12589,14.499784796863729,3.48741495565742,4.157745774800173,0.6444398760795593
732,27,0.37096941471099854,5046,4.219902954795138,4.2500645930370995,0.9929032518017801,0.4644560217857361
733,27,0.9559839367866516,3891,7.283115393599085,6.937274944661579,1.049852492757634,0.8005362749099731
734,27,0.7597137689590454,12441,3.1643298377626783,2.0289254077303003,1.5596087592500318,0.6909802556037903
735,27,0.3071872889995575,43238,1.7118032694880903,1.0442855119586347,1.6392100147744435,0.4051954746246338
736,27,0.5003944635391235,7308,2.4039103044713066,2.061221020763279,1.166255476853211,0.571391761302948
737,27,0.3603377044200897,20583,6.535594024862762,1.753033063397755,3.728163581918784,0.43485042452812195
738,27,0.28142884373664856,40126,9.638743706989894,2.8246176807702317,3.4124064904805587,0.33187180757522583
739,27,0.4611571431159973,12198,18.595363309742485,4.167178459514869,4.462339083962063,0.510283350944519
740,27,0.47153013944625854,21582,3.972595394423535,2.6215647372476716,1.5153527730895433,0.5539634227752686
741,27,0.21564027667045593,19443,3.093806410766814,1.4552357411559285,2.1259829753131294,0.33626723289489746
742,27,0.4616258442401886,10951,4.588483217570264,5.142615338882992,0.8922470212532012,0.5197761058807373
743,27,2.1990256309509277,6679,43.938450158648955,12.819020067560386,3.4275982038467583,1.0931841135025024
744,27,0.9498795866966248,5640,4.679387918876033,2.804508711077405,1.6685232249026207,0.765695333480835
745,27,1.0194858312606812,13733,10.47725175130764,3.3535974700517497,3.1241828647797854,0.7832037806510925
746,27,0.509290874004364,15076,7.887844932982508,1.6343922942348126,4.826163804614976,0.49384790658950806
747,27,0.15345245599746704,26363,7.6618606873208455,1.7468771068399471,4.386033028491944,0.23952274024486542
748,27,0.19301164150238037,27353,1.7492340318947155,1.457665905830827,1.2000239731864368,0.2922123968601227
749,27,0.2602146863937378,10636,2.053111817480402,1.8472652261944844,1.1114331544630798,0.3922751247882843
750,28,0.29567861557006836,36712,1.8202907577337704,1.1779705123728093,1.5452770155218718,0.3986645042896271
751,28,2.2906229496002197,7971,30.57444408095644,11.60336037379888,2.6349646219721685,1.1357864141464233
752,28,0.8863469958305359,9057,10.655270528667867,8.196479132525601,1.299981413529608,0.7955649495124817
753,28,1.3039100170135498,8832,11.3792622723678,6.780282002412644,1.6782874618366923,0.94395911693573
754,28,0.3024040460586548,18534,1.716344919269605,0.663637909470728,2.586267141724706,0.40824493765830994
755,28,0.24171952903270721,16525,2.0863173921114107,1.336120460216823,1.5614740244089111,0.33333301544189453
756,28,0.6770089864730835,10360,7.506426283322682,5.257121204358488,1.4278587066050425,0.71101975440979
757,28,0.06768398731946945,6360,1.8752878603901426,0.9049477166884803,2.0722610000613115,0.09281025826931
758,28,1.1482421159744263,7357,12.760911050161422,6.590601617837681,1.9362285554662655,0.8606137633323669
759,28,0.3199331760406494,7623,9.664751279643896,3.1395263189603337,3.078410657452726,0.4141268730163574
760,28,0.25560837984085083,12003,6.104847354715587,1.3456971054771172,4.536568689836466,0.37070879340171814
761,28,0.0985860675573349,25842,2.6034930057217593,0.8370678363433263,3.110253306460598,0.19671210646629333
762,28,0.24395759403705597,9245,4.0185132753470745,1.3947705958909042,2.8811284717236125,0.34275010228157043
763,28,0.30061885714530945,14233,4.574624034672331,0.9875290380838286,4.6323944494271885,0.41391119360923767
764,28,0.47964802384376526,6650,2.7056765118490307,1.3837747451152445,1.9552868134052694,0.5313060879707336
765,28,0.19391575455665588,39610,1.2946896351977941,0.31600798429020166,4.097015580482094,0.3135174512863159
766,28,0.4239022731781006,2874,6.450839545445334,3.3296245322798073,1.9374075013276288,0.5587659478187561
767,28,1.3272371292114258,22998,13.206258873639054,4.5341803733317025,2.91260112881928,0.8391624689102173
768,28,0.15704835951328278,19859,6.744183612845508,1.6745595300221237,4.027437360051558,0.2374509871006012
769,28,0.09552649408578873,10185,1.1179407954651557,0.8231199995636923,1.3581747449416606,0.18903622031211853
770,28,0.07202448695898056,23119,1.0170235614548497,0.5745596614670047,1.7700921760785402,0.11403049528598785
771,28,0.9170867204666138,15094,13.72139247045207,6.223752694820016,2.204681507006228,0.8323394656181335
772,28,1.4203848838806152,14708,9.177400396605409,4.260980626129303,2.153823544825655,0.9092035293579102
773,28,0.7255394458770752,18471,3.1225157972677815,1.7873368109062688,1.7470214781078466,0.6343806385993958
774,28,0.07752545922994614,21698,2.04925794429638,0.701505062177178,2.9212304440589785,0.11874512583017349
775,28,0.04657891020178795,16583,2.2093053394005375,0.6689276744372747,3.302756671348333,0.07828418910503387
776,28,1.4155617952346802,5549,11.821453596614427,8.090207876842632,1.4612051725457675,0.9889122247695923
777,28,0.5111581683158875,20295,10.902163551561886,3.012066273286678,3.6194965722524244,0.5546489357948303
778,29,0.13812221586704254,44779,2.6847291013431254,1.1753063606967173,2.2842802448115256,0.23446950316429138
779,29,0.19722366333007812,26077,5.319766113190142,2.5536535721176383,2.083198038791377,0.31234508752822876
780,29,0.8467003107070923,24060,4.38915078606608,2.341196681931792,1.874746713908113,0.6877552270889282
781,29,0.6610093712806702,18786,4.455254082593292,2.7351575179432497,1.6288839137651827,0.6266384124755859
782,29,0.11556112766265869,9814,1.4622569933774103,1.1421663502845465,1.2802487072148814,0.22659875452518463
783,29,0.21158739924430847,17813,3.514654542707346,1.816863401046387,1.9344627343372178,0.32508835196495056
784,29,0.26541611552238464,28655,1.7834297362090723,1.2762269404585795,1.3974236710336525,0.3922072947025299
785,29,1.679839015007019,5822,17.61460104350858,6.385718919302876,2.7584366405887453,0.9651833772659302
786,29,0.3454693853855133,13274,4.02978347007375,1.5448628421337518,2.60850566158044,0.4703066945075989
787,29,0.12988819181919098,31613,2.4476174895446308,1.026732195445203,2.3838908533309713,0.26609668135643005
788,29,0.87466961145401,14648,14.873698201639174,11.37236103053389,1.307881288828517,0.7855343818664551
789,29,0.4145999848842621,19365,1.7639935813709207,1.3276585375723573,1.3286500492777906,0.4860423505306244
790,29,0.2771196961402893,12340,3.4617348607094898,2.943337119965261,1.1761258461447226,0.37509724497795105
791,29,1.243492603302002,5488,8.656635151921186,4.301420635294137,2.0125060732004467,0.7923547625541687
792,29,0.5242591500282288,3927,8.834664682309807,3.5136148383293047,2.5144089744646294,0.6036921143531799
793,29,0.3881499171257019,6435,6.419158583814802,2.134106900705315,3.0078898960920304,0.43632107973098755
794,29,0.6282479166984558,20611,17.539692360628578,3.9657815637786227,4.422758056273836,0.5945180058479309
795,29,0.4134538769721985,11057,4.402428884295397,2.319685399649521,1.897856013129478,0.49134179949760437
796,29,0.30747878551483154,9329,5.7843899834373325,2.425694870982416,2.3846321532980967,0.38449808955192566
797,29,0.595969557762146,3648,5.591838318218909,3.102618298128512,1.8022965704772909,0.5639832019805908
798,29,0.36430221796035767,10286,8.022870274955677,2.324801403706435,3.4509916684329895,0.40040862560272217
799,29,0.4397146701812744,11143,6.013458416662682,2.37442654473135,2.532593998329197,0.5284793376922607
800,29,0.31848159432411194,26655,7.903472774484787,2.9634500199931963,2.666983657952924,0.376787930727005
801,29,0.5183178186416626,3815,5.001147710684525,3.407642716291588,1.4676267810510435,0.5841338634490967
802,29,0.39249876141548157,21978,2.209891027811366,2.2660777603801794,0.9752052936787295,0.50010085105896
803,29,0.3554902672767639,5334,2.817855314044954,1.8724169288262043,1.504929415378619,0.4594862461090088
804,29,1.1716724634170532,18864,12.439264066953143,4.336462540126459,2.8685279653280533,0.8666855096817017
805,29,1.4350547790527344,8836,14.037285880741543,6.011813313885728,2.3349503964663576,0.90523761510849
806,30,1.2340563535690308,12536,17.537030958349565,7.46956041051155,2.3477996019241245,0.8805923461914062
807,30,0.16613860428333282,15364,1.6834812347986279,1.2727428109616978,1.322719107346793,0.2397909015417099
808,30,0.15012101829051971,16519,1.1234399787551255,1.14070672060925,0.9848631190268718,0.2428051233291626
809,30,0.4035257399082184,23079,3.1693965455422854,2.6502489490073864,1.1958863512532067,0.527971088886261
810,30,0.47076016664505005,7703,6.649121402851519,2.8228537649389684,2.3554608054565382,0.535596489906311
811,30,0.0933702364563942,8033,3.0735793266687588,1.0817422600233162,2.8413231508581984,0.12968382239341736
812,30,0.4221211373806,13496,3.32158738737151,0.9186668132968787,3.615660584763588,0.49078866839408875
813,30,1.0338068008422852,8892,12.507500191298517,8.887586503016951,1.407299966875299,0.8824455738067627
814,30,0.31543248891830444,43423,2.7036733787712217,1.1698906999269767,2.311047843134124,0.4358797073364258
815,30,0.3014109432697296,10729,15.15489886052315,4.929343118395913,3.0744256377615935,0.39841797947883606
816,30,2.115436553955078,13054,20.635948650575884,8.480758844782113,2.433266766366074,1.0771074295043945
817,30,0.1539711207151413,29942,3.156513920693915,1.1876709161196066,2.657734459815108,0.25027087330818176
818,30,0.31074288487434387,9062,3.248217460665391,1.4580731870778707,2.2277465146814244,0.41903677582740784
819,30,0.1427018642425537,36787,21.192260567458305,4.164002744266029,5.089396397885584,0.19707411527633667
820,30,2.0627760887145996,6258,10.930882833696833,7.0065474775393115,1.5600954491118615,1.0691540241241455
821,30,0.15456123650074005,3723,2.202630061836376,1.3479385718210166,1.6340730266803387,0.2933042645454407
822,30,0.2482464462518692,24510,1.6417624753838649,1.762031454220501,0.9317441362641433,0.39146149158477783
823,30,0.6564056277275085,15073,4.961033232960416,1.7524433842696598,2.8309235422319348,0.6154240965843201
824,30,0.32296285033226013,15337,2.382461872257723,2.176141389268302,1.0948102379770914,0.44610145688056946
825,30,0.8506832718849182,1234,19.494313511317408,4.894687341893981,3.9827494893208386,0.7122333645820618
826,30,0.4528350234031677,8302,6.6808744034180565,2.9085056701875946,2.297012679705332,0.5282673239707947
827,30,0.20339863002300262,18871,3.3136052141257197,1.7887011551991623,1.8525203075384131,0.3104870617389679
828,30,0.3602515459060669,12467,2.3760265340401805,1.3248259372121678,1.7934631767840092,0.4306774437427521
829,30,0.5223018527030945,15814,1.935622443795176,1.1452513727671387,1.6901289007990137,0.5522077083587646
830,30,0.3272204101085663,28513,2.856479032921098,0.729111139150923,3.9177553044158073,0.4306095242500305
831,30,0.27760523557662964,17199,3.4384414770744143,0.9734829008454625,3.5321025917195072,0.4022243618965149
832,30,0.38898715376853943,1663,4.377951797884071,3.4747339821504513,1.259938694694946,0.4351503551006317
833,30,1.3632619380950928,14502,25.8743890515196,6.992762524209679,3.700166988645195,0.8972017765045166
834,31,0.2121867835521698,8626,4.672400811760243,1.8560284897150374,2.5174186913882424,0.2993040382862091
835,31,0.27056896686553955,10587,22.639732664440604,5.753079357069642,3.935237332788735,0.340654581785202
836,31,0.20173011720180511,21719,21.653101660582447,5.574159017180426,3.8845504037183605,0.2655840814113617
837,31,0.30023759603500366,25654,3.033984808776999,1.166250144548028,2.6014871877681065,0.4163298010826111
838,31,1.2446017265319824,15399,15.765233983012441,8.332853406292292,1.8919370369705446,0.939481258392334
839,31,0.12206204235553741,28375,1.3993736841592346,0.9341426702264612,1.4980299356398,0.21052293479442596
840,31,0.14572454988956451,32166,1.7635438519862061,0.9630493567071374,1.8312081719407318,0.25862404704093933
841,31,0.20497547090053558,37703,2.73292633918827,1.0798922087711533,2.530739935882703,0.29834794998168945
842,31,0.21530379354953766,21253,2.5767213641745514,1.8856239471690384,1.3665086127282793,0.31988027691841125
843,31,0.27305543422698975,14347,8.853625280249123,2.295949822653917,3.8561928457178785,0.3694300353527069
844,31,0.6752572655677795,15531,11.399817589090608,6.893071921648442,1.6538080145786072,0.6996672749519348
845,31,0.28039389848709106,19617,2.558326672311362,1.9546519298690794,1.3088400206789794,0.4422229826450348
846,31,0.15405583381652832,9569,2.469556073286405,0.8399654286666955,2.9400687087842075,0.25399166345596313
847,31,2.274339437484741,6350,29.517970931461743,9.511361292622771,3.1034433477312495,1.104313850402832
848,31,0.39287787675857544,18602,3.0282393773468974,1.3245878836729805,2.2861747526691363,0.46755024790763855
849,31,0.08489027619361877,21290,1.730950626422973,0.6795605704096872,2.5471616538565303,0.1938374936580658
850,31,2.0500175952911377,2436,12.822571903493937,7.2726321069909545,1.7631267077522368,1.0063000917434692
851,31,0.10239360481500626,10293,1.661884727494178,0.9332999348827551,1.7806544984932096,0.23347985744476318
852,31,2.2484755516052246,9435,16.2427229799932,7.149918608734278,2.271735367749356,1.0796571969985962
853,31,0.3618554174900055,17176,5.571826787839037,2.855481709851161,1.9512738493875736,0.47843122482299805
854,31,1.3295468091964722,10747,10.326572503519861,4.442216503799128,2.324644126346817,0.8193227052688599
855,31,0.6683868169784546,8762,3.122348728843033,1.7150040849724333,1.8206071671784971,0.6026745438575745
856,31,0.1945832371711731,13208,7.044470535428548,2.1382284997042187,3.294535890995614,0.3245261013507843
857,31,0.22717666625976562,10957,12.95492014853022,3.723974897133127,3.4787882588843404,0.29196295142173767
858,31,1.7169216871261597,12068,14.1679391326908,6.779641643447763,2.0897769938004647,1.0441365242004395
859,31,0.1651701182126999,25349,1.165332178559436,0.702596391177502,1.6586082610028252,0.29691949486732483
860,31,0.41976192593574524,1004,9.418448715608886,4.6792204721621,2.0128243094420695,0.5080051422119141
861,31,0.126566082239151,1562,2.122607511173642,1.2050916532419542,1.7613660383935217,0.23571939766407013
862,32,1.0906420946121216,11312,7.592089561750426,3.7507134516205243,2.024172110100328,0.8330385088920593
863,32,0.7418760657310486,22745,2.621755138475425,1.555443083166237,1.685535888035796,0.6870770454406738
864,32,0.30345240235328674,10441,2.767956198402041,1.5113999371262865,1.8313856778789386,0.4134700298309326
865,32,0.7141926884651184,6559,11.42307059193016,3.550901192869714,3.216949718247501,0.6722886562347412
866,32,0.9762274622917175,5354,12.519369758126636,7.265263492808708,1.7231817910688052,0.8429953455924988
867,32,0.4933875799179077,30195,16.219314477174294,5.332303352673253,3.0417088834677783,0.48423224687576294
868,32,0.3646305501461029,6802,5.362249465462983,2.9836843949682152,1.7971905723354191,0.4345482289791107
869,32,0.14280809462070465,32393,1.6095213592055284,1.7545400209351876,0.9173466207665755,0.18515260517597198
870,32,0.6869531869888306,12221,9.719360724884266,7.224218932349155,1.3453856833381435,0.6891974210739136
871,32,0.7867176532745361,6068,2.993830695290392,2.438616213171238,1.2276760398455282,0.7189988493919373
872,32,0.1607862114906311,15533,1.591593461409603,1.5123145461991276,1.0524222394135354,0.2238166779279709
873,32,1.0271360874176025,17988,14.116909714689106,4.61479894005014,3.059051953958511,0.8527495861053467
874,32,0.30068060755729675,6309,1.9857053727641127,0.9291761596816173,2.137060181830729,0.41611650586128235
875,32,0.38803842663764954,8284,3.662329420484336,2.8169815901712005,1.3000899378474318,0.4544684588909149
876,32,0.4898501932621002,10653,3.783696667764947,3.747281657504894,1.0097177136888316,0.5712748765945435
877,32,0.4424319267272949,23110,6.291334871888181,3.0034525690782217,2.0947009240824923,0.5232948064804077
878,32,0.30583974719047546,12674,2.9209208026889564,1.614551087980243,1.8091225631894592,0.39271998405456543
879,32,0.386655330657959,2987,5.771267907853952,3.3968837891165036,1.6989889163542164,0.5068433284759521
880,32,0.27963367104530334,20229,5.681757784436566,2.1739752106941785,2.6135338418231977,0.41301581263542175
881,32,0.31701168417930603,24084,2.880871126830613,1.8847260685775702,1.5285357245593356,0.43008923530578613
882,32,1.3908692598342896,8981,15.292326674742043,5.506565353592882,2.777107996141632,0.9501441121101379
883,32,2.384652614593506,6234,43.758810496802866,12.334517088057417,3.5476711560250442,1.1508678197860718
884,32,0.2707003057003021,18878,1.5792180421213198,0.6359777984818201,2.4831339173925264,0.39258864521980286
885,32,0.30885690450668335,17139,4.959381484262605,1.2241681290777715,4.051225780559006,0.3603847622871399
886,32,0.09878227114677429,10644,3.6534544862266536,0.9318048878574398,3.920836361594283,0.1981619894504547
887,32,0.2920414209365845,9981,3.546578684797028,2.1147846913439814,1.6770400785062618,0.4061259627342224
888,32,0.14956314861774445,28460,2.446279901119254,1.0064719658256067,2.430549468022336,0.2671050429344177
889,32,1.386622428894043,11970,24.81784960829144,6.9241081204720425,3.5842666198279884,0.9308567643165588
890,33,0.6032299399375916,3508,4.202841369817261,2.183225157360499,1.9250608924351786,0.6288844347000122
891,33,1.349544644355774,19956,14.478123440199367,4.979566211143434,2.907506964722519,0.8859010934829712
892,33,0.613768458366394,12029,3.183271557939609,1.9583549819781885,1.6254824009089879,0.6282313466072083
893,33,0.5702227354049683,20411,8.651383446992003,3.050484727372416,2.8360684350782424,0.6128998398780823
894,33,0.18124665319919586,30883,1.8915657666340109,0.8126794360125223,2.3275669136071713,0.29513415694236755
895,33,0.6119688153266907,6920,7.529606683397348,2.550824779962056,2.951832184845876,0.5889010429382324
896,33,0.38361862301826477,10185,18.02351115476195,4.344924345051186,4.148176060944849,0.4597325623035431
897,33,0.23770657181739807,25459,3.30208678300635,1.4946702283595463,2.209241022100439,0.33811554312705994
898,33,0.6579487323760986,6735,6.738759041033495,2.983675174681341,2.258543120985327,0.6176804900169373
899,33,0.21776048839092255,11071,14.90337736012558,4.1383733456131875,3.601264582839064,0.2606697976589203
900,33,0.7072272896766663,23940,2.898420883914628,1.5077806670695024,1.9223093565366032,0.668701708316803
901,33,0.4464782774448395,31667,7.9171848596014724,3.0890365861480715,2.562994849300695,0.5064090490341187
902,33,0.2740857005119324,12729,2.097382085349402,0.5994267829106223,3.49897960041374,0.39215707778930664
903,33,0.9613955020904541,1004,17.19744119463174,7.64905712279603,2.2483086370707026,0.8405789136886597
904,33,0.38702526688575745,21404,2.7339718766782353,2.0060492708223494,1.3628637723120938,0.48408323526382446
905,33,0.3958050012588501,7213,12.700053201400557,4.726844190277635,2.686793279016866,0.4460068941116333
906,33,0.8562069535255432,7695,19.503659418519906,8.868675667432678,2.19916255254869,0.6915719509124756
907,33,0.662896454334259,21205,10.334401680469645,4.068896747745678,2.5398535084953315,0.6537331342697144
908,33,0.6882181763648987,23186,11.48294660547327,3.728611234590192,3.0796846018547894,0.6399356126785278
909,33,0.25605976581573486,7280,5.543627666857991,2.3507015648879053,2.358286457821788,0.37561431527137756
910,33,0.2578524053096771,13810,13.76526640512768,4.0508052816501054,3.3981555389690237,0.30400192737579346
911,33,0.32532981038093567,20077,5.744395966678853,3.3222620738481403,1.7290616570845816,0.44986656308174133
912,33,0.27864915132522583,21702,1.302473416707919,0.9064608112658498,1.43687780047282,0.382605642080307
913,33,1.0449419021606445,4011,12.00933220702754,8.017079285506687,1.497968496923383,0.8355628252029419
914,33,0.337835431098938,19785,8.025898972782564,3.9354601970611798,2.039380039664458,0.46884092688560486
915,33,0.30283066630363464,11228,4.467345757366359,1.936662930042441,2.306723430321534,0.4376109838485718
916,33,0.1701282262802124,39166,1.2694018488763092,1.2988593326184141,0.9773204972984273,0.2938556671142578
917,34,0.3129538297653198,7432,4.028544619703344,2.6601839274458947,1.5143857453381917,0.43299564719200134
918,34,0.8059498071670532,17329,5.6486108945891,4.849185937963561,1.1648575589493886,0.7298109531402588
919,34,0.791836142539978,8095,6.6977138775407115,3.28968300208517,2.0359754642904258,0.6249644160270691
920,34,0.5097021460533142,5683,8.920043971208178,6.283571168102571,1.4195819117141175,0.5640301704406738
921,34,0.07531319558620453,16764,2.2514573781497154,0.979343786391747,2.2989448745497136,0.10927943885326385
922,34,0.6604868173599243,15831,4.287708617716054,1.801370535672167,2.3802480016215815,0.631440281867981
923,34,1.3674596548080444,4421,7.852008985302526,4.744580006349904,1.6549428979576997,0.8532431125640869
924,34,0.05299883708357811,400,1.763389860568514,0.7202814608129536,2.44819554091507,0.07168816775083542
925,34,1.3640209436416626,19250,15.509049265862416,5.212143104483064,2.9755609074738967,0.912245512008667
926,34,0.7407044768333435,3352,14.47095078936098,5.3615234902202245,2.6990370956602647,0.6738438010215759
927,34,0.3611730635166168,21815,3.5793901230888845,1.8641805527660782,1.9200876855923916,0.4402660131454468
928,34,0.39491578936576843,17529,7.558280335073083,1.6895458171497706,4.473557484116811,0.44649749994277954
929,34,0.30187860131263733,18031,4.231916889507204,0.820780105077189,5.155969136342631,0.3991720378398895
930,34,0.8616446256637573,4633,9.546812266442544,4.552934876055116,2.096847973084181,0.7883831858634949
931,34,0.38710957765579224,40198,3.9088809499365844,2.1582349208580855,1.8111471147824139,0.48280784487724304
932,34,0.10957477241754532,12798,3.9724578357773304,1.0782049346350666,3.6843254080618535,0.2108360081911087
933,34,0.43611109256744385,18333,2.4793321783995466,1.2975596920896328,1.9107654110346457,0.5042847394943237
934,34,0.24243250489234924,20049,10.095269150871228,1.9885699952699303,5.076647628637186,0.3738666772842407
935,34,0.17702840268611908,17762,1.7938133361609492,0.8368350198196908,2.1435686768286906,0.2752748727798462
936,34,0.044739626348018646,13971,1.616165649148767,0.4506897206619035,3.58598293915292,0.11700353026390076
937,34,0.1528983861207962,13180,2.274794550411785,1.1055529594964708,2.057607942586299,0.2536469101905823
938,34,0.9140222668647766,3479,12.656294608352436,2.819332428519869,4.489110429234632,0.7391117215156555
939,34,0.4463450610637665,41495,3.1248953229550143,2.1531433594422102,1.4513178183189313,0.5632507801055908
940,34,0.08016600459814072,19889,1.5825733150959902,0.5629086950860696,2.8114209798290664,0.1552978903055191
941,34,1.6622700691223145,14331,26.2979171102214,7.566947854357044,3.475366503956493,0.7466358542442322
942,34,0.5860994458198547,21889,6.620634548054079,2.156574269473902,3.0699775295316485,0.6051737666130066
943,34,0.05278747156262398,13252,0.9183943066432496,0.4444057179688882,2.066567259392188,0.1196150854229927
944,34,0.060825251042842865,16098,2.1564755529118185,0.7308250731300056,2.950741062663644,0.12905795872211456
945,35,2.1476705074310303,14747,38.56347813286853,8.609525642221008,4.479164095144712,1.0546760559082031
946,35,0.13618767261505127,9257,18.674145880476157,3.4036044788013524,5.486579300497085,0.21233664453029633
947,35,0.6076639294624329,30983,10.05640601208619,2.567250639480023,3.9171890182561686,0.5229125618934631
948,35,0.2323923259973526,17146,2.9240574157553487,0.7992229214957444,3.6586255687954012,0.36418935656547546
949,35,0.10266315191984177,30585,11.186368235027517,2.4100002315084357,4.641646124664996,0.18115787208080292
950,35,2.8816659450531006,7511,27.647136121891013,10.769460015976085,2.567179420405013,1.2973098754882812
951,35,1.3227308988571167,12950,26.729356447431588,8.602663011574615,3.1071025810804125,0.9504134654998779
952,35,1.5386232137680054,10790,8.309720370612323,6.364998594081155,1.3055337322993708,0.9476956725120544
953,35,0.10198783129453659,9278,4.683482164800557,1.4572156598419035,3.213993847215081,0.15997371077537537
954,35,0.2685230076313019,28604,5.98430615577305,2.0031596411394403,2.987433469039971,0.36603274941444397
955,35,1.351264476776123,2536,12.902767127104408,7.904424900639558,1.6323473610406234,0.9813804030418396
956,35,2.0669000148773193,2233,21.468470675745913,10.960948191062817,1.9586326202370532,1.129368782043457
957,35,0.18720391392707825,33157,5.00996664435999,1.8060338054931067,2.7740159841522622,0.25215739011764526
958,35,0.9647324681282043,13546,9.528447974397965,3.7462343010918797,2.543473581355617,0.7683418989181519
959,35,0.1961856186389923,13670,6.925953096431015,1.9703322840735327,3.515119329064916,0.26907333731651306
960,35,0.7770968079566956,12525,3.298940436453273,2.303946906929074,1.4318647823568955,0.6830968856811523
961,35,0.5088261961936951,27101,4.055963510233628,2.5400929029782144,1.596777623950874,0.5627669095993042
962,35,0.13175882399082184,47315,8.697537338910553,1.926539937489816,4.514589689865702,0.19057133793830872
963,35,0.22558149695396423,21080,1.1496485857383554,0.6227893158563437,1.8459670974858122,0.3574197590351105
964,35,0.5249717831611633,15889,2.2374163649294383,1.5596511193511366,1.4345620871024274,0.5708074569702148
965,35,0.6189054250717163,7079,7.645361058533824,1.8793106051831014,4.068173210667785,0.602350115776062
966,35,0.17046169936656952,5655,4.280643615104747,1.365009581327819,3.135980636075533,0.3026730716228485
967,35,0.34913384914398193,5487,3.915099472987189,2.1909567917078565,1.7869359577527641,0.4656301438808441
968,35,0.15713371336460114,41431,1.7601991176685794,0.7867360448065736,2.237343934202358,0.2779967188835144
969,35,0.09322457760572433,8267,3.101446884653494,0.70198701737463,4.418097212464436,0.21312013268470764
970,35,1.7403757572174072,1160,11.492998728602998,5.272152045210126,2.1799444761921234,1.049543857574463
971,35,0.21211805939674377,2434,3.453230912324439,1.6546700775691545,2.08696039115872,0.3436278998851776
972,35,3.0124356746673584,6100,34.324168738232125,12.061101838031535,2.8458568047238417,1.1604816913604736
973,36,0.46854665875434875,11137,1.8238766204415664,1.2621977673107343,1.445000670795126,0.5511261820793152
974,36,0.11522746831178665,37120,3.343008939676154,0.8431943278911781,3.9646957161500676,0.23110660910606384
975,36,0.20999322831630707,9638,1.3470374414364807,1.0183455866108997,1.322770441730061,0.32867851853370667
976,36,0.4118422567844391,17017,5.90571260782773,1.584975271677491,3.72605977730717,0.480595201253891
977,36,1.7139074802398682,12183,34.61318051878131,7.716578323167539,4.485560706985559,0.9861177802085876
978,36,1.0368139743804932,7727,6.702529133809551,6.256534516518253,1.0712846090935373,0.8921371698379517
979,36,0.2044489085674286,34325,1.26914404025934,0.6507927210334907,1.9501509455144594,0.3087572753429413
980,36,1.3669379949569702,19590,19.23275975651317,5.00991843715957,3.838936700816543,0.9012202620506287
981,36,1.6912410259246826,5111,6.515714576168541,5.380242075284414,1.211044872144139,1.0724798440933228
982,36,0.284038245677948,32731,19.909020055993256,3.344536134743469,5.952699942204199,0.35290881991386414
983,36,1.5651099681854248,2436,8.963585832242373,5.2149369274159145,1.718829193334512,1.0256270170211792
984,36,0.9905028343200684,3768,10.578035204914414,3.7364775189050246,2.831018024701371,0.8173984289169312
985,36,0.3472554087638855,29570,12.390939638780374,3.044632844272729,4.069764819782769,0.3904033899307251
986,36,0.5888212323188782,18679,2.9181184334525265,2.9540393774632494,0.9878400591793879,0.6284293532371521
987,36,0.7614237070083618,553,8.386752408822558,6.347148172195953,1.3213418343626964,0.7454502582550049
988,36,0.2848666310310364,9076,3.057384032503784,1.9554062653789095,1.5635543808129175,0.3713061213493347
989,36,0.38068172335624695,14994,4.440209649439063,2.03250783087966,2.1845965766907653,0.4299662411212921
990,36,1.0063469409942627,13869,4.765057439308395,3.3393228496392116,1.42695320394726,0.8537318110466003
991,36,0.3421676754951477,24594,3.5385976321870127,2.012081359236508,1.7586752225208173,0.4128824770450592
992,36,1.0266175270080566,3648,6.907224836637884,4.863379310519833,1.420252132441253,0.8474050164222717
993,36,0.3606208264827728,11040,4.1429211278036115,1.9127921349472676,2.165902427194818,0.42697596549987793
994,36,0.20114639401435852,12641,2.360579227552776,1.7268048452500595,1.3670214292279057,0.2723568379878998
995,36,0.20738954842090607,29046,3.905431799076575,1.673737461009084,2.3333598548482537,0.27577871084213257
996,36,0.5957059860229492,7864,3.745780987458285,2.6728819265855797,1.4014015921166625,0.6233859658241272
997,36,0.36414089798927307,17395,2.2997348134956686,0.7945674834011026,2.894322837940568,0.4491467773914337
998,36,0.28321176767349243,15236,1.6372413256228595,0.8317998355493325,1.9683116726509495,0.43767210841178894
999,36,0.34487050771713257,15738,12.422085051303489,2.666902737852678,4.657869548441341,0.4018743932247162
1000,36,0.8330135941505432,10619,4.301887834127464,1.8349388500577357,2.3444311694581876,0.7121471762657166
1001,37,0.8569096326828003,23197,7.437004008705728,2.639431333567179,2.8176539067799253,0.6723728179931641
1002,37,0.9266445636749268,29799,10.08672189654538,3.051867328890114,3.3050984232038547,0.7307092547416687
1003,37,0.47820574045181274,7832,4.5443949539458615,1.811334868799232,2.5088651647035967,0.5271592736244202
1004,37,0.4688245356082916,36692,1.5322177709253215,1.1654247985435089,1.3147289922429124,0.5282153487205505
1005,37,0.16042575240135193,8267,1.7830876023682518,1.0138645881070774,1.7587038972290998,0.3058203160762787
1006,37,0.13438571989536285,32527,0.6090774298662197,0.3479773484180307,1.750336430326422,0.2784762382507324
1007,37,0.47510087490081787,5078,14.271476757091115,3.48961546409137,4.08969896653156,0.5569234490394592
1008,37,0.29446062445640564,27303,1.447054993082968,1.2493345528362274,1.1582606034522291,0.4067772328853607
1009,37,0.5540403127670288,11050,13.441544744638646,2.679183716095522,5.017029875137682,0.5643851161003113
1010,37,0.28130578994750977,15525,2.46299439710067,1.3922631341886005,1.7690581159676497,0.4036533832550049
1011,37,0.14933176338672638,38493,3.8373620521034963,1.1861000449918508,3.2352768793012108,0.22951503098011017
1012,37,0.6930781602859497,821,8.125872286415186,4.227993647719223,1.9219215929514792,0.6598693132400513
1013,37,0.0393921434879303,5149,0.8687902537313941,0.5014102202279924,1.7326935484773733,0.05589456111192703
1014,37,0.8421543836593628,2821,7.624347846487805,4.272366186403769,1.7845726498701078,0.7918683886528015
1015,37,0.2001771181821823,9599,1.362534020377205,1.077796214502809,1.2641851975741834,0.31589221954345703
1016,37,1.0333969593048096,16380,14.771531246831525,3.912647363150885,3.7753290485478663,0.710830569267273
1017,37,0.9136016368865967,12106,10.277308488276962,5.210787740301415,1.9723137844951837,0.8297848701477051
1018,37,0.11875787377357483,21229,5.600072431098782,1.2471393224942768,4.490334263451941,0.2064044177532196
1019,37,0.5990847945213318,4793,6.945250160106917,1.6447219499476926,4.222750331947339,0.6045264005661011
1020,37,0.3990325629711151,29094,3.894415544726231,2.120221782643299,1.8367963090489487,0.5421596169471741
1021,37,0.3035074472427368,15403,2.101252763464365,1.3779616666598244,1.5248992873337845,0.46762797236442566
1022,37,0.8351976871490479,10317,11.214503597682125,3.013007397824974,3.7220298913882237,0.7322990298271179
1023,37,0.4252766966819763,6391,7.7824458540030115,2.9694905558187514,2.620801685578894,0.5500994324684143
1024,37,0.24417173862457275,10154,4.78480028969528,1.3128244438031407,3.644661182443005,0.3480759561061859
1025,37,0.1522090882062912,20013,15.694686398662684,2.8541447944214484,5.498910366892787,0.2440129667520523
1026,37,0.4335068166255951,15968,9.167897182297155,1.6982040665409122,5.398583929295336,0.4702107310295105
1027,37,0.7635238766670227,9490,3.149375302587934,1.2508764451126364,2.5177349168980694,0.6814910173416138
1028,37,0.3789184093475342,6262,4.952747992482971,1.2696118649297101,3.9009937834452026,0.457937091588974
1029,38,1.228641152381897,11469,13.834502634167961,4.095233760991104,3.3781960790478633,0.7607774138450623
1030,38,0.3574486970901489,14237,4.534305568298289,2.3692054902266886,1.9138506925638294,0.4988076090812683
1031,38,0.39409327507019043,17080,4.915145681868272,2.085090387929778,2.35728182831729,0.5060814023017883
1032,38,0.6472870111465454,17169,10.042003156372799,3.7985312927057975,2.6436541869889303,0.5938295125961304
1033,38,0.26341691613197327,15522,2.564484920726867,0.5809236481203428,4.4144956553588255,0.38642969727516174
1034,38,0.31079670786857605,14095,3.9743159155344236,1.8958612577371083,2.0963115836208677,0.43634507060050964
1035,38,0.2307792603969574,49181,3.9328157930362657,1.2494100749307986,3.1477381781565557,0.3518243730068207
1036,38,0.21884839236736298,9397,2.941695119344135,1.3548602459192984,2.1712166462940004,0.3670482039451599
1037,38,0.11638558655977249,27653,3.371772353030892,0.9352102169448155,3.605363042378147,0.18766719102859497
1038,38,1.009888768196106,13512,11.272906232070943,2.9568764997043986,3.8124372909027793,0.7715694904327393
1039,38,0.5446991324424744,16119,4.67064106955417,1.4050638039976773,3.3241487370623113,0.5675435066223145
1040,38,0.13039693236351013,22164,3.153843632781466,0.859707169017607,3.668509169676595,0.24191024899482727
1041,38,0.6340652108192444,12466,4.815131718790986,0.9897141966519419,4.865173941199394,0.6209646463394165
1042,38,1.4060078859329224,6151,17.448004508499935,4.985174769467484,3.499978499321545,0.9323889017105103
1043,38,0.27297043800354004,1381,14.91051852291368,2.679479486095476,5.564707100868926,0.37190940976142883
1044,38,1.9079020023345947,24303,31.80998654732071,7.787146262069864,4.084935029698719,1.086710810661316
1045,38,1.0804417133331299,7223,8.728591450853049,3.615905194353434,2.4139436687889737,0.7853348255157471
1046,38,0.18669064342975616,36696,3.05157671337697,0.7732220739168845,3.9465721638219096,0.295364111661911
1047,38,0.33808577060699463,6328,2.314249356470813,1.7952893145173823,1.289067638154829,0.43494218587875366
1048,38,0.5360619425773621,21876,12.49305532183764,2.5879948339591228,4.827310765037693,0.5690252184867859
1049,38,0.32963958382606506,15733,14.229147662053567,2.361000847486808,6.026743987488994,0.4073595404624939
1050,38,0.032748810946941376,4989,3.1964094522187234,0.8660274803716322,3.690886865210536,0.04759540781378746
1051,38,0.12259405106306076,2910,8.478081661108044,1.9023752580912974,4.4565769161705076,0.16267606616020203
1052,38,0.1938977837562561,21323,6.9803048036185436,1.4509655603332727,4.810799783566485,0.2701428234577179
1053,38,0.5249314904212952,9733,5.195025948101922,2.8604116219324176,1.8161812475752999,0.6148183941841125
1054,38,0.12440206855535507,17342,1.642120261227106,0.8497229887895861,1.9325359945413998,0.22316715121269226
1055,38,0.06413886696100235,5384,1.8466548343078892,0.8374997963568285,2.2049615323355747,0.09197351336479187
1056,38,0.47975558042526245,10242,12.60878445023855,2.1901293260488153,5.757095848298667,0.536426842212677
1057,39,0.07111881673336029,15075,2.84274559308803,0.660125407690856,4.306372031683733,0.14780408143997192
1058,39,0.38051438331604004,16373,7.074490791036582,1.2656988551748494,5.589394951339898,0.4529629945755005
1059,39,0.10164784640073776,34204,1.865526298328146,0.8558273968704694,2.1797926838375288,0.19798743724822998
1060,39,0.2713448107242584,3927,9.18998383662957,3.2339264908006733,2.8417417225681656,0.380568265914917
1061,39,0.1554027944803238,24727,3.311977705185151,1.2291090314398723,2.694616686123079,0.25067123770713806
1062,39,0.43738028407096863,18845,3.058964459596717,1.006427420935059,3.039428771477264,0.4921480417251587
1063,39,0.6375771164894104,15548,5.671056430907929,2.3448796521160147,2.4184850705612804,0.6424582004547119
1064,39,0.8871906399726868,10415,11.6589247674659,5.608188399799037,2.078911037988953,0.8079729676246643
1065,39,0.2732457220554352,21332,2.512945133842211,0.6702884234410208,3.7490504773122906,0.3919597864151001
1066,39,0.09906025230884552,16484,2.813490036386828,0.9407854955544763,2.9905754815295427,0.19823072850704193
1067,39,0.686823844909668,12392,9.819692514738138,4.958939046707814,1.980200285231444,0.7247593998908997
1068,39,0.4102270007133484,15378,2.7552438504143395,1.1339381523210872,2.429800818300478,0.4554736316204071
1069,39,0.18987633287906647,3387,3.4495756800571855,1.6674127408925046,2.0688193123729435,0.3133033215999603
1070,39,0.506150484085083,12421,3.324526278376716,1.4835481231838377,2.24092917945912,0.5460776090621948
1071,39,0.29991719126701355,11441,3.380452026301074,1.1671627697682756,2.8962987115921464,0.404033899307251
1072,39,0.13626450300216675,25153,10.831589622038642,3.125442895723741,3.4656175087553365,0.2181689292192459
1073,39,0.4079805910587311,14545,6.271122145316543,1.7075019742084074,3.672688078864531,0.47054070234298706
1074,39,1.914273738861084,7408,63.00884657010231,14.516718350189802,4.340433219831268,1.0424915552139282
1075,39,0.5716337561607361,13404,36.121904603552125,12.667427551150585,2.8515580182077547,0.5554537177085876
1076,39,2.504304885864258,10047,46.515911046322216,14.785952579938197,3.1459529438389082,1.1703143119812012
1077,39,0.5377265810966492,16553,27.744753779855056,6.6148048350855415,4.194342005782257,0.5248863697052002
1078,39,0.40767133235931396,42321,24.349784132610374,4.994710165552273,4.875114536283229,0.45590582489967346
1079,39,0.7946884632110596,7251,71.8762364024243,16.185418640860426,4.440801810400307,0.6584762334823608
1080,39,0.4697684347629547,18243,50.04374307247291,9.929567781799895,5.039871238322584,0.49672701954841614
1081,39,0.2666036784648895,8213,8.436489920736618,3.0753017174069104,2.7433047863178475,0.37431901693344116
1082,39,0.840681791305542,26321,18.433783722402396,4.3611409240829895,4.226825971296539,0.7269611954689026
1083,39,0.2690427303314209,8120,5.53911346283446,2.0561792082671544,2.693886525338351,0.36873558163642883
1084,39,1.7185372114181519,9408,19.7633212590286,7.469137719967851,2.6459977041514535,0.9789300560951233
1085,40,0.5787050127983093,37107,4.852525207047062,1.7175978160740246,2.825181286114947,0.5843958258628845
1086,40,0.24132943153381348,25944,4.4272773012045885,2.0273468290855994,2.183778935940257,0.3421850800514221
1087,40,0.17924192547798157,12399,5.221612750442515,1.8357317942315103,2.844431178262392,0.29582667350769043
1088,40,1.1641334295272827,4296,13.529092594693063,4.17394550887468,3.2413198892808124,0.8535417914390564
1089,40,0.47667983174324036,4367,12.455806276007069,5.142258524992614,2.4222442756361686,0.5604708194732666
1090,40,0.279654860496521,11796,6.726650401394182,2.568130527459131,2.6192790161825643,0.385063499212265
1091,40,0.16084876656532288,24151,1.7214415542968853,1.2953396341967047,1.32894995941593,0.23352056741714478
1092,40,0.6458150744438171,7978,16.068872990952215,6.28185551726428,2.5579819444729255,0.6902697682380676
1093,40,0.6915644407272339,10253,7.1820249187561815,2.476212650686722,2.900407166872969,0.6793408393859863
1094,40,0.19396348297595978,14206,1.8252325406282353,1.2010779528893434,1.5196620138067558,0.2757163345813751
1095,40,0.7031390070915222,17427,4.236815927930064,2.063122296111735,2.0535941741858585,0.6912710666656494
1096,40,0.2084009200334549,15857,1.9165952157818729,1.102742946705978,1.7380253680200164,0.29428714513778687
1097,40,1.2865556478500366,11383,17.779967035496636,6.405399651304908,2.775777937895214,0.9308187961578369
1098,40,0.324960321187973,5171,12.593988686092366,2.8377615826186373,4.4380009805004175,0.4056057035923004
1099,40,0.5686655640602112,13430,6.039713085510397,1.2900031138763663,4.681936826769985,0.5780045986175537
1100,40,0.27694785594940186,11880,3.897295033350006,1.3972352071962668,2.7892906028095608,0.3660081923007965
1101,40,0.26783403754234314,10153,12.433406597124636,2.5802868491622064,4.818614101434815,0.3952001929283142
1102,40,2.5983104705810547,8226,35.17005978768215,12.241214449485506,2.8730858308880833,1.1833240985870361
1103,40,0.1589539796113968,12647,17.131798946879393,3.30927319115242,5.176906818293912,0.24648715555667877
1104,40,0.3540055751800537,13362,25.19718621909145,5.170729652789808,4.873042667293913,0.4293353855609894
1105,40,0.2503821551799774,17792,3.8855568840912764,1.39587642591938,2.7835966077937804,0.38401487469673157
1106,40,0.39060208201408386,55403,64.06626513326418,11.009010448145501,5.819439034509274,0.41154640913009644
1107,40,0.5580930709838867,3933,5.968989022950367,2.0706201250211906,2.8827059830138553,0.6053341627120972
1108,40,0.2916012108325958,8976,1.8721646169240405,0.4645973669348725,4.029649649698621,0.40966179966926575
1109,40,0.1699569821357727,16896,2.0817582343293513,1.1951978085505093,1.7417687845765772,0.26785996556282043
1110,40,0.3787774443626404,22338,9.804049406528105,2.658078159261585,3.6883977141018245,0.4684590697288513
1111,40,0.7704703211784363,5813,12.430220270640254,3.142640726708244,3.955342449741724,0.6684845685958862
1112,40,1.5327249765396118,15722,20.13402511385607,6.604043624048029,3.048741992033,0.9731283783912659
1113,41,0.30085575580596924,6275,12.448209359581515,3.489067801065068,3.567775139187041,0.4114939272403717
1114,41,0.7705115079879761,22359,6.857320908098298,2.2270978607442484,3.0790388823792636,0.6952745318412781
1115,41,0.7307226061820984,23011,4.877531128144978,2.0909891695627687,2.332642941982597,0.6726594567298889
1116,41,0.9669110774993896,2392,35.596443804453244,7.833189977518116,4.544310032900179,0.7824804782867432
1117,41,0.45986807346343994,25386,20.838824146216172,4.3248703280684415,4.818369700235224,0.5255246758460999
1118,41,0.642592191696167,17690,51.24932592925978,8.569446718988955,5.980470806322993,0.6234669089317322
1119,41,0.4317742884159088,15219,10.014577159135488,2.191388058946165,4.569969758777873,0.4995637834072113
1120,41,0.49885401129722595,13357,29.708939626820744,4.997273792483117,5.945029402131796,0.5248320698738098
1121,41,0.5447389483451843,11896,11.028623273603763,2.216438421500689,4.975831120149781,0.5653448104858398
1122,41,0.5109791159629822,9351,9.45392155089339,3.7563961872286136,2.5167530472513255,0.5562536120414734
1123,41,0.42498070001602173,19325,11.039612623413303,3.12285590749378,3.5351015065788,0.4727659821510315
1124,41,0.21653355658054352,13622,3.694015178424545,2.374170785530394,1.55591804976142,0.28842687606811523
1125,41,0.7054626941680908,5641,13.87824548103551,5.266692300730965,2.6350970758452528,0.6701134443283081
1126,41,0.26895672082901,21375,3.807197760986696,1.7999914845160097,2.1151198734744447,0.34428223967552185
1127,41,0.49957382678985596,11610,5.380840942578049,2.765686675229484,1.945571416592093,0.5350194573402405
1128,41,2.0156092643737793,3916,30.372355530463434,11.811155526244018,2.571497383382552,1.2213014364242554
1129,41,0.2996140420436859,34070,3.7318410536295423,1.473689624570689,2.532311411715448,0.3833982050418854
1130,41,1.148681879043579,3580,10.127472752159777,5.41659389254154,1.8697123973246512,0.8940349221229553
1131,41,0.4226154386997223,21710,8.058953503241336,2.651316866354603,3.039604056952596,0.4905707836151123
1132,41,0.27943098545074463,13927,5.292472878065796,1.6863586034618698,3.1384029868842336,0.3409010171890259
1133,41,0.2177450954914093,35929,1.5508847142065698,1.0306461834160787,1.5047692788854605,0.3020724654197693
1134,41,0.6515066027641296,10873,7.060872658460828,2.219370201831823,3.181475831580394,0.6435216665267944
1135,41,0.45440375804901123,15785,8.228540427294222,3.432265608476387,2.3974078250151933,0.4907883107662201
1136,41,0.6692014932632446,8088,5.181918531114862,1.7769119035440475,2.9162495455045456,0.6500595808029175
1137,41,0.21422943472862244,11563,1.1065704463509527,0.40204125908716015,2.752380312559668,0.33789896965026855
1138,41,0.24032221734523773,23518,4.40584827512788,1.705281213198138,2.5836491019932306,0.3394104540348053
1139,41,0.23302173614501953,8875,3.7313685106035748,1.9102442313297021,1.9533463048357187,0.354289174079895
1140,41,0.16487330198287964,19360,3.416809234126825,1.3370267558901083,2.5555279421836046,0.24477609992027283
1141,42,0.16276344656944275,19578,1.9595582526522977,0.9226661360283648,2.123799905657243,0.2678356468677521
1142,42,0.13477198779582977,8893,1.8331773503736184,1.1694602240697327,1.5675414286366884,0.2502085566520691
1143,42,1.8780547380447388,16679,24.42084530779533,7.236021323640884,3.374899577480009,1.0484039783477783
1144,42,1.1937001943588257,17386,6.574640578975223,3.7752643866048947,1.7415046750900731,0.8476387858390808
1145,42,1.1576919555664062,10032,9.48608342829825,4.684392648455887,2.025040200552598,0.8511842489242554
1146,42,0.13819338381290436,15404,2.9310039360056916,2.490423002080425,1.176910080559022,0.1944335550069809
1147,42,0.5129796862602234,18273,4.28464434756209,3.2236887516519395,1.3291122926694297,0.5612632036209106
1148,42,0.20371267199516296,821,5.576374024904933,2.320385939582977,2.4032097117019777,0.26447781920433044
1149,42,0.1100233718752861,13671,6.339162887519498,2.413227197852777,2.6268404786574937,0.14082160592079163
1150,42,1.4643112421035767,13166,8.878260054046606,4.567569419581979,1.9437602887833494,0.9575016498565674
1151,42,0.44107380509376526,16850,5.757866495575212,1.824283180435169,3.1562350392325387,0.5176354646682739
1152,42,0.14997610449790955,1004,10.818237546425859,2.438702048463437,4.436063664783369,0.19857493042945862
1153,42,1.798802375793457,10709,24.947244141077363,14.876503049961434,1.6769562078730835,1.1607836484909058
1154,42,0.4267321825027466,44440,4.38573512041065,3.42146181191967,1.2818307967461064,0.5370346903800964
1155,42,0.2819499373435974,11969,6.255889254145116,3.1834546648651045,1.9651259127977052,0.40825557708740234
1156,42,0.30192556977272034,19861,2.8436550921062436,0.8570231179720982,3.3180611263225055,0.41868141293525696
1157,42,0.21695101261138916,29876,5.762331138007325,1.6848019437786532,3.420183101807337,0.33553144335746765
1158,42,2.382091999053955,5889,96.90397752093374,20.961728100889573,4.622900223422739,1.206904411315918
1159,42,0.15502586960792542,9801,6.783216621964976,1.6855355370117475,4.024368797341871,0.25448668003082275
1160,42,1.7690563201904297,4731,17.315424152307944,7.373303429978207,2.348394354951533,0.9169937372207642
1161,42,0.11152061074972153,26582,4.16066215197146,1.0095000987734077,4.121507424340767,0.22650356590747833
1162,42,0.7425467371940613,17884,9.194709699736539,2.705794933728944,3.398154673555254,0.6368598341941833
1163,42,0.08412911742925644,9507,4.399000114925094,1.0014853525751735,4.392475739769249,0.18356046080589294
1164,42,0.2322733998298645,40417,1.2824697503583884,0.922476637278339,1.3902463201027806,0.36443859338760376
1165,42,0.34227922558784485,4605,5.094820623864079,3.0471661001867654,1.6719865134854768,0.42926502227783203
1166,42,0.09037280827760696,19188,1.9087776560803504,0.6095883094705047,3.131256991682149,0.2160608470439911
1167,42,0.11849979311227798,7693,3.804837390368619,0.8058567274037912,4.721481202523243,0.22439631819725037
1168,42,0.21312162280082703,18494,2.0706576077713215,1.5368636731320346,1.3473267954535615,0.36625155806541443
1169,43,1.1255934238433838,14764,12.672409027552922,4.4685801444718285,2.835891629520706,0.7157623171806335
1170,43,0.3098304867744446,20403,4.158329723003766,2.48523953850456,1.673210834841409,0.4603137969970703
1171,43,0.12185303121805191,30812,1.0353658212095276,0.27635716657561515,3.7464771912201913,0.24359001219272614
1172,43,0.21441204845905304,29939,4.91676477021942,0.9014541723164606,5.454259263762005,0.34102046489715576
1173,43,0.06458297371864319,15352,1.2403602836564311,0.4916891755532249,2.5226511896632973,0.15438897907733917
1174,43,0.19659289717674255,5910,2.310746223837747,1.521205176214514,1.5190233769690882,0.3297671973705292
1175,43,0.1716131716966629,4665,2.711269567199219,1.3314597706852795,2.036313546147728,0.27653276920318604
1176,43,0.37017887830734253,6931,7.489698838010072,4.076883692620901,1.8371136884685915,0.5215374827384949
1177,43,0.04268145188689232,10796,3.329951541766005,0.8134766467841148,4.093481423131294,0.0949694886803627
1178,43,0.6218268275260925,16744,6.371298818838951,3.3960626333093002,1.8760840145720603,0.63055419921875
1179,43,0.594476044178009,5840,5.204128225945572,3.365254917281022,1.5464291276182824,0.6322989463806152
1180,43,0.3359300494194031,15908,10.38457883301449,3.1323676482978544,3.3152490381051574,0.4832887649536133
1181,43,0.7623465061187744,11716,20.040993449853907,8.809249509108191,2.2749944168490797,0.7429630756378174
1182,43,1.1863616704940796,6069,37.13468216022982,6.7768331555069805,5.479651233562982,0.7445977926254272
1183,43,0.2203281819820404,19347,15.777377599617866,2.9716580210625696,5.3092844088335145,0.3576269745826721
1184,43,2.6430253982543945,11051,67.40758647841041,14.127802605747034,4.7712718219169465,1.079951286315918
1185,43,0.16062508523464203,5270,17.363001351091373,2.877744951433411,6.033544196624093,0.2812173366546631
1186,43,0.2369609922170639,6527,72.02276929469082,11.734215946358544,6.1378424961605855,0.3355306386947632
1187,43,0.18605349957942963,21545,53.51143459871956,8.590699474050316,6.228996225552275,0.2946484684944153
1188,43,0.25355130434036255,38611,2.3196885011644297,0.896994133357406,2.5860687544068557,0.36970701813697815
1189,43,0.8607357740402222,12510,5.468202748866449,2.4997866309478383,2.1874677947177017,0.6696767807006836
1190,43,0.3882691264152527,14002,3.5388695535900228,0.9047952413111355,3.911238026028904,0.475430965423584
1191,43,0.08937618881464005,8793,3.6741087267421,1.1972330266059137,3.06883342264197,0.21555441617965698
1192,43,0.17376378178596497,27829,4.505331907250092,1.2679728599827693,3.5531769247078064,0.30124175548553467
1193,43,0.6531385779380798,19317,2.094691392299813,1.3155179729610171,1.5922940129684513,0.6048727631568909
1194,43,2.035402536392212,14694,28.548109707496376,8.775827969713104,3.253038893426076,1.1145812273025513
1195,43,0.5779576301574707,20745,8.622928536491262,4.326006411897664,1.9932768737406237,0.6520592570304871
1196,43,0.31201043725013733,12722,13.332928524230608,3.11645886444619,4.2782302299362,0.36832311749458313
1197,44,0.4020349979400635,9375,4.234320270712339,1.287856200814226,3.287882814891889,0.4865649342536926
1198,44,0.2067059427499771,13933,3.449607334736886,1.4195353941962983,2.4300960362369324,0.30567336082458496
1199,44,1.5547090768814087,6235,25.395991019518547,7.505144586954209,3.3838110279260514,1.0030232667922974
1200,44,0.2206323742866516,12341,4.245899690829607,1.7287320955830248,2.456077319137872,0.36070355772972107
1201,44,0.24236029386520386,39515,1.9252358799879687,1.0731134186609306,1.7940656099413546,0.3244718611240387
1202,44,0.5375246405601501,39999,3.827295081038763,1.3532118659353949,2.8283044047876076,0.5721120238304138
1203,44,0.6150603890419006,30595,3.9545712445272696,1.7084031018908534,2.3147764366314085,0.6143598556518555
1204,44,0.49553337693214417,11360,8.449878795590427,3.505475227115027,2.4104802482207774,0.5423038005828857
1205,44,2.030228853225708,1148,29.822609904634845,9.632962567610189,3.0958918084979485,1.155678391456604
1206,44,0.4128543734550476,11134,6.9685225513809534,1.859541708272802,3.7474408454380828,0.4544006884098053
1207,44,0.5174967050552368,27920,22.943773622642453,5.299993270621808,4.329019387593733,0.5300940871238708
1208,44,0.5252251029014587,4080,11.153533348337573,5.497678271301243,2.028771564636433,0.5891452431678772
1209,44,0.6909055709838867,8296,2.7041170802438583,1.5530622459242427,1.7411517711789266,0.6712838411331177
1210,44,0.2777910828590393,7016,5.031173800254712,1.9089337543852214,2.635593712298509,0.3664419651031494
1211,44,0.510918140411377,9960,8.221175731472902,3.1867529671400345,2.57979699595242,0.5572688579559326
1212,44,0.33422720432281494,45172,1.806257481543407,1.0101650518083476,1.7880815400494658,0.4337410032749176
1213,44,0.3428042232990265,7548,1.8429319215524316,0.7344818888329656,2.5091591087129426,0.44546109437942505
1214,44,0.6222308278083801,18802,2.3035260911034765,1.0170578708836344,2.2648918582183284,0.6291684508323669
1215,44,0.3871137797832489,17513,4.354659397897249,1.4315071992434967,3.0420101276441347,0.48490408062934875
1216,44,0.5017980933189392,19178,5.419560446845923,1.1780691618331627,4.600375446894888,0.5447369813919067
1217,44,0.8218459486961365,4855,8.883047833844927,2.7828658979149363,3.192050267494874,0.711066484451294
1218,44,0.4854017198085785,5489,4.195406609018732,2.987317192879351,1.4044061404050463,0.588209331035614
1219,44,0.33466970920562744,10516,5.865446723909453,1.8361379029832905,3.194447821362596,0.4435191750526428
1220,44,0.15600307285785675,15308,2.17888328455362,1.0569113991706736,2.0615571809153184,0.2953532636165619
1221,44,0.26628223061561584,17706,4.392410078350353,1.615856960580147,2.718316153906724,0.38965651392936707
1222,44,1.258352518081665,6466,11.979477818091892,4.786797397104277,2.502608074729933,0.8973597884178162
1223,44,0.10051693767309189,16405,1.33787717046787,0.7171080799854764,1.8656562487667137,0.20301716029644012
1224,44,0.24343572556972504,20399,8.726679651754221,1.9544644013567936,4.464998004410659,0.3228487968444824
1225,45,0.1160835400223732,20264,1.3375266812242332,0.6763669800106002,1.977516231205275,0.20188437402248383
1226,45,0.9423877596855164,10019,7.691113622863122,4.0448771059527955,1.9014455622254391,0.8145832419395447
1227,45,0.12177766114473343,36850,2.611845388945912,0.8115434339528881,3.2183679636477933,0.1911821812391281
1228,45,1.0408509969711304,11338,6.569448516321631,6.592825418866583,0.9964541905691828,0.8989168405532837
1229,45,1.1251323223114014,8319,13.052085996215883,3.761173518296013,3.4702163919641804,0.8204898834228516
1230,45,0.14792780578136444,4704,2.332230602549516,1.4319962570781888,1.6286569123487202,0.22978606820106506
1231,45,0.9256412386894226,9194,23.82148729269663,4.011577281719614,5.938184813550272,0.7341488599777222
1232,45,0.12883424758911133,33965,1.435923665741102,1.105517262886246,1.2988704147332295,0.2138371616601944
1233,45,0.1850844770669937,32795,1.3069513290794024,0.40080195957453896,3.2608406667060765,0.3153941333293915
1234,45,0.5450562238693237,23036,12.893984529083847,2.329514764669237,5.5350516445037865,0.55031818151474
1235,45,0.3479662239551544,21129,3.6216725830187952,0.7583319535634021,4.7758406671323534,0.4258701205253601
1236,45,1.9851759672164917,5026,31.051905339212734,8.276041824737575,3.752023732697074,1.1373125314712524
1237,45,1.091185212135315,6800,12.008989146157846,6.194344798100705,1.938702080297189,0.8776262998580933
1238,45,0.730571985244751,14263,70.51340741306164,11.191698611054155,6.300509856779786,0.6805443167686462
1239,45,0.5832003355026245,19318,2.7794749564163848,2.193549119876233,1.2671131597782248,0.6073316931724548
1240,45,0.26865965127944946,4989,82.33185101409468,12.641911016475714,6.512611179337385,0.3125295639038086
1241,45,0.6342207789421082,34596,119.82256576132008,21.199579612977168,5.652119898074107,0.5902641415596008
1242,45,0.8060978651046753,9571,93.4403218637478,16.066711803720843,5.815771329271147,0.690642774105072
1243,45,0.6160767078399658,4210,1.5119381136854737,2.5702406933287087,0.5882476756395839,0.6597926616668701
1244,45,1.1738768815994263,5934,14.682978546906842,3.826402622433167,3.8372800762838337,0.8301436305046082
1245,45,0.3069530725479126,9691,12.241760597016636,2.9276223189102946,4.181468530943918,0.3864986002445221
1246,45,0.6942612528800964,22657,2.9635946384171685,1.669167681156178,1.7754924636227125,0.6262565851211548
1247,45,0.6225597262382507,14373,13.07098200896723,3.6652489073261556,3.566192184884684,0.624670147895813
1248,45,0.47239455580711365,20100,5.296387056367232,1.4419508671932368,3.6730704054244216,0.5254663825035095
1249,45,0.5544082522392273,4167,16.73753963862814,6.597226916205332,2.5370568348212723,0.5428721904754639
1250,45,0.34306347370147705,8679,3.1750859887205296,1.78292620250716,1.7808286087522447,0.4738030433654785
1251,45,0.8086767196655273,33528,14.065177154023418,3.094284661651094,4.545534329253912,0.728666365146637
1252,45,0.5079110264778137,2667,22.443355890617035,4.155641931333753,5.400695310485626,0.5549344420433044
1253,46,0.7897034287452698,9397,6.15337478960858,1.981005704242052,3.1061873150737855,0.7029727697372437
1254,46,0.3875308930873871,7222,3.477371636002699,1.1566055138709381,3.0065321272432746,0.46681275963783264
1255,46,0.6719357371330261,11319,13.737371020282731,3.233043709328858,4.249052056005206,0.6413520574569702
1256,46,0.5567463636398315,30846,43.36616923120288,6.980106922878619,6.212823057058891,0.5644658207893372
1257,46,0.3925180435180664,57370,19.31066451254519,3.8925432127856405,4.960937735799942,0.4337346851825714
1258,46,0.3649199903011322,6726,10.579652842145652,2.958547363933109,3.575961964008387,0.4099230170249939
1259,46,0.2986809313297272,23761,2.4737386398480137,1.3562992173530901,1.8238885698642946,0.38518664240837097
1260,46,1.2909456491470337,23623,20.437091601665212,6.331286803355338,3.227952268854905,0.9634806513786316
1261,46,0.4610103368759155,1949,5.196548291993041,2.5159221929828757,2.0654646262450393,0.5073983073234558
1262,46,0.5002756118774414,19915,5.616393902020802,2.5250314422401847,2.224286718994582,0.5432354807853699
1263,46,0.3857455253601074,8565,2.9913955317680263,2.169182616736646,1.3790427365064135,0.4497239887714386
1264,46,0.4042842984199524,10408,3.1818125229386838,1.8401492773192698,1.7291056558043054,0.4855257570743561
1265,46,0.7418463826179504,6275,44.56584182772081,7.712528552940864,5.778369768332544,0.6091871857643127
1266,46,0.6653493642807007,22255,7.610203629341483,1.936139467170539,3.930607148078569,0.6440356373786926
1267,46,0.3220929801464081,20611,1.795508885412585,0.8692221228465192,2.06565023854962,0.4276808202266693
1268,46,0.2696150243282318,19073,3.7375134164869386,1.8301996684886086,2.0421342440583876,0.3614780306816101
1269,46,0.4866867661476135,10026,6.376782336440483,4.1496433932973495,1.5367061050930184,0.5749773383140564
1270,46,0.20454901456832886,30915,2.6769033487780503,1.0832813637134509,2.4711062503643997,0.3143235743045807
1271,46,0.4804258346557617,11515,9.747374352240687,1.8871997633678395,5.164993415874879,0.5047500133514404
1272,46,0.2754577100276947,26791,3.2274877962556574,0.8086580704086034,3.991165010720616,0.3892938494682312
1273,46,0.8674526810646057,11707,7.453349943786845,6.19731811493512,1.202673447700477,0.7578209638595581
1274,46,0.4172048270702362,23848,2.3377038917784154,0.7910523979361884,2.955182106614428,0.48341402411460876
1275,46,1.204121470451355,3755,51.266384576062826,10.26171022910917,4.995890882850268,0.8635585904121399
1276,46,0.6839561462402344,3827,3.423358055904952,1.5628606177974655,2.1904436114893526,0.6287698149681091
1277,46,0.4406275749206543,12530,22.744896620245466,4.96452717484462,4.581482952795551,0.502597987651825
1278,46,0.5994893908500671,14735,30.220731336935387,8.518468008847284,3.547672105541111,0.5648998022079468
1279,46,0.6110976338386536,10701,7.9782275517922505,1.7947715185562378,4.445260842007179,0.6035414934158325
1280,47,0.5352476239204407,19854,3.3547796001329235,2.9736061523875406,1.1281855861907626,0.574459969997406
1281,47,0.19351625442504883,5864,18.05237081496662,3.9671995873097634,4.550406506571488,0.22606046497821808
1282,47,0.3308977484703064,23185,9.005511821328055,3.21874728203294,2.7978312778993426,0.3771268427371979
1283,47,1.051326036453247,7660,21.208082076448772,6.22680015121875,3.4059358838253995,0.8120481967926025
1284,47,0.19304259121418,10903,5.561935739080993,2.1742929170250926,2.558043442779723,0.2943722903728485
1285,47,0.6969305872917175,3989,47.51197423084646,13.609988297325229,3.4909636358894223,0.5937046408653259
1286,47,0.31944477558135986,21648,12.758765106237817,4.158246033257796,3.0683045217117275,0.4039819538593292
1287,47,0.1618632823228836,4677,5.116170208400971,2.1080505209839644,2.4269675500995556,0.2755109369754791
1288,47,0.957685649394989,7423,20.598477412872207,4.522406308888167,4.554760454049469,0.7218426465988159
1289,47,0.41448676586151123,18294,2.139643200345488,1.0202569927787541,2.097161024611942,0.4825015068054199
1290,47,0.2840811014175415,18631,21.136565343768766,3.8933733437340887,5.428856541019902,0.38139185309410095
1291,47,0.3387503921985626,3888,7.862528780595235,1.9122148083393142,4.111739301621364,0.42766889929771423
1292,47,2.699981451034546,12645,105.8463472149658,19.69463463643202,5.374374755810961,1.2021214962005615
1293,47,0.31486764550209045,15438,18.410814739311544,3.7773873236538655,4.873954710447298,0.4411211311817169
1294,47,0.963820219039917,13072,42.92416152446541,7.565920804512506,5.673355911795784,0.751809298992157
1295,47,0.4000438153743744,5626,4.889598409629022,3.863411271484761,1.2656168515418287,0.5333214998245239
1296,47,0.3421581983566284,8608,6.3841594642863795,4.07681793761385,1.5659662908619962,0.48367729783058167
1297,47,0.15370860695838928,20035,5.897369005043007,1.2457726395951205,4.733904741201359,0.2740270793437958
1298,47,0.98762047290802,26422,26.507262188514044,5.072558605397226,5.225619702117383,0.7451509237289429
1299,47,0.2516065537929535,36529,1.2453461799255572,0.8035465343745957,1.5498121473366402,0.3964467942714691
1300,47,0.18164409697055817,18263,3.6311023255361974,1.3210619083351027,2.748623893114612,0.2973244786262512
1301,47,0.2386884242296219,25128,2.137145618711142,0.9946950804504758,2.1485434689604848,0.35947638750076294
1302,47,0.47701841592788696,26120,10.354401143808568,1.9686734798267915,5.259582785010297,0.5288756489753723
1303,47,0.7720386981964111,4923,8.219902857001465,5.546505154450077,1.4819967940361476,0.7497371435165405
1304,47,0.8535560965538025,9410,4.2206613237719095,2.4583786390702658,1.7168475419906855,0.7128855586051941
1305,47,0.6185930371284485,22841,10.49407719277725,3.587909886608922,2.9248441361197894,0.6402691006660461
1306,47,0.05267474427819252,32098,1.201656584907088,0.5412659774022902,2.220085198541399,0.11539029330015182
1307,47,0.7639796733856201,2953,5.1076522862740585,3.957446725301246,1.2906433467866751,0.718164324760437
1308,48,1.7120431661605835,5044,11.77053531956191,5.150314339484422,2.2854013451804045,0.9986122846603394
1309,48,0.301643967628479,24471,2.1021573384235093,0.8270786515507318,2.541665577366223,0.4115779399871826
1310,48,0.42364388704299927,10729,3.4511722895043,3.3552201116897615,1.0285978787141885,0.513602614402771
1311,48,0.2825898826122284,20415,4.092083074717115,1.9139623738547167,2.1380164681469305,0.3936864137649536
1312,48,0.3464120030403137,13270,3.085627209481414,1.0978575936202324,2.8105896679218803,0.45302674174308777
1313,48,0.1776244044303894,5434,2.3126853662393527,0.9868977790955014,2.3433889661364944,0.30064839124679565
1314,48,0.8176509141921997,11146,7.619920383152716,4.133904283778052,1.843274507601053,0.7246080040931702
1315,48,0.2506334185600281,34619,1.3760730717687024,0.5989326278071542,2.2975423409550437,0.36661380529403687
1316,48,0.1289709210395813,12109,2.9006612221210335,0.9546315675513346,3.0385138316327613,0.2602771818637848
1317,48,0.18650177121162415,10185,2.9873750796199605,1.4976779934207853,1.9946711460950453,0.3023815453052521
1318,48,0.20201627910137177,10589,2.0698280775396625,1.0476141749816057,1.975754172640924,0.32309266924858093
1319,48,0.14977067708969116,7006,2.480780346144118,1.0006841085595546,2.4790843832951683,0.2577676475048065
1320,48,0.36852821707725525,40764,10.12057285301498,5.385617733263714,1.8791851472310084,0.4049610197544098
1321,48,0.18846602737903595,26434,0.9924950911370718,0.3464526387836118,2.864735262571061,0.33372148871421814
1322,48,0.5903090834617615,17225,3.7115812044512433,1.8949514009324067,1.9586682817422172,0.6314010620117188
1323,48,0.7685181498527527,18697,7.6492327236783515,4.505455838035862,1.6977711021158985,0.7765413522720337
1324,48,0.15098153054714203,29253,16.106893146599887,2.525198120561627,6.378467105389413,0.24328602850437164
1325,48,1.7000219821929932,8997,25.25570523609855,8.123491357601758,3.1089717615642924,1.071692705154419
1326,48,0.048606157302856445,4951,2.2351101819564803,0.5599720409393533,3.9914674636310252,0.10055255144834518
1327,48,1.390569806098938,12947,8.213984627274337,3.4085468534989474,2.4098200729850885,0.8633546829223633
1328,48,0.03841286897659302,32174,1.9784676036681939,0.5801827831853068,3.4100763776591996,0.0895700603723526
1329,48,0.09858852624893188,7202,1.5809752153924963,0.7405707381215452,2.1348064864141123,0.21966660022735596
1330,48,0.4694603681564331,10123,5.100144941479042,1.283426090566739,3.973851691937267,0.46416449546813965
1331,48,3.9087274074554443,22501,55.962182490869445,14.268800102265804,3.9219963900103307,1.2863335609436035
1332,48,0.617981493473053,11475,7.323287440791374,3.7920655120544513,1.9312133235857147,0.6928280591964722
1333,48,0.6685438752174377,4255,4.319621743138707,3.864917046706688,1.1176492770571511,0.6988456845283508
1334,48,1.342537522315979,12570,44.169136256635966,7.8427367951084035,5.631852427354069,0.8156730532646179
1335,48,0.35395053029060364,6092,3.852443385421808,1.1523727806287736,3.3430530902651494,0.43992647528648376
1336,49,0.07799840718507767,18421,2.689526703049964,0.5061396089592584,5.3138040482050934,0.172207310795784
1337,49,1.4519293308258057,5660,31.282539699321294,6.488074577692208,4.821544408085949,0.8354166746139526
1338,49,0.7914249300956726,6635,5.195859309512104,1.770685676504851,2.934376992174723,0.6484547257423401
1339,49,0.496402382850647,6137,33.79850933693135,4.647510882410213,7.272389498826966,0.4963098168373108
1340,49,0.830522894859314,1985,9.277428864744193,3.4582071892246105,2.6827278867642597,0.6659970879554749
1341,49,1.3530621528625488,821,6.332891783479482,7.157716412152504,0.8847642765961635,1.014554738998413
1342,49,0.3843849301338196,12567,20.893168144101715,3.3177011043046036,6.297483554798606,0.4494996964931488
1343,49,0.9978857636451721,7036,36.69493243497918,9.515106903225018,3.8564918721552215,0.7610564231872559
1344,49,0.27678200602531433,24964,8.390216725112488,1.8487767628550644,4.5382530187965715,0.36246734857559204
1345,49,0.8064831495285034,16369,10.91354974021632,2.7686287362745885,3.9418610365568307,0.7117014527320862
1346,49,0.22706930339336395,9369,6.275514935646553,1.4046810785890098,4.467572768863511,0.3361209034919739
1347,49,0.6344999074935913,21422,38.74212369550489,7.378140847715021,5.250933059579353,0.6120417714118958
1348,49,0.35282954573631287,21367,20.565968878898666,3.3126402728969415,6.2083314772078415,0.39606720209121704
1349,49,0.9324132800102234,9162,21.148503878729027,5.012514887160479,4.219140362634443,0.7692728638648987
1350,49,0.33842021226882935,44438,6.366084128420555,1.8047766831727168,3.5273528230793274,0.39503800868988037
1351,49,0.6752583384513855,19571,5.298928551965763,4.065682486289929,1.3033306387877595,0.6499601006507874
1352,49,0.6586937308311462,13121,14.613131410454928,2.9724851372505956,4.9161327090659395,0.613325834274292
1353,49,1.9431848526000977,7443,21.417285163157022,7.3471428416493065,2.91504951309022,1.0917739868164062
1354,49,0.2659933567047119,27792,2.867285287629707,1.5054361487707812,1.9046209897171646,0.35788974165916443
1355,49,0.3244100511074066,14099,3.6557715991456683,1.8583711449387719,1.9671913272545718,0.41620370745658875
1356,49,0.2694341242313385,38875,2.6154383949433857,1.4675259066236321,1.7822093519009812,0.38302361965179443
1357,49,0.3245932459831238,6479,1.5181699013874899,0.8641228163108666,1.7568913500827805,0.43421822786331177
1358,49,0.268288791179657,22371,2.3454223769727016,1.434279515864399,1.635261712259446,0.39336708188056946
1359,49,0.1388840228319168,39285,2.1729193721864313,0.9582506976721427,2.267589658387715,0.22999873757362366
1360,49,0.37048810720443726,18367,14.798525886328148,2.68643251194724,5.508616285914453,0.45908212661743164
1361,49,0.2793145179748535,8657,1.28098573518064,1.3521157840278255,0.9473935222941904,0.4041081368923187
1362,49,0.873403787612915,4264,4.637923048115013,1.435432471208051,3.2310283772586907,0.7489597201347351
1363,50,0.40210670232772827,11989,4.690191284704833,0.802553931480289,5.844082373440073,0.4896475672721863
1364,50,0.49248966574668884,5676,15.23991686060029,2.440006136731444,6.245851857163344,0.5501779317855835
1365,50,0.2383047193288803,11960,6.51946483873151,0.9198971368508478,7.087167225069306,0.36952632665634155
1366,50,0.40592890977859497,12696,38.022187832613994,5.441448840591041,6.987511772411905,0.4731481969356537
1367,50,0.35163480043411255,19669,8.638998861592158,1.2539926607259653,6.889194117439215,0.44844916462898254
1368,50,0.11057128012180328,21484,1.8885602789876417,0.5816210702067849,3.2470630376457152,0.27734971046447754
1369,50,0.25351518392562866,27762,6.558217422385471,1.0203958298333329,6.427130757139839,0.3710390627384186
1370,50,1.4254447221755981,23513,40.587126275905504,6.284913898416815,6.457865124631706,0.8795519471168518
1371,50,0.6325603127479553,8361,14.53959878612102,2.458564794815393,5.913856253362176,0.5862260460853577
1372,50,0.38221561908721924,10374,18.512140363025274,3.5607668871593927,5.198919488320721,0.5107045769691467
1373,50,0.16350571811199188,1562,2.221187595744601,1.536758973137927,1.4453714828212034,0.34598034620285034
1374,50,0.18370699882507324,30251,2.3218208316938838,0.5763076687942931,4.028786978572385,0.3136764168739319
1375,50,0.6104677319526672,3678,9.740708839277463,2.0954416920214434,4.648522970770944,0.5922788977622986
1376,50,0.0035026262048631907,3358,0.3735156683731695,0.08385208450066599,4.454458951056231,0.005946506280452013
1377,50,0.6999020576477051,6204,23.165462910878333,3.5474015104704355,6.530262459013199,0.6216303706169128
1378,50,0.3982255756855011,7154,6.703282636733184,2.8023565480596506,2.392016334028637,0.49994513392448425
1379,50,3.1367928981781006,4469,104.29780079182957,17.46325461397807,5.972414827436621,1.3012555837631226
1380,50,0.334107369184494,6149,6.117601558467071,1.3448982257149071,4.548746843063601,0.45151808857917786
1381,50,0.2985856235027313,44336,64.11542783089281,8.92275592056303,7.185608168786478,0.3642207384109497
1382,50,0.23382942378520966,11489,5.993192625732516,1.199353933353803,4.997017526735003,0.32710742950439453
1383,50,0.6479169130325317,14214,5.946161958862486,1.7433765191366528,3.4107158686545276,0.6411108374595642
1384,50,0.6873276829719543,45034,53.195087039656876,7.053699936015238,7.541444564155957,0.6257277727127075
1385,50,0.6542206406593323,12045,8.038643962321235,2.665073533229153,3.0162934951284983,0.6486855149269104
1386,50,0.6381403207778931,7729,3.945682198606698,1.4124656108861293,2.7934713370674755,0.6223927736282349
1387,50,0.36944058537483215,14917,9.73325416149692,1.5209679680735826,6.399381424066675,0.41209593415260315
1388,50,0.8369405269622803,2268,10.751005613622286,6.643379180296478,1.6183037761124568,0.784433126449585
1389,50,0.1666862964630127,33716,1.6256772610700385,0.8901502625819621,1.8262953227163996,0.2722187936306
1390,50,0.28036805987358093,37616,1.3782741405387644,1.2578590926569744,1.095730156568127,0.39182141423225403
1391,51,0.7714731693267822,13411,22.446956246374807,3.3353899775833415,6.7299345495521425,0.6877732276916504
1392,51,1.2045657634735107,20079,18.217620134082498,4.537349706163032,4.015035497337507,0.8544586300849915
1393,51,0.476492702960968,14732,3.5373282994106434,3.079351215818494,1.1487251864088748,0.5328132510185242
1394,51,0.35046178102493286,18653,8.2014590942379,1.8353839471475137,4.468525022777843,0.42759889364242554
1395,51,0.30100250244140625,3514,4.155461516199122,2.171780764025878,1.9133890423148134,0.421237975358963
1396,51,0.4874086081981659,28947,6.600608693579176,1.4382887645168017,4.589209661101736,0.5571463704109192
1397,51,0.5266119241714478,25973,20.30890292669715,3.438400850925359,5.90649659745914,0.5413358807563782
1398,51,0.3119058907032013,22105,3.156286862602444,1.3752748554990233,2.295022591287673,0.41064050793647766
1399,51,0.47328540682792664,17630,17.838385796157585,3.5627307816689626,5.006941834599183,0.5205299854278564
1400,51,0.3118014931678772,72391,15.925536927854722,2.6439894182408423,6.0232982847732535,0.3899248540401459
1401,51,0.11557996273040771,14524,1.4648530273153129,0.7835232272406317,1.869571923824493,0.23466746509075165
1402,51,0.41852307319641113,20343,2.237954107481201,1.6768594777046568,1.3346104054844568,0.5231612324714661
1403,51,0.7332910299301147,4987,27.007552609398406,4.174002957309295,6.470420094479743,0.6509577631950378
1404,51,0.5206660628318787,9110,1.8757313891332013,0.773492123341143,2.4250167940023077,0.5615895390510559
1405,51,0.14452750980854034,11576,0.9721838788396158,1.0173010630202184,0.9556501159572054,0.26074695587158203
1406,51,0.20302768051624298,10170,1.104079327038369,1.1155164761725402,0.9897472163079087,0.35175007581710815
1407,51,0.30427536368370056,9274,2.2270277106183243,1.7530081381440834,1.2704035207587894,0.44147613644599915
1408,51,0.6362704634666443,6204,12.148190687807674,2.182481251090438,5.566229117309704,0.6030789613723755
1409,51,0.7225247621536255,7311,4.809824013772304,1.2955304413441036,3.7126290979148533,0.6305676102638245
1410,51,0.06319334357976913,10293,1.2352758090350242,0.5128072364434118,2.4088501901804342,0.15471118688583374
1411,51,0.9867634177207947,10010,16.25019437233836,3.4316639007735543,4.735368859599146,0.7759994864463806
1412,51,0.2260669320821762,6770,9.13316502474161,1.7947531072182223,5.088814159454205,0.3022887110710144
1413,51,0.09070456027984619,7261,3.4948046134952264,0.9024985933028709,3.872365718268247,0.1520480215549469
1414,51,1.2636470794677734,19971,21.581275085738717,4.2824303584791314,5.039492362789545,0.8634395599365234
1415,51,2.129049777984619,10499,30.088993572066048,7.2796140949662576,4.133322615668321,1.1170824766159058
1416,51,0.13244928419589996,32462,5.696374697331042,1.120904519884478,5.0819446226455005,0.21583139896392822
1417,51,0.24469779431819916,12517,22.003187468844125,3.0522373540208587,7.208871695332298,0.31958019733428955
1418,52,1.0264302492141724,10641,10.314324234963486,3.3589089975055733,3.0707364333538485,0.8363802433013916
1419,52,0.18478579819202423,2385,1.2126603207345985,1.192705141516484,1.0167310247289831,0.2838069796562195
1420,52,0.1338595449924469,13327,2.26467286195887,0.7109060189045389,3.1856149782574663,0.21987301111221313
1421,52,0.08383023738861084,46389,1.8829710327791807,0.7529991991637942,2.5006282010229492,0.13284307718276978
1422,52,0.07868781685829163,12223,1.8153560104331714,0.6769746513931368,2.681571616743247,0.137153759598732
1423,52,0.3211119472980499,32040,5.005122802935594,0.8139278808272382,6.149344334835258,0.425834983587265
1424,52,0.4296151399612427,14342,5.505466345663445,2.677680443453364,2.0560580180960923,0.575821042060852
1425,52,0.6226781606674194,6812,4.088316128418775,2.5270918830775897,1.6177948082513915,0.6693316102027893
1426,52,0.28574174642562866,12225,1.0371652361869879,0.31441643205481,3.2986992104881065,0.3975960612297058
1427,52,0.9627318978309631,8898,20.199659529737865,3.6404871754202333,5.548614390435424,0.7856026887893677
1428,52,0.09534303098917007,7111,2.485751364577472,0.7002637224952931,3.549736027615839,0.19739171862602234
1429,52,3.00578236579895,19025,61.55737010670243,11.998494414893385,5.130424533122082,1.180117130279541
1430,52,1.4484719038009644,14793,19.130046502801093,5.883254404159589,3.251609600508263,0.979248583316803
1431,52,0.5010360479354858,1663,3.2298488921740467,3.1723710666770404,1.0181182542293812,0.5316658616065979
1432,52,0.3199092149734497,19249,3.357462067777609,0.48881503928663766,6.868573586996264,0.42599594593048096
1433,52,0.33658352494239807,22787,63.35408231593314,7.807452946286464,8.114564730877918,0.4053727090358734
1434,52,1.9777520895004272,10242,111.16344069376096,16.212070654105535,6.8568317437972155,1.1084438562393188
1435,52,0.6536322236061096,7630,12.94880867563448,3.1207939686027357,4.1492033136131266,0.6541932225227356
1436,52,0.45853090286254883,16389,67.87478058781373,8.896388355089094,7.629475904003109,0.48152196407318115
1437,52,0.8715928792953491,10462,112.38556680019472,15.482714841513635,7.258776509843691,0.703981876373291
1438,52,0.738699197769165,13706,51.47710732088039,7.383507390571333,6.971904353560908,0.6434637308120728
1439,52,0.36669644713401794,17344,13.41276224951915,1.9593915379161715,6.845371121576284,0.4536955952644348
1440,52,0.036318741738796234,9658,3.908460068156199,0.7078604104567207,5.521512448519178,0.05220049247145653
1441,52,0.17512980103492737,9069,4.750160616116976,2.3484139872367282,2.022710068127405,0.31232842803001404
1442,52,0.32841968536376953,12951,1.893193037763744,0.6178871053916536,3.063978874523788,0.4594848155975342
1443,52,0.22240467369556427,53872,0.890021169659374,1.5008093456605431,0.5930274702994074,0.34621483087539673
1444,52,1.9543774127960205,7072,22.628758913842187,6.884088531187341,3.287110386701546,1.0365859270095825
1445,52,0.3500477373600006,16774,26.160404435979757,4.772659172761821,5.48130580647264,0.4251720905303955
1446,53,0.5352548360824585,5761,4.480907415390927,1.5595703681629023,2.8731678331810984,0.5637190937995911
1447,53,0.4668213129043579,11085,13.985696297567957,6.546962220281811,2.136211547737297,0.5644509196281433
1448,53,0.18319062888622284,31301,2.0727246321735704,1.6347827114838114,1.2678899878326906,0.27668827772140503
1449,53,0.3840447962284088,13954,11.95974655750518,2.535875722450755,4.716219510135207,0.4410679340362549
1450,53,2.2976837158203125,14158,14.488042702441216,8.032443821121301,1.8036905112667108,1.142578125
1451,53,0.8319018483161926,4525,8.71426199523703,6.619138709332005,1.3165250613270718,0.7437517046928406
1452,53,0.29192718863487244,22429,2.6285198772314557,1.9825251431281472,1.325844409258131,0.41049784421920776
1453,53,0.5515888333320618,825,7.879503203871571,6.49791625548781,1.2126199990982849,0.593293309211731
1454,53,0.19449953734874725,4687,2.195077686718008,0.9445198660543983,2.3240143120391092,0.31880414485931396
1455,53,0.45913344621658325,8926,8.988037212165507,2.0083154704332076,4.475411032023892,0.5038063526153564
1456,53,0.22901447117328644,7610,3.2697287150092573,1.6426271513516724,1.9905483190854951,0.32368987798690796
1457,53,0.24313628673553467,29253,14.316728658550147,2.9387257056485043,4.8717471763449005,0.31173038482666016
1458,53,1.5711619853973389,4759,11.981556388115266,5.118668394478869,2.340756514142731,0.8984565138816833
1459,53,1.6337864398956299,3412,15.712107291903399,5.169410576807508,3.039438840937209,0.8810282945632935
1460,53,0.6078417897224426,15699,2.240129862496431,1.4638715295485285,1.5302776352141896,0.6215008497238159
1461,53,0.12255503237247467,33312,1.1111762239665228,0.5386821822474039,2.0627677331531324,0.22701554000377655
1462,53,0.3911529779434204,13933,2.404770929130532,1.666571106345531,1.4429452904666562,0.5097616910934448
1463,53,0.5067392587661743,11818,2.4601601962536255,1.6533906697435725,1.4879485177170428,0.5439374446868896
1464,53,0.43555834889411926,17695,9.373408067966341,2.1306410346978315,4.3993370611541245,0.5074344277381897
1465,53,1.2224290370941162,16112,17.29885624098666,4.444627831752884,3.8920820585692093,0.9154787659645081
1466,53,0.22224044799804688,25182,1.7485905829985213,0.9415556845534931,1.8571292295111417,0.34127911925315857
1467,53,1.4877840280532837,7140,37.274776130080575,8.080163795200978,4.613121351848639,0.9817095994949341
1468,53,0.06250931322574615,400,2.6267163251495864,0.9312397433239269,2.8206660465017075,0.09120120853185654
1469,53,0.30264583230018616,31671,3.3665333265082933,1.1362021482270512,2.962970393744216,0.4005354940891266
1470,53,0.9570191502571106,4282,13.469238272404043,3.07065142957666,4.386443261733754,0.6828193068504333
1471,53,0.4224339425563812,45972,14.0593388374046,2.6011414592054707,5.405065067739021,0.488430380821228
1472,53,0.28514033555984497,27302,1.2915145210193373,1.341245086630852,0.9629220892526072,0.3933236002922058
1473,53,0.39369431138038635,24072,6.09375438201132,2.2233114263801075,2.7408460684835982,0.48668619990348816
1474,54,0.1741829216480255,2348,2.496237116415562,0.9167414203856206,2.72294570846686,0.27441173791885376
1475,54,2.198535919189453,12543,27.16565775802379,8.218256566454267,3.3055256353162257,1.1483154296875
1476,54,0.2088296115398407,3620,5.859941378877083,1.274027407546317,4.599541064943256,0.3181774616241455
1477,54,0.15401875972747803,8383,2.001554123729782,0.8103688961738185,2.4699296001829674,0.24902097880840302
1478,54,0.34662050008773804,13733,2.8951591603450586,0.9413002745091708,3.0757020248949014,0.45659416913986206
1479,54,0.1078764796257019,2049,3.9861211802457404,0.8601637570645655,4.634142217110295,0.20046304166316986
1480,54,0.13705028593540192,7880,3.6068201311907995,0.8849611313955895,4.0756819743017925,0.20333370566368103
1481,54,0.3501872420310974,17987,10.420055682425984,1.5205370238756668,6.8528786335367595,0.44773435592651367
1482,54,1.7349244356155396,13920,27.214862532742455,7.286386690922927,3.735028579617089,1.0737911462783813
1483,54,0.05135194584727287,9762,5.5738719466107,0.9124620799028668,6.108606669109953,0.087134949862957
1484,54,2.597015142440796,1330,83.86568211563745,12.907802073043639,6.497286032203278,1.2439510822296143
1485,54,0.22735364735126495,22110,3.1999388688929513,1.1637937694774345,2.7495755285981938,0.37296178936958313
1486,54,0.328471302986145,20914,105.86792516209283,13.322238706078315,7.9467068184105045,0.4147644639015198
1487,54,0.32399889826774597,22091,151.9022030678833,18.791201305332926,8.083687711054722,0.40047866106033325
1488,54,1.3873119354248047,17926,60.42973143582932,8.037328614768047,7.51863390589583,0.8595492243766785
1489,54,0.3636794984340668,10441,10.780024273621294,1.7154134559662768,6.284213427451937,0.4809587597846985
1490,54,0.32828089594841003,24692,23.753313656582957,2.9734585105730043,7.988446306586452,0.44944465160369873
1491,54,0.3305366635322571,21824,11.992461697802407,1.4115452406549824,8.495981108072167,0.42228564620018005
1492,54,0.5441473126411438,21119,12.290081857359295,2.189904503619878,5.612154245556538,0.5825514197349548
1493,54,1.2413355112075806,7014,12.682068813284154,3.2559600358228833,3.89503208692643,0.8110247850418091
1494,54,0.15964829921722412,30846,24.54110570330349,2.9611830691242207,8.287601654616143,0.2539919912815094
1495,54,1.1788904666900635,12427,4.973246716905556,3.3971246079284243,1.463957696840797,0.8291906118392944
1496,54,0.5494021773338318,7097,11.86139099918733,3.691703588205092,3.212985743785332,0.5950462222099304
1497,54,0.312347948551178,18830,3.9961770385539985,0.7404193553903833,5.3971806780248635,0.42735397815704346
1498,54,0.4137757122516632,22341,13.059602699020555,1.9108356698797888,6.8344980705930105,0.47915688157081604
1499,54,0.510417103767395,23844,75.43762298043325,9.442948480570273,7.988778413399697,0.5063967704772949
1500,54,0.206390842795372,39613,32.046558841688,4.129380671247332,7.76062111803322,0.29310116171836853
1501,54,0.28444451093673706,9439,3.521287080017013,2.804000186104217,1.2558084330615236,0.3535553812980652
1502,55,0.1508042961359024,9179,3.695122937750476,1.450499265342721,2.547483494846757,0.24612894654273987
1503,55,0.46332865953445435,14678,10.071602252675222,2.4467188958393784,4.1163708139082775,0.5401521325111389
1504,55,0.5136962532997131,24179,12.148227113332151,3.869121750050442,3.1397893108870596,0.5561738014221191
1505,55,0.06114620715379715,5149,2.3395936860988993,0.8539082412160691,2.739865448264434,0.08464133739471436
1506,55,0.2783074975013733,26491,4.589507550853101,1.4127200569957137,3.248702761826632,0.3851770758628845
1507,55,0.8160216808319092,10086,32.3690627851086,4.805893464483665,6.735285129459175,0.6620435118675232
1508,55,0.6434410214424133,18196,3.5560246562149906,2.72131161127727,1.306731886740686,0.633224606513977
1509,55,0.09728408604860306,6931,3.306893985098127,0.8118536693842364,4.073263581603593,0.19422443211078644
1510,55,0.06904023885726929,14254,5.2609010781837995,1.0399701726178499,5.058703813529395,0.11830984801054001
1511,55,0.36836040019989014,9017,6.992781595748253,2.950646948567177,2.3699147060415178,0.48516538739204407
1512,55,0.38834095001220703,18046,3.9274636378761327,1.0415934917655376,3.7706299712137916,0.4799916446208954
1513,55,0.7198079824447632,3052,6.922296584409932,2.5051568581412247,2.7632188227699928,0.6135836839675903
1514,55,3.2157437801361084,11266,68.55810933413072,13.54943641800377,5.059849518392462,1.143959641456604
1515,55,0.4283558130264282,19816,25.256755265146317,5.619126779723241,4.4947829538713115,0.5379538536071777
1516,55,1.3231817483901978,12709,44.590087226946714,6.794675052682599,6.562504738079502,0.8048632740974426
1517,55,0.3490388095378876,7213,9.099387816914549,2.7974662001505863,3.2527248466564065,0.4364416301250458
1518,55,0.11904571205377579,31993,24.44585804560796,3.2026526029923588,7.633003349398446,0.1667007952928543
1519,55,0.33301863074302673,9373,8.157313018162114,1.3610868479709268,5.993234766992886,0.4097641706466675
1520,55,0.20502668619155884,26658,9.000554809424022,1.1595867821950905,7.761863922231216,0.3195188045501709
1521,55,0.811443567276001,9649,4.320350467457836,2.3256827639386737,1.8576697279809666,0.7145994901657104
1522,55,0.41660574078559875,7676,17.759410673795156,3.197080996395156,5.554882936595628,0.4851701557636261
1523,55,0.22051019966602325,15884,5.398255539740544,1.7780278811374866,3.0360916142012315,0.3617625832557678
1524,55,0.7847198843955994,26941,10.834372211441169,2.0615431178149306,5.255467187569413,0.7086514830589294
1525,55,1.923606038093567,3580,37.0409105278838,7.7303613854292506,4.791614347771169,1.0578677654266357
1526,55,0.283774733543396,58510,9.068469376958758,2.1162045533657143,4.28525180258758,0.370004802942276
1527,55,0.8482407331466675,9390,19.183812883728514,6.275572856308818,3.056902265813075,0.73503577709198
1528,55,1.0101356506347656,10478,6.154809153844197,2.429155979850483,2.5337233199082165,0.7929489612579346
1529,55,0.684089183807373,16834,12.686605187043895,2.3785886978178516,5.333669162170584,0.6164378523826599
1530,56,0.7970286011695862,4765,7.578740612086589,2.629146851968178,2.8825855073140034,0.693343460559845
1531,56,0.4416504204273224,16439,7.850491609185487,1.3815641376332493,5.682321504543714,0.49501824378967285
1532,56,0.3130701780319214,19392,5.5110556719334065,2.784343915865875,1.979301350141439,0.39846688508987427
1533,56,0.29305195808410645,6479,2.307684756537232,0.8680311452945595,2.6585275989739734,0.3978205621242523
1534,56,0.7183809876441956,6243,10.613331210214039,3.778712916137216,2.808715942639192,0.6481168270111084
1535,56,0.5364973545074463,15453,3.9458100562273053,2.45135172177084,1.6096466374785536,0.5651144981384277
1536,56,0.4330188035964966,19778,7.178004352917029,2.036949298613027,3.5238993713790805,0.5103782415390015
1537,56,0.32233670353889465,12109,6.539248592595954,2.1851261424702613,2.9926183507192916,0.4234953224658966
1538,56,0.22514288127422333,2268,4.086143357178998,3.111878190687474,1.3130794673794661,0.29014575481414795
1539,56,0.3178004324436188,8292,4.902860211531113,1.4860733288497419,3.299204767588926,0.3997596800327301
1540,56,0.4400613605976105,19626,17.281431890433698,3.1879229416417987,5.420906404195654,0.4715433418750763
1541,56,0.4924435019493103,43531,18.864409248087288,3.193958478162601,5.906278800134425,0.5144007205963135
1542,56,0.6091535687446594,6348,9.919104097582174,2.5878636060508473,3.8329315634664276,0.621841311454773
1543,56,0.8505188822746277,24569,8.56984111981639,2.2747665163074657,3.7673497734280397,0.763663113117218
1544,56,1.3288624286651611,6870,12.964458297795138,5.216919113240229,2.485079414953863,0.9046856164932251
1545,56,0.24461396038532257,9853,3.471341651308717,1.5742784020156133,2.2050366992661594,0.36975809931755066
1546,56,0.19632655382156372,5763,2.3434417522091713,1.2686499634184534,1.8471933313210995,0.27220025658607483
1547,56,0.47536274790763855,12860,1.5971437112442861,1.6433006874676035,0.9719120325474827,0.5533002614974976
1548,56,0.3527825176715851,2874,3.087948841414498,1.4174192424603032,2.1785712715825514,0.4666299521923065
1549,56,0.9089789986610413,14862,7.945308178926928,3.9748320850844236,1.998904106852648,0.7890288829803467
1550,56,0.28838929533958435,17883,3.971587360810906,0.7107776504353114,5.587664944688321,0.40417560935020447
1551,56,1.213031530380249,14449,8.98294103706207,3.31650581597022,2.708555792003478,0.8914510011672974
1552,56,0.2790035307407379,23289,4.544555911621467,0.6534584390442008,6.954621197121173,0.38472452759742737
1553,56,0.3549266755580902,33580,5.585524665143241,0.8830977823975933,6.324922082775846,0.4519178867340088
1554,56,0.15912306308746338,24802,2.0531984452536673,0.8139460742147918,2.5225239242438158,0.26746276021003723
1555,56,0.21020273864269257,19814,1.2215893755509912,0.39806394356433744,3.068826994501405,0.3349003195762634
1556,56,0.4949086904525757,25737,3.947911379097242,0.8052706547924635,4.902589403446976,0.533155620098114
1557,56,0.19134530425071716,17618,1.2727376032559934,0.6289616222733655,2.0235536766992124,0.3239228129386902
1558,57,0.02996400184929371,8347,1.4403422080175041,0.36360592138259695,3.961272694725926,0.0496068149805069
1559,57,0.24670171737670898,7920,1.6725905838928892,1.5983897967402927,1.0464222102161018,0.3937499225139618
1560,57,0.24551385641098022,1381,2.0446945107768246,1.5252419795400645,1.3405705705740278,0.3797668516635895
1561,57,0.4079262912273407,15120,13.15636946019189,1.6422853100208712,8.011013299520215,0.4737745523452759
1562,57,0.29758813977241516,14206,8.80426116425937,2.050158604140457,4.294429292677248,0.428896963596344
1563,57,0.21657399833202362,31560,7.698513422554269,1.3662095689143279,5.634943274966472,0.34704506397247314
1564,57,0.3583478331565857,40633,2.717750891901965,0.5339327616126264,5.0900620589163825,0.45559418201446533
1565,57,0.21693803369998932,54755,21.25209735169108,2.9066094304083885,7.311645358797923,0.2942127585411072
1566,57,0.18276755511760712,23390,0.7177241924808047,0.41860827543844903,1.7145485041530726,0.3305426239967346
1567,57,0.5600324273109436,11450,6.126670765231313,3.9254899484987416,1.5607404032642669,0.6335746049880981
1568,57,1.8658595085144043,8023,4.626854189800138,4.315997330041432,1.0720243401435676,0.994864284992218
1569,57,0.21978211402893066,12852,1.5316690922516536,0.288808539031695,5.3034065314746766,0.35567161440849304
1570,57,0.18342196941375732,23626,4.522924100898638,0.9412076012356585,4.80544791070104,0.31703823804855347
1571,57,0.30820798873901367,11430,20.57540201232889,2.50533942521815,8.212620535650213,0.38975054025650024
1572,57,0.24497109651565552,11865,2.515126433636092,0.8525715219061533,2.950047437674084,0.39320194721221924
1573,57,1.1597561836242676,5354,10.99207332419199,6.033882342409225,1.821724836583609,0.811949610710144
1574,57,2.0987703800201416,17653,21.000284102202485,5.956841220151666,3.5254060543289545,1.05936861038208
1575,57,0.2310597151517868,25632,1.5385539187621324,0.6754862732493893,2.2776982741021907,0.35678231716156006
1576,57,0.1630866527557373,30536,1.5821001956195542,1.0242220118838115,1.544684821514541,0.29909756779670715
1577,57,1.4221882820129395,7482,18.60208502127775,4.317063242648165,4.308967456743253,0.8543018698692322
1578,57,0.9194436073303223,1374,12.084729203905175,8.943930761622088,1.3511653350178792,0.8290709853172302
1579,57,0.8160630464553833,7008,5.321477507594134,2.4604932315197443,2.16276860241762,0.7050351500511169
1580,57,0.30383044481277466,10052,1.8942075472505642,0.706616638646724,2.680672154671553,0.4325587749481201
1581,57,0.24418681859970093,8112,12.904213954867462,1.908763864322802,6.760508303859212,0.35780173540115356
1582,57,1.8830251693725586,5611,57.986833853824045,9.23291565464562,6.280446613269038,1.0188874006271362
1583,57,0.9651382565498352,25431,18.382240581574607,2.986812172644589,6.154468215285333,0.7877632975578308
1584,57,0.16539394855499268,9084,7.256171395125782,1.2658733775031965,5.732146298417376,0.2577374577522278
1585,58,0.22791974246501923,22023,8.010753080515999,1.2274046811914434,6.526578563097399,0.3186364471912384
1586,58,0.3933294713497162,19983,40.41799423292368,4.686551655044108,8.62425023938729,0.4613145589828491
1587,58,1.2544673681259155,5298,19.4291974455704,4.426422389257508,4.389368148127653,0.9316327571868896
1588,58,0.6697537899017334,12271,12.90558554206979,2.3091990656627472,5.588771333735257,0.6487013101577759
1589,58,0.3832907974720001,30406,2.903506388830618,1.8964287629588492,1.5310389957906847,0.4920828640460968
1590,58,0.3433414101600647,31400,1.931809343736771,1.740808296954741,1.1097197474960598,0.4376823902130127
1591,58,0.5180025100708008,3224,15.817767928081969,5.06560316097033,3.1225833183997205,0.569573700428009
1592,58,1.016718864440918,3755,12.021597182916263,3.751558979894654,3.2044270788062175,0.8412867188453674
1593,58,0.5096896886825562,14348,20.20752698200717,2.851153299384042,7.087492274219587,0.5671751499176025
1594,58,1.3532390594482422,6583,43.88291055602006,6.688488473410558,6.560960780670518,0.9897034168243408
1595,58,0.3221855163574219,39923,11.677538864866484,1.7569683852630738,6.646413767491519,0.41477054357528687
1596,58,1.283586025238037,10454,39.83448728116884,6.5379147469247485,6.092842874694836,0.972919762134552
1597,58,0.361369252204895,14895,7.760179294992912,1.2621440290696175,6.148410257668561,0.4477311968803406
1598,58,0.8232424259185791,9288,30.03558375500975,4.710502976209323,6.376300770151273,0.7004137635231018
1599,58,0.737177848815918,7027,4.177019355015176,2.2399800229651654,1.8647574139897896,0.695734977722168
1600,58,0.3913215398788452,16412,9.730580087681687,1.8277097979521035,5.323919638981637,0.42480772733688354
1601,58,0.4528072774410248,17634,12.865843841123093,2.41876624159822,5.319176206385516,0.48821601271629333
1602,58,0.6029380559921265,19144,9.425416600256542,3.0286929575974613,3.1120409801230653,0.5812944173812866
1603,58,0.37737536430358887,42559,6.95271159454015,1.4325669697402825,4.853323957200961,0.4422784745693207
1604,58,0.9614217877388,8064,7.151238298226881,2.8400308371525926,2.5180143133213915,0.8123872876167297
1605,58,1.215606927871704,1981,11.376628381902965,4.113997222145651,2.7653466367599373,0.9016549587249756
1606,58,0.6632005572319031,11755,9.611923252061764,4.115592316033516,2.3354896486256225,0.5971093773841858
1607,58,0.27962931990623474,5757,14.55585324773495,3.0014746761132876,4.849567235589332,0.29586827754974365
1608,58,0.48084256052970886,8660,5.518344111660385,3.36786477123803,1.6385290047231316,0.5628881454467773
1609,58,0.2592433989048004,16372,3.848732177258015,1.3897046686596224,2.769460493334435,0.3261665105819702
1610,58,0.34547123312950134,20741,15.181383196269351,5.462373818865795,2.779264784814531,0.42172032594680786
1611,58,0.34049755334854126,15119,16.562155435690638,3.1313312092298107,5.289173942017783,0.3953799903392792
1612,59,0.3548124134540558,23057,1.862010850615034,0.6492710663861107,2.867848187008012,0.44329071044921875
1613,59,0.23928427696228027,37092,3.0227067246597317,1.527765882796605,1.9785143513773393,0.29708191752433777
1614,59,0.1027335375547409,15816,4.239797350881428,0.9495358675814141,4.465126063827641,0.1568654179573059
1615,59,0.44682762026786804,12526,8.306729486433335,1.4567511978818866,5.702229384472518,0.525590717792511
1616,59,1.6754015684127808,10443,57.82248013519909,12.296791665007511,4.702241178870868,1.0755457878112793
1617,59,2.3061342239379883,4698,22.407979688294805,7.397003309981234,3.0293321158928377,1.2157268524169922
1618,59,0.08049527555704117,49506,1.5925901343741797,0.46355395579176345,3.4356089824550295,0.1503417044878006
1619,59,0.12475382536649704,22314,2.795566785663985,0.6736868584320084,4.149653137314355,0.21707865595817566
1620,59,0.0831219032406807,12509,2.6977539504385306,0.5590169311876745,4.82588952127464,0.1605164259672165
1621,59,2.876424551010132,6798,54.29767760200162,12.034715501950371,4.5117541493355215,1.0702072381973267
1622,59,0.7746111750602722,13519,10.997436571539293,4.048033207952208,2.7167357594627752,0.7724055051803589
1623,59,1.3006304502487183,4411,17.989000138327075,4.683869018147552,3.840628349901594,0.9433469772338867
1624,59,0.4171949625015259,20792,17.19665061808594,1.9881449423379516,8.649596038936151,0.4763419032096863
1625,59,1.6584560871124268,3466,65.70820246433576,9.224793018630542,7.123000194326667,1.0236908197402954
1626,59,0.19908399879932404,14461,47.43439908755065,5.529675582561392,8.578152258539923,0.29285240173339844
1627,59,0.23284368216991425,10680,14.330714733245202,1.8969348256421512,7.5546690057663985,0.34168651700019836
1628,59,0.33080220222473145,7098,6.697964760553309,1.451060249574824,4.615910857258523,0.46140289306640625
1629,59,0.6243119239807129,9194,19.200818139766398,2.6832157645622177,7.155897931634271,0.5902252793312073
1630,59,0.5614573359489441,10716,6.114783037383445,1.4012358172876866,4.363850082861291,0.5759759545326233
1631,59,0.8409767150878906,13211,282.83776820821504,32.11916748962994,8.805887272748393,0.6816539168357849
1632,59,0.7498771548271179,12499,11.760769068686391,3.46797616585436,3.391248528314396,0.6738495826721191
1633,59,0.49903494119644165,12737,46.220096963147554,5.904139419143153,7.828422346071138,0.5268304347991943
1634,59,0.9175558686256409,19382,20.111220292181738,3.030118927964644,6.637105925635722,0.7386011481285095
1635,59,1.0496443510055542,21917,4.867324655729535,2.0060409997976327,2.426333587507991,0.7958847880363464
1636,59,0.2800678610801697,14899,55.13994535923052,6.638921997889987,8.305557043258988,0.3921710252761841
1637,59,0.6334100961685181,20671,159.14987163245632,17.482507097535528,9.10337806497343,0.5643043518066406
1638,59,0.3685523569583893,8995,9.639233654158916,1.7774996569168373,5.422917307828475,0.43272820115089417
1639,59,0.5080931782722473,25679,5.228405090236315,1.2665210208415558,4.1281628999399524,0.5535286068916321
1640,60,0.3846413791179657,19570,25.15601707966795,4.79285342912502,5.24865144567026,0.5075790286064148
1641,60,0.2732968330383301,43505,10.326208632252992,1.5207423277324192,6.790242136314851,0.3540036678314209
1642,60,0.21802307665348053,7506,2.4601065065297116,1.0753168869969327,2.287796775328091,0.32186028361320496
1643,60,1.0913853645324707,28457,10.483066528358918,2.845249037039905,3.6844108870207863,0.7986394762992859
1644,60,0.2509163022041321,14206,4.382485661416049,1.3864852786147537,3.160859858383392,0.3433223068714142
1645,60,1.2075215578079224,3224,19.29225178677862,11.270745730816314,1.7117103204651585,0.8776588439941406
1646,60,0.3019873797893524,18412,3.7845874276315388,0.9731944078719726,3.8888298134626424,0.4134359657764435
1647,60,1.3770251274108887,12718,17.997302383038953,9.60779101518667,1.873198777386959,0.9360110759735107
1648,60,0.13766393065452576,14360,1.9616809058939633,0.9311051825037644,2.1068306167267257,0.2026107907295227
1649,60,1.8347079753875732,1160,18.410008304235074,7.655829558860632,2.404704566982616,1.0644735097885132
1650,60,1.406430721282959,15792,24.731881339477034,5.184316243025248,4.770519424378374,0.9036393761634827
1651,60,0.19994588196277618,15191,2.868530624081102,1.0578972189037927,2.7115399991795046,0.3067364990711212
1652,60,1.6883821487426758,4769,67.43656596897465,11.177011288544403,6.033506116083647,0.9749432802200317
1653,60,0.3662695586681366,23308,3.754414693675127,1.2306149410927871,3.0508443935664817,0.44547683000564575
1654,60,0.8998749256134033,10286,18.262262274669208,3.3758200279180013,5.40972626610277,0.7835712432861328
1655,60,0.4498971998691559,3633,24.375449465014366,4.231075508811684,5.761052813698084,0.4725130498409271
1656,60,0.3038330376148224,12916,5.133631996450446,1.4296863206517052,3.5907400961259466,0.4090319275856018
1657,60,1.081735610961914,6189,21.388674639447206,4.285333547012855,4.991134156721933,0.8155550956726074
1658,60,0.21999013423919678,21956,1.001977277022775,1.1089772974233256,0.9035146881274617,0.3230346739292145
1659,60,0.4760270416736603,7049,24.976867960285695,3.1684162478402658,7.883076593014937,0.4957607686519623
1660,60,0.5089648365974426,17927,30.18868479170987,3.6016383500712625,8.38193118170906,0.5333196520805359
1661,60,0.4284361004829407,18405,53.10473188735875,6.376345185497542,8.328396650816936,0.48824065923690796
1662,60,0.6220011711120605,19479,44.69869970013567,5.483776071169203,8.15108040883173,0.6037938594818115
1663,60,0.24910694360733032,40952,30.04934702844796,3.8001175854717295,7.90747821681151,0.31807225942611694
1664,60,0.4376065135002136,22653,19.22901942347382,2.9707806135991053,6.472716071810957,0.5111015439033508
1665,60,0.2228943556547165,17495,5.424153753280652,1.0329743596163463,5.251005218841993,0.32179781794548035
1666,60,0.551504909992218,4934,5.096235546468493,3.3613256711035526,1.516138584927368,0.6343812346458435
1667,60,1.4625717401504517,1969,13.179999510066102,3.882203471848828,3.3949790642441453,1.0077215433120728
