step,epoch,loss,n_valid_px,grad_theta_norm,grad_phi_norm,egr,r_rms,grad_total_norm_preclip,clip_coef,upd_theta_norm,upd_phi_norm
0,1,1.4458614587783813,5767,4.771545534683385,5.859855771073013,0.8142769585280836,0.8848457932472229,5.859855651855469,0.1706526386926819,0.024555785363930535,0.12923190885690333
1,1,1.3830275535583496,12372,8.47388170454347,9.023228656161631,0.9391185824329108,0.863943874835968,9.023228645324707,0.11082506367530386,0.019596680220915326,0.09182857364453412
2,1,1.01663076877594,15118,10.099626560673206,12.455198812552895,0.8108763828397142,0.7377963066101074,12.455199241638184,0.08028774974303216,0.018585881261251855,0.07699676691681047
3,1,1.0004385709762573,52270,7.637328889868916,8.634152097333883,0.8845488015234688,0.7236545085906982,8.63415241241455,0.11581911418925657,0.017251896028275465,0.06967551742359243
4,1,1.2847163677215576,11450,10.952233031955473,14.721706239959431,0.7439513364440635,0.8346678018569946,14.721705436706543,0.06792690808632335,0.015536207813736106,0.05996013092687872
5,1,0.9557581543922424,10378,5.323008477405,6.773334188549618,0.7858771366106233,0.7111600041389465,6.773334503173828,0.14763774797976909,0.015173351341317207,0.05577194277025456
6,1,0.80015629529953,17239,5.090855999151303,5.094675831841943,0.9992502304724149,0.6436442732810974,5.0946760177612305,0.19628329656890262,0.014721710499088422,0.05359622627457001
7,1,0.6225306987762451,23937,5.198564059727468,6.083431718627979,0.8545446550847563,0.5401835441589355,6.083431243896484,0.16438088893047198,0.014099460184805832,0.05389860950730409
8,1,0.5529917478561401,12906,4.046356992819934,5.601552697106153,0.7223634609221156,0.5029947757720947,5.601552486419678,0.17852190511514082,0.01364504117993298,0.05180960929342755
9,1,2.1765074729919434,12273,13.622539893121123,16.85307056846072,0.8083120424721829,1.053918719291687,16.853071212768555,0.059336362378033386,0.011593759515100282,0.04662687767543071
10,1,0.7639701962471008,11120,12.944811537908887,7.371948332018311,1.7559552719169786,0.6201090812683105,7.371948719024658,0.1356493245496938,0.010674673976703684,0.04041145619369083
11,1,0.85643470287323,18863,7.24362428439276,4.999368495245964,1.4489078553180208,0.6331786513328552,4.999368667602539,0.20002521647485064,0.010562832940856201,0.04105709454720222
12,1,0.7588174939155579,2347,6.020308774211715,8.405837588464363,0.7162056976300479,0.6555524468421936,8.405837059020996,0.11896493758011646,0.010438639354188975,0.040803770618302634
13,1,0.515721321105957,15895,2.6678872493961827,3.4600574058696125,0.7710528862525893,0.5016137361526489,3.460057497024536,0.28901245480674564,0.009903985788461455,0.039943056132014126
14,1,1.218619465827942,8021,8.567189957881462,7.578377000146954,1.1304781957553975,0.8247419595718384,7.5783772468566895,0.13195435321729598,0.00963807766833254,0.03820647513242341
15,1,0.3443630039691925,8978,2.7377040978570406,3.8186495185594302,0.7169299210494476,0.37477025389671326,3.8186497688293457,0.26187259860543943,0.009325531516508691,0.04186747717225445
16,1,0.6598390936851501,17226,2.4567098483177467,2.1288109226776024,1.1540291446957447,0.5844971537590027,2.1288108825683594,0.46974559292365675,0.009158505734835362,0.04726279783887108
17,1,0.4173651337623596,10185,3.941718127914958,4.9352990799695755,0.7986786745938118,0.44032034277915955,4.935298919677734,0.2026219310427031,0.009174147439958622,0.046338554326549534
18,1,0.4555014669895172,52926,2.2910428903306275,2.7085497457922,0.8458559396551509,0.4837968647480011,2.7085494995117188,0.3692011650439133,0.008829334535852636,0.05178358959418228
19,1,0.2692507803440094,15152,2.2125762150458876,4.074912611302264,0.5429751324994053,0.3495256304740906,4.0749125480651855,0.24540397930032434,0.008606134499639019,0.055324525375523216
20,1,1.8052258491516113,4698,7.233573457216522,14.181264223918053,0.510079591142227,1.023849606513977,14.181264877319336,0.07051556670969268,0.00814490353224492,0.0503139751246105
21,1,0.8249881863594055,9521,6.811251744697674,9.459807285859114,0.7200201377123905,0.6944392919540405,9.459806442260742,0.10571039697199335,0.008274195758021102,0.05353481536957569
22,1,0.5394917130470276,18488,2.229480851989194,2.162191632639363,1.0311208397687954,0.5291643142700195,2.16219162940979,0.4624934829571444,0.007791561018372421,0.06023569762745263
23,1,0.35981130599975586,11360,2.470633066263855,3.5958328064704252,0.6870822975466082,0.4044373035430908,3.5958328247070312,0.27809961437288455,0.007488176704118682,0.06160789712052315
24,1,0.20956595242023468,19186,1.289574446311435,3.0048035088244247,0.42917097325126874,0.31134942173957825,3.004803419113159,0.3328003625258049,0.006956625229795151,0.05979938617103475
25,1,0.3168933391571045,19064,2.1059956926268777,2.1031714318434784,1.0013428580949877,0.39257004857063293,2.1031715869903564,0.47547215391914255,0.006826674057317967,0.06196087169037037
26,1,0.2015676498413086,7946,1.78643058851771,2.3164136886433395,0.7712053323097061,0.28245580196380615,2.316413640975952,0.43170164024635926,0.0064906011089052255,0.060561009380021076
27,1,0.438604474067688,13018,11.318070699781302,7.1940675035651385,1.5732505559853132,0.47691085934638977,7.194067478179932,0.1390034030163966,0.006419567789393861,0.058284902363740135
28,2,0.13520899415016174,17155,2.125481831396403,2.3536683514922614,0.9030506910830968,0.2103343904018402,2.353668212890625,0.42486853909766886,0.006129690170540276,0.053358965024993606
29,2,0.5983960628509521,14568,3.018375545680694,3.8451152310296175,0.7849896204207306,0.5860263705253601,3.8451154232025146,0.26007014871272,0.005807348385069684,0.051879571179489645
30,2,0.812361478805542,13995,3.917951589530574,3.7859990599637685,1.0348527634254177,0.6719108819961548,3.785999298095703,0.2641309881837526,0.0057471813982477036,0.049732651943095695
31,2,0.33571481704711914,12185,13.502438360342218,6.2613761786789555,2.1564649647338148,0.39250659942626953,6.26137638092041,0.1597092682909015,0.006431603858836507,0.045110202993979345
32,2,0.3583446741104126,8088,5.417970686227462,2.478893133282079,2.1856410885498034,0.4337131679058075,2.4788930416107178,0.403405705614681,0.006635008357724916,0.049916432720233654
33,2,0.8062962293624878,12266,3.5108486705875737,4.001062929373487,0.8774789930975788,0.6719542741775513,4.001062870025635,0.24993352580337413,0.006552115316941541,0.050490866839543645
34,2,0.1812582015991211,49650,4.564663517763414,3.3619965368290012,1.3577240392006462,0.25927335023880005,3.3619964122772217,0.2974422277507519,0.006547735497273551,0.049647888832525744
35,2,0.17449766397476196,27372,1.117113230978514,2.8058677455757084,0.39813467072337233,0.2699485719203949,2.8058676719665527,0.35639586770079607,0.006195775689786215,0.044057868322061974
36,2,1.2817763090133667,1949,6.0949521175088375,17.960086653092567,0.33936095271895594,0.88515305519104,17.960086822509766,0.05567901504059899,0.006114603456587201,0.041133244609313696
37,2,0.6056138873100281,4628,2.0425893165001447,4.734178818756795,0.4314558859515369,0.5681781768798828,4.73417854309082,0.21122984265762057,0.005786712580240007,0.03967795185495582
38,2,1.5836158990859985,1730,10.795770480997403,13.46274421926241,0.8018996948296827,0.9415974020957947,13.46274471282959,0.07427905282701955,0.0066565840949391305,0.03970680710387545
39,2,0.519029974937439,18843,7.426368654026725,2.6821595772957556,2.76880194485351,0.5153096914291382,2.682159662246704,0.3728337433606057,0.0058091253495448575,0.03071266970205778
40,2,0.40709954500198364,7896,6.542890624533713,1.932690908843596,3.3853786938156567,0.46984994411468506,1.932690978050232,0.5174130235739042,0.005308748376785674,0.03300485653816408
41,2,0.6621941924095154,15156,2.896578210403027,5.890735163786276,0.4917176090701651,0.6151233315467834,5.890735626220703,0.16975805632674604,0.005379740636900713,0.03268176165529465
42,2,0.7304984331130981,7729,1.2205047202063573,4.232613641090658,0.2883572240937091,0.6263994574546814,4.232613563537598,0.236260586686685,0.00533501330622733,0.03365174864104701
43,2,0.8865440487861633,31121,2.972384506818397,5.028581473154068,0.591098010977128,0.7115633487701416,5.028581619262695,0.19886319380919762,0.005483287924982869,0.031356142753373305
44,2,0.4891321063041687,3927,12.05963322070696,8.840497395507391,1.3641351477388728,0.5318357944488525,8.840497016906738,0.11311579936872118,0.005533897035464207,0.03391251748395711
45,2,0.8140523433685303,1663,6.2907048515497825,16.43036193234732,0.3828707412199215,0.7276854515075684,16.430360794067383,0.060862932449915766,0.0052757838763349135,0.0327384592545348
46,2,0.6356033086776733,12220,2.419048111557317,4.314987593721259,0.560615310940109,0.6177613139152527,4.3149871826171875,0.23175034500174826,0.005134679809180401,0.03293583965763842
47,2,0.6286008954048157,18899,5.39113377920609,8.76700181326619,0.6149347170257948,0.6153813004493713,8.76700210571289,0.11406406361922748,0.005300319660167876,0.03494751623143325
48,2,0.6969086527824402,13072,6.098119489632044,11.12957821300569,0.5479200894159149,0.6631144881248474,11.129578590393066,0.08985065355596983,0.00580180350272015,0.035954493485514716
49,2,0.2770801782608032,26315,4.079137449903538,2.926774819661802,1.3937312233585162,0.36858540773391724,2.9267749786376953,0.34167288760701886,0.005670915175359735,0.04427413653855777
50,2,0.32792094349861145,15031,1.4088933895763993,1.5106562423552488,0.9326366582107888,0.40007147192955017,1.5106562376022339,0.6619635315733394,0.005417928920773004,0.048507595508678884
51,2,2.7728371620178223,6452,29.8891874327636,31.521725429544055,0.9482091169015993,1.1626580953598022,31.521724700927734,0.03172415144677718,0.010149896881401627,0.04119183098311687
52,2,0.3371533155441284,10861,9.180292533253262,3.594520358564872,2.553968712787032,0.3883310556411743,3.5945205688476562,0.2782011404985346,0.00855944879595917,0.028040307655696088
53,2,0.3819006085395813,14210,5.2557280037467,5.012600063068348,1.048503359058827,0.46773985028266907,5.012600421905518,0.19949721029681522,0.007234217912623811,0.024684727841447485
54,2,0.2651851773262024,47987,6.0663864420359515,4.071568193890614,1.4899385576145012,0.35519054532051086,4.071568012237549,0.24560556311200668,0.006117833126281422,0.02640177531081835
55,2,0.19623561203479767,13517,5.069502520410677,3.776719324350118,1.3423032227266911,0.29168808460235596,3.776719570159912,0.2647799807857266,0.005333309324881134,0.030151337266351122
56,3,0.4721321761608124,8309,28.38994671899232,9.174663990015148,3.094385445601736,0.4668227732181549,9.174664497375488,0.10899579938757013,0.006452751792935951,0.041243650833970705
57,3,0.15833772718906403,6662,2.893902544322626,2.611438410608766,1.1081641950908216,0.23537388443946838,2.611438274383545,0.38293059685872244,0.006078836443342131,0.04192146619785235
58,3,1.3583755493164062,11117,11.83896284561375,12.95900161610994,0.9135705972052097,0.8968971371650696,12.959001541137695,0.07716643289678746,0.007252604430752984,0.03995878259544463
59,3,0.6333928108215332,21962,2.657589742845059,6.862507349768638,0.38726220714856785,0.5963292121887207,6.862507343292236,0.14571931281911674,0.006702503486901851,0.03717851820851148
60,3,0.35985544323921204,19433,1.7218593562092053,1.168625745102554,1.4734052911495872,0.4649084508419037,1.1686257123947144,0.8557052388019014,0.00620729071157711,0.03278438048767467
61,3,1.3798710107803345,1823,6.723354731112213,10.305922351278415,0.6523777787126012,0.9601941108703613,10.305922508239746,0.09703157598642029,0.00604023381640158,0.030481385611685376
62,3,0.5186923742294312,11193,2.152871622754588,1.5320797193843547,1.4051955622898558,0.5452852845191956,1.5320796966552734,0.6527071336275739,0.005517770766266616,0.03158810443511794
63,3,0.3935154676437378,18451,6.832966430242378,4.838618929056967,1.4121728804075693,0.4656130075454712,4.838618755340576,0.2066705074099407,0.0048699474793961256,0.03098933430926815
64,3,0.6161512732505798,13910,6.505101476137642,10.686673728268742,0.6087115262936796,0.5999901294708252,10.686673164367676,0.09357448207172596,0.005008283120735614,0.03137866610897559
65,3,0.22344233095645905,26621,1.1202852211245289,2.65133489796833,0.4225362936921173,0.32682308554649353,2.6513350009918213,0.3771683406501162,0.004666275325402319,0.031820531813177115
66,3,0.12610243260860443,29664,3.8342433070520237,3.372250211451165,1.1369984629346095,0.15702944993972778,3.3722500801086426,0.2965378248074528,0.00439319212442423,0.03416872060451019
67,3,0.44089481234550476,8544,3.3929738992685428,1.6589056073949162,2.0453085963068736,0.5297952890396118,1.6589056253433228,0.6028066828613954,0.004102698055163108,0.047229309561534635
68,3,0.2713477909564972,30846,1.7907576213944052,4.244356366587756,0.42191500117452674,0.38643020391464233,4.244356632232666,0.23560691314175813,0.003621558545982924,0.04690978949854226
69,3,0.32113513350486755,4763,3.0438027567279984,6.800744640823354,0.4475690409629971,0.44772103428840637,6.800744533538818,0.14704270216674944,0.003597331033540427,0.04647552862690819
70,3,0.5903923511505127,39898,1.603264327808656,3.6144080127849043,0.44357591122450396,0.5996956825256348,3.614407777786255,0.27667042149351956,0.0034617306330659895,0.04362686215133112
71,3,0.16621451079845428,11969,1.2104860510231659,2.359348957647605,0.513059353555555,0.2558545470237732,2.359349012374878,0.4238455484582461,0.003196268733314966,0.041543826817589447
72,3,0.4141480028629303,21881,4.4364756086819,7.604905863363615,0.5833702202750323,0.5124223232269287,7.60490608215332,0.13149404577824916,0.0034013798663709194,0.03925230561576121
73,3,2.1093335151672363,14739,12.312144317914626,21.40806171189938,0.5751171910659485,1.1085374355316162,21.408061981201172,0.04671137229361288,0.004456216404144687,0.03729764414871993
74,3,0.838013768196106,11484,3.1281083479074336,6.902324917561049,0.4531963338828599,0.693623423576355,6.902324676513672,0.1448787042029426,0.004562136121465173,0.03529125085195742
75,3,0.2725598216056824,24027,6.138454684652838,5.009069973034277,1.2254679446877845,0.387417197227478,5.009069919586182,0.19963782027718102,0.004053650281020366,0.03128567522668027
76,3,0.8578931093215942,7213,3.800295948751719,4.772229047856757,0.7963356139533293,0.7072810530662537,4.772229194641113,0.2095456336374828,0.004434372727558912,0.030241060784896186
77,3,0.16679532825946808,11617,1.836958256484148,2.531893399182392,0.7255274874829325,0.2552897334098816,2.531893491744995,0.39496116574383583,0.0039853024718330245,0.03161068078357603
78,3,0.14621855318546295,10293,3.8647464330492824,3.063687004890201,1.2614690818217342,0.24975623190402985,3.0636870861053467,0.32640398496676937,0.003874100787620498,0.033335727852775096
79,3,0.31462910771369934,9652,6.413068613049076,3.391349446016488,1.8910079055934614,0.40629512071609497,3.3913493156433105,0.2948677980529736,0.004061730442027678,0.045640708239037986
80,3,0.30471184849739075,18616,1.426255573125311,2.0667624594755947,0.6900916777279323,0.4040656089782715,2.0667624473571777,0.4838483094321825,0.0038936436865260092,0.04038818071602775
81,3,0.5763012766838074,6802,13.937963093134446,5.189823245060536,2.685633485956839,0.5472157001495361,5.189823150634766,0.19268475597148899,0.0039017769617147643,0.03289447615976555
82,3,0.1066443920135498,12798,5.1619257351235985,1.4529895932418484,3.552624023688275,0.2160092145204544,1.4529895782470703,0.6882357084561614,0.0035780831842579176,0.053047675646880614
83,3,0.2707669138908386,12151,2.965409979953517,4.495296613554288,0.659669480098712,0.37498876452445984,4.495296478271484,0.22245468844578364,0.0034379882692033596,0.04600268498843355
84,4,0.23385797441005707,11697,3.8550310282570286,3.61657890877088,1.0659330614650193,0.3305281102657318,3.6165785789489746,0.2765043539538574,0.003511895589220477,0.04174337018917532
85,4,0.17208650708198547,49505,1.7714466229742112,1.6127098646762013,1.0984285901474178,0.27839839458465576,1.612709879875183,0.6200739465944421,0.0032709450675351406,0.03698149009284289
86,4,0.23025169968605042,16646,2.5775893146127324,2.200011450476008,1.1716254086104223,0.3748299479484558,2.2000114917755127,0.45454287361475537,0.0028795126108324422,0.037505581968770955
87,4,1.117830514907837,10189,4.9729715323764365,7.1317995785205675,0.6972954690641125,0.8049541711807251,7.131799697875977,0.1402170422818776,0.0032819378517638413,0.03586757228300758
88,4,0.16785003244876862,13237,9.072193933049173,1.8906585208570448,4.798430722927112,0.2889348268508911,1.8906584978103638,0.5289159688236479,0.0031451330535928984,0.054297634049862153
89,4,0.5614839792251587,6169,2.986490668095769,7.653709715243883,0.39020171644963086,0.619861364364624,7.653709411621094,0.13065558353000123,0.003173984410205594,0.04916453303896403
90,4,0.41165801882743835,8514,2.831565492412621,12.025428768754058,0.23546482598356125,0.5568113327026367,12.025428771972656,0.0831571111354933,0.003641800802263031,0.04418631929496618
91,4,0.622006893157959,19088,5.306243443569999,5.765764688219865,0.9203017692363266,0.6195228099822998,5.7657647132873535,0.17343750157858037,0.004117522901011072,0.043401548631939006
92,4,0.2847740650177002,20069,14.26955851780253,5.66123076929271,2.5205753129160615,0.368036687374115,5.661230564117432,0.17664000998268595,0.0035364691557020628,0.035090732058081275
93,4,0.33457061648368835,40480,17.900000102294804,6.026464878802132,2.970232211134993,0.39375847578048706,6.026464939117432,0.16593473025526612,0.004925141864733998,0.04202749217012535
94,4,0.08745212107896805,9620,3.4324789657013124,1.382670908662319,2.4824988680926405,0.18310022354125977,1.3826709985733032,0.7232373267353649,0.004812429775657442,0.050346048059935616
95,4,0.7223476767539978,35880,9.903955428510677,3.3309938293078063,2.9732734240957104,0.6360527276992798,3.330993890762329,0.3002106075795093,0.005419761025246145,0.059952982984078015
96,4,1.044429898262024,21717,3.6928922376952116,6.885562524241157,0.5363239713085984,0.7560786008834839,6.885561943054199,0.14523140784135136,0.005091602867150373,0.056030676846664476
97,4,1.7434790134429932,5848,13.01151528567357,16.31949165879948,0.7972990554921456,1.031213641166687,16.31949234008789,0.06127641215083301,0.005603929756087343,0.04747584314536928
98,4,0.4951373040676117,20689,2.9495120275341233,2.9372161652953577,1.0041862299353528,0.5338225364685059,2.937216281890869,0.3404582991409603,0.005126514744047703,0.03811849872623216
99,4,0.11966031789779663,4687,3.4041451766709723,1.7703353279185636,1.922881571070157,0.2336065024137497,1.7703355550765991,0.5648643457835236,0.0044802562132345595,0.0323710765562778
100,4,0.061970073729753494,11297,0.8788017719479828,1.2322565596435266,0.7131646125718282,0.16610191762447357,1.232256531715393,0.8115186754897952,0.003966149648463661,0.031011375870830377
101,4,0.32539767026901245,13076,1.5623646486788931,1.020793550553177,1.5305393023209277,0.44817158579826355,1.0207935571670532,0.9796290477637705,0.003703595351445636,0.03428921681382526
102,4,0.4092664420604706,6594,23.905126607592557,5.610032591677777,4.261138632786277,0.47059932351112366,5.610032558441162,0.1782520531442001,0.005225404387210807,0.04476674718298394
103,4,0.35911130905151367,24992,1.7672878300986792,5.884712519327349,0.300318464885756,0.4918327033519745,5.8847126960754395,0.16993180155338866,0.004998232828033252,0.04130172983354187
104,4,0.17623665928840637,27630,3.739343888773457,3.0603699048191872,1.2218601035397265,0.26503217220306396,3.0603699684143066,0.3267577722834489,0.004170086140267036,0.03438506064125084
105,4,1.5869064331054688,1969,8.677174971074383,11.194770953029929,0.7751096478418864,0.97641921043396,11.194770812988281,0.08932741253732304,0.005140689521410658,0.0350003737970259
106,4,0.3104240894317627,11147,0.6497702632751787,2.068150600888471,0.31417937503957655,0.45450127124786377,2.068150758743286,0.4835235111603467,0.004698507379068742,0.03289282991645583
107,4,0.13102874159812927,8062,1.5325346248634029,1.567802750058806,0.9775047433772788,0.2450588494539261,1.5678027868270874,0.637834918120586,0.004317341742495071,0.03640917835290568
108,4,1.2826482057571411,10999,9.79487961886664,13.470374444184662,0.7271423418444386,0.9097138047218323,13.470375061035156,0.07423697716150868,0.005645523387825515,0.037307251643523436
109,4,2.276303768157959,13663,31.710027087207266,22.839708615500893,1.3883726636374365,1.1180001497268677,22.83970832824707,0.043783394334324884,0.0099933843949264,0.03336166766200879
110,4,0.1990906149148941,7444,2.634928682003297,2.501630883783488,1.0532843590486678,0.3080506920814514,2.501631021499634,0.39973904691247825,0.008746621018578548,0.03301420701583142
111,4,0.34804633259773254,7732,28.955694620861856,6.984897724203488,4.145471525019305,0.39044272899627686,6.984897613525391,0.14316600072957736,0.005829254970477375,0.03480751176003754
112,5,0.9097297191619873,24466,48.46741012010295,12.184494835276347,3.977793973023562,0.6826291084289551,12.184494018554688,0.08207151781646993,0.007868428328706229,0.03979162336584881
113,5,0.14790043234825134,2329,14.387381089663105,4.2760647542928805,3.3646312477414613,0.2273881733417511,4.276064872741699,0.2338598210973833,0.008285417414430984,0.0476035180617144
114,5,0.42111730575561523,4097,3.70148827803266,10.201286152437454,0.36284525526694283,0.5063225626945496,10.201286315917969,0.0980268439689579,0.007761135711473968,0.04327603918757237
115,5,0.10824152082204819,11055,3.457645271212595,2.0823099724976246,1.6604853825214434,0.19065052270889282,2.0823099613189697,0.48023567016454816,0.007365061009637145,0.04563403859323853
116,5,2.6203742027282715,8892,23.94455545296067,21.98082025233433,1.0893385769085078,1.1658496856689453,21.980819702148438,0.04549420667910996,0.007986159085432095,0.03743719022057607
117,5,1.9406737089157104,4330,9.868251764287546,18.105044073093453,0.545055384811383,1.0554299354553223,18.105045318603516,0.055233219645092424,0.008199343678198932,0.03293052387400517
118,5,1.9022568464279175,3755,8.849195333862356,20.253442541461222,0.4369230226291929,1.079019546508789,20.253442764282227,0.049374319332475235,0.0088083841382507,0.02932616705790437
119,5,0.18042461574077606,10415,1.1240549356544012,2.67499002056398,0.4202090202254255,0.30392852425575256,2.674990177154541,0.3738330086993881,0.007910339409970409,0.02491078509413461
120,5,0.18632298707962036,19126,1.8164450364440707,3.190063758484942,0.5694071259899163,0.28046414256095886,3.190063714981079,0.31347326444627666,0.007053632211038233,0.024228528891835306
121,5,0.26006242632865906,23119,6.419777483545477,2.5295385916928916,2.5379243094474826,0.34856683015823364,2.529538631439209,0.39532885255924577,0.006258277105103391,0.022276943841940688
122,5,0.19648274779319763,19426,1.0322325678339288,1.1541733704506203,0.8943479326940484,0.32526689767837524,1.1541733741760254,0.866420206837384,0.005739211530351503,0.03067355762890837
123,5,0.14288891851902008,33830,2.497057709198029,2.9600114598445333,0.8435973113861988,0.22088636457920074,2.9600114822387695,0.33783641319095453,0.005224890608292695,0.028757257478988007
124,5,0.04387345165014267,4989,0.9496898345576009,1.4836127933885954,0.6401197393208331,0.05858958512544632,1.4836127758026123,0.6740298697071718,0.004644825783593481,0.031144142361990722
125,5,0.22296753525733948,24574,2.0656060614707106,1.7709686085123426,1.1663707936668082,0.3531453013420105,1.7709686756134033,0.5646624071378491,0.0041206077463458385,0.03300833696385625
126,5,0.3469086289405823,22505,4.466448851631589,3.8839318711096347,1.14998125607038,0.4751907289028168,3.883931875228882,0.2574709790629606,0.003889025889232855,0.03483665477415924
127,5,2.0459351539611816,21490,12.85306198509134,19.75202480428698,0.6507212355414348,1.1665796041488647,19.752025604248047,0.050627716336962156,0.00522018289896618,0.032861862313703714
128,5,2.1912076473236084,5629,20.076799567148722,20.014236562688332,1.003125925101536,1.1016428470611572,20.014236450195312,0.04996443169461054,0.008001743300103102,0.031516562547831424
129,5,0.34684598445892334,10901,2.8374133932884553,5.614602241023304,0.5053632067746993,0.4720333218574524,5.614602088928223,0.17810697998794622,0.007769112416040743,0.03125329778990483
130,5,0.2691299319267273,2667,7.597408214139492,4.405363269621237,1.7245815496144032,0.34167709946632385,4.405363082885742,0.22699599424366942,0.006043545892471645,0.03194684932926832
131,5,0.08920244127511978,17573,2.479344102510468,1.795706377206237,1.3807068538490435,0.14987395703792572,1.7957062721252441,0.5568836388441455,0.005285462290375532,0.02724564228204242
132,5,0.20420454442501068,7039,1.0003775837455182,1.8716759517958357,0.534482255213645,0.33739858865737915,1.8716758489608765,0.534280263473464,0.0045641496008469494,0.026839346569255774
133,5,0.4953436553478241,22832,6.073997684884407,7.907737754261023,0.7681081332787891,0.5971224904060364,7.907737731933594,0.12645840156070517,0.005441494971524746,0.024853145291060662
134,5,0.5282166004180908,5599,3.1514765836008993,8.230620363376373,0.3828966037145364,0.6200026273727417,8.230620384216309,0.12149750952190308,0.005996950912486966,0.0239150260329892
135,5,0.7306805849075317,19851,8.529841380103985,12.539830826535235,0.6802198130180124,0.7288928627967834,12.539831161499023,0.0797458839258068,0.0077019492225190184,0.025028745105615306
136,5,1.4538415670394897,6959,9.483784539387091,12.467354887055139,0.7606893864257726,0.9245208501815796,12.467353820800781,0.0802094762179689,0.009410722073726022,0.026967188228451337
137,5,0.3450949788093567,8477,1.6730778012848129,6.3220381131351715,0.2646421567450579,0.48039036989212036,6.322038173675537,0.15817681171036074,0.009022457056586742,0.02701662418331156
138,5,0.17127585411071777,10729,3.4347001203880585,2.415557498846675,1.4219078295700096,0.2946415841579437,2.415557384490967,0.4139829558335147,0.0075763645593994,0.025947323451442385
139,5,0.5643960237503052,15904,6.96829208443349,1.7435945658023508,3.996509407118329,0.5628848671913147,1.7435945272445679,0.5735275093188132,0.006596814623979368,0.04760137222643833
140,6,0.9613701701164246,21749,17.069530338205254,8.475544441692618,2.013974495164626,0.7633888721466064,8.475544929504395,0.11798650002224398,0.008054139016009418,0.03776579073325974
141,6,0.29934558272361755,8706,6.805208836588155,4.135270880620045,1.6456500754229024,0.42093712091445923,4.135271072387695,0.24182205729032058,0.006977295796595827,0.041267118044478086
142,6,0.501153826713562,17068,2.597250908224747,7.164915664795799,0.36249567053325615,0.5706174373626709,7.164916038513184,0.13956895727120847,0.00669765171422556,0.03906064170615755
143,6,0.27908942103385925,10598,8.64519226884169,3.065212500593973,2.820421836059854,0.391394704580307,3.0652124881744385,0.3262415501752127,0.005615604041117872,0.04598380844288587
144,6,0.4021395444869995,21764,2.3598701008119116,3.2376381800646965,0.7288862959863002,0.497620552778244,3.237638235092163,0.308867025442856,0.005480536035958377,0.03976847711845429
145,6,0.31514111161231995,12820,5.860918091081877,3.698062795801473,1.584861700492046,0.43376269936561584,3.6980631351470947,0.27041175151501906,0.0047808536261297096,0.03145189528817558
146,6,0.3143766224384308,11065,8.774385314453841,6.3366269964883735,1.3847091393126087,0.44173890352249146,6.336627006530762,0.15781264088240043,0.004005198448334469,0.031980089823370805
147,6,0.4984947741031647,7368,2.184454623677726,2.7307055501935555,0.799959784577319,0.5432960987091064,2.730705738067627,0.3662055635852152,0.004039974552334066,0.03878063604686117
148,6,1.2009896039962769,14491,15.794614545244333,11.484827583434681,1.375259178294027,0.8505297899246216,11.484827041625977,0.08707139509408136,0.006245995081746384,0.036788474694002773
149,6,0.18921557068824768,22332,7.069745423564375,2.437611086362551,2.900276202021661,0.31178462505340576,2.4376111030578613,0.41023754302234977,0.005031892950980191,0.03942048295425827
150,6,0.4649791121482849,29084,3.978068068607539,1.936987585022686,2.05373957962611,0.5148965716362,1.9369875192642212,0.5162653211697182,0.004652026723189068,0.04860265377317497
151,6,0.5534046292304993,9729,3.0390981167109548,5.773853294331731,0.5263552712179146,0.5731161832809448,5.773853302001953,0.17319453309607633,0.005023719484516247,0.04779615104218465
152,6,0.28579187393188477,17834,4.815236292158259,2.7901709753099175,1.7257853854714698,0.41300463676452637,2.790170907974243,0.3584008559264841,0.005275152980546987,0.03902269124059627
153,6,0.2657720446586609,6915,6.758851358468586,2.5682139471014223,2.63173220677126,0.36005765199661255,2.568213939666748,0.38937550925148035,0.004649654122986005,0.04395393726410874
154,6,0.4349668025970459,25027,19.182839290423566,6.508253837613126,2.9474632933886675,0.4977593719959259,6.508254051208496,0.15365101584553195,0.0037420756569202657,0.03463806763704435
155,6,0.2919653058052063,34239,2.765934641255771,2.061084989968935,1.3419799060766133,0.4147970974445343,2.0610849857330322,0.4851811166162224,0.0036935081113943554,0.037640948511187315
156,6,0.5972385406494141,7950,7.88068463251231,4.606032016943103,1.71094873060409,0.6004180908203125,4.606032371520996,0.21710654685721084,0.004213332770418578,0.04406200005594183
157,6,0.3393237292766571,14097,3.6476016016218105,8.116571029111238,0.4494017964653692,0.444864958524704,8.116571426391602,0.12320471591535737,0.003604627796444347,0.0389921039963896
158,6,0.36858195066452026,22609,3.6844388249303437,1.6669022801754807,2.2103508218491723,0.45680904388427734,1.6669023036956787,0.5999148227632086,0.0030556684479936705,0.032322033664521944
159,6,1.5959068536758423,4704,11.897848213624393,15.33784289705714,0.7757184822845231,0.9142649173736572,15.337841987609863,0.06519821599476633,0.005569646466587945,0.027844392402347866
160,6,0.10136795789003372,32200,1.135831348858802,2.031093921584772,0.5592214800052202,0.21671846508979797,2.0310938358306885,0.4923453018337346,0.0049922868342121875,0.02654213139103915
161,6,0.34381166100502014,22176,14.195093752614477,6.364011503012554,2.230526099126733,0.42918479442596436,6.364011764526367,0.15713356289511207,0.00502869564565926,0.030533782769618545
162,6,0.4136320650577545,10802,10.684718790741655,2.429798363122744,4.397368503041298,0.49982815980911255,2.4297983646392822,0.41155661432500856,0.00444915444646324,0.034661589039927394
163,6,1.1531037092208862,11207,11.910379809935655,13.53249803858715,0.8801316487150416,0.8193798661231995,13.53249740600586,0.07389618457713544,0.008254319463882907,0.032583555840038955
164,6,0.17944791913032532,12109,7.009091876056719,2.3812978618424654,2.943391496026742,0.2922448217868805,2.381298065185547,0.4199388538046067,0.006956592971555122,0.0388055579702953
165,6,0.45710939168930054,6614,14.172818691879536,10.304986581692766,1.3753359676427679,0.5269050598144531,10.304986953735352,0.09704038515033102,0.006107551273716422,0.033709501197809105
166,6,0.10202589631080627,13598,3.0856465262843455,2.354033561694315,1.310791220861839,0.1755620688199997,2.3540337085723877,0.4248025725187601,0.005554105949843234,0.032285433298713355
167,6,0.5069786906242371,5684,9.582862466495706,14.610910881834945,0.655870297478097,0.5744922757148743,14.610910415649414,0.06844200006092178,0.004781262225687904,0.028547480182701285
168,7,0.5300756096839905,5888,12.027409086580322,6.3160114305584685,1.9042728498537471,0.5879589319229126,6.316011428833008,0.15832774416892134,0.005566263735068177,0.03167899637305836
169,7,0.2619127035140991,6544,3.7357195743979412,2.1522004741993235,1.7357674710976883,0.397556871175766,2.15220046043396,0.464640517341887,0.005457632356271994,0.04143812369350317
170,7,0.6442654728889465,5257,10.485671302944235,4.82264488735167,2.174257393581432,0.6054560542106628,4.8226447105407715,0.20735506193505313,0.006373189926181074,0.044580607939463425
171,7,0.27839386463165283,19393,16.515032769360563,6.005081102221879,2.7501764735945455,0.3692389726638794,6.005081653594971,0.1665256013422805,0.004247400674442657,0.03396579986822343
172,7,0.29050910472869873,9926,4.885496918345989,5.292227965047892,0.9231455921042991,0.4053586423397064,5.292227745056152,0.18895630710108122,0.0038142161761549626,0.030429803850300988
173,7,0.13961230218410492,16796,3.711812191322898,2.4934801150533423,1.488607095325484,0.2505817115306854,2.4934802055358887,0.40104573388395925,0.0039628175337068205,0.03090556025216194
174,7,0.28870928287506104,37486,11.354581175538868,5.856826147643225,1.9386918596014653,0.3954411447048187,5.856825828552246,0.17074091983136042,0.004515495000169135,0.031624716080546365
175,7,0.4743923544883728,15654,3.6210125005642824,1.7279032057205939,2.095610731303726,0.5245026350021362,1.7279032468795776,0.5787357730070403,0.004116481851922909,0.04726212133181243
176,7,0.2576558291912079,21981,3.4495398781272533,6.197379825097911,0.5566126291238247,0.41146206855773926,6.197380065917969,0.1613584818108773,0.0033068308603782983,0.04243802663041052
177,7,1.9952152967453003,14963,28.315811064669607,20.385885858620934,1.3889909548715451,1.1089938879013062,20.38588523864746,0.0490535455899977,0.00481209149389072,0.03508460123736825
178,7,0.29851022362709045,5765,8.334500447242265,7.264423533820039,1.147303761742313,0.4213961064815521,7.264423847198486,0.13765714712922503,0.003797498018740646,0.032462806912492266
179,7,0.7541574835777283,2268,10.091486721396015,18.87572559867215,0.5346277507925515,0.7354639768600464,18.87572479248047,0.05297809530579059,0.00682733440688891,0.030183389351724273
180,7,0.3412696421146393,14621,3.6597059821764693,2.8212557454143576,1.2971904401519159,0.425018846988678,2.821255683898926,0.354451973727544,0.005907432511435667,0.0331816706967332
181,7,0.26490354537963867,17566,4.546103920068169,1.1239132009840629,4.04488880109576,0.391631543636322,1.123913288116455,0.8897475640031942,0.005613499259204153,0.03776924779793211
182,7,0.09550641477108002,14820,2.538453108213232,2.2656969576670183,1.120385098113893,0.14751936495304108,2.2656970024108887,0.44136508878761327,0.00520312512560216,0.044629950647994715
183,7,0.1429637223482132,7347,3.737402546610904,2.974184099371548,1.2566143929689386,0.28349533677101135,2.974184274673462,0.33622653185578383,0.00407305014959465,0.04203329472924678
184,7,0.26689401268959045,15332,2.1699632972050362,1.43128815440089,1.516091145260561,0.395637571811676,1.431288242340088,0.6986708000159695,0.003998115639202771,0.055928753352515556
185,7,0.2971360385417938,27453,1.6932504656328808,1.6785889226677615,1.0087344452034206,0.41238656640052795,1.6785889863967896,0.5957380945340737,0.0034471334580223386,0.059951165914136885
186,7,0.24892450869083405,8336,16.797985973434034,4.2393012630779845,3.9624421410507957,0.35698503255844116,4.2393012046813965,0.23588787770206976,0.003805840088104431,0.055448268441491304
187,7,0.4659850597381592,25732,4.799932940333068,2.220360388500367,2.161781017708024,0.5383906364440918,2.220360279083252,0.4503771568259749,0.004059711032197217,0.05758888792115566
188,7,0.10064009577035904,38440,5.966324717918933,1.764914424968766,3.3805178503321143,0.19980423152446747,1.7649145126342773,0.5665993600494905,0.004116779629194056,0.05366350148496682
189,7,0.19336169958114624,16873,7.128702372941346,3.7265329644447722,1.9129583559182497,0.30976709723472595,3.7265329360961914,0.2683458723704985,0.0046331120029087045,0.055208957366938975
190,7,3.2480108737945557,7140,31.871874846812315,33.93145217516203,0.9393018218696141,1.187240481376648,33.931453704833984,0.029471179726860836,0.012330184929703671,0.050304378787657825
191,7,0.507453441619873,9524,10.870366655078692,4.415011430986747,2.4621378279527404,0.549659013748169,4.415011405944824,0.2264999297971389,0.011573814282715348,0.044553148450843495
192,7,1.4223461151123047,3997,24.49134891905987,24.028227983694894,1.0192740361743788,0.9561770558357239,24.028226852416992,0.041617717550460565,0.013592414985907186,0.040307502572007645
193,7,0.886690616607666,30502,17.198389661058858,7.889230894850638,2.1799830541507155,0.7134829759597778,7.889230728149414,0.12675505479601004,0.012849041777768418,0.03607950774598767
194,7,1.2518943548202515,10987,32.33460959311546,18.70480831265899,1.7286790141137347,0.928347110748291,18.70480728149414,0.05346218923769262,0.01512099109517103,0.03519945738545299
195,7,0.9172711968421936,7339,16.34556111499639,15.78124980079845,1.0357583411529518,0.7749763131141663,15.78125,0.063366332618371,0.016346931622649566,0.03698383321496017
196,8,0.37773454189300537,15090,0.874379687457982,1.657186451151753,0.5276290346507214,0.46017155051231384,1.657186508178711,0.603432016633425,0.014952937765140612,0.04238264022626917
197,8,0.5013217329978943,10045,9.014763485162685,13.555320912302571,0.6650350473798359,0.5363353490829468,13.555320739746094,0.07377176427084431,0.015304196144519085,0.040886411406929626
198,8,0.4398699402809143,21806,7.4414887831726295,10.127666689685663,0.734768334225547,0.5425004363059998,10.127666473388672,0.09873941878794769,0.012620772359949451,0.034276337578723386
199,8,0.2701483964920044,19805,6.6941153347379,4.003959032871784,1.671874082571461,0.37908175587654114,4.003958702087402,0.24975276336539187,0.01096984040857299,0.03491185630139278
200,8,0.301013320684433,20667,6.17725518316293,5.327941400554722,1.1594074932052785,0.40644770860671997,5.327940940856934,0.1876897329401383,0.009477970858088861,0.03465123897623351
201,8,0.24154341220855713,4123,6.361347314409573,4.170309866804955,1.5253896035504277,0.3717416524887085,4.170309543609619,0.23979029608055238,0.008475263089334453,0.03398509755739817
202,8,0.3555648922920227,38214,10.443419097279211,4.385489994384517,2.3813574106084614,0.4309539794921875,4.3854899406433105,0.22802464160450628,0.007734516506589894,0.04146729490705305
203,8,0.636756420135498,10185,5.090414815912148,5.6370300665263375,0.9030313402333989,0.6403677463531494,5.637030124664307,0.17739834637857377,0.007556893570203944,0.04366891563638214
204,8,0.7206751108169556,26558,11.411102349728464,4.383456580803617,2.6032201162202155,0.6721550822257996,4.383456707000732,0.22813040910670132,0.006957722315186713,0.04237644458583136
205,8,0.6800522804260254,7494,12.748925855680882,5.156974681823501,2.4721715040823904,0.6474143266677856,5.1569743156433105,0.19391211685007925,0.0066822414528936,0.05419644146187223
206,8,0.20445972681045532,45013,7.217384638616085,3.387114390450854,2.130835810848791,0.3034026622772217,3.3871145248413086,0.2952364608369393,0.005921422578627203,0.046240195576213054
207,8,0.36890533566474915,24518,2.6016147367723894,6.385726189848285,0.40741094425688057,0.4962693750858307,6.385725975036621,0.15659924138774586,0.005179008391795623,0.04013691477702082
208,8,0.37342211604118347,11480,10.807815860155458,3.789866823980799,2.8517666614998083,0.46107763051986694,3.7898671627044678,0.2638614213129766,0.004877225947747379,0.03676403947519651
209,8,0.8492652177810669,2048,12.851500759732696,22.707123054691266,0.5659678123370643,0.7724627256393433,22.707120895385742,0.04403904663070521,0.005279631819629789,0.03203186139936096
210,8,0.11341454833745956,17411,4.740933650008699,2.51017551254529,1.8886861202783214,0.16909824311733246,2.5101757049560547,0.39837832851592286,0.004771157078198777,0.033064488321900364
211,8,0.3125934600830078,16076,14.796718769800066,5.679168906343067,2.6054373472271615,0.3733592629432678,5.679169178009033,0.17608206281125627,0.004863654090661012,0.043095403804856956
212,8,0.11166466772556305,10624,1.2175211457723578,1.6808639896592772,0.724342453203744,0.21793563663959503,1.6808639764785767,0.594931784523827,0.004438622756615369,0.042066698929715526
213,8,0.8932264447212219,8085,4.994631746482119,4.666609029040892,1.070291450472673,0.762546956539154,4.666609287261963,0.21428830316720732,0.004584594888500214,0.040510916336712735
214,8,0.2254469394683838,12615,1.4008834163350685,3.835336246585365,0.3652570012816797,0.37825554609298706,3.835336208343506,0.2607332669014267,0.004431267255305241,0.039749828302112294
215,8,0.5063791871070862,7256,6.598242219299739,18.13277931786282,0.36388476932487496,0.5924232602119446,18.13277816772461,0.05514874420243022,0.0059643644748129535,0.03919239130128492
216,8,0.39655447006225586,20262,4.59539848384739,4.038684754960229,1.1378453042670087,0.49810758233070374,4.038684844970703,0.247605294986061,0.00578202713095182,0.03521779046829172
217,8,0.5069577693939209,22408,3.9822286172661325,2.005594175831331,1.9855605212921446,0.5556743144989014,2.00559401512146,0.4986051483277342,0.005549342255917521,0.04995548067531813
218,8,0.6348410844802856,21011,5.5123243100647175,5.947581474255552,0.9268177886968347,0.6191180348396301,5.9475812911987305,0.16813554668756853,0.00608603648523318,0.04336704957988918
219,8,0.13954822719097137,9369,2.1674888835832027,2.841182797693877,0.7628825872596937,0.2815859317779541,2.8411829471588135,0.35196594750579274,0.005322324501352557,0.04033191794310337
220,8,0.5141816735267639,9316,2.370211140045197,2.3896483289167163,0.9918660881447261,0.5389688014984131,2.3896484375,0.4184714227565439,0.004980238769927833,0.05122767908089892
221,8,0.30062755942344666,9700,5.8308910525184166,2.9751752537498244,1.9598479266615878,0.42683789134025574,2.975175142288208,0.33611455328184364,0.005195334672389313,0.06369687031436785
222,8,0.2834456264972687,8302,2.2311251821805755,5.530364485866563,0.4034318511703977,0.3995526134967804,5.530364513397217,0.18081987484869072,0.005400968136403206,0.06154923805901602
223,8,2.3473777770996094,10192,30.782925477884802,21.519296767098858,1.4304800854341952,1.1143567562103271,21.519298553466797,0.046469914019060074,0.01034006374124094,0.05728807520738082
224,9,1.4982342720031738,10216,51.3681422202227,19.235631421155293,2.6704682105587394,0.8989133834838867,19.235631942749023,0.05198685184814547,0.018045739858583605,0.06543193743134827
225,9,0.4072321653366089,6770,46.0129508985346,12.991675249743707,3.541725760073842,0.43824613094329834,12.991676330566406,0.07697235503588376,0.014295491458341978,0.05933079182112121
226,9,0.42415720224380493,13039,4.993547663212563,7.585436159931681,0.6583072558950755,0.5093601942062378,7.585435390472412,0.1318315715172349,0.012926729240753514,0.05304325879422272
227,9,0.1613730788230896,14941,10.440618174876771,3.7828939525515404,2.7599552897410393,0.2549610137939453,3.7828941345214844,0.2643477982972146,0.011349709137634082,0.06089692380562367
228,9,0.5108184218406677,8267,4.050580658909117,4.884659061824155,0.8292453183816714,0.5745086073875427,4.8846588134765625,0.20472254735960194,0.010674118569633377,0.05269296446933173
229,9,0.6830725073814392,8686,7.558108228917407,6.206314592729019,1.2178093965412031,0.6495528221130371,6.206314563751221,0.16112619310571763,0.010189143255525812,0.05072684059081275
230,9,0.2744750380516052,36479,6.742023700302664,2.7962056722632056,2.411132974651097,0.38943299651145935,2.796205759048462,0.3576273452469216,0.008531078697561785,0.06260190747314545
231,9,0.4028368592262268,14368,11.329892103553846,6.176180529001346,1.8344496328030733,0.48914453387260437,6.176180839538574,0.16191233127208418,0.007970525351401815,0.06377224555518539
232,9,0.22611463069915771,6099,11.671217403246565,5.040987374791685,2.315264160669824,0.2881663143634796,5.040987491607666,0.1983737915023649,0.0072260139429191055,0.07003839025586338
233,9,0.29803231358528137,28511,3.953982776565554,5.8607102664911475,0.674659315471017,0.4257575273513794,5.860710144042969,0.1706277575233229,0.006935863249867574,0.06702832959730674
234,9,0.2484225332736969,63477,6.578419585893147,4.4575828615284845,1.47578178359111,0.3417206108570099,4.457582950592041,0.22433677325744664,0.006756378428303911,0.06632465684420653
235,9,0.8135566115379333,11380,7.702828360954208,5.851715771913809,1.3163367226282208,0.6954177021980286,5.851715564727783,0.1708900267021937,0.005980601673855526,0.052227756793114
236,9,0.17638985812664032,18456,1.298972169168429,2.7699130265661833,0.4689577458604449,0.27756866812705994,2.7699129581451416,0.3610220444066229,0.005578591041317311,0.051875135172549575
237,9,0.16493761539459229,12356,5.106087936762226,2.6659475600224414,1.915299465499362,0.2695682644844055,2.665947675704956,0.3751009946714635,0.0050173948605577385,0.04878831456552332
238,9,0.39151355624198914,19240,8.1406868549741,7.896433537637084,1.0309321057629106,0.48723405599594116,7.8964338302612305,0.12663942924821403,0.00470489663259677,0.04268107491086994
239,9,0.2426091730594635,28583,6.145957126557186,4.584170963515602,1.3406910814343864,0.3517305850982666,4.584170818328857,0.2181419108249189,0.004132387955548926,0.040781541070442774
240,9,2.295983076095581,15675,12.818330061727188,21.080556787776032,0.6080641128587048,1.1823344230651855,21.08055877685547,0.0474370704850973,0.004760944043206494,0.03593769453640276
241,9,0.11148452013731003,14457,2.0089213949420044,2.5420277147522357,0.7902830418735297,0.1848180741071701,2.542027711868286,0.3933865873863562,0.004147335784394351,0.03445850379929402
242,9,1.1743820905685425,14879,8.523276826662586,10.474836489907483,0.8136906800286534,0.8695323467254639,10.474837303161621,0.09546686746450014,0.005248593402989517,0.030096644628812074
243,9,0.3902350068092346,5574,7.628376197667091,8.7853810590938,0.8683033947366513,0.4718068242073059,8.785380363464355,0.11382545146630588,0.0062323957947412936,0.030590849837516764
244,9,1.4003798961639404,4385,14.383061810378472,17.078717893169603,0.8421628543984521,0.9708992838859558,17.078718185424805,0.05855240016203397,0.009146195320342488,0.03549756337268252
245,9,0.29520365595817566,6092,4.359578883284252,3.0511183984823216,1.4288461848780931,0.4379569888114929,3.0511186122894287,0.32774854055939256,0.008867243727592733,0.05028843386879245
246,9,2.25679874420166,1330,11.509125778984666,21.015997559890273,0.5476364253557807,1.133590817451477,21.01599884033203,0.04758279442317511,0.012071634173968412,0.04743920754702224
247,9,0.331413596868515,18621,11.103428876367479,5.8979746754867755,1.8825833421282367,0.42926767468452454,5.897974491119385,0.1695497042172701,0.009762709044925235,0.0352980481555332
248,9,0.6591787934303284,20224,9.738952638060455,8.021033724645376,1.2141767473356206,0.6475645303726196,8.021034240722656,0.12467218631867087,0.010547426991821873,0.04305478361782951
249,9,0.521879255771637,2832,5.825104531591641,3.9813292517964567,1.4631054512665016,0.5764120221138,3.9813292026519775,0.25117233414447676,0.009671867966009875,0.05324285294332263
250,9,0.23099783062934875,22832,9.36497999687346,3.5964680511321467,2.603938048030989,0.3325745463371277,3.596467971801758,0.2780505011555877,0.00838436618102026,0.04117040546254125
251,10,0.815102219581604,6518,13.774637240365237,10.531965986298385,1.3078885042245783,0.7060846090316772,10.531966209411621,0.09494902330367833,0.009040159629827972,0.04487897619878999
252,10,0.25905847549438477,16088,0.8456682369803444,1.6581400687794745,0.5100101329812956,0.3703775107860565,1.6581400632858276,0.6030849980992369,0.008239150271399372,0.04645174941879753
253,10,0.7134794592857361,15287,4.163292904974566,4.348550112223089,0.957397936675778,0.6507304310798645,4.348550319671631,0.2299616415876891,0.007181414636744344,0.04196804666627755
254,10,0.4052158296108246,4710,2.409297450064602,6.85958642671237,0.35123071570059183,0.45992210507392883,6.859586238861084,0.1457813663094447,0.007171932265652217,0.04350979265183113
255,10,0.41795071959495544,16825,1.3180744230573636,1.731944000142953,0.7610375525697193,0.4904801845550537,1.731943964958191,0.5773855522159389,0.00665095115926727,0.04552287444556317
256,10,0.3353681266307831,19692,9.506510862525923,3.5146081322173046,2.7048565600756542,0.41828760504722595,3.514608144760132,0.2845266596687948,0.0056343657194249325,0.042904157244427
257,10,0.6098450422286987,25766,15.228141753659775,7.352328820712752,2.0711997688076,0.6095462441444397,7.352328300476074,0.1360113182002401,0.005345178182862322,0.045010705220537385
258,10,0.33169177174568176,44071,26.846612460159687,8.772642463416096,3.060265201974556,0.3760080635547638,8.772642135620117,0.11399073056324803,0.006502549781055598,0.05854716184437765
259,10,0.46507570147514343,17890,4.301124053240876,4.249993344917834,1.01203077373831,0.5421832799911499,4.249993324279785,0.23529443187420315,0.0062489710424442945,0.07500988617624936
260,10,0.22792093455791473,24415,3.995385249807095,3.5089238541093617,1.138635495075475,0.35958653688430786,3.5089237689971924,0.2849875861789387,0.0060225996794544875,0.08178163818344761
261,10,0.5175214409828186,8679,4.586322826727171,7.716236200330594,0.594373047643368,0.573878288269043,7.716236591339111,0.12959683889495882,0.006231638941016022,0.08329152264001807
262,10,1.0523452758789062,15218,7.882905897152424,8.338451867312354,0.9453680398460216,0.8537131547927856,8.338451385498047,0.11992633090274235,0.0066359470754751345,0.07739878960390419
263,10,0.3999517858028412,4299,15.180981654022437,6.06729502786515,2.5021004556888253,0.44720110297203064,6.067294597625732,0.16481807815517052,0.006185911468092052,0.06882001413903675
264,10,1.622535228729248,15815,9.244860071637959,17.25014040360566,0.5359295550837977,1.0588574409484863,17.250139236450195,0.057970543212568344,0.005832821726482377,0.060515317143232494
265,10,0.23710356652736664,44817,1.1271335186370608,3.761574333164844,0.29964409016169413,0.34320148825645447,3.7615742683410645,0.26584606944234335,0.00524131339080891,0.056784124726361476
266,10,0.20518749952316284,19910,3.5836509445556772,3.385596215957415,1.0584992172615586,0.30530714988708496,3.38559627532959,0.29536885774538835,0.0048667747995363685,0.05334865280782471
267,10,0.5060812830924988,8118,12.035558152167768,3.0913884229081736,3.8932532912967366,0.5475771427154541,3.091388463973999,0.3234791383142305,0.00482237673711701,0.05916232983434407
268,10,0.22619310021400452,4665,3.397465849783468,3.9708079300480867,0.8556107244757791,0.31785839796066284,3.9708077907562256,0.251837862938133,0.004858136224474138,0.05918878861779385
269,10,0.11825217306613922,19186,2.3483619581359103,3.1530039784317787,0.7448014573401138,0.18043507635593414,3.1530041694641113,0.3171577419804742,0.004362591311959622,0.05822258249438148
270,10,0.25274357199668884,18517,1.5337092833653925,2.3342365915590313,0.6570496276645096,0.3554377853870392,2.3342366218566895,0.42840539910610476,0.004175855395815172,0.055735585665581504
271,10,0.28179454803466797,11521,9.155535048347677,3.7428767013989677,2.4461225358888217,0.36029472947120667,3.7428767681121826,0.267174100239019,0.004470019305071674,0.05887865546759137
272,10,0.2795506715774536,15235,2.721886677943183,2.062519125466233,1.3196903943019582,0.38785049319267273,2.062519073486328,0.48484376605832274,0.004381213672467857,0.06404117951284297
273,10,0.20085711777210236,8005,15.548903565835131,6.128996887295286,2.536941012005358,0.2541366517543793,6.128996849060059,0.16315881072684008,0.004679412318492729,0.05549854274253532
274,10,1.5716884136199951,2233,10.860782844920752,14.24979144149137,0.762171354543229,0.8825268745422363,14.249792098999023,0.07017645751433718,0.006861906949074904,0.05742775168990678
275,10,0.4856620132923126,6735,12.988525021211462,9.382619573527233,1.3843175585906513,0.5311251282691956,9.38261890411377,0.10658003950064676,0.007592306602601418,0.0659835929347041
276,10,0.37827736139297485,26874,7.280516755345407,3.028244115766829,2.4042040459804177,0.46094220876693726,3.0282440185546875,0.33022426979084973,0.007018645300660913,0.06108947467504724
277,10,0.41771164536476135,7944,20.133418816059212,7.270604175743639,2.7691534746487823,0.500880241394043,7.270604133605957,0.1375401334034539,0.0073239886479077405,0.05539840612314929
278,11,0.4093656539916992,6358,6.765894507840887,4.424180089216372,1.5292990726871065,0.5065403580665588,4.424180030822754,0.22603053379441673,0.007051330535489343,0.06344952353595792
279,11,0.46240317821502686,13560,3.368395241372417,3.4227850420829395,0.984109489774325,0.5562044382095337,3.4227852821350098,0.29215963766695835,0.006633119313955138,0.06705963372703407
280,11,0.3534739315509796,4186,7.565966607656319,7.228523509598697,1.0466821609708383,0.45650139451026917,7.2285237312316895,0.13834081464498318,0.005764501490456345,0.05283807974201152
281,11,0.43909797072410583,17185,10.211985364297687,6.251211801514896,1.6336009222757928,0.5538653135299683,6.251211643218994,0.15996896235560798,0.006498714524469892,0.05862934553097992
282,11,0.09598591178655624,1562,5.978274430573592,2.450051089356981,2.4400611303742883,0.20633193850517273,2.4500510692596436,0.4081545908949518,0.006071339423013498,0.05846273634116555
283,11,0.3061632513999939,24639,6.788601173732188,3.4269804995871143,1.9809278677098114,0.42892542481422424,3.426980495452881,0.29180198414460606,0.005538019565728307,0.05590078686427519
284,11,0.17144152522087097,19732,7.111385790500978,4.651687062462978,1.5287756237699508,0.2612655460834503,4.651687145233154,0.21497571822925318,0.004783475657863867,0.055151298807200703
285,11,0.2477874755859375,21666,3.6445150262570905,2.514770714804637,1.4492434657363065,0.36027616262435913,2.514770746231079,0.3976504036593829,0.004549296331438857,0.06190386789325434
286,11,0.2282238006591797,11346,2.9486414868672988,3.454109049044208,0.8536619559484864,0.33704620599746704,3.4541091918945312,0.2895101616464395,0.004325159188521052,0.06278708748157154
287,11,0.5993826389312744,19273,23.251060543691423,10.590313439845616,2.1955025859959982,0.6236999034881592,10.590313911437988,0.09442589841402711,0.006273373077887648,0.06453815988277806
288,11,0.2107170671224594,57736,6.25369885664959,3.8375787768601852,1.6295949139484731,0.32021135091781616,3.837578773498535,0.2605809022931003,0.006217631379764883,0.0628443417317112
289,11,0.10081841051578522,10722,2.0377686586718102,1.9752077077596613,1.031673099829119,0.21560138463974,1.9752075672149658,0.5062756493659781,0.005805621904070229,0.05975153710567563
290,11,1.3153573274612427,2774,15.846936509266781,18.496543382706058,0.8567512416445622,0.922892689704895,18.496543884277344,0.05406415123778236,0.004702286508326398,0.048886377984689866
291,11,0.29019054770469666,30956,8.232605137715792,8.669844528513778,0.9495677933599705,0.4591836929321289,8.669844627380371,0.11534230746184049,0.0058380843432119505,0.04104784928148443
292,11,0.22817368805408478,10664,1.1168747577613016,0.9399317090241154,1.1882509623169424,0.3599048852920532,0.9399317502975464,1.0,0.005454008135018714,0.059574787878187006
293,11,2.538487195968628,7298,5.11461685491277,20.635880885277544,0.2478506676476066,1.219881296157837,20.635881423950195,0.04845927978536022,0.006626275900684622,0.05259906757791344
294,11,0.9251787066459656,413,14.572496903984275,22.221385514825858,0.655787052263731,0.8308372497558594,22.221384048461914,0.04500169534073289,0.010891106027829214,0.05323760585211385
295,11,0.1448771059513092,23516,1.4815365606690747,2.0487505016229464,0.7231415243070015,0.23598669469356537,2.048750400543213,0.48810216785445837,0.009897994850985544,0.049359881059572716
296,11,0.20377327501773834,11766,1.8783456834604355,2.473626255801901,0.7593490241518938,0.3121148347854614,2.473626136779785,0.40426464649066673,0.008753364723779435,0.047285110431299134
297,11,0.3242006003856659,18211,11.867177213624561,6.3632304415830045,1.8649610952437006,0.459507554769516,6.3632307052612305,0.15715285036268326,0.009039036907911094,0.05169475308247117
298,11,0.1086660698056221,9296,1.894481414454987,1.8018413277649517,1.0514141202454808,0.20783774554729462,1.8018412590026855,0.5549875384505063,0.008184977392234854,0.05129593380912237
299,11,0.16412821412086487,25767,3.765642854640934,3.5849731030201735,1.0503964036626954,0.30392706394195557,3.5849733352661133,0.27894202481808555,0.007164438314485243,0.04500157377490777
300,11,2.102447986602783,11813,11.278342593562703,18.95622309909304,0.5949678126599871,1.121962308883667,18.95622444152832,0.052753118129163605,0.007968310750894613,0.040107955918569985
301,11,2.488384962081909,10567,20.84868493633085,22.06274676995492,0.9449723170789268,1.0954424142837524,22.062746047973633,0.04532527150066952,0.01123263633976199,0.03888416195560481
302,11,0.06021754816174507,36025,0.8529405555182122,1.286983235009383,0.6627441075495679,0.14550842344760895,1.2869832515716553,0.7770102849190328,0.009993956220908611,0.03554118541358258
303,11,0.1201108992099762,10983,5.277504038265275,1.8448634692488333,2.8606474821745143,0.22063855826854706,1.8448635339736938,0.5420452188140222,0.008840865504718562,0.03699102176465839
304,11,0.09028369188308716,11674,3.1093889552432517,1.981472796903944,1.5692312102896946,0.17487725615501404,1.9814727306365967,0.5046748713033534,0.008127420897839603,0.03919007519550507
305,12,0.2899622619152069,4934,20.449645933338175,8.213501091684199,2.489759933682852,0.43236809968948364,8.2135009765625,0.12175074686212206,0.007599664152728241,0.043980735418906944
306,12,0.6239553689956665,20323,7.8076264095690595,5.4628491079079735,1.4292224177060606,0.6246959567070007,5.4628496170043945,0.1830546119799189,0.007653492907511947,0.04468876087873633
307,12,0.21027523279190063,7381,13.866526172611355,2.4892455340686923,5.57057388788033,0.33145707845687866,2.489245653152466,0.40172796807161165,0.007196194521456703,0.05415024651895511
308,12,0.6958571076393127,8576,23.428499573921563,6.00692354118025,3.9002493395003976,0.6354974508285522,6.006923198699951,0.1664745495234358,0.008019255317484323,0.06728895585734768
309,12,0.16842477023601532,13281,1.7837826308423261,1.8500583312921886,0.9641764265862169,0.24838577210903168,1.8500581979751587,0.5405232443883276,0.006942745003475103,0.05651356195595836
310,12,0.7163524031639099,11896,8.338254569023944,5.971058983562058,1.3964448503987696,0.6520378589630127,5.9710588455200195,0.16747445610518916,0.006968345553359193,0.06259360324748184
311,12,0.23446203768253326,28017,24.759290396486293,4.798755683257205,5.1595230161156085,0.3134044408798218,4.798755645751953,0.20838731234375868,0.005607544332302357,0.05520120321408405
312,12,0.1387481838464737,22039,10.759181869772547,2.7431095754632833,3.922257413997583,0.2415582537651062,2.743109703063965,0.3645496329707119,0.004648008086614565,0.06801810859815954
313,12,0.11901852488517761,46997,6.065567970695852,2.6280174827513445,2.3080394291530104,0.16697227954864502,2.6280174255371094,0.38051483592456997,0.004474537873159671,0.06430480190177403
314,12,0.11256320774555206,43491,1.3638780047447914,1.2317900432161326,1.1072325289971312,0.21206362545490265,1.2317900657653809,0.8118259888324844,0.003928045417633701,0.06780207854469728
315,12,0.14145615696907043,18071,3.872989994618564,0.7353952614956464,5.266541950156727,0.26836609840393066,0.7353951930999756,1.0,0.0034887588065723673,0.06478984863091525
316,12,0.022041266784071922,12109,2.5207106084874313,0.5944772246699515,4.240213928940117,0.060098111629486084,0.5944772362709045,1.0,0.0030956522072204872,0.06292040027294764
317,12,0.8673542737960815,5710,46.400336323540266,12.900654141877112,3.596742910339365,0.7425798177719116,12.900653839111328,0.07751544494999339,0.008222383101195791,0.06410557184451615
318,12,0.378976434469223,26593,2.716403694142652,3.078342326817703,0.8824241769595214,0.48478439450263977,3.0783424377441406,0.3248500436107337,0.0067619741181081374,0.06261660184235639
319,12,1.2298319339752197,5418,24.25087209490509,14.204896719687898,1.7072191775454324,0.7957311272621155,14.204896926879883,0.07039825313406183,0.009044417782690162,0.062054978181484366
320,12,0.3085964620113373,13275,11.370074536729144,5.36707557685519,2.1184860123377023,0.4266766309738159,5.367074966430664,0.18632119356138774,0.007429828741787816,0.06013281639731943
321,12,0.7602226734161377,25184,29.41280189031971,12.601746541969664,2.3340258266867293,0.7007609605789185,12.601746559143066,0.07935407333838079,0.007923789113876136,0.062227389766752184
322,12,0.5699732303619385,6227,17.64471847573804,12.502450047074246,1.411300857775932,0.6118500828742981,12.502449989318848,0.07998431674351891,0.010916294590932813,0.07095519156288924
323,12,0.3573421239852905,17393,7.415230629878592,4.897881935618406,1.5139667977604756,0.45150017738342285,4.897881984710693,0.2041698429957627,0.010884398442194443,0.07379614213589014
324,12,0.47432681918144226,3244,15.701044443951613,15.005422365645682,1.0463580472014893,0.5604606866836548,15.005422592163086,0.06664257052511814,0.00963101567302488,0.06143241468684626
325,12,0.6728323101997375,25115,7.797733359019158,5.73002641245641,1.3608546972953621,0.6672347187995911,5.7300262451171875,0.1745192400004982,0.008861935506281275,0.05333646440862204
326,12,0.208403080701828,9093,4.077027622656007,5.320492578109329,0.7662876252153402,0.32928428053855896,5.320492744445801,0.1879524811102213,0.007976463158978825,0.05156515499760298
327,12,0.19894829392433167,18268,2.733239510330949,3.9014906091089623,0.7005628833115342,0.3625902533531189,3.9014909267425537,0.25631220537598887,0.007093605064252817,0.04550889714290548
328,12,2.0592172145843506,12698,29.69331974207354,20.937352390922356,1.4181984038701103,1.1100960969924927,20.93735122680664,0.04776153112233904,0.009476839978988275,0.040001531990155
329,12,2.5247087478637695,1330,40.09915992829552,32.01409384653536,1.2525470850593476,1.2799075841903687,32.014095306396484,0.031236240137136027,0.015076778956789317,0.038172140902769686
330,12,0.7492814064025879,9786,8.358573176357227,15.429332903671812,0.5417326353991329,0.746243953704834,15.429333686828613,0.06481160855585424,0.014962960745392863,0.035371768253446394
331,12,0.8195770978927612,11194,12.897203577042783,22.802640183772045,0.5656013283155155,0.7511433362960815,22.80263900756836,0.04385457121053057,0.01650927797804683,0.03653762473493348
332,12,0.15925069153308868,400,3.741335841625146,4.747002927690538,0.7881469421053324,0.21780480444431305,4.747003078460693,0.21065918281752752,0.014573128034395984,0.036735332130149095
333,13,0.1984107345342636,4544,3.6463120209847495,3.7555799404068315,0.9709051807824876,0.27360525727272034,3.755579948425293,0.2662703889845053,0.01261216166885659,0.037145671216905304
334,13,0.304743230342865,23556,2.243397456025702,4.178366711895095,0.5369077466653648,0.4340144395828247,4.178366661071777,0.23932791011107282,0.010815593996435282,0.03259711966968954
335,13,1.5792196989059448,3349,18.67421043187882,16.8130584074902,1.1106968154918424,0.9824808239936829,16.813058853149414,0.059477573311123404,0.01119020370715684,0.027037457432993368
336,13,0.2981693744659424,12576,2.257348035941856,3.674165597112486,0.614383858396389,0.4193703830242157,3.674165725708008,0.27217055584414207,0.010637362950851794,0.02585008241409614
337,13,0.7071374654769897,7072,3.8745596850887125,5.361665986140314,0.7226410028344861,0.6779783964157104,5.361665725708008,0.18650916798040074,0.01011729980468255,0.030081774766493093
338,13,0.21053418517112732,11889,1.880282463099415,3.9697527897579286,0.47365228080451804,0.37131279706954956,3.9697530269622803,0.2519047762677669,0.008871772760120454,0.023705358193377813
339,13,0.8244030475616455,22745,3.9735312909465335,7.5522991734567615,0.5261353131919538,0.7274411916732788,7.5522990226745605,0.13240999390883063,0.008554392772906675,0.019922245789142735
340,13,0.3304033875465393,9923,4.5103591786083435,7.320958574975222,0.6160886081264286,0.43863436579704285,7.320958614349365,0.13659411507201338,0.006937404216904585,0.01721984017595696
341,13,0.16521155834197998,8156,7.1933771403022195,5.290580676489433,1.3596573949372281,0.2339949607849121,5.290581226348877,0.18901511350105552,0.0062711566931397495,0.020470533295361183
342,13,0.2395366132259369,27612,8.84603022103156,4.034415257514223,2.192642466477233,0.3411943018436432,4.034415245056152,0.2478673342705821,0.005426823723101876,0.025186344804122546
343,13,0.40180569887161255,14892,9.362342937054347,8.242736108892261,1.135829512599963,0.490315318107605,8.24273681640625,0.12131891396686326,0.004820244177091156,0.02744063947125687
344,13,0.1573905050754547,33204,2.662199560416941,1.1556730585033566,2.3035923013229134,0.27823758125305176,1.1556730270385742,0.8652959023077724,0.004464173398056066,0.03883974335458412
345,13,0.3487800657749176,29992,5.5912892986977925,2.625372394319575,2.129712840278711,0.45429328083992004,2.6253724098205566,0.3808981976656607,0.004539959536764144,0.04558583443307843
346,13,0.70311439037323,2048,5.7879510757356964,12.954589646648706,0.44678768171036326,0.6477421522140503,12.954590797424316,0.0771927063111957,0.004644204688983902,0.04009159548010759
347,13,0.7795699834823608,4562,5.640820782507597,6.736181359609992,0.8373914657834196,0.6726194024085999,6.73618221282959,0.14845201925259716,0.005545178289257389,0.040134755570008084
348,13,0.2713100016117096,12209,5.156483962792071,5.55004966204657,0.9290878959251867,0.3845045566558838,5.550049304962158,0.18017854704955116,0.00504971097367514,0.04033060379827368
349,13,1.396497368812561,14419,19.43254511932206,16.622251535502862,1.1690681661155005,0.9687460064888,16.622251510620117,0.06016031818558227,0.006987530999470607,0.03344315871056575
350,13,0.17346234619617462,13727,1.702079452021061,3.0704091045896615,0.5543494023243452,0.2857269048690796,3.0704092979431152,0.3256893714400012,0.0061520992508316795,0.031091633633809762
351,13,1.1775145530700684,6647,19.08660745089543,18.99393107048588,1.0048792627531724,0.9289785027503967,18.99393081665039,0.052648393689788,0.009881224500311425,0.029148106684978244
352,13,0.17675535380840302,17256,2.20655706932785,3.63101304311612,0.607697367959214,0.3179292678833008,3.6310129165649414,0.27540516863290704,0.008830046083635336,0.02965808883995004
353,13,0.3537716865539551,21602,8.14849648678555,7.04472648882932,1.1566803196270712,0.4625307321548462,7.0447258949279785,0.14195014440090986,0.007913474954400822,0.03261998619331034
354,13,0.11053739488124847,24979,2.2171960681325102,2.478786261852714,0.8944684349163777,0.19720688462257385,2.4787862300872803,0.4034230884612025,0.006997570128110199,0.031101708754435853
355,13,0.7591207027435303,23282,8.741863718601348,14.650229918185312,0.5967048822728364,0.6781226396560669,14.650230407714844,0.06825830747447428,0.006970649352446763,0.026795504318962906
356,13,0.3724195957183838,5046,4.201170512989838,7.654680588757424,0.5488368148449758,0.4741681218147278,7.6546807289123535,0.13063900439164164,0.00716404130007005,0.032101126855808584
357,13,0.349963515996933,8368,3.711097986869231,4.719382299335205,0.7863524824829741,0.4775356948375702,4.719382286071777,0.2118920925433796,0.007207489915062017,0.04389836224743631
358,13,0.44726836681365967,13846,8.470493038743092,8.555798937006687,0.9900294643559693,0.5078613758087158,8.555798530578613,0.11687978387361443,0.005790558326844659,0.035502849376516474
359,13,0.25669971108436584,32227,11.57933608502408,5.832388230218325,1.9853507050556274,0.35101786255836487,5.832387924194336,0.17145632998713922,0.0047404704815239,0.03687581058105573
360,13,0.17333532869815826,13550,4.417281389944192,2.202244611140089,2.0058086951818606,0.2793551981449127,2.202244520187378,0.4540819771607096,0.004640487596746904,0.059614109103913876
361,14,0.5172547101974487,11973,10.99848858246748,6.0158974337060345,1.8282373833109289,0.5745737552642822,6.015897274017334,0.16622621501414014,0.004634766053198589,0.05029143411304352
362,14,0.18952576816082,13840,5.869033705870563,3.1607915407494414,1.8568240360694983,0.3223973512649536,3.1607913970947266,0.3163763621170311,0.004343099559802927,0.056707291960114474
363,14,0.19359025359153748,2329,5.725427949736635,6.039870214575192,0.9479389037067876,0.28705546259880066,6.039870262145996,0.16556644282591795,0.003855063266302258,0.05049629628386708
364,14,0.4116479456424713,9278,17.443064468349,7.258134006818345,2.403243650773112,0.5095091462135315,7.258133888244629,0.13777644193684155,0.005161217214069919,0.054049518741737454
365,14,0.30473533272743225,10966,12.771183741349539,5.572456919952109,2.291840731082225,0.415097713470459,5.5724568367004395,0.17945402716445127,0.004810624548105915,0.051808362171607725
366,14,0.06488634645938873,39975,0.8726026527115224,0.5344043137642066,1.6328510646994985,0.16042879223823547,0.5344043374061584,1.0,0.004390910831073869,0.05103040091616779
367,14,0.2125098556280136,22277,4.972008362521595,2.634761025930401,1.887081338150569,0.35938185453414917,2.634761095046997,0.3795409087901588,0.004386315289447929,0.056304781415342633
368,14,0.07925257831811905,18376,1.6095763145388877,0.9609914020620479,1.6749122948274704,0.16084149479866028,0.960991382598877,1.0,0.004152540736531724,0.059538462029164824
369,14,2.249882221221924,17507,8.675232933065443,16.51597624667111,0.5252631030402131,1.010285496711731,16.515975952148438,0.06054743251926841,0.005078118551026861,0.055165817547714935
370,14,0.23365053534507751,17670,3.8430851307050684,3.105582046934092,1.2374766058741937,0.37082263827323914,3.1055819988250732,0.32200073235148674,0.004235178894620717,0.0453699728796626
371,14,0.28808993101119995,13607,15.482051178427682,4.534395784857744,3.4143581445019318,0.3839573264122009,4.534395694732666,0.22053650514557746,0.00454548743157255,0.044659959098704204
372,14,0.16789284348487854,6114,12.741267186837595,4.042017142376082,3.152205133732942,0.30082619190216064,4.042016983032227,0.24740117540244677,0.003899456471107746,0.044039422816930796
373,14,0.44483131170272827,19274,7.128396278848996,6.580287116617274,1.0832956301931707,0.5383816361427307,6.580287456512451,0.15196902181549643,0.003991048390889928,0.03780820989529072
374,14,0.017899231985211372,20089,0.5057959203799673,0.4414331108300373,1.1458042180564147,0.03880540281534195,0.4414331018924713,1.0,0.0036112040454807717,0.033302723454444225
375,14,0.18337392807006836,19731,2.235070073781791,2.598414523636407,0.8601668646205893,0.30536431074142456,2.598414659500122,0.38484989741494163,0.003338947170918622,0.03312042130140039
376,14,0.4156113266944885,8302,17.360501833932705,6.0306442445571395,2.878714301477536,0.533831000328064,6.03064489364624,0.16581971776084195,0.004886328557966872,0.040269748928455085
377,14,0.07743706554174423,3486,7.809985923610587,2.3978211679980075,3.2571177650116647,0.14922626316547394,2.3978211879730225,0.4170451024332797,0.004086818320385898,0.03910760629643503
378,14,0.7995773553848267,9961,20.60787271227929,18.95897028697555,1.086972150931394,0.7456285953521729,18.958969116210938,0.052745481103161095,0.007170193291141559,0.040276208266092746
379,14,0.2543906569480896,21673,27.730670967448827,5.464182370798931,5.074990014176482,0.37458470463752747,5.464182376861572,0.18300996343471246,0.007849708849688723,0.061571542085125004
380,14,0.13619224727153778,24374,7.575070361324003,2.831483314169533,2.6753010775001074,0.27748703956604004,2.8314833641052246,0.3531716482976268,0.007915865464198096,0.07393064036843254
381,14,0.386005163192749,20320,12.551636510894083,5.901427535625309,2.12688140879832,0.5114060044288635,5.901426792144775,0.16945051862382723,0.007260339284437554,0.05396455105688798
382,14,0.010439451783895493,30668,0.22290649071471305,0.3111059335047833,0.7164970728871339,0.04186470806598663,0.3111059367656708,1.0,0.006547627308722754,0.049072428242485464
383,14,0.08855769038200378,11787,2.1832397392354776,3.199394804143879,0.6823914749148956,0.13239116966724396,3.199394702911377,0.3125590245339215,0.0057040047009859745,0.04284149357206587
384,14,0.05941480025649071,13517,2.681460402976591,2.6617337779574988,1.0074111938547146,0.12168840318918228,2.661733865737915,0.375694819522443,0.004988988655364368,0.041849221135737406
385,14,0.42640313506126404,8132,24.278909656361012,6.069002424868272,4.000477830898871,0.5306960940361023,6.069002628326416,0.16477169256129762,0.006407106317627171,0.047341858769348794
386,14,0.2570970952510834,10215,10.838756279913358,6.333723942408238,1.7112770273013327,0.4141719341278076,6.333724021911621,0.15788497235678597,0.005642496160884029,0.03899205376685
387,14,0.4006667733192444,18206,15.172017812794131,3.5397404411158906,4.286195009260882,0.47823041677474976,3.5397400856018066,0.282506538138505,0.006337197825880393,0.05658985930496206
388,14,0.1212388351559639,3365,9.757477069645711,4.635880925126781,2.1047730145003154,0.17162840068340302,4.635880947113037,0.21570868529616957,0.004899137804720994,0.05068930454680434
389,15,0.13317354023456573,28501,6.975517510801543,3.5324625641155603,1.974689719760997,0.23352505266666412,3.5324625968933105,0.28308855068725075,0.005200150477781119,0.06874213894019923
390,15,0.06746647506952286,48309,1.4900743791079207,0.7050936269243979,2.1133000245733,0.14652658998966217,0.7050936222076416,1.0,0.004690252351934567,0.06098839062196544
391,15,0.0632777288556099,15747,2.758982726195126,1.0555533869337208,2.6137784789901404,0.18151314556598663,1.0555534362792969,0.9473694256118902,0.004362409530237032,0.06816876315014216
392,15,0.13965924084186554,23402,1.6819594520764893,0.8577540937717831,1.9608876999682803,0.29857316613197327,0.857754111289978,1.0,0.004010446695536458,0.06266410622767543
393,15,0.5317038297653198,6828,26.60647095867918,6.4295694044510485,4.138141963325875,0.585482656955719,6.429569244384766,0.15553139043365227,0.0060205351472677636,0.0712705183214834
394,15,1.365282416343689,14876,31.58271513832236,16.025237620241587,1.9708110348659074,0.8781555891036987,16.025238037109375,0.062401565286128766,0.011512430423533492,0.0691639846847988
395,15,0.5894448161125183,2945,7.278285655131933,6.152017534640715,1.1830729698262816,0.599129319190979,6.152017593383789,0.1625482733546114,0.010684279064182315,0.060141357877750316
396,15,1.2469568252563477,4357,15.958484672190783,12.426832878112695,1.284195645722176,0.8068858981132507,12.42683219909668,0.08047102459480113,0.011650775685936835,0.0628519548655107
397,15,0.4869733154773712,8872,46.79325685094922,16.594789991331016,2.81975589178235,0.529323935508728,16.594789505004883,0.06025987491064779,0.010578572312728116,0.05426991302987254
398,15,0.1579793393611908,15377,7.610144981578957,1.7557673361469035,4.33436983642455,0.2547910213470459,1.7557674646377563,0.5695511795208809,0.009831787176905882,0.05154535394624802
399,15,1.1934353113174438,24423,42.36334878540468,24.888229809857393,1.7021439093520536,0.8703873753547668,24.888229370117188,0.04017963451514337,0.013335465253433291,0.05305510208587629
400,15,0.31979507207870483,16987,20.370930083836523,6.69007754062426,3.044946782774156,0.4218571186065674,6.690077304840088,0.14947508152132202,0.014272385782220962,0.05904727138193419
401,15,0.8719049692153931,13232,41.368378907543196,13.862490524333948,2.984195288351899,0.7920790314674377,13.862489700317383,0.072137108808095,0.011562162279923597,0.04457202005172626
402,15,0.3537975549697876,19515,3.8105578869670373,2.0303433250840555,1.8768046959779103,0.46429672837257385,2.030343532562256,0.49252724548085397,0.009983423697035115,0.04198625831191921
403,15,0.048355672508478165,14600,2.0809992367085997,1.265124268889299,1.64489709657846,0.1263391673564911,1.2651242017745972,0.7904356016284358,0.009002095850844435,0.04220197372651173
404,15,0.11700505018234253,12678,5.5144643453959965,5.891490903372427,0.9360048985628497,0.18284940719604492,5.891490459442139,0.16973630648268637,0.007509914356479214,0.044989964155693715
405,15,2.352252721786499,5628,52.92317360748296,30.635521702597902,1.727510114606383,1.0875771045684814,30.635522842407227,0.032641844322431654,0.009802895398473647,0.0369769730241493
406,15,0.3026607930660248,6985,5.320445144502813,1.8578284222886197,2.863797905484622,0.40642520785331726,1.8578284978866577,0.5382625268559537,0.009046536569079233,0.05386827353644805
407,15,0.072505883872509,22462,2.3004596789883247,1.4912089461081957,1.5426809804156516,0.14716026186943054,1.4912089109420776,0.6705964013934471,0.008092117918770708,0.055728084681103046
408,15,0.5874865055084229,9426,9.853233201790443,10.080306355363142,0.9774735860629014,0.5816090703010559,10.080306053161621,0.09920332731197476,0.00792518012850679,0.05049267120469069
409,15,0.09065884351730347,51487,3.1525915112325245,1.651456520058369,1.9089763932260173,0.169030100107193,1.651456594467163,0.605525690366059,0.007102523052143891,0.05020333855003184
410,15,0.07521060854196548,16643,0.9491043021828914,1.3219106574759971,0.7179791590411676,0.17072348296642303,1.3219106197357178,0.7564802253572174,0.006433191646766298,0.052279851185747406
411,15,0.11096971482038498,1381,11.433711857737068,2.9502023022376798,3.8755687530515823,0.24394740164279938,2.950202226638794,0.3389596997828903,0.005965618895511278,0.04717603469585114
412,15,0.125945046544075,15761,4.968976477495058,1.2791677131293304,3.884538693784858,0.26393693685531616,1.2791677713394165,0.7817576713922596,0.0053943292497199286,0.055333892663125744
413,15,0.4174213707447052,5652,21.451302669781473,12.210513959849427,1.7567894963566497,0.5206332206726074,12.2105131149292,0.08189663355594085,0.006263581662636485,0.049834355540119696
414,15,0.07480635493993759,4920,3.1626904939132583,2.293124411318533,1.3792058024855922,0.17568761110305786,2.2931244373321533,0.4360860438421592,0.005623345163818547,0.04239386724504002
415,15,1.497975468635559,7059,60.53033040086675,26.229073077524415,2.307757129729935,1.006709098815918,26.229074478149414,0.038125628973581904,0.010313229884060094,0.04106772839341107
416,15,0.4391845464706421,10408,18.55072819599372,7.55517655517665,2.455366603349685,0.5352303981781006,7.555176734924316,0.13235955990518036,0.010057014598058597,0.04503666507182681
417,16,0.04357178881764412,29334,0.6523138713279675,0.6124300083824821,1.06512395277586,0.11182890832424164,0.6124299764633179,1.0,0.009039522284154177,0.042639272739057286
418,16,2.489799976348877,16634,35.92452551119356,21.504274685929637,1.6705760150421396,1.050576090812683,21.504276275634766,0.04650237658221796,0.013055122439072258,0.04368109489278086
419,16,0.22380436956882477,29002,12.428981605113659,3.5679355017218723,3.4835219412211895,0.3481767177581787,3.5679357051849365,0.28027403023904457,0.010866139083437856,0.03176558994596906
420,16,0.17005066573619843,38328,12.17334664964376,4.157551139652176,2.9280088784811107,0.2938496768474579,4.157551288604736,0.24052613907968368,0.009227588961361964,0.03598313590795748
421,16,0.05530639365315437,5655,4.028885495391784,1.4453868133401042,2.7874098879308002,0.1283315271139145,1.4453867673873901,0.6918558621867608,0.008214225950334329,0.04543788659008349
422,16,0.14075727760791779,7291,8.95435840040358,3.193986531665469,2.8035053722445173,0.22500629723072052,3.193986415863037,0.31308827174254633,0.007492594022516447,0.054828439174954696
423,16,0.384448379278183,14363,20.301553540852566,5.877411468422044,3.454165775175791,0.46207499504089355,5.877411365509033,0.1701429026604281,0.007325702042398898,0.06549564308414328
424,16,0.08508462458848953,19164,2.5323559264225204,2.0280177151675756,1.2486853085561052,0.15496864914894104,2.028017520904541,0.493092143731497,0.00662711759145473,0.06457840636861462
425,16,0.17279456555843353,16487,4.301599630854807,2.6259946407946284,1.638083933618197,0.3416689932346344,2.6259946823120117,0.3808079376275164,0.0062343066205035125,0.06073230533540208
426,16,2.4027106761932373,9829,36.11600538165601,22.987809250209203,1.5710938344995082,1.1213922500610352,22.987810134887695,0.04350131441972478,0.014197813560902361,0.0572408338762872
427,16,0.08618630468845367,20148,2.3026260725837306,1.636851267817229,1.4067411730406745,0.21667411923408508,1.6368513107299805,0.6109286668349657,0.012880666377582582,0.05314893745756144
428,16,0.41533657908439636,15315,10.683115277222573,6.546615073269307,1.6318532795431198,0.534917414188385,6.5466156005859375,0.1527506590061342,0.011419855368710789,0.041961143189609716
429,16,0.8178290724754333,3052,21.791786480423838,21.67580590363391,1.005350692717242,0.7458605170249939,21.675806045532227,0.04613438373479699,0.012175899075261556,0.04534576031906423
430,16,0.621780276298523,26486,4.276644491932437,8.325689774377983,0.513668489677954,0.6074683666229248,8.325690269470215,0.1201101467294298,0.010532862146491536,0.042116308027738664
431,16,2.151782274246216,2306,16.366027703545303,17.346761815397297,0.9434629862166887,1.0263476371765137,17.346759796142578,0.05764765028767626,0.012063181672979734,0.05384258407378219
432,16,0.35574081540107727,11412,4.392889667351634,3.9635381451504217,1.1083253160374995,0.4560520350933075,3.96353816986084,0.2522997647163684,0.011062575395536041,0.038258820489456294
433,16,0.09792962670326233,16961,1.7868917697531317,1.1839634085330824,1.5092457730307405,0.23305417597293854,1.183963418006897,0.8446199774174081,0.010013689494226154,0.04386810443650704
434,16,0.4905790686607361,5972,7.522868070516551,6.835033180446465,1.1006337309432133,0.5420591235160828,6.835032939910889,0.14630505258515766,0.01052544937498165,0.048987655569007534
435,16,0.22448571026325226,15148,5.340952001287476,2.5688228804224655,2.0791437362186023,0.32993215322494507,2.5688228607177734,0.3892832106131959,0.009256391468301442,0.04504465814705944
436,16,0.5029550194740295,17167,5.121646807600658,6.93892381720716,0.738103910998309,0.538774847984314,6.9389238357543945,0.14411454564938816,0.008414559864689027,0.039015394523045095
437,16,0.2287873774766922,11831,2.898455267592574,4.240516661304387,0.6835146514199341,0.3149380087852478,4.240516662597656,0.2358202652521013,0.007510948605828286,0.03660323282261464
438,16,0.30421435832977295,16413,10.525146889285562,5.094947843861586,2.065800713144539,0.3859879672527313,5.0949482917785645,0.19627280719233933,0.00720520896969257,0.03459915047721643
439,16,0.09418406337499619,10494,4.5019704954943265,2.6375430270009086,1.7068803994495247,0.15666894614696503,2.637542963027954,0.37914059974643216,0.006367789101138821,0.03754305260003659
440,16,0.23529697954654694,35176,2.985303484700775,3.8926526403184263,0.7669072379537581,0.34939825534820557,3.8926525115966797,0.25689417180873675,0.005853475653587399,0.039522919579653676
441,16,0.3260420560836792,19286,4.626789262415005,5.64705147955273,0.8193283307522896,0.43727970123291016,5.6470513343811035,0.17708353682356945,0.006087906323042514,0.04238489381015389
442,16,0.12831978499889374,16591,7.817705541141633,2.463301917772774,3.1736692464425706,0.24832913279533386,2.46330189704895,0.40595900780127575,0.005909334303894369,0.04423238093164687
443,16,0.1343124955892563,8436,2.761363048397299,3.4259563029820583,0.8060123376334126,0.2224516123533249,3.4259564876556396,0.29188920282962805,0.005509594393833286,0.04048201781388936
444,17,0.07663359493017197,9597,3.883574075296588,2.3357769767241336,1.662647638877551,0.16137219965457916,2.3357770442962646,0.4281228699969586,0.005093402728053463,0.04379693142848894
445,17,2.252969741821289,8934,26.38372051110495,26.1269284082587,1.0098286372907146,1.1373190879821777,26.126928329467773,0.03827468537881833,0.009470910614572475,0.03603798780269036
446,17,0.16905085742473602,12445,1.434739406069591,1.7089009286666088,0.8395685097954887,0.3197190761566162,1.7089009284973145,0.585171087541184,0.008770948581208802,0.03926377171261308
447,17,0.7021252512931824,5660,16.149442850910344,9.69758641621445,1.665305381956346,0.6459722518920898,9.697586059570312,0.10311843491140658,0.011467414476446038,0.04129619702439786
448,17,0.3073347210884094,13540,6.094154383619997,3.801506281786336,1.6030893892814344,0.4467172920703888,3.801506280899048,0.26305355379024875,0.011068659677539533,0.04860758131742848
449,17,0.11490777134895325,13006,2.978739585590306,2.546016400561867,1.1699608788583504,0.2473589926958084,2.546016216278076,0.3927703212713782,0.010268832641377174,0.05009270289756081
450,17,0.46702414751052856,22562,2.5693109758365456,5.788133776882937,0.44389281154792926,0.5041597485542297,5.78813362121582,0.1727672325267974,0.009092434980239948,0.04233790791878849
451,17,0.1998903751373291,15489,4.79404467854677,4.315219594266843,1.1109619276189278,0.35705575346946716,4.315219402313232,0.23173787356584066,0.008082253440723948,0.04033546767549884
452,17,0.06819141656160355,4072,5.830003859977556,2.5708003733324793,2.267777739746461,0.15071028470993042,2.570800542831421,0.38898374041685974,0.006918903478628176,0.0364230945071651
453,17,0.11666017025709152,17331,1.708317810860564,2.3934809568018913,0.7137377909797373,0.2458541840314865,2.3934810161590576,0.4178013426667608,0.006317992511243739,0.03822909030851986
454,17,0.6697515845298767,17981,9.165146811524894,8.458778487933518,1.0835071310352824,0.689276933670044,8.458778381347656,0.11822036666485085,0.007325131609813561,0.03790730262419864
455,17,0.1703062206506729,7627,4.975792266794547,1.7890432128169942,2.7812588489447245,0.2930142879486084,1.7890433073043823,0.5589576490180593,0.0067826497380462135,0.05074716117966116
456,17,0.4271603226661682,18271,19.184764157565127,10.456245506461677,1.8347660396561678,0.49959123134613037,10.456244468688965,0.09563662243722966,0.007487043220374533,0.04888446734249726
457,17,0.169996976852417,41087,2.361351145594281,2.734078239159236,0.8636735817478153,0.3030298948287964,2.7340784072875977,0.36575382460894634,0.006816781869977252,0.04819058537803873
458,17,0.10360418260097504,49700,2.309028494189069,1.6835555136503988,1.3715190710766083,0.2385912388563156,1.6835554838180542,0.5939806651049507,0.006393666752309852,0.05175905732723061
459,17,0.06952348351478577,15431,0.7247608777042192,1.3654059566289014,0.5308024871175132,0.18527540564537048,1.3654059171676636,0.7323824036825253,0.00575696877137127,0.04388367931029377
460,17,2.3204421997070312,2233,118.22284307612512,34.10762437264313,3.4661705483934324,1.0689401626586914,34.10762405395508,0.029318957224904796,0.018857082295111547,0.051687109088067916
461,17,0.60529625415802,7167,5.603810900584382,11.294638242071189,0.49614788720814046,0.6447415947914124,11.294638633728027,0.0885375746751408,0.016904505502562044,0.045767132550109155
462,17,0.10239215195178986,9774,5.011481073566711,3.006241923457098,1.6670252099345264,0.23638610541820526,3.006241798400879,0.3326411294962381,0.014884857356917778,0.044300865070636075
463,17,1.232801914215088,17696,13.183412614516971,14.495530055323576,0.9094812376091325,0.6885008811950684,14.495530128479004,0.06898677883112025,0.014423136711690002,0.04533763396445739
464,17,0.028012188151478767,22192,0.4341166839671671,0.662233538779404,0.655534125871447,0.05148869380354881,0.6622335910797119,1.0,0.013016090906140285,0.043371811108602665
465,17,0.10187613219022751,15820,2.355945444031137,1.6198066739259582,1.4544608822480831,0.21523348987102509,1.6198067665100098,0.6173572078584181,0.011563259533490541,0.03770824235661912
466,17,0.04692777246236801,715,0.5575635520159126,1.2145178316469645,0.4590822279318545,0.09549039602279663,1.2145178318023682,0.8233713416497477,0.010424544681609848,0.03951079078838494
467,17,2.885861396789551,10047,11.447012858980768,22.553726574568447,0.507544188812145,1.1507116556167603,22.553726196289062,0.04433856946556211,0.011286183881289253,0.03754083607116356
468,17,0.2262425571680069,17839,8.666778661548328,3.2652963258474994,2.6542089282804167,0.32661905884742737,3.265296459197998,0.3062508125203435,0.009806282864835042,0.03724145149841573
469,17,0.1705993115901947,11765,16.202339587404428,3.623077010304818,4.471983217943472,0.3163186013698578,3.623077154159546,0.2760083987843128,0.008284622148953376,0.04502095959076722
470,17,0.11593544483184814,30994,6.645171926784907,1.9021089515065221,3.4935811229521083,0.24060770869255066,1.902108907699585,0.5257319758191059,0.007349532895360384,0.05844755896263521
471,17,0.013902939856052399,2434,0.3857281452955343,0.4065357055083114,0.9488173857011915,0.023437362164258957,0.40653571486473083,1.0,0.006602404717326263,0.05447615069796519
472,18,1.0387563705444336,14410,24.481420829286687,15.725183373376208,1.5568289569668117,0.870783269405365,15.725183486938477,0.06359225870008786,0.0073288301133395345,0.059513315676132605
473,18,0.1490502506494522,20028,2.3225737063387824,3.185950377950387,0.7290049846389106,0.31462717056274414,3.185950517654419,0.31387797160712166,0.006573135341548285,0.053207957990399846
474,18,0.44591856002807617,8293,15.203878229190773,6.635595956296811,2.29126039760767,0.5222984552383423,6.635595321655273,0.15070235612984764,0.006756811377351459,0.06053921576758015
475,18,0.18656009435653687,48825,3.537315223640807,3.394464334495955,1.0420834850707077,0.3267996907234192,3.3944644927978516,0.29459719125786743,0.005807700858081116,0.05165991186095922
476,18,0.08419352769851685,15534,1.6459627060410764,1.398259501701605,1.177151096800596,0.158185675740242,1.3982594013214111,0.7151743688478631,0.0051260814415095834,0.045478687736675356
477,18,0.34474271535873413,39210,9.45498754895067,7.657063888644936,1.2348058846643208,0.43576928973197937,7.657063961029053,0.13059834350231336,0.004274022006598847,0.041892065851358413
478,18,3.2332441806793213,5964,26.024944370600405,39.73040953391293,0.6550384120351308,1.2095109224319458,39.730411529541016,0.025169635458893447,0.010614664176366874,0.03959874949802783
479,18,0.26189568638801575,10236,6.517712741163514,1.8188509159477209,3.5834232943516677,0.40757641196250916,1.8188508749008179,0.5497973825133672,0.009243102188147693,0.0514165948295713
480,18,0.24150866270065308,9276,2.3205995735356177,1.8902297821766965,1.2276812033202125,0.3858446180820465,1.8902298212051392,0.5290359192018879,0.008327909876330003,0.05670623686033463
481,18,0.15477335453033447,21617,2.921947131567624,4.037718752961751,0.7236628676585242,0.2887517809867859,4.037719249725342,0.2476645082254084,0.007579707834294041,0.053784016039687486
482,18,0.16759327054023743,35432,4.168136693405489,5.412202195098689,0.7701369134322807,0.27364253997802734,5.41220235824585,0.18476763229460583,0.00721830716321852,0.053818842718046246
483,18,0.20622074604034424,18195,7.801670228203993,4.255776572513069,1.8331954451253565,0.3025769293308258,4.255776882171631,0.23497466918779175,0.006109839416242589,0.04758030294136582
484,18,0.05479016900062561,13868,1.9038139787373567,1.2153189586457123,1.566513848230674,0.13118012249469757,1.215319037437439,0.8228285300952894,0.005524810589218312,0.045593634760876384
485,18,0.11349371820688248,21898,4.2739313317994165,2.1302610669145845,2.006294626596008,0.21661993861198425,2.130261182785034,0.4694257862159638,0.004860251717973712,0.04590152521897796
486,18,0.03306123614311218,14645,0.9686170917523986,0.6665367159713813,1.4532089058879907,0.06768672913312912,0.6665367484092712,1.0,0.004404780360338831,0.043535763682698646
487,18,0.20320802927017212,20736,4.950317742525073,2.2990607574023043,2.153191352853265,0.32805201411247253,2.299060821533203,0.4349600304932722,0.004303272159836731,0.048041337334129436
488,18,0.34503626823425293,12413,6.861025670284916,6.6089400243612,1.0381431280951963,0.46790555119514465,6.608940124511719,0.1513101692328787,0.00445518808684163,0.04597833555615723
489,18,0.1196889653801918,12242,6.127989370354031,2.939628302993583,2.084613678576806,0.2696859836578369,2.9396283626556396,0.3401789398023318,0.004122248451966176,0.043836755821539085
490,18,1.9295696020126343,7592,17.37662021026252,15.520092785661443,1.1196208972613326,0.9974966049194336,15.520092964172363,0.06443259959047076,0.005501032706916555,0.03946090474911759
491,18,0.18743272125720978,6714,7.912008126205268,3.1578688876457757,2.505489748848074,0.35181331634521484,3.1578688621520996,0.3166691610649517,0.005542911208655312,0.04498769538989925
492,18,0.24974364042282104,7187,8.544883705273238,6.250564422326867,1.3670579371600027,0.4043010175228119,6.2505645751953125,0.1599855225850907,0.004560790020971513,0.03585896692090699
493,18,0.7412239909172058,21777,19.22453069821371,11.121956740691738,1.728520542421773,0.6713800430297852,11.121956825256348,0.08991222729950887,0.0045484284041210086,0.029901219038510597
494,18,0.5507249236106873,10770,11.060040389090616,8.044923252796872,1.3747850714727632,0.588860809803009,8.044923782348633,0.12430197013079598,0.005599576497851201,0.029596530514344306
495,18,0.03051132708787918,29664,1.2386353284341127,1.144637258050337,1.0821204007833893,0.07858222723007202,1.1446373462677002,0.8736383882827973,0.00513226265788485,0.03417035031085278
496,18,0.005022096447646618,4613,0.20222097744698037,0.14711273143706693,1.3745987547795173,0.02114226296544075,0.14711274206638336,1.0,0.004630384782517304,0.031904875178335526
497,18,0.5485573410987854,6943,5.653329674948926,7.05922407902198,0.8008429271636559,0.5594236850738525,7.059224605560303,0.1416585976813569,0.00433360239370933,0.03100656931505476
498,18,0.035149168223142624,2538,1.84170360470796,1.1590538998540982,1.588971492126643,0.07976871728897095,1.159053921699524,0.8627718853336981,0.003878499036193519,0.0315554304594607
499,18,0.9758899211883545,400,19.41072500236991,29.87725418413375,0.6496823597891832,0.8689256310462952,29.877254486083984,0.033470276427022314,0.007039797862259888,0.0327459302071011
500,19,0.03749538213014603,20403,1.2553965900911257,0.9799606224698146,1.2810684034689508,0.08450822532176971,0.9799606204032898,1.0,0.006268229565810526,0.030247277051225832
501,19,0.20999793708324432,22385,6.984702697851784,3.08352474022985,2.2651683661629614,0.3367830812931061,3.083524703979492,0.3243040908364845,0.00603814685966408,0.03415662894381112
502,19,0.693533718585968,2318,31.583542258622376,24.626377839801954,1.2825086362304872,0.6846047043800354,24.626379013061523,0.04060686140105092,0.00681131996870259,0.028815135187420387
503,19,0.05973260849714279,2870,3.1281591087730845,2.0192926199071946,1.5491361073341137,0.1519516557455063,2.0192925930023193,0.49522268751082565,0.006024695187632813,0.03673161845865479
504,19,0.8441455960273743,1270,29.311190252591807,15.176079691595444,1.9314072440475187,0.7692387700080872,15.176079750061035,0.065893165466715,0.007502990367172927,0.04014056169148741
505,19,0.2752171754837036,9048,7.784170560171919,5.225901556671742,1.4895363940089204,0.4396020770072937,5.2259016036987305,0.19135450386928973,0.007510941639456101,0.04076846520230066
506,19,0.1257917284965515,7402,2.0715185719003237,2.7115378893829862,0.7639644572220734,0.24778789281845093,2.711538076400757,0.36879424261419097,0.006921686905811428,0.04333976792507204
507,19,0.05721227452158928,23031,2.8215635277756443,1.351051737307862,2.0884200433329596,0.1358216255903244,1.351051688194275,0.7401635840986572,0.0060390967293916225,0.04523680034728385
508,19,0.5642173290252686,13573,16.62322116600237,9.687379132346528,1.7159668202202476,0.5818978548049927,9.687378883361816,0.103227086378383,0.004967196946271325,0.04181770994213977
509,19,0.12017374485731125,27947,2.708642345309223,2.042288713884718,1.3262778797595571,0.2284383475780487,2.0422887802124023,0.48964647901043595,0.004504460437998173,0.04468665574494562
510,19,0.5372312664985657,4828,9.099809967425298,11.007900117422707,0.8266617493214519,0.585404098033905,11.00790023803711,0.09084383829176837,0.004733262926047887,0.04104131784453443
511,19,0.48485973477363586,17217,18.14367807803431,9.01809934075157,2.0119181872441203,0.5692998766899109,9.018098831176758,0.1108881048913285,0.005150292525644825,0.04947543456309129
512,19,0.033861786127090454,47498,0.9652276761771678,0.5043453188174263,1.9138230100727232,0.10958397388458252,0.5043452978134155,1.0,0.004576983571128064,0.047631399527683554
513,19,1.5225331783294678,13399,47.9862244230155,20.094580811867797,2.388018186210314,0.9818994998931885,20.094581604003906,0.04976465646023157,0.011327196120919428,0.046141823734237794
514,19,0.16751764714717865,5548,11.183459697832552,4.303606583678356,2.598625009136241,0.3202451765537262,4.3036065101623535,0.23236319707097894,0.010142759564539472,0.04498700604957683
515,19,0.20965778827667236,15646,4.398259269410747,4.8695887337111445,0.9032095952912029,0.3540954887866974,4.869588851928711,0.2053561039856216,0.009506556286648008,0.047303832104133095
516,19,0.9877151250839233,13114,13.032581288787522,8.338783152302964,1.562887660076241,0.703480064868927,8.338783264160156,0.11992155790598517,0.00913175521563487,0.04916600993082346
517,19,0.23797202110290527,8080,6.246481248243692,4.804747670119414,1.3000643690591864,0.3721519410610199,4.804747581481934,0.20812743539882975,0.00869165260806253,0.04712617805714975
518,19,0.01467573456466198,15504,0.21815274652388503,0.22920615919086126,0.9517752371622624,0.059355784207582474,0.2292061597108841,1.0,0.007828675121459893,0.04244474650112557
519,19,0.24716724455356598,13248,15.867211060586008,6.114792304793029,2.5948896167979463,0.3480970859527588,6.1147918701171875,0.1635378370520072,0.007810681511386306,0.038203747288278495
520,19,0.2412905991077423,44791,14.422992237337159,5.893846831848092,2.4471270884405043,0.33277812600135803,5.89384651184082,0.1696684547727077,0.00746821808610318,0.041705071209183306
521,19,0.1369784027338028,18116,8.26437974286152,3.126485382773767,2.6433450763575466,0.2093222588300705,3.126485586166382,0.31984784595739285,0.006313854532478844,0.04753411350030234
522,19,0.032257888466119766,18170,0.5967541287657483,0.611448555359105,0.9759678447752606,0.09042628854513168,0.6114485263824463,1.0,0.005742748080731147,0.04716270854072449
523,19,0.11402609199285507,5402,4.538713714279483,2.958167087382955,1.5342993077153322,0.29332399368286133,2.9581668376922607,0.3380470801075724,0.005651341950950078,0.04703776341128739
524,19,0.1997966766357422,34011,10.562149312897363,4.284649562060163,2.4651139282010175,0.29445692896842957,4.284649848937988,0.23339124592797666,0.005470483085946402,0.04834036798727379
525,19,1.2218737602233887,1829,39.91946849401523,21.213205178652633,1.8818216369389236,0.873104453086853,21.213205337524414,0.047140445630375186,0.009887686176186909,0.0506786629043952
526,19,0.22422698140144348,22350,7.596958314667576,5.371434952385185,1.414325665675749,0.3961624503135681,5.371435165405273,0.18616994956404742,0.008866404326338869,0.04984861023242195
527,19,1.1668758392333984,10504,8.877208166382937,8.78072378392243,1.0109882038011673,0.7435559034347534,8.780723571777344,0.11388581794424578,0.008569741852262114,0.04429136953002642
528,20,0.12087874859571457,9614,4.057478868168172,1.9968701990564397,2.031919185374882,0.2720128297805786,1.9968700408935547,0.5007834654923548,0.007544489201340923,0.04677808902721528
529,20,0.03864112123847008,18429,0.3812515587085024,0.4244131135188703,0.898302966057275,0.1087440699338913,0.42441311478614807,1.0,0.006778843892046492,0.041659937425541735
530,20,0.24451391398906708,5551,10.75678837264412,5.631944555504349,1.909959919994085,0.34775057435035706,5.63194465637207,0.1775585314585883,0.0068932768860918495,0.0476121560405489
531,20,1.0545318126678467,5584,18.17178515267465,16.14872476674938,1.1252767890434099,0.8199396729469299,16.148725509643555,0.06192438762293911,0.006147765923706569,0.04154678384665968
532,20,0.03440621495246887,41139,0.7045777042908213,0.5056103385973003,1.393519179698969,0.10090388357639313,0.5056103467941284,1.0,0.005532501914165028,0.03816668606624667
533,20,0.04017233848571777,16019,1.8621859420107043,1.338849764098255,1.390884916250134,0.1291465014219284,1.3388497829437256,0.7469092244927431,0.0051328996272524295,0.03996602435342644
534,20,0.21778781712055206,10022,9.07402831201014,5.492330133233271,1.6521272559897475,0.3735068142414093,5.492330074310303,0.18207205400952173,0.005720216022425618,0.044847200864977795
535,20,0.05606658384203911,6390,1.3039786417575345,1.3363733965744011,0.9757592040511419,0.13022702932357788,1.3363733291625977,0.7482933323230047,0.0051436137382443944,0.04468007328192063
536,20,0.6238406896591187,14179,11.425032694499514,12.434219997854836,0.9188379083263488,0.6655306220054626,12.434219360351562,0.08042321681773108,0.006022677671828342,0.04164311049959533
537,20,0.2316199690103531,7101,3.6807341494325194,4.498837675661922,0.8181522461554802,0.38666170835494995,4.498837947845459,0.22227957292823528,0.005502005985683879,0.04178215645343584
538,20,0.9955615997314453,7851,10.504177897204164,9.261803223125659,1.1341396101976453,0.6600783467292786,9.26180362701416,0.10797031898980816,0.00613708141231915,0.04602131165164786
539,20,0.20779308676719666,13448,1.8788912766597008,1.9057619980883205,0.9859002742962868,0.32414180040359497,1.9057620763778687,0.5247241970395502,0.005694874340708451,0.04745377514124855
540,20,2.7587780952453613,8278,22.023526876597785,22.994609920006734,0.9577691012464185,1.17490553855896,22.994609832763672,0.043488450718859685,0.009643577940108963,0.044964511970160395
541,20,0.4389429986476898,2392,7.034528315617199,11.287296469520912,0.6232252634288391,0.5495432615280151,11.2872953414917,0.08859517547386753,0.009464923514221618,0.046821427185943856
542,20,0.10991838574409485,32086,4.962897350633525,3.0458036078870334,1.629421325058712,0.2037450075149536,3.0458035469055176,0.3283204764455362,0.008373053161618217,0.03421502727084271
543,20,0.08671660721302032,20799,3.204546059585598,2.3609066735724555,1.3573370330370638,0.1432502120733261,2.3609068393707275,0.4235658772121059,0.007360019404867051,0.03850311180210852
544,20,0.7781094312667847,18714,12.207318121634199,10.160035575867118,1.201503481998502,0.6427619457244873,10.160036087036133,0.0984248375703241,0.0061395626031528665,0.030740264528493683
545,20,0.351034939289093,17629,8.364633093688306,6.28898038558441,1.3300459821532238,0.44046321511268616,6.288980484008789,0.15900825953180728,0.006298611830671522,0.03618859942704585
546,20,0.21257829666137695,35048,19.472668395812377,11.335478248336207,1.7178515073829204,0.3087595999240875,11.335478782653809,0.0882185861713817,0.006651756816403671,0.036062763029548583
547,20,0.16900016367435455,21100,9.085731772984198,3.932049003281911,2.3106863025863666,0.2686797082424164,3.932048797607422,0.2543202786008664,0.006370460823613937,0.04453792861130638
548,20,0.08907786756753922,21180,2.3734617773228095,1.4677935147664518,1.6170270228362782,0.22219179570674896,1.4677934646606445,0.6812942984024681,0.005810141984364572,0.04040799408259419
549,20,0.5039740800857544,10114,19.28042932185486,11.474561477397321,1.6802759181544251,0.5851758122444153,11.47456169128418,0.08714929073153939,0.008954980503483232,0.043072514975504954
550,20,0.6181318163871765,12018,9.30858104607459,7.008394731072937,1.3282044467047565,0.544763445854187,7.008394718170166,0.14268600692842892,0.008999361711000957,0.042549041823833185
551,20,0.04336733743548393,14612,1.0081808319058732,0.9862557575490967,1.022230617350452,0.1374858319759369,0.9862557649612427,1.0,0.008113847532565652,0.04200320757420948
552,20,0.17800037562847137,16757,2.473246860931699,3.6109061820568424,0.6849380006661387,0.3336488902568817,3.6109061241149902,0.27693872083322923,0.00714497913204353,0.03688500924955366
553,20,0.5184581279754639,6866,4.050678130470617,4.712579521742873,0.8595458414612976,0.4168914258480072,4.712579727172852,0.21219795646872985,0.006297453003637261,0.03363486044627848
554,20,0.04156528785824776,17673,1.315711044436482,0.8015624088733929,1.6414330685543133,0.1343686729669571,0.8015624284744263,1.0,0.005627746550810285,0.03022805857247953
555,20,0.30095767974853516,18151,10.756720283158483,2.9755380559254117,3.6150504819571054,0.4123665392398834,2.9755380153656006,0.33607356342364453,0.005000614279897016,0.04115620608646955
556,21,0.006839921697974205,1562,0.5612159218673238,0.33432356845721284,1.6786609584704475,0.03889676183462143,0.33432358503341675,1.0,0.004497162143614681,0.039258406698693425
557,21,0.21162883937358856,5866,12.512014489755764,5.008438111406341,2.4981869020719443,0.33600181341171265,5.0084381103515625,0.19966300437459167,0.005473629697017188,0.0405941387413462
558,21,0.35174575448036194,13908,7.458007748564352,5.694424418871761,1.3097035275148494,0.46506792306900024,5.694424152374268,0.17561035104360867,0.005114307250587528,0.03605364186128854
559,21,0.08342984318733215,5389,2.3186535797238306,2.4066255109053727,0.9634459408894861,0.25108543038368225,2.406625747680664,0.41551935752551944,0.004670784987404823,0.03503792086352984
560,21,0.10430742800235748,13770,5.256814802490477,1.3751407209566242,3.8227468086536787,0.24489019811153412,1.37514066696167,0.7271978037066298,0.004116323849078738,0.04155369027153925
561,21,0.22436410188674927,15021,3.4833276654329635,3.0525158042322653,1.1411333761490254,0.3587656021118164,3.052515745162964,0.32759853048623105,0.0038709656022538116,0.041904125510338515
562,21,0.10738608986139297,10589,5.693133906878668,2.5776187326332964,2.208679598266401,0.23156514763832092,2.5776188373565674,0.38795480447013175,0.003779308935757138,0.03931866899049378
563,21,0.17484097182750702,10160,6.459511171632173,3.5155928408388797,1.8373888741020954,0.30770424008369446,3.515592575073242,0.28444698701531973,0.003478497359843962,0.03901009682098423
564,21,0.055243927985429764,17309,2.9695594085749746,1.4130044855800883,2.101592343745295,0.126948282122612,1.4130043983459473,0.7077113797092297,0.003199199245213961,0.03751096854219627
565,21,0.3608967363834381,9853,26.958187930283618,7.02640835839132,3.8366953008196347,0.4777161180973053,7.0264081954956055,0.14232020541033483,0.003396980103394111,0.03709257856524117
566,21,0.11305584013462067,4839,9.098699422268073,3.6703413075456006,2.4789791084442765,0.23089490830898285,3.6703412532806396,0.2724541557687641,0.0031676104959773082,0.0354104733061359
567,21,0.5134026408195496,27598,14.459066029808298,4.846007343037216,2.9837069996561647,0.5691804885864258,4.846007347106934,0.20635540188390303,0.004343940977739236,0.036458360611202834
568,21,0.0954093486070633,3357,5.686654835042407,2.6125694573343203,2.1766521150570624,0.16585683822631836,2.612569570541382,0.3827647801271749,0.004298186700128059,0.03981645387467964
569,21,0.5249110460281372,22146,7.52708123407454,4.892583542493025,1.538467594615168,0.5534060597419739,4.89258337020874,0.2043909566668005,0.004314285125338192,0.042984705888013355
570,21,0.03471103683114052,13660,1.1427144287197242,0.46324077495392507,2.4667829139844484,0.11918535083532333,0.46324077248573303,1.0,0.0039368828422184565,0.04056712047686298
571,21,0.17166680097579956,19400,11.736711495505839,5.163201992002308,2.2731459109450856,0.3207016885280609,5.163202285766602,0.1936782157612696,0.003921195554457483,0.036372582282469736
572,21,0.053295500576496124,49944,2.758399101310839,0.9577007773188269,2.880230617573848,0.1355608105659485,0.9577007293701172,1.0,0.003612131756511436,0.0381109272918944
573,21,0.813499391078949,2318,27.318701696882048,18.94225817861986,1.4422093416356898,0.7337073087692261,18.942258834838867,0.05279201155084918,0.008421305627877967,0.03708275995731928
574,21,0.11731383204460144,36938,5.266757379225914,2.4966049740659684,2.109567766600404,0.2019134908914566,2.4966049194335938,0.400543791159027,0.00737216684685439,0.03872782036197473
575,21,0.05094395577907562,8532,2.502311496248471,1.2980080797054112,1.9278088752840843,0.13097123801708221,1.2980082035064697,0.770410562034983,0.00661171849644631,0.045582849302626995
576,21,0.09871843457221985,20299,5.078893796973467,3.073029026827222,1.6527321260663672,0.21377788484096527,3.073029041290283,0.3254117228154811,0.005937596078184689,0.03787417497953763
577,21,0.4844372570514679,15263,14.68286059539288,7.200189936450573,2.0392323987259906,0.5419275760650635,7.200189590454102,0.1388852124728176,0.005890502193257112,0.038487244857677794
578,21,0.06272740662097931,6032,3.528258550395669,2.121192588019466,1.6633372048920372,0.12309760600328445,2.121192693710327,0.4714326668824055,0.005338598969115808,0.04100611655294848
579,21,0.14676059782505035,19488,4.831301338745701,1.7461767587541912,2.7667882501138217,0.27702459692955017,1.746176838874817,0.5726793558692562,0.004765184725119076,0.04742759478891251
580,21,0.1471882313489914,34478,4.334734885660878,3.9130597791782624,1.1077609671912703,0.2728966772556305,3.913059949874878,0.25555441451326627,0.00453299775889993,0.04317941465298851
581,21,0.613166093826294,6624,10.369884654685404,8.39579644536795,1.235128164690718,0.612231969833374,8.395796775817871,0.11910720418734547,0.004336474663414395,0.047606516553049136
582,21,0.5693421363830566,23545,4.992616733495299,4.151857822779668,1.202501854977187,0.5579956769943237,4.151857852935791,0.24085597208895895,0.0038613901971915306,0.04671307090295112
583,21,0.4779294729232788,19553,15.960716182542665,9.139155341057553,1.7464104271034304,0.5805256366729736,9.139155387878418,0.1094192896541671,0.005175527231475046,0.05165508854192565
584,22,0.048193320631980896,14759,1.1886368379386576,1.1954897740437107,0.994267674843535,0.14176948368549347,1.195489764213562,0.8364765583595596,0.004728527570075145,0.048039505214597336
585,22,0.11429747194051743,48850,3.7462218007188492,2.9300128894937596,1.278568368811795,0.22996152937412262,2.9300129413604736,0.3412953043956087,0.0041643601895900864,0.04213568019848106
586,22,0.12489704042673111,18604,7.517974169146834,3.154114069953142,2.3835454274664643,0.21651729941368103,3.154114007949829,0.3170461436819955,0.0037440568425513893,0.03743923694815631
587,22,0.8464747667312622,4484,19.127123745961654,13.351597287551895,1.4325719488104265,0.6968087553977966,13.35159683227539,0.07489740273502375,0.0050263626530794294,0.03576529680356614
588,22,0.026383526623249054,16977,1.0471044260545184,0.7477968735034214,1.4002524791892264,0.07324077934026718,0.747796893119812,1.0,0.004465197258574292,0.03228448708080418
589,22,0.06794455647468567,33165,2.9242100488496576,1.5977010316597156,1.8302611007330416,0.127656027674675,1.597701072692871,0.6258989188857563,0.003958248032148944,0.03750778729312966
590,22,0.2503550350666046,5297,4.206531604792256,8.928974159538306,0.4711102898979936,0.33665335178375244,8.928974151611328,0.1119949359271696,0.0038619772728914798,0.03545555212749815
591,22,0.6628694534301758,3576,20.163412456835594,13.43816016212259,1.5004593049625652,0.6999703645706177,13.43816089630127,0.07441493916480058,0.006168418612143293,0.034672103018105895
592,22,0.23688258230686188,14771,5.942624099615098,6.231052129623201,0.95371118327869,0.3947843909263611,6.231052398681641,0.16048650782090534,0.007359021340902479,0.03686872772773248
593,22,0.3177400529384613,27020,3.6047262003711538,4.492656404524137,0.8023596455630051,0.4121631383895874,4.492656230926514,0.2225854207430313,0.006064762590727414,0.030407457299366114
594,22,0.13299554586410522,26296,2.845180612742552,2.270248332477189,1.2532464277318818,0.27789607644081116,2.2702484130859375,0.4404802372091379,0.005853594904477187,0.03714106170120808
595,22,0.3070102632045746,22531,12.137875357271868,6.266301216473148,1.937007963383776,0.4514860510826111,6.266301155090332,0.1595837505517773,0.004534179779953663,0.029092925938250126
596,22,1.7573699951171875,22447,24.11849840542071,16.005408347259216,1.5068967865196194,0.8882392644882202,16.005409240722656,0.06247887339092967,0.0061601872336631384,0.029848318388363246
597,22,0.016849394887685776,18556,0.6371474197977935,0.3672676999922733,1.7348310777382907,0.06598790735006332,0.3672676980495453,1.0,0.005528016049875818,0.026849903508382428
598,22,0.03931561857461929,12609,0.5415032458154291,0.7065580738736132,0.7663959493746086,0.10885685682296753,0.706558108329773,1.0,0.004964179804231033,0.02356285424266166
599,22,0.1221221387386322,8193,3.5268608430179693,3.5603247900002204,0.9906008724043293,0.24022696912288666,3.5603246688842773,0.28087318211914486,0.0045150432580274985,0.023374765691257838
600,22,1.8760703802108765,12185,48.68304195735953,23.737105429318518,2.0509258006339466,1.050600528717041,23.737106323242188,0.04212813239551097,0.012297826220025197,0.025820943028671245
601,22,0.3652341961860657,22794,15.971991820230347,7.8808817397567665,2.026675738534972,0.4679068326950073,7.880882263183594,0.1268893303713315,0.010504773745514161,0.025967314319353643
602,22,0.03864062577486038,9258,6.65184168732787,1.6376418745110548,4.061841475145368,0.07248630374670029,1.6376419067382812,0.610633732106907,0.009006329283759306,0.033555251181983756
603,22,0.3228902220726013,4992,15.245737949836782,9.341590215994582,1.6320281234057497,0.48363515734672546,9.34158992767334,0.10704814712423559,0.0073030129900148715,0.03358650030456994
604,22,0.4042043685913086,1560,13.210770022227639,5.79195623420786,2.280882224938313,0.4934721887111664,5.791955947875977,0.1726532170386245,0.008543413399396587,0.03736980004243254
605,22,0.1429189145565033,17374,2.7766924602830865,3.182366697116203,0.8725243583017623,0.2895205020904541,3.1823668479919434,0.3142314301066718,0.008025386700505706,0.03762803675472456
606,22,0.0569259449839592,17164,2.1654044166952087,1.4564769757320848,1.4867412618076583,0.13510097563266754,1.4564770460128784,0.6865877606171332,0.007155698551045622,0.045923926666496605
607,22,1.0627882480621338,8735,22.43940544007591,16.988264542555406,1.3208768549526728,0.765457272529602,16.988264083862305,0.05886416270663988,0.006996643924590888,0.041977449673931105
608,22,0.5534734725952148,23217,16.036317615527633,10.087145614438288,1.5897775474334757,0.5805425047874451,10.087145805358887,0.09913606089967296,0.006228130767330697,0.04227141898013482
609,22,0.08840511739253998,11489,6.893744698850005,2.647788139432973,2.6035862145389417,0.1765940934419632,2.6477882862091064,0.37767355778968353,0.005742905884870513,0.05208386650195092
610,22,0.06598824262619019,8300,2.2441550736596967,2.2881524830763875,0.9807716444847601,0.11865696310997009,2.2881524562835693,0.43703362519409217,0.005111867552934024,0.04504563301511452
611,22,0.4990123510360718,5702,6.139141651019677,9.937010851776241,0.6178056703965144,0.5756760835647583,9.937009811401367,0.1006338846741151,0.005622443467243413,0.04287512237882042
612,23,0.3349481225013733,7538,11.342525868015064,5.291204926588715,2.1436565064822664,0.47762593626976013,5.291204929351807,0.18899283326939117,0.007378476407279646,0.05111391785467476
613,23,0.2583353817462921,25321,20.50360224639124,8.010561885548071,2.559571043746559,0.41150835156440735,8.0105619430542,0.12483517164883903,0.007400153604083603,0.055453735542233276
614,23,0.021456800401210785,56533,0.7437107316238276,0.6269352844049529,1.186263957576617,0.0694911926984787,0.6269352436065674,1.0,0.006623171983741759,0.0460935988811789
615,23,1.2274094820022583,4548,20.64816555345886,20.225533731905795,1.020895953953756,0.8873102068901062,20.22553253173828,0.049442453442861294,0.008830652309567649,0.04512495140413586
616,23,0.03096873313188553,20234,0.44830504664404885,0.6030471853105197,0.7433996170838029,0.08330468833446503,0.6030471920967102,1.0,0.007924011145957862,0.04178689819558297
617,23,0.09850551933050156,6583,3.3022939973836287,4.200402643316269,0.7861851060010859,0.15844488143920898,4.200402736663818,0.23807235272918137,0.007109688703618348,0.03486658642543096
618,23,0.47711750864982605,29071,15.378213190030435,7.17057378619953,2.144627982160251,0.5619629621505737,7.170573711395264,0.13945883562315162,0.007173281408102965,0.03376959459237066
619,23,0.20540329813957214,17046,5.0127007346759,3.783894990363001,1.3247462594604644,0.3462353050708771,3.7838950157165527,0.2642778754612872,0.0064295615155442925,0.03427173846274821
620,23,0.017897173762321472,2434,0.5360400566093819,0.5258224725269485,1.019431623057705,0.04323475807905197,0.5258224606513977,1.0,0.005781710905076909,0.031651943050720936
621,23,0.10740532726049423,18902,4.588117610925064,2.7035780770685154,1.6970538597865292,0.2355506867170334,2.703578233718872,0.3698800418083044,0.005018740741408116,0.038685380929782666
622,23,0.7826200723648071,15345,7.255225567463622,8.643987885666306,0.8393377759695376,0.7021737694740295,8.643988609313965,0.11568732092441347,0.005091589322038993,0.04215117666101394
623,23,0.10972990840673447,15629,2.7802041476958683,1.772877256470751,1.5681876100259895,0.2507202923297882,1.7728772163391113,0.5640545361682772,0.004623672029830918,0.052688896805061475
624,23,0.07865950465202332,18897,2.6602156712294995,1.5988605584760724,1.6638196852909901,0.19657985866069794,1.5988606214523315,0.6254449957286776,0.004095495250304332,0.046761827927416434
625,23,0.6501877307891846,9241,12.323948219103961,10.203040539136028,1.2078701610398894,0.6599500179290771,10.20304012298584,0.09800999407393919,0.005505039942850726,0.05302350614183388
626,23,0.24439509212970734,18546,7.936773311963951,5.187991722533105,1.5298353845651835,0.3794059157371521,5.187992095947266,0.19275276229283644,0.006595740208667151,0.06365361079671905
627,23,0.004303577356040478,4989,0.15491204821678767,0.1812838976472101,0.8545273475827498,0.009720764122903347,0.1812838762998581,1.0,0.005947455324663611,0.057481124470180646
628,23,0.17593836784362793,9850,7.290011786729786,5.335018701857078,1.3664454042477534,0.31458497047424316,5.335018634796143,0.18744073470279013,0.0051743465524122095,0.04836601312371601
629,23,0.02188970521092415,7707,1.063119034792656,0.7843133180034356,1.355477473591292,0.044599127024412155,0.7843133211135864,1.0,0.00461724420664137,0.0429882994946199
630,23,0.1838713437318802,5197,6.073796081560245,3.4157574490312594,1.7781696072363253,0.3275470435619354,3.415757417678833,0.29276075111879446,0.004790068952567652,0.052649240664221594
631,23,0.8257759213447571,400,33.33606108632064,25.34220002234809,1.3154367441233132,0.7896907925605774,25.342199325561523,0.039459872747961255,0.007743618318834928,0.04592771707416874
632,23,0.6709195971488953,21187,20.285230342999174,14.47139283537529,1.4017469205459316,0.6563534736633301,14.471392631530762,0.06910184502349284,0.008636051318652152,0.03906196567620324
633,23,0.028037840500473976,16263,1.903628125262932,0.6999493083229136,2.7196656995366233,0.07574186474084854,0.699949324131012,1.0,0.007722510268771643,0.033501329371046766
634,23,0.06066657602787018,35422,1.2591408296500768,0.9528343396002124,1.3214687772242364,0.17968735098838806,0.9528343081474304,1.0,0.006790680102552344,0.03625503213486875
635,23,0.154164120554924,8399,3.4183793001245766,2.9072678511436636,1.1758047332235575,0.2576141059398651,2.9072678089141846,0.3439654417004126,0.006758785331280239,0.04276877340983951
636,23,0.1361541450023651,18807,6.5357221414279145,3.728889577983911,1.752726114501844,0.25864800810813904,3.7288897037506104,0.2681762699545404,0.007141366230154518,0.044236905000307095
637,23,0.08620705455541611,16909,1.5242596877413632,1.4694349944058451,1.0373100501507033,0.2120264321565628,1.4694349765777588,0.6805332222292181,0.006518888091581405,0.04678231347937205
638,23,4.361821174621582,12273,60.551840522206724,34.09625692653232,1.7759087354567054,1.2115205526351929,34.096256256103516,0.02932873225611857,0.016514560473726708,0.03663311083655094
639,23,1.2090245485305786,9745,10.585391187476322,13.979537605779429,0.7572061026610312,0.8933932781219482,13.979537963867188,0.07153311726407378,0.014799079221389302,0.03567205219778255
640,24,0.10524975508451462,7098,7.301741029244495,3.9155658331096586,1.8647984328343532,0.2398063689470291,3.9155659675598145,0.25539085610970946,0.012432408414930773,0.02832160365511704
641,24,0.20234303176403046,7895,12.035880805236953,6.202042488218885,1.9406317883338946,0.3463193476200104,6.202042579650879,0.16123717725574113,0.010270460483838522,0.03129670002840451
642,24,0.13696949183940887,15094,10.373475479826448,6.926604865098869,1.4976277240952276,0.23309752345085144,6.926604747772217,0.14437085585845952,0.00955421102971769,0.025406964191506908
643,24,0.04335879907011986,2268,2.2913896104203824,1.727350206758325,1.3265344812267394,0.057274118065834045,1.7273503541946411,0.5789210154446194,0.008670264269608378,0.027155983518715066
644,24,0.5975122451782227,12174,18.50639438953275,12.281861439047864,1.5068069674433593,0.6202517151832581,12.281861305236816,0.08142087699302848,0.006972050330711469,0.03129254695784702
645,24,0.2597076892852783,6629,16.668951462863568,6.715256562295552,2.4822508728040242,0.35944628715515137,6.715256690979004,0.14891461296315675,0.006605663879504639,0.03789431356209884
646,24,0.2523173391819,20195,5.674099404558985,4.04007692719725,1.4044533078962713,0.3706488013267517,4.040076732635498,0.247519990004663,0.005523483052953851,0.03662467072179824
647,24,0.12198124080896378,3237,2.486526709076595,4.4136103801849105,0.5633770303421882,0.22676679491996765,4.413609981536865,0.2265718488066181,0.004985787882579512,0.032580234200619604
648,24,0.09741941094398499,7470,2.5752057743327033,2.4607933281295997,1.046494130528637,0.22324685752391815,2.4607932567596436,0.40637286000366113,0.004681586568005032,0.03837611966038235
649,24,0.04177814722061157,18651,1.390310187549985,1.2038315131552857,1.1549042971177728,0.10238566249608994,1.2038315534591675,0.8306803110835786,0.004223129738688344,0.03853072582522922
650,24,0.046110741794109344,8393,2.610192085303307,1.5105321052441458,1.7279951059892873,0.15763996541500092,1.5105321407318115,0.6620179147579164,0.004032009166697403,0.0382456188512496
651,24,0.06094685569405556,38512,4.037947893839502,2.947543455321789,1.3699366794907188,0.12987297773361206,2.9475436210632324,0.3392654322699556,0.0036708822612566494,0.035202973576039666
652,24,0.5099210143089294,22879,25.50576537536292,11.071943443906633,2.3036394201776322,0.6089866161346436,11.071943283081055,0.09031837357853144,0.006934889617474948,0.037207992903615414
653,24,0.20539993047714233,13926,11.974533396894671,5.521114460830449,2.168861645931422,0.36365604400634766,5.521114349365234,0.18112282332861793,0.005988021022133819,0.03616519090846537
654,24,1.336107611656189,3154,41.35535492364619,26.77896100553023,1.5443226088982387,0.987899899482727,26.778961181640625,0.03734274663883686,0.009271026115577086,0.0316141338060249
655,24,0.9280880689620972,10813,18.398822315521727,12.502539952207707,1.4716067603744292,0.7718769907951355,12.50253963470459,0.0799837432420893,0.012724404317073541,0.039382442299377554
656,24,0.008168913424015045,12107,0.39563931763177845,0.336823267605239,1.1746199140087257,0.0311487577855587,0.3368232846260071,1.0,0.011457967024534785,0.03532544245941959
657,24,0.12490498274564743,36023,5.939701675992292,3.0103151323303177,1.9731162402895444,0.21290002763271332,3.01031494140625,0.332191045546155,0.009942187167006738,0.03701177501418839
658,24,0.24130091071128845,18331,13.682242720740247,5.626178121911227,2.4318893615280563,0.3805021047592163,5.626177787780762,0.1777405300684461,0.00877961745153781,0.0435596285350264
659,24,0.058543186634778976,17974,2.414670207250306,1.1415845526292652,2.115191732129513,0.11711858212947845,1.1415845155715942,0.8759746741349447,0.007823177175271558,0.04905511672090653
660,24,0.08538690209388733,30865,5.786707596057182,2.4575127418755724,2.3547009533055014,0.1887643039226532,2.457512617111206,0.4069153444510694,0.006933054476838195,0.05394628000503645
661,24,0.26191461086273193,12651,7.604103345914098,4.542645064272076,1.6739373731218252,0.4217771291732788,4.54264497756958,0.22013601872955615,0.006745090692500661,0.04900976593924687
662,24,0.16716189682483673,8804,10.653259752741828,4.991517501856655,2.134272743464705,0.30628594756126404,4.991517543792725,0.20033983470692793,0.00739729094146012,0.04570965154758654
663,24,0.029403913766145706,14524,1.203031362878904,1.010047281089202,1.191064404015229,0.125327467918396,1.0100473165512085,0.9900516476424432,0.006549521445204796,0.04036229876004348
664,24,0.10553597658872604,11071,6.699797829382513,2.1309739549481552,3.1440073745727077,0.24114029109477997,2.130974054336548,0.46926874998606555,0.005444161460135113,0.044699164090191174
665,24,0.3555329442024231,10700,5.335770924149196,3.529753356973911,1.5116554570606284,0.45941486954689026,3.5297532081604004,0.2833058454008245,0.004723243781888134,0.04530745730172588
666,24,0.12940169870853424,30384,1.6873640782761288,0.8371654775279667,2.015568156556891,0.2621461749076843,0.8371654748916626,1.0,0.004203093203053454,0.04491053848347632
667,24,0.8306586146354675,25433,21.348996770018484,13.532553808668547,1.5776029470757678,0.7284032106399536,13.532553672790527,0.07389587732541499,0.004892287501927757,0.046568236026522214
668,25,0.7294046878814697,15808,17.198454428141627,11.74731312523441,1.4640330299186588,0.7166221737861633,11.747313499450684,0.08512583876483099,0.005224052637610589,0.04499685353933659
669,25,0.09386623650789261,23576,3.231473349080241,2.8860146315655046,1.1197009584550248,0.1860036849975586,2.886014699935913,0.3464984615372002,0.00459377884408741,0.03769975875855072
670,25,0.1372591257095337,15784,5.530414065541937,4.599635581250114,1.2023591799500013,0.27002352476119995,4.599635124206543,0.21740850210678442,0.004507623279067948,0.03940051550519088
671,25,0.05163724720478058,16996,2.717504281722997,1.4991678514417148,1.8126751311454707,0.1304015964269638,1.499167799949646,0.6670362937339598,0.004017348662635119,0.040201189746675886
672,25,0.3394428491592407,16482,3.376433597845218,4.399709976074567,0.7674218564872118,0.428367018699646,4.399710178375244,0.22728764672441223,0.004103618228373335,0.040827751739444224
673,25,0.04198586940765381,10185,1.1592482793208132,0.9737665630091018,1.1904786253261268,0.12461985647678375,0.9737666249275208,1.0,0.0037701151921359756,0.04602237745615513
674,25,0.05056560039520264,8300,1.1299049685195417,1.465428395709215,0.7710407221718514,0.14973798394203186,1.4654284715652466,0.6823938097354392,0.003403211866750581,0.044730726555650434
675,25,0.22772018611431122,7252,15.362531863399616,6.751876872590866,2.2752979879952027,0.37210798263549805,6.751877307891846,0.14810693475194345,0.005230175266535306,0.047237754452273475
676,25,0.029984578490257263,6675,0.8546198286372755,0.7973041618762688,1.0718868275126718,0.0779588595032692,0.7973042130470276,1.0,0.004785111983491434,0.04754344346184219
677,25,0.23865337669849396,6857,7.526847090518168,5.032380699819189,1.4956831645879074,0.3958463668823242,5.0323805809021,0.19871307132094324,0.0049570158207376605,0.0518520393897317
678,25,0.20262928307056427,1160,4.934796136220769,5.126222348128962,0.9626574504753924,0.3248051106929779,5.126222610473633,0.19507537633685196,0.004791996054049518,0.050330357428190156
679,25,0.12080683559179306,9703,6.616447254198916,3.4992596148273525,1.8908134812750865,0.2325582653284073,3.4992597103118896,0.2857746486431043,0.004606126196627151,0.04990139277100504
680,25,0.036991607397794724,3358,4.821789977242171,3.154247599663202,1.528665656353513,0.09108567237854004,3.154247522354126,0.3170327236148358,0.004208896896305019,0.045597887311718245
681,25,0.7141314744949341,56938,19.148858242025963,16.05829705750065,1.1924588375378544,0.620931088924408,16.058298110961914,0.062273095867131256,0.005343973935606908,0.04191311944728293
682,25,1.492997407913208,14839,30.28097386032988,22.12792222931912,1.368450844436119,0.9666221141815186,22.12792205810547,0.045191769574311653,0.008255231818499813,0.03929507258456019
683,25,0.44763022661209106,40922,14.427061592760376,8.524873600068679,1.6923490329102893,0.4948039948940277,8.524873733520508,0.11730377644939673,0.008749131437768487,0.04148395275489597
684,25,0.16588030755519867,6074,3.7467543225455753,3.624582758367176,1.0337063801055,0.2974836230278015,3.6245827674865723,0.2758937478477533,0.007809204910110956,0.036594545048049015
685,25,0.30554190278053284,31555,4.86685752669204,2.780647162050647,1.750260728190024,0.3941907584667206,2.780647039413452,0.3596283980661354,0.006867426863763803,0.0318298547965066
686,25,0.21214385330677032,6802,13.036344342032304,8.802756324331336,1.4809389084186735,0.3438819944858551,8.802756309509277,0.11360076903628126,0.006057658956668016,0.034314949049703274
687,25,0.3292243182659149,27904,4.4069328049706495,4.313691745617885,1.0216151419364776,0.4452943801879883,4.31369161605835,0.23181994847693926,0.006133089014504784,0.041323184875604935
688,25,0.07355133444070816,10820,3.979246421671676,3.1583887081343303,1.2598976216644875,0.15002301335334778,3.158388614654541,0.3166170491949829,0.005976383397286435,0.03977952920762576
689,25,0.20712238550186157,21259,8.747764083746056,6.51914600769533,1.3418573649706078,0.4005337953567505,6.51914644241333,0.153394291022479,0.005799192737113715,0.036207265846205115
690,25,0.05813334137201309,21575,0.8717307597000347,1.0659397078122532,0.8178049408520177,0.1520453244447708,1.0659396648406982,0.9381385221375781,0.005360218764773202,0.034108087663114094
691,25,0.5845763683319092,7268,8.512699289567681,6.479094309221414,1.3138717980151349,0.5178235173225403,6.479094505310059,0.15434253117282065,0.005192123242400209,0.038599444875533
692,25,0.16291052103042603,18736,9.585434481514714,4.706857684576563,2.0364827500356,0.2973550856113434,4.706857681274414,0.21245592181859244,0.005086852713510609,0.042898308737973866
693,25,0.3885519504547119,5316,9.623838676695911,7.729771046223003,1.2450354116758946,0.4952961802482605,7.729771137237549,0.12936991961025363,0.005014240957764514,0.04129682007882416
694,25,0.07030580937862396,1004,5.569723518126932,3.261563414258503,1.7076851836687248,0.11865022778511047,3.261563539505005,0.30660132212247015,0.005091219001795165,0.046897944059044835
695,25,0.020966574549674988,25250,0.8765706543029554,0.3254962817157114,2.6930281651139096,0.07093224674463272,0.32549628615379333,1.0,0.004564767412945066,0.044626044600839
696,26,0.08058089017868042,11709,4.060914184928793,3.139240904869034,1.2935974995193675,0.1414158195257187,3.1392409801483154,0.3185482375438781,0.0036102427602672494,0.03694323239753559
697,26,0.3530331552028656,7072,26.92608924865803,5.069802341157708,5.311072786814811,0.4714295566082001,5.069802284240723,0.19724631192465777,0.005248134569313974,0.04986919149964478
698,26,0.06405004858970642,18632,5.205421467921471,1.7705158295741943,2.9400592646327395,0.13117609918117523,1.7705157995224,0.5648068407313344,0.004606411436011789,0.04580960286695426
699,26,0.048272136598825455,16020,1.0865699518110254,0.6116618319736319,1.7764226816364275,0.14634691178798676,0.6116618514060974,1.0,0.004093150648507393,0.04521933445734198
700,26,0.08979739248752594,24009,2.8199091488164156,0.894088383489164,3.1539489841134234,0.2128656655550003,0.8940884470939636,1.0,0.0038382712358036157,0.05091789702688783
701,26,0.6251465082168579,22226,6.726156720944262,4.808067462610386,1.3989314362263778,0.46998780965805054,4.808067321777344,0.20798373339885098,0.0027988549342462398,0.0477750753175016
702,26,0.5506267547607422,8552,10.887639910471364,7.735053241538626,1.407571424589733,0.5660032033920288,7.735053062438965,0.1292815786325205,0.004135415775247294,0.047126853174119486
703,26,0.030601782724261284,45754,1.2045661419848472,0.5755985583496557,2.0927191781655288,0.10106402635574341,0.5755985379219055,1.0,0.003714862499483614,0.04077495870482799
704,26,0.059252865612506866,9113,1.291140413241426,0.6680722220828827,1.9326359794065964,0.1432976871728897,0.6680721640586853,1.0,0.003418831764850269,0.04254574555908583
705,26,0.18521253764629364,2434,13.772801584160314,6.148468081221063,2.2400379089912827,0.3031991422176361,6.148468017578125,0.1626421141817673,0.004320879674767058,0.04370474801427437
706,26,0.053342387080192566,6733,3.61938633833538,1.721617903501427,2.10231685612247,0.09309489279985428,1.7216178178787231,0.5808486696446202,0.0037886369060431612,0.0406692371743058
707,26,0.05525696650147438,14958,4.01042271733438,1.8114267033348563,2.213958041994707,0.12331254035234451,1.8114267587661743,0.5520507208529997,0.0035021155441640295,0.0438159455007679
708,26,1.0413236618041992,15364,11.310017856150687,13.79518382599577,0.8198526383415904,0.8123711347579956,13.795184135437012,0.07248905978298213,0.004143423847477883,0.04181681020203468
709,26,1.990734577178955,12390,15.738620098284073,23.98122986831907,0.6562891138070974,1.1407275199890137,23.981229782104492,0.041699277617820586,0.006675446224087724,0.04249896204339545
710,26,0.26111966371536255,40448,3.445673709548593,4.329215303983079,0.7959118379669445,0.4131324589252472,4.329215049743652,0.2309887029221407,0.006396655403939217,0.047815657261184225
711,26,0.08745047450065613,9407,2.0738667622292013,3.1068668009525964,0.6675106771853448,0.16755032539367676,3.1068668365478516,0.32186756972293185,0.005527420467526489,0.04408851923461093
712,26,0.21929697692394257,16667,6.107422811910316,5.390055187973456,1.1330909608377204,0.37699204683303833,5.390055179595947,0.18552682322412503,0.005452859765392054,0.04610219118520531
713,26,0.023230383172631264,15194,0.9711690970161039,0.5255251777345759,1.8479972761738146,0.07686496526002884,0.5255252122879028,1.0,0.004870018212281626,0.04026351679696154
714,26,0.04280303418636322,22056,4.386666791002859,1.7002370094213586,2.5800325288138457,0.09091777354478836,1.7002369165420532,0.588152981574368,0.0045014881913237,0.05054311166070975
715,26,0.41596585512161255,7235,18.60643032040848,13.899488574407316,1.338641362292032,0.5220869183540344,13.89948844909668,0.07194508860647321,0.005449708801003219,0.04109043146181916
716,26,0.16054344177246094,16066,4.398076694796556,2.755653577363045,1.5960194455950414,0.3151486814022064,2.7556536197662354,0.3628901796426255,0.005294926928085719,0.039833785035546326
717,26,0.3665107488632202,12124,16.355624084989124,9.813305783796567,1.6666783289269727,0.49120503664016724,9.813305854797363,0.10190244886830753,0.006285938897638793,0.03611752764240051
718,26,0.12052417546510696,27953,2.227095476577424,2.0505185901048524,1.0861132824269866,0.2604857385158539,2.05051851272583,0.48768128944584566,0.0055300503164349285,0.033476259455058006
719,26,0.16273827850818634,3633,7.555858122936535,5.049132179098783,1.4964666906944948,0.29180753231048584,5.049132347106934,0.19805379086947322,0.0053831454300776035,0.03651008166668578
720,26,2.0138399600982666,14720,44.71438767158706,24.332875315689346,1.8376121642621617,1.0238945484161377,24.332874298095703,0.04109666398850366,0.011293147169488805,0.03668612485332194
721,26,0.06418738514184952,8075,3.564850015361813,2.9467518675940867,1.2097557499034253,0.1762988418340683,2.946751832962036,0.3393565923867505,0.01004015178372724,0.0385489243405366
722,26,0.046782251447439194,8867,3.2235385865986967,1.3306697540897183,2.4224933171351934,0.1511118859052658,1.3306697607040405,0.7515006938838222,0.00915865226264869,0.046317454678795444
723,27,0.5568011999130249,23361,16.159681771050412,9.869201929377848,1.637384855096128,0.5467922687530518,9.86920166015625,0.10132530807551256,0.01021523891432455,0.042351646186072935
724,27,0.17419640719890594,9717,3.9491528242415157,4.551873270812279,0.8675884826503363,0.27199047803878784,4.551873207092285,0.21968972658380975,0.009041467389590137,0.03749978364898183
725,27,0.010334905236959457,4935,0.30875457725542643,0.23908724479844237,1.2913887460388123,0.03545285016298294,0.23908723890781403,1.0,0.00813894770045805,0.03375588414047547
726,27,0.2058781534433365,18766,23.016608834204376,7.222247411928211,3.1869039540499715,0.32028573751449585,7.22224760055542,0.13846103274859523,0.005671639885798068,0.034179944492409124
727,27,1.310916543006897,20700,40.33039361841255,21.52350013908324,1.87378415953719,0.8558059930801392,21.523500442504883,0.046460842008967336,0.011148266033004678,0.03634289171728335
728,27,0.10526172816753387,17392,6.11081937999155,2.705880950347506,2.2583474632187723,0.25644651055336,2.705880880355835,0.369565281936289,0.010249668652877018,0.039558290003686374
729,27,0.13195128738880157,8832,6.574742695817517,2.8820067609028963,2.281307172837947,0.2601747512817383,2.8820066452026367,0.34698034256244625,0.008636861172824901,0.04138011839777005
730,27,0.09003647416830063,10596,2.09934932074327,1.181382418232071,1.7770277332238884,0.19191639125347137,1.1813822984695435,0.846465326956525,0.007519671105572729,0.04679358360359101
731,27,0.2791605293750763,12589,9.72995046417121,4.597831455811335,2.1162042492599684,0.414126992225647,4.5978312492370605,0.21749379833636484,0.007218676049973338,0.04387960462112418
732,27,0.02812877856194973,5046,1.6544677934326057,0.9694765190691573,1.7065578803491148,0.06405346095561981,0.9694765210151672,1.0,0.006482712216802315,0.03883077063029589
733,27,1.595971703529358,3891,73.91873903462987,30.213484552506667,2.44654796126436,1.0123724937438965,30.213485717773438,0.03309780196311266,0.010564970570477597,0.03761089871548743
734,27,0.4690369665622711,12441,12.828609108940991,4.592587469996268,2.793329292636994,0.4687498211860657,4.592587471008301,0.217742130894748,0.01084310909441265,0.04301916167886643
735,27,0.12753526866436005,43238,2.7794375568314433,1.5555917919058655,1.7867396647962324,0.2711116373538971,1.5555918216705322,0.6428417424336738,0.010143070088829123,0.046898831890231106
736,27,0.179764062166214,7308,7.511818792404548,4.062583005388318,1.8490253078988323,0.32232022285461426,4.062582969665527,0.24614875839288314,0.009141230764077232,0.04612236118871163
737,27,0.05440911650657654,20583,2.6392293097014417,1.5194887342448575,1.736919300695787,0.1501467227935791,1.5194886922836304,0.6581156852055423,0.008240210500050065,0.04324278828886377
738,27,0.08639797568321228,40126,7.578318799874007,3.707444805430389,2.0440813545684637,0.16554254293441772,3.707444906234741,0.26972746879956333,0.0074685415801266615,0.04095411339530852
739,27,0.25600168108940125,12198,20.716480067493098,7.653135621343455,2.7069270809359782,0.3530958890914917,7.653135776519775,0.13066537672083064,0.007098269754653099,0.03975639526979599
740,27,0.11406826227903366,21582,6.122323210326833,2.784521254206034,2.1986986815334353,0.22733764350414276,2.7845211029052734,0.35912805251451757,0.006586048628268069,0.0417448388943186
741,27,0.0778467059135437,19443,5.847766821664201,2.223915857816143,2.629491039919111,0.18447089195251465,2.2239158153533936,0.4496571063702731,0.006198617884540249,0.04516038396409603
742,27,0.5308249592781067,10951,29.26975619868759,20.012045238702225,1.4626069374498507,0.6119599938392639,20.01204490661621,0.0499699033605249,0.008848989340251015,0.038993306728581256
743,27,0.370345801115036,6679,33.36804629689933,15.793639550165697,2.112752174121078,0.5033307075500488,15.79364013671875,0.06331662162913737,0.008524716235228103,0.03678814309223294
744,27,0.5032256245613098,5640,35.10199807069447,10.38960088621203,3.378570404689435,0.5676891803741455,10.389601707458496,0.09625007116798791,0.00786953047697221,0.04544958356531617
745,27,1.1569280624389648,13733,20.150525319568892,10.758399070882188,1.8730040767965932,0.7669500708580017,10.75839900970459,0.09295062454435161,0.008396936675723558,0.04707098922962441
746,27,0.19534863531589508,15076,6.415311331688194,3.6504555331999518,1.757400213025699,0.32615819573402405,3.6504557132720947,0.27393832567970594,0.007606961789781937,0.04559768386906402
747,27,0.014878139831125736,26363,0.9791146765091119,0.4642856677592266,2.108862591499941,0.061496417969465256,0.46428564190864563,1.0,0.00688384808503989,0.0456375920614515
748,27,0.18299764394760132,27353,5.089666496704018,3.985456282966727,1.2770599237169533,0.30691707134246826,3.9854564666748047,0.25091222484788733,0.006201570026889416,0.04275995198678024
749,27,0.1396651268005371,10636,7.617719833162712,4.02163859219622,1.894183094408982,0.2946259081363678,4.0216383934021,0.24865481515836543,0.005300329084468847,0.03822560127094131
750,28,0.05019572377204895,36712,1.2327972179097169,1.000337569563017,1.2323812035241404,0.14165090024471283,1.0003376007080078,0.9996615139036241,0.0046982746919380595,0.04031293015088748
751,28,0.20552600920200348,7971,6.898467084363084,8.325792385683457,0.8285658307099338,0.3128795325756073,8.32579231262207,0.12010867462731509,0.005241846358059268,0.03819024310031115
752,28,0.5457539558410645,9057,57.759716190909764,26.407466650314973,2.187249422890728,0.5967332720756531,26.407466888427734,0.03786807596339895,0.012738952770891206,0.031083712820014736
753,28,0.8650800585746765,8832,34.79097215033029,17.590940330336334,1.9777778502454348,0.7367077469825745,17.590940475463867,0.05684744056449829,0.015177453510215277,0.03366931581687619
754,28,0.01520923525094986,18534,0.5267485473861051,0.2874324589255478,1.8325993847504662,0.04382532835006714,0.287432461977005,1.0,0.013645274851610656,0.029571478589115102
755,28,0.04185933247208595,16525,0.8327333953114668,0.8933863450718826,0.9321089357410453,0.14193999767303467,0.8933863639831543,1.0,0.012349621320694497,0.0344237438635836
756,28,0.027284523472189903,10360,0.6075227905051417,0.5514380458282396,1.1017063387267072,0.06767760962247849,0.5514380931854248,1.0,0.011121856826128394,0.03199843250655494
757,28,0.005251430906355381,6360,0.26456486695097325,0.20152894896224186,1.312788402420681,0.017370080575346947,0.20152895152568817,1.0,0.010015396675697695,0.02871041244157679
758,28,0.11506041884422302,7357,8.069716897797479,3.0024329025457113,2.6877259741433743,0.24975132942199707,3.0024328231811523,0.3330631277463013,0.008576046313426055,0.03592536781382004
759,28,0.10106158256530762,7623,5.604152107458263,2.043216952356243,2.742808149175151,0.18611463904380798,2.0432169437408447,0.4894240494820345,0.007714300113123287,0.047304149068253164
760,28,0.019006147980690002,12003,1.4448399776573315,0.579287350120009,2.4941680106695148,0.06906583905220032,0.5792873501777649,1.0,0.006900304059391193,0.04415518110385339
761,28,0.013857431709766388,25842,1.0939358144689424,0.5108787216169004,2.141282790178773,0.07033256441354752,0.5108786821365356,1.0,0.006207572593463206,0.04063844144802235
762,28,0.05449382960796356,9245,1.6090673504454893,0.8019253424945222,2.0065051759534263,0.1539832055568695,0.8019253611564636,1.0,0.005582464834638451,0.03929540260125157
763,28,0.2502481937408447,14233,38.75504314461894,8.977569418931424,4.316874794962881,0.36906397342681885,8.977569580078125,0.1113887093485037,0.0074368769998099365,0.04766999904944374
764,28,0.059222955256700516,6650,3.0853889074310255,1.1567612696376937,2.6672650514956513,0.126357302069664,1.1567612886428833,0.8644818471504658,0.006663259468130785,0.052798777601952666
765,28,0.02183094620704651,39610,0.8315266973279573,0.39925972312869545,2.082671126478351,0.07564990967512131,0.3992597162723541,1.0,0.006018053961398329,0.049482376194112325
766,28,0.5190724730491638,2874,18.73063371605622,18.16283390932609,1.031261630732501,0.6102988719940186,18.16283416748047,0.055057483635068356,0.007600133561094554,0.05069857245977042
767,28,2.1028101444244385,22998,10.801784961282285,10.154723872142823,1.0637202052252217,0.996656596660614,10.15472412109375,0.09847632388618428,0.006910317462747488,0.049770292951643424
768,28,0.12738355994224548,19859,4.548946367615684,1.9230307090191412,2.3655089574380996,0.23604989051818848,1.9230307340621948,0.5200122193967175,0.006149045863996537,0.048126159236930234
769,28,0.1607666313648224,10185,4.443567989610595,3.512425957574144,1.265099405163911,0.25233525037765503,3.5124261379241943,0.2847034146852051,0.005575353702625429,0.0509468258934873
770,28,0.060685619711875916,23119,2.021787817842933,1.2776136623834395,1.582471976755183,0.16813316941261292,1.277613639831543,0.7827086265478711,0.0050558495824025804,0.051530291600576185
771,28,0.10456477850675583,15094,13.992504838320205,5.113499664205738,2.7363852072318213,0.20021355152130127,5.113499641418457,0.19556074597902182,0.0045552264249317425,0.043432061536644584
772,28,0.628602147102356,14708,44.61720049575736,19.572303020062865,2.2796091216255743,0.6526556611061096,19.572303771972656,0.05109260312725101,0.006291261820946463,0.044112218806084104
773,28,0.6044016480445862,18471,18.91612684289755,9.875093337989496,1.915539043071651,0.6055122017860413,9.875093460083008,0.10126485412794667,0.006962398017470143,0.05076287095161749
774,28,0.02318710647523403,21698,0.453359937601779,0.512197698714617,0.8851268538273814,0.06926973164081573,0.5121976733207703,1.0,0.006262624022690179,0.0456728811022771
775,28,0.21600456535816193,16583,10.875787114572592,6.140989922577664,1.7710153007392884,0.3369327783584595,6.140989780426025,0.16284017282478738,0.005904821152245476,0.04557837486896012
776,28,0.34871548414230347,5549,11.25332050063856,5.833599489479755,1.9290526408147728,0.4468672573566437,5.833599090576172,0.17142073239052494,0.005983588957796008,0.04808901387943311
777,28,0.29169762134552,20295,3.4422419352842755,3.073801760580001,1.1198646508139265,0.39714232087135315,3.0738015174865723,0.3253299437133955,0.005516800894933661,0.04689273988435222
778,29,0.1965446174144745,44779,3.550509569374213,2.7473171494264617,1.2923551873558303,0.30270183086395264,2.74731707572937,0.36399134444398673,0.004909208411900408,0.04156465263096523
779,29,0.12966226041316986,26077,8.029925641660755,4.7117731918222425,1.7042258433822317,0.2606275975704193,4.71177339553833,0.21223427016092264,0.004193833435038641,0.039457694159932694
780,29,0.08889107406139374,24060,2.5001894879107422,2.961788552256665,0.844148541935898,0.21716061234474182,2.9617884159088135,0.33763372730979724,0.003978752089237284,0.037548437164777224
781,29,0.16240194439888,18786,6.784649115691617,4.041626665493949,1.678692684214253,0.3175072968006134,4.041626930236816,0.24742505180119478,0.003841990448778498,0.039484085612644285
782,29,0.043652817606925964,9814,1.5039618147466662,1.1098978961355153,1.355045198285232,0.10283973067998886,1.1098978519439697,0.9009830024137032,0.0034414899557272034,0.03361225594499383
783,29,0.209925577044487,17813,5.041470778683299,5.706298980665783,0.8834922242532411,0.356916218996048,5.706298828125,0.17524491003280915,0.0032781228099837104,0.03401984182946994
784,29,0.03923770412802696,28655,1.3600425396608669,0.7884025171901403,1.725061133120581,0.15108683705329895,0.7884024977684021,1.0,0.0029733774826365437,0.03573241502962402
785,29,2.2027602195739746,5822,18.627875394138172,20.371581661600285,0.914404963913536,1.0232527256011963,20.37158203125,0.04908798685237178,0.004978093241763321,0.03552680458272573
786,29,0.03374544531106949,13274,1.0527785934199183,0.645400841396703,1.6312011480183133,0.11759411543607712,0.6454008221626282,1.0,0.0044503837591822895,0.034550900767862366
787,29,0.12140399217605591,31613,5.954417331225829,2.741943428337172,2.1716047346880027,0.29647135734558105,2.741943359375,0.3647047018225929,0.004083643260868649,0.03327389412438381
788,29,0.8391939997673035,14648,21.078669377715272,21.640101172744256,0.9740559533179503,0.6723594665527344,21.64010238647461,0.04621050011364618,0.006242662586753177,0.03415708770685955
789,29,0.18199235200881958,19365,3.6734796142790036,3.767968847080154,0.9749230323718451,0.3271060287952423,3.7679688930511475,0.26539490186590664,0.00600249406110443,0.03726461830142412
790,29,0.03871174156665802,12340,2.1802035032020957,2.303872489007274,0.9463212541509132,0.07962161302566528,2.3038723468780518,0.4340516380186813,0.005856684391418976,0.03941774714675676
791,29,0.5109239816665649,5488,14.75438767171183,10.060000460194084,1.4666388664783134,0.5429151058197021,10.0600004196167,0.09940356450149503,0.005252323471515825,0.04046085805583203
792,29,0.026922885328531265,3927,2.761934048085944,0.9960316523578825,2.7729380301769617,0.05419166013598442,0.996031641960144,1.0,0.0046690676190384315,0.03492296267735768
793,29,0.08349999040365219,6435,6.70016762823389,3.373431469248276,1.9861579194092676,0.22169014811515808,3.37343168258667,0.29643395736393446,0.004711311474272948,0.03990223108918116
794,29,0.24776796996593475,20611,17.643311423549665,5.245194263020411,3.363709814893779,0.386848509311676,5.245193958282471,0.19065068275888225,0.0037096553559009997,0.03782598459988051
795,29,0.1508350372314453,11057,9.15910716607673,3.757333753369819,2.4376613224363726,0.27654245495796204,3.757333517074585,0.2661461191319712,0.003358358677061514,0.04252886581240287
796,29,0.3141387701034546,9329,26.276832454242054,7.498667912027252,3.5042000475968074,0.45424938201904297,7.498667240142822,0.13335701326892596,0.0045989631926982065,0.049034604410274664
797,29,0.722296953201294,3648,15.842591373162733,11.639053401666636,1.3611580621232322,0.6045988202095032,11.639053344726562,0.08591763302944636,0.005810768490151519,0.043000782544705206
798,29,0.100161612033844,10286,6.138340338150017,2.9991136293991763,2.046718162985271,0.18223188817501068,2.9991135597229004,0.3334317446321203,0.005511398299020435,0.04325746183462418
799,29,0.08762530237436295,11143,4.090801545859769,1.7613170901073745,2.3225809644577176,0.1817895472049713,1.7613171339035034,0.5677566027119475,0.005307126832434234,0.04931998570099652
800,29,0.15224090218544006,26655,14.741065471350144,5.730962892486537,2.57217953560187,0.27736806869506836,5.730963230133057,0.17449070694632182,0.005996352378851415,0.05015068456888249
801,29,0.0367448665201664,3815,2.0503911691895245,1.0558648449788266,1.9419068443638723,0.1348169595003128,1.055864930152893,0.9470899395865502,0.005219407808879239,0.048320125013972245
802,29,0.7689974308013916,21978,13.747612763302877,11.935871119648505,1.1517896453046297,0.659521222114563,11.935871124267578,0.08378105844204184,0.004986190081923711,0.05138721896268414
803,29,0.20782825350761414,5334,2.322735789376146,4.314856105206446,0.5383112976984143,0.3529631197452545,4.314856052398682,0.23175738798672085,0.004581405857239904,0.04779224680358403
804,29,0.1209276095032692,18864,3.2475585570475722,2.7013561538032547,1.2021956277309505,0.23268938064575195,2.7013561725616455,0.3701842948267811,0.004152153315031459,0.04132531212264496
805,29,0.4837380647659302,8836,18.101823813941994,17.593133246729145,1.0289141541803757,0.6075302958488464,17.5931339263916,0.0568403530231495,0.006994217824267162,0.03690487192476698
806,30,0.7750492095947266,12536,4.703971913281065,9.795977419532544,0.48019423808605044,0.6236552596092224,9.795978546142578,0.10208269579266079,0.006315582833595751,0.03115268173345365
807,30,0.04691770300269127,15364,1.6972229209252345,1.1482916117516653,1.4780417304753468,0.1399437040090561,1.1482917070388794,0.8708580955623378,0.005647828711034997,0.030885868773895254
808,30,0.386235773563385,16519,14.438787229554114,7.954427640801886,1.8151887076688178,0.47705599665641785,7.954427242279053,0.12571613817380875,0.0061261557297377246,0.03173826069538877
809,30,0.2104712575674057,23079,21.57169046667611,8.977282875933039,2.402919765902073,0.37071502208709717,8.977282524108887,0.11139227109341666,0.005172926063130281,0.027107394582371176
810,30,0.0802411437034607,7703,1.941364740752163,2.0564072282365564,0.9440565633568646,0.20163248479366302,2.0564072132110596,0.48628477243752616,0.004622101892045797,0.02750917512636964
811,30,0.40117666125297546,8033,11.85699961800865,10.947513825299884,1.0830769257039754,0.527531623840332,10.947513580322266,0.09134493429197724,0.004728335118526961,0.027268145139269877
812,30,0.07749829441308975,13496,1.7970280457718564,1.2626967429589884,1.423166770478317,0.1966586858034134,1.262696623802185,0.7919552402330811,0.004213946751864212,0.025985531223332935
813,30,0.3775852620601654,8892,4.357914286807371,6.38271700564403,0.6827679000891197,0.43667924404144287,6.382716655731201,0.1566730746897562,0.004243527703797179,0.025873239151266544
814,30,0.12362873554229736,43423,5.101813177286178,2.151874663351101,2.3708691143464575,0.2636590600013733,2.1518747806549072,0.4647108392546978,0.0038567320995909616,0.0318133445943991
815,30,0.1470138132572174,10729,3.3400504778892857,2.654302348928461,1.2583534348437742,0.26087889075279236,2.6543025970458984,0.3767466544192412,0.0035511734388996206,0.03401419118035223
816,30,2.016310930252075,13054,25.61608672155513,24.915613228024952,1.0281138371798637,1.0974737405776978,24.91561508178711,0.040135471533894074,0.0071860161097249626,0.03276746318300061
817,30,0.04044783487915993,29942,1.1635677643225453,0.8451317481241363,1.3767886094728263,0.10272939503192902,0.8451317548751831,1.0,0.006390847163360609,0.03300364434876836
818,30,0.1398516744375229,9062,9.106253401548742,3.3421072313401154,2.724704137603209,0.30875810980796814,3.3421072959899902,0.29921232690150834,0.005706228245839846,0.03877686048679348
819,30,0.055163849145174026,36787,1.3465286623878137,1.732285759049408,0.7773132437029003,0.13673590123653412,1.7322858572006226,0.5772715967007919,0.005090356485927127,0.034576218354528315
820,30,1.8662521839141846,6258,26.29136087651141,19.49829155631672,1.348393052825833,1.0232532024383545,19.498292922973633,0.05128653839922691,0.008920899680495456,0.03493591049165315
821,30,0.030552202835679054,3723,0.9539570850353175,1.1003278575997817,0.8669753096276054,0.07046429812908173,1.1003278493881226,0.9088192139614316,0.007964398521141215,0.033143803296537884
822,30,0.061989925801754,24510,1.7956325049941289,1.8049564941610754,0.9948342305212874,0.12142051756381989,1.8049565553665161,0.5540296485237511,0.007127616635458146,0.031027178719945755
823,30,0.10920114815235138,15073,4.3965095373568355,2.1804842973429284,2.016299563685128,0.24360425770282745,2.1804842948913574,0.458613503307219,0.006334789188239084,0.03535448631972086
824,30,1.6517696380615234,15337,25.279142275400996,21.081979773484566,1.1990876827988484,0.9732348918914795,21.081979751586914,0.04743387311577573,0.008862434134306594,0.02946418394937608
825,30,1.2376142740249634,1234,19.33973447572208,17.326942468241565,1.1161654464524617,0.8116357922554016,17.326942443847656,0.057713583658927085,0.009633408510685459,0.028229033965316713
826,30,0.0657501220703125,8302,2.4457645668729047,1.750436309676239,1.3972313950250932,0.1939045935869217,1.7504364252090454,0.5712857744004047,0.008646036213858394,0.03110654897381012
827,30,0.06108870357275009,18871,2.714791057267984,1.6403064637660982,1.655051124430275,0.13285332918167114,1.6403064727783203,0.6096417998426965,0.007776247741224842,0.02979237756559343
828,30,0.028318922966718674,12467,1.027282887095952,1.010207450902898,1.016902900663399,0.08645793795585632,1.0102074146270752,0.989894744015923,0.006993172532003337,0.03122828031369864
829,30,0.042924512177705765,15814,1.9210963338785458,0.6947421987864066,2.765193099298705,0.09600560367107391,0.6947422027587891,1.0,0.006312504925186784,0.03159432581564702
830,30,0.05695771053433418,28513,2.086049509078396,1.3968338181612894,1.493412803981834,0.13333268463611603,1.396833896636963,0.7159042220434302,0.005662455559786468,0.03634829066012118
831,30,0.01795276254415512,17199,1.4391838660409324,0.41688479446137827,3.452234010830087,0.04393685236573219,0.41688477993011475,1.0,0.005003137694062035,0.03332831427555994
832,30,0.03132561594247818,1663,1.2411700226237683,1.1322442512396056,1.0962034218887065,0.07835929095745087,1.132244348526001,0.883200802106926,0.004520894159867285,0.03461078695508936
833,30,0.12387312948703766,14502,6.25247692617986,4.08977864353577,1.5288057059178206,0.22949984669685364,4.089778423309326,0.24451196421513366,0.004416488615912877,0.03846142008811216
834,31,0.056109294295310974,8626,2.851227372218685,1.6716111325762264,1.7056762285512965,0.1358591765165329,1.6716110706329346,0.598224921659822,0.00399998726321165,0.03949853793021746
835,31,0.114107646048069,10587,4.65033525468709,3.450852466512208,1.3475902837961244,0.2605525553226471,3.450852632522583,0.2897833714462695,0.003782530537447368,0.03588303699350144
836,31,0.02105172723531723,21719,0.8642735366688866,0.5677592062107573,1.5222536723544353,0.07432855665683746,0.5677592158317566,1.0,0.003278389041328993,0.03717446632949932
837,31,0.1513262242078781,25654,2.9806882445003806,1.863833516670346,1.5992245111160173,0.2998340129852295,1.8638335466384888,0.5365283103071279,0.0030602544099534897,0.03615760949265217
838,31,0.777608335018158,15399,30.55865741438399,19.116851256201432,1.5985193902928594,0.7143808007240295,19.116849899291992,0.05230987076626913,0.005583434773206203,0.03661067803885437
839,31,0.16980920732021332,28375,14.897177184341476,5.645213800854022,2.6389039830670638,0.3258724510669708,5.645213603973389,0.17714118419805497,0.006255137788851503,0.03619494161053165
840,31,0.04045967757701874,32166,1.7489669339138811,1.254229339648134,1.3944554465638221,0.14246125519275665,1.2542293071746826,0.797301735000034,0.005714132555418117,0.03905060723117972
841,31,0.10095538944005966,37703,12.391224715548018,9.354452480874635,1.3246338832636972,0.1883619874715805,9.354452133178711,0.10690095783933794,0.005397295313446142,0.035797630698383674
842,31,0.5815120935440063,21253,12.532534564389653,8.719611396319923,1.437281318485996,0.5539319515228271,8.719611167907715,0.11468399978619137,0.005645328364733139,0.035743662393909414
843,31,0.0560111328959465,14347,2.954472955737013,1.9231753556450235,1.536247304263402,0.17538771033287048,1.92317533493042,0.5199731204243316,0.005004839478931197,0.03062528889833267
844,31,0.09039756655693054,15531,5.205438139814713,2.463665979111089,2.112883070979762,0.23222236335277557,2.4636662006378174,0.40589897845825545,0.004339994339091635,0.0333595691964617
845,31,0.11554671823978424,19617,9.575954969312,3.7831884575529346,2.531186346318959,0.2760199308395386,3.783188581466675,0.264327224017232,0.0039623862899071235,0.03140938841904647
846,31,0.05726976692676544,9569,5.746416716897279,2.1317952403599922,2.695576295556508,0.14760850369930267,2.1317954063415527,0.4690879471535152,0.003780697719798495,0.03388652775190683
847,31,0.027962055057287216,6350,0.60093309247172,1.2255131839948636,0.49035220536129964,0.05905916541814804,1.2255131006240845,0.815984083325322,0.003400864294090666,0.03118028335960749
848,31,0.031639229506254196,18602,2.9899556175184516,1.1403716154593757,2.6219133982139553,0.1186046451330185,1.1403716802597046,0.8769063108143414,0.00301482341701817,0.03500442065655948
849,31,0.07232705503702164,21290,6.559729581706871,2.1662824264231473,3.028104508300391,0.18449681997299194,2.1662824153900146,0.461620115307009,0.003185677255268466,0.039096024405046434
850,31,1.814903736114502,2436,85.74216721242655,28.696682427616867,2.9878773418737685,0.9181506633758545,28.696683883666992,0.034847230753443585,0.010512284617188008,0.043657680057906524
851,31,0.10767120867967606,10293,7.442880431411961,3.224827759914205,2.3079931660001796,0.24467304348945618,3.224828004837036,0.3100939611061747,0.009419623170388925,0.04305533377928685
852,31,2.368549108505249,9435,50.48695975665477,22.13311329847484,2.281060015182386,1.1224853992462158,22.13311195373535,0.04518117275641664,0.010803869273412205,0.0477742565863914
853,31,0.5167880654335022,17176,17.342829719399656,8.479369938671438,2.045296979001121,0.5588283538818359,8.4793701171875,0.11793327431712736,0.009976758187621566,0.038791485835767574
854,31,0.11181125044822693,10747,4.863477931203279,3.947524628061972,1.2320323213764877,0.24107687175273895,3.9475245475769043,0.25332324970355835,0.009324376159371874,0.040024233868812695
855,31,0.6666494607925415,8762,25.77940452675787,5.531006530443662,4.660888463041708,0.5116962790489197,5.531006336212158,0.18079889235598764,0.008034121400982962,0.03726130827634711
856,31,0.06570926308631897,13208,8.85626047547277,2.3926849400060366,3.7013901527071607,0.1877107173204422,2.3926849365234375,0.4179403509400802,0.0071441091593910724,0.03987887781046144
857,31,0.32613053917884827,10957,10.766787882817432,7.356393775369748,1.4635959155510008,0.4580810070037842,7.356393814086914,0.13593615150794777,0.007285589267404451,0.03950689846106477
858,31,1.1979867219924927,12068,52.05199004824183,27.92613141155301,1.8639169629741883,0.9479442834854126,27.926132202148438,0.03580875278225297,0.01269472544019963,0.03878430569407293
859,31,0.019142555072903633,25349,0.9826132737694747,0.47980675387028393,2.047935477859232,0.08679715543985367,0.4798067510128021,1.0,0.011433370187418955,0.034675510046096356
860,31,0.08912567049264908,1004,4.888442457423957,2.9605713655537302,1.6511821043395103,0.15456539392471313,2.9605712890625,0.3377725325925623,0.010574230424589057,0.03652589480478342
861,31,0.003170489566400647,1562,0.46040691937920347,0.28119682048443595,1.6373119674126948,0.02985825575888157,0.28119683265686035,1.0,0.009521777804690238,0.03334844296825568
862,32,0.42986226081848145,11312,12.778528945175541,8.081855197944877,1.581138071914898,0.5058233141899109,8.081854820251465,0.12373395693278841,0.010401787771962023,0.03266910126493412
863,32,0.10452088713645935,22745,5.547571444781364,1.7609430162079096,3.1503412624473177,0.1996968686580658,1.7609429359436035,0.5678772501432018,0.009662494057287276,0.0443961454923202
864,32,0.014878715388476849,10441,1.0065334986933292,0.5603041151702433,1.7964056865541793,0.06606832146644592,0.5603041052818298,1.0,0.008651534872038775,0.03895372564425027
865,32,0.0892074927687645,6559,6.7998351918671815,2.9801218800450986,2.281730568604126,0.1986427754163742,2.9801218509674072,0.3355566364236897,0.007646324330144978,0.03523645488826071
866,32,0.40386760234832764,5354,46.817446438474434,18.873827580013838,2.480548592488394,0.4787577986717224,18.87382698059082,0.05298342238937245,0.009943660214539145,0.03660600075273043
867,32,0.8044684529304504,30195,44.24939309261265,16.016805047495794,2.762685377101985,0.6844672560691833,16.01680564880371,0.06243441791655077,0.011303569942742349,0.03312022359195911
868,32,0.04972296208143234,6802,1.6797346241587232,0.899305019217208,1.8678141323162696,0.15738609433174133,0.899304986000061,1.0,0.010182915501517295,0.038077758933339506
869,32,0.14420564472675323,32393,3.499971117173734,2.613058415205529,1.339415566374587,0.32807496190071106,2.613058567047119,0.38269315120513964,0.009096755203801096,0.036490324608749035
870,32,0.21361587941646576,12221,15.75292263466157,8.908793812055036,1.768244160432084,0.31828463077545166,8.908793449401855,0.11224863315452754,0.008691248469704661,0.04035965177677941
871,32,0.6092433333396912,6068,39.97341187875339,9.425793226593596,4.24085389078657,0.6401988863945007,9.425792694091797,0.10609186159323775,0.010196756229502687,0.05268272003426267
872,32,0.0359722264111042,15533,3.0550248137881266,1.3298154632522645,2.2973298914078684,0.10025022178888321,1.32981538772583,0.7519835138369277,0.009226604845878325,0.0484069452771264
873,32,0.16480174660682678,17988,11.821904067098103,4.130446962987976,2.8621367549392875,0.3037846088409424,4.130446910858154,0.24210449364854403,0.008560432724016008,0.04394219792975513
874,32,0.0282234288752079,6309,0.787483675348927,0.6752564519593591,1.1661994092211299,0.0852280855178833,0.6752564907073975,1.0,0.007690274311423539,0.04122572372565857
875,32,0.8636701703071594,8284,9.456325323468407,10.912056303171072,0.8665942569155831,0.7409847378730774,10.912055969238281,0.09164175029685584,0.007200059965922546,0.041094952107474124
876,32,1.6620960235595703,10653,25.36043878700546,20.21396794960427,1.2545997327308858,0.9488553404808044,20.21396827697754,0.049470739086307905,0.008339664100001727,0.04385538872113564
877,32,1.296562910079956,23110,23.63503605242383,14.595513711443246,1.619335675310404,0.8226744532585144,14.595513343811035,0.06851420076360872,0.009588261338908659,0.04836748877125808
878,32,0.5826607346534729,12674,12.975408917352606,3.7378715163441694,3.4713362566404506,0.41648441553115845,3.7378716468811035,0.2675318542043973,0.007572280011617002,0.052943020508642614
879,32,0.23570148646831512,2987,14.669765723011183,7.475560668556325,1.9623632759363634,0.4152766466140747,7.475560665130615,0.13376921290937244,0.0072680830054006025,0.05159034139371419
880,32,0.08358683437108994,20229,9.357358482814568,3.204921960227495,2.9196837236396966,0.2170935422182083,3.2049219608306885,0.31201998058037833,0.006496250101846918,0.05325087175845503
881,32,0.08702907711267471,24084,11.461809516502809,2.419224908182567,4.737802375351992,0.19367927312850952,2.419224739074707,0.4133553904657425,0.005525044930312712,0.05427250971568997
882,32,1.6877610683441162,8981,56.51067636270201,25.474644129017495,2.218310727973231,1.005795955657959,25.474645614624023,0.03925471529116082,0.008118569735509118,0.04991761832412242
883,32,2.185852527618408,6234,97.6814467494545,42.03470102747123,2.3238287500989654,1.1876986026763916,42.03470230102539,0.02378986697821193,0.01704890301769264,0.04913532056416122
884,32,0.2148987054824829,18878,6.232136336398323,2.089775290316368,2.9822040509684973,0.35137996077537537,2.089775323867798,0.478520111735777,0.01593216188000236,0.0540300183603963
885,32,0.23344896733760834,17139,9.338557915465323,2.562346577878592,3.644533489764379,0.3291178047657013,2.5623466968536377,0.3902670981100346,0.014717137187872731,0.061019799071067825
886,32,0.010737424716353416,10644,0.6441181130351705,0.33715732477708477,1.9104378451784365,0.06701815128326416,0.33715730905532837,1.0,0.013246292677355866,0.055188711776311156
887,32,0.516363799571991,9981,20.604107256562546,10.958380417441337,1.880214636805929,0.5865077376365662,10.958380699157715,0.0912543500904757,0.01135381500941644,0.0494780309193267
888,32,0.07892117649316788,28460,4.228447513164515,1.788777830218842,2.3638751787553383,0.20272329449653625,1.7887777090072632,0.5590406431855287,0.010319014001376718,0.04340352366157219
889,32,0.9773010015487671,11970,14.58258426741151,12.46790037161207,1.1696102657840575,0.7197669148445129,12.467900276184082,0.08020596071851953,0.010545339798694483,0.04250275606506666
890,33,0.09959836304187775,3508,3.455637022437436,2.124011183471675,1.626939184372657,0.23103158175945282,2.124011278152466,0.470807071261298,0.009721025738869916,0.044644079186501574
891,33,1.6770788431167603,19956,26.03768654481,15.148693610366708,1.7188073912188644,0.9432618618011475,15.148694038391113,0.06601228669966058,0.00936597693451945,0.04306290028512877
892,33,0.22703418135643005,12029,4.477175366057825,3.5061452081989724,1.27695092478967,0.39511075615882874,3.5061452388763428,0.28521343146271105,0.008444206002703502,0.044443081690312816
893,33,0.3102433681488037,20411,19.529899953341424,7.511137748421812,2.6001253881201034,0.40781503915786743,7.511137962341309,0.13313560100721242,0.008575428588635886,0.04814316788180807
894,33,0.035552363842725754,30883,0.8107692183749666,0.6563447029616049,1.235279594267039,0.12117134779691696,0.6563446521759033,1.0,0.007727970998557232,0.04804139113839253
895,33,0.17207056283950806,6920,4.186345410952678,4.1701269531517875,1.0038892000128747,0.3303925395011902,4.170126438140869,0.2398008249948882,0.007311267067357617,0.04985708260447248
896,33,1.15410578250885,10185,73.61905416887356,19.013141498156486,3.8720089563320084,0.8589676022529602,19.013141632080078,0.05259519792970689,0.008493732806325276,0.04042794185632339
897,33,0.01790980063378811,25459,0.6434510861076072,0.35858944315549746,1.7943949505138916,0.07529351860284805,0.35858944058418274,1.0,0.007687697306177995,0.03688238658594611
898,33,0.1605292558670044,6735,1.6816733043665997,3.091691290251051,0.5439331247815175,0.3186105191707611,3.091691255569458,0.323447457682301,0.006928905047400364,0.03795248038904068
899,33,0.30744537711143494,11071,9.690451289358545,7.731620834948083,1.253353144990634,0.4445663094520569,7.731621265411377,0.12933896220896055,0.006757236536942103,0.032368271580431755
900,33,0.16217049956321716,23940,1.7616130518057398,3.304396413371012,0.533111900459933,0.30142009258270264,3.304396390914917,0.3026270395774406,0.006188851658410829,0.03062673153964588
901,33,0.21853183209896088,31667,14.459153092572725,5.764325601108966,2.5083859055061883,0.3398532569408417,5.7643256187438965,0.1734808011656199,0.006090185089830134,0.03236938539217686
902,33,0.05323920026421547,12729,0.9546534368313812,1.2432628949405384,0.7678612791514794,0.1768965870141983,1.2432628870010376,0.8043344703047467,0.00561802110804739,0.03761611189932907
903,33,0.018824493512511253,1004,1.5716360407275927,0.8858996292110454,1.7740565509949122,0.03724058344960213,0.8858996629714966,1.0,0.005189290649629173,0.04067423145672223
904,33,0.35204216837882996,21404,3.9785388764250844,4.582887479160401,0.8681292950166642,0.44222354888916016,4.582887649536133,0.2182029886545939,0.004896903864378525,0.03669610181981366
905,33,0.061130791902542114,7213,5.0034446294939166,2.6637309280067503,1.8783596259236581,0.16130638122558594,2.663731098175049,0.37541312832664764,0.00418634876583479,0.03642656063041496
906,33,0.13147605955600739,7695,4.277085109193425,2.056337619495019,2.079952760987606,0.2652542293071747,2.056337594985962,0.4863012358170648,0.00385577638982614,0.042862024756151244
907,33,0.2898862957954407,21205,12.031333705068752,6.468341082334598,1.8600339023440087,0.39196375012397766,6.468340873718262,0.15459912594650163,0.004423451011523197,0.042303889407999895
908,33,0.47641581296920776,23186,13.319666406619456,7.955578480848963,1.674254919196825,0.586454451084137,7.955577850341797,0.125697955964202,0.003971814077355758,0.03490552641912219
909,33,0.06131570041179657,7280,2.6330611567152933,1.64112166346705,1.6044277614074374,0.1582246869802475,1.641121745109558,0.609338943707859,0.0036030979092876734,0.032057110133868985
910,33,0.17008009552955627,13810,8.521331498959773,5.103636292045041,1.6696588493659257,0.2769222855567932,5.103636741638184,0.1959386717128196,0.003669149932445396,0.029865174142916617
911,33,0.36482325196266174,20077,7.0952926504452565,6.753276894198036,1.0506444147936547,0.475959837436676,6.753276824951172,0.14807624177778148,0.003712976523127004,0.03291008574630174
912,33,0.03750787675380707,21702,1.2674722259931528,1.2793400756457562,0.9907234597903111,0.10153046995401382,1.279340147972107,0.7816523384596106,0.003503980372602904,0.03497741484839369
913,33,1.8862608671188354,4011,36.02922397816739,19.35923917980424,1.8610867732731764,0.9420921206474304,19.35923957824707,0.051654918794885256,0.0064845429365262925,0.03527404652048444
914,33,0.11910378187894821,19785,8.758241967895184,3.528962673051588,2.481817683925576,0.23678167164325714,3.5289628505706787,0.283369295448659,0.005750464902138783,0.04255769525605943
915,33,0.27870848774909973,11228,2.9268886370190943,2.8078312269437276,1.042401911102013,0.38169458508491516,2.807831287384033,0.3561466275935119,0.005091938869213879,0.03854731532833725
916,33,0.062196459621191025,39166,2.7720484734136503,2.3854768608511794,1.1620521325968232,0.16525019705295563,2.38547682762146,0.4192032256267465,0.004658553585875767,0.03743386534277778
917,34,0.020918773487210274,7432,0.5357273145636795,0.4780040489029343,1.120758947109559,0.08178480714559555,0.4780040383338928,1.0,0.004231628167390054,0.03182530279523367
918,34,1.125342845916748,17329,26.70008028282941,18.066887018748783,1.477846197583464,0.8164937496185303,18.06688690185547,0.05534987571917685,0.007448693301547559,0.03414118681421906
919,34,0.5105825662612915,8095,4.819841210375321,4.640678943153232,1.0386069084751883,0.48658740520477295,4.640678882598877,0.21548566703549032,0.006221467256800242,0.03301118956687166
920,34,0.28850555419921875,5683,15.198261482803924,10.701433498975856,1.4202080015034435,0.4478778839111328,10.701433181762695,0.09344541890508401,0.00733716767238033,0.03260968709347743
921,34,0.05783383920788765,16764,1.033331417779695,1.4350935625078316,0.7200446331688816,0.18096275627613068,1.4350935220718384,0.6968182127518021,0.006698540727019208,0.036033553845940744
922,34,0.19252590835094452,15831,5.60087855804415,3.4715855654882386,1.6133488437450734,0.3467753827571869,3.471585512161255,0.2880527379908054,0.006078336817173421,0.03692245722878275
923,34,1.4154634475708008,4421,23.77484565950232,15.633852609080227,1.5207285276370226,0.8808465003967285,15.6338529586792,0.0639637547237574,0.00504663436468394,0.036984437333346054
924,34,0.8820623755455017,400,37.101726185421136,27.24704605735737,1.36167884427976,0.7888531684875488,27.247045516967773,0.03670122555768611,0.006441591185332677,0.03586001381767991
925,34,1.4526041746139526,19250,18.46408471374899,15.533470341139989,1.1886644972595826,0.8906994462013245,15.53347110748291,0.06437710726105285,0.005460040589207881,0.03623098284631239
926,34,0.25458768010139465,3352,11.166096079660091,8.243114080607347,1.3545968150468721,0.4043625593185425,8.243114471435547,0.12131335578947666,0.005097979645913695,0.03480405689256816
927,34,0.21230162680149078,21815,6.576878662922699,4.83320062168176,1.3607708799459783,0.3598807454109192,4.833200454711914,0.20690219709859076,0.005062889803129493,0.03801638358912576
928,34,0.14829958975315094,17529,2.6085691749646953,2.1190042471251753,1.2310353688542508,0.26487696170806885,2.119004249572754,0.47191954819443027,0.0044460443576589135,0.03489002740231484
929,34,0.04692717269062996,18031,1.2941759817987486,1.0879287305762,1.1895779065528715,0.1339334100484848,1.0879287719726562,0.9191769779282535,0.003992657362505395,0.030242757063313804
930,34,0.6499937176704407,4633,6.912742083488301,6.1429516572609515,1.1253127924775925,0.6823536157608032,6.142951965332031,0.16278815834070923,0.004511397299803765,0.03526171093648715
931,34,0.21248793601989746,40198,7.482509053917654,4.9047417752255456,1.5255663594179825,0.3220385015010834,4.9047417640686035,0.20388429079825496,0.004713279284329774,0.036996185034975856
932,34,0.08310752362012863,12798,4.802093748578147,2.8837678450659356,1.6652150958659035,0.2204032689332962,2.88376784324646,0.34676843199201435,0.004079178018343727,0.035934651435401574
933,34,0.16011366248130798,18333,4.081688270579832,2.0093818177647016,2.031315419743569,0.2757135033607483,2.0093817710876465,0.49766526039173514,0.0034284319484504497,0.03578890353844997
934,34,0.12714141607284546,20049,1.581377435911175,3.3207895066070074,0.4762052616597369,0.21437056362628937,3.320789337158203,0.30113313352259363,0.0030515136788727627,0.03210676898071104
935,34,0.055905744433403015,17762,1.733725486316566,1.2073987409410605,1.4359179180225452,0.16403476893901825,1.207398772239685,0.8282260962705289,0.0028255729377391686,0.03448294459947045
936,34,0.008669071830809116,13971,0.388280662060345,0.3425217098145779,1.133594312224486,0.031111950054764748,0.3425217270851135,1.0,0.0025392433239374347,0.031606153819485595
937,34,0.24328239262104034,13180,4.3409458687222875,5.858539874406473,0.740960369269711,0.3726441562175751,5.858539581298828,0.17069097433448208,0.002540378814346782,0.028346370328771974
938,34,0.26515790820121765,3479,5.374150763561747,5.495106792389764,0.9779884116180402,0.418977290391922,5.4951066970825195,0.18198005482784682,0.0021878361106341983,0.029021309162141823
939,34,0.1836957335472107,41495,6.796704099414498,4.761856450293541,1.427322341687577,0.34895265102386475,4.761856555938721,0.21000208180373986,0.0020251758094279545,0.031909462453860254
940,34,0.4662995934486389,19889,6.261871659669754,7.219486588958183,0.8673569210927107,0.5317674875259399,7.219486713409424,0.1385139832210819,0.002132587738631864,0.02571155074431581
941,34,0.519744873046875,14331,10.324391669949966,13.096181124032144,0.7883513195311116,0.6152579188346863,13.096179962158203,0.07635813852065187,0.003531329993398324,0.025310727443649584
942,34,0.10013183206319809,21889,3.895910755279615,1.8955374870893742,2.0553066250669554,0.21810415387153625,1.8955374956130981,0.527554572125193,0.003067685347414993,0.03299189312254302
943,34,0.021168282255530357,13252,0.6428762283598553,0.5672845743641591,1.1332517353909892,0.057809460908174515,0.5672845244407654,1.0,0.0027610537809059674,0.027756174012821225
944,34,0.03498631715774536,16098,1.12230916879923,0.8639671745069123,1.2990182982802105,0.09417024254798889,0.8639671802520752,1.0,0.0024742901015752656,0.025387919007957668
945,35,0.6402165293693542,14747,16.928773553440916,14.841795332847179,1.1406149440677027,0.6801928281784058,14.841795921325684,0.06737728627475918,0.005269043115389904,0.028672428419693446
946,35,0.2483069747686386,9257,11.793904194440493,8.699406333251835,1.3557136823646425,0.3589414060115814,8.699405670166016,0.11495036821642418,0.004649178896823413,0.023631092787720524
947,35,0.13803145289421082,30983,4.46309490779798,2.5285607578632936,1.7650732314487305,0.2494649887084961,2.5285606384277344,0.39548175721822715,0.004466692036438626,0.023367958888340073
948,35,0.11316343396902084,17146,8.627153652936945,2.6633937333326703,3.2391582006685358,0.21470694243907928,2.66339373588562,0.3754606805091114,0.003785913671744366,0.03034119270234775
949,35,0.0827309787273407,30585,2.4898572209809195,2.210967620826818,1.126139160757443,0.18375487625598907,2.210967779159546,0.4522904210253612,0.003353144393827077,0.03380103232624798
950,35,0.32838529348373413,7511,3.4848643416937457,11.034260656916857,0.315822187824513,0.42744573950767517,11.034259796142578,0.09062682299022568,0.003461083636398806,0.03126782853608469
951,35,0.08694513887166977,12950,2.057626920664617,1.8534761868766148,1.110144783748701,0.19057802855968475,1.8534761667251587,0.5395264737827138,0.0031597469825478675,0.0310283254779801
952,35,0.40069884061813354,10790,13.619355598706239,7.584553437155174,1.7956700696425987,0.510399580001831,7.5845537185668945,0.13184689637112282,0.003438610758345882,0.030330222184833635
953,35,0.13082295656204224,9278,7.109586943099184,3.9979500575402183,1.7783080930910016,0.24592560529708862,3.9979500770568848,0.2501281233126434,0.003060932978775712,0.027197528435413374
954,35,0.04214403033256531,28604,1.3200372262248643,1.1005038774398774,1.1994843937256194,0.1390070915222168,1.1005038022994995,0.9086739084740973,0.002811200370751099,0.02948494958648628
955,35,0.09093382954597473,2536,3.3101870541009495,4.375837825841713,0.7564693176131277,0.16040687263011932,4.375837802886963,0.22852761380063846,0.002752958350577141,0.02932297524881414
956,35,0.08553523570299149,2233,1.6791017442516165,3.610270880273908,0.4650902383601087,0.146476611495018,3.6102709770202637,0.27698744204456016,0.00249386444409098,0.027569186654154712
957,35,0.23900413513183594,33157,5.99968845830358,6.0287278229572205,0.9951831687368511,0.3593035340309143,6.0287275314331055,0.1658724546620591,0.0027024997314419406,0.030644107411959644
958,35,0.2084612250328064,13546,4.463648732111075,3.874947656639172,1.1519249103822333,0.35848385095596313,3.8749477863311768,0.2580679268658943,0.0028477611337137773,0.03103688748660618
959,35,0.5821093320846558,13670,6.249667959936626,8.647282496801314,0.7227320215625772,0.6054208874702454,8.647283554077148,0.11564323964897229,0.002865714528154786,0.02917341388831138
960,35,0.23757705092430115,12525,5.159610462419455,4.1778122500165,1.2350029521785817,0.3756580352783203,4.177812099456787,0.23935967842362868,0.002463845081837187,0.025851631895586775
961,35,0.03219041973352432,27101,1.2053227354117209,1.0286807570338004,1.171717004686756,0.07319675385951996,1.0286808013916016,0.9721179072548958,0.00215367081390658,0.027207821182299054
962,35,0.05242101103067398,47315,3.1557811728790353,1.4211188417538467,2.2206314350052296,0.13671168684959412,1.4211188554763794,0.703670416078161,0.002084937337593889,0.028366910312951018
963,35,0.14900541305541992,21080,6.368925603931176,3.4168518822595826,1.8639747414855767,0.3126660883426666,3.416851758956909,0.29266698641860067,0.0025653676641711714,0.03200149538930262
964,35,0.03842233866453171,15889,1.7761449103308107,1.2548432108718013,1.4154317407474515,0.11399076133966446,1.2548432350158691,0.7969116581129719,0.0024893482835217774,0.03952103341010093
965,35,0.049388568848371506,7079,1.381583837152427,1.0275009344100725,1.3446059179929624,0.14078523218631744,1.027500867843628,0.9732342405358885,0.002162448267646773,0.035569548055829285
966,35,0.019383402541279793,5655,0.4341211633895691,0.4173969838299929,1.0400678016527019,0.08919195085763931,0.41739702224731445,1.0,0.001973929872506902,0.033837640494530107
967,35,0.034869007766246796,5487,1.8418626985896032,1.3150722088106084,1.4005791364521645,0.08961623162031174,1.3150721788406372,0.760413957253387,0.0018987597987495178,0.03586806309163841
968,35,0.06021131947636604,41431,0.8687627077907526,1.167847029263938,0.743901115489043,0.17499341070652008,1.1678470373153687,0.8562757893559378,0.0016475122698104562,0.032882048344578176
969,35,0.01318060327321291,8267,0.6572596639432818,0.5573955375858902,1.1791620485315137,0.07108727097511292,0.5573955774307251,1.0,0.0014368922416093004,0.03152211001885029
970,35,0.3990477919578552,1160,22.910909847484252,12.834275481513478,1.7851346482692692,0.47904348373413086,12.834275245666504,0.07791635312023537,0.005683510394579825,0.0345962788606189
971,35,0.0017660610610619187,2434,0.07277299963268545,0.06166315587094436,1.1801698859496075,0.009748578071594238,0.061663154512643814,1.0,0.005126063259530852,0.03113234001244815
972,35,3.3353445529937744,6100,14.989784322453886,30.568041181141012,0.49037438263140526,1.2448593378067017,30.568042755126953,0.03271390240117271,0.007971738915275011,0.029641035171700726
973,36,0.20827634632587433,11137,4.698479369896531,3.105509714322626,1.5129495001176805,0.38961735367774963,3.1055099964141846,0.32200819805650727,0.007654578387193291,0.034926941086274484
974,36,0.03364787623286247,37120,1.4023357593034187,1.0739533005829767,1.3057697746642052,0.11773796379566193,1.0739532709121704,0.9311383427440009,0.006772002456606687,0.02667126306079556
975,36,0.04234842583537102,9638,3.163244523174934,1.0375411105593653,3.0487895766043414,0.09300055354833603,1.037541151046753,0.9638162642270702,0.006045524482840863,0.026523001831127796
976,36,0.12738099694252014,17017,8.242817381888418,3.224547577127621,2.5562709759204236,0.28377750515937805,3.2245476245880127,0.31012092432867744,0.005559302352944866,0.027074390202447396
977,36,0.12473709881305695,12183,6.207419650374835,4.71039019369219,1.317814320071836,0.2183237075805664,4.710390090942383,0.21229659718126193,0.005294801464980682,0.025749858676298885
978,36,1.9004106521606445,7727,170.00594543832847,51.24749254526577,3.3173514838440665,1.1872421503067017,51.247493743896484,0.019513148984109097,0.016649066603756656,0.025224660526700225
979,36,0.025568967685103416,34325,0.8453408185412309,0.4341529809550838,1.9471035686076292,0.09721184521913528,0.4341530203819275,1.0,0.01502725821958135,0.02491513617679701
980,36,1.1545475721359253,19590,80.14289910745038,17.38708444252215,4.609335128749184,0.8725703358650208,17.3870849609375,0.05751395042542716,0.016624970997547707,0.03223020542523759
981,36,0.5615279674530029,5111,13.582647450640943,8.55510415368071,1.5876659368075157,0.5765945315361023,8.55510425567627,0.11688926905212593,0.015974969888827205,0.0362451597642449
982,36,1.0915721654891968,32731,16.215571626795192,12.80113105404337,1.2667296005591684,0.7490141987800598,12.801130294799805,0.0781180957347285,0.01363002835046368,0.03150383383917242
983,36,0.11614100635051727,2436,2.109443267848699,2.4733862597408636,0.8528563864783708,0.17530018091201782,2.473386287689209,0.4043038488057653,0.012195762331641592,0.029948442135841573
984,36,0.09246016293764114,3768,2.5974018173141533,1.6258346676074371,1.5975805345169982,0.16807478666305542,1.625834584236145,0.6150683437463469,0.01085973423356844,0.034647928520610584
985,36,0.9280664324760437,29570,25.896546169631236,17.185889637364568,1.5068493232568512,0.7464985251426697,17.185890197753906,0.05818726468666891,0.009752466040678011,0.03432621297713706
986,36,0.03905971720814705,18679,2.079856208820099,1.0007981005408904,2.0781975981908274,0.12097889930009842,1.0007981061935425,0.9992015318672878,0.008776419634095938,0.03993661595013729
987,36,1.7171688079833984,553,124.16048554953461,52.38488276985925,2.370158698168751,1.1296277046203613,52.38488006591797,0.01908947733873177,0.015671823512422148,0.042644152730109255
988,36,0.05636082962155342,9076,5.3665628972121056,3.22176740969118,1.6657201513267674,0.15077047049999237,3.2217674255371094,0.31038854067647254,0.014370717418895231,0.044063531890035035
989,36,0.18777155876159668,14994,13.885474847594995,4.796843698505384,2.8947107140302655,0.32349568605422974,4.796843528747559,0.20847037964373985,0.013359312733293027,0.048675302314042504
990,36,0.14986690878868103,13869,6.442904379683397,3.8860352187419833,1.65796345555702,0.24513962864875793,3.886035442352295,0.25733160633838015,0.01234446453958826,0.04865980055286267
991,36,1.1534312963485718,24594,4.562084022283913,11.423432692585111,0.39936192080378236,0.8377538919448853,11.423433303833008,0.08753934879850109,0.011218096552786326,0.043992087162435696
992,36,2.3510401248931885,3648,39.921560052703754,45.68694212733929,0.8738067857864713,1.1955713033676147,45.68694305419922,0.021888091241420802,0.016157519664001217,0.04342094250237637
993,36,0.6291289925575256,11040,7.186570613318241,9.817870541964833,0.7319887324445483,0.6240688562393188,9.817870140075684,0.10185507486629035,0.014809429238945711,0.03964240642097423
994,36,0.027369005605578423,12641,2.1138132381181394,1.3286794416072503,1.5909128808070916,0.08554738759994507,1.3286793231964111,0.7526264839945069,0.013334116046826541,0.04516614395967517
995,36,0.5068747401237488,29046,10.56693982600918,12.658231023154043,0.8347880368654694,0.6099330186843872,12.65822982788086,0.07899998140319994,0.011990803331106277,0.04888876403901634
996,36,0.07800468057394028,7864,5.581422659163945,3.082802947010884,1.8105025702579973,0.15385578572750092,3.0828027725219727,0.3243800364179269,0.010767754472523317,0.047126545751646966
997,36,0.029055913910269737,17395,0.8382101805647332,0.6600471853159862,1.269924634497433,0.08698944002389908,0.660047173500061,1.0,0.009725439495808478,0.045204899601986454
998,36,0.04684249311685562,15236,6.401463055275353,2.383070884863214,2.6862243569561737,0.1314232051372528,2.383070945739746,0.41962644131987503,0.008947095101400552,0.04814100337552408
999,36,0.13012433052062988,15738,5.436816643937224,3.266408253947067,1.6644632946190394,0.22808460891246796,3.2664082050323486,0.30614657785661503,0.008213839558555496,0.050444128534413775
1000,36,0.7877457737922668,10619,10.337398180762532,7.332626889990853,1.4097810151600414,0.6925931572914124,7.332626819610596,0.136376756682723,0.007792555584091853,0.0478813554226412
1001,37,0.3696964681148529,23197,12.622079643677136,6.588608888815904,1.9157427397308513,0.49321630597114563,6.588608741760254,0.15177708791306158,0.006778408363025962,0.04508085391711898
1002,37,0.3920758366584778,29799,17.681723362404313,8.651497431099145,2.0437760634179445,0.5413646101951599,8.651496887207031,0.11558692067401415,0.0063567410099095055,0.044025456497431115
1003,37,0.09960519522428513,7832,4.183301500501592,2.5020226853425784,1.6719678542511456,0.2322394996881485,2.5020227432250977,0.39967646298632015,0.0059046859338153495,0.044157457585371936
1004,37,0.2298728972673416,36692,2.4608424577157013,2.1620720673564544,1.1381870636363256,0.32868897914886475,2.162071943283081,0.4625190852633826,0.005338060078639104,0.04218186068891994
1005,37,0.019227689132094383,8267,0.7874621412484752,0.6242555921622321,1.2614418695388594,0.0796918123960495,0.6242555975914001,1.0,0.004799775240713788,0.03898899809267244
1006,37,0.008622532710433006,32527,0.33548217789224655,0.28358646231559,1.1829978594596005,0.04938587546348572,0.2835864722728729,1.0,0.0043162808655412875,0.035565347599711014
1007,37,0.032279424369335175,5078,2.6589592076305513,0.9430862811381248,2.819423058957953,0.07667091488838196,0.9430862665176392,1.0,0.0038525981797672046,0.03413865149506611
1008,37,0.06313660740852356,27303,1.2527430002079494,1.4595728850636442,0.8582942400663092,0.17191588878631592,1.4595727920532227,0.6851315126680046,0.003457497115772763,0.03736032626591216
1009,37,0.09357757866382599,11050,4.858414631726315,2.8942360702049306,1.6786518148053586,0.2224356234073639,2.8942360877990723,0.345514195853406,0.00322231459364753,0.03851879921693218
1010,37,0.11013691872358322,15525,9.579104698577867,4.216806254856453,2.2716492339536436,0.22642391920089722,4.216806411743164,0.23714623466444135,0.0036911009216640204,0.04039911132382035
1011,37,0.42843523621559143,38493,2.142855296816661,3.996809653105993,0.5361414435012869,0.4896773099899292,3.996809482574463,0.25019950391940293,0.0032677524974016117,0.03583828693823434
1012,37,0.08563558012247086,821,4.669127405893691,2.7606174452383003,1.6913344563353485,0.20664021372795105,2.76061749458313,0.3622376659296438,0.0034440487050205653,0.04519932028461918
1013,37,0.0030387891456484795,5149,0.26773954659795207,0.2048543214731491,1.3069753406775875,0.010318747721612453,0.2048543244600296,1.0,0.0031053825833836693,0.040363074898951495
1014,37,0.05004717409610748,2821,5.292498826009614,2.0883239841901275,2.5343284212959714,0.07920843362808228,2.0883240699768066,0.4788526529593911,0.003156301147789408,0.03765615722408106
1015,37,0.017845217138528824,9599,0.5250863254060724,0.43588857460117253,1.204634294177839,0.05166450887918472,0.4358885586261749,1.0,0.002868224634928422,0.034262740356777545
1016,37,0.34481918811798096,16380,18.592768487760548,8.532251171403377,2.1791164036607054,0.4663744270801544,8.532251358032227,0.11720234681743845,0.0036404673902837763,0.03647933677448769
1017,37,0.0495765395462513,12106,2.2891529052382285,3.056097351576286,0.7490444975703313,0.12362392246723175,3.0560972690582275,0.32721460894258536,0.0035605356610279174,0.03359317620482178
1018,37,0.0876200944185257,21229,2.703726199996377,1.5394973234878313,1.756239623638418,0.20734141767024994,1.5394972562789917,0.6495622816858699,0.003292894196080677,0.03432516595913034
1019,37,0.03080272302031517,4793,1.1455030774539345,0.7327714384053928,1.5632474430842132,0.09428107738494873,0.7327714562416077,1.0,0.0028918480437109873,0.029422224373007462
1020,37,0.009183956310153008,29094,0.3852763393046103,0.3617166318726441,1.065133049893034,0.027843927964568138,0.3617166578769684,1.0,0.002634368051472929,0.027255005195035997
1021,37,0.020329168066382408,15403,0.4717091300420973,0.5577219313306272,0.8457783413964659,0.07064933329820633,0.5577219128608704,1.0,0.0023707035865360507,0.026096058607054346
1022,37,0.053562410175800323,10317,1.3129721201149753,1.3539075392871067,0.9697649817397017,0.14479690790176392,1.353907585144043,0.738602303709899,0.00210007451770781,0.02765882203420222
1023,37,0.10848227888345718,6391,4.139061744269937,4.662559938299612,0.8877230103294979,0.20675648748874664,4.662559986114502,0.21447440644274335,0.0024241499368584628,0.03134694192111844
1024,37,0.06185629963874817,10154,1.5048672070672011,1.022997939952334,1.471036400264744,0.16662412881851196,1.0229979753494263,0.9775180856446406,0.002246136245148377,0.032413474927084025
1025,37,0.3967374563217163,20013,6.09836313767897,6.186969121805885,0.9856786121954917,0.4626067280769348,6.186968803405762,0.1616300114232862,0.0023567748827378375,0.03306249645583365
1026,37,0.3656468093395233,15968,16.434534769976665,6.1271198353504825,2.682261031546137,0.4699862003326416,6.127119541168213,0.16320880147223893,0.003090347883352895,0.03231632600170839
1027,37,0.07831096649169922,9490,5.891537380644074,2.5020082865455,2.354723368552912,0.1724754422903061,2.5020081996917725,0.3996787862023817,0.002904669386808461,0.029691645150103668
1028,37,0.07110782712697983,6262,3.9236714781380306,2.28131146336559,1.7199192399391916,0.2198348194360733,2.281311511993408,0.4383441526501782,0.002758741880208252,0.028139659000730472
1029,38,0.5742332935333252,11469,11.485392705761493,8.144402718085429,1.41021915336476,0.5262958407402039,8.144402503967285,0.12278370042850678,0.0030388645959406172,0.030078708670908474
1030,38,0.7034057378768921,14237,35.146868539950304,16.174396594371235,2.1729941104683563,0.6278344988822937,16.174396514892578,0.0618261050576536,0.0058420001721593675,0.03287596570705693
1031,38,0.19635187089443207,17080,17.58783585933643,6.401902119892383,2.7472828434354972,0.32569050788879395,6.401902198791504,0.1562035489991119,0.006911929316731097,0.0403232633789592
1032,38,0.5900994539260864,17169,15.211397936987288,7.061339862991976,2.154180117672438,0.41944196820259094,7.061339855194092,0.14161616334728164,0.006186295743911856,0.037108301429119306
1033,38,0.12899163365364075,15522,7.225060021177789,2.7029570107743437,2.673020692661804,0.30529308319091797,2.7029571533203125,0.36996503211549925,0.0054161404047306135,0.03755574166366465
1034,38,0.16902464628219604,14095,8.41806617910845,4.193443891887897,2.0074350333841267,0.28478267788887024,4.193443775177002,0.23846743038550944,0.0049171807324338325,0.03580506407803748
1035,38,0.09267392754554749,49181,5.820032632745284,1.967155175480842,2.9586037264801464,0.2352665215730667,1.9671550989151,0.508348066811529,0.004778935985437496,0.03932223767371893
1036,38,0.022214790806174278,9397,1.428510838314996,0.6378547289709149,2.2395551423087343,0.09452478587627411,0.6378547549247742,1.0,0.004293126735879104,0.03629451957212686
1037,38,0.20166386663913727,27653,8.982855679966823,6.070501346588601,1.4797551581161215,0.3335680663585663,6.070501327514648,0.16473101335740933,0.004062369509165571,0.035415427721056006
1038,38,0.4011482000350952,13512,9.615332566345595,7.079614659691446,1.3581717407714542,0.5231963992118835,7.079615116119385,0.14125059658575656,0.003697313825736016,0.0343714705858689
1039,38,0.29502788186073303,16119,17.818173438586925,6.147277866001212,2.8985469384963234,0.4440235197544098,6.14727783203125,0.16267360360967542,0.0034691589622841325,0.03447186737963667
1040,38,0.025171106681227684,22164,0.7329528511520027,0.738565659196353,0.9924003939589473,0.07609041780233383,0.7385656237602234,1.0,0.0031175000198256455,0.035054679727692044
1041,38,0.033088792115449905,12466,0.544288896568474,0.7151258010028095,0.7611092982583837,0.09507211297750473,0.7151257991790771,1.0,0.0028038659615566134,0.030412599249563323
1042,38,0.09640542417764664,6151,5.044463251633036,3.826461958350318,1.3183100489535533,0.22023950517177582,3.8264620304107666,0.26133794892372214,0.002718055322492331,0.03208051310976075
1043,38,0.0295990202575922,1381,3.9683974702728797,1.6061931200133261,2.4706851379350225,0.11581658571958542,1.6061931848526,0.6225897275874958,0.002590872372872577,0.03666235837969682
1044,38,1.5273540019989014,24303,27.551241766059224,17.338275784159503,1.5890416157314124,0.8851483464241028,17.338275909423828,0.057675858173453935,0.004277979666545681,0.038005476135765215
1045,38,0.04561268910765648,7223,0.6209004899214594,1.4933001846816605,0.41579080769577903,0.10174929350614548,1.493300199508667,0.6696572669525912,0.003825611915059948,0.03514284047829597
1046,38,0.01476239413022995,36696,0.204309038635937,0.332250187123479,0.6149252778581332,0.06942534446716309,0.3322502076625824,1.0,0.0034400076217893376,0.03259061548479486
1047,38,0.024790849536657333,6328,1.704974089395056,1.144262076047171,1.4900206212228606,0.11525837332010269,1.1442620754241943,0.8739249054499867,0.0031419333853784006,0.031695989429749966
1048,38,0.025681806728243828,21876,0.637269466454787,0.9236569845233674,0.6899416960322622,0.08509624004364014,0.9236570000648499,1.0,0.002841650698996157,0.031198274928745544
1049,38,0.14124958217144012,15733,4.623032847466515,2.92421447145286,1.580948624868831,0.24766556918621063,2.9242146015167236,0.3419720486688201,0.0025110137712080352,0.03318893150375331
1050,38,0.00011990770872216672,4989,0.009069820400204362,0.007032224934992563,1.2897511787176932,0.0002715805312618613,0.0070322249084711075,1.0,0.0022612200984188763,0.02989238682975603
1051,38,0.4073818624019623,2910,2.7112683360957024,6.901025963986326,0.392879022661895,0.494730681180954,6.901025772094727,0.1449059731290481,0.0020324370949282547,0.026468209744949366
1052,38,0.09901779145002365,21323,15.615309495015119,4.035030994260717,3.869935452099848,0.20716403424739838,4.035030841827393,0.24782951887366472,0.0020712527415454756,0.030101143981898067
1053,38,0.011084954254329205,9733,0.11071114904070355,0.30297629369229956,0.36541191949748897,0.030947614461183548,0.3029762804508209,1.0,0.0018661029803674104,0.027232076574808185
1054,38,0.008749524131417274,17342,0.5424750024777588,0.23942118799767526,2.2657769223029685,0.054067641496658325,0.23942118883132935,1.0,0.001686325014440458,0.024863235452895042
1055,38,0.004617798142135143,5384,0.39358077424265564,0.21430887654191264,1.8365117702618634,0.026275647804141045,0.21430890262126923,1.0,0.0015225696866507023,0.02284741413346465
1056,38,0.042945876717567444,10242,1.9501066765611044,1.0493282358130096,1.8584334338895603,0.15438847243785858,1.0493282079696655,0.9529897694689049,0.0013767466789696954,0.024749155958464462
1057,39,0.018810512498021126,15075,2.347947900718112,0.8940691086680677,2.6261369260518603,0.058110374957323074,0.8940690159797668,1.0,0.0011625383341535083,0.028149739177691434
1058,39,0.05585866793990135,16373,2.5177296429394542,1.7311871310598839,1.4543370833611566,0.16919608414173126,1.731187105178833,0.5776379799563718,0.001128815304941281,0.028639833365905223
1059,39,0.026774030178785324,34204,2.054978498731962,0.7014379840140049,2.9296652670124046,0.0811135470867157,0.7014380097389221,1.0,0.0010056539170801842,0.026746097809980596
1060,39,0.010083645582199097,3927,0.8434502811042648,0.3220681242746772,2.6188567496431463,0.03797456994652748,0.32206812500953674,1.0,0.0008953769509410681,0.025849456166697614
1061,39,0.21944156289100647,24727,11.646953240029628,5.65274089120921,2.060408121331049,0.3624233305454254,5.652740955352783,0.17690529797721694,0.0023386763209268233,0.03198923664616658
1062,39,0.05396294966340065,18845,3.873012648377091,0.9818392662684104,3.9446503938398823,0.1260671317577362,0.9818392395973206,1.0,0.002033501948449175,0.036189955113913576
1063,39,0.2629756033420563,15548,4.724984805776256,2.6013565816959847,1.8163541434576917,0.40205565094947815,2.6013567447662354,0.3844146396288383,0.0020545444805789665,0.03877090085044131
1064,39,0.05048852786421776,10415,3.920255166916597,3.400146465606658,1.1529665579320825,0.13197064399719238,3.400146245956421,0.2941049100709496,0.002053064765536367,0.03512190651764486
1065,39,0.028336036950349808,21332,0.6661286691631783,0.519104747154818,1.2832259246576079,0.11516696214675903,0.5191047191619873,1.0,0.0018149200153644322,0.03218664381285939
1066,39,0.021754570305347443,16484,0.6871423658094055,0.5094433579238448,1.348810137810798,0.06432351469993591,0.5094433426856995,1.0,0.0017131400722566058,0.031129955513065678
1067,39,0.09813251346349716,12392,20.74932051316174,6.958767452967251,2.981752250437849,0.17570056021213531,6.958767414093018,0.14370358955685072,0.0029546196861339833,0.02931864942925119
1068,39,0.2029225081205368,15378,4.746746354313536,2.6756273444282628,1.7740685616016016,0.33832237124443054,2.6756274700164795,0.3737439675224568,0.0030345857843679103,0.03407367283054132
1069,39,0.22407759726047516,3387,6.640463578002601,5.394347839565204,1.2310039647974584,0.39965298771858215,5.39434814453125,0.18537917609834215,0.002701167944948185,0.0325372599998666
1070,39,0.07269398868083954,12421,5.006945173407419,1.6558642438980165,3.0237655000132784,0.19228112697601318,1.6558643579483032,0.6039138358683028,0.0027848578269189716,0.036834958401421196
1071,39,0.06564649939537048,11441,2.6801289453407304,1.9786592669632612,1.3545176726929302,0.20432545244693756,1.9786592721939087,0.5053924688603644,0.002440079403328765,0.041149028560188795
1072,39,0.15773093700408936,25153,3.2651375584755735,3.7952625876712434,0.8603192751619823,0.32732802629470825,3.795262336730957,0.2634863278976968,0.002327431166398527,0.038103841145489495
1073,39,0.5662187337875366,14545,19.528726399492317,7.259060982176347,2.6902551786573774,0.5413894653320312,7.259060859680176,0.13775884808950487,0.002768773753961592,0.04067882632999237
1074,39,0.664074718952179,7408,7.3546103829063965,5.476671075262569,1.342897954219836,0.48023155331611633,5.47667121887207,0.1825926329047225,0.0023971508947683118,0.036623075850668645
1075,39,0.6042746901512146,13404,27.304440494234722,14.104227791162824,1.9359046733023353,0.5777062773704529,14.104228019714355,0.07090072052873206,0.00352295500825355,0.030894895553835473
1076,39,3.628591775894165,10047,65.77289139300062,27.739646977113185,2.3710788910639238,1.1849437952041626,27.739646911621094,0.036049484232316645,0.010557685791384152,0.03078623309139935
1077,39,0.013160601258277893,16553,0.14931338789380075,0.40351511180860383,0.37003171262704376,0.05578072741627693,0.40351513028144836,1.0,0.009500522866230243,0.027403812747086986
1078,39,0.05535633862018585,42321,2.9587909899684552,1.3701703437735926,2.159432951830993,0.18644213676452637,1.3701703548431396,0.7298357219812717,0.00857673716511853,0.028428875159691433
1079,39,0.03185242414474487,7251,1.4334535452252952,1.2794869351755855,1.120334648065367,0.11503379046916962,1.2794870138168335,0.7815626166101437,0.007745433605068779,0.029735545805031606
1080,39,0.22201858460903168,18243,27.545596520958586,6.962589928512724,3.956228472992755,0.355984628200531,6.962590217590332,0.143624689249829,0.007639570819565961,0.03172450694857296
1081,39,0.0019528318662196398,8213,0.048671612237533295,0.0700327390407441,0.69498370195862,0.0033278740011155605,0.07003273814916611,1.0,0.006881611474856259,0.028541001281251213
1082,39,0.70976322889328,26321,27.503679618886878,12.157905392967917,2.2622054317672706,0.7032301425933838,12.157905578613281,0.08225100213872996,0.007128526787765131,0.02968219918190057
1083,39,0.06814317405223846,8120,1.8285547387177126,2.000688618525807,0.9139626835405082,0.22064369916915894,2.0006887912750244,0.49982761163723816,0.006600653967605848,0.03676343116414894
1084,39,1.5123224258422852,9408,23.28029963454791,17.59706302073979,1.3229650656537726,0.9290571808815002,17.597063064575195,0.05682766149684644,0.006829286340715496,0.03586551821990653
1085,40,0.15123750269412994,37107,4.745756964648973,2.308634602420325,2.055655303646391,0.3054223656654358,2.3086345195770264,0.43315629146311224,0.006221050360627003,0.04207832321904525
1086,40,0.16355548799037933,25944,10.1801641532727,4.158914976635417,2.447793285138533,0.2877507507801056,4.158915042877197,0.2404472679155566,0.0061943284501448665,0.037026694126925906
1087,40,0.0845867395401001,12399,2.878519474793737,2.5380933927357874,1.1341266964529912,0.2027294933795929,2.538093328475952,0.3939963888578047,0.005471278748904832,0.033745153900596334
1088,40,0.08471277356147766,4296,1.8040564949107656,1.9837268017094705,0.9094278977101161,0.19315852224826813,1.9837268590927124,0.5041014045431438,0.004996264851197248,0.03399338197445836
1089,40,0.10049928724765778,4367,11.694450066316715,5.865931897838608,1.9936218609397292,0.19908694922924042,5.865931987762451,0.17047586497939998,0.004333851993083974,0.03415168616698522
1090,40,0.5191553235054016,11796,26.485667833495654,16.391727842014614,1.615794752619492,0.5870572924613953,16.391727447509766,0.06100637911384629,0.00623066323411926,0.03185525114670888
1091,40,0.18744753301143646,24151,9.452126593716256,5.7515087059086225,1.6434168975532077,0.31727391481399536,5.7515082359313965,0.17386740748892504,0.005892601359421846,0.033680111452756616
1092,40,0.0016870599938556552,7978,0.09711542098435377,0.07907293948257119,1.2281751711599291,0.01906508207321167,0.07907294481992722,1.0,0.005308657622725058,0.03056103425438585
1093,40,0.032138604670763016,10253,0.7522651322316662,0.6500444587075626,1.1572518189389456,0.08017916977405548,0.6500444412231445,1.0,0.0047946847599532995,0.03136690000822833
1094,40,0.020265161991119385,14206,0.8468479222553661,0.4543816893792036,1.8637369023617645,0.09968644380569458,0.45438170433044434,1.0,0.004296279040890392,0.028351006980663906
1095,40,0.1366933435201645,17427,2.393896718920698,2.7146404166014153,0.8818467095236306,0.2823038101196289,2.7146403789520264,0.36837278314310706,0.004010525721552675,0.032209885814634076
1096,40,0.021869242191314697,15857,0.6713194213436599,0.5801306214212028,1.1571866689227779,0.09250561147928238,0.5801305770874023,1.0,0.0036238088359793912,0.030258579908724516
1097,40,1.7145558595657349,11383,53.022002637337536,24.640439583465955,2.1518286010170784,1.0099730491638184,24.640439987182617,0.04058368924972474,0.007059350730247717,0.027620457874258906
1098,40,0.04913238063454628,5171,2.7531271407331483,1.8908172254528433,1.4560514383257372,0.1366104930639267,1.8908171653747559,0.5288715849637515,0.006356895234074362,0.028968109975730277
1099,40,0.03502822294831276,13430,1.945256979276618,1.5457958180744844,1.2584178042986702,0.106737419962883,1.5457957983016968,0.6469155590816715,0.0059004300104514296,0.03080102011079649
1100,40,0.05455949157476425,11880,1.6489914239151056,1.5147059804451959,1.0886544617915566,0.17081990838050842,1.514706015586853,0.6601936808304565,0.005415355790825105,0.030151950059114134
1101,40,0.108652763068676,10153,5.726663752518237,4.0026548412482725,1.430716356929463,0.24599485099315643,4.002654552459717,0.24983413808502178,0.004467662564610006,0.029408224505611157
1102,40,0.723357617855072,8226,29.144962395041492,18.471103861254985,1.5778679289533115,0.6889582276344299,18.47110366821289,0.054138613686755294,0.006744657984130634,0.031247931005577097
1103,40,0.03925533592700958,12647,1.5049115672721245,1.7434643726757637,0.8631731114537282,0.09852313250303268,1.7434643507003784,0.5735703319818107,0.005958605704409196,0.03095288761941397
1104,40,0.056276511400938034,13362,2.0152832451268416,1.6565086892131293,1.2165847714827984,0.16988123953342438,1.6565086841583252,0.6036789338228961,0.005283104689214405,0.029423064908914085
1105,40,0.04868195205926895,17792,4.474064367931717,1.3234466489549703,3.380615585419465,0.15933874249458313,1.3234466314315796,0.7556022439046532,0.0048522178345004685,0.03583417792517328
1106,40,0.8907837867736816,55403,14.136816432900345,13.635633739540205,1.0367553648720989,0.7403135299682617,13.63563346862793,0.07333725484507095,0.0045172584811135445,0.03441246258726465
1107,40,0.019496237859129906,3933,0.8537320838047148,0.5493228454483319,1.5541536108995868,0.05331989750266075,0.5493228435516357,1.0,0.004035656700182704,0.03161668350421383
1108,40,0.020479435101151466,8976,1.133676554562827,0.44980648104007925,2.5203650955382573,0.05632764846086502,0.44980645179748535,1.0,0.00361116951666485,0.02981090104811787
1109,40,0.018954342231154442,16896,1.3000244138341441,0.8201754955003082,1.5850563945946012,0.07844755053520203,0.8201755285263062,1.0,0.003218044891650466,0.03131092893704145
1110,40,0.02949116937816143,22338,2.1485121835388354,0.8108027829457525,2.649857929360282,0.09167075902223587,0.8108027577400208,1.0,0.0028429279698801457,0.029858091063765486
1111,40,0.5120499730110168,5813,14.140941165337882,9.272290291439914,1.5250753288420158,0.5525502562522888,9.272290229797363,0.10784820873468769,0.005167651056169085,0.033296330748299484
1112,40,0.23184514045715332,15722,14.609342621961668,8.216033801185894,1.7781502578350141,0.3590499460697174,8.216033935546875,0.12171321176757365,0.006231649464094563,0.03559712668454666
1113,41,0.054915688931941986,6275,4.000249854871415,2.4500964065528086,1.6326907970523412,0.16167718172073364,2.450096368789673,0.40814704457806567,0.005543258547612647,0.03462015369425537
1114,41,0.06283498555421829,22359,1.848639970335839,1.4308829581440359,1.2919575006556607,0.16350363194942474,1.4308829307556152,0.6988687052149116,0.005027418825353925,0.03447985658722728
1115,41,0.22322551906108856,23011,19.023415041061014,8.160373708913164,2.331194099637908,0.3621879518032074,8.16037368774414,0.12254339270742981,0.005014219282505441,0.04106444871932953
1116,41,1.270248532295227,2392,184.25021200811813,42.978824287186555,4.286999820584787,0.9674210548400879,42.97882080078125,0.023267273464016237,0.017174080853682723,0.0497664294791065
1117,41,0.20665517449378967,25386,17.050464004107926,8.744384966093033,1.9498757282782435,0.36094629764556885,8.744384765625,0.11435909014113876,0.016962525604482574,0.04269834021974833
1118,41,0.8334680795669556,17690,8.215394005747232,9.613662728090496,0.8545540069490405,0.6602292060852051,9.613661766052246,0.10401862685793378,0.01522601174164845,0.04056643527584262
1119,41,0.029223114252090454,15219,1.479797049861073,0.8373129369794482,1.7673165963463757,0.0907585397362709,0.8373128771781921,1.0,0.013776275133392671,0.03936760252308748
1120,41,0.09293942898511887,13357,4.564504522740664,1.5750707720618244,2.897967890523843,0.22858686745166779,1.5750707387924194,0.6348917165936092,0.012231357196916575,0.04414754217199824
1121,41,0.060822468250989914,11896,4.76100009317592,2.033139265175346,2.341698955267076,0.15519897639751434,2.033139228820801,0.4918499894028407,0.010960809570906397,0.03921998682216818
1122,41,0.04498916491866112,9351,0.6434463386616127,0.9527420292899789,0.6753626048600575,0.09304540604352951,0.9527420401573181,1.0,0.00986818099144459,0.035810085687462787
1123,41,0.8564693331718445,19325,7.176260743711785,6.800799626091527,1.0552083781705215,0.6802146434783936,6.800799369812012,0.14704151653074357,0.008754908158430469,0.03345203668767963
1124,41,0.011829990893602371,13622,1.9403842868884988,0.4473965563608192,4.337056821955662,0.050106123089790344,0.44739657640457153,1.0,0.00787912366013908,0.03293833471972383
1125,41,2.1348280906677246,5641,20.571244163322785,21.373787320678705,0.9624519910619473,1.1345643997192383,21.37378692626953,0.046786278756464426,0.007595850299015666,0.03308457628147793
1126,41,0.05696328356862068,21375,4.208111042661486,1.811355746920385,2.323183090794656,0.1833214908838272,1.811355710029602,0.5520723745151542,0.006990077981577234,0.03344221737554843
1127,41,1.4450331926345825,11610,9.913322162584128,13.644366338108435,0.7265505716374454,0.8898438811302185,13.644367218017578,0.0732903117257922,0.0064323639208977105,0.033904712681119255
1128,41,0.22882315516471863,3916,15.195354173333024,8.67040070860506,1.7525550068580373,0.3302619457244873,8.670400619506836,0.11533491110148587,0.0064286763960257265,0.03324382882035563
1129,41,0.44033917784690857,34070,29.924700013526596,11.340936043518772,2.638644632038606,0.5023851990699768,11.340935707092285,0.08817613798819895,0.006637502218464452,0.04148496057142698
1130,41,0.09164439886808395,3580,4.4902112245904,4.065308825894752,1.104519094831873,0.18919134140014648,4.065309047698975,0.24598369823379515,0.00624755497586527,0.04123181428744855
1131,41,0.4848594069480896,21710,17.749356110417363,8.234395154578726,2.1555142517718133,0.5374581813812256,8.234394073486328,0.1214418291903274,0.007715804552959139,0.05014999128950787
1132,41,0.7778760194778442,13927,24.1453651292983,12.806593340131219,1.8853854798085605,0.7170466184616089,12.80659294128418,0.07808477449857563,0.008640943765502087,0.05640382143925692
1133,41,0.04770224168896675,35929,4.5741040796103105,1.3634898153467552,3.3547035174910307,0.1503959447145462,1.3634897470474243,0.7334116510621385,0.008000072465457928,0.06107935219145633
1134,41,0.053712379187345505,10873,5.282236041052642,2.201485800957197,2.399395916500369,0.1279914677143097,2.2014856338500977,0.45423850620938694,0.007477119138240086,0.061231552903460766
1135,41,0.2788219153881073,15785,5.015186136131083,4.626051018325757,1.0841182071409745,0.449912965297699,4.62605094909668,0.21616704935517814,0.0069237411860740925,0.06051298355294926
1136,41,0.10073772072792053,8088,4.783334315146189,3.21985683557935,1.4855736013753655,0.22229614853858948,3.2198567390441895,0.3105727274450481,0.006500021832541367,0.06355896074431937
1137,41,0.03466726094484329,11563,2.7490581286673805,1.153235023892479,2.3837796040794745,0.1481979340314865,1.1532349586486816,0.8671252335660452,0.005784267482152498,0.051121922957154266
1138,41,0.3442813456058502,23518,11.184528318446388,6.078033377586865,1.8401557911294477,0.4552616775035858,6.078032970428467,0.16452688564514648,0.005345647187365789,0.05193011273036994
1139,41,0.05294867232441902,8875,2.646935861512063,1.642397881913776,1.6116288815631903,0.17660236358642578,1.6423979997634888,0.6088654463038541,0.00496329911912442,0.056079386454529194
1140,41,0.08941631764173508,19360,5.9315428714840515,2.240461406496585,2.647464872316891,0.24148111045360565,2.2404613494873047,0.4463364448988998,0.004957918366947014,0.06150496230224941
1141,42,0.006040346343070269,19578,0.3687594428714403,0.19172622346851922,1.923364661329523,0.04201614856719971,0.1917262226343155,1.0,0.004447069992980056,0.0542107075880762
1142,42,0.7888169288635254,8893,8.775686870776704,11.716156130701783,0.7490244046662685,0.6391758918762207,11.716156005859375,0.08535221911928027,0.004458779881207527,0.05620638555915044
1143,42,2.1591134071350098,16679,24.670446295329672,18.96192639786181,1.3010516852396532,1.0178005695343018,18.96192741394043,0.05273725214914428,0.004469562845444828,0.04603145026421741
1144,42,0.5288267135620117,17386,17.853281338206923,8.542282088686978,2.0899896717118405,0.5902829766273499,8.542282104492188,0.11706472236609945,0.004506653108300606,0.03819211840995115
1145,42,0.5526312589645386,10032,9.053479144462045,13.376072462221693,0.6768413650592346,0.6313158273696899,13.37607192993164,0.074760357934525,0.003928565260726304,0.03338888410171466
1146,42,0.16757744550704956,15404,1.2082010174804954,2.571850504829982,0.46977886747732894,0.25171539187431335,2.571850538253784,0.3888249322038908,0.0035822278391305696,0.03630477486523937
1147,42,0.15342092514038086,18273,7.1236777166253304,6.941558355665388,1.026236091613388,0.3351178467273712,6.941558361053467,0.14405984995397889,0.0032745157919647143,0.03530250491255474
1148,42,0.04791868478059769,821,3.489699191928383,1.5230262745631002,2.2912928359867966,0.16007976233959198,1.5230262279510498,0.6565870797630547,0.003051573942759574,0.038825054277297454
1149,42,0.007532382383942604,13671,0.15011173249311352,0.18642798739491803,0.8051995550127379,0.05368407815694809,0.1864280104637146,1.0,0.002754298591161089,0.035698358834474586
1150,42,0.08686540275812149,13166,2.5559443843761076,1.886205535226401,1.3550720410053099,0.17774225771427155,1.8862055540084839,0.5301646301010055,0.00263055558177633,0.03587977665331156
1151,42,0.22207240760326385,16850,7.525192673968916,3.1020309184597394,2.425892220862517,0.3148457705974579,3.1020307540893555,0.32236936281574713,0.002592614289067976,0.03715515321904394
1152,42,0.008959021419286728,1004,0.7840627010590444,0.3982922041459168,1.968561505587063,0.05190620198845863,0.3982921838760376,1.0,0.0023264269845994154,0.036415708290839836
1153,42,1.732759952545166,10709,34.32106919980369,41.739597555348816,0.8222664139080735,1.046694278717041,41.73959732055664,0.02395806476909728,0.010252347560513773,0.04021598069444441
1154,42,0.1014457568526268,44440,7.237477504454601,4.716830325333551,1.5343942871087413,0.2527116537094116,4.716830253601074,0.21200673635219577,0.010168808972041771,0.04616394927472909
1155,42,0.012493505142629147,11969,0.9034789239977254,0.4043506606818291,2.2343945783890047,0.0574236735701561,0.4043506383895874,1.0,0.009135707062697859,0.041902475649286994
1156,42,0.05531098693609238,19861,2.181983750016637,1.1236647684428038,1.941845834535268,0.1704118400812149,1.1236647367477417,0.8899443733990938,0.008188238683974907,0.04510382243797622
1157,42,0.11472329497337341,29876,3.6987593142971202,2.3858851233285354,1.550267143262728,0.25289803743362427,2.385885238647461,0.4191314672936341,0.007155498685124181,0.0354872864251921
1158,42,1.3437695503234863,5889,22.984173180634045,13.553254117077962,1.6958416762562452,0.7844023108482361,13.553254127502441,0.07378301305424312,0.007740176951850221,0.03771105717258612
1159,42,0.05388839915394783,9801,3.4832362208658982,1.8443093679278768,1.8886398786649898,0.11388859152793884,1.8443094491958618,0.5422080650445863,0.0069436567871914955,0.036795193695218414
1160,42,0.3717938959598541,4731,9.64300438502371,9.990718645675853,0.9651962713609591,0.5028544068336487,9.990718841552734,0.10009288778580967,0.006731895806314227,0.03503760919441609
1161,42,0.014518741518259048,26582,0.5448169675636011,0.3740449456639422,1.4565548174834346,0.07460654526948929,0.37404492497444153,1.0,0.006069825681741095,0.0321336972146885
1162,42,0.10688315331935883,17884,8.357949279706382,3.1970169890226576,2.6142961730894116,0.2526031732559204,3.197016954421997,0.31279148702209725,0.00537083766793134,0.035850757044719066
1163,42,0.21056903898715973,9507,5.8636023162341315,5.780308884997741,1.014409858174112,0.35074901580810547,5.780309200286865,0.1730010960225581,0.0045274321603557275,0.030111002507830272
1164,42,0.04433203861117363,40417,4.069976031260184,1.119218120637547,3.6364457974806035,0.1432657092809677,1.119218111038208,0.8934800970941087,0.004063165920055522,0.034431933385757243
1165,42,0.011113996617496014,4605,0.424525061468739,0.29615771475564495,1.433442521723854,0.060269828885793686,0.29615768790245056,1.0,0.0036373246523429604,0.032485989934117505
1166,42,0.008004192262887955,19188,0.664170559337865,0.2783456089414748,2.3861362924360985,0.038577135652303696,0.27834561467170715,1.0,0.0032951311087998734,0.02984989979410064
1167,42,0.7211220860481262,7693,8.026959293564788,13.070700009482163,0.614118546653278,0.6935480833053589,13.070699691772461,0.07650699251567013,0.0027831964738767676,0.026809157588072924
1168,42,0.06037699058651924,18494,2.587157177907756,1.622231981552978,1.594813323449246,0.1501026749610901,1.6222319602966309,0.6164342757634185,0.0024982714612726137,0.031881959614467256
1169,43,0.15086835622787476,14764,3.770079957236863,4.709972324374796,0.8004463078743259,0.3033551275730133,4.709972381591797,0.2123154249466346,0.00251538832422458,0.029780913603701036
1170,43,0.0516761876642704,20403,1.64087595155754,1.0851732562044547,1.512086611215633,0.14883412420749664,1.08517324924469,0.9215109930004574,0.0022852458594088375,0.03405082419818832
1171,43,0.03972053900361061,30812,1.6582489187092742,1.2267387859769838,1.3517538840897416,0.16378726065158844,1.2267388105392456,0.8151687842921017,0.002183670448328315,0.03722344878827657
1172,43,0.017556995153427124,29939,0.2896512196710746,0.15914289399043496,1.8200700791997886,0.08816391229629517,0.15914291143417358,1.0,0.0019551630798632365,0.033718901163816255
1173,43,0.018928049132227898,15352,0.9607581304605787,0.5465815172781903,1.757758175291225,0.08251893520355225,0.5465815663337708,1.0,0.0018250110900205224,0.033295964636442466
1174,43,0.18979321420192719,5910,30.899000468968158,12.201473249941994,2.5323991485300774,0.29552674293518066,12.2014741897583,0.08195730306769644,0.005317768377204798,0.03326951620609713
1175,43,0.012169700115919113,4665,0.3776461303898088,0.31951151456990196,1.181948421786866,0.04804302006959915,0.3195115327835083,1.0,0.0047890931320198685,0.02992351266711336
1176,43,0.0036188086960464716,6931,0.4466659990825937,0.18410159521676378,2.4261929862924694,0.009732900187373161,0.18410159647464752,1.0,0.004328449972979421,0.027398913436131475
1177,43,0.16236791014671326,10796,3.6270469936877823,2.6854990875207214,1.3506044409178914,0.3216690123081207,2.6854991912841797,0.3723701093917293,0.00397469973695905,0.02936907111414085
1178,43,0.013302205130457878,16744,0.9870548403809798,0.44893984367634115,2.198634971438153,0.06770113855600357,0.44893983006477356,1.0,0.0035526831345594643,0.02471220177366227
1179,43,0.67722487449646,5840,10.110710704365433,12.967450623041783,0.7796991867005064,0.7148829102516174,12.967450141906738,0.07711615714273358,0.0037499055670727594,0.02379079837479646
1180,43,0.07265430688858032,15908,2.5474304342552867,2.0438340289810566,1.2463978963712867,0.21524657309055328,2.0438339710235596,0.48927629391682076,0.003369463855045476,0.022520123185317615
1181,43,0.016864070668816566,11716,0.6786103757280653,0.45936489468206343,1.4772795735648656,0.081748366355896,0.4593648910522461,1.0,0.00304194371172982,0.021858959536887754
1182,43,0.33843904733657837,6069,16.204784223754864,7.502689968147491,2.159863234726447,0.4576239287853241,7.502690315246582,0.13328550489180485,0.0027121559563295376,0.023240732070895078
1183,43,0.590808093547821,19347,14.965804732109378,8.1570438257359,1.8347093692067271,0.5016283988952637,8.157044410705566,0.12259340847699195,0.0036995493130366434,0.02645325188937731
1184,43,0.3486185073852539,11051,25.598163824993346,10.155555172758744,2.5206070362017554,0.45564037561416626,10.15555477142334,0.09846826924173804,0.004683009662978113,0.026389301322882627
1185,43,0.008940290659666061,5270,0.4297494323491251,0.26632857419147393,1.6136061767016707,0.04155785217881203,0.2663285732269287,1.0,0.004219670256228865,0.024705537952229586
1186,43,0.019399359822273254,6527,3.441386990273428,1.3998906183266693,2.4583256328873477,0.0523417592048645,1.399890661239624,0.7143409934412251,0.0038649636502222223,0.03318892409272652
1187,43,0.08443356305360794,21545,11.70282902872287,4.201382191262076,2.785471184473367,0.18989138305187225,4.201382637023926,0.2380168264539526,0.0032639937955007458,0.032227001126062776
1188,43,0.060278743505477905,38611,1.9906816363708761,1.2179794356583247,1.6344131748770183,0.2011301964521408,1.2179794311523438,0.8210312533953357,0.0028444281810167983,0.035815033385505124
1189,43,0.041086964309215546,12510,0.7283012340587038,1.0459006679455605,0.6963388172306969,0.1116519421339035,1.045900583267212,0.9561129039275155,0.0025562204846849633,0.03381598753550109
1190,43,0.6370844841003418,14002,14.971598376079713,10.394743637081204,1.4403047250410332,0.6156343221664429,10.394743919372559,0.09620245689110776,0.003732193826658664,0.03599143816732282
1191,43,0.042077481746673584,8793,1.7589720567806688,1.1451624115560148,1.5360022639837527,0.1515137255191803,1.1451624631881714,0.8732377797104777,0.00349225148919787,0.03948426421328735
1192,43,0.8415090441703796,27829,27.74272101537584,12.862584375419244,2.1568543463466634,0.6996866464614868,12.862585067749023,0.07774486364817008,0.006650447126859003,0.043131032875691415
1193,43,0.13989129662513733,19317,2.392708562299421,2.1885708786771025,1.0932744219573174,0.29875922203063965,2.188570737838745,0.4569189954849359,0.006081249078656593,0.04198330619983174
1194,43,1.7033125162124634,14694,45.33282410581305,30.093139245034827,1.5064172513437983,1.012190341949463,30.0931396484375,0.03323016403247769,0.013567880856783157,0.042303943679247946
1195,43,0.0321434810757637,20745,1.3164106872666705,1.2963098754284064,1.0155061781278227,0.07878787815570831,1.2963098287582397,0.7714199232277638,0.012159044911443652,0.04016784153484221
1196,43,0.13914592564105988,12722,8.437749562296,6.696760909612223,1.2599747364705198,0.24913495779037476,6.696760654449463,0.14932590580337884,0.011379050456846028,0.045644779866177945
1197,44,0.21171705424785614,9375,14.529326674692957,7.985155725722455,1.8195420570056071,0.3834346532821655,7.9851555824279785,0.12523235952574627,0.009441306710527227,0.041332289615162165
1198,44,0.06600124388933182,13933,3.81490712704109,2.696369796129965,1.4148308338548814,0.19985736906528473,2.6963696479797363,0.3708688939887596,0.008836910914933747,0.03610791666613754
1199,44,0.03570915386080742,6235,0.745945021899832,1.330790620984655,0.5605277119757164,0.08693955838680267,1.3307905197143555,0.7514325010236333,0.007915139921135522,0.03313511669962898
1200,44,0.056906938552856445,12341,2.969077804939372,1.9883027347869162,1.4932725047305588,0.1824822723865509,1.9883027076721191,0.5029412740827142,0.007137847312574359,0.033735676286495715
1201,44,0.11035968363285065,39515,10.252523344252022,3.51095360028495,2.920153471528933,0.22953996062278748,3.510953664779663,0.28482281757481964,0.006353890976295663,0.036499139126973106
1202,44,0.27643275260925293,39999,12.003926588417151,8.781460878315976,1.366962371609151,0.4088113307952881,8.781460762023926,0.11387625740449879,0.006346520595633533,0.03461527270392384
1203,44,0.11987679451704025,30595,3.409453818916996,2.909142217266152,1.1719790798401863,0.24619901180267334,2.909142255783081,0.34374381461349546,0.00573021399415664,0.033562170439071455
1204,44,0.03713766112923622,11360,1.5659976721278628,1.065651436629101,1.4695214760653836,0.1303020417690277,1.0656514167785645,0.9383922789974711,0.005130274852245418,0.03897927651401887
1205,44,1.9260989427566528,1148,104.20170868921876,41.12762483341969,2.533618440434311,1.1180707216262817,41.127628326416016,0.02431455487169805,0.01721201572147686,0.041849092783869474
1206,44,0.1417957842350006,11134,4.724773680099385,2.8360827609618933,1.6659505657356952,0.29015806317329407,2.836082696914673,0.3525989028771904,0.015568086278743544,0.040221567118237586
1207,44,0.22363556921482086,27920,15.7176044873377,6.260721070364876,2.510510260828337,0.3612746000289917,6.260721206665039,0.1597259816024771,0.014019144261147105,0.037235417547048094
1208,44,0.02137625962495804,4080,1.046951974347143,0.8610578045322795,1.2158904650015034,0.07092344015836716,0.8610578179359436,1.0,0.012614074091617192,0.03708675122236614
1209,44,0.13930955529212952,8296,12.285372985966175,4.450399691477842,2.7605100300291943,0.2982964515686035,4.450399875640869,0.22469885925860497,0.011069614082891886,0.034644796064157234
1210,44,0.2752766013145447,7016,17.685776265942195,8.487120872766589,2.0838369726405217,0.43034011125564575,8.487120628356934,0.11782557665473156,0.01032596165380177,0.0327899633953942
1211,44,0.015854500234127045,9960,0.63817495443961,0.500953871615982,1.2739195973866915,0.04742627218365669,0.5009538531303406,1.0,0.009273564876612374,0.030851321615546958
1212,44,0.023067014291882515,45172,1.061607547014399,0.47855924996881244,2.2183408785461056,0.08972035348415375,0.4785592555999756,1.0,0.008321494316556703,0.028098392706388222
1213,44,0.33052241802215576,7548,15.051999812792515,5.023204299760448,2.9964936551569945,0.460126131772995,5.023204326629639,0.19907607493141402,0.00782190408777058,0.03227836966334314
1214,44,0.2902459502220154,18802,7.350529564705274,4.066715332521198,1.8074856398041603,0.39832454919815063,4.066715240478516,0.2458986417705735,0.00733327380561141,0.03573730932868518
1215,44,0.11650923639535904,17513,5.619810295841114,2.9319688131194663,1.9167360412200303,0.2625734210014343,2.931968927383423,0.34106761827957416,0.0065482887979800355,0.037782520081830646
1216,44,0.327989786863327,19178,7.336005879867038,3.630668545104856,2.0205661267966692,0.38334891200065613,3.6306686401367188,0.2754312837899356,0.005557456508171811,0.04353855792884542
1217,44,1.038270115852356,4855,30.35220699927815,15.661208394921129,1.9380501321417394,0.7714332342147827,15.661208152770996,0.06385203021332911,0.005124240943982407,0.04934444781399363
1218,44,0.22555775940418243,5489,20.582922721610995,8.22464136022767,2.502592127742179,0.3735598027706146,8.224640846252441,0.12158584151061243,0.005642547967030072,0.05147791286864215
1219,44,0.537064790725708,10516,12.376461058405074,8.19212707003132,1.5107750346890365,0.5555070042610168,8.192127227783203,0.122068401787041,0.00634794151105581,0.049616802453410824
1220,44,0.023347539827227592,15308,2.1206647744741143,0.9466137107371805,2.240264165221519,0.12173059582710266,0.9466136693954468,1.0,0.00574295286294197,0.04384250799772066
1221,44,0.4373877942562103,17706,19.023969288002217,11.149042289145202,1.7063321489525967,0.5294008851051331,11.149042129516602,0.08969379599515083,0.006011725911332117,0.04503346803430804
1222,44,0.10632611066102982,6466,4.6908876512,3.5081443140745305,1.337142155862578,0.22739620506763458,3.5081443786621094,0.2850509007073609,0.005358075159444257,0.043124385729547646
1223,44,0.14710475504398346,16405,15.123208184157539,7.282036215556155,2.0767828855133548,0.2482805997133255,7.282036304473877,0.13732420724975253,0.005428092794447129,0.04310830984395362
1224,44,0.2501738369464874,20399,9.913383731201542,5.875394301154596,1.6872712235248173,0.3701644241809845,5.875394344329834,0.17020131265976335,0.005472381359893879,0.0421532463574682
1225,45,0.007952057756483555,20264,0.21790144882885795,0.16649988851412045,1.3087182866736247,0.03863956034183502,0.16649988293647766,1.0,0.004921626248385845,0.03833496337063165
1226,45,0.4011673331260681,10019,50.83558871576979,15.01996896810882,3.384533538231881,0.5142894387245178,15.019969940185547,0.06657802494973714,0.006183076311810479,0.03829249740752675
1227,45,0.042069099843502045,36850,0.8080016101129732,0.4389692596594219,1.8406792556226548,0.1339217871427536,0.4389692544937134,1.0,0.005607083058386237,0.035295622569898585
1228,45,0.03373762220144272,11338,2.643171718831937,1.2378368384560585,2.1353151212776984,0.07219681143760681,1.2378368377685547,0.8078602620539506,0.005234906870621019,0.03529182579958583
1229,45,0.08499568700790405,8319,3.045862900313089,1.9274558491429317,1.5802504123069232,0.16108424961566925,1.9274557828903198,0.5188183770846727,0.004954171588204339,0.03963409761023006
1230,45,0.08317874372005463,4704,6.868330060849362,3.573100337686144,1.9222326304150779,0.16264943778514862,3.5731005668640137,0.27986889857084724,0.004720418647277773,0.04351133109073582
1231,45,0.10377037525177002,9194,4.4358474448210385,2.847637162593674,1.5577291598411502,0.23565545678138733,2.847637414932251,0.35116818018617413,0.004463928190402899,0.04259692846254845
1232,45,0.09257582575082779,33965,3.0169045693472496,2.4605126478356283,1.2261284541657695,0.21962545812129974,2.460512638092041,0.40641920634726947,0.004052215845958352,0.0395562601069437
1233,45,0.16015279293060303,32795,6.108387742935731,2.533493011441499,2.411053717277787,0.2982180416584015,2.5334930419921875,0.39471180252457194,0.00412293638241018,0.04074410744866264
1234,45,0.032247982919216156,23036,1.2606260215147747,1.0159695296671178,1.240810855741488,0.1064053624868393,1.0159695148468018,0.9842805331321944,0.003711719634122572,0.037686136356078835
1235,45,0.022994432598352432,21129,0.6454717767444087,0.5005974524157432,1.2894028398032256,0.06948579102754593,0.5005974769592285,1.0,0.0033539760309466106,0.03518186034201384
1236,45,1.5904525518417358,5026,17.358357094951604,13.140376368279286,1.3209939052319044,0.772737979888916,13.140376091003418,0.07610131680959535,0.004350539341987317,0.035046872494976386
1237,45,0.2505946755409241,6800,6.8121844577384385,7.473427701283919,0.9115207546019624,0.4099825322628021,7.473427772521973,0.133807390213815,0.004141689324912353,0.032836572722076664
1238,45,0.06983733177185059,14263,2.3353973070284324,1.8346492438287327,1.272939399660621,0.1796255111694336,1.8346492052078247,0.5450630300868292,0.0038320740743876917,0.033047298739721974
1239,45,0.25591394305229187,19318,3.474638743137288,3.506378756723682,0.9909479221186468,0.3765183687210083,3.506378650665283,0.28519444544753303,0.0033494318462010692,0.03268322274011272
1240,45,0.0006996046868152916,4989,0.08166038032334609,0.0482871450193246,1.691141198945896,0.004496646113693714,0.04828714579343796,1.0,0.0030160710704487895,0.029328298156832498
1241,45,0.020195594057440758,34596,1.0294661844124509,1.021025111013068,1.008267253476263,0.08740176260471344,1.0210250616073608,0.9794069295603872,0.002731427687731378,0.0298299708840333
1242,45,0.5780479907989502,9571,19.512949238615466,10.172514922564504,1.918203058648776,0.5814437866210938,10.172513961791992,0.09830410707244021,0.003252487610115068,0.031100068413810265
1243,45,0.1309303641319275,4210,4.014081487615901,1.6285616325356917,2.4648017044116766,0.28645727038383484,1.6285616159439087,0.6140384104423298,0.003001429165373079,0.037269088518603916
1244,45,0.4833039343357086,5934,10.376575763976364,9.087262605925615,1.1418813578919655,0.5509316325187683,9.087262153625488,0.1100441335410251,0.003503214478150849,0.03537117524391116
1245,45,0.1303463727235794,9691,6.550903537547815,4.084342184921054,1.6039066368463035,0.25838610529899597,4.0843424797058105,0.24483739062808413,0.003196196705807265,0.032286980854221985
1246,45,0.07110868394374847,22657,2.2892976711687267,1.5154405823136867,1.510648254959656,0.17790241539478302,1.515440583229065,0.6598736705305559,0.0029884413743454497,0.035782004817621275
1247,45,0.06007310748100281,14373,2.3191217006323286,2.282700293160725,1.0159554049122046,0.1490437537431717,2.282700300216675,0.43807746545948856,0.002746261903749069,0.034265050618988616
1248,45,0.139649897813797,20100,3.5176513257596436,2.9970178509778553,1.1737171750948177,0.30421262979507446,2.9970178604125977,0.3336649005479834,0.002661636749898969,0.03622740025388691
1249,45,0.3028189539909363,4167,16.166825336325104,9.499113616496523,1.7019298840943935,0.42544135451316833,9.499113082885742,0.10527297506634528,0.0039941464531803444,0.03185762759696513
1250,45,0.08825240284204483,8679,1.823832174834054,2.1219631475104137,0.8595022854063227,0.18816211819648743,2.1219630241394043,0.4712615240522589,0.0035957762507470895,0.02987528156510311
1251,45,0.3801130950450897,33528,15.214432058796234,9.501542465066757,1.6012591760476584,0.5177280306816101,9.501542091369629,0.10524606270620533,0.004521012606045191,0.03166767711966502
1252,45,0.012414680793881416,2667,0.9171978574625747,0.4506098263292277,2.0354590687296947,0.06356509774923325,0.45060983300209045,1.0,0.003983046378088514,0.030192890390859643
1253,46,0.12643158435821533,9397,5.209044059592494,3.0846813875888004,1.68868139203918,0.24504892528057098,3.084681272506714,0.32418249649658964,0.00380669419298048,0.03612729767167104
1254,46,0.07268805056810379,7222,4.028738733006244,2.7531805617305745,1.463303493059832,0.19028735160827637,2.753180503845215,0.3632161550567428,0.0034788190594222668,0.03586034054633783
1255,46,0.4278266429901123,11319,29.278371239894252,10.642123493963782,2.7511775499032884,0.5433573722839355,10.64212417602539,0.09396619410686907,0.0047420362594659165,0.04080563155409617
1256,46,0.020587865263223648,30846,0.7102530401941443,0.3398223810345712,2.090071401506065,0.08843149989843369,0.339822381734848,1.0,0.004248882932226301,0.03845145173245847
1257,46,0.05517910048365593,57370,3.730089993248496,1.437300690511115,2.595205038076933,0.13450688123703003,1.437300682067871,0.6957481595382833,0.0036208099379123003,0.03509990379416228
1258,46,0.01853911764919758,6726,2.201935792117213,1.08505193878706,2.029336765737359,0.06834037601947784,1.0850518941879272,0.9216140571178493,0.0031137370089403837,0.03492976986931583
1259,46,0.017016569152474403,23761,0.6327199515036012,0.5088847112731966,1.243346356229358,0.08725013583898544,0.5088847279548645,1.0,0.002798139371101784,0.03394770509785574
1260,46,1.605042576789856,23623,51.17483531514922,22.380277809560038,2.2866041141494193,0.8687410354614258,22.380277633666992,0.04468219615888449,0.010149134126290664,0.03536605129704639
1261,46,0.1332932859659195,1949,15.61930413761293,6.983002599573469,2.2367604644117907,0.21471861004829407,6.983002662658691,0.14320485113697656,0.010112435494022085,0.039565970623795126
1262,46,0.2299148589372635,19915,12.567630763901436,7.0011666106808965,1.795076658328144,0.3861531913280487,7.001166820526123,0.14283331376062516,0.00862862492815842,0.04009310608312919
1263,46,0.6862034797668457,8565,16.843890414255156,11.645681063182062,1.4463637053830918,0.6626837849617004,11.645681381225586,0.08586873377313942,0.007389356189102365,0.039359709240109536
1264,46,0.01834564097225666,10408,1.469735160119187,0.522827777837222,2.8111267656745764,0.05476950481534004,0.5228278040885925,1.0,0.0066700535212418305,0.03873600958509175
1265,46,0.015198604203760624,6275,1.0020751878780134,0.7779023780646074,1.2881760181397717,0.07318659126758575,0.7779024243354797,1.0,0.006004095484630877,0.03340178388912073
1266,46,0.13027667999267578,22255,6.628640955765167,3.2972486655780817,2.010355186420557,0.2422727644443512,3.297248601913452,0.30328307551229433,0.005220018713484258,0.03360342091239902
1267,46,0.19933463633060455,20611,12.70975260496787,5.665946144591836,2.243182741349761,0.3281063139438629,5.6659464836120605,0.17649298778224762,0.004954435383896968,0.038185818986146015
1268,46,0.3254441022872925,19073,14.719223759979592,7.9782560698293405,1.8449174394940921,0.4482767879962921,7.9782562255859375,0.12534065670295033,0.0044331428246690546,0.04196375555563026
1269,46,0.37435853481292725,10026,11.362501718926612,7.8870219795154854,1.4406580517255247,0.5099763870239258,7.887021541595459,0.12679055939374947,0.004198210552739697,0.04597747583048839
1270,46,0.0111882034689188,30915,0.16777507572507402,0.1899817569040837,0.883111507432241,0.050424423068761826,0.18998174369335175,1.0,0.0037773155700589647,0.04060863492129677
1271,46,0.6537691950798035,11515,6.903030680842089,5.055759429638191,1.3653795788568068,0.5301080942153931,5.055759429931641,0.19779418227171042,0.003794079745022593,0.0407258429203213
1272,46,0.02966235764324665,26791,0.5927477961469401,0.45049218943657726,1.3157781867138776,0.09947923570871353,0.4504922032356262,1.0,0.0034096857543435026,0.03700833550607461
1273,46,0.1132781133055687,11707,4.939829795783228,5.195155352513952,0.9508531430906831,0.1948227882385254,5.195155143737793,0.1924869960271345,0.003140413417741397,0.03409295064474947
1274,46,0.1362403780221939,23848,2.557883034346263,2.369679823193581,1.0794213671018071,0.299078106880188,2.3696796894073486,0.4219977841192171,0.002723307755246553,0.030060015833818093
1275,46,0.1001104936003685,3755,4.845763938367583,3.4878228021659914,1.3893377654842154,0.20619215071201324,3.4878227710723877,0.2867117336299746,0.0026753304737688523,0.03093705484711475
1276,46,0.508857011795044,3827,19.003962053493265,8.470639185120794,2.2435098034718166,0.5977945923805237,8.4706392288208,0.11805483092028456,0.0035463807668121524,0.033956632699011016
1277,46,0.2744528651237488,12530,8.134486836836624,8.125193992199192,1.001143707417368,0.42061057686805725,8.12519359588623,0.12307397542285302,0.003359538186657162,0.03125116102097686
1278,46,0.17795421183109283,14735,7.125160081659917,4.730238668271929,1.5063003330995568,0.31788238883018494,4.730238914489746,0.2114057675884016,0.0033019769792644892,0.03224460232680031
1279,46,0.1187845766544342,10701,4.9563499565687685,3.617040150657235,1.3702778377140226,0.2636180818080902,3.6170401573181152,0.2764690686410265,0.0030327485606697372,0.03091530959125374
1280,47,0.021868474781513214,19854,0.6761405739245077,0.5235265824676792,1.2915114467276527,0.05605286359786987,0.5235265493392944,1.0,0.0027871624366778854,0.030541905760780252
1281,47,0.031146837398409843,5864,1.2235597434919236,1.0612376201047713,1.152955493011993,0.11448579281568527,1.0612376928329468,0.9422950809779921,0.002511783386010231,0.030501410031406512
1282,47,0.042978256940841675,23185,1.076959726607338,0.9831688542561285,1.0953965048263017,0.13573233783245087,0.98316890001297,1.0,0.0023492179195343512,0.033967815089999076
1283,47,0.6832115650177002,7660,7.01027796827497,9.38709665071242,0.7467993810143829,0.6206767559051514,9.387096405029297,0.10652920246297147,0.002809587280021605,0.03474173357491306
1284,47,0.02901110239326954,10903,2.191223898525709,1.209377818608563,1.8118604995128706,0.07800516486167908,1.2093778848648071,0.8268707288632603,0.0026539036642012665,0.03747603743707985
1285,47,0.062399722635746,3989,3.724900488837197,2.290210885076305,1.6264443213977058,0.1907205581665039,2.2902109622955322,0.4366408072542233,0.0024719460524950574,0.04034411710700544
1286,47,0.02079056389629841,21648,0.44891770268289993,0.2883443715988143,1.5568804072442282,0.09129839390516281,0.2883443534374237,1.0,0.0021976961141307104,0.035286638507723005
1287,47,0.032889094203710556,4677,0.8628008442191138,0.9764990995705177,0.8835654273492991,0.1053566187620163,0.9764991402626038,1.0,0.0020136249065622115,0.03921508714875051
1288,47,1.419405221939087,7423,24.73020559655665,13.142254076940205,1.8817324221380816,0.7856502532958984,13.142253875732422,0.07609044334138815,0.0037794253498259073,0.04139121964329497
1289,47,0.03205186873674393,18294,1.1162604907531994,0.8536657077729023,1.3076084474144611,0.10448078066110611,0.8536656498908997,1.0,0.003462797436284714,0.03897897150353758
1290,47,0.30772265791893005,18631,10.87722229449556,6.874336667924089,1.5822940917699744,0.44893884658813477,6.874336242675781,0.14546856877954942,0.0032331365842430525,0.03582981815678204
1291,47,0.15339207649230957,3888,3.9681146068036424,4.319605680159238,0.9186288982415735,0.3383004367351532,4.319605827331543,0.2315025510360522,0.0033371545598536788,0.03585829497136004
1292,47,0.6967530846595764,12645,33.19371373976648,22.926525664184677,1.4478300910468758,0.6982081532478333,22.926525115966797,0.04361759801471042,0.007198634380181471,0.0352610926858126
1293,47,0.49872100353240967,15438,25.87853213174043,11.710095938103683,2.209933400078442,0.5929070711135864,11.710095405578613,0.0853963934510058,0.008245706423605113,0.033255372737591084
1294,47,0.02777843363583088,13072,1.1511445610844964,0.8391005052089059,1.3718792372750757,0.10572846233844757,0.8391004800796509,1.0,0.007406532677324297,0.031914201731041425
1295,47,0.008367592468857765,5626,0.5959926714512541,0.49142009377392154,1.2127967069336578,0.01668938435614109,0.49142009019851685,1.0,0.006668588308175863,0.028866772271423032
1296,47,0.0072665088810026646,8608,0.4034778942923606,0.35130819645213646,1.1485012258920735,0.022447150200605392,0.3513081669807434,1.0,0.005989442542283699,0.026244252238419155
1297,47,0.13083405792713165,20035,6.7734611537237175,3.9800127666614404,1.7018692026467561,0.24828004837036133,3.980012893676758,0.25125540430618815,0.0052379553315512195,0.029402855725682978
1298,47,0.4297143220901489,26422,10.70099096255098,8.45997568576125,1.2648961841060908,0.544002890586853,8.459976196289062,0.11820362830749076,0.005087387280550869,0.025871456103878806
1299,47,0.13092640042304993,36529,3.06900749913644,2.6519707966336954,1.1572553902293936,0.3029235303401947,2.651970863342285,0.3770779071312235,0.004459444738321479,0.027403993812123474
1300,47,0.042120736092329025,18263,1.7493618755391132,0.874623923950433,2.000130373333183,0.12269960343837738,0.8746239542961121,1.0,0.0039307907699581215,0.026984280309093365
1301,47,0.04844081029295921,25128,2.134946544969967,1.6886716987742652,1.2642756709420602,0.15297503769397736,1.6886717081069946,0.5921810633873523,0.0035200495235386308,0.027293654115916288
1302,47,0.12172862887382507,26120,4.686501765455417,2.5555655307508585,1.8338413588152551,0.2279413342475891,2.555565595626831,0.39130265738769343,0.0032053594658458056,0.031131115811252733
1303,47,0.9149327278137207,4923,8.937701456431958,7.796526489004152,1.1463696646238704,0.5865281224250793,7.796526908874512,0.12826222283662134,0.003562190585374206,0.02955006451639107
1304,47,0.10172717273235321,9410,4.214079355359582,3.1189213770152198,1.3511335638063013,0.2402873933315277,3.1189212799072266,0.32062357130288777,0.003043477051659018,0.033140661425676
1305,47,0.8601674437522888,22841,46.47963473730793,21.680939528600362,2.143801687006796,0.7800995707511902,21.680938720703125,0.04612346203080396,0.008039525226796077,0.0331039142534613
1306,47,0.0020499660167843103,32098,0.11841252899140332,0.09098492255800754,1.3014522149492167,0.019743897020816803,0.09098491817712784,1.0,0.00723549453156856,0.03026886181448258
1307,47,0.04153594374656677,2953,4.467287904799853,2.007369496217062,2.225443752740262,0.11596433073282242,2.0073695182800293,0.49816413606434135,0.007010328778494539,0.037869735558447346
1308,48,0.7709271907806396,5044,16.148936403770595,17.064626834546832,0.9463398502847191,0.6921005845069885,17.064626693725586,0.05860075109448097,0.007181688775411639,0.03847196092369486
1309,48,0.027046727016568184,24471,0.8542664322320483,0.28049708734506584,3.0455447516932304,0.10687729716300964,0.28049710392951965,1.0,0.006519986145187545,0.03506805401893136
1310,48,0.07070150971412659,10729,5.230268911886168,2.204026565087791,2.373051665861143,0.16150909662246704,2.204026460647583,0.45371485512534493,0.005664631062542947,0.03257043994052413
1311,48,0.13245652616024017,20415,18.117752625682115,6.004351281331946,3.0174371512887292,0.2668273150920868,6.0043511390686035,0.16654586154154513,0.004907519808860199,0.03610931155264048
1312,48,0.026448218151926994,13270,0.6938115539407104,0.6008130242276521,1.154787805792748,0.10927058011293411,0.6008130311965942,1.0,0.004427731986230537,0.03463711114225225
1313,48,0.003701529698446393,5434,0.17686469708593316,0.13816069731153435,1.2801375537780197,0.022354021668434143,0.13816069066524506,1.0,0.0039847757694474835,0.030957920545520795
1314,48,0.03255215287208557,11146,1.3228082036710966,0.8778306077245752,1.5069059930576367,0.11277145147323608,0.8778305649757385,1.0,0.003624410712785825,0.0284306728054472
1315,48,0.029594052582979202,34619,0.9978455342302269,0.6585740385432786,1.51516075008951,0.11377929896116257,0.6585739850997925,1.0,0.003323833093308795,0.028118585389889764
1316,48,0.00042338354978710413,12109,0.020067014730421353,0.016592396159129778,1.2094102947373455,0.004075086209923029,0.016592396423220634,1.0,0.002993901813421687,0.025331218027907467
1317,48,0.02498472109436989,10185,1.4320961928644294,0.6020386805118186,2.378744488052769,0.08674439787864685,0.6020386815071106,1.0,0.0026462296162616675,0.02823727140835659
1318,48,0.4436413645744324,10589,11.876734556708678,8.859302011659898,1.3405948393085751,0.5532680153846741,8.859302520751953,0.11287569024558297,0.003157510778042558,0.024803623094145247
1319,48,0.022749288007616997,7006,2.879410222119805,1.0903560397711725,2.640798158665174,0.07329484075307846,1.0903561115264893,0.917130717476598,0.002942955677129338,0.03489932727230696
1320,48,0.32410356402397156,40764,13.623594999056523,8.155053237382637,1.6705709457057258,0.4264213442802429,8.155054092407227,0.12262332855740622,0.003982831979484335,0.03799558477397645
1321,48,0.006649897899478674,26434,0.5295339524963869,0.2528081697396534,2.09460775353746,0.03311599791049957,0.252808153629303,1.0,0.003584243384487366,0.03590309192410252
1322,48,0.014342906884849072,17225,0.4632367156120522,0.38483458388177183,1.203729433405505,0.0653769001364708,0.3848345875740051,1.0,0.0032390595421519894,0.03241081364852324
1323,48,0.0023709756787866354,18697,0.04168109796001307,0.0769240971179956,0.54184708720774,0.015912258997559547,0.07692409306764603,1.0,0.0029194821534718487,0.029077069722223497
1324,48,0.7700278759002686,29253,37.489969361616446,18.494483833737682,2.0270892498889386,0.736357569694519,18.494483947753906,0.05407017296372163,0.0063394225334610175,0.0314078746474611
1325,48,0.3919715881347656,8997,19.822997576308452,6.760033975042518,2.9323813533320062,0.45804715156555176,6.760034084320068,0.14792822633709468,0.0049940750297082104,0.03159380575712575
1326,48,0.051827650517225266,4951,5.803039070280262,2.570844232011441,2.2572503608037264,0.1121918112039566,2.5708444118499756,0.3889771027812994,0.004618254335527333,0.03791157306539928
1327,48,0.19507992267608643,12947,3.9074827156512226,3.818178853208041,1.0233891249926976,0.3444080352783203,3.818178653717041,0.26190491037436875,0.0040944201685459685,0.03299416545409424
1328,48,0.018306324258446693,32174,1.5225285875368693,0.9035113638260307,1.6851238938355444,0.06401661783456802,0.9035112857818604,1.0,0.0036455537368773527,0.03359303043863845
1329,48,0.32903414964675903,7202,15.690673507137554,11.04974495441024,1.420003228298367,0.4676622152328491,11.049744606018066,0.09049982105066438,0.004714119384526711,0.039842685870597444
1330,48,0.5280460715293884,10123,5.262317920729954,4.62953678383832,1.1366834667130266,0.5290852785110474,4.6295366287231445,0.21600429247959396,0.004251140409741189,0.03914755338935046
1331,48,3.8411078453063965,22501,25.254997136635268,31.007015666399226,0.8144929975960908,1.286641001701355,31.007017135620117,0.03225076321838326,0.006759238310268622,0.03699891166129743
1332,48,0.16491740942001343,11475,10.660307975746965,6.874338281709035,1.5507395095917722,0.34434595704078674,6.874338626861572,0.14546851832756225,0.006193802044680776,0.033815207168913966
1333,48,0.008320772089064121,4255,0.2802670840300243,0.3160807470415081,0.8866945761563029,0.04991043359041214,0.3160807490348816,1.0,0.0055732548527977765,0.03196462985900649
1334,48,0.021761391311883926,12570,0.5566998366603824,0.6094464023315377,0.9134516743879724,0.05785655975341797,0.6094464659690857,1.0,0.004993034372769979,0.029356443382144024
1335,48,0.38139066100120544,6092,22.6214772216472,8.251561499611215,2.7414783520319523,0.5181236863136292,8.251561164855957,0.12118917364024447,0.005293411865732323,0.0319080538165877
1336,49,0.06177017465233803,18421,3.938289381556227,1.5640845394416965,2.5179517361379267,0.18270397186279297,1.564084529876709,0.6393512252995693,0.004912442804012977,0.03658577833423733
1337,49,1.9287972450256348,5660,25.242643285512578,16.65258740207053,1.5158391111265073,0.8823602795600891,16.652587890625,0.0600507228376349,0.00490302979055867,0.037938746860119964
1338,49,0.47382852435112,6635,6.3679639097204115,5.20256769114114,1.2240040471866358,0.4626302719116211,5.2025675773620605,0.19221274744004346,0.00448225330832306,0.03865430971012791
1339,49,0.28518491983413696,6137,9.317736900532084,6.280665601728445,1.4835588282181988,0.4386144280433655,6.280665874481201,0.15921876131706197,0.00465249222647874,0.04140932529268032
1340,49,1.8898566961288452,1985,48.52335385298344,34.731492109617406,1.3970996034329768,1.1009753942489624,34.73149108886719,0.028792313253957192,0.007893056337764482,0.04217045966996067
1341,49,0.025522833690047264,821,1.2017619350708448,1.0452974251525393,1.1496842010247208,0.062777578830719,1.045297384262085,0.956664637634485,0.007043180056864685,0.041793045982536206
1342,49,0.13279880583286285,12567,6.683140840243544,2.92205314521015,2.287138702865931,0.27159833908081055,2.922053098678589,0.34222501234738256,0.006310964262577154,0.046797421240214125
1343,49,0.20992588996887207,7036,15.539662467996322,6.38974702701038,2.431968339639347,0.3234337866306305,6.38974666595459,0.15650070273167915,0.00579957185080649,0.039117988322585576
1344,49,0.03554731607437134,24964,2.861286629125927,1.4207739786729892,2.0138929006824653,0.14293058216571808,1.420773983001709,0.7038412218430772,0.005176745143015915,0.0365067224368188
1345,49,0.8591671586036682,16369,38.58465384962925,14.461588247116746,2.6680785810174985,0.671064555644989,14.461588859558105,0.06914869040758126,0.008168438798580183,0.03587272383327736
1346,49,0.0057033272460103035,9369,0.4663395097482369,0.27932719075310153,1.6695098980133547,0.04705727845430374,0.2793271839618683,1.0,0.007346415259294519,0.03225930094735472
1347,49,0.38915011286735535,21422,20.22899904459633,10.901830414470517,1.8555598716472017,0.46880611777305603,10.901830673217773,0.09172770502930001,0.00839636466639426,0.032494478600107145
1348,49,0.41541430354118347,21367,24.802803816282925,12.707522504865889,1.9518205698068707,0.48884448409080505,12.707523345947266,0.07869353406503006,0.00936501715351487,0.033965190606567684
1349,49,0.16376961767673492,9162,7.83986369968347,3.54351598708933,2.2124533170572707,0.29410070180892944,3.543515920639038,0.28220551006136013,0.007805084797047995,0.032180923432905836
1350,49,1.0788993835449219,44438,35.03982458064542,18.979209533903788,1.84622149400109,0.8280592560768127,18.979209899902344,0.05268922956144322,0.008158810928678192,0.03350126645517389
1351,49,0.04750720411539078,19571,0.9686917933553777,1.138776403988511,0.8506426634427349,0.15392017364501953,1.138776421546936,0.8781347268385263,0.0073635512421439215,0.031082902763905414
1352,49,0.044090501964092255,13121,0.6394060680353647,0.803729052747164,0.795549278515023,0.12149391323328018,0.8037290573120117,1.0,0.006619210710554921,0.03231919688248543
1353,49,1.35541570186615,7443,17.733679777132956,19.950381281723768,0.8888892661604224,0.924063503742218,19.950382232666016,0.05012435041160699,0.007692551467178863,0.032523601954873034
1354,49,0.48473283648490906,27792,15.131803133305224,12.318215544710192,1.2284086991643886,0.5849408507347107,12.318215370178223,0.08118058409989853,0.007665113097016095,0.033941952771415006
1355,49,0.17152944207191467,14099,4.705856391919152,6.104096879360879,0.770934093105531,0.334227055311203,6.10409688949585,0.16382437144739043,0.006923449150939721,0.03108740233291311
1356,49,0.027828821912407875,38875,0.9174507140362175,0.7886895209860962,1.1632596726883961,0.09014992415904999,0.7886894941329956,1.0,0.006195965625527001,0.030532485884519515
1357,49,0.3333963453769684,6479,8.90276453179981,7.225028369341026,1.2322117058497548,0.48911532759666443,7.2250285148620605,0.138407739088536,0.0050370994132868975,0.027032468671580517
1358,49,0.393851101398468,22371,13.611204670357287,9.89414457051088,1.375682816574521,0.5184706449508667,9.894145011901855,0.10106986482684621,0.005062907743635775,0.02987094194535267
1359,49,0.07226869463920593,39285,3.3374437420308407,1.9400842732956065,1.7202570980897802,0.1888684779405594,1.9400843381881714,0.5154412439062558,0.004588846522315228,0.03198028001869103
1360,49,0.20946131646633148,18367,6.655664839134011,4.913103343647472,1.3546763366454069,0.3428596258163452,4.9131035804748535,0.20353729166973067,0.003946187372793766,0.027945967496601443
1361,49,0.026144491508603096,8657,0.9246716187080606,0.6179371756100647,1.49638451157057,0.07066500186920166,0.6179372072219849,1.0,0.003586443217077236,0.02820519322882951
1362,49,0.038897447288036346,4264,0.8982344688227784,1.359455425642123,0.6607310926710576,0.0818292647600174,1.3594554662704468,0.7355881006939597,0.003248240031735304,0.02821625272463722
1363,50,0.03608686849474907,11989,1.376063932267854,0.9011533239678678,1.5270031144171787,0.10223228484392166,0.9011533260345459,1.0,0.002855574119465249,0.028261906438754848
1364,50,0.05375942215323448,5676,3.3388676159474695,2.623574107589515,1.2726408628166705,0.15141792595386505,2.6235740184783936,0.38115929331419474,0.0026485008437708174,0.030487869858918267
1365,50,0.03088972717523575,11960,1.3114349948953785,1.068810649569971,1.2270040492409005,0.0834246501326561,1.0688105821609497,0.9356186035878984,0.002416220046429126,0.029039551312848473
1366,50,0.30181047320365906,12696,9.16307506136411,8.20235301084279,1.1171276156061818,0.4425206184387207,8.202353477478027,0.12191621353914826,0.003024341716042599,0.0293251987217807
1367,50,0.18755531311035156,19669,3.1120600010222192,2.627472078742801,1.1844312357108282,0.29380545020103455,2.627472162246704,0.38059380182019376,0.002688034884729078,0.029688168342461272
1368,50,0.08373691886663437,21484,4.624844316493161,2.6939457361822807,1.7167548159472328,0.17292779684066772,2.6939456462860107,0.37120260023658685,0.002662875376989914,0.03312148194646899
1369,50,0.02624683640897274,27762,1.4255718756807676,0.980197614188495,1.4543719093415088,0.06397658586502075,0.9801976084709167,1.0,0.0023463121796846063,0.03588561672456446
1370,50,1.5594747066497803,23513,12.900644188701243,15.342434119004158,0.8408472924593371,0.8727127909660339,15.34243392944336,0.06517870237669511,0.0038278063014358294,0.03352020897391551
1371,50,0.5298094153404236,8361,5.0123946105243204,5.8000729119024985,0.8641951035197118,0.5013197064399719,5.800073146820068,0.17241158900498832,0.003989294380028449,0.0346120364492271
1372,50,0.08449221402406693,10374,4.704767593020208,2.962138822563665,1.5883008443698625,0.20892445743083954,2.9621388912200928,0.3375937790662899,0.0037561011372373746,0.03339169212422225
1373,50,0.0021659056656062603,1562,0.20722694864373709,0.18566331850816342,1.1161437289160023,0.02869320474565029,0.18566332757472992,1.0,0.003377302564527523,0.029942717780822137
1374,50,0.03798096626996994,30251,1.1501598806788387,1.0398601705054062,1.1060716751163928,0.10941436141729355,1.0398601293563843,0.9616668724014561,0.002968993640834787,0.02926815071157623
1375,50,0.27046486735343933,3678,8.852614849461299,6.540801017142177,1.3534450637252151,0.42299485206604004,6.540801525115967,0.1528864380418319,0.002493277668070553,0.03274501140581416
1376,50,0.00022166836424730718,3358,0.013261918350322758,0.016510527351791614,0.8032401429067875,0.0004050761344842613,0.016510527580976486,1.0,0.0022451008510003044,0.029499962140800605
1377,50,0.45456403493881226,6204,6.222052995715809,6.261625290646929,0.9936801879551587,0.5372844338417053,6.261624813079834,0.15970293177070916,0.003009227504041829,0.031964644084374084
1378,50,0.5885109901428223,7154,11.705110552127165,13.713309232276563,0.8535584193329776,0.6277540326118469,13.713309288024902,0.07292185322119098,0.004238412904659191,0.030483166977129664
1379,50,0.11551839858293533,4469,4.717318488249351,5.175665687084804,0.9114418846680709,0.20523715019226074,5.175665855407715,0.1932118175178075,0.0041471791792935375,0.02834750986703302
1380,50,0.0638916939496994,6149,5.676829294476649,2.267028329753826,2.5040839675305624,0.187453955411911,2.267028331756592,0.4411058939520456,0.003921860096901159,0.03475310365247105
1381,50,0.3579447865486145,44336,40.9177552574999,27.210512920714212,1.5037480321199475,0.46859243512153625,27.210512161254883,0.036750501325491444,0.006913783571776732,0.03238269031245409
1382,50,0.061223700642585754,11489,2.3950940415121305,1.3447435259769829,1.7810786928832885,0.14249996840953827,1.3447434902191162,0.743635692336659,0.006258104826957439,0.03414970338463193
1383,50,0.055919546633958817,14214,1.3545077212330585,1.1464802357880741,1.181448819569757,0.16199716925621033,1.1464802026748657,0.8722341000156749,0.005732293206972053,0.03971370880139719
1384,50,0.11197122931480408,45034,8.54969799557363,3.1385282595876,2.724110566617721,0.20245261490345,3.138528347015381,0.3186205669706294,0.005514518468912898,0.03999045437637814
1385,50,0.0551840215921402,12045,1.7313071947274372,1.6140544294294896,1.0726448644847246,0.16594552993774414,1.6140544414520264,0.6195574044844373,0.00495415574346763,0.04235671379255126
1386,50,0.17357991635799408,7729,11.140342163098047,6.55976400749694,1.6982839855769836,0.33646857738494873,6.5597639083862305,0.15244448756411458,0.004811459887001299,0.0448135965299648
1387,50,0.02177608571946621,14917,0.5081966414416011,0.33555551001049405,1.514493507867576,0.09706534445285797,0.3355554938316345,1.0,0.004299317625765743,0.04096965367509343
1388,50,0.004939418751746416,2268,0.15917928379689572,0.2212084852485982,0.7195894118495838,0.006690296810120344,0.22120849788188934,1.0,0.0038727904950944725,0.03714425488534383
1389,50,0.44359761476516724,33716,27.1747377104014,8.891638933340298,3.0562124614061092,0.5296116471290588,8.89163875579834,0.11246519511183398,0.0046354972858199265,0.03255170090976573
1390,50,0.009643038734793663,37616,0.2916710021629921,0.17831121804602976,1.6357411797056063,0.06432990729808807,0.17831121385097504,1.0,0.004171762385683882,0.02900875517126242
1391,51,0.2740458548069,13411,12.343010139026482,6.15579674285762,2.0051035884746664,0.4359205961227417,6.155796527862549,0.1624484878642891,0.004581151667229586,0.02854688223578902
1392,51,0.6050892472267151,20079,48.24857561450622,18.037593924769993,2.6748897783005607,0.6754387617111206,18.037593841552734,0.05543976393661566,0.0054080641123075805,0.03254658327431668
1393,51,0.09510194510221481,14732,8.985275090787152,6.068431918784725,1.4806584651583399,0.17107485234737396,6.068431854248047,0.16478719036991177,0.005074233249172529,0.03983628059471929
1394,51,0.011175863444805145,18653,0.9282994527026363,0.4146037141545636,2.2390041888392944,0.055128246545791626,0.41460373997688293,1.0,0.004597135693701883,0.035557115882850626
1395,51,0.013742858543992043,3514,1.6290887597767183,0.9461366158051631,1.7218324844014632,0.04579959064722061,0.9461365938186646,1.0,0.004120115257051986,0.032872600809830024
1396,51,0.014276490546762943,28947,0.5115688774266474,0.35260025286949725,1.4508465982709775,0.054380256682634354,0.35260024666786194,1.0,0.0037070323746961624,0.028681267703842887
1397,51,0.5230728387832642,25973,49.76802633534854,19.686494419751238,2.528028874730196,0.5800538063049316,19.686494827270508,0.05079624168638284,0.011440251696123793,0.030989967660568798
1398,51,0.009587593376636505,22105,0.5380776295654482,0.27023814894175585,1.991123872297647,0.05279168486595154,0.27023813128471375,1.0,0.010312676484239837,0.02870793614398565
1399,51,0.26611146330833435,17630,44.700694621110856,12.042757974252382,3.7118320169414663,0.3828103542327881,12.042757987976074,0.0830374502220327,0.01134533043365269,0.03440009669289045
1400,51,0.8120219707489014,72391,22.847796163996893,15.263590923740367,1.4968821084204285,0.7414750456809998,15.263591766357422,0.0655153747421843,0.010853530194079043,0.03684390683870756
1401,51,0.0029925894923508167,14524,0.3188157350414022,0.16255229740344096,1.9613117755461025,0.023229308426380157,0.16255228221416473,1.0,0.009768195461208724,0.0343006958023756
1402,51,0.02027495577931404,20343,0.6622859978075661,0.32634291027001233,2.0294174531249016,0.09400977939367294,0.32634294033050537,1.0,0.00879241760113938,0.03275412301020118
1403,51,0.26821938157081604,4987,7.872915325069416,5.871563442043012,1.3408550214572308,0.3727480173110962,5.87156343460083,0.17031236072400924,0.007698419272433161,0.029951002832112304
1404,51,0.034266117960214615,9110,0.8965649869829597,0.692207863593641,1.2952250821409204,0.09008954465389252,0.6922078728675842,1.0,0.006815420590630417,0.02924412408894815
1405,51,0.003632355248555541,11576,0.2448376281012602,0.16191036481261595,1.512180078051868,0.016661398112773895,0.16191035509109497,1.0,0.006131839782600068,0.026552763155835615
1406,51,0.1582873910665512,10170,13.063694949471193,6.698074385735968,1.9503657614327667,0.3177030384540558,6.6980743408203125,0.14929661867277982,0.006085334815667269,0.030923041645314318
1407,51,0.7436943650245667,9274,33.32751698930534,17.557604591895068,1.8981813159574212,0.6843639016151428,17.557605743408203,0.05695537066151901,0.008434865343575074,0.039050880108699754
1408,51,0.6595797538757324,6204,15.545547014598744,10.767609288734196,1.4437324570145862,0.6047080755233765,10.767609596252441,0.09287111481799314,0.007709358333895328,0.038339922300764044
1409,51,0.035306692123413086,7311,2.9917546449726053,1.3722316826143806,2.1802110262244665,0.12558946013450623,1.3722316026687622,0.7287394265776573,0.006870765227187109,0.036550645023352465
1410,51,0.13281972706317902,10293,9.747375134956382,5.129762738665956,1.9001610077368567,0.25848624110221863,5.129762649536133,0.19494075523156443,0.005789487623368341,0.036700193302121285
1411,51,0.373862624168396,10010,7.590592343987032,5.033862935643382,1.507906043734058,0.4467553198337555,5.033863067626953,0.1986545497783806,0.005461890950188518,0.035101358685750796
1412,51,0.06935902684926987,6770,4.649794641698416,2.19699294889577,2.1164358511179255,0.15283484756946564,2.196992874145508,0.4551674047743701,0.0048917091122208465,0.034747813131149975
1413,51,1.028674602508545,7261,12.291010503990536,17.433265851256927,0.7050320122952556,0.7506766319274902,17.433265686035156,0.05736159596531875,0.004696829887565187,0.0345804742901762
1414,51,0.2355956733226776,19971,8.641470841855174,6.615926620482147,1.306161833038001,0.38347128033638,6.615926265716553,0.15115039205191333,0.004355560591588702,0.030332195844709437
1415,51,2.0779001712799072,10499,19.58605124370433,19.997843526980514,0.9794081655493712,1.0280687808990479,19.99784278869629,0.05000539110947783,0.005803917467664531,0.030332194852615586
1416,51,0.18361392617225647,32462,5.337620124985421,3.64925366996532,1.4626607541466647,0.32488036155700684,3.6492538452148438,0.2740285462143784,0.005328698456969528,0.031486584592490936
1417,51,1.0806527137756348,12517,42.95229088179286,31.11362005903173,1.3804980198478447,0.8893460035324097,31.11362075805664,0.032140263443970724,0.009671214383811206,0.03317510175790972
1418,52,0.4817318320274353,10641,15.467078409531274,10.10808866811798,1.5301684539347786,0.5674026608467102,10.108088493347168,0.0989306634708932,0.009384944374916118,0.03135132768973891
1419,52,0.12379959225654602,2385,8.056563683347605,3.570934635351358,2.2561498616041264,0.23576077818870544,3.570934772491455,0.2800386407684662,0.00813904181958931,0.03536961964301551
1420,52,0.038104940205812454,13327,1.7413002115380323,1.0927396818186454,1.5935178711899567,0.09979735314846039,1.0927397012710571,0.9151301848982264,0.007277218618651453,0.035927801563516555
1421,52,0.05663792043924332,46389,1.7266907795397646,1.4713414511205642,1.1735486540011186,0.16535210609436035,1.4713414907455444,0.6796514110683297,0.006571950511571198,0.03751733948560048
1422,52,0.07243035733699799,12223,2.969713556627852,2.7196625878601224,1.0919419084862956,0.1491718888282776,2.719662666320801,0.3676925247719377,0.0061327545044652714,0.039210121485187516
1423,52,0.053764794021844864,32040,2.799300521946976,1.3514294425457942,2.0713626874013054,0.15157391130924225,1.3514293432235718,0.7399567465791069,0.005452633998803799,0.035685361307969427
1424,52,0.3477114140987396,14342,1.7494704944112098,3.71610559976602,0.4707806189686569,0.33827367424964905,3.7161059379577637,0.2690988221532622,0.00494258136164504,0.0335730620769288
1425,52,0.07503730058670044,6812,2.995702367341324,2.530451395195595,1.1838608609625487,0.15168523788452148,2.530451536178589,0.39518623080366844,0.004478483229336911,0.03594167715688758
1426,52,0.011578401550650597,12225,0.48678233678882016,0.3237161805336967,1.5037318677885663,0.04404325410723686,0.3237161636352539,1.0,0.004031726846413174,0.03343461048940382
1427,52,0.06191634014248848,8898,2.117530034924662,1.6562242329412014,1.278528591000612,0.16381685435771942,1.656224250793457,0.6037826071791409,0.003581391722462042,0.0367681161047049
1428,52,0.11544612795114517,7111,7.996888509296166,4.668427735768811,1.7129725384894496,0.24511539936065674,4.668427467346191,0.21420484580509352,0.0034747423232105628,0.03505080181854976
1429,52,3.989079236984253,19025,52.516654724366134,35.85854099985373,1.4645507948741943,1.3464292287826538,35.85853958129883,0.027887359155981,0.0059457190802925585,0.031379598259259886
1430,52,0.8554797172546387,14793,16.828971876919542,16.111479334304715,1.0445330020742474,0.7176582217216492,16.111478805541992,0.062067545133627146,0.005802815023063604,0.034106891564590576
1431,52,0.01805107295513153,1663,1.1251857922048445,0.7145872246580142,1.5745954494803056,0.0753876194357872,0.7145871520042419,1.0,0.0052013596051242545,0.03663441024319959
1432,52,0.03036123514175415,19249,1.2136904034599418,0.6495219642969139,1.8685902404730117,0.10245335847139359,0.6495220065116882,1.0,0.004545835772030344,0.038679528508976095
1433,52,0.22438840568065643,22787,10.459266489252256,5.701300318435559,1.8345405267338122,0.3601897060871124,5.701300144195557,0.17539855810249402,0.004829600909155934,0.029437060163590538
1434,52,1.1599959135055542,10242,22.850499441112234,24.664527632971165,0.9264519386361614,0.8595881462097168,24.664525985717773,0.04054405748705659,0.009135077948247023,0.030589273188540024
1435,52,0.6845479607582092,7630,25.014278149256423,11.428296023182776,2.1888020837499944,0.630447268486023,11.428296089172363,0.08750210046144503,0.008441033550909045,0.032272277467753255
1436,52,0.11020812392234802,16389,3.6315037492642728,2.257144897880268,1.6088926114903321,0.26372629404067993,2.2571449279785156,0.4430373719326127,0.00743094150358828,0.033293560066328276
1437,52,0.2521410286426544,10462,9.471041260532557,7.878425557796023,1.20214898155119,0.35703083872795105,7.878425598144531,0.12692889722873252,0.006004090383879205,0.02872125226916768
1438,52,0.15927506983280182,13706,9.994045010355505,3.845458068396345,2.5989218534167193,0.2724974453449249,3.8454580307006836,0.26004697801130633,0.005146113941895996,0.029703849532700558
1439,52,0.04553554207086563,17344,1.6204149410639852,0.9451549871013978,1.7144436237190694,0.14757834374904633,0.9451549649238586,1.0,0.004694323599856141,0.03475743862409215
1440,52,0.012626304291188717,9658,1.2884898445469644,0.7001077071637414,1.8404165978475246,0.07435129582881927,0.7001076936721802,1.0,0.004278803377347386,0.033371664328272266
1441,52,0.013777660205960274,9069,1.8182011093938757,0.6598920455778458,2.7553008428810224,0.05183844268321991,0.6598920822143555,1.0,0.0038430524325489645,0.03339263322154224
1442,52,0.03630880266427994,12951,3.342816088730859,1.1678487678393137,2.8623706945486456,0.11299216002225876,1.1678487062454224,0.8562745656844402,0.0035046991574719465,0.03697249752051485
1443,52,0.5286715030670166,53872,27.814106344065827,11.866591022686151,2.3439003072482576,0.5289561152458191,11.866592407226562,0.08427018316739632,0.005405381699801008,0.038575501049410016
1444,52,0.37036561965942383,7072,64.93424408344121,17.964645090343215,3.6145575800071112,0.5002040266990662,17.964645385742188,0.0556648863844968,0.007023006685768743,0.04207155918666365
1445,52,0.0077577633783221245,16774,0.37179074334681184,0.21209012978260997,1.7529846566935492,0.03895004838705063,0.2120901197195053,1.0,0.006310282479902961,0.03854762995939099
1446,53,0.035240717232227325,5761,2.953057182381784,1.0399363986530028,2.839651719282013,0.1201661229133606,1.0399364233016968,0.9615963206950477,0.005749708279168739,0.04566152832516867
1447,53,0.05591808259487152,11085,14.136872559790516,4.649529585866507,3.0404952369289777,0.10951851308345795,4.649529457092285,0.21507548111113528,0.004909603383749488,0.038965149630282726
1448,53,0.07106838375329971,31301,1.267145444500715,1.461912354209031,0.8667725126281174,0.15866802632808685,1.4619123935699463,0.6840350491338147,0.004368604532917888,0.03950868990789992
1449,53,0.11462540924549103,13954,7.456723286269464,3.2348495320616024,2.3051221431974653,0.28105977177619934,3.234849452972412,0.30913330138063366,0.003953526666997085,0.03650545030429488
1450,53,0.9750944972038269,14158,22.502327353590758,12.264043904376505,1.8348211673931483,0.7067630290985107,12.264043807983398,0.08153916718805858,0.004187782477013863,0.03553625823749015
1451,53,0.24601414799690247,4525,14.454299994472168,7.853249429237958,1.840550223790982,0.4183356463909149,7.853249549865723,0.12733580746600506,0.005239861049044105,0.039246860420175715
1452,53,0.36059263348579407,22429,15.019201577183681,11.61950770662082,1.292585017919857,0.46914947032928467,11.619507789611816,0.08606215788519646,0.007040809400145627,0.0363624463809787
1453,53,0.6847144365310669,825,75.80478371699819,43.624063214704535,1.7376827863078246,0.7005734443664551,43.62406539916992,0.02292312667163527,0.015724920063477945,0.03930421872970948
1454,53,0.02669753134250641,4687,1.6132847968340742,0.8259969809075434,1.953136432846964,0.11760689318180084,0.825996994972229,1.0,0.014108412098851305,0.03876462080019207
1455,53,0.1822974979877472,8926,6.700665500671793,6.22350882487771,1.0766700408434597,0.3233838677406311,6.223508834838867,0.1606810347437799,0.012563568758566054,0.0362435987171179
1456,53,0.007941018790006638,7610,0.3747052385277898,0.3368992574807926,1.1122174662199735,0.032458193600177765,0.3368992805480957,1.0,0.011345296735222629,0.03326396936171824
1457,53,0.11588893830776215,29253,13.1279886385312,3.9342375904168922,3.336857100472357,0.2432306855916977,3.934237480163574,0.2541787959835172,0.010028243295602991,0.031236535876749332
1458,53,0.0798979178071022,4759,2.324730978548781,2.542465234041729,0.9143609703768759,0.17303891479969025,2.5424652099609375,0.3933188948911789,0.009116961609539412,0.02902337540245421
1459,53,0.1947564333677292,3412,9.833014359132388,6.19417612685043,1.587461214818672,0.32190191745758057,6.194176197052002,0.16144194268060824,0.008771400022006768,0.03423639505522555
1460,53,0.04336610436439514,15699,1.6566448100985487,1.0214034043566553,1.621929986752283,0.14137008786201477,1.021403431892395,0.9790441168805797,0.007906373128661668,0.03549954690730798
1461,53,0.005327155347913504,33312,0.26246881470057265,0.16394223844613612,1.6009834755623813,0.040071383118629456,0.16394223272800446,1.0,0.007122164394660831,0.03311148879774845
1462,53,0.6048427224159241,13933,25.236764592858766,13.010753571729873,1.939685080785172,0.5871201157569885,13.01075267791748,0.07685949828542611,0.008013779927629383,0.03244727835270212
1463,53,0.04178657382726669,11818,3.5924051173250775,1.0846663817785802,3.311990836694988,0.09107739478349686,1.0846664905548096,0.9219415246680788,0.006903235853384074,0.03225212354212656
1464,53,0.3458501398563385,17695,31.15020197379766,11.12279339875926,2.8005736380278035,0.4691905975341797,11.122793197631836,0.08990546639916353,0.010161968740486983,0.03386410246741983
1465,53,0.7419939637184143,16112,31.999163616702386,11.715032948564184,2.7314616832231384,0.6938077807426453,11.715032577514648,0.08536040408107398,0.008694245521774092,0.036649683478588414
1466,53,0.01712225191295147,25182,0.7882664886091069,0.3209777197342801,2.4558292994891167,0.07497156411409378,0.32097771763801575,1.0,0.007797407494164435,0.03385544146997637
1467,53,0.01050382386893034,7140,0.24796989327684438,0.48024840034912825,0.5163367396873374,0.018362248316407204,0.4802483916282654,1.0,0.007015881463574485,0.030406525449867442
1468,53,0.005892845336347818,400,0.8814801990886096,0.4383840225422848,2.0107489182080647,0.023122461512684822,0.4383840262889862,1.0,0.006361733181958347,0.031408009203542996
1469,53,0.02762012928724289,31671,1.0821083674871081,0.6399284520864053,1.6909833653392667,0.11172761023044586,0.6399284601211548,1.0,0.005691863819120566,0.032316712427346544
1470,53,1.2683578729629517,4282,88.19167468859183,27.249934295697653,3.2363995351912727,0.8091558218002319,27.24993324279785,0.036697336261070045,0.011315323855934324,0.03513029219548228
1471,53,0.15629521012306213,45972,4.300787458840354,2.954622865961362,1.4556130017086046,0.26470333337783813,2.954622983932495,0.3384525426714492,0.010420799821145268,0.037286387892228295
1472,53,1.1400277614593506,27302,48.82358728915774,22.223372072710838,2.19694775074699,0.8460325002670288,22.223371505737305,0.04499767079644795,0.012026743980374052,0.03938219004578842
1473,53,0.04920836165547371,24072,1.8812263107092941,1.4582214724867792,1.2900827111672228,0.14954668283462524,1.4582215547561646,0.6857663782105018,0.010767846629875441,0.03472781829025276
1474,54,0.02704566903412342,2348,2.7303554964400805,1.1700831339796667,2.3334713723727547,0.07915309071540833,1.1700831651687622,0.8546393753271323,0.009889819486032214,0.041380629840250024
1475,54,0.6421723365783691,12543,43.038900123366,19.86181457191668,2.166916822605829,0.6578938961029053,19.861814498901367,0.050347864728444075,0.011194750864951565,0.042205799691387894
1476,54,0.030550923198461533,3620,0.9199580936646504,0.9665506441621541,0.9517950241098398,0.09837894886732101,0.9665507078170776,1.0,0.010072259267924091,0.03859179696819544
1477,54,0.43984562158584595,8383,24.71574728919265,13.360139074893155,1.8499618267924698,0.5502876043319702,13.360138893127441,0.07484951564874015,0.009363564493678679,0.03776357003350791
1478,54,0.09859957545995712,13733,7.9657529692707065,3.101504477336184,2.5683512719316637,0.25552135705947876,3.1015048027038574,0.3224240300076857,0.008217979173141965,0.037986988882860714
1479,54,0.008512454107403755,2049,0.6228953688521832,0.35757607246013756,1.7419939890409792,0.03516019508242607,0.35757607221603394,1.0,0.007402792878997416,0.034461791146460176
1480,54,0.17867575585842133,7880,13.814352472291091,5.7958293286691855,2.3834988383725753,0.3274115025997162,5.795829772949219,0.172537818852007,0.006863480518921016,0.03850474592314447
1481,54,0.020576320588588715,17987,0.357505976054758,0.23371609382501485,1.5296592126038866,0.09063033014535904,0.23371608555316925,1.0,0.006200515910726397,0.03574216046034334
1482,54,0.03165828064084053,13920,1.2990100704483338,1.2928052089918307,1.0047995331488004,0.07740665972232819,1.2928051948547363,0.7735111449650527,0.0056576805056857485,0.03133705475881723
1483,54,0.04827005788683891,9762,6.206075509531512,5.634228384327057,1.1014951979572007,0.1371808797121048,5.634228229522705,0.17748656635411927,0.00512029007828741,0.028498098323704875
1484,54,0.7818676829338074,1330,32.21957215853223,26.506489362154564,1.2155352494371992,0.7411565184593201,26.506488800048828,0.0377266098809567,0.00841035537754755,0.03565654726191409
1485,54,0.013917860575020313,22110,0.5220121077928069,0.2532951342590922,2.06088486191285,0.0767829492688179,0.2532951235771179,1.0,0.007581585951505569,0.0324371698550173
1486,54,0.2501765489578247,20914,10.624442052231153,5.563274115501816,1.9097462809939039,0.3545481860637665,5.563274383544922,0.17975022465323287,0.006591587323818855,0.03300024279624068
1487,54,0.12601956725120544,22091,7.334153678557191,4.785897374111673,1.532451096471114,0.23125354945659637,4.785897254943848,0.20894719167232545,0.005948754199127734,0.03600187146001343
1488,54,0.3498547673225403,17926,23.243659354690532,9.862939191499265,2.3566665984031996,0.4763818383216858,9.86293888092041,0.10138964771898011,0.00554497738129622,0.042328570148481404
1489,54,0.032766371965408325,10441,1.6631775414726042,1.3610223564437627,1.2220060409713809,0.13681437075138092,1.3610223531723022,0.734741250155024,0.004954605751461276,0.04009960673607087
1490,54,0.04041910916566849,24692,2.5838264999560225,1.1716493001545139,2.2052900126454813,0.11946694552898407,1.1716493368148804,0.8534969594414064,0.0044667327392883425,0.04477484445239965
1491,54,0.06909194588661194,21824,5.602732175815859,3.160995943685335,1.772457882145203,0.15690936148166656,3.1609959602355957,0.316355887898566,0.004098889134990972,0.04485530819164849
1492,54,0.04470160976052284,21119,1.6641670874744874,0.9895328490986369,1.6817704323698717,0.13706465065479279,0.9895328283309937,1.0,0.003776752707258757,0.04355089896017016
1493,54,0.5004127025604248,7014,10.956526420001143,9.67431384751353,1.132537830868081,0.5330644249916077,9.67431354522705,0.10336649644013933,0.004645856218091483,0.04333187326653559
1494,54,0.02013508416712284,30846,0.8058999196079,0.39973010342570026,2.0161101520733484,0.07426166534423828,0.3997300863265991,1.0,0.004188369924153969,0.03999490628495595
1495,54,0.13493773341178894,12427,8.739294860470105,3.673754161130634,2.3788458555370844,0.2537974417209625,3.6737542152404785,0.2722010426420154,0.004431317577730286,0.04161211245490227
1496,54,0.019983312115073204,7097,1.1997583523480861,0.8598750804791159,1.3952705219439487,0.06520296633243561,0.8598750829696655,1.0,0.004039578179749174,0.04154158587258927
1497,54,0.015071652829647064,18830,0.7089565471313144,0.45964861070157553,1.5423880995695174,0.05481504648923874,0.45964863896369934,1.0,0.0036352138063781123,0.03681844031251128
1498,54,0.04243576526641846,22341,1.0520333696855846,1.0563314690786858,0.9959311073087258,0.14695416390895844,1.0563313961029053,0.9466717140260674,0.003312099052699688,0.03825214598062223
1499,54,0.8902669548988342,23844,6.609045719401147,7.953562034030598,0.8309541927406171,0.6142622828483582,7.953561782836914,0.12572981785696238,0.0032537932054319354,0.03397631004229135
1500,54,0.6132484674453735,39613,11.976171358996403,8.134593169004075,1.4722520364790637,0.6033649444580078,8.13459300994873,0.12293176509817025,0.003499687442872217,0.0299449493089486
1501,54,0.00676189037039876,9439,0.4536416298475604,0.4083431252344722,1.110932453156807,0.025777066126465797,0.408343106508255,1.0,0.003145027102395958,0.026198738587307816
1502,55,0.2144884318113327,9179,27.77838387739647,7.372444446766378,3.767866150497283,0.3774492144584656,7.372444152832031,0.13564020881401373,0.003947614654109113,0.032467515109748844
1503,55,0.44214966893196106,14678,28.814311138186678,17.205656494864144,1.6746998957456825,0.571714460849762,17.205656051635742,0.05812041917370019,0.007498305380081644,0.030610287973194684
1504,55,0.6449595093727112,24179,43.93043150835053,24.03459229642857,1.8278001543166,0.6760302186012268,24.034591674804688,0.04160669637843681,0.011352485538596422,0.03630823110976723
1505,55,0.0057563320733606815,5149,0.411427987666633,0.40993713877652227,1.0036367743931585,0.02583187445998192,0.40993714332580566,1.0,0.010231505155564102,0.033121270188506156
1506,55,0.033799909055233,26491,2.2827670135252807,1.6064961115181373,1.420960186057747,0.10101791471242905,1.6064960956573486,0.6224723360553719,0.00922197449261095,0.030537802610263422
1507,55,0.056286249309778214,10086,2.30882713829938,2.0151377038233287,1.1457416204945634,0.17293427884578705,2.0151376724243164,0.4962437641062925,0.00826576687658816,0.026791732861685267
1508,55,0.047042131423950195,18196,2.372128407007006,1.278249284968453,1.8557635313394238,0.1594627946615219,1.2782492637634277,0.7823194161179341,0.007436850890010197,0.027552156489204824
1509,55,0.018414467573165894,6931,1.994343148613915,1.0856991813305252,1.8369205604152787,0.04741513729095459,1.085699200630188,0.9210645806453349,0.006662672637513205,0.028240409430097143
1510,55,2.0588269233703613,14254,27.122499974830234,42.07384644270929,0.6446403708717598,1.1817902326583862,42.073848724365234,0.02376773236942218,0.010323826849358207,0.03031922374166438
1511,55,0.05973336100578308,9017,6.4958388874401685,2.62413120329764,2.4754245821529937,0.1513473242521286,2.624130964279175,0.38107839606103455,0.009474828757907571,0.031356846906522955
1512,55,0.006362751126289368,18046,0.1210444373044283,0.12102529468947804,1.0001581703560336,0.03609144315123558,0.12102529406547546,1.0,0.008532271219121269,0.028220593660596222
1513,55,0.00702555850148201,3052,0.24254922617934652,0.26326002123673226,0.9213295092775093,0.03280992433428764,0.26326003670692444,1.0,0.007683041337654374,0.02578161152699173
1514,55,1.6271743774414062,11266,47.77782136983518,35.82000796419352,1.3338305624497242,0.9960275292396545,35.82000732421875,0.02791735811305986,0.013158452887147723,0.027685034544537416
1515,55,0.009157153777778149,19816,0.7280585770338406,0.49546569422504927,1.4694429614771152,0.050762247294187546,0.4954657256603241,1.0,0.01184769790702411,0.02558767751438717
1516,55,0.024310948327183723,12709,1.2297872926974105,0.7906292004674004,1.5554539245057422,0.09352763742208481,0.7906291484832764,1.0,0.010638419838646202,0.025865798292896022
1517,55,0.0060800593346357346,7213,0.3510259879017384,0.26670642163980035,1.3161512412869438,0.054839394986629486,0.2667064368724823,1.0,0.009566544274175161,0.02440085604007697
1518,55,0.0722641572356224,31993,5.290153627534066,3.5638146832235367,1.4844076075099222,0.1884688436985016,3.563814878463745,0.2805981100322922,0.008852999327493286,0.0269824158436111
1519,55,0.017863254994153976,9373,0.7639177321763702,0.6126527323580114,1.2469016978589402,0.05843450501561165,0.6126527190208435,1.0,0.007912608281013396,0.026090885002700986
1520,55,0.028407979756593704,26658,2.7514701728137596,1.1044683356743805,2.4912168904609113,0.08988294005393982,1.1044683456420898,0.9054121818280472,0.006905113244651577,0.029500526616717464
1521,55,0.047184593975543976,9649,1.4664502909047656,1.204926758170868,1.2170451697244111,0.12629634141921997,1.2049267292022705,0.8299252940772273,0.006194695094419215,0.03172001447358167
1522,55,0.024184802547097206,7676,1.5705904738337704,0.6641498923283503,2.3648132627490037,0.07924242317676544,0.6641498804092407,1.0,0.0055355032754639795,0.03459587051607603
1523,55,1.288571834564209,15884,91.62957227680704,34.821670936055405,2.6313950426177968,0.905211865901947,34.82167053222656,0.028717748344576903,0.016932851370983614,0.03459097004280041
1524,55,0.05608132481575012,26941,1.930223645312842,1.5590159491102114,1.238103847759386,0.14537054300308228,1.5590158700942993,0.6414298774967802,0.015280974816645861,0.03392272650431719
1525,55,0.06443556398153305,3580,4.544482043877332,3.0864013276430433,1.4724209723387762,0.1243232786655426,3.0864012241363525,0.32400184012951305,0.013704503625985832,0.03326254440174979
1526,55,0.4153026342391968,58510,35.99275812850079,16.980090213582006,2.11970358671645,0.5138498544692993,16.980091094970703,0.05889249565944273,0.01437724404925961,0.032890330530683444
1527,55,1.8722281455993652,9390,62.439376848776604,48.74944774103914,1.2808222398837859,1.1344876289367676,48.74945068359375,0.020513051233693,0.013194934853343162,0.03426389845240419
1528,55,0.47245073318481445,10478,10.453152734929363,9.810066708216791,1.065553685396743,0.5015565156936646,9.810066223144531,0.10193610066613375,0.012217097676837966,0.03659170075089136
1529,55,0.19296281039714813,16834,6.742218052874262,3.473015757704786,1.9413151345239084,0.3416140377521515,3.473015785217285,0.2879341108446259,0.01079419775511745,0.03688228805561327
1530,56,0.029272889718413353,4765,1.3280909814424309,1.1278954493280136,1.1774947600263073,0.09208878129720688,1.127895474433899,0.8866061936242055,0.009719284630772275,0.03640813009338751
1531,56,0.03739764168858528,16439,1.6141140984038447,1.2410007459141021,1.3006552201655706,0.13574175536632538,1.241000771522522,0.8058006224867439,0.008779099470635154,0.03782621780053431
1532,56,0.1737489104270935,19392,15.304045417882055,5.981433095259355,2.5585917578863953,0.3359692394733429,5.981432914733887,0.16718399204189652,0.008672385733542929,0.03173585414961888
1533,56,0.03084651380777359,6479,1.8611735132627452,1.4183159598243498,1.3122418177483728,0.11102676391601562,1.4183158874511719,0.7050610543015388,0.0077767446508790646,0.036299278601323634
1534,56,0.03019772283732891,6243,1.5313625683607903,0.9480274474561651,1.6153145908045898,0.10997211933135986,0.9480274319648743,1.0,0.0070295771940376145,0.039705489408657105
1535,56,0.01275794766843319,15453,0.1406123500009626,0.26764359353954675,0.5253716262767951,0.04437077417969704,0.26764360070228577,1.0,0.006328072467854567,0.035682913227378384
1536,56,0.038542065769433975,19778,2.7609857992169213,1.7863326904375758,1.5456167901954765,0.14813967049121857,1.7863327264785767,0.5598058107380155,0.0056893276383086075,0.0285204971102948
1537,56,0.004173706751316786,12109,0.5253131908661329,0.4041357626727259,1.2998433679581043,0.037062425166368484,0.40413573384284973,1.0,0.005124057064259935,0.025355838842180872
1538,56,0.006519072689116001,2268,0.14006543090798845,0.22739965638543638,0.6159438986572843,0.009324208833277225,0.22739966213703156,1.0,0.0046156526438408604,0.022802983849388603
1539,56,0.0034778141416609287,8292,0.4389978721001341,0.2462767225617922,1.782539037923913,0.009813016280531883,0.24627672135829926,1.0,0.004178000204776777,0.020401322786702696
1540,56,0.33327072858810425,19626,18.156893746667418,12.465847553721863,1.4565310275469359,0.44072380661964417,12.465848922729492,0.08021915923892677,0.004869602194077791,0.02482121230232499
1541,56,0.09195774048566818,43531,11.36354242460633,5.443458364786727,2.0875593534643415,0.17146578431129456,5.443458557128906,0.18370670150205712,0.00548933054665584,0.03584390551650778
1542,56,0.030124090611934662,6348,2.050987480331598,1.286591823374758,1.5941244480710437,0.12181461602449417,1.28659188747406,0.7772466409038514,0.005037133772361758,0.03826724886142786
1543,56,0.09672702848911285,24569,10.214099817559012,4.320177889355492,2.3642776013282276,0.23846232891082764,4.3201775550842285,0.23147191423908714,0.00466918447037301,0.04694916004230484
1544,56,1.391554355621338,6870,79.54849702482423,26.142431991957448,3.042888169290974,0.8480419516563416,26.142431259155273,0.038251987806138144,0.010485814564627698,0.040588192333362895
1545,56,1.4887523651123047,9853,30.66113142839157,17.80156365260231,1.7223841695449977,0.9025803208351135,17.801565170288086,0.05617483262057368,0.009319243623822072,0.03779206141581222
1546,56,0.48463502526283264,5763,21.344549250689102,8.730918444013744,2.4447083531425386,0.5175936818122864,8.730917930603027,0.11453548108147787,0.008134264133158134,0.04076184051613843
1547,56,0.1064886525273323,12860,8.413403271820606,3.94534688811883,2.132487588646494,0.2553223967552185,3.9453468322753906,0.25346307664418843,0.007200129845378867,0.04396736760665622
1548,56,0.022212481126189232,2874,1.4318371230691591,0.6909913806441443,2.0721490356830845,0.088294118642807,0.6909913420677185,1.0,0.006432999202228488,0.043011686916582074
1549,56,0.7825521230697632,14862,50.442526565703446,30.55661566265312,1.6507890508094984,0.7656034827232361,30.55661392211914,0.03272613810622478,0.008971985681160673,0.03599641521684638
1550,56,0.013760684058070183,17883,0.5377945569701075,0.44202805464260647,1.2166525434764872,0.05984723940491676,0.4420280456542969,1.0,0.008065605597422624,0.03284610244195382
1551,56,0.37251442670822144,14449,21.1580602415163,8.537277784419858,2.478314607511813,0.4670635461807251,8.537278175354004,0.11713333715112278,0.008024805452272823,0.036012115730411964
1552,56,0.1615142524242401,23289,10.612707229946832,4.134661341544297,2.5667657767541403,0.28947773575782776,4.1346611976623535,0.24185772674860304,0.007419490220520236,0.04342571192829892
1553,56,0.0035851551219820976,33580,0.1105993156601798,0.1346835539980146,0.8211790703190754,0.024469152092933655,0.13468356430530548,1.0,0.006680101234804935,0.03904093704517057
1554,56,0.029445074498653412,24802,0.8023792233009569,0.631774383019505,1.2700407690872055,0.12250886857509613,0.6317744255065918,1.0,0.006046579298366459,0.03570536322113693
1555,56,0.020590895786881447,19814,1.0593447115462051,0.5654317453041048,1.8735147439848587,0.09043116122484207,0.5654317140579224,1.0,0.005458279153339815,0.03435779617831133
1556,56,0.15167716145515442,25737,2.97672990143337,3.939121389891704,0.7556837189814177,0.30426669120788574,3.9391214847564697,0.2538636470101598,0.00489941010389168,0.03380213086258382
1557,56,0.09110092371702194,17618,2.669806410242019,2.4552144444904345,1.0874025347285028,0.23639333248138428,2.455214500427246,0.40729622301015295,0.004468802974518962,0.034362127453141045
1558,57,0.019686758518218994,8347,1.3089487078352595,0.8862517420621013,1.476949094382781,0.095057412981987,0.8862518072128296,1.0,0.004026955176758905,0.03604439942364066
1559,57,0.007155185099691153,7920,0.2711070477966704,0.21523050344231023,1.259612570985216,0.05032164976000786,0.21523050963878632,1.0,0.0036409763534964636,0.03374374954046146
1560,57,0.017116127535700798,1381,1.3746934895914433,0.9101555546292165,1.5103940008913774,0.0945533886551857,0.9101555347442627,1.0,0.003359289333314257,0.039193638533738265
1561,57,0.14716936647891998,15120,4.641568996606573,3.393976239074315,1.3675903040120172,0.3098040819168091,3.3939762115478516,0.2946395740659501,0.0033739441328035,0.03978951480108178
1562,57,0.05885855108499527,14206,2.786823132366702,2.239581302096012,1.244350062110844,0.1493750661611557,2.239581346511841,0.4465118246522635,0.0030018148659484863,0.03938911730093556
1563,57,0.05946255475282669,31560,3.0310843510942385,1.559758892412555,1.9433031386049477,0.16804751753807068,1.5597589015960693,0.641124315977556,0.0027401581957299365,0.04230683422920871
1564,57,0.05168387293815613,40633,2.0355894246457487,1.024495519809098,1.9869188154410558,0.1708264797925949,1.0244954824447632,0.976089246898821,0.0025783171701870547,0.04661969275190338
1565,57,0.4866454601287842,54755,17.226690936315897,9.356687881593963,1.841109926323565,0.5197187066078186,9.356687545776367,0.10687541806138269,0.002320767494958863,0.04134519125477698
1566,57,0.006426789332181215,23390,0.24057025224687395,0.1423784760084647,1.6896532326338558,0.049210838973522186,0.14237846434116364,1.0,0.002106743191084199,0.03724732551354707
1567,57,0.016668880358338356,11450,2.30322612400786,1.3775804245829724,1.671935868792148,0.03670629858970642,1.3775804042816162,0.725909914936375,0.0018699680768583084,0.029883885659614345
1568,57,1.0712777376174927,8023,31.879470810877393,16.504351152458945,1.9315797704731832,0.8455493450164795,16.504350662231445,0.06059008075357481,0.005352518652877759,0.03270164894054558
1569,57,0.007853912189602852,12852,0.8051408027931464,0.26117949162839155,3.0827106591340834,0.040503956377506256,0.26117947697639465,1.0,0.004880716173364874,0.030724131719707046
1570,57,0.279033899307251,23626,21.588198001893744,10.607020801558464,2.0352744098248405,0.4269740581512451,10.607020378112793,0.09427717399188655,0.006243253593186991,0.031255120981831475
1571,57,0.024670302867889404,11430,0.7061374768784123,0.5231433485868527,1.3497972951095047,0.09058448672294617,0.5231433510780334,1.0,0.005622125329336042,0.029006415792882257
1572,57,0.007858660072088242,11865,0.3136607903296443,0.24780402545470254,1.2657614812868094,0.04986732080578804,0.24780403077602386,1.0,0.005057497874699086,0.026456684601236045
1573,57,0.11969981342554092,5354,9.028659541443506,6.487873653009612,1.391620741142805,0.19544145464897156,6.4878740310668945,0.15413367168935058,0.003941062975762739,0.02849303880210096
1574,57,0.09537024796009064,17653,2.3102426594699375,3.2040576990228224,0.721036534446242,0.21025581657886505,3.2040576934814453,0.3121041452937388,0.003792338590747421,0.029268196175730087
1575,57,0.013588408008217812,25632,0.40402961042484586,0.33261373631528207,1.2147111388107392,0.06648728996515274,0.3326137363910675,1.0,0.003423585642221336,0.02594372162020177
1576,57,1.1426953077316284,30536,19.230423918929745,19.613581306867864,0.980464690158093,0.8602371215820312,19.61358070373535,0.0509850783556556,0.0029813667288341736,0.022297844028352876
1577,57,0.9500609040260315,7482,11.290925924842197,10.209592779924078,1.1059134451516346,0.5851381421089172,10.209592819213867,0.09794708954219684,0.003939373668716724,0.026951996498757846
1578,57,0.018093083053827286,1374,3.8376111887387423,1.0750116541826231,3.5698321723340483,0.05333390459418297,1.0750116109848022,0.9302216455711303,0.0035322026630030443,0.028016069247963692
1579,57,0.46584728360176086,7008,12.386458207409671,9.226934625598064,1.3424239696079425,0.48249712586402893,9.226934432983398,0.10837834590511101,0.004026290965248249,0.031921941827009845
1580,57,0.18412402272224426,10052,19.139050477335896,8.425299879144113,2.2716165301973645,0.3202993869781494,8.425299644470215,0.11869012658394938,0.003455480950186711,0.027916748040757645
1581,57,0.2325287014245987,8112,6.099397360639092,4.893428230850397,1.246446677645024,0.36751148104667664,4.893428325653076,0.20435566418782194,0.003201655783435526,0.031567286675862304
1582,57,2.348310708999634,5611,23.421116669682362,16.396888713130384,1.4283878532959522,0.7663206458091736,16.396888732910156,0.06098717600039125,0.005894984255381056,0.03144930121614276
1583,57,0.16146345436573029,25431,11.80467069613547,6.957718328526136,1.6966295757814007,0.30542632937431335,6.957718372344971,0.1437252562922739,0.005943779096965887,0.030994667520570483
1584,57,0.0072961426340043545,9084,0.6581276417362134,0.4176716921150808,1.5757056419167241,0.027181804180145264,0.41767168045043945,1.0,0.005304834300061307,0.02904465912821565
1585,58,0.016069913282990456,22023,0.3376318320896709,0.1864190585541582,1.8111443899914956,0.08927031606435776,0.1864190697669983,1.0,0.00478168797088897,0.027096824990044496
1586,58,0.02970755472779274,19983,1.3052119497309067,0.7954083724706379,1.6409331293246439,0.12542766332626343,0.7954083681106567,1.0,0.004287044888797306,0.026184640569274283
1587,58,0.22394005954265594,5298,12.933845630483871,9.306170931427689,1.3898138907812065,0.3545316457748413,9.306171417236328,0.10745556337940405,0.00341544233718511,0.030467960753178733
1588,58,0.05349192023277283,12271,1.2184129884810757,1.1679802380866107,1.0431794552243803,0.156296968460083,1.1679801940917969,0.8561781688425075,0.003099872025906594,0.02922104020203167
1589,58,0.012993757613003254,30406,1.1492332763586055,0.6611089216263639,1.7383418053559023,0.04075612127780914,0.6611089110374451,1.0,0.002790289987402709,0.03230054250183031
1590,58,0.025765420868992805,31400,2.5741834623621926,1.634921899529553,1.574499346483362,0.07902007550001144,1.634921908378601,0.6116496349003563,0.002544155285422606,0.038011131095484665
1591,58,0.004241331480443478,3224,0.14476388818052174,0.20374318209823325,0.7105213862322735,0.007167658768594265,0.20374318957328796,1.0,0.0022849684045985,0.03456336773601325
1592,58,0.03588594123721123,3755,1.7211001887406532,1.3140812546181975,1.309736504261606,0.09218219667673111,1.3140811920166016,0.7609874070855428,0.0020124810895234347,0.0319199366413309
1593,58,0.2759637236595154,14348,26.82789180701447,15.346397415406498,1.7481556798522475,0.417745441198349,15.346396446228027,0.06516187290886233,0.004893971609672702,0.034291780975175164
1594,58,0.016721107065677643,6583,0.5079057167780265,0.7528561244646571,0.6746384870529079,0.07580568641424179,0.7528561353683472,1.0,0.004420068213738751,0.03562324626494876
1595,58,0.027643701061606407,39923,1.186930871406047,0.7503076319827066,1.5819256273163191,0.11700510233640671,0.7503076195716858,1.0,0.004100022573366803,0.03793209844157952
1596,58,1.1974657773971558,10454,82.2666444025771,48.21804182427051,1.706138227313216,0.8882460594177246,48.218040466308594,0.020739125223464962,0.013101642093041432,0.035255380765221375
1597,58,0.009125211276113987,14895,0.640158506673047,0.26563426493727277,2.4099244381059237,0.03271724283695221,0.2656342685222626,1.0,0.011775977023334706,0.03239680459780323
1598,58,0.051727790385484695,9288,1.6386194232112188,1.3949630809129443,1.1746686673152933,0.15431484580039978,1.394963026046753,0.7168643644767974,0.010612451495580294,0.031668900311849095
1599,58,0.16693221032619476,7027,5.632855165246198,5.458476497634907,1.031946398905595,0.30593010783195496,5.458476543426514,0.18320126666166667,0.00953850269926336,0.03918376096806093
1600,58,0.02139509655535221,16412,1.5520388790995976,1.1473055019227467,1.3527686187307681,0.083229199051857,1.1473054885864258,0.8716066804713017,0.008539615444280679,0.0379933962127119
1601,58,0.0252813920378685,17634,2.4067150508781436,1.2230207356711933,1.9678448457011413,0.07745154947042465,1.2230206727981567,0.817646998611313,0.007726813315312088,0.04212647610661764
1602,58,1.1456164121627808,19144,36.53893638404412,34.81700337222386,1.0494566690134202,0.765246570110321,34.8170051574707,0.02872159643701673,0.010285226867984632,0.04419151968516631
1603,58,0.12449587136507034,42559,6.360778503755858,5.697537201479761,1.1164084197822743,0.2424248605966568,5.697536945343018,0.17551440808171667,0.009472114838130987,0.042881799644189124
1604,58,0.05815763771533966,8064,2.701494905104064,2.4817382705562285,1.0885494804806686,0.15423569083213806,2.481738328933716,0.40294320533238753,0.008575337157873298,0.03770234177694953
1605,58,0.5278041958808899,1981,32.103884871287306,23.237408451057643,1.3815604669902306,0.6169191598892212,23.237409591674805,0.04303405476504628,0.009543277244451205,0.037214825282777975
1606,58,0.14659680426120758,11755,14.98234841939968,5.139473689185079,2.9151522754020327,0.2696835696697235,5.1394734382629395,0.19457242408972542,0.0083511288061461,0.037995041531196226
1607,58,0.009951786138117313,5757,0.8209234233417746,0.6666602942728925,1.2313969054297753,0.06285300850868225,0.6666603088378906,1.0,0.007512712207225499,0.03717333652951948
1608,58,1.0723994970321655,8660,31.206538136451236,19.97235602434037,1.5624865738633025,0.7335306406021118,19.97235679626465,0.050069201152956815,0.009415960959630947,0.03812307275114742
1609,58,0.0881190299987793,16372,2.2270416279654572,1.4346711766776248,1.5523010876410241,0.2139420211315155,1.43467116355896,0.6970233516759131,0.00860350934161932,0.0378927981937782
1610,58,0.5016502141952515,20741,5.111283718643927,5.839557203901362,0.8752861801282199,0.477481484413147,5.83955717086792,0.17124583243108138,0.007785102165662986,0.03902063731671672
1611,58,0.039772603660821915,15119,1.783763383844883,1.2118495957827025,1.4719346279034933,0.12388741225004196,1.211849570274353,0.8251842467455441,0.0070200677303536695,0.03774438407161712
1612,59,0.028701916337013245,23057,0.7935674126961187,0.9123059712624004,0.8698478774584283,0.11570677906274796,0.912306010723114,1.0,0.006355784626731687,0.03674130163450137
1613,59,0.04235896095633507,37092,1.8492453840343586,0.9165766150454291,2.017556801774487,0.14141350984573364,0.916576623916626,1.0,0.005742516312251857,0.03923060494295012
1614,59,0.03437052294611931,15816,2.7226661452085827,1.1110632683484931,2.4505050457235957,0.10852111876010895,1.1110632419586182,0.9000379656149939,0.005078385522941174,0.03821058982405427
1615,59,0.009066450409591198,12526,0.48163452453987954,0.31283141566076267,1.5395976888095824,0.047818202525377274,0.31283143162727356,1.0,0.004564331421911275,0.034019131773502354
1616,59,0.09487444907426834,10443,7.39455755988195,6.28510616214482,1.176520709294964,0.17901551723480225,6.2851057052612305,0.15910628838853366,0.0039707892817964574,0.03351479562672617
1617,59,0.08151965588331223,4698,2.4964956518196337,2.347645538186922,1.0634039982656855,0.16714248061180115,2.3476452827453613,0.42595854722653953,0.003657074951880977,0.030671163334550288
1618,59,0.0066362181678414345,49506,0.16456062898686177,0.13549181776783303,1.2145429273642485,0.03765437752008438,0.13549181818962097,1.0,0.0032897827651991772,0.02798279166794536
1619,59,0.03852791339159012,22314,1.8242212332279708,1.3236485639623492,1.378176415472228,0.10334009677171707,1.3236485719680786,0.755486966624514,0.0029307097713528597,0.02997502305749641
1620,59,0.025877900421619415,12509,0.628142301597197,0.8202910308079174,0.7657554185101403,0.095665343105793,0.8202910423278809,1.0,0.002679704895021197,0.031892984505356506
1621,59,0.012605779804289341,6798,0.5430594169611354,0.7073520824886589,0.7677356586690682,0.04012463614344597,0.7073521018028259,1.0,0.0024267930417549914,0.028558090704795067
1622,59,0.02272452786564827,13519,4.559345984154457,1.9003505479551694,2.399213128892478,0.045694105327129364,1.900350570678711,0.5262184194911101,0.0021510186823215866,0.030789666261871768
1623,59,0.15919217467308044,4411,11.378799642268397,7.755201858312647,1.4672473844211058,0.2740832567214966,7.755201816558838,0.12894569280184512,0.003095164925928006,0.03745272768158088
1624,59,0.016718922182917595,20792,0.4574615539493614,0.5987661278894539,0.764007068270661,0.07599380612373352,0.5987661480903625,1.0,0.0028175680827786384,0.034457137387136696
1625,59,0.831092119216919,3466,29.225641525215096,23.77466637882783,1.2292766198915128,0.7141743302345276,23.77466583251953,0.04206157785698924,0.005007947411498294,0.03723349296975595
1626,59,0.038723174482584,14461,3.5876030139565263,1.1878387226718519,3.0202778756730297,0.13281862437725067,1.1878386735916138,0.8418644554751636,0.004573319028784412,0.03870394146907242
1627,59,0.4324747323989868,10680,22.19361848957052,14.406471914453073,1.5405311322131252,0.5006043314933777,14.406471252441406,0.06941324582987582,0.005155654370117685,0.03542080138811162
1628,59,0.1958669126033783,7098,19.152630163705687,9.72844082788684,1.9687255648204367,0.36682355403900146,9.72844123840332,0.10279137969822855,0.0054860933706002936,0.039840630787725435
1629,59,0.1426251232624054,9194,4.549975619411164,3.4614285805065017,1.3144791272117085,0.2743891477584839,3.46142840385437,0.2888979907799016,0.005086226730689727,0.04337893472078401
1630,59,0.010129464790225029,10716,0.1165951620036812,0.28707541264013464,0.4061481996350336,0.043295204639434814,0.2870754301548004,1.0,0.004579027155496591,0.038768624175897305
1631,59,0.030493544414639473,13211,1.583628660399988,1.4552302373655168,1.088232377074455,0.11671532690525055,1.4552302360534668,0.6871760138354115,0.0041304586577860045,0.034555792320075586
1632,59,0.39886924624443054,12499,9.408807045770535,6.328787940691934,1.486668084622278,0.4414016306400299,6.328787803649902,0.15800811672263196,0.00407092119544981,0.0397770304438868
1633,59,0.059002988040447235,12737,9.03118706387689,2.917358001124581,3.095673229131447,0.19529762864112854,2.917357921600342,0.3427757868927014,0.0037083180416608887,0.04150198407138271
1634,59,0.020394382998347282,19382,0.8641386650430073,0.6150475657813419,1.4049948542497213,0.07316971570253372,0.6150475740432739,1.0,0.0033521175938082837,0.0372498724012808
1635,59,0.1545839160680771,21917,16.03716253816713,7.18430987055365,2.2322481667858534,0.287448525428772,7.184309959411621,0.13919219332926783,0.004089064933341716,0.03363720970124155
1636,59,0.018896637484431267,14899,1.6285252114015134,1.002399318392519,1.6246272134456814,0.07512016594409943,1.0023993253707886,0.99760542239459,0.0036861200124847474,0.03683233333239408
1637,59,0.7089371085166931,20671,24.163513118181083,12.799880627006793,1.88779206793507,0.6510820984840393,12.799880981445312,0.07812572033473421,0.00397084102292984,0.033927618498123105
1638,59,0.013617954216897488,8995,1.0252422697752064,0.6603175564511835,1.5526503267363128,0.06819728016853333,0.6603175401687622,1.0,0.0035738104655595807,0.030868040942899022
1639,59,0.027371235191822052,25679,0.794941894879633,0.6508956896726774,1.2213045922583574,0.10630975663661957,0.6508956551551819,1.0,0.003228070568746706,0.029822688248117287
1640,60,0.1371513158082962,19570,11.814006083724935,6.820431640124906,1.7321493282361888,0.2858685851097107,6.820431709289551,0.1466182634773278,0.004019129690384306,0.03498000238351588
1641,60,0.6779407262802124,43505,41.42804261422026,27.608926462591345,1.5005307312601088,0.6766308546066284,27.60892677307129,0.036220167918848425,0.009304235408620725,0.03927009490001534
1642,60,0.005871715489774942,7506,0.41890451370455434,0.18430970895451568,2.27282933752372,0.03070257417857647,0.1843097060918808,1.0,0.008384287047082568,0.035959044502196204
1643,60,0.029098179191350937,28457,0.9440325434056217,0.707641498379428,1.334054808213226,0.0894431471824646,0.7076414227485657,1.0,0.0075594648341294245,0.033748784406913486
1644,60,0.019308483228087425,14206,1.324222710978624,0.5403485438041512,2.4506824829274207,0.08843952417373657,0.5403485894203186,1.0,0.00681140529362958,0.03363015781879792
1645,60,0.0042689088732004166,3224,0.3475759499219639,0.3812239295038159,0.9117369688031954,0.011324077844619751,0.3812239170074463,1.0,0.0061320433927918114,0.030483276638883658
1646,60,0.006887819152325392,18412,0.3481825584416165,0.20602712807465026,1.689984040906345,0.05531793460249901,0.20602712035179138,1.0,0.005520711882226471,0.028771782015840002
1647,60,0.8175845146179199,12718,14.837343395412567,7.558166952565275,1.963087543385734,0.5464230179786682,7.558166980743408,0.13230719435553503,0.0051650234647137765,0.026724694231983544
1648,60,0.07764550298452377,14360,14.627590373898327,4.838329841802099,3.0232726689106975,0.18023373186588287,4.838329792022705,0.20668285055018767,0.004642261872407004,0.031438806224296206
1649,60,0.007782995235174894,1160,0.2053721636039239,0.2788287478364912,0.7365530462576989,0.01599704474210739,0.2788287401199341,1.0,0.004179360818444609,0.028691405437643057
1650,60,0.10090992599725723,15792,13.512448258352935,5.826036093455822,2.3193210686642787,0.21224242448806763,5.826035976409912,0.17164326351670606,0.0034779168741681304,0.029760332616767325
1651,60,0.27946844696998596,15191,38.37054636208872,10.045886042251214,3.8195283323646305,0.4147588312625885,10.045886039733887,0.09954322560514177,0.004330013957156203,0.02961091518622779
1652,60,0.2768552303314209,4769,26.293108901088406,15.047480898323483,1.7473428993696951,0.3888000249862671,15.047481536865234,0.06645629908857333,0.005251321468883241,0.03286264386272626
1653,60,0.015854069963097572,23308,0.48183798107320797,0.6877343047899641,0.7006164702219733,0.07548362016677856,0.6877343058586121,1.0,0.004726271046439368,0.03017925616337658
1654,60,0.004410115070641041,10286,0.18501654678210594,0.15800638555324104,1.1709434788544844,0.014448115602135658,0.15800638496875763,1.0,0.004254317023609133,0.027417784213803767
1655,60,0.10565394163131714,3633,3.3765020913254022,3.1108333453666197,1.0854011502587861,0.257613867521286,3.1108334064483643,0.3214571620807353,0.003963538799757658,0.03194773174368848
1656,60,0.19155368208885193,12916,2.892509876920357,2.0167909665125223,1.4342140186797407,0.2928706705570221,2.0167908668518066,0.49583698567814566,0.0035579791685707673,0.037881226113106944
1657,60,0.40439721941947937,6189,49.887123565678415,16.57140405851715,3.0104343234594593,0.5350251197814941,16.57140350341797,0.06034491522995187,0.004347123716406411,0.040108993786689216
1658,60,0.00835635419934988,21956,0.7868075111423979,0.3541595871881463,2.221618557292329,0.045246854424476624,0.3541595935821533,1.0,0.003926508363629625,0.03946635492026437
1659,60,0.004829942714422941,7049,0.10978398322272499,0.14229886126667465,0.7715028935910683,0.016104398295283318,0.1422988623380661,1.0,0.0035391000516854293,0.0351361340634186
1660,60,0.023799140006303787,17927,0.46913684141610856,0.49975879121037864,0.9387265410158274,0.09794750064611435,0.4997588098049164,1.0,0.003180881325786452,0.03415045827924197
1661,60,0.0438261553645134,18405,3.4723766716461273,2.113145696382586,1.6432263414627366,0.15962016582489014,2.113145589828491,0.47322793639279076,0.0027215303507921425,0.032289946055442297
1662,60,0.014775651507079601,19479,0.37306848433464523,0.437143503868584,0.853423374777966,0.05515622720122337,0.4371435046195984,1.0,0.0024607516001356523,0.02831069965162706
1663,60,0.01798882707953453,40952,1.1872911771578951,0.7562196317831961,1.5700348513257254,0.07569490373134613,0.7562196850776672,1.0,0.0021884866161679633,0.023673691393970218
1664,60,0.027449684217572212,22653,1.2932859648265738,0.6434925585636663,2.009791640343589,0.11291895061731339,0.643492579460144,1.0,0.0019450832618299358,0.024440843647784535
1665,60,0.08821985125541687,17495,1.4644937732982097,1.4300100072871227,1.0241143529306358,0.22849930822849274,1.4300099611282349,0.699295339114765,0.0017259479964627298,0.02659477381496451
1666,60,0.002231914782896638,4934,0.25314001227254174,0.12183275178867373,2.0777665164253256,0.020131612196564674,0.12183274328708649,1.0,0.0015485126369565911,0.024111797778790845
1667,60,0.5581526756286621,1969,66.57534353790201,21.470396096657183,3.1007971738474036,0.5862540602684021,21.470396041870117,0.04657575721817662,0.006185969689068797,0.03365675638339885
