step,epoch,loss,n_valid_px,grad_theta_norm,grad_phi_norm,egr,r_rms
0,1,1.452515721321106,49237,10.454735693124936,16.854543846941308,0.6202918208920616,0.8830886483192444
1,1,1.2516506910324097,28188,4.934181353566927,7.082175328041878,0.6967042081024648,0.8202502727508545
2,1,1.4895771741867065,8369,4.800774893202133,7.626137741536931,0.6295158907310768,0.8888229131698608
3,1,1.0105829238891602,22232,7.336169676920819,10.75666660747995,0.6820114394750066,0.7218573093414307
4,1,1.2971410751342773,22154,8.909588104558054,12.069893264807071,0.7381662711579686,0.8238462805747986
5,1,1.4711620807647705,7789,6.01129993667975,11.368519629184334,0.5287671687039625,0.9006234407424927
6,1,0.5532271862030029,4334,6.0089318233553515,10.357953248244183,0.580127335907156,0.49638593196868896
7,1,1.1555927991867065,28643,2.3781308067545592,3.8954626649035884,0.6104873827131923,0.7874251008033752
8,1,0.5895581841468811,15546,4.571972772018509,7.99787823591957,0.5716482093318925,0.5163135528564453
9,1,1.4877064228057861,553,15.642787238939285,21.26968008032683,0.735450048137169,0.9020307660102844
10,1,1.6190940141677856,1985,6.4006346864709425,12.139848096300403,0.5272417443527153,0.9531369209289551
11,1,0.8106573224067688,4558,3.5395035963566515,6.625928089587522,0.5341898596693733,0.6444747447967529
12,1,1.2567254304885864,6069,4.292073400291695,5.855766385044888,0.7329652718476851,0.8256843686103821
13,1,0.6627891659736633,42553,3.0536083451851783,5.203503193620739,0.5868370272027847,0.5719727873802185
14,1,0.8939058780670166,16917,2.9891976740218587,4.289600494665884,0.6968475683780406,0.6946608424186707
15,1,0.5790284276008606,11530,5.360153631030339,4.199848611363554,1.2762730581588262,0.5276870131492615
16,1,0.6402333974838257,21333,4.943580070884755,4.832387952256963,1.0230097665430269,0.5551875233650208
17,1,1.482502818107605,8049,5.065511490658763,13.087337084029862,0.38705440672416763,0.9335487484931946
18,1,0.5675784349441528,12918,3.0830713796635925,5.6613183653477055,0.5445854093870046,0.5159333944320679
19,1,0.5495449304580688,8545,4.436592976460006,4.618501065753564,0.9606131758540933,0.5257274508476257
20,1,0.2910359501838684,7696,3.7969956869415915,4.687066267905929,0.8101007047713856,0.3252294361591339
21,1,0.30202680826187134,23642,17.479735057927318,6.098050951542791,2.86644621319573,0.34260818362236023
22,1,0.5266990065574646,14713,3.9261676047839145,3.9216685759107284,1.0011472231232952,0.5292906165122986
23,1,0.6452292203903198,7211,10.215501368053127,7.097842378302415,1.4392403808909209,0.5912774801254272
24,1,0.1614222675561905,11114,1.1781435330097487,1.929218152174313,0.61068445353436,0.279587060213089
25,1,1.3568283319473267,7490,35.367369566851224,12.09463724423258,2.9242191272593563,0.8610944151878357
26,1,0.45995163917541504,12721,12.68726788388412,3.3817366441437944,3.7517019268342806,0.49109572172164917
27,1,0.27381590008735657,17969,3.0214269296035954,2.568487646192401,1.1763447389289443,0.3486575186252594
28,2,0.34035220742225647,11335,3.1452731376878624,3.0056453116190314,1.0464551906800248,0.4255519211292267
29,2,1.016218662261963,2953,4.994535320921209,8.745435682164107,0.571101944195502,0.7381047606468201
30,2,0.2739246189594269,22674,1.3855060271321684,3.5779577185678035,0.387233761858532,0.3778843879699707
31,2,0.24547316133975983,30274,1.225716852134718,2.221698255060012,0.5517026667966921,0.330398291349411
32,2,0.21228428184986115,19303,1.2689977845519582,2.236881297088039,0.5673067168129868,0.28842800855636597
33,2,1.5983468294143677,8934,9.519666693487553,14.837397380292913,0.6415994968316322,0.927107572555542
34,2,1.0425896644592285,11487,9.514612303718225,14.876475682985808,0.6395743525867102,0.799193263053894
35,2,0.31447136402130127,17764,16.223135471041562,4.743715925075346,3.4199213711939263,0.3954363763332367
36,2,0.14005810022354126,24869,2.0460051806880677,1.9730808702993408,1.0369596155359948,0.23887749016284943
37,2,0.27937161922454834,13237,7.422687044392311,2.4600107427372024,3.017339280449737,0.37646540999412537
38,2,1.309014916419983,26636,7.554674371434687,10.624018249804726,0.7110938812226564,0.8219696283340454
39,2,2.21769642829895,4914,6.666137515382848,19.0238724724608,0.3504090728652899,1.0767626762390137
40,2,1.6758019924163818,18598,3.7647012551041525,12.443199900275513,0.3025508940847678,0.9390856623649597
41,2,0.5860825181007385,14328,9.11376763463144,7.907796848677144,1.1525040171150684,0.5813407897949219
42,2,0.37494775652885437,21951,1.0343349437513714,1.9447539228393336,0.5318590345048458,0.4433263838291168
43,2,0.3121345639228821,14399,6.783905774955782,4.031391600581897,1.6827702309978767,0.4031134247779846
44,2,0.28737059235572815,25974,1.500623732268255,1.0868438612108522,1.380716941801585,0.36670681834220886
45,2,0.11274342983961105,4613,4.225687384131928,1.6092111754027363,2.625937135361828,0.22036223113536835
46,2,4.447615146636963,3916,64.16987571453973,56.765959270703036,1.1304288087254561,1.395270586013794
47,2,0.30263105034828186,7211,4.623872361742047,5.44589708308353,0.8490561410174701,0.4174402952194214
48,2,0.3626081645488739,11430,19.576901335962468,7.3582487102083585,2.6605381398429873,0.4165991544723511
49,2,0.3005119562149048,38343,8.369313601261192,5.302124603068884,1.5784830097005702,0.37008029222488403
50,2,0.0698460042476654,34351,0.7534258799408392,1.774100083667928,0.4246805954615123,0.10916193574666977
51,2,0.38564926385879517,16365,6.436993921628048,4.949598371945076,1.3005083317693835,0.47358232736587524
52,2,0.5297925472259521,10947,2.36322132381835,2.538229008525342,0.9310512628607933,0.5535954236984253
53,2,0.7119287848472595,4855,22.567794051904425,12.649322884794268,1.784110837982589,0.6866378784179688
54,2,0.9455127120018005,14093,6.622551807563797,6.732577781624637,0.9836576750197941,0.7543832063674927
55,3,0.39862412214279175,7468,5.2520864064767,6.511265489269302,0.8066153062152723,0.5078520178794861
56,3,0.492781400680542,9524,3.5877477527102393,2.791978741583488,1.2850197242813322,0.5230112671852112
57,3,0.16265510022640228,34936,1.6893738127158056,3.2569829897940403,0.5186928571653722,0.27218353748321533
58,3,0.38506433367729187,12327,8.266694719000878,2.6634164647655325,3.103793502953175,0.4496612250804901
59,3,0.5867364406585693,6381,3.54801902302318,3.0229209684895424,1.1737055186046887,0.5693164467811584
60,3,0.41391274333000183,9417,12.68980108732012,7.751837406667903,1.6370055796581968,0.5070484280586243
61,3,0.3254517912864685,44800,14.082408867163544,4.830344699987517,2.915404539803758,0.3981408476829529
62,3,0.16794265806674957,33278,3.8602822662087073,2.8162102940420755,1.37073650869542,0.249555304646492
63,3,2.0313353538513184,11001,14.965534541777389,20.645121839473102,0.7248944645685177,1.0392786264419556
64,3,0.42949727177619934,19560,1.988629743391937,2.2752998191102867,0.8740077798488461,0.4816584289073944
65,3,0.14277200400829315,12483,0.7325906787904558,2.1714432437192737,0.33737500665010633,0.2635159492492676
66,3,0.3029508888721466,22652,3.903693743669394,4.9178998659517745,0.7937725147059512,0.4073173999786377
67,3,2.769099712371826,10041,18.769890166314656,29.414370064145416,0.638119739616438,1.2168246507644653
68,3,0.6101077198982239,3914,11.062620000674157,11.390080491321823,0.9712503795826436,0.6041665077209473
69,3,0.09962961077690125,400,2.110875140221693,3.1110909888830944,0.6784999692274621,0.12882263958454132
70,3,0.23681633174419403,13085,1.8946545118372387,1.5121089063094812,1.2529881306368083,0.3423857092857361
71,3,0.20416776835918427,29690,1.5511663232658732,3.1566636430278643,0.4913942372959023,0.3048461973667145
72,3,0.4942348301410675,4186,7.297153377737248,7.795596038594781,0.9360609941317178,0.5481289029121399
73,3,1.6738779544830322,2849,8.335109165443013,14.810351312334635,0.5627894294783303,0.9626753926277161
74,3,1.2768360376358032,13019,15.878538683477874,14.153850776833998,1.1218529101257446,0.8580348491668701
75,3,0.41123145818710327,14454,2.35539587107456,2.1487473780575885,1.096171609155228,0.4789586365222931
76,3,0.3366958796977997,16224,11.545731876350311,5.0921827798482795,2.2673443541812626,0.4136253595352173
77,3,1.612487554550171,7017,8.85118712314603,13.243463155726102,0.6683438477584586,0.9265106916427612
78,3,0.24679680168628693,23662,7.182148940060947,3.802036162548464,1.8890269931690866,0.3588348627090454
79,3,0.2308121770620346,10055,6.687497718311678,3.9562777704721404,1.6903509071639085,0.3456498086452484
80,3,0.47949159145355225,31775,3.5975333823437037,2.9638111438041657,1.213820047158915,0.5325220823287964
81,3,0.4383969306945801,13381,2.1266726474442033,1.727486968503208,1.2310788366094831,0.5035345554351807
82,3,0.4354846775531769,18142,3.9911633874402326,4.68172931633503,0.8524976814686412,0.5042940974235535
83,4,0.22389210760593414,11905,0.9671321095029554,1.983274620457261,0.4876440708344702,0.33964329957962036
84,4,0.23105770349502563,14206,11.312120294258035,3.693606987106798,3.062621533298472,0.29806387424468994
85,4,0.3155960142612457,22102,1.1898742832210814,1.4076027256330943,0.8453196783098504,0.41193801164627075
86,4,1.3395893573760986,2392,63.00442150283341,18.862600260038825,3.3401768915342744,0.9319065809249878
87,4,0.5447251200675964,7727,19.14895386390737,15.836332659686597,1.2091785563871276,0.5657133460044861
88,4,0.34090879559516907,15047,8.44629487738796,3.963455306344371,2.1310433004923,0.4094195067882538
89,4,0.13443075120449066,13671,7.608699196761541,2.7794292017568645,2.7375042299869987,0.18819580972194672
90,4,0.22052370011806488,20557,7.065880970492059,5.121749466361144,1.3795834835144298,0.30641311407089233
91,4,0.39159998297691345,8555,7.051420720657204,5.84274867889982,1.2068670258094634,0.4776860773563385
92,4,0.5770680904388428,23174,25.664838981788204,5.2195194092450885,4.917088522810044,0.5896560549736023
93,4,1.03311288356781,8955,44.86259947920419,13.7830133582295,3.2549195385067646,0.8313475847244263
94,4,0.19269944727420807,8052,8.032916538089621,3.3447691423945094,2.4016355676901755,0.2976970374584198
95,4,0.4371034801006317,11421,10.186317796508757,3.015720702514136,3.3777391215351216,0.49041467905044556
96,4,1.6088229417800903,1823,11.275132652579595,16.256265493503502,0.6935868915948,0.9240084290504456
97,4,0.14543530344963074,43918,11.123719559609299,3.3840328874997843,3.2871192241351173,0.2164115011692047
98,4,0.40733587741851807,11962,17.93725330568648,2.611326732396593,6.869019140020584,0.49101489782333374
99,4,0.20502139627933502,15519,3.662179035796716,2.174694416568311,1.6839970746666955,0.32733234763145447
100,4,0.38640347123146057,8910,10.663594240521574,4.266839569830778,2.4991786229595667,0.43307754397392273
101,4,0.1706758439540863,7467,2.5153665350599783,3.900957093320394,0.6448075369417402,0.2770220637321472
102,4,0.3471318781375885,5938,16.801226725523463,4.414858870998948,3.805609016380189,0.42752590775489807
103,4,0.14184695482254028,12045,2.139688551512456,2.436852701315343,0.878054118887299,0.20675671100616455
104,4,0.4116359353065491,10565,17.02020857686577,7.4687767678814465,2.278848211136367,0.475673645734787
105,4,0.4019850194454193,27642,6.408398970262729,5.394142423136221,1.1880292486855804,0.48884814977645874
106,4,0.6441630721092224,44845,4.572730730429998,4.727698270802064,0.967221355616093,0.6181997656822205
107,4,0.19263891875743866,18365,9.090905862287812,1.3534011816622529,6.71708136911452,0.31027913093566895
108,4,0.5083522796630859,8684,14.997781207969394,4.7886040040727105,3.131973576267873,0.5696141719818115
109,4,0.20316779613494873,25104,2.4787562909538647,3.241520400335717,0.7646894002877109,0.28865182399749756
110,4,0.6347039937973022,19650,9.646601625060761,4.999820301474329,1.9293896667074768,0.6234573721885681
111,5,0.22927552461624146,42874,2.980165718645425,2.8714210463615872,1.0378713781528457,0.3491319417953491
112,5,0.19650354981422424,8654,5.844737250017083,4.070340935300671,1.4359330933009185,0.27070048451423645
113,5,0.5602611899375916,7157,22.3944259792803,7.805231249965566,2.8691559880914776,0.5900456309318542
114,5,1.3940069675445557,12063,28.827394553759166,19.90836675848985,1.4480039926662684,0.9579483866691589
115,5,0.2906891405582428,10711,8.955237653636987,3.7909487985810806,2.362268162784602,0.420433908700943
116,5,0.223770409822464,17516,3.6845414529338583,2.9112022749046305,1.2656425438707437,0.27948659658432007
117,5,0.5739594101905823,19590,34.40188224433774,10.771230063885179,3.1938675564716146,0.5517011880874634
118,5,0.3082040846347809,32038,13.91684879633064,6.01514820554851,2.313633566582966,0.4064471125602722
119,5,0.3766874372959137,16411,8.858076266141133,6.6603103488860205,1.3299795057780412,0.47564998269081116
120,5,0.24412184953689575,10009,17.65463730190389,4.915436278047867,3.591672499294756,0.32565736770629883
121,5,0.9499613046646118,4613,23.333809693338345,14.645504207390534,1.5932404485986802,0.7558832168579102
122,5,0.285410612821579,5815,6.626053636368545,4.736806421364807,1.3988440833218585,0.3923758864402771
123,5,0.06860578060150146,13971,6.559021527425059,3.038453209520603,2.1586712301084803,0.13615819811820984
124,5,0.07326070964336395,34596,4.959262835575131,2.861816890555896,1.7329071094447561,0.10686445236206055
125,5,0.3106503188610077,25251,5.732386938248836,5.213546924676511,1.0995176644743478,0.40980225801467896
126,5,0.2998877763748169,15046,7.303226949154812,5.558043109279811,1.3139924979998618,0.3965058922767639
127,5,0.2199900895357132,21403,6.364215180467856,3.9227453589758454,1.622388046653074,0.28643110394477844
128,5,0.31220439076423645,19282,8.262902545213086,4.60918582594059,1.7927032793313544,0.4248411953449249
129,5,0.9207246899604797,12755,28.37532910395885,12.34504020309215,2.298520591034542,0.7788552641868591
130,5,1.0549246072769165,13311,14.151113491932577,9.136657146430439,1.548828336790515,0.7573787569999695
131,5,0.09740045666694641,15227,3.9398665809315805,2.1651086807945066,1.8197084589231753,0.1906815469264984
132,5,1.78612220287323,16865,7.723897970169747,14.877922017544604,0.5191516638587645,1.0229518413543701
133,5,0.16199353337287903,2357,8.553552560989406,3.524998453765027,2.4265407980111275,0.28508374094963074
134,5,0.6048241853713989,13172,4.8758665439538955,6.759222154049703,0.7213650376962177,0.601772129535675
135,5,0.17202912271022797,13919,1.961438483572062,1.644736996505743,1.1925544860594497,0.28066378831863403
136,5,0.26330697536468506,35136,4.465312355795869,4.360923387847716,1.0239373542397059,0.37015774846076965
137,6,0.23712556064128876,6733,4.147561075914987,3.4988935648346873,1.185392181573766,0.3410800099372864
138,6,0.29061052203178406,10481,2.5007246874488147,3.3310663133267315,0.7507279808400432,0.39687126874923706
139,6,0.21739955246448517,7366,5.301233889343377,4.345418843067841,1.2199592446189873,0.3546801209449768
140,6,0.5081056952476501,16600,12.341587775426916,8.717399157091446,1.4157419607642772,0.5828900337219238
141,6,1.056750774383545,821,31.501829063973208,18.675616326012992,1.686789261144388,0.8490566611289978
142,6,0.5044315457344055,12731,13.119511501243574,6.1583004527489456,2.130378600703892,0.5486767888069153
143,6,0.1803635060787201,16187,8.032823935328203,2.7141967054281566,2.9595585018802417,0.33303582668304443
144,6,0.2317330539226532,18381,9.400379871241704,3.1337250987645016,2.9997461726763732,0.35316529870033264
145,6,0.18946006894111633,11491,4.066470978413328,2.283735122280628,1.7806228659086387,0.326358824968338
146,6,0.1014271229505539,12785,5.981074047789312,2.1562550411854597,2.773824957412403,0.14851705729961395
147,6,0.09447167813777924,19349,1.7263403011628478,1.0771378433822247,1.602710657477707,0.1712431162595749
148,6,0.3317868709564209,4647,7.454730934498073,7.833015230834242,0.951706426556146,0.42043250799179077
149,6,0.290371298789978,33449,17.244285632142372,5.78628422281645,2.9802002404482315,0.3417756259441376
150,6,0.25135338306427,17463,9.229351193986792,4.717205207258302,1.9565295102667473,0.35882267355918884
151,6,0.48141512274742126,8569,10.517804264341049,5.086165068339992,2.0679242853932287,0.5090958476066589
152,6,0.11375152319669724,15334,5.186742152733227,2.423679698489173,2.1400278906343515,0.18187329173088074
153,6,0.626570463180542,17039,12.102736965886717,5.419121085775857,2.23333946120005,0.6310760378837585
154,6,0.20444300770759583,9980,7.498591481508746,2.861705704994529,2.620322372219774,0.2900817096233368
155,6,0.3059546649456024,21861,3.878787251133084,5.035554080829051,0.7702801298270858,0.4063451588153839
156,6,0.2234213799238205,13665,2.068318569224692,2.4733820513232754,0.8362309284638383,0.32509830594062805
157,6,0.07718745619058609,37391,4.092128752949245,2.0187868215888733,2.027023710074813,0.12347541749477386
158,6,0.8971229791641235,12615,22.87855510497704,10.867627696901364,2.105202325940756,0.7348266243934631
159,6,0.14642071723937988,13505,5.674655369449241,2.1998646393750647,2.5795475175503126,0.22313527762889862
160,6,0.04520687088370323,12280,1.577541205568122,1.0087638001907981,1.56383605881593,0.09283450990915298
161,6,0.4124573767185211,22441,9.944678059349418,5.730929546442348,1.7352644067176064,0.5030721426010132
162,6,1.2512402534484863,37886,12.536458062855395,11.833086352207907,1.0594411035051043,0.8120604753494263
163,6,0.12862111628055573,8280,1.2953783154305785,4.2535407572267765,0.30454117860030444,0.16463127732276917
164,6,0.5011193752288818,22180,5.319570705335094,7.343556744529933,0.7243861374526465,0.5686498284339905
165,7,0.07222151756286621,17026,2.1459136009638105,1.1988483586399783,1.7899791791819533,0.16829819977283478
166,7,0.38999074697494507,9866,9.893923626724625,5.28552900167034,1.8718890055462873,0.4767632782459259
167,7,2.643911361694336,7332,62.30047056654971,34.78147074375675,1.7911971298031097,1.1406044960021973
168,7,0.2434919774532318,3765,5.184398965165539,5.584803011669134,0.9283047144782186,0.2730221450328827
169,7,0.2707383632659912,33259,7.245601503665069,2.375555609874346,3.0500660449894803,0.4002838432788849
170,7,0.2339697629213333,13130,3.68444594298023,3.9642600342131065,0.929415808040113,0.3450773358345032
171,7,0.08060801029205322,16943,4.728903652501252,1.9778461281301585,2.390936071942832,0.11522835493087769
172,7,0.17699000239372253,22075,6.078451662675662,2.5656252329358322,2.3691892271100525,0.29173123836517334
173,7,0.14420950412750244,7707,14.007346814102467,6.203447242195854,2.257994026099267,0.2357223480939865
174,7,0.09295375645160675,32006,1.4109347405732726,1.2507856394313543,1.128038807044186,0.1589888632297516
175,7,0.1877923607826233,9368,5.7206227722478005,4.50865753652034,1.268808448170928,0.2552449107170105
176,7,0.08284232765436172,43910,0.8576987130275642,1.6658964493584758,0.5148571589532727,0.121416375041008
177,7,0.03763581067323685,23117,0.44384805912218617,0.9003981777749098,0.4929464209029648,0.06386903673410416
178,7,0.2568836510181427,18240,14.371075169022658,3.7699157158971985,3.8120415022590732,0.394401878118515
179,7,0.6916107535362244,18169,51.58507555031196,14.327655652811258,3.6003849338874048,0.7153763771057129
180,7,0.3137000799179077,15592,6.828382543950169,4.7754869519322565,1.429881939303769,0.4329628646373749
181,7,0.11724092811346054,13083,5.183928949577107,2.0198668741093697,2.5664706006232794,0.2304798811674118
182,7,0.06977915018796921,21497,1.9140852323469582,1.0552695027625891,1.8138354489865025,0.15719595551490784
183,7,0.18637317419052124,17700,4.952662497506945,2.373310883384257,2.0868157358476935,0.3173810839653015
184,7,3.4807703495025635,11383,30.274548366720975,27.65833516736168,1.0945904076846054,1.2411243915557861
185,7,0.05434952676296234,4996,1.451569657980732,1.070016348097494,1.35658643025435,0.09373641759157181
186,7,0.52560955286026,14388,8.717201013276329,4.311251053788962,2.0219655279905715,0.5427020788192749
187,7,0.7198073863983154,15108,5.815663779009114,5.392401974708643,1.0784922574920357,0.6682628393173218
188,7,2.0863561630249023,9460,21.856275468286295,24.68150506084556,0.8855325238231903,1.0744305849075317
189,7,0.06876879930496216,21441,1.2277943445090163,0.9921733595844003,1.2374796527716436,0.1759970337152481
190,7,0.7802591919898987,6624,12.130888148262608,9.39923088082835,1.29062561629428,0.6292436122894287
191,7,0.20326288044452667,10405,4.767341879836939,3.3674446990970472,1.4157149725766387,0.2928118407726288
192,7,0.041558194905519485,4687,2.253722819727826,1.0178824930173094,2.2141286790824943,0.11737559735774994
193,8,0.6119726896286011,22216,27.11997046185328,10.647523869252543,2.547068294457325,0.6227279901504517
194,8,0.08525395393371582,28865,9.17583945277441,1.1080031574413474,8.281419950061698,0.16048216819763184
195,8,0.36094930768013,14618,66.7755539802961,8.064835083323416,8.279841223085551,0.41459450125694275
196,8,0.2272651344537735,3723,13.19797768564883,5.638079268888838,2.340864158911971,0.33267834782600403
197,8,3.343595504760742,825,239.12010743822978,57.81749226486594,4.135774452873187,1.3484398126602173
198,8,0.21064527332782745,39514,17.519056135559325,4.019784345628332,4.35820796073491,0.35504451394081116
199,8,0.7367994785308838,13397,29.040469640714917,10.064559614486171,2.885418811461294,0.706727921962738
200,8,0.28692731261253357,15204,23.550384401719736,5.2085587629071295,4.521478104351979,0.3893824815750122
201,8,0.07280144095420837,8780,2.8835779016526706,1.2213528207142121,2.3609704360154304,0.15998005867004395
202,8,0.009696871973574162,2510,0.1401346718246352,0.3561734350811021,0.3934450411562349,0.013099951669573784
203,8,0.6279916763305664,13280,17.17054472640148,11.489743183914802,1.4944237178806647,0.6525613069534302
204,8,2.601339340209961,15090,27.31477259210521,21.296637255628507,1.2825861784768338,1.0605542659759521
205,8,0.05328674986958504,21194,1.7359828884671764,1.3617120216469243,1.2748531707653685,0.14378714561462402
206,8,0.32491162419319153,25999,6.038303816146736,2.8015689609351244,2.15532935306689,0.4393240511417389
207,8,0.056771304458379745,5694,2.356846142544227,2.3326755506485934,1.0103617461450662,0.08842571079730988
208,8,0.45423775911331177,10541,18.670474254468207,5.94020517144453,3.1430689202818907,0.5385112166404724
209,8,0.12009342759847641,18105,2.2101485391474207,1.4331622490161087,1.5421481696599144,0.24235619604587555
210,8,0.06673397868871689,16949,1.991471644421135,1.237447303677128,1.6093385459742662,0.11186009645462036
211,8,0.6221518516540527,16892,18.28112479925147,9.546543921519953,1.9149469116294522,0.6129223704338074
212,8,0.11703576892614365,15719,6.281403952463136,1.532629472939063,4.098449144667326,0.23586495220661163
213,8,0.27686697244644165,16275,14.115306127232774,3.932625298832313,3.589283253459297,0.4281805753707886
214,8,0.14397254586219788,12619,8.459647040614053,2.96215875630338,2.8559060254989155,0.22985252737998962
215,8,1.3996284008026123,4901,23.008514155282064,17.79227085271473,1.2931746793732153,0.8824557065963745
216,8,0.09204018115997314,7928,0.8245851687555295,1.5662556711923943,0.5264690713791601,0.14691323041915894
217,8,0.19743183255195618,9289,7.878324261167035,6.9701675001309695,1.1302919565444978,0.2600361406803131
218,8,0.17175951600074768,21093,18.52188383140622,3.713700560894433,4.987446760365703,0.2962430715560913
219,8,0.10008735954761505,34012,9.968981892630378,2.4030048821188252,4.148548330803298,0.19866934418678284
220,8,0.2139304280281067,11422,5.718722984376113,2.8013258662286673,2.0414343983740095,0.3176894187927246
221,9,0.2577108144760132,28167,10.67902631743204,3.812286055870548,2.801213277525327,0.3804589807987213
222,9,0.2240530103445053,6172,10.089574558454087,3.593341690304132,2.807852808898149,0.34429195523262024
223,9,0.17744965851306915,17939,12.067412171773682,3.657423369715346,3.299429940676947,0.31247225403785706
224,9,0.3668663203716278,9037,14.497673637306914,4.316201294133203,3.358896550309069,0.45258578658103943
225,9,0.10508967190980911,18669,3.395721964189981,1.5785204589705129,2.1512055449711864,0.22931338846683502
226,9,1.2823412418365479,34433,26.577626667146088,7.891692855403795,3.3677979052294,0.7985016703605652
227,9,0.5729604363441467,11979,3.2188371072491297,6.872649011334766,0.46835464781337893,0.5192403793334961
228,9,0.08887048065662384,14246,4.00514153010269,1.4163238842631367,2.827842963464247,0.2103537619113922
229,9,0.11065822839736938,6898,4.019754031043915,2.2963402304196876,1.7505045540692805,0.21614521741867065
230,9,0.22509856522083282,10398,7.8182717937116735,3.4594733117658443,2.259960141076699,0.33661776781082153
231,9,0.08699750155210495,8974,6.602941678234106,1.4898991663167136,4.431804398248828,0.16568288207054138
232,9,0.09653797000646591,29829,6.509917689212119,1.9668715837328472,3.3097827753726023,0.19879290461540222
233,9,0.3725143373012543,39735,24.847369773640423,7.310163876391098,3.399016792754001,0.43283599615097046
234,9,0.8096407651901245,1561,31.602864234651317,14.656377495143982,2.156253429274728,0.7413162589073181
235,9,0.15880383551120758,20309,5.1407025456119415,3.6555234508130208,1.4062835637033588,0.2752596437931061
236,9,0.28002816438674927,8307,14.298008941544337,5.382835519737014,2.656222522333402,0.38567018508911133
237,9,0.1851693093776703,5903,11.898490079089246,4.014997527148113,2.9635111849092177,0.3282370865345001
238,9,0.2245909571647644,8531,3.642070696057329,1.834430674010452,1.9853956585303982,0.34162983298301697
239,9,0.10164764523506165,14128,11.355586998439493,2.3109494032365934,4.91381896225445,0.16467051208019257
240,9,0.11205136030912399,26413,1.9432477909432926,2.5720199844703333,0.7555337060659418,0.17157024145126343
241,9,0.030454881489276886,8393,3.4751291813617167,1.0336658403747834,3.361946429513771,0.12436480820178986
242,9,0.08126950263977051,9866,8.929977986308774,2.121067436386108,4.210133932148585,0.15401127934455872
243,9,0.4429956376552582,5865,15.857437631822165,8.431097448983747,1.8808272265589434,0.5007114410400391
244,9,0.09500765055418015,14216,4.676226678345649,1.2984830438285888,3.601299763263871,0.1566416174173355
245,9,0.14001111686229706,13702,6.632999413039602,3.530675968155585,1.8786769085758905,0.20749430358409882
246,9,0.24006451666355133,12933,12.603032404198546,4.346476642034619,2.8995974077744195,0.32637861371040344
247,9,0.10991287976503372,6857,10.749405245630701,2.6261889461111667,4.09315760069138,0.20884250104427338
248,9,0.0653311088681221,37581,1.2762631853340896,0.7645527134593859,1.6692939059200882,0.1256112903356552
249,10,0.16769182682037354,15429,9.872042442416362,4.494892165552501,2.1962801506275333,0.23312827944755554
250,10,0.08987491577863693,12684,6.39230212750187,1.9328598968711583,3.307173032999538,0.23042021691799164
251,10,0.6110895276069641,23963,24.688854788776876,8.795164913219601,2.8070940149928747,0.5968262553215027
252,10,0.6816046833992004,9479,12.497786058822642,8.12582786206441,1.538032342177376,0.6123921871185303
253,10,0.34225407242774963,6544,41.283454414554114,5.901490905307678,6.995427948116914,0.48662474751472473
254,10,0.08852368593215942,10626,4.148920465722929,2.41495876818857,1.7180088208434563,0.18513654172420502
255,10,0.7676216959953308,10047,90.32917233652427,18.660193641778257,4.840741423726799,0.7190373539924622
256,10,0.8786023259162903,16676,15.71531903721891,12.529580670602517,1.2542573810223088,0.7194470167160034
257,10,1.2526359558105469,3287,13.914185323721549,9.291659415864434,1.4974919657476025,0.829976499080658
258,10,0.05173128470778465,15249,2.8476014936546394,1.1015341731995856,2.5851231518135576,0.10152457654476166
259,10,0.0762014240026474,16250,9.050806960068648,0.924262575028482,9.792462882942056,0.2025889754295349
260,10,0.06935806572437286,13059,2.1676021781523303,1.0850299071405245,1.9977349600093572,0.15614613890647888
261,10,0.029461294412612915,26363,2.3758714984286278,0.9919097354820038,2.3952497021028964,0.07778465002775192
262,10,0.01980854943394661,12798,0.9497784506808714,0.9765887031124947,0.9725470381265433,0.06858964264392853
263,10,0.01835101656615734,8422,0.6548718559336427,0.5002328094244932,1.3091341543265609,0.04427433758974075
264,10,0.4450029730796814,23117,54.79067499498892,8.947810365916961,6.123361219599104,0.5647339820861816
265,10,0.060050979256629944,23758,3.7765382777785987,0.8673552899513127,4.354084562032513,0.15712955594062805
266,10,0.08481286466121674,33297,15.099783060904134,2.2056231443315775,6.846039451346678,0.2215547263622284
267,10,0.09178479760885239,13887,2.2608145321184576,1.3107997092347679,1.7247597143857885,0.18591508269309998
268,10,0.10376416891813278,9683,19.448576589243803,3.4372784975620996,5.6581323285361105,0.16817322373390198
269,10,0.8618402481079102,3259,68.97369148587156,18.16986822984841,3.796047974225909,0.7772056460380554
270,10,0.21092833578586578,9508,9.797327447937539,3.2552635256019387,3.0096879625507067,0.33442533016204834
271,10,0.04412909224629402,15719,1.4424847958721008,0.5646386537541639,2.5547042985434447,0.09039359539747238
272,10,0.6496960520744324,40767,119.22562234452337,15.151604983607822,7.868844421003781,0.6211299896240234
273,10,0.09702635556459427,13382,6.952370043284513,1.7218826617170864,4.037656106222401,0.181128591299057
274,10,0.11712825298309326,20693,3.423273924102194,0.9490636136702314,3.607001548463181,0.22742529213428497
275,10,0.01902257278561592,23562,0.5277857588142837,0.425373316264212,1.2407589724909298,0.055353425443172455
276,10,0.37790781259536743,10183,43.424926518812384,7.0704007435138,6.141791405337686,0.475429892539978
277,11,0.10948478430509567,36516,4.895175169947857,3.11492726376871,1.571521501283364,0.2746998071670532
278,11,0.0534963458776474,31561,3.271086146471716,0.7339676960499097,4.456716779323794,0.13857197761535645
279,11,0.15828131139278412,10519,3.0854182711922626,1.202549670262307,2.56573042052948,0.2844909429550171
280,11,0.17743457853794098,14068,17.711030546734694,3.206310203555425,5.523804442592516,0.3480032980442047
281,11,0.04796122387051582,1381,6.0474755434998295,1.7565534596540546,3.4428075674323115,0.1661953628063202
282,11,0.017330467700958252,19573,0.5214856608517193,0.30854074188151726,1.6901679099815121,0.06182383745908737
283,11,0.622807502746582,3975,17.577901908335367,7.178933206187552,2.4485395536460004,0.6113758087158203
284,11,0.052512697875499725,21879,2.5751169863303662,0.6813478070741591,3.7794456217370738,0.11246892809867859
285,11,3.561250686645508,14077,27.555373051089738,26.1224131379975,1.0548555719382147,1.1253857612609863
286,11,0.09010729193687439,23586,7.644106081689015,2.1816787976156444,3.503772457265364,0.18096482753753662
287,11,0.04050099104642868,25476,3.6921427320042697,0.8687194047708257,4.250098146448142,0.09381525218486786
288,11,0.08177509903907776,15094,4.230894791134282,1.6846424971777085,2.511449638852049,0.16146232187747955
289,11,0.8740900158882141,29375,12.950280994328159,11.10587867708264,1.1660744161603656,0.7563689947128296
290,11,0.027299027889966965,22074,0.39871225046837366,0.40636391931539906,0.9811704029705755,0.07831468433141708
291,11,0.23997852206230164,9570,8.967769981305391,4.584471893014326,1.9561184342668214,0.3315940797328949
292,11,0.8976905941963196,10159,35.49489331122001,15.282422191854257,2.322596043062922,0.8148192763328552
293,11,0.06720824539661407,4934,5.076932702580661,2.156572959887719,2.3541669106537606,0.13117189705371857
294,11,0.07283710688352585,9761,4.921748665303483,1.9699282567577217,2.49844056422726,0.1563737690448761
295,11,0.325308233499527,2318,24.50383494980765,12.52738172730451,1.956022054983562,0.392822802066803
296,11,0.03701203688979149,13333,1.6831464770782794,1.0414674587888144,1.6161296859280616,0.07879635691642761
297,11,0.007029667496681213,4613,0.32196105667724984,0.242511271809861,1.3276127508347453,0.011574405245482922
298,11,0.21660971641540527,19582,24.07528196430166,7.999095520534332,3.009750527730971,0.3613779544830322
299,11,1.7416478395462036,9859,52.0587858819774,25.016610539998926,2.0809687946630024,1.0386295318603516
300,11,0.04036085680127144,17717,1.0293401893611982,0.5505188660041793,1.8697636955306707,0.09224725514650345
301,11,0.7145525217056274,13765,24.374752102110467,8.742258058900056,2.7881528934384363,0.6300036907196045
302,11,0.040717288851737976,16670,0.9747384698721936,1.2349284238107534,0.7893076643774604,0.08172856271266937
303,11,0.17964425683021545,8439,6.560155540593816,3.9160023042671344,1.675217487345133,0.3378960192203522
304,11,0.14800047874450684,10541,8.257592608829139,2.5668110935767525,3.217062848719141,0.2897748351097107
305,12,0.4129948318004608,14407,59.32461060833564,13.380431144684415,4.4336845327961525,0.5103737711906433
306,12,0.041958484798669815,33851,5.168551111605417,1.4296877893952669,3.615160701475956,0.09938788414001465
307,12,0.29314208030700684,2870,28.734086118738883,7.125722685360381,4.032445183106594,0.4408750832080841
308,12,0.3824017345905304,20130,24.784582156968824,7.297004129039313,3.3965421587651536,0.49099835753440857
309,12,0.03520940616726875,15003,1.6307734849440738,0.4282420478848354,3.8080648385532196,0.11435291171073914
310,12,0.013662159442901611,8299,0.5072769568920299,0.2984517564592604,1.6996949956284646,0.03165062144398689
311,12,0.015910860151052475,19816,0.39890243480644616,0.365233214571026,1.0921855375992384,0.03373859450221062
312,12,0.05964047089219093,15704,3.7971625827469055,0.9835113811171742,3.860822208716928,0.12984086573123932
313,12,0.023474831134080887,30846,0.6049511820039727,0.3121546852115135,1.9379852703223874,0.0826055109500885
314,12,0.2688387632369995,40588,8.535728760125558,2.1257107106370907,4.015470551758815,0.41518881916999817
315,12,0.0069406600669026375,4613,0.6006681556568997,0.24379456784884804,2.46382912037174,0.04632233455777168
316,12,0.06191899999976158,13800,2.162126466982573,0.8537046299213243,2.532639968438847,0.13897567987442017
317,12,0.02695084922015667,553,1.5632493320402057,1.3127886608417807,1.1907852182670704,0.038969848304986954
318,12,0.17749620974063873,16317,5.3007632587676285,3.2227322292403953,1.6448041232440167,0.29306015372276306
319,12,0.1996278315782547,12112,40.49358100414431,9.061210952318516,4.468892868428214,0.28440913558006287
320,12,1.5811904668807983,3058,24.939714911824023,18.143098003168404,1.3746117067475094,0.7634547352790833
321,12,2.689591407775879,5704,107.47309347144021,32.86338751056408,3.27029870054903,1.2104909420013428
322,12,0.06227995455265045,17346,3.1735639914130322,1.8821165554230828,1.6861676192513793,0.11947088688611984
323,12,0.8591662645339966,20854,47.42815032614669,11.929594122579811,3.9756717486618256,0.755691647529602
324,12,1.2695270776748657,6976,67.5910554826057,14.87844726980632,4.542883693231048,0.7887685894966125
325,12,0.24824900925159454,23567,10.506906327102245,2.798862611266609,3.7539914552446185,0.3371342718601227
326,12,0.10416580736637115,14958,21.5748521006307,4.151561407743388,5.196804281970786,0.2304287850856781
327,12,0.026471804827451706,6947,1.9259949230951556,0.7946169717358921,2.4238029032846753,0.058609943836927414
328,12,0.8842012882232666,29977,14.927571720174711,11.60859743632127,1.2859065707169468,0.755842387676239
329,12,0.5175648331642151,12269,16.608395652572312,5.979105781029579,2.777739056777422,0.5546699166297913
330,12,1.0616365671157837,26291,94.44916374036077,17.72217509194965,5.329434070610174,0.774663507938385
331,12,0.25203657150268555,3422,8.214915262118371,7.80110059872233,1.0530456771013519,0.3722676932811737
332,12,0.2107272446155548,14515,8.744020871492468,6.785128875803225,1.2887037271574389,0.3469744026660919
333,13,0.34206274151802063,5542,6.771872228491643,4.665257167786131,1.4515538983039045,0.43041715025901794
334,13,0.04461795836687088,29942,1.9964660177957438,0.9019315068000018,2.2135450449855893,0.11764535307884216
335,13,0.1430136263370514,9708,8.163221398068691,4.869236749144342,1.676488907527759,0.2632593810558319
336,13,0.016644826158881187,35236,0.9284797645485466,0.4633906674005724,2.0036652221654045,0.062033213675022125
337,13,0.21624931693077087,22012,6.680944920026507,4.963280414916576,1.3460744430127984,0.3517109751701355
338,13,0.019219238311052322,5647,1.28748909843843,0.561606799851151,2.2925098107383586,0.08010777086019516
339,13,1.9418056011199951,23319,33.78562572841899,14.586197088114668,2.316273770628422,0.8785134553909302
340,13,0.04407687857747078,20301,3.4157928341806696,1.0782830474594516,3.167807230416419,0.1180810034275055
341,13,0.5362205505371094,19014,45.1322735871032,14.518456025006815,3.1086138573801207,0.6244710683822632
342,13,0.15442048013210297,14310,7.463286504401774,2.458494614264958,3.0357139938783697,0.29620808362960815
343,13,1.61062490940094,6667,26.722363608042908,19.406804799666922,1.3769584372024068,0.9693664908409119
344,13,1.899135947227478,14650,22.051364238891527,17.894654134871807,1.2322878147121152,0.8909881114959717
345,13,1.2741315364837646,10415,26.449206923373833,17.773207479277353,1.4881504621048713,0.8859502077102661
346,13,0.24499592185020447,11891,17.21215383809336,5.1016192764640085,3.373860906770748,0.3780359625816345
347,13,0.11023437976837158,22353,5.088581482007615,1.8574862099114964,2.739498928633947,0.23670347034931183
348,13,0.5315155982971191,5064,32.227603202896354,6.271236486706669,5.1389551759378,0.6102008819580078
349,13,0.014352421276271343,4613,1.3091567920598473,0.6259278063009039,2.091545988018307,0.0891171544790268
350,13,0.21216364204883575,7027,12.84720195780305,4.107451122457707,3.1277796314013724,0.3271995782852173
351,13,0.03018057718873024,6159,0.9640964903938996,0.6358680397327315,1.5161895710273676,0.06265456974506378
352,13,0.031835660338401794,11660,1.0061223251190747,0.604908568618125,1.6632634704048477,0.09725221246480942
353,13,0.042883314192295074,14128,2.04018981873366,1.3516117080322136,1.5094496493393244,0.12985777854919434
354,13,0.04724257066845894,18396,2.7237310272162043,1.0098796728536814,2.697084712594409,0.09692693501710892
355,13,0.34341731667518616,36148,22.963365652917357,7.332195984958774,3.1318537720515307,0.4439435601234436
356,13,0.7049070000648499,12119,26.743786241666026,12.568665769974503,2.127814258976683,0.6681514978408813
357,13,0.028379810974001884,34773,0.49555299979170586,0.47708726627041603,1.0387051485666454,0.09039902687072754
358,13,0.03624047711491585,7197,1.6394487069625618,1.135043950979244,1.444392268287677,0.09467466920614243
359,13,0.0355168916285038,25200,1.5781032447450047,0.563951893977353,2.798294077199392,0.08574460446834564
360,14,0.3588959574699402,5807,5.345463349805756,4.821611439917523,1.1086466457147957,0.44525977969169617
361,14,0.32741212844848633,10429,10.549530192398114,5.7615172007149,1.8310333589019359,0.43621018528938293
362,14,0.23986651003360748,33860,10.425712462311912,5.035178498829627,2.0705745515741274,0.3708082437515259
363,14,0.02932974137365818,13358,1.3079734129001492,0.8300879418060292,1.5757046296237058,0.05696563795208931
364,14,0.08621592819690704,36462,4.574027353089457,1.5273427736266423,2.9947615113440014,0.2167980670928955
365,14,0.028346026316285133,9162,0.9263248698548893,0.636172921882238,1.456089748543094,0.07109008729457855
366,14,0.035152360796928406,11900,1.1974788307919013,0.8303019005520351,1.442220992140693,0.09602010995149612
367,14,0.0693841427564621,2983,1.3259465021878807,1.787807739497708,0.7416605672373189,0.09403834491968155
368,14,0.039861757308244705,16769,0.8383071682101135,0.9898394972956828,0.8469122221325639,0.08182796835899353
369,14,0.06209789589047432,27706,3.0733838432074356,1.193580065793624,2.574928931274782,0.1475009173154831
370,14,0.07809817045927048,3764,4.5651371271589944,1.9027695908897773,2.3992064772392308,0.15484827756881714
371,14,0.30467963218688965,58664,27.164138894799237,5.664512631263623,4.795494451697381,0.4467572569847107
372,14,0.01393501739948988,13311,0.7968232755143351,0.31139268583059615,2.558901707618348,0.03852298483252525
373,14,1.1485636234283447,9369,21.172997116292912,9.254799311073073,2.287785656352138,0.7096723914146423
374,14,0.019840117543935776,19477,0.33822408109389784,0.3399146937425585,0.9950263619644049,0.056191738694906235
375,14,0.7899817228317261,20600,78.22349104191954,15.02229128073039,5.207161116776793,0.7157698273658752
376,14,0.2771627902984619,13325,40.79999269972472,7.342770526118053,5.556484783855712,0.44807130098342896
377,14,1.9877923727035522,8310,67.28326750345387,23.523058548808923,2.8603111863128814,1.0496746301651
378,14,0.01737433858215809,11956,1.3088775782450273,0.5233216793249105,2.501095654838893,0.08450484275817871
379,14,0.062421269714832306,2319,7.7284931667461,2.461529029568117,3.139712379544412,0.18537184596061707
380,14,0.10350430756807327,8850,4.212100517735648,1.712826618747255,2.4591517154339173,0.23293918371200562
381,14,0.02362300269305706,20109,0.5851849873597083,0.3676948497656362,1.5914962848435485,0.06381094455718994
382,14,0.06296606361865997,11001,4.065052814962346,2.648898980312631,1.534619796818768,0.1419098824262619
383,14,0.1337701976299286,37422,4.421805984445466,3.0026254671225296,1.4726465331293848,0.26422759890556335
384,14,0.010418592020869255,12856,0.6592230210367482,0.37100938288899643,1.7768365206876902,0.023092074319720268
385,14,0.03930963948369026,7524,1.7970078792381443,0.6936763453696089,2.590556664114099,0.11374759674072266
386,14,0.22647200524806976,8977,18.192590165084606,6.440743416616336,2.8246102954741383,0.3606483042240143
387,14,0.0012132773408666253,400,0.2835331408046605,0.07992096880961966,3.5476689662824192,0.002794716041535139
388,15,0.041366010904312134,6905,0.4428383206289241,1.1282974919302027,0.39248365240177796,0.061660438776016235
389,15,5.127874851226807,9065,88.43793617384736,34.38796695681365,2.571769836958089,1.3875902891159058
390,15,0.18067455291748047,19748,22.481825884861383,4.048497023516656,5.553128915314697,0.31558313965797424
391,15,0.47347119450569153,7239,34.34856760739924,9.495349087081681,3.6174096699747955,0.5394145250320435
392,15,0.05662677064538002,35172,7.7186462148262605,1.6786687893163366,4.59807572759198,0.1489788442850113
393,15,0.1564972996711731,23438,6.669826648755161,2.4730211432139293,2.697035836937642,0.31986695528030396
394,15,1.008474349975586,5021,60.3567559456476,12.875279247853392,4.687801699967461,0.7951685786247253
395,15,0.01196404080837965,3611,2.442824978406055,0.5219783804596375,4.679935165610311,0.040372565388679504
396,15,1.2354148626327515,8099,68.69380515877323,22.14368083770925,3.1021854795607893,0.8957910537719727
397,15,0.4167890250682831,23965,7.753627297406987,2.7463387369355563,2.8232596340449554,0.41518136858940125
398,15,0.057675328105688095,10391,8.924176722578865,1.7459220836058216,5.111440428167797,0.1340605914592743
399,15,0.08512193709611893,19428,7.710355943511193,1.6455351222226542,4.685622226702757,0.2186415195465088
400,15,0.4079013466835022,14983,43.456122357085476,9.93416698186976,4.374410298960165,0.505546510219574
401,15,0.04451623186469078,14980,7.009742768671604,1.6682513445076703,4.201850513560411,0.1284129023551941
402,15,0.09037214517593384,15624,9.394812235923705,2.3252887904336887,4.040277609632927,0.2096177190542221
403,15,0.06732256710529327,3927,14.45746556443788,3.012664813464599,4.7988961466333295,0.1877661645412445
404,15,0.0208587609231472,25614,2.2168626951961747,0.47026187218472765,4.7141025592664585,0.0736887976527214
405,15,0.009915797039866447,31465,0.7237514136110332,0.4444523326035083,1.6284117789861092,0.038488566875457764
406,15,1.008878231048584,22708,37.060907493731506,10.753273650900542,3.4464767378652508,0.6937624216079712
407,15,0.0024289998691529036,4932,0.21800857303218277,0.11404434690066893,1.9116122714978028,0.02389916032552719
408,15,0.019786011427640915,13425,0.6008448593143647,0.4346270788670045,1.3824377001066708,0.057714805006980896
409,15,0.021769123151898384,24966,2.5767932573374965,0.4792496188823262,5.376724687526187,0.08102326840162277
410,15,0.2359985113143921,25000,26.9699901945481,4.3019530922500735,6.269243205633275,0.37936168909072876
411,15,0.33145734667778015,11317,19.539506067540966,8.695898040971846,2.246979665064587,0.4207923412322998
412,15,0.3225914239883423,38553,50.069205036320795,7.374622958323514,6.7893918535594295,0.4352770745754242
413,15,0.10876812040805817,10196,5.085554961136127,2.939745242592964,1.7299305012732156,0.2438887059688568
414,15,0.12522943317890167,7511,6.436877766882688,4.35845718188302,1.4768707132509291,0.2004232257604599
415,16,0.04417923465371132,30693,2.11375469891002,0.8741773293969349,2.417993040800783,0.10182615369558334
416,16,0.07189524918794632,5786,12.180097787151883,2.3278262407595154,5.2323913073394035,0.18941457569599152
417,16,0.6927456259727478,2989,67.76407401097606,17.200939196044512,3.9395566276145546,0.6544017791748047
418,16,0.04231254756450653,36712,0.7923097926145899,0.5989064829335057,1.322927393826916,0.12397804856300354
419,16,0.037265896797180176,37032,6.928130550150646,1.255103885239411,5.519965822449498,0.14581982791423798
420,16,0.012070227414369583,19652,0.3379763676335846,0.2435557101138346,1.3876758113132777,0.036892879754304886
421,16,0.006701795384287834,22422,0.24270061772629434,0.10629432492864355,2.283288575254967,0.038575801998376846
422,16,0.058910977095365524,9662,6.490209982933223,2.00924690543934,3.230170451107824,0.14257682859897614
423,16,0.3990539014339447,23042,36.20356164767285,10.104426123214997,3.5829409019569454,0.4865017533302307
424,16,0.5051276087760925,20734,32.028881391095354,7.3481284391404165,4.358780831930821,0.5745302438735962
425,16,0.25214216113090515,16569,55.40873954503476,7.237305316873955,7.655990333286102,0.41286343336105347
426,16,0.34332704544067383,11424,24.425174970988692,4.13440411927693,5.907786047594818,0.4396064579486847
427,16,0.13082337379455566,16984,19.21350522312716,4.243774316787098,4.527456878920203,0.2896227538585663
428,16,0.5226379632949829,8527,9.93569411657551,5.623003556376347,1.7669727605466141,0.4384685456752777
429,16,0.008102891966700554,10055,0.4042616566233284,0.20553741484654775,1.9668519083164464,0.02068769745528698
430,16,0.009312616661190987,1004,0.34282449195360803,0.31649811505576503,1.0831802012221188,0.017724113538861275
431,16,0.008191986009478569,8052,0.4221016486954488,0.1985417476959825,2.1260095349803554,0.047261498868465424
432,16,0.06993972510099411,11231,10.83373983549802,2.340713709961718,4.628391669338569,0.11828332394361496
433,16,0.03898952156305313,21106,2.940597686478982,0.9059728125498372,3.245790211076533,0.1181679517030716
434,16,1.0416237115859985,14793,91.19952049799967,17.73142664478825,5.143383119981525,0.7608975768089294
435,16,0.000287466449663043,3358,0.03484381484874771,0.017248950216648785,2.020054229914596,0.002054270589724183
436,16,0.006960858125239611,5332,0.7575090725045828,0.29064786882776134,2.606277746185293,0.046858396381139755
437,16,0.015758005902171135,9316,0.26142300079682673,0.23192697864085018,1.1271780554711806,0.06447751820087433
438,16,0.6964531540870667,14727,64.84796673038102,13.139078037595931,4.935503582886199,0.6873343586921692
439,16,0.0887034609913826,10477,13.9258135737713,2.1175689107265647,6.576321319803756,0.19064514338970184
440,16,0.09362845122814178,25744,7.731704281636112,1.6346239967333376,4.729958875608434,0.2112874537706375
441,16,0.04212554171681404,15904,2.293685878928379,1.3045192836585133,1.7582613823032174,0.11995325237512589
442,16,0.36624225974082947,16907,18.670938457162695,4.6394318547976665,4.024401918491578,0.44850271940231323
443,17,0.03441273048520088,16905,9.23662941099098,1.0118266573185273,9.128667785310308,0.1289331167936325
444,17,0.005788145586848259,13031,0.6118716422779827,0.14375793712554474,4.256263372361659,0.027103232219815254
445,17,0.0031226477585732937,1562,0.6609939136282976,0.19664713349161808,3.3613198519016834,0.03405799716711044
446,17,0.04898035526275635,10784,5.978099271379158,1.2144933825711581,4.9222987602602055,0.1500842124223709
447,17,0.18999283015727997,15832,2.461256024774897,2.1560947473007914,1.1415342613560904,0.2983728349208832
448,17,0.02924860082566738,36802,2.331069517947543,0.5294049483718262,4.403188004026587,0.1088685616850853
449,17,0.07184392213821411,17078,28.618944885299392,3.1898565092186657,8.971859644025317,0.16085046529769897
450,17,2.149203300476074,21205,26.342589220428238,18.588146434019393,1.4171713846742413,1.1122843027114868
451,17,0.3799542486667633,9545,55.34064211700944,11.427556583254269,4.842736215202798,0.5110915303230286
452,17,0.02423812821507454,7396,4.247222666092317,0.7650846958120113,5.551310448811211,0.06767737865447998
453,17,1.2850775718688965,23147,72.10023134065932,26.3181025088301,2.7395679956967234,0.9568032026290894
454,17,0.6847866177558899,16651,25.093375425323877,10.713189169461286,2.3422880925926335,0.6711456179618835
455,17,0.2057504951953888,17987,11.992328734918942,3.6114650789961273,3.3206270786506145,0.3169879913330078
456,17,0.6760457754135132,31621,30.202417703825933,9.427622480401025,3.2036091566680978,0.6421303153038025
457,17,0.10372138768434525,11571,6.496396166105206,3.1602733726287715,2.055643737142693,0.22772113978862762
458,17,0.22416752576828003,8544,16.034289809876846,4.974827107671921,3.223084835480287,0.34005942940711975
459,17,0.05788128823041916,49375,5.868731461924921,1.0664047189140513,5.503287220911498,0.17977480590343475
460,17,0.41559308767318726,12455,9.811594927414358,6.9417526014965825,1.4134175460672063,0.43669256567955017
461,17,0.15865369141101837,10286,22.007420068837824,8.765521138389234,2.5106801662313294,0.27463194727897644
462,17,2.850100517272949,825,150.93346267897493,67.49953317074373,2.236066763560843,1.3181437253952026
463,17,0.17045171558856964,5492,24.666632300003453,6.19648134600814,3.9807482541507304,0.298634797334671
464,17,0.019125305116176605,1381,3.0287931258298078,1.0251992351066772,2.9543458696705835,0.097195103764534
465,17,2.5615265369415283,13781,37.247679772567686,23.807662449139524,1.5645248605207924,1.1028374433517456
466,17,2.19046950340271,14367,37.636402316156754,28.6147637770289,1.3152791548245752,1.0917514562606812
467,17,0.04685014486312866,18663,1.5189214821544568,1.331032872084189,1.1411600073970543,0.14749877154827118
468,17,0.027260132133960724,7354,2.4074490024639337,0.7729346730171017,3.1146862555194916,0.11211328208446503
469,17,0.030788369476795197,7727,1.7463926191812866,1.7413504785456821,1.0028955346420627,0.0444771833717823
470,17,0.026782024651765823,24899,0.9237183068071013,0.4959750393517233,1.862429020647104,0.10415389388799667
471,18,0.07375004887580872,11508,2.303364830006442,1.121290196278923,2.054209372068229,0.18499614298343658
472,18,0.10441157221794128,14979,5.2968868829382005,1.9341474755908392,2.738615824172032,0.22055600583553314
473,18,0.023269275203347206,21557,1.6233530501723228,0.7608693201140616,2.1335504103737986,0.08448191732168198
474,18,0.074057437479496,3777,7.920842030009849,2.1667678476564527,3.6556025319340373,0.16635261476039886
475,18,0.9977359175682068,15080,27.107737027253524,11.532491244233801,2.3505534453195387,0.7258739471435547
476,18,0.8932667970657349,29337,27.69183467233369,12.134540035412021,2.282067106912895,0.7102959752082825
477,18,0.030252115800976753,11223,2.868052172922614,1.2355890654010295,2.3212022938948733,0.06949729472398758
478,18,0.04305655509233475,34055,4.753067230937268,1.1078907119996628,4.290195034087825,0.14038442075252533
479,18,0.013084211386740208,4715,0.9592305661804926,0.2625386722036645,3.6536734117125245,0.04850471764802933
480,18,0.08672547340393066,13510,7.593219000694763,1.7634090759953773,4.305988385822713,0.21858447790145874
481,18,0.024814484640955925,21559,0.3084028353633849,0.40440859069402474,0.7626020872438877,0.07455932348966599
482,18,0.01009486336261034,7732,1.4290197094839132,0.27611378757824806,5.175473930557586,0.041460078209638596
483,18,0.03598850220441818,8320,2.1592051945790227,0.6474652147414779,3.3348589938346307,0.11944163590669632
484,18,0.021326132118701935,25886,1.6220326841289137,0.6325834242339352,2.5641403520660493,0.05838565155863762
485,18,0.07728385925292969,3206,11.025334055165223,2.9574019285530615,3.7280472257471438,0.18358556926250458
486,18,2.1195616722106934,9563,16.82793639634608,12.369895969798755,1.3603943345546576,0.9652560949325562
487,18,0.3555682897567749,13510,2.868449003764472,3.187334470307853,0.8999523051267723,0.3525277078151703
488,18,0.09538550674915314,5794,22.37458536627518,3.965021515242218,5.642992170473179,0.20207296311855316
489,18,0.4116315245628357,12402,10.639025238820704,3.5029985304967073,3.03711952665567,0.4176363945007324
490,18,0.06702683120965958,19521,6.408790345218724,1.581026217042716,4.053563613386632,0.18222199380397797
491,18,0.16629745066165924,20870,16.812598018999292,3.010632774065638,5.584406761203736,0.3130235970020294
492,18,0.05570249632000923,37391,13.548555439315244,3.2213849451515775,4.205816960715178,0.1546999216079712
493,18,0.4721228778362274,7931,29.109376048381584,6.222737883472957,4.677904901906416,0.5033011436462402
494,18,2.012150764465332,21749,13.308426927890885,15.058585954803654,0.8837766685287368,0.9126826524734497
495,18,0.03065042570233345,2319,0.8989002528796937,0.4244115495844792,2.117991967366688,0.09984864294528961
496,18,0.021342413499951363,16770,0.7416997411049205,0.41310682710513763,1.7954187450752517,0.0643162727355957
497,18,0.02568175457417965,26242,1.0261174995301456,0.5140293362508158,1.9962236144192849,0.08806583285331726
498,18,2.995023488998413,2045,23.365208824219984,22.995677002123006,1.0160696213493452,1.1212228536605835
499,19,0.038857314735651016,10903,2.9650968863249636,0.8216617713469045,3.6086586838046952,0.12205947935581207
500,19,0.1678374707698822,7433,10.750472657221291,4.329491952860792,2.4830794869858193,0.3413134813308716
501,19,0.24102242290973663,15317,12.091189091144217,4.325733330100184,2.795176717669138,0.33923494815826416
502,19,0.8855427503585815,14283,20.568760623206238,12.938053309532735,1.5897879017123557,0.7214596271514893
503,19,0.16597647964954376,31061,20.663255389504418,5.072248588392065,4.073786020028392,0.2942150831222534
504,19,0.005599025636911392,33244,0.24455579171417405,0.13401732952879056,1.8248072288279107,0.02205362543463707
505,19,0.01810280978679657,33426,0.6649736772792066,0.2937029145988084,2.2641030926958345,0.060207393020391464
506,19,0.043508753180503845,24579,1.099173586527508,0.6514527129644748,1.6872653450531585,0.13733115792274475
507,19,3.3911125659942627,26571,18.727169531516775,25.6206148780057,0.7309414555695379,1.1036728620529175
508,19,0.1858295202255249,14274,19.244772461372634,4.5002561939857095,4.276372640092736,0.3204670250415802
509,19,0.008452066220343113,15976,0.5174311015202498,0.27953974537472415,1.8510108493687738,0.029531164094805717
510,19,0.08296030014753342,12507,4.163607402502901,1.2543174500189274,3.3194207753681124,0.20589932799339294
511,19,0.11498717218637466,22156,9.601549786405254,2.709555848751107,3.5435880721289696,0.24350333213806152
512,19,0.35597240924835205,8860,21.368697101613524,6.870913314244803,3.1100228054556807,0.4968594014644623
513,19,0.09095104783773422,2434,22.42516240600349,4.657720980144964,4.8146212496611875,0.21110695600509644
514,19,0.025851242244243622,9850,1.7100793088404105,0.5897291740371964,2.8997705796553483,0.10529419034719467
515,19,0.19676460325717926,7877,7.876392059815495,2.76439691918724,2.84922617484626,0.34647417068481445
516,19,0.115464948117733,17713,8.730450398479595,1.793355073005182,4.868221876354265,0.22728955745697021
517,19,0.38983842730522156,7810,39.93390535466838,7.3552813964032016,5.429283150769866,0.49533116817474365
518,19,0.1505385935306549,4521,11.79829642719964,4.303635063515126,2.741472325852898,0.2468368411064148
519,19,0.02689289301633835,19745,1.558203091338479,0.5999807440466707,2.5970885012514238,0.09507595747709274
520,19,0.41696926951408386,7188,12.18143128152483,4.882033561328997,2.495155170175905,0.4726732075214386
521,19,0.027157854288816452,5864,5.2780155909106945,1.0937648866577134,4.825548575648862,0.10540780425071716
522,19,0.044675592333078384,41584,1.9819790650982572,0.682431070368671,2.9042919514561736,0.123237244784832
523,19,0.04146776720881462,9997,4.44948496034778,1.164117311727243,3.822196367599839,0.11478771269321442
524,19,0.06670046597719193,11977,6.699327793847921,2.0528499289407263,3.2634279298251094,0.155293807387352
525,19,0.037434615194797516,2536,1.6914710898013163,1.6763979523340846,1.0089913838448896,0.12032733857631683
526,20,0.1605469286441803,20858,10.641314020695106,5.51003580786135,1.9312604113227105,0.2863663136959076
527,20,0.2448338270187378,19000,9.28475813921047,2.9243418501464684,3.1749906867906907,0.35561296343803406
528,20,0.6375617384910583,18367,44.16172615107094,17.957731873932754,2.4592040053328312,0.6762640476226807
529,20,0.3133491277694702,23864,33.683249239017165,11.319387713526506,2.9757130059926467,0.42038339376449585
530,20,0.05771074444055557,14753,2.5517957460480414,1.6322550985700137,1.563355965793616,0.14671531319618225
531,20,0.08431760966777802,16511,5.3196069190726485,1.4117059692827947,3.7682116777982184,0.21609239280223846
532,20,1.3427265882492065,9443,66.59604861707557,25.390332595277833,2.6228899667686383,0.955158531665802
533,20,0.179165318608284,4126,10.134137210418086,5.259676334341735,1.9267606153344181,0.2971671521663666
534,20,0.017943844199180603,18335,0.3135189610031294,0.40761334666417554,0.7691577411979649,0.04599571228027344
535,20,0.006520602386444807,8742,0.6804599538033471,0.2848746181898771,2.3886296298514473,0.0190869253128767
536,20,0.062935970723629,821,4.8845094707450745,1.8892266770964148,2.5854544242671693,0.10169646888971329
537,20,0.28045225143432617,5347,4.42612902360133,2.573001301904955,1.7202202813977077,0.3820328116416931
538,20,0.034965552389621735,10167,1.29603770240078,0.3314874532013382,3.9097639741124244,0.11957220733165741
539,20,0.03257860243320465,9691,4.164235181252173,1.0062531080628558,4.138357584072092,0.11184820532798767
540,20,0.007377091329544783,14908,0.9296679775209228,0.31584240679597636,2.943455209035669,0.06357763707637787
541,20,0.29481932520866394,16338,16.851042745237546,6.367097735533958,2.6465814481206067,0.42142271995544434
542,20,0.0025927817914634943,10293,0.250510647911048,0.0890600125351328,2.812829695138574,0.02072647213935852
543,20,0.009742556139826775,22664,0.23481853161917982,0.18566914863279418,1.2647148616075454,0.03291158005595207
544,20,0.009601021185517311,18606,0.21954223530686906,0.13124625052093825,1.6727505314155382,0.054448485374450684
545,20,0.4389992654323578,51091,16.912635260237625,7.216594193292434,2.343575765415072,0.5170462131500244
546,20,0.014177998527884483,38001,0.6075421425837876,0.23932271786785175,2.538589516256117,0.05990538001060486
547,20,0.06805860251188278,14310,5.693614984084158,1.5503572151578024,3.672453630953021,0.1871921867132187
548,20,1.2468619346618652,17917,77.25671555056826,19.960866936915192,3.8704088251641773,0.90676349401474
549,20,0.2910250425338745,18069,16.609710316760705,3.7646122923740006,4.412063986085019,0.41621720790863037
550,20,0.24423232674598694,8226,14.638188080946014,7.483772412998761,1.9559905450249402,0.35365211963653564
551,20,0.004486213903874159,3777,0.10904953847499521,0.13422859665333897,0.8124165877694152,0.01298129465430975
552,20,0.02363036759197712,11001,0.6249001423226431,0.6388815542409525,0.9781157996713513,0.05636713281273842
553,20,0.6643332839012146,9373,14.574560582141029,12.91184800353007,1.1287741753275944,0.6457133889198303
554,21,0.1316748410463333,15276,13.400024391270392,2.6662960914625553,5.025707547699622,0.27658677101135254
555,21,0.09994374960660934,7623,6.3479269774007845,1.9656601502595918,3.2294122544831696,0.2096027135848999
556,21,0.0335259735584259,12788,4.830570922344807,1.3103257934104822,3.6865418864786554,0.08445315808057785
557,21,0.14338319003582,6215,10.026862495151114,4.605712053337074,2.177049363709996,0.2915255129337311
558,21,0.05795154348015785,31064,11.59994859355813,2.195068293960572,5.2845502007698375,0.179045632481575
559,21,0.02486393228173256,26911,1.453129265892179,0.8693954180566428,1.6714250336615342,0.07019182294607162
560,21,0.003944819327443838,5993,0.5659324242604417,0.15066572510720175,3.75621213022413,0.014367051422595978
561,21,1.0483604669570923,24179,35.76739292267483,17.639800360649083,2.0276529320854904,0.8542258739471436
562,21,0.008364732377231121,5028,0.8997246188491124,0.34814380002961065,2.5843476711922024,0.026389455422759056
563,21,0.005549455992877483,24060,0.3264895622350989,0.17039131450096148,1.9161162245235244,0.026075508445501328
564,21,1.3209760189056396,3503,101.59105367849465,19.74111058357042,5.146167093711479,0.78194659948349
565,21,0.0133438091725111,10286,0.7706359060595546,0.36571455426963556,2.1072060082390642,0.06116192787885666
566,21,0.7611985802650452,18146,33.82139439399183,10.060085959915146,3.361938906759972,0.6373000741004944
567,21,0.21605132520198822,5790,22.633637692076693,6.242255666280231,3.6258748282831044,0.4032933712005615
568,21,0.026878897100687027,21613,0.9947931213104441,0.3868629567902763,2.5714354498075234,0.08995004743337631
569,21,0.5286471843719482,37247,7.145289126954155,6.367448296042962,1.1221589551647335,0.520658016204834
570,21,0.01914731226861477,45940,0.4588243895564637,0.19007651313473437,2.413893131703313,0.08963571488857269
571,21,2.1743416786193848,10449,115.79562579446767,45.59157948136376,2.539846768015535,1.147221565246582
572,21,0.3983316719532013,17346,53.64184476480325,10.663067200439631,5.030620529390137,0.5162897706031799
573,21,0.33995169401168823,7560,45.392488666576135,10.000726259916123,4.53891922314773,0.4757014811038971
574,21,0.02033168077468872,11441,0.9553033918026547,0.42732945077689605,2.235519667702876,0.09599532186985016
575,21,0.02352863922715187,33080,1.6945365852921328,0.7809699948739619,2.169784494170533,0.09858229756355286
576,21,0.08087645471096039,9801,5.8970753290554,2.277119738854608,2.589708054623004,0.18188314139842987
577,21,1.5407557487487793,4928,61.93080855950895,18.59824323018889,3.3299278750682646,0.8143298625946045
578,21,0.022529123350977898,6726,0.8722505970481278,0.3703372473310226,2.35528725055873,0.07909618318080902
579,21,0.60319983959198,19643,49.63980366019488,15.904972177837005,3.121024237273612,0.6677260398864746
580,21,0.07669554650783539,15673,6.712066022601369,1.5184146921801096,4.420443280195015,0.2105197161436081
581,22,0.05260329693555832,10393,4.010163983729101,1.0489721252611817,3.8229461843200023,0.16587062180042267
582,22,0.022755855694413185,20012,1.031769419397557,0.3261861020445471,3.163131147915939,0.0924537256360054
583,22,0.03199268504977226,31822,2.5925174220360274,0.6197570371347716,4.183118975167165,0.11151522397994995
584,22,0.08026613295078278,7701,2.1207173893483526,1.8344070187168762,1.156077886591705,0.18755526840686798
585,22,0.016264768317341805,23786,1.6484263632161154,0.4128211230343369,3.993076592340486,0.08262428641319275
586,22,0.017341161146759987,3927,2.5141135467227747,0.8271585684676726,3.0394577806008587,0.05934252217411995
587,22,0.5069292783737183,12392,47.73424457842972,20.172194491814867,2.366338704388169,0.6140851974487305
588,22,0.031403571367263794,29862,3.8424119558778234,0.8923858628399877,4.305774122917156,0.09988920390605927
589,22,0.024475988000631332,14784,2.4327251911116154,0.6302198876759236,3.8601212666883176,0.06436709314584732
590,22,0.13420477509498596,16156,31.37462843716834,7.51338726339525,4.175830066689012,0.2587509751319885
591,22,0.05710858479142189,4664,3.8746350024200873,1.5140240827278841,2.5591633888916925,0.12113672494888306
592,22,1.8710589408874512,4217,56.4588181290796,18.529126727072974,3.047030707960153,0.9359517097473145
593,22,1.7278491258621216,21213,37.107361787522095,21.85284439518318,1.6980563773061794,0.9487964510917664
594,22,0.014824670739471912,5875,0.9078170119681253,0.33889684795060265,2.6787413853367243,0.058111898601055145
595,22,0.023950815200805664,10836,0.8827196933282943,0.858720623185054,1.0279474714991683,0.08306161314249039
596,22,0.11193975806236267,21263,2.3752530615665273,1.661889340964136,1.429248628664474,0.26118895411491394
597,22,1.345937728881836,29908,5.612832026879763,17.377216343780333,0.3229994905880533,0.934549868106842
598,22,0.4442296624183655,39932,4.83298738930044,4.1459771374043175,1.1657052678117457,0.4983082711696625
599,22,0.08481398224830627,16240,4.086541038270807,2.061920667933418,1.9819099259355135,0.17336757481098175
600,22,1.0897769927978516,6226,32.916768855382124,15.947317051349568,2.064094464880186,0.7501256465911865
601,22,0.038822997361421585,17456,6.561026852885327,1.3570102553903594,4.8349132416785885,0.1225278377532959
602,22,1.0313053131103516,17852,40.647616901450995,17.266062239351047,2.3541914964727013,0.7788163423538208
603,22,0.087058424949646,21833,4.268665836784826,1.7620731461672932,2.4225247663907883,0.22033971548080444
604,22,0.15540537238121033,5652,8.69831405615309,3.686079634360345,2.359773775658043,0.2760958969593048
605,22,0.6595649123191833,12194,39.857607884223945,12.913103116135163,3.0866018435505276,0.5992905497550964
606,22,1.2073945999145508,16369,11.897547467536226,10.26369677634102,1.1591873500160543,0.6696988344192505
607,22,0.11162703484296799,11623,7.769923043482161,3.902489653872254,1.9910169488266154,0.2851519286632538
608,23,0.04819238558411598,11225,3.8453226981442463,1.4692317956658087,2.6172335158313476,0.11742338538169861
609,23,0.10694211721420288,8592,8.95688559492853,5.855978716143521,1.5295283724708606,0.22186703979969025
610,23,4.189957141876221,3648,37.96222616279281,33.8980308025111,1.1198947332356404,1.363549828529358
611,23,0.032407063990831375,12515,3.8224823139370128,1.34231967400453,2.847669141681123,0.09997814893722534
612,23,0.19461867213249207,7747,13.675769534599004,6.112881126323532,2.237205215018107,0.35437023639678955
613,23,0.09443600475788116,2869,4.172392966588289,2.342612816652778,1.7810851784496744,0.2003473937511444
614,23,0.004978275392204523,18666,0.2260204275908826,0.12110714672917418,1.8662848039385687,0.023067062720656395
615,23,1.26848566532135,8552,110.84173243160542,39.906446078635405,2.7775395537149485,0.9187975525856018
616,23,0.01740436814725399,22013,1.0443290954223934,0.6182795105716057,1.6890889598706118,0.055251747369766235
617,23,0.054930202662944794,11119,1.6195951221956832,0.813217904847656,1.9915881248299596,0.16017958521842957
618,23,0.007636078167706728,5994,0.31159281182419507,0.1785691582985223,1.7449419305742935,0.029918882995843887
619,23,0.2305620014667511,29369,9.45360075959358,2.7479043356770347,3.440294713629811,0.3462786078453064
620,23,0.01760934107005596,5252,0.49373160460777477,0.41266046430246167,1.1964596740352988,0.04574515298008919
621,23,0.045963354408741,33946,4.216249982630808,1.2769587115540872,3.3017903746443262,0.12910278141498566
622,23,0.019789762794971466,28078,0.8356856207308644,0.32818174624366986,2.5464110368522275,0.06507643312215805
623,23,0.016838354989886284,39375,0.26762317361855936,0.1783701714166452,1.5003807614891647,0.07235673069953918
624,23,0.05657016858458519,10185,5.765900561357181,1.4141552404154152,4.07727553281869,0.17708614468574524
625,23,0.051114797592163086,21828,4.660551605979306,1.5444722355389024,3.0175690431560995,0.14527612924575806
626,23,0.06284981220960617,50740,8.375806171846843,1.5784599224814497,5.306315385362576,0.17834000289440155
627,23,0.004915306344628334,12482,0.5248191022296179,0.2760997352371977,1.9008316026701155,0.013659870252013206
628,23,0.019054140895605087,7023,0.41966653201996323,0.4954364183056372,0.8470643588421507,0.07286275178194046
629,23,0.0057276152074337006,13061,0.21944298989352964,0.12701702388354594,1.7276659709252493,0.015944885089993477
630,23,0.054119959473609924,2345,2.4204424158964484,2.465642182138904,0.9816681566486557,0.08273055404424667
631,23,0.013429971411824226,11603,0.29379712294998794,0.2709194691902963,1.084444480224999,0.037360142916440964
632,23,0.013677849434316158,7721,0.40484320542997543,0.21901645908860048,1.8484601893063777,0.05935808643698692
633,23,0.026398660615086555,26126,0.9218859267802537,0.40552310066796815,2.2733253056594593,0.08989643305540085
634,23,0.013545355759561062,9659,0.6856693908251612,0.39268591609241327,1.7461013057113366,0.07266052067279816
635,23,3.2800207138061523,18917,40.5431898614665,21.06203822659706,1.9249414242476683,0.9966158270835876
636,24,0.04485981911420822,26701,3.6155187329088863,0.9617743924836455,3.7592170899545003,0.13460657000541687
637,24,3.311072826385498,3595,72.61129657722475,29.442615557250875,2.466197217975772,1.2175520658493042
638,24,0.001980428583920002,14975,0.11878593992671725,0.05490453533552363,2.163499594316727,0.025295892730355263
639,24,0.01032666303217411,16761,0.4964711413357611,0.18310441234589495,2.711410036341378,0.053684018552303314
640,24,0.4370705783367157,1548,127.40352508126108,16.794354330197788,7.586092479433419,0.5154700875282288
641,24,0.12699292600154877,5773,27.62441670767605,6.322957464867709,4.368907565986552,0.29574307799339294
642,24,0.4688335061073303,5060,41.93883165499943,7.886418323551806,5.317855322199815,0.46666285395622253
643,24,0.0215091984719038,11716,2.687808529199669,0.7649876377903438,3.5135319793661672,0.06664838641881943
644,24,0.014513785019516945,21762,0.8798706866752493,0.5340022267137305,1.6476910444519275,0.07020602375268936
645,24,0.006186614744365215,10067,0.5355225583267395,0.18484136813573163,2.8972007929015136,0.047798559069633484
646,24,0.6977654695510864,28358,103.55969462858313,18.18063996599442,5.696152325896031,0.7159919142723083
647,24,0.013901537284255028,9439,0.9600788715369327,0.5517138054645883,1.7401755439611075,0.0609552301466465
648,24,0.037313733249902725,13627,9.075460913018066,1.5039376175514683,6.03446632832259,0.0896768793463707
649,24,0.0016747150802984834,3224,0.052651043678451935,0.07537406398256485,0.6985299836019506,0.0028993594460189342
650,24,0.6987407207489014,8762,17.347107818257584,6.593553030062746,2.6309195875368387,0.5977503657341003
651,24,0.06395459920167923,5101,7.867772736891757,2.994846020739735,2.627104259251956,0.1933446228504181
652,24,2.03631854057312,3225,38.72041934204464,19.12716365152824,2.024368068756964,0.9890830516815186
653,24,1.2836538553237915,27971,39.90268007231476,11.199370289912105,3.5629396152972777,0.7447019219398499
654,24,0.0978597030043602,9032,18.25023995856021,3.077557756196486,5.93010477928756,0.25118279457092285
655,24,2.7051773071289062,17913,70.73207452908989,19.373545852830407,3.650961732374486,0.9956588745117188
656,24,0.0611337311565876,15888,13.324547988640255,1.521847197942829,8.75550975593547,0.17956772446632385
657,24,0.08102090656757355,9774,9.156316659314482,1.7943959968215901,5.102729094095141,0.1983935683965683
658,24,0.32279685139656067,5966,34.18860687196691,9.583977887969775,3.567266877240855,0.4472997486591339
659,24,0.04712295904755592,22612,3.9843211450894,0.9535637119665562,4.178348121981556,0.13617444038391113
660,24,0.10309983789920807,18078,14.765354763565963,2.516491818134217,5.867436030253997,0.23214690387248993
661,24,0.4197930693626404,28313,14.54425136619467,6.9996091299841705,2.077866220256428,0.4966987669467926
662,24,0.3152238726615906,36869,11.918028924798543,3.899754730963295,3.056097048916603,0.4341096580028534
663,24,0.02779899723827839,21532,0.8336346359741854,0.5210555911704179,1.5998957694706604,0.09829341620206833
664,25,0.04342593625187874,3755,4.806456895996207,1.9073088436088321,2.520020243234104,0.13668982684612274
665,25,0.07963550090789795,1980,12.280991568533153,3.227599905651826,3.804991922023605,0.17634139955043793
666,25,0.6041634678840637,26063,19.880760269831967,8.522125058440839,2.332840709740407,0.6268043518066406
667,25,0.004386210814118385,7397,0.16709320180926965,0.14731837285352065,1.134231926212469,0.023852545768022537
668,25,0.048101674765348434,7719,7.078835828514677,1.7061027027061937,4.1491264372784755,0.13188612461090088
669,25,0.024602128192782402,14404,1.1370797649119064,0.5389113757046622,2.1099568800584136,0.0759461373090744
670,25,0.32505297660827637,10342,19.274940088885774,8.305001265572441,2.3208834619671648,0.4790288209915161
671,25,0.16988013684749603,7069,15.80300509692634,5.543512209140478,2.8507207165281496,0.3200712203979492
672,25,0.04553750529885292,19202,1.8627809376668147,1.0622948616926944,1.7535441475230773,0.13244633376598358
673,25,0.013300555758178234,7397,0.9405821996439052,0.22924765443365921,4.102908716616739,0.06843402981758118
674,25,0.6606212258338928,6226,39.364400545118535,15.877051274615733,2.4793269143151258,0.6454151272773743
675,25,5.5109477043151855,9065,111.52386848659758,58.6480753523257,1.9015776360370056,1.3947197198867798
676,25,0.17493827641010284,21318,25.02977596901402,7.939165202615804,3.1526962004473758,0.29558300971984863
677,25,0.06248748302459717,13760,4.888167376212808,1.0880788288331702,4.492475404057139,0.1455000340938568
678,25,0.03287692740559578,45465,3.92787932702775,0.8811237994921057,4.457806416405262,0.10914871841669083
679,25,0.12179937213659286,23349,16.337873697149096,3.2484125679845817,5.029494670155337,0.26756563782691956
680,25,0.034441523253917694,18866,3.9358040926759528,1.4815535802468118,2.656538477682077,0.0816526785492897
681,25,0.0388762429356575,25481,2.5367018774032806,1.106549586569281,2.292443021252862,0.11793233454227448
682,25,0.041094500571489334,25069,7.7924975871849425,1.7643080960400157,4.416744220961613,0.0957445576786995
683,25,0.07780590653419495,13796,6.578988424077644,2.5296251626702224,2.60077600474625,0.14428666234016418
684,25,0.06533454358577728,12636,9.768488252133254,2.2828650104260637,4.279047691175497,0.21058109402656555
685,25,0.14512403309345245,5912,24.763670565627674,4.425574852968165,5.595582808640886,0.3200902044773102
686,25,0.012280376628041267,12636,3.2071766605475553,0.6681395579550202,4.8001598204407845,0.062027499079704285
687,25,0.00461970828473568,14139,0.13380696531933867,0.11445369879291212,1.169092538986219,0.030547713860869408
688,25,0.05266754701733589,15079,13.68869501062224,2.2153812563022672,6.1789342000049725,0.18818193674087524
689,25,0.06840765476226807,7925,4.806713241655492,2.174895801834329,2.2100889787911915,0.17793966829776764
690,25,0.3039456307888031,43277,52.03287347317911,6.56395256632725,7.927064211295071,0.44654160737991333
691,25,0.05097104609012604,20939,12.078970145480408,2.105634442039272,5.736499130293665,0.14526037871837616
692,26,0.016396252438426018,17894,4.245383054886792,0.46816064903655946,9.068218492123192,0.07175354659557343
693,26,0.08576010912656784,24571,10.558249436571643,3.0665402378422715,3.443049370843203,0.2198740690946579
694,26,0.06527616083621979,13932,11.012312500621974,2.3438017884303375,4.698482847388007,0.2031085193157196
695,26,0.4638485014438629,13180,9.393396257454013,5.4855764357904455,1.712380889666476,0.3710627257823944
696,26,0.007651769556105137,14428,0.7514784069963496,0.22526503320652444,3.335974502105941,0.05330299213528633
697,26,0.20475339889526367,10982,13.9128660087211,6.540518277581689,2.1271809691912,0.3743666410446167
698,26,0.016070673242211342,16502,1.2812371137018401,0.5322622459578041,2.407153848370085,0.046403128653764725
699,26,0.032110296189785004,9971,2.2153047488927973,0.9993438521255923,2.2167592707741726,0.0810357853770256
700,26,0.06421564519405365,12554,5.084072163574376,1.4154315239382615,3.5918884648160074,0.1757425218820572
701,26,0.920524537563324,2805,25.176580973044054,7.230519098575684,3.481988032920074,0.5493096113204956
702,26,0.31762033700942993,33716,44.063566587272476,6.219745125370485,7.084464989976691,0.4594554901123047
703,26,0.004569290671497583,7303,0.2959885664549362,0.14227207884476356,2.0804403004177363,0.017743824049830437
704,26,0.14819121360778809,13272,22.722422222995483,4.649430533278943,4.887140921958444,0.2995964586734772
705,26,0.3503521978855133,24231,10.981243788797096,3.056121696420747,3.59319584742141,0.38152962923049927
706,26,0.012712370604276657,19738,0.45094713170377626,0.1187004207627123,3.7990356630785804,0.06209303066134453
707,26,0.04265265166759491,38137,7.436831917129809,1.7121876369620523,4.343467828281188,0.15425844490528107
708,26,0.9435157179832458,953,110.95039537729555,33.29309914359451,3.3325343158580276,0.7948364019393921
709,26,0.011227020062506199,7223,1.1207792791406512,0.3472074060315585,3.2279820639412087,0.06040958687663078
710,26,0.11577662080526352,16950,25.001700381636574,6.211757847311299,4.024899391796849,0.23296944797039032
711,26,0.04517675191164017,14305,4.538297867841484,1.4473832198431766,3.1355191946539707,0.15145854651927948
712,26,0.016281278803944588,38310,1.6453537141541783,0.38222252350582886,4.304701091548265,0.07655559480190277
713,26,0.10968659073114395,12457,19.61287397194968,2.740718135336886,7.156107634370701,0.21511058509349823
714,26,0.019163377583026886,22804,1.4167387700905592,0.3870965308641973,3.6599107900140933,0.08850236237049103
715,26,5.3523359298706055,11333,55.862187429214025,34.5710989301974,1.6158638040984437,1.2612380981445312
716,26,0.02974618785083294,2357,4.898092303365815,0.8498347170965965,5.763582264671484,0.1329154223203659
717,26,0.03318347409367561,3927,4.892640499853612,1.627945982636808,3.0054071523466184,0.12838684022426605
718,26,1.6150617599487305,1829,80.92050979975227,23.525759322259322,3.43965560011423,0.9208557605743408
719,26,0.011496985331177711,7925,0.8832614736000177,0.3086454506110051,2.8617349513774504,0.06609949469566345
720,27,0.364801824092865,37391,46.04096023686207,10.307022348034087,4.466950655796263,0.5146943926811218
721,27,0.08240263164043427,10055,29.34201314415879,3.494979297231608,8.395475523243404,0.1978965550661087
722,27,0.0013677370734512806,12798,0.1357676392989109,0.05577975987395981,2.4339946891714495,0.012357312254607677
723,27,0.0014377653133124113,3723,0.13297691406447928,0.047466542833339724,2.801487239729559,0.015774592757225037
724,27,0.2859402000904083,35511,112.05110528379689,12.1687616931555,9.208094308134285,0.39397135376930237
725,27,0.01752392388880253,18122,1.175298648784717,0.47608898711291453,2.4686532992696626,0.05381941422820091
726,27,0.5688280463218689,2811,80.02998705577518,17.583565095717105,4.5514084669475725,0.6471911668777466
727,27,0.1698044389486313,8475,14.26041179219095,5.245690223251948,2.7185005567003935,0.3091995418071747
728,27,0.24964551627635956,7568,74.78392703107242,6.9656204233075805,10.736147318741066,0.40413787961006165
729,27,1.5074288845062256,18259,134.36053701237861,20.017765517587062,6.712064685457846,0.9435959458351135
730,27,0.010415772907435894,27475,0.6443166202033301,0.17539870140912972,3.673440082642021,0.07078684121370316
731,27,0.007000430021435022,22445,0.19420788250435633,0.13135058097340727,1.4785460487776325,0.03792770579457283
732,27,0.33042341470718384,5492,46.57090947551158,9.055909397017277,5.142598874812658,0.4793114960193634
733,27,0.05717865750193596,16317,5.7087321269798945,1.4263848982038108,4.002238199636486,0.17438024282455444
734,27,0.00819729920476675,22533,0.20073732645264106,0.15629319990616228,1.2843637891595954,0.030212895944714546
735,27,0.008400480262935162,15371,0.5244781341342412,0.17040546179458368,3.0778246695132268,0.05467217415571213
736,27,0.050305429846048355,14988,7.288610315560112,1.8074128220424879,4.03262067562379,0.1508520394563675
737,27,0.04341252148151398,14397,2.496372834127811,0.9923476131563707,2.5156233572075166,0.1356431394815445
738,27,0.05645191669464111,3368,6.742232763466923,2.614838845545612,2.5784505897752603,0.11649718135595322
739,27,1.8179107904434204,13139,41.53272841149542,35.453764640193725,1.171461728620177,0.9833354949951172
740,27,0.03481205925345421,12709,1.7835996423030087,0.5772685610111331,3.089722466741993,0.12534552812576294
741,27,0.1358676552772522,13678,13.541293814998594,5.527209584178351,2.4499331188305447,0.24442866444587708
742,27,0.766110897064209,9310,37.57441509755509,13.960508768349904,2.6914789225116182,0.6552922129631042
743,27,0.5910763740539551,10393,99.71799102659907,19.303947406685552,5.165678756048543,0.5829664468765259
744,27,0.008959579281508923,33943,0.539757405068449,0.16808990852262745,3.2111232007278914,0.030239621177315712
745,27,0.049781445413827896,14126,2.6987096634895384,0.8291945367879296,3.2546158274755874,0.14495283365249634
746,27,0.008034031838178635,14645,1.9937047229763405,0.23871989423722845,8.351648819795221,0.04234032332897186
747,27,0.02030026726424694,12645,2.1497164162203983,0.6021291629571606,3.5701914945610653,0.1010424941778183
748,28,0.029299871996045113,23645,2.9032544520894343,0.8047463958845094,3.6076638142564335,0.12412774562835693
749,28,0.007006137166172266,17575,0.5500601518862682,0.18390388912738903,2.991019681493816,0.03319777548313141
750,28,0.0017231154488399625,4932,0.2343358245534302,0.09717450280170743,2.4114949682757856,0.019549187272787094
751,28,0.01216892059892416,13902,0.47461072505690743,0.25323493223883703,1.8741913718578407,0.03084995597600937
752,28,0.056055981665849686,18523,8.286748708789386,1.8067089185366103,4.586654011481197,0.15480868518352509
753,28,0.05610782653093338,7423,8.212176460849868,1.7084556577910126,4.806783496776958,0.17398366332054138
754,28,0.33504796028137207,2229,43.593171759165024,6.47582374160931,6.731679782922092,0.46328073740005493
755,28,0.025248512625694275,4204,2.8516474462959356,0.8147070470170807,3.500212078357841,0.05978860333561897
756,28,0.08118993788957596,14200,11.78078761320267,3.874111420809428,3.0409005662357123,0.22972439229488373
757,28,0.9668794870376587,33568,63.48042728621185,20.372430009876194,3.1159968278420664,0.7367128133773804
758,28,0.33403611183166504,7727,63.07815015792722,21.88792652535725,2.88186960445285,0.42798635363578796
759,28,1.6259797811508179,8000,132.34671262918857,19.90796928706455,6.647926301311699,0.774307131767273
760,28,0.015224277041852474,17977,1.8773661624431426,0.6467672384500066,2.9026921136874426,0.06478314101696014
761,28,0.09217318892478943,25062,13.284868532793404,2.428995973949638,5.469283883244254,0.22063253819942474
762,28,0.23752093315124512,16510,12.319002709589379,6.127469040977791,2.010455316412592,0.36241188645362854
763,28,0.5428155064582825,11046,38.85247287416451,10.744677015152464,3.615974013864724,0.5113563537597656
764,28,0.03704223036766052,39340,1.7300265675092135,1.0307876667439522,1.6783539649560766,0.11189170926809311
765,28,0.18664869666099548,8611,24.715026189172125,5.683341640791723,4.348678603407841,0.3533821403980255
766,28,0.013247373513877392,6157,0.4231223985604925,0.388794832760548,1.0882922377211683,0.04652143269777298
767,28,2.709019660949707,9405,172.92511023562832,54.18746413869695,3.191238287014319,1.2409350872039795
768,28,3.3195531368255615,11604,111.64708803022425,42.81063578557978,2.6079287537193867,1.2510981559753418
769,28,0.02449088916182518,24475,0.5949192079640836,0.4199197242639589,1.4167450909943549,0.10432133823633194
770,28,0.024189425632357597,10415,1.9264604403784025,0.850551140656531,2.264955448639013,0.07393255084753036
771,28,0.3469351530075073,4884,83.39236841208638,18.236127508513967,4.572920888667187,0.48682528734207153
772,28,0.36219409108161926,5190,43.75221255566237,11.626952464082425,3.7629991771976714,0.476999431848526
773,28,0.03146903216838837,33238,1.0695150147040742,0.34810620730828684,3.0723813372101896,0.11749472469091415
774,28,0.1343725025653839,24421,15.687783531273194,2.7490605554923175,5.7065980230682944,0.27736178040504456
775,28,1.5823465585708618,20071,71.66042699341821,27.55765053811467,2.600382311050171,0.9031709432601929
776,29,1.2301801443099976,7301,45.217163986121896,13.57571677246261,3.3307386080592383,0.7469836473464966
777,29,0.010830510407686234,21627,0.7880277742201,0.2847657073708824,2.7672846618114573,0.04275035858154297
778,29,0.13996194303035736,25294,12.511837046751147,6.032205492028336,2.074172881425157,0.28889137506484985
779,29,0.02884260192513466,27004,3.0853315700141124,0.8602828742824419,3.5864151923098406,0.10045038163661957
780,29,0.04647081717848778,22609,3.7650148522670697,1.9850616508652958,1.8966740154513533,0.16050076484680176
781,29,0.06855568289756775,5021,9.488200036964871,3.4630056084543224,2.7398742912221543,0.1971760392189026
782,29,0.01867230422794819,31399,0.8004106361789803,0.32218962590736194,2.484284321453092,0.09532681107521057
783,29,0.14444488286972046,3580,23.732691832601883,8.704347097390137,2.726533255976779,0.23450841009616852
784,29,0.25092756748199463,13829,29.386438098912148,7.479026243956231,3.929179700720434,0.4216969609260559
785,29,0.11758109927177429,9236,7.359576633553803,2.4128856860658146,3.0501140920399203,0.24596047401428223
786,29,0.05060909688472748,6234,14.390375290490557,3.285530762562416,4.379924076334927,0.12992042303085327
787,29,0.07563690841197968,25607,12.539170803663247,2.916948631922189,4.298728701093368,0.199905127286911
788,29,0.011183097958564758,11611,0.9856470154679583,0.2508638629475343,3.9290115518557873,0.06662562489509583
789,29,0.1606844812631607,20374,11.718548826401985,2.7761991599145284,4.221076425496269,0.31135255098342896
790,29,0.13880203664302826,32587,6.212170671607116,3.6986676951249087,1.679569829912942,0.2915225028991699
791,29,1.7186551094055176,16412,55.890037475956625,21.57766582723523,2.5901799538210426,1.0195906162261963
792,29,0.00760316988453269,10095,0.35274595704189954,0.15189649050939247,2.322278519119343,0.044480834156274796
793,29,0.04170597717165947,9073,1.1327394133050135,1.0465979794514049,1.082306134297793,0.09323021024465561
794,29,0.016336316242814064,5755,1.0655491776775539,0.48429117946109695,2.2002242098670086,0.0866190567612648
795,29,0.019781185314059258,24156,1.6568734776897052,0.5076185029625525,3.264013167401564,0.07739795744419098
796,29,0.01085375901311636,18723,0.16071429375670562,0.12469653741174729,1.2888432757738817,0.060642726719379425
797,29,0.011852173134684563,13621,0.37458889997778694,0.2099668779708136,1.7840380520782546,0.04897433891892433
798,29,0.005460967309772968,15430,0.33986946534838125,0.09713105198817425,3.499081482060561,0.040697477757930756
799,29,0.016371052712202072,9736,1.3357086878024798,0.4586710649147481,2.9121276443453703,0.058671869337558746
800,29,0.0075708054937422276,16319,0.1937258743832725,0.10309868092577434,1.879033491426199,0.035442546010017395
801,29,0.007521164603531361,7346,0.23673777897287027,0.10107021644428414,2.3423100028783628,0.05265616253018379
802,29,0.025656238198280334,12078,2.3411132221845175,0.7715380476614532,3.03434578408342,0.11890830099582672
803,29,0.03227972239255905,8687,4.759357270518978,1.4841668634937022,3.2067534908523223,0.10667106509208679
804,30,0.5722408890724182,13600,37.19375603895589,15.13223033809793,2.4579163287854473,0.5535653233528137
805,30,1.3568408489227295,14048,66.34853374182583,20.205466013078663,3.2836923285449715,0.7012461423873901
806,30,0.00775750819593668,29664,1.5683251706167485,0.49188403501395594,3.188404296490458,0.032682131975889206
807,30,4.675934314727783,10023,53.3099079821373,27.65055976360761,1.9279865737944086,1.2722617387771606
808,30,0.0025582024827599525,17752,0.2501788542647791,0.06827101033537769,3.6644961460526853,0.005258757155388594
809,30,0.020636066794395447,11732,3.058007039083929,0.6360814397431265,4.807571559255147,0.09163645654916763
810,30,0.06032692268490791,25553,8.46514748388255,1.9550096038734097,4.329977442108951,0.17957639694213867
811,30,0.11093776673078537,29279,14.471443732946886,3.1142190318504865,4.646893357511602,0.24749304354190826
812,30,0.0003675450570881367,3224,0.0085909917080079,0.019753417691712516,0.43491166144769533,0.0005521239945665002
813,30,1.6639175415039062,1389,21.304045759530943,12.176668710962318,1.7495791554507638,0.7671096920967102
814,30,0.012189846485853195,10316,0.973615732301557,0.49565456519663786,1.9643029655408024,0.05882788076996803
815,30,0.01481463760137558,34426,0.32204932843721473,0.18047551364636813,1.7844488813394834,0.08087842166423798
816,30,0.02450423501431942,4753,2.0083613851450237,0.5479304389209183,3.665358305511516,0.09672395139932632
817,30,1.165555715560913,6345,34.68489397594935,14.850669596650102,2.335577783224735,0.7580814361572266
818,30,0.005953113082796335,17891,0.14595283709528423,0.17048677072599472,0.8560947953492686,0.02075362205505371
819,30,0.16748155653476715,7035,47.289036041027714,17.257638111267067,2.7401800719271767,0.330100417137146
820,30,1.0825798511505127,23141,86.1580522118883,23.300134491457747,3.6977491371765137,0.7779618501663208
821,30,0.026596255600452423,5386,1.4138074613274068,0.5060508470894607,2.793805147162766,0.09353785961866379
822,30,0.46475592255592346,21060,58.63896588717418,16.887553991233094,3.4723184848209634,0.5461016893386841
823,30,0.013708161190152168,19205,0.4886049342185074,0.17075225252444792,2.8614845601857497,0.08052466809749603
824,30,0.09514898806810379,37221,1.6642764674826662,1.3995511301846635,1.1891501722140614,0.17223064601421356
825,30,0.08716456592082977,3089,5.012839806662026,2.8757840152525915,1.7431211036966505,0.1901313066482544
826,30,0.02318129502236843,9245,0.7260801293289928,0.30283312238430365,2.3976245517991237,0.10233080387115479
827,30,0.8144314289093018,19787,74.26038963509187,22.85586063381986,3.2490743107352253,0.7536473870277405
828,30,0.5447480082511902,19834,64.7484766954335,18.855343857974116,3.4339589446440817,0.5999211072921753
829,30,0.013201664201915264,12097,1.2764634298222979,0.4296657813191197,2.9708286889880977,0.06154262274503708
830,30,0.16893218457698822,11948,30.592078127211757,6.973021570505404,4.387205434241911,0.3342932164669037
831,30,0.008379191160202026,11280,0.6633987924692153,0.18007528598579606,3.6840079905126943,0.04580942913889885
832,31,0.29017236828804016,14052,50.70017325771483,18.127008192707244,2.796941046129689,0.4137538969516754
833,31,0.005597662180662155,1560,0.6350786112390516,0.27059216290153837,2.346995583415303,0.017125947400927544
834,31,1.72748863697052,4365,52.577226496933214,18.590474276544626,2.8281810197422685,0.8914457559585571
835,31,0.003098838496953249,8872,0.25048918844750057,0.10113645114191123,2.476744888878352,0.01611444726586342
836,31,0.05282671004533768,49680,4.90611315493974,1.164872643763788,4.211716346160831,0.17210818827152252
837,31,0.4257897138595581,4421,52.328269632548995,13.036864981509337,4.0138691093881915,0.4848841726779938
838,31,0.006140423938632011,7018,0.1583301422828808,0.1590078211991268,0.995738078088668,0.019298020750284195
839,31,0.07293108850717545,7032,11.662556678171017,2.9160775265352523,3.999398703238156,0.20836590230464935
840,31,0.04441455379128456,6881,3.205271676107505,1.481688436140073,2.163256186607862,0.16730299592018127
841,31,1.4975719451904297,22383,87.72866327141668,29.463294711511534,2.9775578098242166,0.8685979843139648
842,31,0.010341976769268513,4900,1.1617893836298776,0.43609268435702075,2.6640882209252537,0.057908572256565094
843,31,0.27774980664253235,3847,52.875166223151005,7.749325593173887,6.823195849419476,0.44983676075935364
844,31,0.0026476902421563864,21262,0.2565625552458591,0.07170807068525512,3.5778755834667373,0.030229702591896057
845,31,0.046005554497241974,15018,3.552837720546732,1.1095364371410277,3.202091974282721,0.16315416991710663
846,31,0.04157283157110214,15474,2.011961690809299,1.0266449969766056,1.9597443096030458,0.15047095715999603
847,31,0.014107150956988335,16156,1.8392055562812109,0.9569684037555766,1.9219083399842827,0.057506825774908066
848,31,0.04953296110033989,12554,4.0564356216272,1.8670146996744466,2.172685422526321,0.14620916545391083
849,31,0.01714065484702587,28360,1.3155194020428127,0.4076208899606883,3.227311049162511,0.0676933228969574
850,31,0.11294331401586533,9131,6.881176203056715,1.7669491547017475,3.8943826904936207,0.24183149635791779
851,31,0.006213746499270201,21015,0.4378157225769195,0.15522514239133753,2.82052066971421,0.026361675933003426
852,31,0.057379305362701416,16289,5.028224627822574,1.3289655588448723,3.7835627826121305,0.17142409086227417
853,31,0.09320096671581268,11039,5.833075090779377,1.719375392476362,3.392554712775545,0.21980975568294525
854,31,0.47206106781959534,20134,94.25891556804864,14.929719189090664,6.313508939734011,0.5795783400535583
855,31,0.004513200372457504,8685,0.18052957013626048,0.12097923199319995,1.492236040520703,0.014909109100699425
856,31,0.006526890676468611,12691,0.1502110784268467,0.10784529237451913,1.3928385293241097,0.02730724588036537
857,31,0.016453610733151436,45052,0.70713333320267,0.19380883294894505,3.6486125138852734,0.08971347659826279
858,31,0.02431132271885872,7714,0.7411593493376518,0.5078181710496268,1.4594974965237355,0.0704350546002388
859,31,0.015768306329846382,19271,1.2699022895294412,0.5400993870728508,2.3512381608309445,0.08088766783475876
860,32,0.009805847890675068,10218,0.5332219326630048,0.16865470788637843,3.161619022334504,0.058932654559612274
861,32,0.003568764543160796,2268,0.12289389682938563,0.14361174628408885,0.8557370828527113,0.005794730968773365
862,32,0.0029135108925402164,10394,0.057087740779492954,0.09432529212012018,0.6052219876105801,0.010468742810189724
863,32,0.05035899579524994,24082,7.460498800912491,1.9811064674336307,3.765824262122177,0.13090623915195465
864,32,0.0034426283091306686,6932,0.42500465334436555,0.14352011853228178,2.9612897319744658,0.019552016630768776
865,32,0.015826113522052765,3763,3.8834424496086344,1.0998491320917916,3.5308864973318883,0.047395315021276474
866,32,0.17022116482257843,15606,1.7947127891860224,2.0560000745840155,0.8729147490659835,0.22700530290603638
867,32,0.017525313422083855,20757,1.262899407386968,0.3767871009469745,3.351758603756833,0.08584898710250854
868,32,0.01565781608223915,42179,0.3811017952198106,0.11408418901615834,3.3405312208731446,0.08656671643257141
869,32,2.1858112812042236,10492,119.4385629205599,32.45865361951839,3.6797140238969783,1.0676655769348145
870,32,0.9247583746910095,26461,44.11216449739681,17.77946007184375,2.481074471280041,0.7040606737136841
871,32,0.024350376799702644,18133,1.7400097429072878,0.4608764186218972,3.775436695386699,0.11153910309076309
872,32,3.4653022289276123,12763,35.85202130483429,36.332981757152204,0.9867624282660415,1.2423733472824097
873,32,0.0010808489751070738,11738,0.0510298393902547,0.041823825418134494,1.220114106705037,0.0038652571383863688
874,32,0.001270453678444028,2434,0.27517132786566145,0.06527954181589267,4.215276642680941,0.027030710130929947
875,32,0.12313240766525269,24408,14.948441460563082,5.233755884144983,2.856159475424653,0.28259187936782837
876,32,0.003242761828005314,9198,0.20508985031792484,0.07990639977659039,2.56662608863329,0.009021363221108913
877,32,0.005624375306069851,13926,0.8779354243793298,0.3608376470024179,2.4330483021108216,0.030829185619950294
878,32,0.07440084964036942,12709,4.222211307937356,1.599532506408236,2.63965333059453,0.19109173119068146
879,32,0.014310485683381557,15270,2.6401243920372126,0.545708051694226,4.837979545721827,0.031162461265921593
880,32,0.22882190346717834,18128,16.236012233997315,6.145269290152203,2.642034297831812,0.3811025023460388
881,32,0.11363308876752853,6348,14.354344662636311,4.976389411617532,2.884489832954546,0.27798059582710266
882,32,0.04701146483421326,34069,4.15015877110108,1.6636529498664296,2.4946060844191034,0.16200856864452362
883,32,0.018895674496889114,18928,1.2974873671181617,0.45106676011605445,2.8764863249543287,0.0691414475440979
884,32,0.011636942625045776,13433,0.9722368186279464,0.2111814262140769,4.60379890434955,0.06515519320964813
885,32,1.6900629997253418,26315,50.03175749277151,17.796836259032162,2.8112725635365012,0.7946930527687073
886,32,0.07923352718353271,17764,11.484744360569943,2.808720898443931,4.088958916113223,0.20740289986133575
887,33,0.008399492129683495,6090,0.27602390766008705,0.5161885836711342,0.5347346229482058,0.02317633479833603
888,33,2.6600067615509033,1148,521.6352593052543,71.3898571785629,7.306853941457173,1.1053129434585571
889,33,0.01300062332302332,2246,0.4608799526695843,0.5808205768823594,0.7934979768496363,0.034921564161777496
890,33,0.014261409640312195,19885,1.1613036367722764,0.24998955185436075,4.645408690696741,0.08131079375743866
891,33,0.2974402904510498,13296,63.11453347644136,11.936292998418354,5.28761596961462,0.4348979592323303
892,33,0.21210844814777374,7937,3.18237775737471,3.1564527344331155,1.0082133410894372,0.31092268228530884
893,33,0.07603676617145538,12851,8.574886078819599,2.162154155793915,3.96589949696119,0.2082587629556656
894,33,0.020125025883316994,20478,2.2716916646538223,0.46774461618650226,4.85669227616119,0.07980004698038101
895,33,1.3056031465530396,6241,70.02316162578104,19.81456397071745,3.5339239222856387,0.7658811807632446
896,33,0.9263768196105957,7798,87.438516345134,20.81713895331422,4.200313815516375,0.6962087750434875
897,33,0.038307301700115204,23625,6.485846736222282,1.3536777686405277,4.791278165653189,0.1015133261680603
898,33,0.6318678855895996,22773,39.32312120533661,11.083873191132398,3.5477779768171067,0.6135128140449524
899,33,1.2213433980941772,27316,35.29525643701776,14.960872258593572,2.359171031404382,0.7876285910606384
900,33,0.2158723920583725,11390,13.136902852379697,4.685909628454614,2.803490441344548,0.3550906777381897
901,33,0.05210958421230316,15431,4.907656717003219,1.6119788247912998,3.0444920500959807,0.18942229449748993
902,33,0.011160677298903465,18941,1.4771241426773511,0.2510719076908533,5.883271275774357,0.06848541647195816
903,33,0.006171395070850849,27002,0.6518747619746363,0.1625743953935931,4.009701284094803,0.053770869970321655
904,33,0.016860080882906914,25855,0.7646471123423039,0.473540457311557,1.6147450561707848,0.05990028381347656
905,33,0.025194820016622543,17242,2.8166632462295595,0.6609572410495465,4.2614908670229035,0.11152104288339615
906,33,0.028538966551423073,12477,2.866420383372229,0.4993601648902319,5.7401863122113035,0.09391338378190994
907,33,1.4576972723007202,16965,32.89350863251571,19.54171909952186,1.6832453923318782,0.9477086067199707
908,33,0.01811179891228676,30846,0.8721400934658371,0.4641660311052875,1.8789399374770908,0.08341463655233383
909,33,0.029149074107408524,3430,4.53243518984156,1.4072684590645177,3.2207324484848305,0.09814347326755524
910,33,0.007515667472034693,8744,0.36815706039013174,0.2623615212358143,1.4032433515958451,0.03067930042743683
911,33,0.984936535358429,17502,49.92067926975114,12.067318306997937,4.136849463960655,0.6857478618621826
912,33,0.8521571755409241,15877,30.594358475190525,6.619375811748918,4.621940096056052,0.630087673664093
913,33,0.12764085829257965,9582,17.325486583406672,3.3001669785851115,5.249881807747019,0.24873751401901245
914,33,0.012713151052594185,36099,1.6528779737664603,0.44452370342273767,3.718312344282058,0.07120682299137115
915,34,0.001658171066083014,14139,0.1191220347174594,0.03368450282635503,3.5364047178609668,0.015732644125819206
916,34,0.013632412999868393,18344,0.9632977288567545,0.28151880205933705,3.421788249334387,0.07571610063314438
917,34,0.004805159289389849,3610,0.3026108889840922,0.19596963056822492,1.5441723705102204,0.016416583210229874
918,34,0.010058996267616749,9948,1.1897066594665624,0.5435200926364644,2.1888917734272497,0.05843466520309448
919,34,0.5952949523925781,3648,57.56411591788701,15.739201998156535,3.6573719509175615,0.6324426531791687
920,34,0.007593198679387569,17531,0.25653519809285713,0.1606563639109938,1.596794498806066,0.02820158749818802
921,34,0.13802793622016907,20150,7.83410099678317,2.497818559911107,3.1363771262308324,0.27536773681640625
922,34,0.206301748752594,7804,30.895265916570736,8.751675123611347,3.5302117000680417,0.332916259765625
923,34,1.4607975482940674,14504,31.194391930140167,11.330461554484646,2.7531439721262316,0.781121551990509
924,34,0.002246703952550888,2434,0.10736502963990209,0.06255903286341143,1.7162194606269223,0.012864189222455025
925,34,0.376039981842041,7261,25.32745868765793,14.824628024592329,1.7084717839557877,0.49890586733818054
926,34,0.00589794060215354,8033,0.22144947618048186,0.08472868333164854,2.6136305613420365,0.03675974905490875
927,34,0.019882909953594208,11010,1.8620779442545274,0.4115635195155685,4.5243998944361365,0.09344115853309631
928,34,0.2196415811777115,33360,13.08967297430843,5.870830796382657,2.2296116901157275,0.376427561044693
929,34,0.18174304068088531,12567,12.948177630672586,3.7053901432677727,3.4944168171317394,0.3376600742340088
930,34,0.01604362018406391,55278,0.5979200042962562,0.3067661620263955,1.9491067735262781,0.07528068870306015
931,34,0.01122198160737753,13966,1.5522381067450683,0.3687854870149615,4.209054210091206,0.06623566895723343
932,34,0.015087176114320755,22609,1.3763958175158502,0.513801740134504,2.678846157961349,0.07350704073905945
933,34,0.6701139807701111,9283,42.832514140305705,10.657435656634851,4.019026294907635,0.59501713514328
934,34,0.1103610247373581,18132,6.625450262930677,2.2569664349501193,2.935555513954362,0.2662692964076996
935,34,0.0972839966416359,19190,20.62398198245894,3.3467580883553416,6.162376077975741,0.2460583746433258
936,34,0.5949805974960327,10161,51.07330439557445,14.233651215556833,3.5882082272572275,0.591202974319458
937,34,0.03073202818632126,11144,2.895922286682566,0.7580715323898137,3.820117446633798,0.1051541343331337
938,34,0.01774771325290203,45052,1.0519335360011959,0.2353916673655208,4.468864797848871,0.08407877385616302
939,34,0.010088586248457432,18793,0.6928464899948246,0.23069591287435978,3.003288967538645,0.04691637307405472
940,34,0.010424140840768814,6422,1.1362654053981336,0.32773103372646256,3.4670668580719126,0.03726513683795929
941,34,2.111668825149536,14654,164.78955566500022,49.00954068769144,3.3623974710373714,1.1796247959136963
942,34,0.16568231582641602,7727,41.68291707849917,9.97006916205092,4.180805208167732,0.2273513823747635
943,35,3.2281370162963867,7085,71.07490134754424,27.560394006718973,2.5788782747523222,0.9778698086738586
944,35,0.004040313418954611,10690,0.47584553238899346,0.09528679533738267,4.993824492671516,0.014817207120358944
945,35,0.026178661733865738,12865,2.2772669051278758,0.7589223391096416,3.000658681093163,0.0778672844171524
946,35,0.30739203095436096,3891,66.4957742137493,14.606329704861142,4.552531372177245,0.40993309020996094
947,35,0.012904651463031769,15305,2.550163159106059,0.49261085579454844,5.176831020070882,0.0483667366206646
948,35,0.4771884083747864,16255,71.04274612758614,14.89067300445595,4.770956027731065,0.5653315782546997
949,35,0.383396714925766,17919,4.1064935016906645,2.938375709154955,1.3975386091352662,0.31609469652175903
950,35,1.9012104272842407,16005,109.33361270534047,28.722521195917267,3.8065465061220944,0.9081026911735535
951,35,0.1924435943365097,21449,26.516350074811925,5.20726492174955,5.092183799609297,0.3308572471141815
952,35,0.006558950990438461,13211,1.283068320337793,0.3111600577347394,4.123499428797096,0.05042093247175217
953,35,0.027772225439548492,26479,6.1449962326092535,1.469369151807782,4.1820642723068,0.09913478046655655
954,35,0.03293269872665405,49668,5.301016929521091,1.237743511484423,4.282807286268308,0.12518024444580078
955,35,0.003253214294090867,4921,0.13491918274028755,0.11222795092176795,1.2021887741061499,0.008488078601658344
956,35,0.0027438215911388397,16697,0.1957535151559632,0.06581094624952268,2.974482609789378,0.020571470260620117
957,35,0.015806086361408234,4731,0.8281009958496884,0.41093515248123963,2.0151622241309193,0.04641972482204437
958,35,0.0034101277124136686,33104,0.2586670497953193,0.09440335222700172,2.7400197523769076,0.017813747748732567
959,35,0.06796073913574219,16839,4.8279885084502645,1.998371883615385,2.415960987057734,0.19493535161018372
960,35,0.09989025443792343,10371,7.103184278773774,2.6768113627292847,2.653599120831844,0.23807089030742645
961,35,6.6692633628845215,9065,81.61765675733024,50.84376719038986,1.6052637573392758,1.4100687503814697
962,35,0.08072708547115326,9548,19.67903153680813,2.8002882967851006,7.027501975205129,0.2042751908302307
963,35,0.512204647064209,9218,6.905862788745864,3.674731797753169,1.8792834875640223,0.4336014986038208
964,35,0.06362894177436829,22869,3.865231907688126,1.0777969281481399,3.586233924720627,0.18503817915916443
965,35,0.013290581293404102,22655,1.2855950160193537,0.3635850254575377,3.535885490327928,0.06948886811733246
966,35,0.015481128357350826,9551,0.35615954505694347,0.16835164637700514,2.1155691240301118,0.08443707972764969
967,35,0.05930250510573387,15839,3.7228701551085273,1.939776859215939,1.9192259859267515,0.1517307013273239
968,35,1.1489261388778687,6787,28.63992280407142,14.028204718127263,2.041595726576533,0.6823305487632751
969,35,0.49867650866508484,24928,35.66932891704055,9.314007985142046,3.8296433687771567,0.5511060953140259
970,36,0.19825321435928345,20801,12.599967084581076,5.669536173429779,2.2223982172701295,0.3760010302066803
971,36,0.19609396159648895,5492,41.02827334739874,9.413786556264517,4.358317782347808,0.3457409143447876
972,36,0.43031612038612366,10236,55.397718604316005,13.267150714896982,4.175555082984673,0.5197794437408447
973,36,0.7685301899909973,17627,75.24571078931668,17.32862798564311,4.342277464300921,0.6894636750221252
974,36,0.015670549124479294,8393,2.190947839998332,0.535333706225974,4.092676800495355,0.08796925097703934
975,36,0.020395033061504364,23775,2.7182002772412597,0.7207057237623283,3.7715813647872265,0.09929975122213364
976,36,0.008761277422308922,8889,0.26693730993803316,0.16632507755049789,1.6049131848766673,0.04016362130641937
977,36,2.1122331619262695,9065,128.0095897898589,60.93239975751568,2.100846024434931,1.1191350221633911
978,36,0.23928430676460266,9822,17.194308843099694,4.525888974982938,3.799100892253044,0.3511543273925781
979,36,0.009474018588662148,8667,1.531808634472091,0.40514777419455233,3.7808640008293226,0.05834982916712761
980,36,0.0840928852558136,16553,5.858552676673845,1.9445671535136715,3.012779818935496,0.22598996758460999
981,36,4.651516914367676,3219,71.19177994159999,38.16322457349894,1.8654550483408223,1.3248485326766968
982,36,0.08825115859508514,9099,8.063478395702273,2.7615664880528077,2.9198929051985076,0.2541503310203552
983,36,0.047659482806921005,49831,4.571267052762766,1.3000307018083048,3.516276228246572,0.1295548975467682
984,36,0.09571944177150726,2319,21.222801125164008,4.296305108817693,4.939779784634384,0.1770952194929123
985,36,0.023761656135320663,27166,1.8896118475958,0.6744463715016272,2.8017229055378485,0.09228211641311646
986,36,0.004751572385430336,1562,0.6825771292748086,0.2071801193864767,3.294607278405053,0.04358327388763428
987,36,0.05629600211977959,21205,3.2133140215424585,1.4430575847665734,2.226739982839986,0.1754431277513504
988,36,1.0127707719802856,18997,39.57894078563424,13.225387545346946,2.992648846767156,0.7511082291603088
989,36,0.12296176701784134,16913,3.39901553094543,2.0855239632941296,1.6298137018646301,0.23633530735969543
990,36,0.05696577578783035,10538,5.699241842076364,2.249988649922169,2.533009151966601,0.16247685253620148
991,36,0.01213489007204771,25027,1.028363378190025,0.3232545038418308,3.1812808977598173,0.03585823252797127
992,36,0.027332091704010963,5813,1.9983204703707782,0.750356862825526,2.663160116698722,0.08907915651798248
993,36,0.0617002435028553,10435,3.2713154399020516,1.1024754628005988,2.96724557623171,0.17864270508289337
994,36,0.9386271834373474,34918,37.58136680404831,12.694626170186046,2.9604153994157807,0.6659804582595825
995,36,0.04063506796956062,31993,6.316217819547587,1.6114688792401564,3.9195406755369087,0.1539900302886963
996,36,0.002746998332440853,15677,0.2633272532674813,0.10869515896624027,2.422621722710261,0.022425254806876183
997,36,0.05247931182384491,14287,6.62330116227393,2.231541254932946,2.968038859971684,0.17375047504901886
998,37,0.09547384828329086,4240,14.286245728559777,2.9979672206278467,4.765310851385202,0.25205475091934204
999,37,0.03757617622613907,2202,7.668640076241065,1.5028270762618063,5.102809363344218,0.11042908579111099
1000,37,0.01039952039718628,10693,1.185908908022762,0.670588466431009,1.768460042763055,0.07586012035608292
1001,37,0.009901554323732853,37725,0.8939873320240003,0.29011408826182866,3.081502650826433,0.039227358996868134
1002,37,0.39117780327796936,9234,25.259319134240666,6.900690337933966,3.6604046692811787,0.4803222417831421
1003,37,0.1796042025089264,20833,13.573689850310087,4.372938306144367,3.1040204320364504,0.33542394638061523
1004,37,0.005959620233625174,13185,0.16799765160794944,0.26358939535953113,0.6373460183334249,0.012903841212391853
1005,37,0.17579692602157593,27703,18.56882356252906,4.97681972946546,3.731062118362027,0.3296632170677185
1006,37,3.8422534465789795,4698,65.74598223233397,35.02825794504717,1.87694124941855,1.3197675943374634
1007,37,0.1054687574505806,15301,7.811109251213466,2.2129328257588057,3.529754342421821,0.2522200644016266
1008,37,0.005367922596633434,11628,0.2860746487294724,0.16875133160472297,1.6952438004925976,0.02181907556951046
1009,37,0.05903079733252525,15263,4.070914137998662,1.340282371264881,3.0373555791483935,0.15387846529483795
1010,37,0.03832263872027397,47001,2.5866346082314773,0.43945042862255423,5.886066868414099,0.12896806001663208
1011,37,0.6554165482521057,9638,51.28436585979709,8.426037456841268,6.086415604306649,0.6005258560180664
1012,37,0.036087241023778915,9235,1.5674254034338537,1.0527022500551961,1.4889541685221819,0.11874126642942429
1013,37,2.22737193107605,17471,54.473305980602305,32.9397503188031,1.6537255277707883,1.1389576196670532
1014,37,0.023211587220430374,14823,2.960994991660925,1.325571289065043,2.2337500940799275,0.050539545714855194
1015,37,0.01771715097129345,18273,0.7240100860397711,0.2529227996979587,2.862573429131434,0.0705425888299942
1016,37,0.02002807892858982,33060,2.084676640088759,0.5385872248720127,3.8706388562786294,0.08580756932497025
1017,37,0.19416940212249756,27686,21.18427623428855,7.388698910155414,2.867118621543626,0.36580678820610046
1018,37,0.0362190343439579,7388,6.517535691072508,1.226185235841609,5.315294541606344,0.10559544712305069
1019,37,0.9487963914871216,17101,101.39030595004526,26.363607747625792,3.8458433656210143,0.8248706459999084
1020,37,0.3627939820289612,16853,69.8017770973115,14.27931193545231,4.888315166223419,0.4819353222846985
1021,37,0.06411897391080856,11130,26.87895138103417,3.8438379765988855,6.992737868938555,0.18643426895141602
1022,37,0.00961684063076973,4393,0.5219749115199376,0.3426325627375822,1.5234247070620313,0.019144566729664803
1023,37,0.008956007659435272,6779,0.523071673648113,0.22595715855540563,2.314915256457957,0.04243450239300728
1024,37,0.3724200129508972,12005,114.26080364675722,14.210235262819303,8.04073975789194,0.5141767263412476
1025,37,0.04555673897266388,14347,2.9068927669386024,0.8499596007936321,3.420036392577873,0.1451403647661209
1026,38,0.009399261325597763,9642,0.4165691400673868,0.24856405687640387,1.6759025633092477,0.04446214437484741
1027,38,0.05991681292653084,18604,9.712415194544237,2.3043199092126567,4.214872750831968,0.2044759839773178
1028,38,0.014819304458796978,37664,0.7770397416096821,0.3503857904880711,2.2176691027483857,0.08820631355047226
1029,38,2.703928232192993,10041,346.3055460861806,54.29867606990441,6.377789868031747,1.234670877456665
1030,38,0.34559422731399536,18144,8.19344667154449,2.9854151701613434,2.7444915378717454,0.416136771440506
1031,38,0.05846396088600159,19732,6.150157721754338,1.9916533495186033,3.0879659471050958,0.13636556267738342
1032,38,0.01248208899050951,28187,1.466727954855591,0.3296386036412788,4.449502997067881,0.059905342757701874
1033,38,0.23999573290348053,9455,25.276854483085266,5.330071609268274,4.742310485871801,0.4032093584537506
1034,38,0.027524719014763832,12909,3.805084646440656,1.4091065433157348,2.7003526912055222,0.08915695548057556
1035,38,0.024860478937625885,8614,3.8269336325760595,0.8858917931481047,4.319865769353557,0.11651729792356491
1036,38,0.3299504518508911,21897,29.29712083230879,12.588693569963683,2.3272566505398684,0.4230501353740692
1037,38,0.01720321923494339,37837,1.109718054800057,0.41501734182475514,2.673907673154467,0.07711852341890335
1038,38,0.007594032678753138,24758,0.3833107527876324,0.13335539424074744,2.8743550642785727,0.0412323959171772
1039,38,0.0037476117722690105,2348,0.5113263263482589,0.12262848663050196,4.169718964931795,0.0222100131213665
1040,38,0.3382687568664551,14725,4.177249718046689,3.240700134576788,1.288996063991252,0.36002787947654724
1041,38,0.04072133079171181,16268,7.635906986108537,1.7162161718442934,4.449268752606107,0.15600961446762085
1042,38,0.003195839235559106,5354,0.18296941152798807,0.12529631170518343,1.4602936753401532,0.009273417294025421
1043,38,0.02016206458210945,12684,2.404075531799906,0.4149349520037336,5.793861230982731,0.09911081194877625
1044,38,0.11447672545909882,21153,3.868997909172665,1.392684812302683,2.7780858059138565,0.2130136638879776
1045,38,0.23196859657764435,5246,37.42040054507292,9.780575261579353,3.825991779038415,0.3752329349517822
1046,38,0.188688725233078,11757,16.00436151187387,4.661627867466972,3.4332130249098713,0.3656606078147888
1047,38,0.216060608625412,13163,11.199041625301163,5.848142167869323,1.9149742437570458,0.36075612902641296
1048,38,0.04338449984788895,16387,3.8340806370870215,1.5022915450796372,2.5521548394797247,0.13299614191055298
1049,38,0.01063303928822279,12109,1.6059238503481938,0.3825517108319491,4.197926201536349,0.05053490400314331
1050,38,0.9568310379981995,7104,27.173925760032038,9.456684410126071,2.873515132949953,0.5602201223373413
1051,38,0.015986017882823944,9833,1.2091813674202414,0.37059370884787357,3.262822164942201,0.06706573069095612
1052,38,0.058934587985277176,10317,6.3357117185813125,2.066573336955267,3.065805410957642,0.14825229346752167
1053,38,0.018394596874713898,11559,1.0408247151768752,0.3583135411180207,2.904787555408478,0.07024264335632324
1054,39,0.013900108635425568,10765,0.5619432024781871,0.2833869048676675,1.9829540208945555,0.054927825927734375
1055,39,0.0145177086815238,42346,0.507528137404583,0.1829650053531584,2.773908247766725,0.07511686533689499
1056,39,1.3602607250213623,33987,35.02423128841515,15.884430194238618,2.204940993169302,0.8660000562667847
1057,39,0.024716580286622047,23759,2.299943703501778,0.6159327028724276,3.7340827865969146,0.11953242868185043
1058,39,0.0019497120520099998,5694,0.2866368719955186,0.11787264734384824,2.431750524419238,0.0060182795859873295
1059,39,0.0037812762893736362,2049,0.420724642601384,0.14157639888722193,2.9717145364995226,0.03810693323612213
1060,39,0.028155876323580742,2152,1.2179056813160292,0.5189697742845097,2.3467757500767314,0.11053352057933807
1061,39,0.007822376675903797,10073,0.43599778513942666,0.23811765500991486,1.8310183052971916,0.05038069188594818
1062,39,0.26406824588775635,32638,30.406012131366758,9.850199839478638,3.0868421582168666,0.4179917573928833
1063,39,0.01798751763999462,27986,0.7850229710055632,0.36763178795594564,2.1353511766982987,0.07490433752536774
1064,39,5.025254726409912,4549,72.35676178883149,36.87340503903373,1.9623021446550315,1.3811469078063965
1065,39,0.01747540757060051,5080,2.9581548251926706,0.8187612951024528,3.6129636841454498,0.08250154554843903
1066,39,0.10414721816778183,22271,24.341571127624448,5.880183745875971,4.139593621490504,0.22434070706367493
1067,39,0.009474645368754864,5297,0.786127694628884,0.4434774877872161,1.772643970158642,0.057539381086826324
1068,39,0.00861350167542696,16164,1.2176480324303747,0.24599907499638074,4.9498073618502,0.029600229114294052
1069,39,0.005823241081088781,14430,0.3094356496683814,0.13061723098492367,2.3690262558217037,0.041688911616802216
1070,39,0.04437573626637459,16560,3.903972847010181,1.030784724769937,3.787379414142685,0.13094936311244965
1071,39,0.0023021376691758633,15434,0.25438861510571936,0.11319789438866562,2.247291051457435,0.004803108982741833
1072,39,0.020892338827252388,44456,1.7028553600524425,0.5558458053630839,3.0635391031458035,0.0931655764579773
1073,39,0.03442082554101944,15466,1.9514588840860652,0.6463899221540401,3.019011926392623,0.13356254994869232
1074,39,0.21011188626289368,16303,6.453156625888526,2.5661748590437408,2.5146987170978345,0.31345492601394653
1075,39,0.01061415858566761,19323,0.2663960205979334,0.13356950713325236,1.9944374005226766,0.05477326735854149
1076,39,0.008482431061565876,4957,0.575187074250497,0.3132338768823233,1.8362862918072838,0.03789849206805229
1077,39,0.001158782048150897,12109,0.11705799099040338,0.03927106843051817,2.9807691938540435,0.015245571732521057
1078,39,0.10167001187801361,8744,25.05538542644405,4.8440890455049335,5.172362685960324,0.26477205753326416
1079,39,0.004212676547467709,2667,0.27262870518296145,0.09301839510335297,2.930911728557691,0.02677343785762787
1080,39,0.01188251655548811,3460,1.514045285342819,0.5993014902648137,2.5263499422824407,0.033533286303281784
1081,39,0.006455255206674337,21310,0.2716722181600596,0.20047645029453767,1.3551328236287443,0.04901912435889244
1082,40,0.05101995915174484,14619,3.2612498785854074,0.8943212411827738,3.646620172264537,0.15315543115139008
1083,40,0.00795082189142704,10973,0.8174565326439347,0.35575245722716853,2.297823995407131,0.024076558649539948
1084,40,0.6680558323860168,9250,36.80000484303532,12.036784493804785,3.057295315204228,0.5981730222702026
1085,40,0.016283871605992317,19528,1.3672310086551418,0.43224931178889525,3.163061157908138,0.09009075164794922
1086,40,0.5460928082466125,3173,48.19899951962661,11.892582461497058,4.052862334624938,0.49735260009765625
1087,40,0.04599190503358841,19186,9.397967471885515,2.022487037471142,4.646738049620238,0.1523808389902115
1088,40,0.0011995231034234166,2434,0.14545330844549714,0.04615482671809394,3.1514213958758965,0.009578915312886238
1089,40,0.46834951639175415,33297,8.038802933285318,3.6879663899983712,2.179738664398915,0.46681660413742065
1090,40,0.03000457026064396,14773,3.1408044564521775,0.8492095014682361,3.6985036684330574,0.07224803417921066
1091,40,0.37960973381996155,15027,9.087633520770114,3.0326365607520853,2.99661147609241,0.371407151222229
1092,40,0.5556159019470215,14696,106.57063751924346,19.726895345715224,5.402301560969437,0.6161439418792725
1093,40,0.45402610301971436,21638,8.792418630065091,5.8552346377895645,1.5016338667826392,0.45335569977760315
1094,40,0.007795901969075203,18527,0.7874580160182119,0.2096624044093037,3.755837954033846,0.060189686715602875
1095,40,0.004690641537308693,9940,0.26488378835441756,0.16571345026498394,1.598444712419281,0.02126043103635311
1096,40,0.03607192635536194,21723,4.051977056501659,0.9178510124025957,4.414634839145258,0.11860251426696777
1097,40,0.07787764817476273,13650,17.15931460277243,3.4025236219170636,5.043114026376521,0.17847733199596405
1098,40,0.004420378711074591,11956,0.26397002988096424,0.10306551265103953,2.561186793609187,0.012769543565809727
1099,40,0.0005389460711739957,15584,0.025463822886874165,0.014015669637292224,1.8168110082521087,0.005006313789635897
1100,40,0.5760238170623779,27826,44.45059582000798,11.549444129447314,3.8487216632937007,0.48260390758514404
1101,40,0.012194906361401081,16399,0.579165424602259,0.33342042841397795,1.737042410255153,0.057028789073228836
1102,40,0.0018098736181855202,15606,0.07433996215729974,0.03568533396207822,2.0832076907060886,0.014851035550236702
1103,40,0.004625897388905287,14320,0.298280863075033,0.11159335767418303,2.672926680306949,0.02826988697052002
1104,40,0.010127473622560501,35995,0.27351763777155247,0.09376041501687436,2.917197387825229,0.06396839022636414
1105,40,0.013170693069696426,8439,0.45283653679944647,0.39031960634343565,1.1601685629900003,0.08377629518508911
1106,40,0.010608318261802197,18622,0.3220894996940444,0.12367368611564508,2.6043494764946185,0.05645434930920601
1107,40,0.0006910840165801346,12741,0.014679397211543046,0.01776389700585273,0.8263613105773028,0.003033632645383477
1108,40,0.0011615531984716654,3723,0.03917976599503625,0.031033458582423866,1.262500790548806,0.007084413897246122
1109,40,0.029476141557097435,3700,2.6116918454631617,0.8131964678354602,3.211636976746427,0.12313093990087509
1110,41,0.0008488767198286951,3723,0.040520474989353024,0.022617282855635985,1.7915713061644,0.007728930097073317
1111,41,0.005850810091942549,10403,0.33676130729522297,0.14010290931129918,2.403671051145401,0.03549356386065483
1112,41,0.17576369643211365,13466,26.254101242143207,8.106726642339408,3.2385576078292013,0.3206230401992798
1113,41,0.012834672816097736,13349,0.4945854627359808,0.4886544016387491,1.0121375374422683,0.04791691526770592
1114,41,0.5666440725326538,5862,35.58874937438067,7.872577187641065,4.5205970708354455,0.5796314477920532
1115,41,0.011005635373294353,36174,0.6076613564351351,0.1599426074661399,3.7992462800131523,0.06727749109268188
1116,41,0.010669177398085594,24917,0.3526414210120341,0.12373567008812995,2.8499576618287796,0.07102854549884796
1117,41,0.014227207750082016,9174,1.3460823930915045,0.7180043825977902,1.8747551208801947,0.06921383738517761
1118,41,0.00807982124388218,7614,0.5660431322743614,0.19506929835574652,2.901754079410132,0.06095447018742561
1119,41,0.29115715622901917,8765,35.14194500637705,8.390899042229996,4.188102470248934,0.4191654622554779
1120,41,0.026003889739513397,8625,1.584627559478565,0.6204138366893029,2.5541460647170844,0.09113523364067078
1121,41,0.41324540972709656,19266,68.69340710501078,17.44345270341278,3.938062508207856,0.5222596526145935
1122,41,0.015468769706785679,5928,3.406322233501819,0.698891013119172,4.87389617201461,0.07466290891170502
1123,41,2.1148452758789062,29704,44.416377330851134,19.03661072459197,2.3332082571542325,0.9593722820281982
1124,41,5.06965970993042,9465,157.32232041271612,63.50179909948251,2.4774466651921316,1.3689863681793213
1125,41,0.07216306030750275,16229,18.75290504838974,3.7546109034884205,4.994633406876159,0.19363947212696075
1126,41,0.5818969011306763,48779,35.09019488894348,7.809090261815846,4.4935061207474725,0.5059298276901245
1127,41,0.01613335683941841,18998,3.7256976709574934,0.6330009201398966,5.885769755481886,0.0898926630616188
1128,41,0.8114921450614929,24257,105.3672798922158,24.362560746383785,4.324967354174848,0.7249212861061096
1129,41,0.030788272619247437,8391,5.1699801658986875,0.9336424353076868,5.5374305733965015,0.1135893166065216
1130,41,0.4661424458026886,2925,46.578269141858975,16.01991014875809,2.9075237444741195,0.5204265117645264
1131,41,5.702563285827637,1270,150.08836589880295,48.68918201096971,3.0825813805001867,1.4057751893997192
1132,41,0.018291402608156204,10265,1.2595724741406467,0.4293623986627999,2.9335882183919866,0.09524581581354141
1133,41,0.0025600120425224304,20940,0.1349906562954427,0.05435572029981206,2.4834673434256005,0.031150294467806816
1134,41,0.03819911554455757,17368,4.172925495375966,1.451276954521088,2.8753474534088013,0.14751890301704407
1135,41,0.0025406929198652506,26404,0.21592061055415224,0.08061583605854634,2.6783895213176714,0.00878691952675581
1136,41,0.006141400896012783,21698,0.5959389891904241,0.24853911294199324,2.397767426357207,0.021018054336309433
1137,41,0.07419773936271667,6496,5.851224474446585,2.0686313083422636,2.828548736958228,0.19684067368507385
1138,42,1.2471256256103516,34891,34.17304310419918,18.998922012562687,1.7986832664295949,0.8414219617843628
1139,42,0.1688649207353592,12554,15.106043009361953,4.97448148794905,3.0367070509668435,0.315583199262619
1140,42,0.010940100997686386,18465,1.4383398173626287,0.32715414269527265,4.396520262615082,0.05326763167977333
1141,42,0.004361872561275959,7818,0.28374042186049636,0.12996323593588266,2.183236049911041,0.038437359035015106
1142,42,1.5377836227416992,17375,73.03644477675063,16.154453374043342,4.521133775662111,0.8152993321418762
1143,42,0.19299563765525818,26610,20.870286238017695,4.7178202643112614,4.423713721332293,0.31724774837493896
1144,42,3.9537391662597656,13879,134.9282288965237,47.06367145079476,2.866929517761673,1.2324931621551514
1145,42,0.006112028378993273,9447,0.274194677226158,0.10291156148001661,2.664371944999948,0.0481586828827858
1146,42,0.3716981112957001,3430,19.239525261180418,6.28319914640846,3.0620588036231293,0.4636809527873993
1147,42,0.0008303664508275688,3173,0.04473398659250841,0.03314350782008574,1.3497058559398731,0.003384196665138006
1148,42,0.06074990704655647,29664,2.262770544919994,2.5030960558628506,0.9039886981640755,0.17830903828144073
1149,42,0.23051081597805023,6149,36.09355045941463,5.488833815961716,6.575814038028766,0.36335447430610657
1150,42,0.33297473192214966,14935,13.382161442504168,5.190175197895021,2.578364107617984,0.3452053666114807
1151,42,0.011282789520919323,5655,0.464289583333064,0.2959525566601217,1.568797338908261,0.07723008096218109
1152,42,0.004525640048086643,22364,0.3478119962062023,0.16487303167958714,2.1095748204595863,0.04085458442568779
1153,42,0.0028601805679500103,19400,0.20559782753070763,0.09652975063970758,2.129890797045164,0.019862454384565353
1154,42,0.5655245780944824,6647,32.863494600313196,11.525089549720082,2.851474121613964,0.5917412042617798
1155,42,0.031427543610334396,6240,5.222724908396958,1.6965880802608593,3.0783694458061137,0.1326054334640503
1156,42,0.10760699212551117,36086,1.5737122130159196,0.8382863086642849,1.8772968098710523,0.19720877707004547
1157,42,0.05620885267853737,19332,5.973193686479688,2.0486944445480284,2.915609842342568,0.18199452757835388
1158,42,0.10543803125619888,13943,7.995751683428924,3.068463715387043,2.6057833577535945,0.25390496850013733
1159,42,0.008757233619689941,14850,0.11769031893894896,0.24078586578222128,0.48877586130784423,0.020451243966817856
1160,42,0.0931488648056984,19922,5.85016104974023,2.2215722702237244,2.633342668230394,0.19910478591918945
1161,42,0.038132194429636,14693,5.165430023520733,1.7722802668818247,2.914567249911296,0.08991196751594543
1162,42,0.18973402678966522,5565,27.343713169638956,8.412987472342294,3.2501787574899157,0.34852781891822815
1163,42,0.04529901593923569,21809,5.855218577880374,1.3371838857291596,4.378768425468404,0.13205525279045105
1164,42,1.0074063539505005,10083,53.98143760102736,20.9955662461418,2.5710874842894302,0.8380565643310547
1165,42,0.005545586813241243,9258,1.4122629253643817,0.3569610252711693,3.956350484727526,0.016924403607845306
1166,43,0.4430362582206726,23968,47.236238281985415,11.095102999294765,4.257395202638824,0.5402424931526184
1167,43,0.010662471875548363,6205,0.17919509217713084,0.24434199778870724,0.7333781903975221,0.02181665226817131
1168,43,0.3802170753479004,47282,13.547644851795598,4.339040204208038,3.122267647728605,0.44790616631507874
1169,43,0.14595556259155273,8841,42.935171538942114,6.529342397196133,6.575726761912962,0.273196816444397
1170,43,0.028724683448672295,8175,0.8442653212645341,0.6166329405934167,1.3691537796386393,0.0984179675579071
1171,43,0.005191942676901817,18297,0.7720941379229127,0.1642822450263206,4.699802695017415,0.034965407103300095
1172,43,0.18830761313438416,17034,50.302432513755754,13.322603870646745,3.7757207976874305,0.34936848282814026
1173,43,0.033889058977365494,7134,1.2704460721340864,0.6937852341476461,1.8311806155590342,0.06053823605179787
1174,43,0.019679361954331398,11674,8.041483137447065,1.2110485212883868,6.64009987715885,0.09113769978284836
1175,43,0.04329070448875427,17776,3.023219847422734,0.8354537509990457,3.6186561420113468,0.1307874619960785
1176,43,0.00741927232593298,4665,0.8253361147327697,0.34622830029097096,2.3837916023524706,0.05972013249993324
1177,43,0.007409766316413879,3225,0.7402832498244601,0.23129443173471317,3.200609907766129,0.04286634176969528
1178,43,0.0014210757799446583,15467,0.12392082249538743,0.06570591226576022,1.8859919635889046,0.01080078911036253
1179,43,0.026216324418783188,30846,1.6542207774710291,0.4451698998347684,3.7159313288730944,0.11035316437482834
1180,43,0.32314571738243103,14946,81.40023670212926,12.617642861373325,6.451302957013881,0.4826885163784027
1181,43,0.013268901035189629,18418,1.4273489915975148,0.2928561756701393,4.8738907018998505,0.0784044861793518
1182,43,0.013135017827153206,22353,0.8738831817787441,0.3207683922082581,2.7243431803238685,0.0522419735789299
1183,43,0.021009735763072968,6912,2.7171352458230436,0.5776555021774592,4.703729533564833,0.09171734750270844
1184,43,0.021892791613936424,14725,1.5123981851412147,0.6467583902614139,2.33842839600052,0.07507599890232086
1185,43,0.007767184637486935,19493,0.3767751164712323,0.14569335893018023,2.586082984394683,0.05911532789468765
1186,43,0.9820346832275391,10769,39.66880711355979,9.854544009802206,4.0254330463284385,0.6484867334365845
1187,43,0.06527707725763321,14362,3.4750852725332932,1.2838686824660974,2.7067295277080268,0.17144238948822021
1188,43,0.3628493547439575,4190,16.691545660402124,3.5803609203290256,4.661972921675045,0.431069016456604
1189,43,0.0947050005197525,13971,8.625089783136511,2.9635976748563833,2.9103443616217493,0.2628365755081177
1190,43,0.010650627315044403,12514,0.6271352057901575,0.13919769907871152,4.505356122524904,0.06831184774637222
1191,43,0.7066541314125061,31420,25.021702006251058,11.045282375781664,2.2653745875354345,0.6564986109733582
1192,43,0.015726150944828987,5647,1.6509742923635722,0.5163467210036425,3.197414111880703,0.09265334904193878
1193,43,0.02417026460170746,5354,9.421836131763069,1.6961297221694052,5.554903029295824,0.08901336044073105
1194,44,0.006112070754170418,14104,0.1682632714110918,0.14421968420424985,1.1667150177060692,0.04065893962979317
1195,44,0.13413742184638977,11623,22.710711750689306,4.001281982889891,5.6758588491883835,0.2833189368247986
1196,44,0.018401825800538063,12852,3.009313431820227,0.5907521226441855,5.094037442211046,0.09463074803352356
1197,44,0.011278849095106125,19560,0.4313726154114403,0.13259871196362116,3.253218745643135,0.07128938287496567
1198,44,0.013508611358702183,10731,1.844782007049695,0.4044775782336898,4.560900545095971,0.0691065788269043
1199,44,1.9377402067184448,11407,154.58309608033298,46.24382943848526,3.3427831984797036,1.0346198081970215
1200,44,0.01492517814040184,4469,2.606034933680866,0.821450525196812,3.172479478363364,0.0571325421333313
1201,44,0.07765664905309677,10643,6.477981246333766,1.1319606450873463,5.722797231902154,0.2010105550289154
1202,44,0.2955224812030792,31672,45.42291772969657,9.143738223871916,4.967652902737768,0.43897679448127747
1203,44,0.14150628447532654,15013,11.599715762120207,5.512024265671532,2.104438442762353,0.3143776059150696
1204,44,0.0011530470801517367,3580,0.05241642131237756,0.061369939432389116,0.8541058015752208,0.0032812943682074547
1205,44,0.7465201616287231,6592,33.45663879844431,12.794450215202348,2.6149336810649797,0.6057848930358887
1206,44,0.07676125317811966,4421,15.671578523338358,3.49671802478213,4.4817964766576575,0.19115443527698517
1207,44,0.032262835651636124,12320,6.431500055403943,1.247360647638531,5.1560870286991385,0.10973525047302246
1208,44,0.05288008227944374,8364,4.6757151663584615,1.0320776023131182,4.530391082874583,0.1417427659034729
1209,44,0.09981945157051086,2319,17.662785709608315,3.4146070705940432,5.172713973947909,0.2568482458591461
1210,44,0.27869921922683716,36194,53.63741160635363,13.624665038127903,3.936787543491766,0.38132521510124207
1211,44,0.007310596760362387,10694,0.847926786645195,0.22032569971061092,3.8485151199114074,0.0501142293214798
1212,44,0.0925692692399025,6629,21.48847759125343,5.622194181070215,3.822080294487296,0.2522134780883789
1213,44,0.00022786104818806052,3358,0.02626258357610208,0.01786537935804939,1.4700266391376255,0.0005404889234341681
1214,44,0.06561703979969025,14467,21.34313517141816,2.9892542725162006,7.139953053724489,0.16674132645130157
1215,44,0.07049978524446487,35811,11.124741454820107,2.682216320904448,4.147592932051311,0.15381836891174316
1216,44,0.012956008315086365,26987,1.942103423848402,0.4131242039957252,4.701015832671467,0.07715214043855667
1217,44,0.022136839106678963,24265,3.4739433109055784,0.7494055588174475,4.635598535434914,0.07401338219642639
1218,44,0.27037933468818665,25832,41.178997545689775,7.44533091986246,5.530848526266037,0.41470104455947876
1219,44,0.005943051539361477,16995,0.25198649399854967,0.10197678721176569,2.4710181687995503,0.02746719866991043
1220,44,0.0011300418991595507,14309,0.059209756482855175,0.023037212280791853,2.570178880960062,0.0146531006321311
1221,44,0.07709156721830368,23256,18.181572541403305,3.5177985268466325,5.168451917482655,0.17301078140735626
1222,45,0.015760168433189392,22138,2.1662408214633775,0.7314314981057474,2.961645522609459,0.05788585543632507
1223,45,0.029426248744130135,2664,11.268370824137797,1.631783524097264,6.905554969593644,0.10663154721260071
1224,45,0.10582555085420609,24070,7.24213904042778,1.5803128074584645,4.582725018896959,0.2381891906261444
1225,45,0.21488164365291595,12622,4.0944644217243615,1.9133906234419427,2.139899909385366,0.26015421748161316
1226,45,0.002269009593874216,17934,0.03510980054205293,0.035614537888586116,0.9858277720997533,0.019264088943600655
1227,45,0.2742690145969391,15172,28.567961389803738,7.813535561958742,3.6562144196139683,0.3883572220802307
1228,45,0.11697733402252197,15733,36.75736998273155,8.08789461065089,4.544738989838157,0.24685418605804443
1229,45,0.007483101449906826,6985,0.3456460075832212,0.11650333229601047,2.966833658474597,0.05046584829688072
1230,45,0.0430036336183548,11747,5.322547655946501,1.7781202012324,2.993356496514968,0.16008059680461884
1231,45,0.017229735851287842,21719,2.9492242472016446,0.6072992558481598,4.856294847715356,0.07278630137443542
1232,45,0.022201599553227425,15221,5.244338297892757,1.0355772008729316,5.064169328435407,0.08156624436378479
1233,45,0.006876803003251553,29425,0.33070696233081287,0.07885228640047073,4.194006000625552,0.05765208601951599
1234,45,0.00577344698831439,6143,0.1786054706483181,0.11540021596743032,1.5477048214292655,0.028587860986590385
1235,45,0.03979136049747467,15798,4.301449092391772,1.299757589549501,3.309424101058225,0.14977295696735382
1236,45,1.194009780883789,12322,162.60145871126585,42.22728684119777,3.8506252917159913,0.914611279964447
1237,45,0.016522808000445366,7217,1.416666236578416,0.33283912237727503,4.25630925371916,0.09195919334888458
1238,45,0.4987863004207611,5776,119.87431569150627,16.34905131880259,7.332187865459497,0.5451191067695618
1239,45,0.025566939264535904,9064,2.018989888869441,0.4466220138249775,4.520578534796817,0.115435391664505
1240,45,0.013642773032188416,11240,2.7208951182657723,0.6681988613928418,4.071984068620037,0.06919876486063004
1241,45,0.0028446726500988007,14552,0.22008858421264715,0.07479670647737843,2.9424903124079185,0.027860654518008232
1242,45,0.0021902183070778847,1330,0.17161936063491945,0.08462550468657672,2.027986258616827,0.00680173933506012
1243,45,0.0012921495363116264,17384,0.055304322695676145,0.022721007104412945,2.4340612385311347,0.010531328618526459
1244,45,0.017043931409716606,32509,1.261663618743625,0.28085042007734257,4.492297424343133,0.08982627838850021
1245,45,0.007473975885659456,13971,1.2786714145979043,0.25499496770752106,5.014496662771497,0.06606023758649826
1246,45,0.019706537947058678,22199,2.068133665167541,0.5648703207021525,3.6612539008831644,0.0868074968457222
1247,45,0.0006607857067137957,4613,0.14729915358642873,0.042928272289050565,3.43128539138921,0.004778213798999786
1248,45,0.03018338978290558,15513,3.5942076018552003,0.7453422350228439,4.8222245204449194,0.09883206337690353
1249,45,0.05361412838101387,41889,10.888972984911547,2.6452588458002055,4.116411141463721,0.14331507682800293
1250,46,0.00240334146656096,7913,0.3972087312992268,0.06634306929200637,5.98719256633939,0.02307198941707611
1251,46,0.0009063248871825635,2049,0.23677403965727625,0.05370552613054814,4.408746300656545,0.005050535313785076
1252,46,0.004121101461350918,2348,0.7117562243321836,0.20425998504524595,3.4845602488957232,0.007409251760691404
1253,46,0.40278875827789307,12066,6.334749498481424,3.0152828071118387,2.100880714584449,0.30792635679244995
1254,46,0.00275278533808887,10924,0.19246381419544803,0.055548012630320415,3.464819083139051,0.024257782846689224
1255,46,0.01842314936220646,23056,0.4506808494745152,0.18097244330060655,2.490328589548939,0.09848964959383011
1256,46,0.00296186120249331,3322,0.2981150727849837,0.10256669018017645,2.906548629563707,0.012178693898022175
1257,46,0.01638350822031498,30060,1.6632100818867297,0.3971916873463763,4.187424195592789,0.07872087508440018
1258,46,0.009885515086352825,11919,1.5465802769278179,0.5498916696326457,2.8125181055355797,0.05137640982866287
1259,46,0.004790057428181171,18669,0.5102041703949921,0.129151276410453,3.9504384669770696,0.028887612745165825
1260,46,0.04196203127503395,15287,6.240067791694111,1.2259696309549335,5.0899040515616205,0.14623971283435822
1261,46,7.036735769361258e-05,715,0.009979375275560042,0.0037439869347445534,2.665440731185532,0.0005694589926861227
1262,46,0.019734272733330727,14334,8.058912795130402,1.3413039774822593,6.008267276036602,0.10041308403015137
1263,46,0.001153409481048584,13201,0.10757593897898159,0.02721360418267178,3.9530206382411994,0.016740921884775162
1264,46,0.006432041525840759,9088,0.8996948069112246,0.2170406727442612,4.1452820594930095,0.06044953316450119
1265,46,0.007316958159208298,20900,0.3844133497506918,0.18578811432511536,2.069095491630471,0.032677169889211655
1266,46,2.5412216186523438,10054,41.4830934948232,18.03835297305414,2.299716252187145,0.97674560546875
1267,46,0.0009182452340610325,11905,0.021361342817189665,0.026516005624185646,0.8056018360812257,0.0033426207955926657
1268,46,0.033378325402736664,15082,7.108863627735216,2.0113021168768466,3.534458382995359,0.09422298520803452
1269,46,0.0038262305315583944,8767,0.34554182481463275,0.08698943319778822,3.9722275695830858,0.03730843961238861
1270,46,0.005243776831775904,24957,0.6052709933316676,0.12302635326765132,4.919848286569494,0.036701750010252
1271,46,0.1606106460094452,23438,65.03146774351899,10.61155679713197,6.128362594364023,0.3102683126926422
1272,46,0.017678353935480118,33165,1.6083603410315883,0.2835895912868045,5.671436436464001,0.08690236508846283
1273,46,0.00885623600333929,41023,1.5547673957270616,0.2487855075354212,6.249429121185646,0.06545957177877426
1274,46,0.04657413810491562,39490,17.249208293945085,3.134147453993243,5.503636490351538,0.15508519113063812
1275,46,0.007958989590406418,9592,0.6783163336921915,0.16676568609036388,4.06748144411777,0.05856792628765106
1276,46,0.3731955587863922,4580,21.528788610001673,5.578234782366708,3.859426763113703,0.4408491253852844
1277,46,0.0020470451563596725,23801,0.06869182129914404,0.03659475236466415,1.877094852637825,0.014732806012034416
1278,47,0.005238167941570282,7010,0.8330495629352528,0.14950814019966574,5.5719344901030565,0.041399043053388596
1279,47,0.00601360434666276,22615,0.4119069112823916,0.09489404551171167,4.340703455700115,0.04063012823462486
1280,47,0.001812704256735742,5864,0.3218538138445584,0.06457943744466105,4.983843566543533,0.01967589184641838
1281,47,0.015715021640062332,26903,1.5713682658527812,0.32101738255396867,4.8949631741007416,0.08933453261852264
1282,47,1.0174362659454346,2949,36.19465400465596,9.658120519685019,3.7475877351997084,0.5382975935935974
1283,47,0.0006285341805778444,16027,0.06154763411984505,0.02022326995786445,3.043406642201645,0.006272799801081419
1284,47,0.7388490438461304,11278,47.16293855816316,11.285318983566766,4.179140937605378,0.5985124111175537
1285,47,0.00531680416315794,25728,0.2970810225523834,0.11810986401983221,2.515293917364804,0.03382093086838722
1286,47,0.004180837422609329,18002,0.36525775202231775,0.07674647400442806,4.7592773056451305,0.03134956583380699
1287,47,0.0001845794467953965,8354,0.010824511519433085,0.008047822433031546,1.345023651821622,0.00032142532290890813
1288,47,0.004604082088917494,9289,0.733109459155847,0.2087695702046249,3.511572392632606,0.00947740487754345
1289,47,0.018518323078751564,15931,0.9466646155880072,0.4575290819414671,2.0690807490725747,0.07199878990650177
1290,47,0.04810979217290878,19439,15.927648992916554,2.8737916467903175,5.542381268558664,0.16716836392879486
1291,47,0.12441948056221008,16080,23.432017587958125,6.311167132573001,3.7127867311606764,0.2636350393295288
1292,47,0.017856406047940254,35459,2.606870900208088,0.45907577090473745,5.678519898937031,0.08648981899023056
1293,47,0.016634836792945862,10185,3.2170506407952755,0.5003129062282922,6.430077259132126,0.09199149161577225
1294,47,0.003922364674508572,6361,0.26804396182781115,0.09823861370935356,2.728499026035843,0.02266262285411358
1295,47,0.4145629107952118,14326,113.64041338679301,27.053845484030997,4.200527183977119,0.5228457450866699
1296,47,0.0013145888224244118,7282,0.18740974678022884,0.0386337075998059,4.850938685893027,0.012304918840527534
1297,47,0.016187777742743492,36399,4.8585761784386134,0.8734332016432524,5.562619063818806,0.08492618054151535
1298,47,0.06140295788645744,26874,11.404296707752295,1.791484021744121,6.365837802250191,0.1839783936738968
1299,47,2.266483783721924,23271,125.49072814983991,31.59709489592492,3.971590697283392,0.8823080062866211
1300,47,1.3198881149291992,8122,109.36050796860513,24.147818231819205,4.5287945651544605,0.6849193572998047
1301,47,0.0050250389613211155,17966,0.8019993147672446,0.16375577998906926,4.897532867639119,0.035576071590185165
1302,47,0.001504405401647091,12242,0.09780111059181183,0.03379311238614737,2.8941137315605414,0.008709793910384178
1303,47,0.005297260824590921,5518,0.06615857259171819,0.13955060514208653,0.4740830218821573,0.012619169428944588
1304,47,0.004991699010133743,14336,0.7497268815251259,0.15974929511410338,4.693146727094657,0.04659086465835571
1305,47,0.00287269102409482,16019,0.6306717301248977,0.12229180703837574,5.157105331854593,0.04172149673104286
1306,48,0.002235991647467017,2268,0.10798245592811784,0.0864801815230316,1.2486381738006767,0.0033700333442538977
1307,48,0.00850116927176714,19265,2.3129160738714596,0.47614285111171006,4.857609577601236,0.028183668851852417
1308,48,0.027694113552570343,2319,4.2981936009458375,1.0286541332596373,4.178463355142883,0.11912129074335098
1309,48,2.5504095554351807,5246,79.24889712369021,22.33444065579316,3.548282150649289,0.7170412540435791
1310,48,0.01670050248503685,20402,6.035051956017442,0.9736782801007149,6.198199219753565,0.07633689790964127
1311,48,0.07915887981653214,38814,17.157837507675314,3.538845744102244,4.848427636685015,0.24117855727672577
1312,48,0.009586573578417301,11876,0.4929370017491596,0.19071080899851284,2.584735518323027,0.04470381885766983
1313,48,0.0033158224541693926,16429,0.31019777793469805,0.08754866458446978,3.5431468818335436,0.0336177758872509
1314,48,0.007595096714794636,5774,0.6790346539999763,0.18067451911427868,3.758331043719125,0.056687626987695694
1315,48,0.04825963079929352,24922,34.01307337122825,4.718926566705551,7.207798826792673,0.12577882409095764
1316,48,0.09045334905385971,4720,8.296228990717777,3.255682862838891,2.5482300765256602,0.217511847615242
1317,48,0.014855650253593922,21329,0.8862402881261954,0.27273377122529097,3.2494702953044627,0.08517863601446152
1318,48,0.0061312331818044186,22181,0.6189279762698848,0.1453885455532669,4.257061475581425,0.045915041118860245
1319,48,0.0048264404758811,16356,0.20848330027445744,0.11575649759879221,1.8010505206822331,0.03451172634959221
1320,48,0.003978859167546034,31427,0.5245489021722798,0.14283689601335414,3.6723627914706727,0.023092297837138176
1321,48,0.0009754378697834909,18439,0.10117616902081011,0.022236197085996914,4.550066210735964,0.00943099707365036
1322,48,2.49709153175354,6227,232.76475181504762,46.78996756362245,4.974672220033959,1.1542401313781738
1323,48,0.03182261064648628,24521,3.4888695437577812,0.7775803458634748,4.486828354540046,0.13496825098991394
1324,48,0.0020144556183367968,26422,0.38891277802793167,0.08898970238094801,4.37031215543007,0.027720727026462555
1325,48,0.0011166688054800034,5021,0.04837745831055869,0.03473853473859806,1.392616547393226,0.01807982847094536
1326,48,0.012819940224289894,37934,0.6565847451366392,0.19576792850578223,3.353893306961627,0.0755259320139885
1327,48,0.006925815250724554,15177,0.4273555419243787,0.15470056524668627,2.7624691690049934,0.038765132427215576
1328,48,0.005324294790625572,9034,0.3432243836938485,0.11243973219182075,3.0525186871244014,0.03418309614062309
1329,48,0.0059813144616782665,16839,0.21492796894453825,0.17938687807096873,1.198125365994221,0.02218036539852619
1330,48,0.28097617626190186,4688,72.98718985423673,13.829319775106013,5.277713657732811,0.44044890999794006
1331,48,0.012282545678317547,15194,1.0241599990674723,0.25887063941073774,3.9562617120071706,0.07425279170274734
1332,48,0.08773244917392731,11672,27.441750720715547,6.0174214823049965,4.560383679522365,0.23783621191978455
1333,48,0.008674786426126957,8357,1.0904890768185322,0.31282144568083453,3.485979276266278,0.04895143583416939
1334,49,0.0024492947850376368,29881,0.17429012880560465,0.06080050896840332,2.866589963799691,0.03028346598148346
1335,49,0.0008672779658809304,18181,0.05493088827680509,0.019938578883600483,2.755005188420467,0.006067645736038685
1336,49,0.032074857503175735,3649,6.964345866075236,1.4006810625267505,4.972113961123292,0.12548820674419403
1337,49,0.0062849209643900394,5957,0.8572985445277076,0.20904933151855967,4.1009389424787255,0.059561554342508316
1338,49,0.00510790478438139,12163,1.1385480181956378,0.36788711993618894,3.0948297901541846,0.04680274799466133
1339,49,0.00626627029851079,19358,0.85334919369642,0.1643781513045199,5.191378458262075,0.05580197274684906
1340,49,0.04917998984456062,15555,6.080614849926265,1.7163906382839316,3.542675376045045,0.1641857922077179
1341,49,0.03476884961128235,20330,8.158187460714348,2.993206367920383,2.7255679889455,0.12312465906143188
1342,49,0.004992611240595579,21949,0.3269119774598353,0.08268887506038304,3.953518260070128,0.03606565296649933
1343,49,0.0010002505732700229,6157,0.08553715676805804,0.031522822414349255,2.7134993066613173,0.00785656925290823
1344,49,0.0396372452378273,20271,4.187181375253097,0.8520359173132763,4.914324959975415,0.14794068038463593
1345,49,0.01920618861913681,19881,2.0279227368990784,0.6273723508416058,3.232406933737889,0.0934089794754982
1346,49,0.006528735626488924,22685,0.48277131062346756,0.14887686442646075,3.242755766519348,0.047051187604665756
1347,49,0.0009552969131618738,5910,0.09589921073064599,0.03955426951280867,2.4244970747637473,0.0102075869217515
1348,49,0.6071223616600037,813,110.50281918104332,31.519758257965766,3.5058269887940283,0.6728768348693848
1349,49,0.11633235216140747,56986,3.829816172199808,1.0178595503979928,3.7626175150575047,0.18889249861240387
1350,49,0.008246730081737041,38553,0.2592096330127613,0.07951008797807314,3.260084847107509,0.06587886810302734
1351,49,0.0056535000912845135,19560,0.19765028888048086,0.060070479222438786,3.2903065105457006,0.05448973551392555
1352,49,0.011785980314016342,6300,1.8887793619844908,0.40092230377296306,4.711085774488042,0.07836341857910156
1353,49,0.009648761712014675,10353,0.4144560904584234,0.19033731726141445,2.177482043035316,0.06055043637752533
1354,49,0.0013487412361428142,14291,0.10558746861784878,0.03206886997588893,3.292522271409703,0.020239004865288734
1355,49,2.470759868621826,5119,152.0541767143632,37.20051969450846,4.087420766242826,0.9631115794181824
1356,49,0.009057522751390934,14952,0.541650200251939,0.17454859927131985,3.1031483638942876,0.06337922811508179
1357,49,0.0006063395412638783,7889,0.054777630970835156,0.012782920712631034,4.28522027148484,0.010084541514515877
1358,49,0.00447328295558691,8246,1.1559308616863155,0.25965229578949456,4.451841483500692,0.015216843225061893
1359,49,0.44199833273887634,17191,156.66160161917583,17.584472196102432,8.909087510394011,0.44799676537513733
1360,49,0.025054508820176125,12539,8.860472057851855,2.033143267930587,4.3580165734537895,0.09793012589216232
1361,50,0.003869562176987529,5136,0.41529812973805413,0.10727098913815188,3.8714859727761954,0.024966010823845863
1362,50,1.8762083053588867,14216,38.706816600811585,18.521558327103758,2.0898250523643784,0.8568858504295349
1363,50,0.001882146461866796,5457,0.12421099680577706,0.07163546781000339,1.7339315370073973,0.0029529279563575983
1364,50,0.05640660226345062,27990,19.81613713042054,3.7180317036399604,5.329738611700156,0.18214474618434906
1365,50,0.0019441895419731736,12215,0.25801576924098474,0.04550462676667929,5.670099670485516,0.020456824451684952
1366,50,0.008275394327938557,15431,1.2596546212905047,0.23870554036809324,5.277022977107239,0.060750652104616165
1367,50,0.014203901402652264,11255,1.3733254986990813,0.3259575864638535,4.213203053787984,0.055602315813302994
1368,50,0.6465162038803101,8258,274.0969975438445,41.918695264414986,6.538776930314442,0.6617514491081238
1369,50,0.0011185278417542577,4934,0.26672481999259495,0.05223404505786032,5.106340504397737,0.02461707405745983
1370,50,0.005916230380535126,33703,0.9852741010632596,0.19596702291172677,5.02775460084449,0.05611826479434967
1371,50,0.0034254819620400667,11003,0.2534769096261482,0.07163087025860992,3.538654615076968,0.029313949868083
1372,50,0.0004048871633131057,1004,0.050075003129474605,0.017477216518583895,2.8651589384020983,0.0037264851853251457
1373,50,0.8034682869911194,16535,195.80970712984052,35.57770828312074,5.503718945908995,0.7227746248245239
1374,50,0.16480334103107452,7736,121.47800726881508,16.92546015743232,7.17723513209562,0.3075030744075775
1375,50,0.028932664543390274,21727,3.512511913781786,0.9811438378982551,3.580017300320093,0.12777088582515717
1376,50,0.008655285462737083,13486,0.7702330666341815,0.18162089985873286,4.240883440336646,0.06290606409311295
1377,50,0.006886592134833336,19162,0.8539239879837697,0.1500633570237442,5.690423064725685,0.05032255873084068
1378,50,0.27212047576904297,46876,104.61421875457229,14.555134816098981,7.187444161551467,0.38253355026245117
1379,50,0.03748336061835289,4168,11.924577839100177,2.2985382314101894,5.1878962360260905,0.09344359487295151
1380,50,0.023266613483428955,18654,2.9282164275436218,0.9102296669333335,3.217008337473658,0.11522276699542999
1381,50,0.001749877817928791,7174,0.06998057299135614,0.05000834624549668,1.399377868774427,0.00775036308914423
1382,50,0.10079466551542282,4033,15.222731929021931,2.46607704105701,6.172853351933802,0.24323751032352448
1383,50,0.04119785130023956,14529,14.724001974019487,1.9383161043417096,7.596285219439195,0.1277444064617157
1384,50,0.05515286698937416,3295,11.925755020648602,1.7223012732247476,6.924314117420648,0.17704282701015472
1385,50,0.0019132732413709164,1949,0.33810977774624784,0.12977329673517246,2.605387905291648,0.007199346087872982
1386,50,0.16137686371803284,6437,54.41368056670063,14.097123166125886,3.8599138225200393,0.32187166810035706
1387,50,0.006926169153302908,31687,1.8821301628652611,0.23699247833461917,7.941729526959351,0.043747205287218094
1388,50,0.007291440851986408,40517,0.26774277459356216,0.08129693503555924,3.2933932192297064,0.06074852868914604
1389,51,0.32532525062561035,24818,67.67924335038204,13.515034741484271,5.007700286750742,0.44837701320648193
1390,51,0.41107168793678284,6818,102.22512208819569,14.972039843522571,6.827735108680934,0.5014684200286865
1391,51,0.6402938961982727,32439,136.19872888543276,22.38765984297109,6.083651879684429,0.6444540619850159
1392,51,0.04088772460818291,21743,15.736611140138061,1.8639132679112402,8.44278079406804,0.11811931431293488
1393,51,0.040148645639419556,11358,6.880860760982632,1.225363608926969,5.615362420467565,0.1463109850883484
1394,51,0.007953963242471218,28915,2.0513750070515795,0.24333628073176847,8.4302061364388,0.05733989551663399
1395,51,0.0004363876942079514,4687,0.13101939480843094,0.02415047346875627,5.425127377834105,0.009971392340958118
1396,51,0.02346336469054222,18109,4.164683798412631,0.7083566186879278,5.879360322941427,0.08807782828807831
1397,51,0.4963974356651306,1148,179.47363359640465,33.91073573781475,5.29253139725493,0.504105269908905
1398,51,0.006644566077739,23499,0.5198709051657175,0.12346430525559748,4.2106980157970595,0.047274552285671234
1399,51,0.002166818594560027,41535,0.31452823713276357,0.07682441960452538,4.094117973787361,0.02447834238409996
1400,51,0.5113546848297119,9811,7.240118461611026,3.8237728683493937,1.8934488817413653,0.3357201814651489
1401,51,0.0026176865212619305,16867,0.06868572332552379,0.03702291087566237,1.8552221232507216,0.026254963129758835
1402,51,0.03788791969418526,16056,2.988816077548586,0.5684273592404578,5.25804402085261,0.1409563273191452
1403,51,0.013693792745471,4739,5.526548639814091,1.076618943126183,5.1332448449787575,0.06251419335603714
1404,51,0.020610734820365906,31285,9.65161732773836,1.3127294845885182,7.352327681400678,0.10248976200819016
1405,51,0.0030282491352409124,7335,0.12542322899547265,0.08280458841268926,1.5146893595903397,0.011253314092755318
1406,51,0.0034599234350025654,6315,0.43034603633694835,0.09206287554938763,4.674479628885939,0.01856476068496704
1407,51,0.003105533542111516,4769,0.06733836214416887,0.09553461511937739,0.704858255401143,0.007869879715144634
1408,51,0.0008019995293579996,5991,0.05307747787512061,0.02170166239751561,2.4457793555368874,0.0070222122594714165
1409,51,0.006218641065061092,10841,1.7620668595973739,0.24982443529220677,7.0532206248332825,0.05976010859012604
1410,51,0.005774698220193386,2392,0.2998357253522296,0.19125199467408732,1.5677521474304732,0.00997653603553772
1411,51,0.0037698594387620687,8540,0.8475928216928419,0.16936133410102625,5.004641857522432,0.04600647836923599
1412,51,0.006316548213362694,6352,0.5844123063453621,0.2182269505860659,2.678002440913912,0.01754506304860115
1413,51,0.0063923317939043045,35215,0.5183103743781023,0.08010396642675485,6.470470783061192,0.053982339799404144
1414,51,0.0563461035490036,8386,38.12467661237111,5.7395575647264625,6.642441718272308,0.1642792969942093
1415,51,1.5556797981262207,24265,114.11758087890934,28.97805068098016,3.9380696146620675,0.8067805171012878
1416,51,0.0672624483704567,13518,44.21238221597883,5.74073422342981,7.701520484178829,0.1599879264831543
1417,52,0.008373928256332874,11892,1.6997992565339162,0.4151645944716169,4.094277978335723,0.07052773982286453
1418,52,0.00020346904057078063,413,0.017222163010014706,0.01202551430834746,1.4321352556728388,0.00030794626218266785
1419,52,0.13648347556591034,46705,57.58961257521445,8.61423242119561,6.685402687012087,0.2873933017253876
1420,52,0.02045019157230854,49019,3.2261545879418163,0.5258071300885274,6.1356235077917445,0.10209937393665314
1421,52,0.010847306810319424,22422,0.35407509975812224,0.19449233386393805,1.8205092854919607,0.0522662028670311
1422,52,0.08469915390014648,30687,41.08171015404371,5.883787617502359,6.982187805663136,0.20736470818519592
1423,52,0.017798077315092087,15211,0.5602981600441045,0.25248087357685695,2.219170712237443,0.09601288288831711
1424,52,0.11261853575706482,3512,8.691899564653534,4.441641714356077,1.956911458337129,0.22069516777992249
1425,52,3.646285057067871,11290,155.67433956824493,35.337523348401064,4.405355124449727,1.227042555809021
1426,52,0.00024128535005729645,6519,0.012258764555257,0.010114943686859237,1.2119459023752102,0.0006513890693895519
1427,52,0.03310635685920715,27929,21.865406657570976,1.986420422220354,11.007441533006165,0.13184088468551636
1428,52,0.009197975508868694,35825,0.2492000103427977,0.10813824621089987,2.3044576648162334,0.061495017260313034
1429,52,0.021719608455896378,12349,2.4363416217862683,0.75113918281899,3.243528865901456,0.10817859321832657
1430,52,0.006658872123807669,6082,0.3972389482308696,0.15821373801914457,2.510774052884656,0.05768394097685814
1431,52,0.011578220874071121,5272,6.456337634782578,1.2198981722343976,5.292521770855421,0.06403233110904694
1432,52,0.002166146645322442,14980,0.36711927551187495,0.07654294905694545,4.7962520392825985,0.03557642921805382
1433,52,0.00093305972404778,2348,0.22371962582223892,0.04684495505565695,4.775746407519437,0.016239944845438004
1434,52,0.018024137243628502,25979,1.2486895367686848,0.4071273802053367,3.0670733472551888,0.09151457250118256
1435,52,0.02531629428267479,11789,3.546405240181457,1.185894021801679,2.990490865946488,0.10817631334066391
1436,52,0.28285691142082214,5490,57.26678034307693,10.86807725411663,5.2692651150763625,0.4571359157562256
1437,52,0.0001637456298340112,1562,0.04146490368141029,0.009419433688232417,4.402059088627571,0.004191685002297163
1438,52,0.09053494036197662,47692,19.143286645298986,3.5053432203655626,5.461173255181877,0.22047266364097595
1439,52,0.0012253043241798878,8248,0.2060123598999835,0.04932779608428208,4.176394979086677,0.00978311151266098
1440,52,0.0019078716868534684,2268,0.05431825436464412,0.06726178963612568,0.8075648099417015,0.0024777394719421864
1441,52,0.028227156028151512,5414,9.91056965412276,2.379983130065258,4.164134412938823,0.12148170918226242
1442,52,0.01827000454068184,15526,5.845934454473655,0.973853069483158,6.002891645215226,0.09629681706428528
1443,52,0.010626710020005703,5149,2.3998104974322074,0.5943025960521258,4.038027956414453,0.07896070927381516
1444,52,0.013248228468000889,8195,1.352047430815143,0.45439453205957325,2.9754922989146086,0.07971270382404327
1445,53,0.015440226532518864,10237,5.207414754610859,1.259960542213411,4.1329982806117895,0.06161101907491684
1446,53,0.004383228253573179,11177,0.6300819023194902,0.10474745765199417,6.015247686553083,0.036280516535043716
1447,53,0.01635362021625042,10731,0.9127355872393248,0.37680186779242864,2.4223223536134575,0.06739770621061325
1448,53,0.019878733903169632,13936,1.5203235590539455,0.5363318524499936,2.834669528028568,0.08413011580705643
1449,53,0.0025771933142095804,2745,0.18019524652635452,0.0956729780147927,1.8834497500078837,0.0048635974526405334
1450,53,0.0068951817229390144,8676,0.7079772100742772,0.19278669869462758,3.672334320076897,0.06136829033493996
1451,53,0.019206766039133072,13340,3.346180255492571,0.7845729489385914,4.264970210883745,0.11066821962594986
1452,53,0.012105087749660015,3479,1.8008061405213749,0.5400783320141429,3.334342508802748,0.07639937847852707
1453,53,0.011885393410921097,34479,0.5432086661530261,0.1476458980125102,3.6791314453133013,0.07453181594610214
1454,53,0.01300706248730421,21478,4.277283104594156,1.0379466231994507,4.120908540947309,0.08186914026737213
1455,53,0.001267442014068365,4393,0.2121214928160521,0.05822797038315477,3.642948421808215,0.005083387717604637
1456,53,0.0006604991503991187,10691,0.03680835055193764,0.01630949763127164,2.2568659919423193,0.0047632670029997826
1457,53,0.0072441124357283115,23702,0.7277708772360371,0.13686223054917548,5.317543593367249,0.04179675132036209
1458,53,0.005192807409912348,13439,0.4733804246599211,0.18970841036769753,2.4953054202494664,0.03391142189502716
1459,53,0.013880723156034946,7525,2.0280152607106374,0.4979587601969428,4.07265706080657,0.09117891639471054
1460,53,0.6424322724342346,15242,23.469623818623756,5.559223092007332,4.221745274508329,0.41827020049095154
1461,53,9.774292266229168e-05,9258,0.021706764446173612,0.006047626301945238,3.589303200761968,0.0005548845510929823
1462,53,0.016136979684233665,6494,2.6431820920066813,0.7346134682596976,3.598058307132311,0.06677506864070892
1463,53,0.003771319054067135,14275,0.28329724030522657,0.10678514071803864,2.6529649949201004,0.03863396868109703
1464,53,0.034268539398908615,49721,3.113886488379555,1.0185941230518105,3.0570434463601464,0.129097580909729
1465,53,0.010584394447505474,20003,1.125222343089808,0.27166581421150654,4.1419357321478065,0.07567451149225235
1466,53,0.028542114421725273,17566,6.554678770294404,1.0825018657274665,6.055120067514573,0.13065259158611298
1467,53,0.01717669889330864,28640,1.1333175585637913,0.3356101689014272,3.3768868275659543,0.08424168825149536
1468,53,0.0008585797040723264,2048,0.19709187589092603,0.08465551995152457,2.328163314116511,0.016738997772336006
1469,53,0.02178826741874218,41682,1.8021692318006108,0.32754646763233514,5.502026154707339,0.10264770686626434
1470,53,0.0025758235715329647,27313,0.16355953435336062,0.05480014997228649,2.984654867424473,0.032437000423669815
1471,53,0.0018413898069411516,18252,0.29520101158369644,0.050826932289258074,5.807964366172798,0.02027311362326145
1472,54,0.0035586191806942225,24266,0.33975404892908934,0.07897385189094785,4.302108112871857,0.036394134163856506
1473,54,0.0036602511536329985,9850,0.49733398878553414,0.13836475272131293,3.5943690788335663,0.0432572141289711
1474,54,0.0427982471883297,49394,2.003212256473078,0.7129540050421654,2.8097356102961992,0.14793172478675842
1475,54,0.00932082999497652,18389,0.18671622972920443,0.0624376904486826,2.990441004214844,0.06623061001300812
1476,54,0.129778653383255,32937,18.85417511941973,2.666137353768703,7.071719351878644,0.2741089463233948
1477,54,0.002206694334745407,31681,0.06822762736315299,0.02710898837843215,2.516789870879798,0.025504011660814285
1478,54,0.026299377903342247,21930,8.56234228727052,1.5192584417689792,5.635869482018574,0.13226410746574402
1479,54,0.0047655110247433186,6714,0.08541465605344907,0.050747316418050255,1.6831364115519003,0.04959863796830177
1480,54,0.0017139427363872528,4667,0.3866540103245065,0.09774056072516223,3.9559217529740525,0.022361168637871742
1481,54,0.014161331579089165,4687,1.7820645527822612,0.45996697662537933,3.8743315136507976,0.09456028789281845
1482,54,0.11277325451374054,11004,15.51391174139482,3.5345597530524326,4.389206244990674,0.24546968936920166
1483,54,2.0500473976135254,3361,26.78363603358976,13.631247823321226,1.9648704491869489,0.7007357478141785
1484,54,0.0015486492775380611,6033,0.3430708439967067,0.07159433244745,4.79187153876639,0.0026772492565214634
1485,54,0.003249420551583171,14825,0.25094938316577103,0.06995292910801328,3.5874035063592036,0.0364927276968956
1486,54,0.0002771086583379656,7274,0.030039084979247264,0.019229123328330038,1.5621661198370325,0.0010858778841793537
1487,54,0.0034071302507072687,25101,0.23307292377043212,0.08932300413663155,2.6093269703659585,0.03495410084724426
1488,54,0.01721365749835968,24053,2.310155556465699,0.47572033419157567,4.8561211081856515,0.09833969920873642
1489,54,0.001759617472998798,7920,0.0788285790242398,0.04527552355008629,1.741085974086952,0.010306864976882935
1490,54,0.009502911940217018,3700,0.6230873884009254,0.18297859539283284,3.4052474119162794,0.07500943541526794
1491,54,0.03800293803215027,10025,18.37046290845552,3.4887166756664527,5.265679221411961,0.12215076386928558
1492,54,0.0015645376406610012,13053,0.12893755128162532,0.0454503299107687,2.8368892268093044,0.008035869337618351
1493,54,0.008221727795898914,22999,0.5471215645953947,0.08951048793865522,6.112373836731228,0.05703487619757652
1494,54,0.0010562005918473005,18864,0.1233198226662892,0.030095084084511926,4.097673304912167,0.005635360721498728
1495,54,0.039218470454216,24763,4.236909790348378,0.9206275053616171,4.602197702836982,0.13008536398410797
1496,54,0.0026775826700031757,9676,0.32972634208727386,0.10838194129064004,3.042262743753853,0.009969214908778667
1497,54,2.25996994972229,7221,96.24728587903802,30.91565709598967,3.113221419819667,0.9123470187187195
1498,54,0.004247212316840887,22351,0.9656718480372865,0.16222685662272726,5.952601610700552,0.04198446124792099
1499,55,0.0016561676748096943,6226,0.10644388635364799,0.06491818323390959,1.6396621262254925,0.004562128335237503
1500,55,0.02541317231953144,17961,2.4574128599044034,0.5983226147620921,4.107170277823151,0.11335276067256927
1501,55,0.00843475479632616,1634,1.277011746531333,0.34215027636450923,3.732312480049376,0.0697128102183342
1502,55,0.004120220430195332,17253,0.5880866246772993,0.10524994944800219,5.587524058263333,0.04352765157818794
1503,55,0.01397654227912426,23776,0.6940076779044243,0.19807953664816633,3.5036818524754216,0.07960386574268341
1504,55,0.047763049602508545,20719,14.170382621953651,3.3090795667846074,4.282273162660322,0.1440173238515854
1505,55,0.0007849225657992065,5993,0.1469408552167263,0.02200467002331842,6.6777122789996355,0.003466443158686161
1506,55,0.008240904659032822,15352,1.4104783807699273,0.25844703824170406,5.457514198500377,0.06895577162504196
1507,55,0.005734207574278116,9521,0.13173165612235926,0.05945200110871142,2.2157648802983867,0.04678099974989891
1508,55,0.006060742773115635,34973,1.8052366667951307,0.24940547476802533,7.238159741549227,0.051827650517225266
1509,55,0.0017198185669258237,9719,0.13516075837880384,0.034656097804509914,3.90005704442913,0.015240191482007504
1510,55,0.010037540458142757,9370,2.489376192508161,0.6175636462065692,4.030962974901954,0.05531099811196327
1511,55,0.00019497222092468292,3939,0.028115462715980203,0.010590651628158459,2.654743419051947,0.001443354762159288
1512,55,2.786442756652832,35493,25.786093295069456,17.06649414981266,1.510919176997521,0.9193392395973206
1513,55,0.15442581474781036,21664,3.0060931951989893,1.0669954097081742,2.817344074627599,0.2265857607126236
1514,55,0.0012137126177549362,7920,0.2260450505004955,0.061285506933143045,3.6883932565557767,0.013102995231747627
1515,55,0.02016461081802845,6121,7.955202082498103,1.257487269585272,6.326268483907163,0.07470326125621796
1516,55,0.10635671019554138,3416,14.74497667541321,2.4291016688347713,6.070135665618407,0.2116340845823288
1517,55,0.20487086474895477,11673,135.8208119868023,13.464015228547156,10.087690015294795,0.3409893214702606
1518,55,0.04403918981552124,15180,6.839294376675811,1.4116949975035455,4.844739401050253,0.16307000815868378
1519,55,0.003063568379729986,6204,0.45601299348550745,0.12944331775001866,3.522877823346882,0.03831084817647934
1520,55,0.005516362376511097,9716,1.007788960973191,0.32409268115850454,3.109570254310064,0.0416247732937336
1521,55,0.0014784443192183971,27654,0.1877683666062186,0.07255341682764187,2.588001707069065,0.02205541916191578
1522,55,0.001352799590677023,14991,0.09980795270802045,0.036649115343282426,2.723338660986024,0.009376638568937778
1523,55,0.019832482561469078,33175,1.8755452952600757,0.2942708640344254,6.373533789720653,0.09323512017726898
1524,55,0.031655725091695786,31712,2.777593888451427,1.210585988295315,2.2944209790172754,0.13344164192676544
1525,55,0.0027575253043323755,15391,0.4011452611251442,0.079486002428646,5.046740921210658,0.0306100994348526
1526,55,0.012868504039943218,24073,1.193436990015256,0.2820986650349971,4.230565890352469,0.08419454097747803
1527,56,0.024626826867461205,12959,2.71924972326321,0.4973870713583458,5.467069571855923,0.10667058825492859
1528,56,0.002796140732243657,27043,0.25790943866418603,0.0696089536094041,3.7051187424492125,0.039997540414333344
1529,56,0.00010048817057395354,5827,0.009861120817135431,0.0038514814020907816,2.5603449127969213,0.000502920534927398
1530,56,0.006351369898766279,16751,1.441920739131851,0.3544685954837536,4.067837764753044,0.04896151274442673
1531,56,0.0013852736447006464,13605,0.24841052154793306,0.04855205010207775,5.116375539664105,0.024978090077638626
1532,56,0.0024459175765514374,12078,0.05851713973755445,0.055935130236836626,1.0461607846220988,0.02247406728565693
1533,56,0.00926339440047741,6932,2.228589871615351,0.5717560708614229,3.897798353507293,0.03756636381149292
1534,56,0.0005816951161250472,553,0.03843351851369449,0.025835372638918754,1.4876316687729942,0.0014003104297444224
1535,56,2.133707046508789,9781,70.2507020094114,17.86823704002024,3.931596712762654,0.8361898064613342
1536,56,0.0021009016782045364,2329,0.2875484301370908,0.09481527994363234,3.032722471578479,0.03479325398802757
1537,56,0.0012796510709449649,12240,0.09143530880955562,0.03249532883495269,2.813798539203949,0.008243829943239689
1538,56,0.0017386205727234483,19840,0.14108583652023723,0.05825121325752265,2.4220239996391006,0.02877497486770153
1539,56,2.4412646293640137,12170,186.9153907019527,32.66742836169616,5.721766299826423,0.9522649049758911
1540,56,0.024862339720129967,17019,3.3971249205065623,0.4598528194269223,7.387417836717277,0.09808222204446793
1541,56,0.0002977950207423419,15524,0.07326547888125252,0.012620222515142936,5.805403097095655,0.0032505756244063377
1542,56,0.44952520728111267,54104,73.74082967354347,14.868406972383038,4.959564922490125,0.5091179013252258
1543,56,0.02603374980390072,22869,3.0969166588321912,0.6500587325541262,4.764056697860862,0.12403781712055206
1544,56,0.003765574423596263,25889,0.3574527247723526,0.1003797623450138,3.561003895787241,0.04026423394680023
1545,56,0.0012848058249801397,11072,0.3427505050769828,0.08090939289054226,4.236226386427523,0.018421445041894913
1546,56,0.001345152035355568,5184,0.14336065556843786,0.05003436407673429,2.8652438820989143,0.011123564094305038
1547,56,0.004388284403830767,16802,0.44781638471876095,0.16355416004241288,2.738031148824922,0.020133238285779953
1548,56,0.0017185600008815527,10051,0.16747461314300668,0.06684313811440576,2.5054869933523922,0.009862923994660378
1549,56,0.010630465112626553,37829,0.6696267770926598,0.15577597926019932,4.298652335671437,0.07208198308944702
1550,56,0.0020888533908873796,7905,0.23737969017784202,0.07054531114075603,3.3649251287706927,0.026940789073705673
1551,56,0.0029286276549100876,9479,0.16590473735258243,0.048151427268679284,3.445479122008328,0.03515924513339996
1552,56,0.3249876797199249,17710,78.46257691770306,13.735030162326598,5.712588613959508,0.438107430934906
1553,56,0.008264352567493916,7032,4.896901548469776,0.6805275648559197,7.195743128346822,0.03898113593459129
1554,56,0.003080829279497266,24670,0.6646165443860222,0.1256281241068899,5.2903483921740895,0.035199299454689026
1555,57,0.0016311650397256017,2164,0.10929092513737872,0.05519332661114888,1.9801474534300336,0.006649493705481291
1556,57,0.0011945709120482206,13305,0.03200338855748863,0.025214483429251262,1.269246250712094,0.009428524412214756
1557,57,0.007995570078492165,19607,1.255424744666292,0.1849702594032363,6.7871708063222815,0.058154165744781494
1558,57,0.00536143034696579,3770,2.6711908546524263,0.48132355394894344,5.549678241863527,0.029443981125950813
1559,57,0.0034986003302037716,14864,0.5198382280960705,0.07771176960051782,6.689311422988331,0.030951354652643204
1560,57,0.000974670285359025,11008,0.25272585045240725,0.04567264444243397,5.533418384946175,0.017385726794600487
1561,57,0.014390457421541214,16438,0.5468537190250867,0.1872658978618149,2.9201991674196575,0.08303515613079071
1562,57,0.014981827698647976,9388,2.3450407415900014,0.46484319989225387,5.044799498257723,0.08735965937376022
1563,57,0.009068845771253109,26299,0.6001689424692355,0.1839777205554647,3.2621827287235967,0.061819687485694885
1564,57,0.001463299966417253,3144,0.22516053618600712,0.05045047274469268,4.46300151281002,0.020267488434910774
1565,57,0.0005745209637098014,4934,0.035725006289056935,0.02179806860770232,1.638906956866566,0.0026485740672796965
1566,57,0.014398622326552868,20071,2.0354544920777347,0.43435868861543075,4.686114369120365,0.08644309639930725
1567,57,0.00016945276001933962,8987,0.01824327429259417,0.006826879119880071,2.672271468348832,0.0022347334306687117
1568,57,0.0006770197651349008,6189,0.05319010325232258,0.021457853818042032,2.478817485704039,0.007242334540933371
1569,57,0.0033685758244246244,22817,0.660294873733122,0.13444041021094225,4.91143156058645,0.03489690646529198
1570,57,0.0028842135798186064,15236,0.6868134017829249,0.11867701013793948,5.787248945510571,0.03955014422535896
1571,57,0.0023668655194342136,21937,0.14914589546371,0.06323539994709253,2.3585823065266927,0.02050662599503994
1572,57,0.001463213935494423,14907,0.2900318825600685,0.11067984236544783,2.620458037876557,0.025649329647421837
1573,57,0.004928051959723234,13971,0.4658674460184864,0.14381777663164785,3.239289724304711,0.05317208170890808
1574,57,0.009913030080497265,10804,0.6113579593494812,0.24651215141907049,2.480031738101596,0.07387039810419083
1575,57,0.001455827266909182,43821,0.14235268366948597,0.05743779605535281,2.478379977007166,0.019865889102220535
1576,57,0.009571535512804985,4942,1.2040970083679312,0.28463552307799417,4.230311787308998,0.056945960968732834
1577,57,0.0035824745427817106,16764,0.7705873320224025,0.17009028802082723,4.530460504150096,0.02573840133845806
1578,57,0.005415553692728281,11964,0.3846206779299757,0.13152826187251604,2.924243599446677,0.04996401071548462
1579,57,0.007666983641684055,15429,0.5363205544535892,0.2056127122101236,2.608401731031562,0.036487821489572525
1580,57,0.020122744143009186,45004,1.2769539614561793,0.2648577166338712,4.821282829439206,0.097439244389534
1581,57,0.048602912575006485,12320,8.2900661540417,1.235193736089006,6.711551323344486,0.16146013140678406
1582,57,0.010586118325591087,22460,1.1228685320352196,0.28296321686599096,3.968249104840481,0.07123388350009918
1583,58,0.5806269645690918,24867,314.717259019933,30.27424002939904,10.395546138046853,0.5545695424079895
1584,58,0.006947915069758892,11152,0.9914356296476725,0.20772793891513905,4.772760153596482,0.06248168647289276
1585,58,0.04360423982143402,8875,9.906310457357172,1.9661965911030912,5.038311276795784,0.15952618420124054
1586,58,2.739234447479248,9993,153.3032508421027,30.09582012733796,5.093838619232126,1.0038150548934937
1587,58,0.10579560697078705,14108,65.63573572903006,16.50396121415072,3.9769686124049493,0.260622501373291
1588,58,0.02885398454964161,20955,3.654585500193443,0.7242420560000906,5.046082963439422,0.12769398093223572
1589,58,0.027219485491514206,22807,8.228080529755129,1.4242527317962612,5.777121114854477,0.11388235539197922
1590,58,2.226769208908081,9020,56.19254226889299,11.999461630814377,4.682921950813776,0.6892025470733643
1591,58,0.056724913418293,36316,19.30102751373572,2.32382391844892,8.305718587581389,0.18000216782093048
1592,58,0.020942185074090958,16602,6.022224274401646,0.8732004191548367,6.896726275307574,0.10894837975502014
1593,58,0.0017259377054870129,13971,0.3900173802049463,0.07438420221791492,5.243282425172936,0.03158951178193092
1594,58,0.011412548832595348,33117,0.4624485850755319,0.08432384651460946,5.4841969879769,0.07701115310192108
1595,58,0.001348900026641786,14928,0.12375871310364035,0.029826303122046535,4.149314536001381,0.018804391846060753
1596,58,0.01099353190511465,15133,0.4996652674788752,0.08998549874190358,5.552730989539353,0.07379865646362305
1597,58,0.0012971838004887104,17146,0.1138971374409712,0.05263086889882326,2.1640748067025295,0.02468065917491913
1598,58,0.000785325188189745,553,0.18192357410930524,0.03609527184919551,5.040094305546001,0.0030499903950840235
1599,58,2.2000644207000732,12173,122.08305958446395,20.19263852903664,6.045919130821103,0.7184295654296875
1600,58,0.0030409449245780706,16378,0.7103321726232176,0.11792105396404594,6.023794299139945,0.03469575569033623
1601,58,0.30395784974098206,18851,93.6169003088849,13.668334071118126,6.849181459991912,0.4202437400817871
1602,58,0.029386021196842194,8625,5.483048237789008,1.4124726365895302,3.8818792631793264,0.12451724708080292
1603,58,0.02032892405986786,31667,1.6285888948199594,0.3594549391022099,4.530717810925237,0.09674239903688431
1604,58,0.0006874859100207686,20480,0.11795058552688115,0.029825987688072122,3.954624629919525,0.005594923626631498
1605,58,0.13249318301677704,6964,52.91590284064204,16.741017521776012,3.160853441065222,0.2887583076953888
1606,58,0.00029352138517424464,9725,0.02140932494158037,0.01066089040699632,2.0082117086132003,0.0017915625358000398
1607,58,0.00874419417232275,10870,1.6082447861066222,0.3967388699370055,4.053660752620299,0.051743246614933014
1608,58,0.0005626091151498258,7058,0.06124942172884018,0.014198256089473803,4.313869346949937,0.006868499331176281
1609,58,0.020341400057077408,26365,15.159373671347064,1.8716546915538705,8.099450042653684,0.10750456154346466
1610,59,0.0029979862738400698,17801,0.1104836896671771,0.07785942264358524,1.4190150133981339,0.02337636612355709
1611,59,0.004333666525781155,27004,0.6636129316054813,0.10787928273194494,6.151439968768187,0.047327928245067596
1612,59,0.007966437377035618,2124,0.37540622404997215,0.18139556438555823,2.0695446733745517,0.058850545436143875
1613,59,0.02567281201481819,2385,5.446093203652257,0.9201058517395371,5.91898550949333,0.12789344787597656
1614,59,0.002325022593140602,27334,0.3908954828310623,0.05620983387276681,6.954218788636086,0.03349802643060684
1615,59,0.0077312723733484745,35045,0.2744451213379423,0.0713955304666374,3.8440098356345214,0.06005992740392685
1616,59,0.009374056942760944,39268,1.3429864000158493,0.4384077088396607,3.0633275212410966,0.06578152626752853
1617,59,0.0030207394156605005,12795,1.051445109601309,0.12443315753371027,8.449878878208258,0.03492132946848869
1618,59,0.0034855115227401257,15249,0.4683723358830269,0.06464475660565619,7.24532600119343,0.03521820902824402
1619,59,0.19979073107242584,37142,86.52651271341423,8.51730679053452,10.158905255069948,0.3373488187789917
1620,59,0.0001491173024987802,3771,0.04042198665273854,0.008772079493006478,4.608027854781395,0.0008214260451495647
1621,59,0.005179915577173233,21808,0.7537327700239027,0.13398322478292496,5.625575673666977,0.05502976477146149
1622,59,0.3437957763671875,17456,27.833998011654725,4.696868252693321,5.926075954054699,0.37152495980262756
1623,59,0.001299557858146727,7252,0.5710519673605775,0.07826573074724218,7.296321926610301,0.008848997764289379
1624,59,0.0014497963711619377,9258,0.20279775448355278,0.08431431182848367,2.405258965923706,0.012766767293214798
1625,59,0.0012698351638391614,5965,0.39092292868276723,0.057913008630820564,6.750174752067239,0.02723185159265995
1626,59,0.004105265252292156,10549,2.9249978742027514,0.3515623825531364,8.319996732734445,0.023424647748470306
1627,59,0.0025897270534187555,8457,0.07994354965616134,0.07068728613692005,1.1309466528419427,0.010401147417724133
1628,59,0.0008232195978052914,9850,0.1259407169887736,0.027789961787675753,4.531878019353511,0.018667450174689293
1629,59,0.011059900745749474,25290,0.8471817587135482,0.1660926927655988,5.100656414211115,0.07660430669784546
1630,59,0.02660524472594261,10068,4.827558860795635,0.8525372944372321,5.662577921563758,0.12213682383298874
1631,59,0.00025388115318492055,8744,0.012151691644511048,0.00931726194499804,1.304212730622053,0.0020608839113265276
1632,59,0.0007368909427896142,5139,0.06482530196441835,0.024753368408590607,2.618847701523402,0.001714019221253693
1633,59,0.0022122920490801334,17686,0.07794378542716991,0.04143160129950752,1.8812641312566196,0.019324662163853645
1634,59,0.014166411943733692,35809,2.0539862883054028,0.3470445878279184,5.918508342558999,0.08927220106124878
1635,59,2.1369469165802,6683,94.03608433071327,18.42846836581507,5.10276179571959,0.7923007011413574
1636,59,0.03188581019639969,11112,4.8706684921130385,0.980360659237225,4.968241479516039,0.13349781930446625
1637,59,0.0023794963490217924,2836,0.05273950516508882,0.07032780974624131,0.7499096780439345,0.0048661488108336926
1638,60,0.44529348611831665,24569,179.73740611309574,26.79488200497773,6.70790063862565,0.497891366481781
1639,60,0.003982279449701309,16782,0.12538931985578122,0.04890366354804341,2.564006676719293,0.03297004476189613
1640,60,0.0004802077019121498,6319,0.057619907024052744,0.02947119493279398,1.9551262564512186,0.014018275775015354
1641,60,0.0054871682077646255,17853,0.3718525807653562,0.12740783396676172,2.918600600803298,0.05089898407459259
1642,60,0.0371379591524601,6860,16.7051784869657,2.072575795502747,8.060104978165803,0.12906724214553833
1643,60,0.0039046125020831823,19558,0.367306710229294,0.06555160203638355,5.60332163994744,0.0392630510032177
1644,60,0.00380899291485548,6881,0.2630564961319792,0.20853168018407256,1.2614701799674546,0.019780868664383888
1645,60,0.005470587406307459,9364,0.2536462185888914,0.11608689507983988,2.1849685824765905,0.04691850021481514
1646,60,0.0012082579778507352,7151,0.314000829173959,0.061937644822431984,5.069628173126266,0.020841537043452263
1647,60,0.0027618708554655313,4737,0.09473416701009299,0.07460821240914066,1.2697552179552936,0.0054963091388344765
1648,60,0.00012965960195288062,10284,0.009231140189888052,0.004713447657646883,1.9584688021205456,0.0009343906422145665
1649,60,0.6890233159065247,15771,460.05570314921687,49.397200192694896,9.313396333285361,0.6129283308982849
1650,60,0.004063012078404427,2536,0.9885626230274233,0.24614981809801165,4.016101375422436,0.03930535539984703
1651,60,0.0008970469352789223,6084,0.2114423961145974,0.043206772797066674,4.893732681744251,0.01506331842392683
1652,60,0.052821580320596695,9478,25.00979056336893,3.018279515169104,8.286108174431098,0.14769640564918518
1653,60,0.0001781705504981801,16519,0.015536278052662415,0.0053344294838086545,2.912453542952719,0.0007198196253739297
1654,60,0.0036460610572248697,6946,0.6683112264800006,0.13519187782706005,4.943427350938739,0.041552916169166565
1655,60,0.0009566266089677811,31761,0.04554011350748574,0.023650363559096072,1.9255565941625952,0.006228081416338682
1656,60,0.005139782093465328,17537,0.7897025807567936,0.15484577692642665,5.099929726381317,0.050409119576215744
1657,60,0.0017615340184420347,4501,0.35760582948046743,0.08291573909859473,4.312882371475059,0.008184077218174934
1658,60,0.006704161874949932,47191,0.40433540713487504,0.09951896919218756,4.062897861712913,0.05774260684847832
1659,60,0.0047204927541315556,45918,0.3993040833470117,0.10634713747329247,3.7547233788359966,0.04909095913171768
1660,60,0.2727126479148865,13916,38.33188774590528,5.8460276299394405,6.556911833530934,0.34387150406837463
1661,60,0.00334024871699512,8934,0.16494871521995141,0.10141337465839098,1.6264986326897366,0.013708584010601044
1662,60,0.001398670137859881,15234,0.33613722430920806,0.06258937904848913,5.370515403954174,0.02134798839688301
1663,60,0.00023299184977076948,8711,0.027797874606131756,0.00889612475361382,3.1247172643026246,0.003028351813554764
1664,60,0.0016628657467663288,23916,0.3532994067500648,0.05421318219635061,6.516854248916061,0.02519594319164753
1665,60,1.216890811920166,15028,202.53313772077718,30.04089511357241,6.741914212445235,0.7847731113433838
