step,loss,acc_train,f1_train,gnorm_theta,gnorm_phi,disp
0,1.9557932615280151,0.269840270280838,0.199182190886682,1.2564631700515747,4.976917246583056,0.0
25,1.509177565574646,0.34881791472435,0.29708233549602636,0.8433125615119934,3.343365080107789,0.007205653935670853
50,1.2823160886764526,0.39674121141433716,0.36122233286192124,0.6827450394630432,2.5253973269070933,0.012376808561384678
75,1.1459498405456543,0.42428115010261536,0.40181176059447615,0.5842131972312927,1.9781724960439822,0.01653910055756569
100,1.0593656301498413,0.4484984278678894,0.4321947712882272,0.5135672688484192,1.5882320997428105,0.020043114200234413
125,1.000986099243164,0.46734824776649475,0.45126344525082174,0.4556635916233063,1.3186372326038027,0.023091450333595276
150,0.9586247801780701,0.4859425127506256,0.46864557644814253,0.4120861887931824,1.1408890817860942,0.02580219879746437
175,0.9257526993751526,0.5018530488014221,0.4829734717646212,0.37689316272735596,1.0142242725436457,0.02826596423983574
200,0.899113118648529,0.5136102437973022,0.4943087814148105,0.3486902415752411,0.9187539176940315,0.030538922175765038
225,0.8768437504768372,0.5261980891227722,0.5060483392530419,0.32573240995407104,0.8435433577765162,0.03265637159347534
250,0.8578680157661438,0.5365495085716248,0.5157061583546634,0.3056814670562744,0.7810002631084155,0.03464005887508392
275,0.8414381146430969,0.5476677417755127,0.5262876261252201,0.2884518802165985,0.7274772649294533,0.036510929465293884
300,0.8270443081855774,0.5572524070739746,0.5351944491915828,0.2744676172733307,0.6821696168883061,0.038284651935100555
325,0.8142703771591187,0.5647923350334167,0.5425407900501789,0.26201149821281433,0.6432095817717475,0.039977289736270905
350,0.8028255105018616,0.5722683668136597,0.5499616027740821,0.2506849467754364,0.6084009723585222,0.041596170514822006
375,0.7925057411193848,0.5785303711891174,0.5562904850159385,0.24087339639663696,0.5780411777428884,0.04314672574400902
400,0.7831090092658997,0.5851118564605713,0.5626202965310043,0.23296305537223816,0.5522146483986233,0.04464024305343628
425,0.7745122313499451,0.5910543203353882,0.5686010110118594,0.22498002648353577,0.5277673096802642,0.04607906937599182
450,0.7666130065917969,0.5956549644470215,0.5732856508795681,0.21786275506019592,0.5050663911743042,0.047468919306993484
475,0.7593363523483276,0.600319504737854,0.5777024819030632,0.21137669682502747,0.484942552489276,0.04881192743778229
500,0.7525849938392639,0.6065815091133118,0.5838769453306552,0.20599257946014404,0.4664860147850295,0.05011575296521187
525,0.7462986707687378,0.6108626127243042,0.5881514762834225,0.20096200704574585,0.45011734478427545,0.0513838566839695
550,0.7404075264930725,0.6143131256103516,0.5917031819068399,0.19627130031585693,0.4348776813123621,0.05262136086821556
575,0.7348928451538086,0.6188498735427856,0.5963811258491489,0.1917741447687149,0.421119904092912,0.053825318813323975
600,0.7296882271766663,0.6233866214752197,0.6008233188791987,0.18749582767486572,0.409093628619755,0.05499950423836708
625,0.7247682809829712,0.6266453862190247,0.6041795519550004,0.1832716464996338,0.39644892074061283,0.05614767223596573
650,0.7201200127601624,0.6294568777084351,0.6068538345887451,0.17985793948173523,0.38528583722255894,0.05726877599954605
675,0.7157238125801086,0.6324600577354431,0.6099397836543972,0.17604579031467438,0.3737879857816955,0.05836411193013191
700,0.711569607257843,0.6351438164710999,0.6125040215482633,0.17283543944358826,0.36325692721167685,0.05943382531404495
725,0.7076160311698914,0.638466477394104,0.6158526472119399,0.1695723682641983,0.3539084431871832,0.06048203259706497
750,0.7038530707359314,0.6412140727043152,0.6187789137037689,0.16622044146060944,0.34542023173729863,0.06150813400745392
775,0.7002647519111633,0.6449840664863586,0.6225751560779735,0.1634710282087326,0.3368100663930846,0.06251197308301926
800,0.6968423128128052,0.647476077079773,0.6251906458805988,0.1602310836315155,0.3286902331231402,0.06349586695432663
825,0.6935701370239258,0.6495208144187927,0.6272012189699372,0.1578056663274765,0.32124301288701684,0.06446120142936707
850,0.6904332041740417,0.6518210768699646,0.6293250421917918,0.1552204191684723,0.31424317728340667,0.06540878117084503
875,0.6874265670776367,0.6536102294921875,0.6312925669580098,0.15266628563404083,0.30724155569776784,0.06633840501308441
900,0.6845426559448242,0.654696524143219,0.6323830964168826,0.14997830986976624,0.30061033351645183,0.06725039333105087
925,0.6817790269851685,0.6564856171607971,0.6341343677949408,0.14774230122566223,0.29444218524497695,0.06814347952604294
950,0.6791208386421204,0.6576358079910278,0.6352262333990414,0.1454821079969406,0.28825120993734404,0.0690217837691307
975,0.6765590906143188,0.6591054201126099,0.6366223874187892,0.14348579943180084,0.2829142044485561,0.06988600641489029
1000,0.6740819215774536,0.6612140536308289,0.6387529985017756,0.14203186333179474,0.27816869470830646,0.07073767483234406
1025,0.6716811656951904,0.6632587909698486,0.6408528820590995,0.14056849479675293,0.273559685508359,0.07157927751541138
1050,0.669356107711792,0.6644728779792786,0.6421363473141892,0.13857853412628174,0.26823245886776087,0.0724097415804863
1075,0.6671088933944702,0.6669648885726929,0.6448035235975208,0.1372685432434082,0.2638110959408624,0.07322755455970764
1100,0.6649323105812073,0.6694568991661072,0.6472706197474902,0.13576839864253998,0.25938551427982953,0.07403507828712463
1125,0.6628211140632629,0.67086261510849,0.648577315316125,0.13425470888614655,0.2551538162165332,0.07483111321926117
1150,0.6607725024223328,0.6725239753723145,0.650263785187013,0.13298821449279785,0.25132475544976296,0.07561741769313812
1175,0.6587817072868347,0.6736741662025452,0.6514843424192195,0.13150806725025177,0.24696210618114534,0.07639505714178085
1200,0.6568464040756226,0.6751437783241272,0.6530105968467039,0.1301182061433792,0.24398129858775622,0.07716262340545654
1225,0.6549564599990845,0.6766773462295532,0.654522836788002,0.12911327183246613,0.24110569678441351,0.07792215794324875
1250,0.6531089544296265,0.6787859797477722,0.6565999556164183,0.1279873251914978,0.23769708895343028,0.07867447286844254
1275,0.6513110399246216,0.6795527338981628,0.6573971772840791,0.12698303163051605,0.23457495615824195,0.07941946387290955
1300,0.6495540142059326,0.6809585094451904,0.6588546196669286,0.1257263869047165,0.2311854708007926,0.08015621453523636
1325,0.6478402018547058,0.6824281215667725,0.6602778477323595,0.12460221350193024,0.22852228925288368,0.0808846727013588
1350,0.646163284778595,0.6833866238594055,0.6612332896793359,0.12373554706573486,0.22639377847863879,0.0816061794757843
1375,0.6445201635360718,0.6841533780097961,0.662080485304846,0.12292671203613281,0.2232917751718408,0.08232302218675613
1400,0.6429159641265869,0.6853035092353821,0.6631558648999201,0.12203697860240936,0.2201627338330373,0.08303456008434296
1425,0.6413492560386658,0.6861342191696167,0.6639766040780113,0.12095117568969727,0.2172173405627693,0.08374001830816269
1450,0.6398199796676636,0.6875399351119995,0.6654676548073716,0.12003007531166077,0.21482555594517977,0.08443811535835266
1475,0.6383248567581177,0.688051164150238,0.6659038588445245,0.1188984364271164,0.21207556465910235,0.08512940257787704
1500,0.6368590593338013,0.6895846724510193,0.6674912444588543,0.11824458092451096,0.2097934608613392,0.0858149528503418
1525,0.6354215145111084,0.6906070709228516,0.668432672828982,0.11738263070583344,0.20766045705016611,0.08649509400129318
1550,0.634015679359436,0.6909904479980469,0.6687298392471932,0.11661902070045471,0.2049632261766708,0.08716996759176254
1575,0.6326360106468201,0.691309928894043,0.6690675246555261,0.11607947200536728,0.20317036118503717,0.08784152567386627
1600,0.6312800049781799,0.6916933059692383,0.6694534248372339,0.11551763862371445,0.2010214859399548,0.08850996941328049
1625,0.6299479007720947,0.692843496799469,0.6704694342923161,0.1147969514131546,0.19896863827621808,0.08917480707168579
1650,0.6286393404006958,0.6936741471290588,0.6713963416981485,0.1140475794672966,0.1970091141300956,0.08983512967824936
1675,0.627356231212616,0.6940575242042542,0.6717275484996277,0.11310933530330658,0.19464138866099698,0.09049034863710403
1700,0.6261003613471985,0.6950159668922424,0.6726517840718249,0.11230378597974777,0.1927955108921082,0.09113878011703491
1725,0.6248686909675598,0.6953994035720825,0.6730725430819735,0.11132282763719559,0.19059942872733165,0.09178110212087631
1750,0.623659610748291,0.6960383653640747,0.6737115871965593,0.11068858206272125,0.18909963116898854,0.09241729229688644
1775,0.6224699020385742,0.6967412233352661,0.6743743204078618,0.10988958179950714,0.1870158180946315,0.09304910898208618
1800,0.6213049292564392,0.6978275179862976,0.6755087697195152,0.10929863154888153,0.18489428816128248,0.09367617219686508
1825,0.6201583743095398,0.698530375957489,0.6761920210182488,0.10889123380184174,0.18327297226359623,0.09430095553398132
1850,0.6190319061279297,0.6989137530326843,0.6765761450152101,0.10814305394887924,0.18179757263670557,0.09492193162441254
1875,0.617920994758606,0.6989776492118835,0.676630628036444,0.10761889070272446,0.18052784042700656,0.0955384224653244
1900,0.6168251633644104,0.6989776492118835,0.6766094941373105,0.10712946951389313,0.1793603367298849,0.0961521789431572
1925,0.6157427430152893,0.6984664797782898,0.6759426194534897,0.10685811191797256,0.17766583188688478,0.09676431119441986
1950,0.614678144454956,0.6991693377494812,0.6767086808595666,0.10592462867498398,0.17587768332517073,0.09737308323383331
1975,0.6136325001716614,0.6999361515045166,0.6774439538333163,0.10514418035745621,0.17448838282519483,0.09797701984643936
2000,0.6126011610031128,0.7007668018341064,0.678187900068723,0.10462240874767303,0.17321618467563274,0.09857610613107681
2025,0.6115859746932983,0.7017252445220947,0.6791381741972491,0.10419099032878876,0.17177388962874887,0.0991724506020546
2050,0.61058509349823,0.7026198506355286,0.6800494790418091,0.1036984771490097,0.17016848273343194,0.09976668655872345
2075,0.6095998883247375,0.7029393315315247,0.6803406191718809,0.10311880707740784,0.16867444258986655,0.10035886615514755
2100,0.6086294651031494,0.70332270860672,0.68076897461146,0.10262050479650497,0.16705470770235936,0.10094773024320602
2125,0.6076751947402954,0.7035143971443176,0.6809783452550984,0.10221152007579803,0.16551819899491585,0.10153421014547348
2150,0.60673588514328,0.7039616703987122,0.6814474068418168,0.10168467462062836,0.16410713074538225,0.10211845487356186
2175,0.6058102250099182,0.7051757574081421,0.6826825692654411,0.10104347765445709,0.16322824616726256,0.10269883275032043
2200,0.6048961281776428,0.7059425115585327,0.6835294871457053,0.10068554431200027,0.16183579556140745,0.10327564924955368
2225,0.603992760181427,0.7061342000961304,0.6837122757597902,0.10019826143980026,0.160798343970908,0.10385064035654068
2250,0.6030992269515991,0.706900954246521,0.6844683229633344,0.09978315979242325,0.15986395404352094,0.10442277044057846
2275,0.6022174954414368,0.7070287466049194,0.6846006078714296,0.09908246994018555,0.15879035528290525,0.1049928143620491
2300,0.6013479828834534,0.7076677680015564,0.6852838146099934,0.0984031930565834,0.1577122709439986,0.10555801540613174
2325,0.6004878878593445,0.707859456539154,0.6855190028415239,0.09786679595708847,0.15701244852824042,0.10611813515424728
2350,0.5996378064155579,0.7086262106895447,0.6862876882116418,0.09734510630369186,0.15616794407340684,0.1066749170422554
2375,0.5987951755523682,0.7087540030479431,0.6863938159341053,0.09698811918497086,0.15522771016929698,0.10722968727350235
2400,0.5979647636413574,0.7092651724815369,0.686906273403161,0.09642478823661804,0.15415736457674212,0.10778126120567322
2425,0.597141444683075,0.7101597785949707,0.6877999910000441,0.09606163203716278,0.15308152915040157,0.10833115130662918
2450,0.5963298082351685,0.7102875709533691,0.6878925266048648,0.09528806060552597,0.15216500924422788,0.10887626558542252
2475,0.5955278277397156,0.710543155670166,0.6882539750847518,0.09470925480127335,0.1510504369780557,0.1094171553850174
2500,0.5947397351264954,0.7109904289245605,0.6886882412508128,0.09429328888654709,0.14958288539224174,0.10995536297559738
2525,0.5939642786979675,0.7115015983581543,0.689217295980831,0.09372102469205856,0.1484194342681294,0.11049161106348038
2550,0.5931987166404724,0.7122684121131897,0.6899319632007601,0.09341263771057129,0.14734218014537964,0.11102592200040817
2575,0.5924440026283264,0.7127795815467834,0.6904624336200492,0.09303566813468933,0.14593247280342708,0.11155876517295837
2600,0.5917001366615295,0.7133546471595764,0.6910305624530089,0.09250709414482117,0.14475171978010626,0.11208915710449219
2625,0.5909672379493713,0.713801920413971,0.6914963485298871,0.09203290194272995,0.14370186005111976,0.11261674761772156
2650,0.5902430415153503,0.7143770456314087,0.6920695826985854,0.09157785028219223,0.14282458836141154,0.11314166337251663
2675,0.5895286798477173,0.7148882150650024,0.6925893496113668,0.09107747673988342,0.14179661176964192,0.11366382986307144
2700,0.5888243913650513,0.7151437997817993,0.6929023820041735,0.09061969816684723,0.14063264908312145,0.11418324708938599
2725,0.5881270170211792,0.715335488319397,0.6931314279752695,0.09023282676935196,0.13992327235665256,0.11470013856887817
2750,0.5874377489089966,0.7156549692153931,0.6934552776715162,0.08978865295648575,0.13893061124017844,0.11521406471729279
2775,0.5867580771446228,0.7159744501113892,0.6937929883352039,0.08928844332695007,0.13789896058641224,0.11572413146495819
2800,0.5860866904258728,0.7159744501113892,0.6938342873444723,0.088954396545887,0.13708465502336287,0.11623238772153854
2825,0.5854232907295227,0.7166773080825806,0.6945089489811422,0.08863458782434464,0.1360767485853839,0.11673904210329056
2850,0.5847673416137695,0.7176997065544128,0.6955238011774423,0.08814723044633865,0.13537436501414482,0.11724414676427841
2875,0.5841171741485596,0.7178274989128113,0.6956677366859241,0.08765286952257156,0.13494866689463245,0.11774608492851257
2900,0.5834744572639465,0.7181469798088074,0.6959875199737727,0.0870785191655159,0.13396679305872927,0.11824381351470947
2925,0.5828403234481812,0.7185303568840027,0.6964131934310668,0.08672940731048584,0.13305302416898937,0.1187395304441452
2950,0.5822145342826843,0.7186581492424011,0.6965024399605867,0.08623741567134857,0.13196587926425157,0.11923199146986008
2975,0.5815973281860352,0.7189776301383972,0.6968395284063118,0.08587068319320679,0.13088538758716328,0.11972279846668243
3000,0.5809884071350098,0.7192971706390381,0.6971174139124852,0.08536847680807114,0.12989660842534034,0.12021239846944809
3025,0.5803873538970947,0.719872236251831,0.6976689303685453,0.08489837497472763,0.1293312192632516,0.12069875746965408
3050,0.5797923803329468,0.7198083400726318,0.6975868755677506,0.0843573734164238,0.12872287703565866,0.12118211388587952
3075,0.5792045593261719,0.720447301864624,0.6981764023594164,0.08381717652082443,0.1277916791799144,0.12166187167167664
3100,0.57862389087677,0.7208306789398193,0.6985997745476618,0.0833733007311821,0.1269162601654713,0.12213711440563202
3125,0.5780510902404785,0.7211501598358154,0.6989168675102801,0.08310980349779129,0.1259391921593004,0.1226106658577919
3150,0.5774854421615601,0.7215335369110107,0.699301467074168,0.0826607346534729,0.12508249224571372,0.1230817586183548
3175,0.576926052570343,0.7218530774116516,0.6995925831639689,0.08238881081342697,0.12442730973379565,0.12355007231235504
3200,0.5763728022575378,0.7224281430244446,0.7001672977149167,0.08176239579916,0.12362340337920824,0.12401627004146576
3225,0.5758265852928162,0.7228115200996399,0.7005215991898466,0.08148949593305588,0.12294524661066077,0.12447958439588547
3250,0.5752851963043213,0.7230671048164368,0.700856116337524,0.0810626819729805,0.12240747486118454,0.12494092434644699
3275,0.5747504234313965,0.7234504818916321,0.7012424507226774,0.08058002591133118,0.12148413740932809,0.12539854645729065
3300,0.5742217302322388,0.7239617109298706,0.701870664073726,0.08011166751384735,0.12060119027807249,0.12585332989692688
3325,0.5736974477767944,0.7243450880050659,0.7022743758575665,0.07998505979776382,0.12057236012761781,0.12630639970302582
3350,0.57317715883255,0.7248562574386597,0.7027620786113659,0.07938981056213379,0.11973603727675247,0.12675774097442627
3375,0.5726632475852966,0.7253674268722534,0.7032419507097302,0.07904048264026642,0.11931095825727055,0.12720546126365662
3400,0.5721542835235596,0.7260063886642456,0.7039251928421475,0.07858256250619888,0.11866056054896917,0.12765057384967804
3425,0.5716521143913269,0.7263258695602417,0.7042255244904783,0.07793455570936203,0.11764416741163686,0.12809212505817413
3450,0.5711557269096375,0.7268370985984802,0.7047052795532822,0.07774943113327026,0.11722483046661554,0.12853111326694489
3475,0.5706633925437927,0.7272204756736755,0.7050938236368622,0.07741197198629379,0.11657158011213752,0.12896890938282013
3500,0.5701749920845032,0.727348268032074,0.705240326094724,0.077187180519104,0.11637859159029953,0.12940481305122375
3525,0.5696895122528076,0.7277316451072693,0.7056229417555425,0.07670211791992188,0.11579480071220412,0.12983933091163635
3550,0.5692092180252075,0.7277955412864685,0.7056418243279265,0.07628238946199417,0.11522505387522546,0.1302715390920639
3575,0.5687339305877686,0.7279872298240662,0.7057676378183677,0.07587149739265442,0.11464783097142307,0.1307011842727661
3600,0.5682635307312012,0.7279872298240662,0.7057412544039473,0.07563690096139908,0.11403861583098597,0.1311292201280594
3625,0.567797064781189,0.7281150221824646,0.7058698076668996,0.07531756162643433,0.11376942440125833,0.13155554234981537
3650,0.5673339366912842,0.7285622954368591,0.7062973542303999,0.07486838847398758,0.11317558524425654,0.13197939097881317
3675,0.5668755173683167,0.7291374206542969,0.706831104898807,0.0746300145983696,0.11264466312151959,0.13240143656730652
3700,0.56642085313797,0.7295207977294922,0.7072667143008868,0.0742783397436142,0.11234475648158117,0.1328222006559372
3725,0.565970778465271,0.7296485900878906,0.7074201329581185,0.07373850047588348,0.11162529968700591,0.13324052095413208
3750,0.5655236840248108,0.7300319671630859,0.7078542526378426,0.07350390404462814,0.11156120546147648,0.13365720212459564
3775,0.565079391002655,0.7304792404174805,0.7082930864723471,0.07328572124242783,0.11109754445693598,0.1340716928243637
3800,0.5646388530731201,0.7307348251342773,0.7085571196293233,0.07295703887939453,0.11055008549562106,0.1344844251871109
3825,0.5642023682594299,0.7307987213134766,0.7086223579589925,0.07260628789663315,0.11000077091815735,0.13489507138729095
3850,0.5637694001197815,0.7311182022094727,0.7088993520344802,0.07229077070951462,0.1096284984961262,0.1353042870759964
3875,0.5633394718170166,0.7315016388893127,0.7092504638730571,0.07204911857843399,0.10924264382733392,0.13571205735206604
3900,0.5629123449325562,0.7318850159645081,0.709682291084309,0.0715484693646431,0.10909883918058841,0.13611707091331482
3925,0.5624887347221375,0.7320767045021057,0.7098591576053707,0.07123657315969467,0.10871809032380589,0.1365186721086502
3950,0.562067449092865,0.732460081577301,0.7101810895309539,0.07095370441675186,0.10827384001068581,0.13691943883895874
3975,0.5616499781608582,0.733035147190094,0.7107555195154198,0.07069165259599686,0.10791243477514871,0.13731825351715088
4000,0.5612348914146423,0.7333546280860901,0.7110724978834075,0.07052779942750931,0.10767690420665363,0.13771654665470123
4025,0.5608223676681519,0.7336102724075317,0.711307999047864,0.07019919157028198,0.10719110612159828,0.1381136178970337
4050,0.5604137778282166,0.7339297533035278,0.7116340314979313,0.06982624530792236,0.10679976657646759,0.13850849866867065
4075,0.560008704662323,0.7339297533035278,0.7116213675205598,0.06959380954504013,0.10625092594608211,0.1389012485742569
4100,0.5596070885658264,0.7341214418411255,0.7118211517590363,0.06912995874881744,0.10591580401188984,0.13929148018360138
4125,0.5592091083526611,0.7341214418411255,0.7118303463604895,0.06876560300588608,0.10532500742766043,0.1396794319152832
4150,0.5588149428367615,0.7342492341995239,0.711965320005131,0.06837044656276703,0.10508752804853504,0.14006468653678894
4175,0.5584234595298767,0.7343770265579224,0.71206166198265,0.06814487278461456,0.10462365616696075,0.14044788479804993
4200,0.5580346584320068,0.73456871509552,0.7123046297005087,0.06786248832941055,0.10430045707867915,0.1408298909664154
4225,0.5576505661010742,0.73456871509552,0.7122922984830694,0.0674048438668251,0.10350671849104386,0.14120936393737793
4250,0.5572693943977356,0.7348881959915161,0.7126986747265371,0.06741775572299957,0.10336352226083978,0.14158739149570465
4275,0.5568900108337402,0.7356549501419067,0.7134820658031249,0.0670597180724144,0.10308861708251578,0.14196407794952393
4300,0.5565133690834045,0.7357827425003052,0.7135735791563698,0.06680416315793991,0.10259217570785682,0.14233890175819397
4325,0.5561408996582031,0.7361661791801453,0.7139524318673832,0.06646168977022171,0.10189358507193161,0.1427113264799118
4350,0.5557721853256226,0.7364217638969421,0.7142298333467012,0.06623462587594986,0.10153957052939938,0.14308196306228638
4375,0.5554060935974121,0.7364856600761414,0.7142682531793536,0.06605660915374756,0.10122219693054015,0.14345236122608185
4400,0.5550430417060852,0.7364856600761414,0.714248773404596,0.06563254445791245,0.10085984297394825,0.1438210904598236
4425,0.5546824336051941,0.7366134524345398,0.7144016373491827,0.06538254767656326,0.1004211594310707,0.14418815076351166
4450,0.5543251037597656,0.7367412447929382,0.714513438962487,0.06513949483633041,0.0999374502680873,0.14455394446849823
4475,0.5539703369140625,0.7368051409721375,0.7145823033373194,0.06479977816343307,0.09973475527685614,0.14491873979568481
4500,0.5536184310913086,0.737252414226532,0.7150331378505507,0.06439846009016037,0.09918539873083915,0.14528051018714905
4525,0.5532699823379517,0.7371885180473328,0.714973545339783,0.064155213534832,0.09884226969470104,0.1456395983695984
4550,0.5529242753982544,0.7371885180473328,0.7149597982268581,0.06376627832651138,0.09853843933107201,0.14599700272083282
4575,0.5525809526443481,0.7374441027641296,0.7151782506091291,0.06351561844348907,0.09810287759292939,0.1463518738746643
4600,0.552240252494812,0.7379552721977234,0.715693167389357,0.06340143084526062,0.09799964255320287,0.14670522511005402
4625,0.5519017577171326,0.738146960735321,0.715907635660862,0.06307036429643631,0.09728750658878996,0.1470569223165512
4650,0.551567018032074,0.7384665012359619,0.7162173049758855,0.06280533224344254,0.09685688052177313,0.14740654826164246
4675,0.5512348413467407,0.7385303974151611,0.7163177539236092,0.06253714114427567,0.09666006507935775,0.14775435626506805
4700,0.5509040355682373,0.7386581897735596,0.7164294628339232,0.062287114560604095,0.09638338884696358,0.1481008678674698
4725,0.5505765676498413,0.7386581897735596,0.7164705612668512,0.06194467842578888,0.09581165055157867,0.14844520390033722
4750,0.5502523183822632,0.7389776706695557,0.7168090224754939,0.06158703193068504,0.09543909373463284,0.1487879604101181
4775,0.5499299764633179,0.7389776706695557,0.7167940264797691,0.061307817697525024,0.09538279659852372,0.14912882447242737
4800,0.5496100783348083,0.7391693592071533,0.716974828726659,0.0609951876103878,0.0949383591850734,0.14946739375591278
4825,0.5492935180664062,0.7392971515655518,0.717097031277816,0.060690801590681076,0.09447526365606289,0.14980293810367584
4850,0.5489788055419922,0.7397444248199463,0.7175088079449782,0.06042645871639252,0.09457007714588371,0.15013648569583893
4875,0.548665463924408,0.7397444248199463,0.7175014358179349,0.06014507636427879,0.09417253398102478,0.15046794712543488
4900,0.5483546257019043,0.7396166324615479,0.71737648178096,0.05989667773246765,0.09368361360212399,0.1507970243692398
4925,0.5480455756187439,0.7396166324615479,0.7173632591244594,0.059606049209833145,0.09359367861200069,0.15112446248531342
4950,0.5477386713027954,0.7396805286407471,0.7173930200746186,0.05933775007724762,0.0932058045217726,0.15145036578178406
4975,0.5474342107772827,0.7398722171783447,0.7175584028573931,0.05903558433055878,0.0929390304816727,0.15177491307258606
5000,0.5471322536468506,0.7400639057159424,0.7177582204431796,0.058785758912563324,0.0924883663140946,0.15209779143333435
5025,0.5468332171440125,0.7403194904327393,0.7180004310625343,0.0585627555847168,0.09206616721117386,0.15241925418376923
5050,0.5465360283851624,0.7406389713287354,0.7183380320129479,0.05833306163549423,0.09196842679165296,0.1527390480041504
5075,0.5462409257888794,0.7407668232917786,0.7184500648222184,0.0580313503742218,0.09153115900530873,0.15305738151073456
5100,0.5459481477737427,0.740894615650177,0.7185653248221948,0.05774502083659172,0.09134879046062039,0.15337394177913666
5125,0.5456573963165283,0.7411502003669739,0.7188511829815638,0.05742357671260834,0.09096821817534205,0.15368862450122833
5150,0.5453688502311707,0.7414057850837708,0.7190918949366801,0.05719169229269028,0.09071863523923616,0.15400134027004242
5175,0.5450819134712219,0.7413418889045715,0.7190358874528788,0.057138290256261826,0.09052926374059178,0.1543131023645401
5200,0.5447962880134583,0.7413418889045715,0.7190303720532372,0.0569552518427372,0.09043079308424519,0.15462420880794525
5225,0.5445114970207214,0.7415335774421692,0.7191931711887265,0.05670330673456192,0.09028896587728863,0.15493425726890564
5250,0.5442277789115906,0.7415335774421692,0.7191779023573517,0.056491319090127945,0.09004403918349105,0.15524309873580933
5275,0.5439467430114746,0.7417891621589661,0.7194177423456806,0.05627984553575516,0.08972124496221227,0.15555016696453094
5300,0.5436682105064392,0.7421725392341614,0.7197310037891482,0.05598925054073334,0.08916630407850368,0.15585558116436005
5325,0.5433909296989441,0.7424920201301575,0.7200375534082248,0.055898211896419525,0.08925159367132357,0.15615971386432648
5350,0.5431147813796997,0.742939293384552,0.7204990824681111,0.05565381422638893,0.08890852166525115,0.15646247565746307
5375,0.5428404808044434,0.7430031895637512,0.7205629656513449,0.05543459579348564,0.0886728434248836,0.15676438808441162
5400,0.5425673127174377,0.743578314781189,0.721112239309202,0.055274732410907745,0.08859307339532997,0.15706504881381989
5425,0.542296290397644,0.7438977956771851,0.7214567448198911,0.05501026287674904,0.08827209588814142,0.1573643535375595
5450,0.5420267581939697,0.7439616918563843,0.7215051919065788,0.05483081936836243,0.08800563247268993,0.15766239166259766
5475,0.5417582988739014,0.7440894842147827,0.7216160840357697,0.0546841062605381,0.08781307689414529,0.15795965492725372
5500,0.5414915084838867,0.7440894842147827,0.7216106992246978,0.05441294610500336,0.08757107660716518,0.1582557111978531
5525,0.5412255525588989,0.7440255880355835,0.7215074539167878,0.05420559272170067,0.08773941794573076,0.1585499793291092
5550,0.5409601330757141,0.7444089651107788,0.7218629223850406,0.05412336066365242,0.08753582980739211,0.15884347259998322
5575,0.5406968593597412,0.7447284460067749,0.7222097980383172,0.054018810391426086,0.08696590557159757,0.15913639962673187
5600,0.5404353141784668,0.7446645498275757,0.72213830471689,0.053899217396974564,0.08692880625979778,0.15942806005477905
5625,0.5401748418807983,0.7449201345443726,0.7224167910481851,0.05384030193090439,0.08651156355661124,0.15971806645393372
5650,0.5399156808853149,0.7449201345443726,0.7224320593785764,0.05369564890861511,0.08634651773694416,0.16000787913799286
5675,0.5396568775177002,0.745047926902771,0.7225727176126467,0.05360008776187897,0.0862932083380242,0.1602964848279953
5700,0.5393994450569153,0.7452396154403687,0.722771863055284,0.053366903215646744,0.08609988764374388,0.16058361530303955
5725,0.5391438603401184,0.7456230521202087,0.7231290398353916,0.053209785372018814,0.0857919016456961,0.1608690619468689
5750,0.5388894081115723,0.7454313039779663,0.7229451336017612,0.05311650410294533,0.08572542047338601,0.1611533761024475
5775,0.5386364459991455,0.7454952001571655,0.7229959210606725,0.05285746231675148,0.08529570770190266,0.1614363044500351
5800,0.5383853316307068,0.7459425330162048,0.7234562086876979,0.052573613822460175,0.08520568285776027,0.16171760857105255
5825,0.538135290145874,0.7459425330162048,0.7234814853465468,0.05238375440239906,0.0850994746888999,0.16199760138988495
5850,0.5378859639167786,0.7460703253746033,0.7235942398645663,0.052311770617961884,0.08492413212620038,0.16227729618549347
5875,0.5376380085945129,0.7462620139122009,0.7238034707475882,0.05215274170041084,0.08477846833449881,0.16255564987659454
5900,0.5373907089233398,0.7463259100914001,0.7238597640852731,0.05201200768351555,0.08461893405776443,0.16283312439918518
5925,0.5371439456939697,0.7464537024497986,0.7239778256028542,0.05198509618639946,0.08455660735667768,0.16311028599739075
5950,0.5368977189064026,0.7464537024497986,0.7239449798357422,0.05187861993908882,0.0845398649508154,0.16338719427585602
5975,0.5366523861885071,0.7467092871665955,0.7241881411492848,0.05168266221880913,0.08428248472088334,0.1636630743741989
6000,0.536408007144928,0.7468370795249939,0.7243440507910439,0.05164618045091629,0.08410037934428746,0.1639384925365448
6025,0.5361655950546265,0.7466453909873962,0.7241750144596182,0.05139952152967453,0.08362176065223526,0.16421300172805786
6050,0.5359254479408264,0.7467092871665955,0.7242572266658664,0.051204852759838104,0.08339811446565654,0.1644861102104187
6075,0.5356865525245667,0.7468370795249939,0.7243901415283873,0.05106057599186897,0.08329146689414646,0.16475772857666016
6100,0.5354489684104919,0.7470287680625916,0.7245790638216076,0.050841450691223145,0.08298300638469161,0.16502808034420013
6125,0.5352122187614441,0.7472204566001892,0.7247713892993933,0.05079987645149231,0.08299254342453682,0.16529744863510132
6150,0.534976065158844,0.7472843527793884,0.7248550804613287,0.050624262541532516,0.08277480420894524,0.16556529700756073
6175,0.534741997718811,0.7474121451377869,0.7249667835538931,0.050403691828250885,0.08229538756267409,0.16583199799060822
6200,0.5345097184181213,0.7477955222129822,0.7253601127826887,0.050244901329278946,0.08208966834196219,0.166097491979599
6225,0.5342792272567749,0.7479872703552246,0.7255833202351029,0.05005457624793053,0.08173266137928435,0.166362002491951
6250,0.5340502858161926,0.748115062713623,0.7257203156467777,0.04986245930194855,0.08149131510831716,0.16662538051605225
6275,0.5338228940963745,0.7480511665344238,0.7256440965199094,0.0496864877641201,0.08121390268777191,0.1668870747089386
6300,0.5335971713066101,0.7479872703552246,0.72558768611181,0.04947837442159653,0.081006644269916,0.16714723408222198
6325,0.5333720445632935,0.7480511665344238,0.7256821664905075,0.04938079044222832,0.08093438158272366,0.16740623116493225
6350,0.5331476926803589,0.7483067512512207,0.7259409471754676,0.049344439059495926,0.08079097115360422,0.167665034532547
6375,0.532924473285675,0.7483067512512207,0.7259138186518218,0.04919171705842018,0.08052857719059908,0.16792340576648712
6400,0.5327024459838867,0.7485623359680176,0.7261923724327569,0.049045685678720474,0.08040017900273301,0.1681809425354004
6425,0.5324811935424805,0.7486262321472168,0.7262349323719417,0.0488736666738987,0.08028467592253609,0.168437659740448
6450,0.5322610139846802,0.748690128326416,0.726298743052033,0.048761315643787384,0.08006381719529972,0.168693408370018
6475,0.5320415496826172,0.7489457130432129,0.7265684026953015,0.04859532043337822,0.08008828202014902,0.1689482480287552
6500,0.5318226218223572,0.7488179206848145,0.7264679016707667,0.048472966998815536,0.07991446455131222,0.16920256614685059
6525,0.5316048264503479,0.7490735054016113,0.7267661997810557,0.04828633368015289,0.07978218231231105,0.169455885887146
6550,0.5313876867294312,0.7490735054016113,0.7267790557278726,0.04793170094490051,0.07996030787632456,0.16970635950565338
6575,0.5311709642410278,0.7493929862976074,0.7270815769280111,0.0478258915245533,0.07986382505675352,0.16995541751384735
6600,0.5309543609619141,0.7495846748352051,0.7272458748829702,0.04766208305954933,0.07985914414144295,0.17020395398139954
6625,0.5307382941246033,0.7496485710144043,0.7273126153654548,0.047582004219293594,0.07973622375446864,0.1704510748386383
6650,0.5305233001708984,0.7497124671936035,0.7273648323830403,0.047372929751873016,0.07965525575988505,0.17069676518440247
6675,0.5303085446357727,0.7496485710144043,0.7272830127948209,0.047307319939136505,0.07965012797533591,0.17094090580940247
6700,0.5300935506820679,0.7499041557312012,0.7275413010035368,0.04711463302373886,0.07979391779550812,0.17118455469608307
6725,0.5298798084259033,0.750159740447998,0.7277891965987824,0.04698620364069939,0.07951002867268941,0.17142722010612488
6750,0.5296675562858582,0.7502236366271973,0.7278855166902987,0.046808019280433655,0.0792575837349718,0.1716693490743637
6775,0.5294557809829712,0.7500958442687988,0.7277557426636865,0.04668371006846428,0.0791146653153403,0.17191152274608612
6800,0.5292447209358215,0.7500319480895996,0.7276833877119999,0.04666867107152939,0.07927077752568153,0.17215321958065033
6825,0.5290341377258301,0.7500319480895996,0.7276764890089478,0.046534907072782516,0.07891433499176348,0.1723947376012802
6850,0.5288245677947998,0.7500958442687988,0.7277330163696878,0.04648019000887871,0.07882321675314521,0.17263618111610413
6875,0.5286161303520203,0.7502875328063965,0.7278845265728427,0.04633929580450058,0.07851239796986609,0.1728762984275818
6900,0.5284081697463989,0.7507348656654358,0.7283679660814252,0.046276483684778214,0.0784810830124544,0.1731155961751938
6925,0.5282006859779358,0.750798761844635,0.7284769831866444,0.046199265867471695,0.07844346062554493,0.1733548492193222
6950,0.5279940962791443,0.7511182427406311,0.7287813978289333,0.04603780061006546,0.07824444212208563,0.17359288036823273
6975,0.527787983417511,0.7512460350990295,0.7289097988614932,0.04597248509526253,0.07823329280126136,0.17382992804050446
7000,0.527582585811615,0.7512460350990295,0.7289462396403368,0.045873649418354034,0.07807878765052972,0.17406612634658813
7025,0.5273779034614563,0.7509904503822327,0.7286367685028152,0.04567427933216095,0.07798204639639901,0.17430143058300018
7050,0.527174174785614,0.7511821389198303,0.728849420601565,0.04553545266389847,0.0779029982034559,0.1745355874300003
7075,0.5269712209701538,0.7514377236366272,0.7291169286447619,0.045382384210824966,0.07770375388421895,0.17476928234100342
7100,0.5267691016197205,0.7515655159950256,0.7292301338852135,0.045250773429870605,0.0776154719201169,0.17500241100788116
7125,0.5265677571296692,0.7517572045326233,0.7294198296565383,0.045220766216516495,0.07750454460849295,0.17523518204689026
7150,0.5263668894767761,0.7520766854286194,0.7297425245324167,0.04510980844497681,0.07738725788224061,0.17546741664409637
7175,0.5261670351028442,0.7522044777870178,0.7298756106505345,0.04499183967709541,0.07719967320180858,0.17569948732852936
7200,0.5259677767753601,0.7523322701454163,0.7299635784517856,0.044868987053632736,0.07717944734543206,0.1759312003850937
7225,0.5257687568664551,0.7523961663246155,0.7300724442507553,0.04467177763581276,0.07717403374269124,0.17616242170333862
7250,0.5255706906318665,0.7524600625038147,0.7301637270182315,0.04455435648560524,0.07687200962273631,0.17639312148094177
7275,0.5253740549087524,0.7525239586830139,0.7302394283277949,0.04433896765112877,0.07681085740866085,0.1766226589679718
7300,0.5251777768135071,0.7525878548622131,0.7302904542059434,0.044171493500471115,0.07663646343286598,0.17685145139694214
7325,0.5249824523925781,0.752907395362854,0.7306273462814592,0.04398931562900543,0.07663856641663738,0.17707906663417816
7350,0.5247880220413208,0.7532268762588501,0.7309419040541686,0.043626654893159866,0.07638694821029753,0.1773051619529724
7375,0.5245949029922485,0.7531629800796509,0.7308852221702886,0.04372154176235199,0.07626812098309481,0.17753030359745026
7400,0.5244019627571106,0.7535463571548462,0.731262127589656,0.043722596019506454,0.07608342421840798,0.17775598168373108
7425,0.5242100358009338,0.7536102533340454,0.7313201600751638,0.043595489114522934,0.07590621634919256,0.1779811531305313
7450,0.5240187644958496,0.7538019418716431,0.7315072057417602,0.04345075786113739,0.07579083256821943,0.17820516228675842
7475,0.523827850818634,0.7538019418716431,0.7315177609193124,0.04336829110980034,0.07575516503242297,0.17842863500118256
7500,0.5236378312110901,0.7539297342300415,0.7316354103323741,0.04331868514418602,0.0756343449160368,0.17865148186683655
7525,0.5234473943710327,0.7538019418716431,0.7315239098654043,0.04326415807008743,0.07578133451222524,0.17887435853481293
7550,0.5232564806938171,0.7540575265884399,0.7317451227633025,0.043308716267347336,0.07589853975093346,0.17909657955169678
7575,0.5230657458305359,0.7541214227676392,0.7318088305855078,0.04322154074907303,0.0758548981572762,0.17931850254535675
7600,0.5228756666183472,0.7542492151260376,0.7319128866891123,0.043149977922439575,0.07579298579920705,0.17953921854496002
7625,0.5226859450340271,0.7544409036636353,0.7321108767321571,0.04313085228204727,0.07565837392351614,0.17975862324237823
7650,0.5224966406822205,0.7545047998428345,0.7321618116217455,0.04308845475316048,0.07559680338349717,0.17997722327709198
7675,0.5223075151443481,0.7545686960220337,0.732203914416788,0.04301895201206207,0.07544157593746666,0.18019551038742065
7700,0.5221195220947266,0.7546325922012329,0.7322352449872561,0.04276126250624657,0.07531239819292403,0.18041354417800903
7725,0.5219325423240662,0.7546325922012329,0.7322283425274848,0.042694415897130966,0.07507698709419962,0.18062996864318848
7750,0.5217462778091431,0.7545686960220337,0.7321577806570667,0.04256920889019966,0.07503919782992172,0.18084576725959778
7775,0.5215600728988647,0.7547603845596313,0.7323330813360593,0.042479049414396286,0.07503001857761767,0.18106050789356232
7800,0.5213744044303894,0.754952073097229,0.7325622524775349,0.042463067919015884,0.07504995690460894,0.18127486109733582
7825,0.5211892127990723,0.7550159692764282,0.7326072574863571,0.04218018800020218,0.07488312320347854,0.181489035487175
7850,0.5210049152374268,0.7552077174186707,0.7328364453564167,0.04206261411309242,0.07478714905756972,0.1817018836736679
7875,0.5208211541175842,0.7552716135978699,0.7328932066764007,0.04190824553370476,0.07480890619034956,0.1819130927324295
7900,0.520637571811676,0.7553355097770691,0.7329822888724771,0.041777029633522034,0.0748437304511806,0.18212373554706573
7925,0.5204543471336365,0.7552716135978699,0.7329186144953095,0.041732802987098694,0.07468933684696873,0.18233413994312286
7950,0.5202715992927551,0.7552716135978699,0.7329762412393486,0.04168223589658737,0.07460310852880847,0.18254411220550537
7975,0.5200890898704529,0.7552716135978699,0.7329644736457788,0.041496288031339645,0.07456911539716773,0.18275296688079834
8000,0.5199077725410461,0.7553994059562683,0.7330770583150461,0.04115162044763565,0.07450137616464614,0.18295982480049133
8025,0.519727349281311,0.7555271983146667,0.7331975056972361,0.040978968143463135,0.07436812260332068,0.18316519260406494
8050,0.5195472240447998,0.7555271983146667,0.733186702524856,0.04099136218428612,0.07439934317448761,0.1833699494600296
8075,0.5193668603897095,0.7556549906730652,0.733312995144413,0.041012853384017944,0.07436812640777582,0.18357399106025696
8100,0.5191872715950012,0.7557827830314636,0.733439286599717,0.040708862245082855,0.07419909971229373,0.1837770789861679
8125,0.519008457660675,0.7558466792106628,0.7335008477418816,0.040530864149332047,0.0740607636049218,0.18397890031337738
8150,0.5188305377960205,0.7560383677482605,0.73365963377924,0.040463488548994064,0.07406067401730015,0.18417978286743164
8175,0.518652617931366,0.7561661601066589,0.7337997120067256,0.040349822491407394,0.07401002607794233,0.18437963724136353
8200,0.518475353717804,0.7562939524650574,0.7339182084068281,0.04023011401295662,0.073882975935557,0.18457873165607452
8225,0.5182986855506897,0.7565495371818542,0.734097362520296,0.04010928049683571,0.0737604501612851,0.18477748334407806
8250,0.5181227922439575,0.756485641002655,0.7340199477811579,0.04013850912451744,0.07359501395814198,0.18497586250305176
8275,0.5179473161697388,0.7562300562858582,0.7337476788899095,0.04003405570983887,0.07355665675526014,0.18517382442951202
8300,0.51777184009552,0.756485641002655,0.7339953634208535,0.04012687876820564,0.07348837966790767,0.18537117540836334
8325,0.5175972580909729,0.7565495371818542,0.7340442572780896,0.03985778987407684,0.07329777138234299,0.1855677217245102
8350,0.5174238085746765,0.7566773295402527,0.7341323290328398,0.03976534307003021,0.07315018553490213,0.18576398491859436
8375,0.5172508955001831,0.7569329142570496,0.7344310912422571,0.0396505631506443,0.07302179876954736,0.1859596222639084
8400,0.5170784592628479,0.7569329142570496,0.7344055703488949,0.039633024483919144,0.07294168405056194,0.1861547827720642
8425,0.5169065594673157,0.7569968104362488,0.7344683259226144,0.03949480131268501,0.07285692861224263,0.18634939193725586
8450,0.5167348384857178,0.757060706615448,0.7345642870145787,0.039481453597545624,0.07288037877097511,0.18654347956180573
8475,0.5165625810623169,0.7571246027946472,0.7346504495959816,0.0394531786441803,0.07300431099992895,0.18673716485500336
8500,0.5163912773132324,0.7571246027946472,0.7346504495959816,0.0392824187874794,0.07277767053292869,0.1869300901889801
8525,0.5162208676338196,0.7571884989738464,0.7347327985671606,0.03908580541610718,0.07253695495269903,0.18712201714515686
8550,0.5160514712333679,0.7575719356536865,0.7351129226801107,0.03895813599228859,0.07235058333483718,0.18731312453746796
8575,0.5158825516700745,0.7575719356536865,0.7351129226801107,0.03880278393626213,0.07253121613129863,0.18750354647636414
8600,0.5157137513160706,0.7575719356536865,0.7350806640382233,0.038825176656246185,0.07242981630892589,0.1876935362815857
8625,0.5155452489852905,0.7574440836906433,0.7349749028991508,0.03864527866244316,0.07248404550267809,0.18788284063339233
8650,0.5153762698173523,0.7577636241912842,0.7353236534310047,0.03871804475784302,0.07259834500330745,0.18807080388069153
8675,0.5152068138122559,0.7578275203704834,0.7353940481369917,0.038504984229803085,0.07276444722211149,0.18825815618038177
8700,0.515037477016449,0.7578275203704834,0.7353814047005567,0.03857187181711197,0.07294260642384646,0.188444584608078
8725,0.514867901802063,0.7576358318328857,0.7350833800916083,0.038492728024721146,0.07263851243587335,0.18863067030906677
8750,0.5146995186805725,0.7579553127288818,0.7353910047236607,0.038380350917577744,0.07241711069751516,0.18881602585315704
8775,0.5145313739776611,0.7581470012664795,0.7355617635869375,0.03844732046127319,0.07238585601817175,0.18900081515312195
8800,0.5143639445304871,0.7582747936248779,0.7356882815859491,0.038160137832164764,0.07234870679934524,0.18918576836585999
8825,0.5141975283622742,0.7582747936248779,0.7356727210509659,0.0379713699221611,0.07205127812966586,0.1893700808286667
8850,0.5140323638916016,0.7584025859832764,0.7358096479279259,0.038003720343112946,0.07176918302545847,0.18955384194850922
8875,0.5138678550720215,0.7586581707000732,0.7360699990992388,0.03782925382256508,0.07164142178382543,0.18973729014396667
8900,0.513704240322113,0.7587220668792725,0.7361335899215609,0.037755392491817474,0.07140482554030018,0.18992042541503906
8925,0.5135411024093628,0.7588498592376709,0.7362284332411746,0.037721384316682816,0.07133423949440973,0.19010332226753235
8950,0.5133786201477051,0.7587859630584717,0.7362038229366892,0.03761240094900131,0.07125174209762511,0.190285786986351
8975,0.5132169127464294,0.759169340133667,0.7365498702558579,0.03742353245615959,0.07107763367173835,0.19046761095523834
9000,0.5130557417869568,0.7591054439544678,0.7364928984369653,0.03735426813364029,0.0711124006004699,0.1906483769416809
9025,0.512894868850708,0.7589776515960693,0.7363729446958234,0.03726038336753845,0.07099342475708492,0.1908286064863205
9050,0.5127347707748413,0.7594888210296631,0.7368847576000801,0.03702317923307419,0.0708754652483672,0.1910083144903183
9075,0.5125750303268433,0.7598083019256592,0.7372449235791022,0.03699721023440361,0.07090335549378726,0.19118750095367432
9100,0.5124155282974243,0.7598721981048584,0.7372958417844678,0.03691036254167557,0.07082291922098659,0.19136616587638855
9125,0.5122564435005188,0.7600639462471008,0.7374679355202272,0.03674682602286339,0.07068507322340357,0.19154399633407593
9150,0.5120977163314819,0.7600639462471008,0.7374699744464706,0.03666680306196213,0.07067813280437206,0.19172100722789764
9175,0.5119394063949585,0.7604473233222961,0.7378906714525977,0.036547575145959854,0.0706287012478588,0.19189733266830444
9200,0.5117815136909485,0.7606390118598938,0.7380959202331514,0.0364922396838665,0.07059898143925687,0.19207341969013214
9225,0.5116235613822937,0.7608945965766907,0.7383400970643759,0.036460720002651215,0.07052087032544542,0.19224929809570312
9250,0.5114661455154419,0.7611501812934875,0.7386196074195159,0.036406680941581726,0.07052516404082049,0.19242572784423828
9275,0.511309027671814,0.7612140774726868,0.7386958220762473,0.036343395709991455,0.07035283232220324,0.19260171055793762
9300,0.5111523270606995,0.7615335583686829,0.739039271550037,0.036412063986063004,0.07032974590013916,0.19277772307395935
9325,0.510995626449585,0.7615974545478821,0.7390872085323056,0.03627720847725868,0.07035566194244959,0.19295336306095123
9350,0.5108392238616943,0.7616613507270813,0.7391507705021778,0.036177728325128555,0.07028942294147658,0.1931285560131073
9375,0.5106832385063171,0.7619808316230774,0.7394835075344538,0.03619077429175377,0.07017886967364298,0.19330383837223053
9400,0.5105279088020325,0.7620447278022766,0.7395470743933048,0.03616002947092056,0.06996389001844305,0.19347867369651794
9425,0.5103729963302612,0.7620447278022766,0.7395596833017175,0.03598373383283615,0.06987705498915558,0.19365325570106506
9450,0.5102189183235168,0.7621086239814758,0.7396488462406332,0.03588532283902168,0.06974346410153212,0.193826824426651
9475,0.5100653767585754,0.7623003125190735,0.7398456785425184,0.03581855818629265,0.06963734429286823,0.19400005042552948
9500,0.5099123120307922,0.7623642086982727,0.7399092541936986,0.03567517548799515,0.06957859062425252,0.19417257606983185
9525,0.5097599625587463,0.7622364163398743,0.7398016075529799,0.035571563988924026,0.06941403781404115,0.1943446695804596
9550,0.5096084475517273,0.7624281644821167,0.7399793236740559,0.03542904555797577,0.06918059628002997,0.19451607763767242
9575,0.5094572305679321,0.7624920606613159,0.7400490178608694,0.035401351749897,0.06910552654863834,0.19468699395656586
9600,0.5093065500259399,0.7625559568405151,0.7401060997048112,0.03532363846898079,0.06911740735046669,0.19485746324062347
9625,0.5091558694839478,0.7628754377365112,0.7404470537916042,0.0352642685174942,0.06908736591822195,0.19502776861190796
9650,0.5090059041976929,0.7628754377365112,0.7404405775336025,0.03533947467803955,0.06885956781018279,0.19519752264022827
9675,0.5088560581207275,0.7631310224533081,0.7407165533176399,0.035348109900951385,0.06893093012391183,0.1953677237033844
9700,0.5087060332298279,0.7631949186325073,0.7407709050513428,0.0353689081966877,0.06887802165626569,0.19553856551647186
9725,0.5085564851760864,0.7632588148117065,0.7408341391026405,0.0352821946144104,0.06877034253881643,0.19570939242839813
9750,0.5084074139595032,0.7634505033493042,0.7410565401538319,0.03538009896874428,0.06865107699567465,0.19588035345077515
9775,0.5082584619522095,0.7636421918869019,0.7412507326175101,0.035252876579761505,0.06861235193298176,0.1960514485836029
9800,0.5081099271774292,0.7636421918869019,0.7412571546215023,0.0350743792951107,0.06857743434605379,0.19622141122817993
9825,0.5079616904258728,0.7638338804244995,0.7414414554314244,0.035055145621299744,0.06867140913757816,0.1963905245065689
9850,0.5078126788139343,0.7638977766036987,0.7415050298084153,0.035022277384996414,0.06887623966078639,0.19655847549438477
9875,0.5076635479927063,0.7638977766036987,0.7415050298084153,0.034995269030332565,0.06879556766579226,0.19672614336013794
9900,0.5075146555900574,0.7641533613204956,0.7417558640685618,0.034962255507707596,0.06876201623780648,0.19689391553401947
9925,0.5073662400245667,0.7642172574996948,0.7418575088418898,0.034893739968538284,0.06864798870368301,0.19706156849861145
9950,0.5072179436683655,0.7644089460372925,0.7420479571966363,0.034838009625673294,0.06864095564781704,0.1972293108701706
9975,0.5070701241493225,0.7645367383956909,0.7421945021781913,0.03473960980772972,0.06855940531046426,0.19739684462547302
10000,0.5069229006767273,0.7646006345748901,0.7422519214370239,0.034546468406915665,0.0684449261644259,0.19756357371807098
10025,0.5067763328552246,0.7648562788963318,0.7425107340710169,0.034639064222574234,0.06817453867429142,0.19773036241531372
10050,0.5066303014755249,0.764920175075531,0.7425743024729724,0.0344579741358757,0.0682099547448693,0.19789735972881317
10075,0.50648432970047,0.7649840712547302,0.7426440391412967,0.034531865268945694,0.06826778508988586,0.1980632096529007
10100,0.5063385367393494,0.7652396559715271,0.7429042771022842,0.034418702125549316,0.06820433580392149,0.19822828471660614
10125,0.5061928629875183,0.7653035521507263,0.7429489962192561,0.034145113080739975,0.06826786139518547,0.19839249551296234
10150,0.5060476660728455,0.7653035521507263,0.7429489962192561,0.03427407145500183,0.06800513030697532,0.1985558718442917
10175,0.5059026479721069,0.7653674483299255,0.7430463627491548,0.03416424244642258,0.06795542246511951,0.19871886074543
10200,0.50575852394104,0.7653674483299255,0.7430526921930948,0.034054335206747055,0.06775135837938273,0.19888123869895935
10225,0.505615234375,0.7654313445091248,0.7431037790049266,0.033846572041511536,0.06766499139963357,0.1990431547164917
10250,0.5054727792739868,0.7656230330467224,0.7433136814507519,0.03381682559847832,0.0673731520863951,0.19920441508293152
10275,0.5053310394287109,0.7656869292259216,0.7433391372166078,0.03363098204135895,0.06741388994127238,0.19936542212963104
10300,0.5051896572113037,0.7658786177635193,0.7435460893793828,0.033544305711984634,0.06718985559551183,0.19952569901943207
10325,0.5050492882728577,0.7658147215843201,0.7434951298963507,0.03354540467262268,0.06695665368607576,0.1996859312057495
10350,0.5049092173576355,0.7658147215843201,0.7434821397460498,0.03343702480196953,0.06697676626005772,0.1998453438282013
10375,0.504769504070282,0.7659425139427185,0.7436154762072444,0.033349163830280304,0.06687346991587578,0.20000378787517548
10400,0.5046303868293762,0.7660064101219177,0.7437108840006501,0.03322795033454895,0.06671237911138558,0.2001614272594452
10425,0.50449138879776,0.7660703063011169,0.7438253384187855,0.03320685029029846,0.06673728440878582,0.20031803846359253
10450,0.5043527483940125,0.7661342024803162,0.7439336561483962,0.033089764416217804,0.06664552202222049,0.20047438144683838
10475,0.5042141079902649,0.766389787197113,0.7441816780911931,0.033092744648456573,0.06670403686554177,0.20063018798828125
10500,0.504075825214386,0.7665175795555115,0.7443279057775367,0.033029716461896896,0.06654897812727359,0.20078560709953308
10525,0.5039383172988892,0.7666453719139099,0.7444341742968448,0.032809171825647354,0.06637094935519279,0.20094034075737
10550,0.503801167011261,0.7666453719139099,0.744412888311459,0.03284893184900284,0.06630586534174672,0.2010953575372696
10575,0.5036647319793701,0.7665814757347107,0.744355463670568,0.03275717794895172,0.06604480155167132,0.20125046372413635
10600,0.5035290718078613,0.7664536833763123,0.7442284266100132,0.032809220254421234,0.06599009307322613,0.2014051079750061
10625,0.5033937692642212,0.7663258910179138,0.7440949239583224,0.03263523802161217,0.06590400176464342,0.2015598714351654
10650,0.5032588839530945,0.7665814757347107,0.7444252739096003,0.032679710537195206,0.0657521854822489,0.20171412825584412
10675,0.5031243562698364,0.7665814757347107,0.7444252739096003,0.03257087990641594,0.0656885084964771,0.20186768472194672
10700,0.5029900670051575,0.7667092680931091,0.7445840187927331,0.032595835626125336,0.06570212366649195,0.20202091336250305
10725,0.5028558969497681,0.7667731642723083,0.744641328536407,0.03251537308096886,0.06562904128710723,0.20217391848564148
10750,0.5027222633361816,0.7667731642723083,0.744635294215855,0.03244291990995407,0.06550396536959066,0.2023262083530426
10775,0.5025889873504639,0.766964852809906,0.7448388348775202,0.032226987183094025,0.06554166504430595,0.20247769355773926
10800,0.5024556517601013,0.766964852809906,0.7448388348775202,0.03230848163366318,0.06560503986832206,0.20262889564037323
10825,0.5023221969604492,0.7669009566307068,0.7447690425884579,0.03222841024398804,0.06561869849929382,0.20278137922286987
10850,0.5021889805793762,0.7670287489891052,0.7449151799898313,0.032167498022317886,0.06543465154424301,0.20293456315994263
10875,0.5020560622215271,0.7671565413475037,0.7450298492298901,0.03227857127785683,0.06549684205439553,0.20308811962604523
10900,0.5019229650497437,0.7672204971313477,0.7450840539391321,0.032283831387758255,0.06544110512531168,0.20324157178401947
10925,0.501789927482605,0.7672204971313477,0.7450902668185506,0.03219399228692055,0.06549424946693116,0.20339488983154297
10950,0.5016568899154663,0.7671565413475037,0.745032927590253,0.03222550079226494,0.065519855972257,0.2035481184720993
10975,0.5015241503715515,0.7671565413475037,0.7450204773709737,0.03220017999410629,0.06525992312765597,0.20370084047317505
11000,0.5013920068740845,0.7674121856689453,0.7452623328428999,0.03208169713616371,0.06530224571862643,0.20385344326496124
11025,0.5012599229812622,0.7673482894897461,0.7451734721100368,0.032150331884622574,0.06522462074533439,0.20400592684745789
11050,0.5011276602745056,0.7674760818481445,0.7452881887305502,0.03201247379183769,0.06533224022132199,0.20415814220905304
11075,0.5009957551956177,0.7674760818481445,0.7452944034721193,0.03184851258993149,0.0652227527666231,0.20430998504161835
11100,0.5008642077445984,0.7673482894897461,0.7451859413436103,0.031908903270959854,0.06512667360731225,0.20446158945560455
11125,0.5007331371307373,0.7673482894897461,0.7451961870410837,0.03177698329091072,0.0650448007185438,0.20461225509643555
11150,0.5006021857261658,0.7674121856689453,0.7452535170450725,0.031699374318122864,0.06501477828027455,0.20476238429546356
11175,0.5004717111587524,0.7674121856689453,0.7452535170450725,0.031643666326999664,0.06490507245756083,0.20491254329681396
11200,0.5003417730331421,0.7673482894897461,0.7451815863119884,0.031483910977840424,0.06476948331576284,0.20506249368190765
11225,0.5002124309539795,0.7674760818481445,0.7453054493458577,0.03146896883845329,0.06462793871219279,0.2052120864391327
11250,0.5000835657119751,0.767603874206543,0.7454450780432803,0.031427301466464996,0.0646093255102433,0.2053607553243637
11275,0.49995484948158264,0.7677316665649414,0.7455597775121781,0.03140472620725632,0.06458623824507193,0.20550940930843353
11300,0.4998261034488678,0.7678594589233398,0.7457184430087963,0.031368378549814224,0.06453822181463806,0.20565831661224365
11325,0.49969783425331116,0.7678594589233398,0.7456848117076164,0.03113456629216671,0.0643971227734021,0.20580661296844482
11350,0.4995701313018799,0.7679872512817383,0.7458119720629199,0.03118855133652687,0.06442143544174524,0.20595528185367584
11375,0.49944236874580383,0.7680511474609375,0.7458755593576079,0.030994856730103493,0.06436190094614261,0.2061040848493576
11400,0.4993148744106293,0.7681789398193359,0.7460382713163334,0.030999066308140755,0.06427110380568357,0.20625242590904236
11425,0.4991879463195801,0.7681150436401367,0.7459431719177906,0.03084470145404339,0.06411212860975751,0.20639991760253906
11450,0.49906179308891296,0.7681150436401367,0.7459494166643983,0.030610298737883568,0.06405228452580111,0.20654699206352234
11475,0.49893614649772644,0.7681789398193359,0.746000533943617,0.03046421706676483,0.06394847953346032,0.20669318735599518
11500,0.49881061911582947,0.7683706283569336,0.746216575973289,0.030481554567813873,0.06401684628862336,0.2068384438753128
11525,0.498685359954834,0.7683067321777344,0.7461592191129922,0.0304529070854187,0.06379036029040293,0.20698314905166626
11550,0.4985608458518982,0.7684345245361328,0.7462801657955397,0.030506355687975883,0.06368435722205212,0.20712800323963165
11575,0.4984363913536072,0.7686901092529297,0.746566042857258,0.030425511300563812,0.06360382247853738,0.20727193355560303
11600,0.4983126223087311,0.7686901092529297,0.746566042857258,0.030266858637332916,0.0634352214368464,0.20741510391235352
11625,0.49818962812423706,0.7688179016113281,0.7467118636687529,0.030046939849853516,0.0632983390658355,0.2075577676296234
11650,0.49806708097457886,0.7688179016113281,0.7466803896273015,0.029997628182172775,0.06331087163294702,0.20769988000392914
11675,0.497944712638855,0.7687540054321289,0.7466167786706908,0.029951130971312523,0.06322102750506677,0.20784127712249756
11700,0.49782246351242065,0.7688179016113281,0.7466803896273015,0.02988656423985958,0.06327594987250437,0.2079821527004242
11725,0.49769991636276245,0.7688179016113281,0.7466866281543935,0.029993418604135513,0.06337172919939668,0.20812298357486725
11750,0.4975774884223938,0.7690095901489258,0.7469150521529624,0.02985318750143051,0.06326176009950114,0.20826376974582672
11775,0.4974552094936371,0.7691373825073242,0.7470360534269813,0.029914529994130135,0.06327970129841255,0.20840463042259216
11800,0.49733301997184753,0.7691373825073242,0.7470360534269813,0.029779039323329926,0.06333218951292795,0.20854538679122925
11825,0.4972110092639923,0.769073486328125,0.7469746352012305,0.029700595885515213,0.06323241779984544,0.20868593454360962
11850,0.4970892667770386,0.7691373825073242,0.7470510917100618,0.029640140011906624,0.06315221310689066,0.20882628858089447
11875,0.4969678521156311,0.7693929672241211,0.7473183853225351,0.029681917279958725,0.06307554224780955,0.20896656811237335
11900,0.49684658646583557,0.7694568634033203,0.7473757932240568,0.02979985810816288,0.06306038526245117,0.2091067135334015
11925,0.49672529101371765,0.7695207595825195,0.7474394386922167,0.029603080824017525,0.06296602940519463,0.2092469036579132
11950,0.4966045916080475,0.7699041962623596,0.7478057524303895,0.029649777337908745,0.06286752940753378,0.20938657224178314
11975,0.49648401141166687,0.7699041962623596,0.7478057524303895,0.029635895043611526,0.0629187791876746,0.2095254808664322
12000,0.4963635802268982,0.7699041962623596,0.7478118719605105,0.029587864875793457,0.06271389484951656,0.2096642255783081
12025,0.4962438941001892,0.7699041962623596,0.7477995531471051,0.029461629688739777,0.06255620232858725,0.2098027616739273
12050,0.4961245656013489,0.7700319886207581,0.7479267594515226,0.02914133295416832,0.0625949477357375,0.20994111895561218
12075,0.49600568413734436,0.7701597809791565,0.748054069652025,0.029183119535446167,0.06249883172044504,0.21007920801639557
12100,0.4958871304988861,0.7702875733375549,0.7481751810070869,0.029169339686632156,0.062373178359741405,0.2102172076702118
12125,0.495768666267395,0.7704792618751526,0.7483538202772377,0.028950903564691544,0.06253325754806092,0.2103550136089325
12150,0.4956500232219696,0.7702236771583557,0.7480487323810581,0.029112914577126503,0.06243995255919635,0.2104923278093338
12175,0.4955313205718994,0.7703514695167542,0.7481760488509421,0.028828004375100136,0.06259952130609896,0.21062952280044556
12200,0.4954127073287964,0.7704153656959534,0.7482650058530024,0.028782645240426064,0.06254586475162137,0.21076630055904388
12225,0.49529439210891724,0.7705431580543518,0.7483800682159931,0.02887333743274212,0.06244418459524852,0.21090294420719147
12250,0.4951765537261963,0.7705431580543518,0.74837994316145,0.028781933709979057,0.062279351391009104,0.2110394835472107
12275,0.4950588047504425,0.7706709504127502,0.7485072928136246,0.02879997156560421,0.06245123021725195,0.21117578446865082
12300,0.49494078755378723,0.7707987427711487,0.7486543745177227,0.028750047087669373,0.0624632320792464,0.21131207048892975
12325,0.4948229491710663,0.7709904313087463,0.7488392986338662,0.028818797320127487,0.06236589333940314,0.2114480882883072
12350,0.49470511078834534,0.7709265351295471,0.7487694862684182,0.028733571991324425,0.06239654096265506,0.21158427000045776
12375,0.4945874512195587,0.7709904313087463,0.7488270542898974,0.02869441732764244,0.062357333079731465,0.2117202877998352
12400,0.49446994066238403,0.7711182236671448,0.7489482364507819,0.028683647513389587,0.062316804245408274,0.2118559628725052
12425,0.494352251291275,0.7713099122047424,0.7491145480091743,0.02867089956998825,0.062444383057834514,0.21199145913124084
12450,0.49423447251319885,0.7714377045631409,0.7492611319622534,0.02872532047331333,0.062434888295526916,0.21212686598300934
12475,0.4941166639328003,0.7716293931007385,0.7494753774629483,0.02866349183022976,0.06235253392057232,0.21226179599761963
12500,0.49399906396865845,0.7716293931007385,0.7494722055217221,0.02846532128751278,0.06224613626811844,0.21239632368087769
12525,0.4938821494579315,0.7716932892799377,0.7495384763689775,0.028409142047166824,0.06217969227676475,0.2125302255153656
12550,0.4937656819820404,0.7718210816383362,0.749651033732579,0.02825114130973816,0.062080956962315394,0.21266376972198486
12575,0.49364975094795227,0.7718210816383362,0.749613683384236,0.0280824713408947,0.06199432313875306,0.21279692649841309
12600,0.4935343265533447,0.7718210816383362,0.7496390450506638,0.028041504323482513,0.06193734183023439,0.21292924880981445
12625,0.49341899156570435,0.7719488739967346,0.7497924641982376,0.028178608044981956,0.0618389964186175,0.21306172013282776
12650,0.49330371618270874,0.7720128297805786,0.749862334951713,0.028029896318912506,0.06188694554450632,0.213194340467453
12675,0.4931884706020355,0.7722045183181763,0.7500784492545837,0.027941349893808365,0.061927605351771366,0.21332645416259766
12700,0.4930734634399414,0.7720767259597778,0.7499631411601473,0.02786017581820488,0.06183454530378638,0.2134583741426468
12725,0.4929589629173279,0.7719488739967346,0.7498046853039032,0.027751943096518517,0.06167437813819897,0.21358981728553772
12750,0.49284476041793823,0.7720128297805786,0.7498685907994456,0.027936480939388275,0.06159905958007882,0.21372121572494507
12775,0.4927307665348053,0.7722045183181763,0.7501092482133978,0.02781916968524456,0.06151314438290008,0.21385259926319122
12800,0.49261707067489624,0.7722684144973755,0.7501859183070425,0.02771570533514023,0.06143084497265587,0.21398407220840454
12825,0.4925030469894409,0.7723962068557739,0.7503253272738949,0.027809545397758484,0.06171776051677435,0.21411515772342682
12850,0.4923888146877289,0.7724601030349731,0.7503830105184576,0.02792786993086338,0.061687016759206556,0.21424557268619537
12875,0.4922746419906616,0.7725878953933716,0.7504896205919733,0.027783580124378204,0.06160779485097031,0.21437598764896393
12900,0.4921610355377197,0.77271568775177,0.7506402278951027,0.027560189366340637,0.061523790905297165,0.2145058810710907
12925,0.49204742908477783,0.77271568775177,0.7506402278951027,0.02759357914328575,0.06160094427141928,0.21463517844676971
12950,0.491933673620224,0.77271568775177,0.7506427455807195,0.02754562720656395,0.06160959594309555,0.21476443111896515
12975,0.4918200671672821,0.7727795839309692,0.7507126361177837,0.027663255110383034,0.061534812298553634,0.21489334106445312
13000,0.49170616269111633,0.7728434801101685,0.7507762483837965,0.02758006565272808,0.06181661826278848,0.21502238512039185
13025,0.4915917217731476,0.7729073762893677,0.7508398610516909,0.027560073882341385,0.06180173062732371,0.21515119075775146
13050,0.4914771616458893,0.7731629610061646,0.7511136594936492,0.027534089982509613,0.06198597176263131,0.21527980268001556
13075,0.4913625717163086,0.7735463380813599,0.7515155422947014,0.02752557583153248,0.06192965855195669,0.21540823578834534
13100,0.4912482500076294,0.7737380266189575,0.7517630442874471,0.027436435222625732,0.06190734937607002,0.21553604304790497
13125,0.4911339581012726,0.7739297151565552,0.7519333797581251,0.027287162840366364,0.06181189397790935,0.2156636118888855
13150,0.49102023243904114,0.7743130922317505,0.7523071300722527,0.02751914970576763,0.06148320675179849,0.21579097211360931
13175,0.49090704321861267,0.7743770480155945,0.7523590950631419,0.027272561565041542,0.06159914774141617,0.21591848134994507
13200,0.49079349637031555,0.7744409441947937,0.7524227337798882,0.027266889810562134,0.06172899033040502,0.21604545414447784
13225,0.4906798303127289,0.7743130922317505,0.752257749812246,0.02722548507153988,0.061631591695709025,0.21617244184017181
13250,0.49056676030158997,0.7746326327323914,0.7526073897695846,0.027110235765576363,0.061551247265424776,0.21629932522773743
13275,0.4904537796974182,0.7746326327323914,0.752613220512367,0.027347007766366005,0.0614254962240571,0.216425359249115
13300,0.4903407096862793,0.7746965289115906,0.7526608745893962,0.027033546939492226,0.061731473291648346,0.21655061841011047
13325,0.4902266561985016,0.7748882174491882,0.7528343193705267,0.027239566668868065,0.061953096653655275,0.21667557954788208
13350,0.4901118576526642,0.774824321269989,0.7527643885338163,0.02706654742360115,0.062272396223019756,0.2168012261390686
13375,0.4899967908859253,0.7748882174491882,0.7527854089763923,0.027123449370265007,0.06227167859507801,0.21692661941051483
13400,0.4898811876773834,0.7749521136283875,0.7528548109963557,0.027205877006053925,0.062455269829206954,0.21705184876918793
13425,0.48976507782936096,0.7750799059867859,0.7530073026405804,0.027167173102498055,0.06257095383561158,0.21717692911624908
13450,0.48964929580688477,0.7752076983451843,0.7531350900533944,0.027209743857383728,0.06252321955269137,0.21730217337608337
13475,0.48953354358673096,0.7752076983451843,0.7531350900533944,0.02724558115005493,0.06234130648500564,0.21742767095565796
13500,0.48941776156425476,0.7755271792411804,0.7534956642774817,0.027110356837511063,0.06246099892481396,0.21755313873291016
13525,0.4893021881580353,0.7757188677787781,0.7536933461319946,0.027028888463974,0.06237178533755032,0.21767859160900116
13550,0.48918676376342773,0.7758466601371765,0.7538400770675966,0.027030140161514282,0.062319611941542945,0.21780435740947723
13575,0.48907142877578735,0.7758466601371765,0.7538400770675966,0.02707795239984989,0.06240008458631277,0.21793004870414734
13600,0.4889559745788574,0.7757188677787781,0.7537162395580207,0.02699127048254013,0.06243127035325649,0.21805545687675476
13625,0.48884066939353943,0.7759105563163757,0.7538979747971482,0.027025554329156876,0.06229566807415883,0.2181805819272995
13650,0.48872578144073486,0.7760383486747742,0.7540229243688424,0.026958661153912544,0.062287201389430745,0.21830534934997559
13675,0.4886108338832855,0.7762300372123718,0.7542333501611111,0.027094421908259392,0.06226136639005651,0.21843047440052032
13700,0.48849597573280334,0.776293933391571,0.7542793414059639,0.026807710528373718,0.06216340492891852,0.21855567395687103
13725,0.48838186264038086,0.7762300372123718,0.7542157050601532,0.026661071926355362,0.062053221322518254,0.21868088841438293
13750,0.48826852440834045,0.7762300372123718,0.7542276539418724,0.0265074223279953,0.061857483246986575,0.21880604326725006
13775,0.4881553649902344,0.7763578295707703,0.7543549354914961,0.02656119503080845,0.06191265889369579,0.21893131732940674
13800,0.48804163932800293,0.7765495181083679,0.7545773232468611,0.02668810449540615,0.06210682566830466,0.21905672550201416
13825,0.4879279136657715,0.7766134142875671,0.7546369201018046,0.026548663154244423,0.061889460819066835,0.21918202936649323
13850,0.4878149926662445,0.7766134142875671,0.7546312353637167,0.026376109570264816,0.0617726543677693,0.21930637955665588
13875,0.4877018928527832,0.7764856219291687,0.7544885560855884,0.026420727372169495,0.06203553326291921,0.2194305807352066
13900,0.4875887334346771,0.7765495181083679,0.754555595518579,0.026452399790287018,0.061802607467076096,0.21955446898937225
13925,0.4874762296676636,0.7768690586090088,0.7549247651856634,0.02620393969118595,0.061683655609922665,0.21967813372612
13950,0.4873644709587097,0.7768051624298096,0.7548667910637579,0.026275906711816788,0.06175622744357173,0.21980121731758118
13975,0.48725196719169617,0.776932954788208,0.7549884012018964,0.026219822466373444,0.06176152504932364,0.21992488205432892
14000,0.4871397614479065,0.7770607471466064,0.7551100202736961,0.026198724284768105,0.06164436246636783,0.2200482338666916
14025,0.4870275855064392,0.7770607471466064,0.7551100202736961,0.026225611567497253,0.061817034463260714,0.220171257853508
14050,0.4869151711463928,0.7769968509674072,0.7550211883712116,0.026199545711278915,0.061727312887986406,0.2202945202589035
14075,0.4868033826351166,0.7773163318634033,0.7553623457341367,0.026241470128297806,0.06142953770061981,0.22041790187358856
14100,0.4866919219493866,0.7773802280426025,0.7554203582180739,0.025970369577407837,0.06148191222168801,0.2205408662557602
14125,0.4865809679031372,0.7774441242218018,0.7555091894178468,0.02601330354809761,0.0612192769021593,0.22066287696361542
14150,0.4864709675312042,0.7774441242218018,0.7555091894178468,0.02579161338508129,0.061168297134185826,0.22078460454940796
14175,0.486361026763916,0.7774441242218018,0.7555091894178468,0.025701744481921196,0.06114489711320647,0.22090615332126617
14200,0.48625123500823975,0.777508020401001,0.7555728194347708,0.02600756101310253,0.06102256639093862,0.2210276573896408
14225,0.4861415922641754,0.777508020401001,0.7555728194347708,0.02573736570775509,0.06114035428029471,0.22114968299865723
14250,0.48603177070617676,0.7775719165802002,0.755667226827566,0.025907624512910843,0.061075185901585824,0.2212713360786438
14275,0.4859219491481781,0.7776358127593994,0.7557245462185932,0.025741910561919212,0.06112333206375757,0.22139306366443634
14300,0.48581230640411377,0.7776358127593994,0.7557552896442697,0.025759534910321236,0.06101996631730159,0.22151459753513336
14325,0.4857030510902405,0.7776997089385986,0.7558252330573226,0.025791672989726067,0.06089705403918672,0.22163552045822144
14350,0.48559409379959106,0.7776997089385986,0.7558252330573226,0.025642365217208862,0.060894017868802844,0.2217562049627304
14375,0.4854852855205536,0.7776997089385986,0.7558559431178387,0.02552567608654499,0.060966712380313176,0.22187687456607819
14400,0.4853766858577728,0.7776358127593994,0.7557979225280858,0.025667820125818253,0.060682010934629535,0.2219972163438797
14425,0.48526808619499207,0.7776997089385986,0.7558559431178387,0.0256038811057806,0.06080080900815004,0.22211714088916779
14450,0.48515957593917847,0.7776997089385986,0.7558559431178387,0.025476224720478058,0.06075813939172012,0.22223632037639618
14475,0.48505157232284546,0.777508020401001,0.7556580268222001,0.025309624150395393,0.06065095274445532,0.22235485911369324
14500,0.4849439263343811,0.777508020401001,0.7556580268222001,0.025252457708120346,0.06058422329329954,0.22247330844402313
14525,0.48483654856681824,0.7776997089385986,0.7558334948877409,0.02532036043703556,0.06053329989727814,0.22259166836738586
14550,0.4847288429737091,0.7777636051177979,0.7558971113157892,0.025350723415613174,0.060697868857799146,0.2227090448141098
14575,0.4846208691596985,0.7780191898345947,0.7561425287694923,0.025230972096323967,0.06068517875705707,0.22282598912715912
14600,0.48451346158981323,0.7781469821929932,0.7562453897464276,0.025154002010822296,0.06053957195468563,0.22294309735298157
14625,0.4844064712524414,0.7782747745513916,0.7563733824486865,0.025054575875401497,0.06043484341556762,0.22305968403816223
14650,0.484299898147583,0.7782747745513916,0.7564040978135464,0.025028232485055923,0.06027501915889509,0.22317597270011902
14675,0.4841938018798828,0.7782108783721924,0.7562965093441092,0.025158027186989784,0.06024762635442738,0.22329191863536835
14700,0.48408767580986023,0.77840256690979,0.7565188556141327,0.02503925748169422,0.06023180435323595,0.22340776026248932
14725,0.48398181796073914,0.77840256690979,0.7565188556141327,0.02480919286608696,0.060215497841179605,0.22352366149425507
14750,0.4838762879371643,0.7783386707305908,0.7564552247875644,0.024833528324961662,0.06009295309488747,0.22363923490047455
14775,0.4837707281112671,0.7782747745513916,0.7563852886452214,0.024903545156121254,0.060394925140090615,0.22375446557998657
14800,0.4836643636226654,0.7782108783721924,0.7563062642725717,0.0249908696860075,0.06016696312541632,0.2238699346780777
14825,0.483558714389801,0.7782747745513916,0.7563698882089436,0.024793529883027077,0.060202448256653406,0.22398632764816284
14850,0.48345306515693665,0.7783386707305908,0.756439842686931,0.024794746190309525,0.06008339937225147,0.22410257160663605
14875,0.4833475351333618,0.77840256690979,0.7565034713626116,0.024741029366850853,0.06020567831551522,0.22421911358833313
14900,0.4832419753074646,0.7782747745513916,0.7563930740348188,0.024910438805818558,0.06011841469072184,0.22433537244796753
14925,0.48313629627227783,0.7782108783721924,0.7563463834905926,0.02465476095676422,0.060335861503587024,0.2244514673948288
14950,0.4830305576324463,0.7781469821929932,0.7562884165982264,0.024700317531824112,0.06040022161272091,0.22456710040569305
14975,0.48292502760887146,0.7781469821929932,0.7563233468719208,0.02434564381837845,0.060179310130962796,0.22468234598636627
15000,0.48282021284103394,0.7782108783721924,0.7563869861061251,0.02432374283671379,0.06009175338476561,0.22479739785194397
15025,0.48271530866622925,0.778083086013794,0.7562597082655119,0.024326594546437263,0.060054346173975745,0.2249123901128769
15050,0.4826105535030365,0.7782108783721924,0.7563506030235885,0.024267753586173058,0.060152283519051886,0.2250271886587143
15075,0.4825056195259094,0.7782747745513916,0.7564142422577926,0.024305107071995735,0.06020413069864405,0.22514140605926514
15100,0.4824007451534271,0.7783386707305908,0.7564722252774174,0.024419276043772697,0.06003875736026685,0.22525595128536224
15125,0.4822961091995239,0.7783386707305908,0.7564722252774174,0.02434341423213482,0.06012939466520357,0.225370392203331
15150,0.48219138383865356,0.7784664630889893,0.756630899896171,0.02425636351108551,0.06013602316001516,0.225484699010849
15175,0.4820868670940399,0.7785303592681885,0.7566888996476748,0.0242480356246233,0.06002886473780331,0.2255984991788864
15200,0.48198211193084717,0.7784664630889893,0.7566177515896311,0.024394787847995758,0.06013716740178649,0.22571216523647308
15225,0.48187699913978577,0.7784664630889893,0.7566177515896311,0.024313298985362053,0.06036086167410641,0.2258254736661911
15250,0.48177164793014526,0.77840256690979,0.7565687637830696,0.024206846952438354,0.06030200011619683,0.2259383648633957
15275,0.48166659474372864,0.7784664630889893,0.7566267557741284,0.024401728063821793,0.060187914954927785,0.22605104744434357
15300,0.48156192898750305,0.7785303592681885,0.7567404648967706,0.024263957515358925,0.060139913934297386,0.22616447508335114
15325,0.48145708441734314,0.7786581516265869,0.7568684284666413,0.024328680709004402,0.060138648523006565,0.2262779176235199
15350,0.48135238885879517,0.7787859439849854,0.7569963915726226,0.024175718426704407,0.06016257121947535,0.22639116644859314
15375,0.4812479615211487,0.7787859439849854,0.7569907758178916,0.024226922541856766,0.06012296484064153,0.22650475800037384
15400,0.4811432659626007,0.778977632522583,0.7571649279365069,0.024255376309156418,0.06009482627271514,0.22661888599395752
15425,0.48103857040405273,0.7791054248809814,0.7572922277667586,0.02432546764612198,0.05991097025840769,0.2267337292432785
15450,0.48093435168266296,0.7791054248809814,0.7573139033333935,0.024246450513601303,0.059935784012952326,0.22684882581233978
15475,0.48083028197288513,0.7792971730232239,0.7575374153940826,0.023968474939465523,0.059961357548249605,0.22696417570114136
15500,0.4807262718677521,0.7794888615608215,0.7577346743192845,0.02422260120511055,0.059835151430904565,0.22707882523536682
15525,0.4806225001811981,0.77961665391922,0.7578627104041846,0.024081675335764885,0.05983146722278979,0.22719277441501617
15550,0.48051905632019043,0.7795527577400208,0.7578178834362808,0.023722099140286446,0.05982898831856666,0.22730641067028046
15575,0.4804157614707947,0.7793610692024231,0.7576074767625705,0.02373194880783558,0.05985827400387388,0.22741927206516266
15600,0.4803123474121094,0.7792971730232239,0.7575493931911207,0.023709489032626152,0.05982514326931013,0.22753232717514038
15625,0.4802092909812927,0.7793610692024231,0.7576380275683159,0.023672323673963547,0.05969591393253588,0.22764529287815094
15650,0.48010674118995667,0.7794888615608215,0.7577903006079467,0.023682843893766403,0.05950578677759651,0.22775840759277344
15675,0.48000434041023254,0.7795527577400208,0.7578539649321254,0.023787112906575203,0.059478582376746414,0.2278720736503601
15700,0.4799020290374756,0.7795527577400208,0.7578469828866168,0.023882929235696793,0.05937007453021754,0.22798584401607513
15725,0.4798000156879425,0.77961665391922,0.7579050705572745,0.023591019213199615,0.05946333348269768,0.2280990183353424
15750,0.4796983301639557,0.77961665391922,0.7578994988847596,0.023647276684641838,0.05926765974850105,0.22821210324764252
15775,0.4795968532562256,0.77961665391922,0.7578994988847596,0.02355017699301243,0.05949714015254311,0.22832468152046204
15800,0.47949492931365967,0.7796805500984192,0.7579388914930482,0.023657187819480896,0.059326164405842596,0.22843649983406067
15825,0.47939321398735046,0.7798083424568176,0.7580551095172119,0.023581061512231827,0.05936876278349055,0.22854848206043243
15850,0.4792915880680084,0.7798083424568176,0.7580856344821505,0.023495594039559364,0.059418455003150024,0.2286597639322281
15875,0.4791899621486664,0.7800000309944153,0.7582891239957646,0.023330921307206154,0.059485517941181704,0.22877009212970734
15900,0.47908830642700195,0.7800639271736145,0.7583721868800379,0.02344069629907608,0.059463152643553806,0.22887970507144928
15925,0.4789864420890808,0.7799361348152161,0.7582503775981316,0.02353978529572487,0.05946845733424535,0.2289898544549942
15950,0.4788847267627716,0.7798722386360168,0.7581804814120681,0.02335926704108715,0.05938565900815582,0.22910010814666748
15975,0.47878342866897583,0.7799361348152161,0.7582441567891809,0.023315532132983208,0.059160160421212526,0.2292099893093109
16000,0.4786825478076935,0.7800000309944153,0.7583015921069697,0.0232443418353796,0.05932001779802408,0.22932003438472748
16025,0.4785814881324768,0.7801278233528137,0.7584233950900736,0.023160438984632492,0.05925018125762087,0.2294304072856903
16050,0.47848063707351685,0.7800639271736145,0.7583597219098733,0.023288721218705177,0.059179590633736893,0.22954082489013672
16075,0.47837984561920166,0.7800639271736145,0.7583597219098733,0.023125961422920227,0.05907325487558656,0.22965086996555328
16100,0.47827962040901184,0.7801278233528137,0.7584233950900736,0.02315237745642662,0.05897463185172534,0.22976014018058777
16125,0.4781801402568817,0.7802556157112122,0.7585541411599773,0.02306460402905941,0.05891866591822166,0.2298690378665924
16150,0.47808030247688293,0.7803834080696106,0.758777621736302,0.02302614599466324,0.05879041729726287,0.22997762262821198
16175,0.4779810905456543,0.780511200428009,0.7588863635360938,0.022902961820364,0.058776305995360836,0.23008596897125244
16200,0.47788184881210327,0.7807028889656067,0.7590663499973493,0.02308535948395729,0.05871010032235432,0.23019355535507202
16225,0.47778329253196716,0.7805750966072083,0.7589748977191018,0.023036345839500427,0.058523962678585076,0.23030151426792145
16250,0.47768455743789673,0.7807667851448059,0.7591852510592609,0.022971482947468758,0.058621671732926935,0.23040986061096191
16275,0.4775855243206024,0.7808306813240051,0.7592489290309574,0.023191023617982864,0.05862105678679181,0.23051860928535461
16300,0.4774864912033081,0.7807667851448059,0.759190762212613,0.022936059162020683,0.05867249127111537,0.23062746226787567
16325,0.4773876667022705,0.7807667851448059,0.759190762212613,0.022885462269186974,0.05833332145718457,0.2307356894016266
16350,0.47728967666625977,0.7807667851448059,0.7591970110506354,0.022901209071278572,0.05824847525457173,0.23084351420402527
16375,0.4771919548511505,0.7808945775032043,0.7593677058608557,0.022673223167657852,0.05830265523395912,0.2309514284133911
16400,0.4770943820476532,0.7809584736824036,0.7594313845140785,0.022642580792307854,0.05823232371975192,0.2310589700937271
16425,0.4769972264766693,0.7809584736824036,0.7594313845140785,0.022555045783519745,0.058187215141581435,0.23116615414619446
16450,0.47690027952194214,0.7809584736824036,0.7594313845140785,0.022696461528539658,0.05802249326485642,0.2312726229429245
16475,0.47680360078811646,0.7809584736824036,0.7594313845140785,0.02249021641910076,0.05802108551988615,0.23137900233268738
16500,0.4767073690891266,0.7808945775032043,0.7593614406874196,0.02233649417757988,0.05798029013331765,0.23148515820503235
16525,0.4766111671924591,0.7811501622200012,0.7596299418334151,0.022476602345705032,0.05788780657150022,0.2315908521413803
16550,0.4765152037143707,0.7811501622200012,0.7596299418334151,0.022339336574077606,0.05786233016323854,0.23169630765914917
16575,0.47641974687576294,0.7813418507575989,0.7598055457618451,0.022159507498145103,0.057673956824972845,0.2318018227815628
16600,0.4763248562812805,0.7813418507575989,0.759780751891088,0.02235480770468712,0.057689937154348905,0.2319076806306839
16625,0.476229727268219,0.7813418507575989,0.759780751891088,0.022114267572760582,0.05767547903406675,0.23201364278793335
16650,0.4761345684528351,0.7816613912582397,0.7600827449404002,0.02220863290131092,0.05770160107118061,0.2321193367242813
16675,0.47603949904441833,0.7817891836166382,0.7602109454627177,0.022207366302609444,0.05761960032545016,0.23222488164901733
16700,0.4759446084499359,0.781725287437439,0.760158989030924,0.022299570962786674,0.05758188359411533,0.23232969641685486
16725,0.4758496582508087,0.7814696431159973,0.7598958479374602,0.022336024791002274,0.057553413953427196,0.2324344962835312
16750,0.47575467824935913,0.7813418507575989,0.7598079805216258,0.022083580493927002,0.05770909253855965,0.23253965377807617
16775,0.47565969824790955,0.7812779545783997,0.7597194937374506,0.022116390988230705,0.0576701994265693,0.23264431953430176
16800,0.47556474804878235,0.7814696431159973,0.7599415902938877,0.02218552678823471,0.0576158898548224,0.23274891078472137
16825,0.47546982765197754,0.7814696431159973,0.7599415902938877,0.02214852347970009,0.057729182100275486,0.23285309970378876
16850,0.4753744304180145,0.7814057469367981,0.7598875456155543,0.022048652172088623,0.05775428517309488,0.23295697569847107
16875,0.4752793610095978,0.7816613912582397,0.7601258673643807,0.022003619000315666,0.05761767016369951,0.2330607771873474
16900,0.4751845598220825,0.781725287437439,0.7601895496216153,0.021986285224556923,0.05765546897729319,0.2331639677286148
16925,0.47509005665779114,0.7818530797958374,0.7603231756550843,0.021997936069965363,0.05751521703209474,0.2332669496536255
16950,0.47499576210975647,0.7819169759750366,0.76041165052979,0.021938802674412727,0.05735014671436329,0.23336990177631378
16975,0.47490182518959045,0.7818530797958374,0.7603417074750332,0.022072721272706985,0.05744248273178751,0.23347285389900208
17000,0.4748072326183319,0.7819808721542358,0.7605001004741825,0.022254152223467827,0.05742743720973201,0.2335759401321411
17025,0.4747127592563629,0.7821086645126343,0.7606522132747467,0.022039180621504784,0.05743408735272093,0.233678936958313
17050,0.47461840510368347,0.7821725606918335,0.7607104683078257,0.022214418277144432,0.057451571643642396,0.23378175497055054
17075,0.4745238721370697,0.7821086645126343,0.7606522132747467,0.02199324034154415,0.057400660135859496,0.233884796500206
17100,0.47442981600761414,0.7821086645126343,0.7606522132747467,0.021885579451918602,0.05741155301215485,0.2339870035648346
17125,0.47433575987815857,0.7822364568710327,0.7607988766273093,0.021761439740657806,0.0573139959575047,0.23408886790275574
17150,0.47424203157424927,0.7821725606918335,0.7607289295112534,0.021772412583231926,0.057255064405222364,0.23419058322906494
17175,0.474148690700531,0.7821086645126343,0.7606652458042855,0.02172909304499626,0.05724094582546214,0.23429249227046967
17200,0.4740552306175232,0.7822364568710327,0.7607872012571462,0.021623563021421432,0.05720627563878194,0.23439407348632812
17225,0.47396188974380493,0.7822364568710327,0.7607872012571462,0.021517202258110046,0.05713663311578461,0.23449558019638062
17250,0.4738690257072449,0.7824281454086304,0.7609791171616886,0.021764427423477173,0.05694058117494129,0.23459692299365997
17275,0.4737767279148102,0.7824281454086304,0.7609674548233683,0.02149115689098835,0.056875255321010766,0.2346988469362259
17300,0.4736846089363098,0.7824281454086304,0.7609464828144019,0.021487878635525703,0.05683384826610494,0.23480035364627838
17325,0.47359246015548706,0.7824281454086304,0.7609464828144019,0.021364914253354073,0.056856399553118636,0.23490184545516968
17350,0.47350069880485535,0.7824281454086304,0.7609765990223241,0.021539762616157532,0.05671658101196745,0.2350033074617386
17375,0.47340887784957886,0.7824920415878296,0.7610295105864778,0.021624168381094933,0.05673733107255622,0.23510469496250153
17400,0.47331714630126953,0.7825559377670288,0.761093192312203,0.02155107818543911,0.05669927535140749,0.23520614206790924
17425,0.47322553396224976,0.7825559377670288,0.761093192312203,0.021445058286190033,0.056721058630250655,0.23530732095241547
17450,0.4731341302394867,0.7825559377670288,0.761093192312203,0.021403497084975243,0.056509244781872844,0.2354082316160202
17475,0.4730430245399475,0.7825559377670288,0.761093192312203,0.021245168522000313,0.05670156469013774,0.23550920188426971
17500,0.47295159101486206,0.7825559377670288,0.7610832038524923,0.021361341699957848,0.05665796084243061,0.23561066389083862
17525,0.47286030650138855,0.7825559377670288,0.7610832038524923,0.021324116736650467,0.05653276228351669,0.23571211099624634
17550,0.47276929020881653,0.7827476263046265,0.76126979533075,0.021336304023861885,0.05650813849064081,0.23581352829933167
17575,0.47267845273017883,0.7827476263046265,0.7612751543862928,0.021266115829348564,0.05638376050790109,0.2359149307012558
17600,0.4725880026817322,0.7827476263046265,0.76129988003722,0.021301155909895897,0.056305086988799734,0.23601560294628143
17625,0.4724976122379303,0.7827476263046265,0.76129988003722,0.02124071680009365,0.05636947451548584,0.23611636459827423
17650,0.4724072813987732,0.7828754186630249,0.7614281607027247,0.021317480131983757,0.05629143046836937,0.2362174391746521
17675,0.4723173677921295,0.7829393148422241,0.761486496147719,0.021131444722414017,0.056149177959215694,0.2363189160823822
17700,0.4722276031970978,0.7831310033798218,0.761679384733053,0.021110760048031807,0.056050139452110154,0.23642076551914215
17725,0.47213810682296753,0.783194899559021,0.7617493079687442,0.021090064197778702,0.056040355071126875,0.23652248084545135
17750,0.47204869985580444,0.7833226919174194,0.7618796067524135,0.0210417527705431,0.056008868508634645,0.2366238534450531
17775,0.47195953130722046,0.7834504842758179,0.7620168111460314,0.02123843878507614,0.05585926361300232,0.2367250770330429
17800,0.47187063097953796,0.7837060689926147,0.7622919910905488,0.0211382694542408,0.05580810690039131,0.23682598769664764
17825,0.4717819392681122,0.7838977575302124,0.7624876645339167,0.021039526909589767,0.0557555489728411,0.23692715167999268
17850,0.47169312834739685,0.7839616537094116,0.762546116485997,0.02101781964302063,0.05595752670916735,0.2370285838842392
17875,0.47160404920578003,0.7840256094932556,0.7626387516197815,0.020961157977581024,0.05593766909960679,0.237129807472229
17900,0.47151511907577515,0.7840895056724548,0.7627313637407984,0.021074382588267326,0.05589377092240555,0.2372305542230606
17925,0.4714266359806061,0.7842172980308533,0.7628720227926402,0.02081579528748989,0.0556696903743983,0.23733128607273102
17950,0.47133857011795044,0.784153401851654,0.7628083348725556,0.020867548882961273,0.055695878166262446,0.23743149638175964
17975,0.4712506830692291,0.7840895056724548,0.7627498510507736,0.02083469182252884,0.05558728295836786,0.23753094673156738
18000,0.4711627662181854,0.7842811942100525,0.7629367376054902,0.020840080454945564,0.0556601687593492,0.23763054609298706
18025,0.4710749387741089,0.7844089865684509,0.763064122247069,0.020848281681537628,0.05549809698926568,0.23773092031478882
18050,0.47098737955093384,0.784728467464447,0.7633759314682955,0.020954689010977745,0.05545276674384826,0.23783127963542938
18075,0.47089987993240356,0.7850479483604431,0.7637335238085192,0.020796116441488266,0.055493855425264534,0.23793214559555054
18100,0.47081252932548523,0.7850479483604431,0.763708807653186,0.02075253613293171,0.05539851957558028,0.23803304135799408
18125,0.4707255959510803,0.7850479483604431,0.763708807653186,0.02076358161866665,0.055339065726889854,0.23813357949256897
18150,0.47063806653022766,0.78530353307724,0.7639869124893616,0.02081674337387085,0.05550060283275668,0.2382340133190155
18175,0.4705507159233093,0.7853674292564392,0.7640753068955892,0.02083532325923443,0.05539706636086661,0.23833449184894562
18200,0.47046318650245667,0.78530353307724,0.7640065429977834,0.02069050259888172,0.05548155015654903,0.23843498528003693
18225,0.4703758955001831,0.7853674292564392,0.7640764672274841,0.020640090107917786,0.05542790552534471,0.2385352998971939
18250,0.4702887237071991,0.7854313254356384,0.764135072099674,0.020561160519719124,0.055403422353412245,0.23863527178764343
18275,0.4702017903327942,0.7854952216148376,0.7641936857703284,0.02059118263423443,0.05537784730106555,0.23873507976531982
18300,0.47011473774909973,0.7854313254356384,0.7641124509794229,0.020596414804458618,0.05533099168895511,0.23883496224880219
18325,0.47002798318862915,0.7854313254356384,0.7641175040821278,0.020657408982515335,0.055182328105438896,0.23893484473228455
18350,0.469941645860672,0.7855591177940369,0.7642695741373025,0.020509498193860054,0.055108351481454744,0.23903438448905945
18375,0.4698556959629059,0.7856869101524353,0.7643868969746459,0.02065947838127613,0.05488304890426579,0.2391338050365448
18400,0.46977031230926514,0.7856230139732361,0.7642984998682645,0.02032998576760292,0.054854372507812256,0.23923298716545105
18425,0.46968507766723633,0.7856869101524353,0.7643571229558153,0.02016405202448368,0.05483770015650466,0.2393309324979782
18450,0.4696000814437866,0.7858147025108337,0.7644857013006638,0.020107245072722435,0.05474633915992735,0.2394281029701233
18475,0.4695151150226593,0.785878598690033,0.7645380654849878,0.020202741026878357,0.054753483606077735,0.23952490091323853
18500,0.46943002939224243,0.7857508063316345,0.7644207928497028,0.02024463750422001,0.05481663599746578,0.23962195217609406
18525,0.46934542059898376,0.7859424948692322,0.7646612489407175,0.019993940368294716,0.05456659015118596,0.23971869051456451
18550,0.4692614674568176,0.7859424948692322,0.7646675287147071,0.01996665634214878,0.0544048600323656,0.2398149073123932
18575,0.46917787194252014,0.7859424948692322,0.7646725641642202,0.020157258957624435,0.05428324158317252,0.2399107664823532
18600,0.46909430623054504,0.7859424948692322,0.7646499336985777,0.019891487434506416,0.05434759690235105,0.24000687897205353
18625,0.4690108895301819,0.7861341834068298,0.7648422253911806,0.019877254962921143,0.054299174587292054,0.2401030957698822
18650,0.4689275026321411,0.786198079586029,0.7649058976807638,0.020116113126277924,0.05425568787166112,0.24019908905029297
18675,0.46884414553642273,0.7861341834068298,0.7648359263321627,0.020076321437954903,0.054265986967958355,0.2402946799993515
18700,0.46876081824302673,0.786198079586029,0.7648945920637057,0.019971324130892754,0.05423104652543062,0.24039003252983093
18725,0.4686776399612427,0.786198079586029,0.7648995954183448,0.019834164530038834,0.05427777133184647,0.24048520624637604
18750,0.4685945212841034,0.7863258719444275,0.7650269360595172,0.020015576854348183,0.05430799699481959,0.2405802458524704
18775,0.46851152181625366,0.7863258719444275,0.7650269360595172,0.019754521548748016,0.05423023842843616,0.24067533016204834
18800,0.4684286117553711,0.7863258719444275,0.7650219310567432,0.019788352772593498,0.054183327439447995,0.24077028036117554
18825,0.4683454930782318,0.7860702872276306,0.7647646230952294,0.01985550858080387,0.05428418784100215,0.24086500704288483
18850,0.46826207637786865,0.7859424948692322,0.7646125729361137,0.01979784667491913,0.054342338929412336,0.240960031747818
18875,0.468178927898407,0.7860063910484314,0.7646762348055351,0.019729075953364372,0.05429531419567127,0.241054967045784
18900,0.4680958390235901,0.7860702872276306,0.7647507578284971,0.019777357578277588,0.05425051732240182,0.24114960432052612
18925,0.46801283955574036,0.7861341834068298,0.7648094018879932,0.019672870635986328,0.05424666406988547,0.24124401807785034
18950,0.4679301381111145,0.7861341834068298,0.7648207549278834,0.019825398921966553,0.05410932558629364,0.2413385808467865
18975,0.467847615480423,0.786198079586029,0.7648793989873794,0.019521985203027725,0.054143498951306254,0.24143312871456146
19000,0.46776512265205383,0.786198079586029,0.7648793989873794,0.01981138437986374,0.05405097926116795,0.24152763187885284
19025,0.46768271923065186,0.7863898277282715,0.7650717108423595,0.019617276266217232,0.05409238408717986,0.2416219413280487
19050,0.4676001965999603,0.7863258719444275,0.7650017185925463,0.01963796652853489,0.05412588103919904,0.24171577394008636
19075,0.46751776337623596,0.7865176200866699,0.7652279282079844,0.019429581239819527,0.05416325923617615,0.24180927872657776
19100,0.467435359954834,0.7865815162658691,0.7652916019354372,0.019496051594614983,0.05405879068483179,0.24190229177474976
19125,0.46735304594039917,0.7866454124450684,0.7653552765094964,0.019435996189713478,0.05409386513193611,0.24199527502059937
19150,0.46727079153060913,0.7866454124450684,0.7653552765094964,0.019587267190217972,0.054090890591393895,0.24208784103393555
19175,0.4671882390975952,0.7866454124450684,0.7653552765094964,0.01955454982817173,0.05409454962467965,0.24218067526817322
19200,0.4671059250831604,0.7867093086242676,0.7654076074755931,0.019281670451164246,0.054033148577689566,0.24227307736873627
19225,0.46702396869659424,0.7867093086242676,0.7654042290767198,0.0192414503544569,0.054093826364014726,0.24236539006233215
19250,0.46694186329841614,0.7867093086242676,0.7653992177559522,0.019382163882255554,0.05404879206689826,0.2424573451280594
19275,0.46685996651649475,0.7869009971618652,0.7656250724608684,0.01943265274167061,0.053945011086589834,0.24254918098449707
19300,0.4667781591415405,0.7870287895202637,0.7657587429516997,0.019208408892154694,0.05402319730373653,0.24264149367809296
19325,0.46669647097587585,0.7872204780578613,0.7659648765437534,0.01941741071641445,0.0538255981659847,0.24273376166820526
19350,0.46661514043807983,0.7872204780578613,0.7659832150856549,0.0192708782851696,0.05372297528687997,0.2428257018327713
19375,0.466534286737442,0.7873482704162598,0.7661119217295411,0.019136814400553703,0.05359318668146112,0.24291753768920898
19400,0.4664536416530609,0.7873482704162598,0.7661119217295411,0.019069839268922806,0.05369846982912089,0.24300888180732727
19425,0.4663732349872589,0.7875399589538574,0.7662930380443682,0.018994266167283058,0.053572208026981545,0.24309971928596497
19450,0.46629276871681213,0.7876677513122559,0.7664401170665303,0.01906466670334339,0.0535142652160215,0.24319033324718475
19475,0.4662122428417206,0.7876677513122559,0.7664450501692348,0.01906226947903633,0.05354791773031462,0.24328117072582245
19500,0.4661320149898529,0.7876677513122559,0.7664450501692348,0.019143138080835342,0.053373266106238375,0.243371844291687
19525,0.46605196595191956,0.7877316474914551,0.7664791238922888,0.018955515697598457,0.05345272947630789,0.24346257746219635
19550,0.46597200632095337,0.7879233360290527,0.7666962219937755,0.01892768405377865,0.05343957503883024,0.2435530722141266
19575,0.46589210629463196,0.7880511283874512,0.7668088486816619,0.01881497912108898,0.053416173176216386,0.24364379048347473
19600,0.46581220626831055,0.7880511283874512,0.7668088486816619,0.019029807299375534,0.05335718260126122,0.24373404681682587
19625,0.4657323956489563,0.7880511283874512,0.7667792505089592,0.019093213602900505,0.053391499349376675,0.2438240945339203
19650,0.4656524360179901,0.7880511283874512,0.7667496201613878,0.01874375343322754,0.05339616430270951,0.24391403794288635
19675,0.46557292342185974,0.7881150245666504,0.7668084087840207,0.018846236169338226,0.05316567117710499,0.244004026055336
19700,0.46549367904663086,0.7881150245666504,0.7668084087840207,0.018700413405895233,0.05317852417882326,0.2440936267375946
19725,0.4654146432876587,0.7881789207458496,0.7668672063655921,0.018921861425042152,0.053013149399332035,0.244182750582695
19750,0.4653356075286865,0.7881789207458496,0.7668672063655921,0.018738001585006714,0.05317853517896159,0.24427208304405212
19775,0.4652562141418457,0.7883706092834473,0.7670830018851672,0.018986796960234642,0.05318393310667986,0.24436147511005402
19800,0.46517685055732727,0.7883706092834473,0.7671125973276682,0.01873282715678215,0.05317987341572551,0.24445046484470367
19825,0.4650976061820984,0.7884984016418457,0.7672462805947553,0.018637249246239662,0.05310366706066649,0.24453936517238617
19850,0.4650188684463501,0.7884984016418457,0.767241408272914,0.01878424733877182,0.05301596592518716,0.24462802708148956
19875,0.4649401605129242,0.7884984016418457,0.7672118137601218,0.018698522821068764,0.05297754392441037,0.2447168380022049
19900,0.46486160159111023,0.7885622978210449,0.7672754997497377,0.01868770457804203,0.05292724462577419,0.24480532109737396
19925,0.4647831618785858,0.7887539863586426,0.7674840516864287,0.018588148057460785,0.05289293117331479,0.24489383399486542
19950,0.4647049307823181,0.7886900901794434,0.767414060180259,0.018659580498933792,0.052837903047017014,0.2449822723865509
19975,0.46462637186050415,0.7887539863586426,0.7674927409194499,0.018644209951162338,0.05301725208956102,0.24507075548171997
20000,0.464547723531723,0.7886900901794434,0.767404315732805,0.01872650720179081,0.052985615514003825,0.24515973031520844
20025,0.46446922421455383,0.7887539863586426,0.7674631482955845,0.01871630549430847,0.05293741171876225,0.24524880945682526
20050,0.4643908441066742,0.7888179421424866,0.7675219898554027,0.018586140125989914,0.0529455986420376,0.24533791840076447
20075,0.46431270241737366,0.7890096306800842,0.7677392732892125,0.018453242257237434,0.052759459016323736,0.24542610347270966
20100,0.4642348885536194,0.788945734500885,0.7676508239899154,0.018541811034083366,0.05275268851556741,0.24551397562026978
20125,0.46415725350379944,0.7890735268592834,0.7677981409089607,0.018267353996634483,0.05276753961757368,0.24560141563415527
20150,0.46407967805862427,0.7890735268592834,0.7677839880092985,0.01825489103794098,0.05279432582840366,0.24568839371204376
20175,0.46400222182273865,0.7890735268592834,0.7677791576943018,0.018394779413938522,0.05271811204111319,0.24577546119689941
20200,0.4639248549938202,0.7890735268592834,0.7677791576943018,0.018243001773953438,0.05253316330056239,0.24586212635040283
20225,0.4638475775718689,0.7891374230384827,0.7678380303419173,0.01823258399963379,0.052638573019447035,0.24594856798648834
20250,0.4637702703475952,0.7892652153968811,0.7679853643236082,0.018283572047948837,0.05258673685263531,0.24603486061096191
20275,0.46369314193725586,0.7893930077552795,0.7681031708896755,0.01822749152779579,0.052516487919065956,0.24612118303775787
20300,0.46361619234085083,0.7893930077552795,0.7680846733072264,0.018289072439074516,0.05248727904752846,0.24620729684829712
20325,0.4635394215583801,0.789520800113678,0.7682553080691623,0.018279409036040306,0.0523871280566649,0.2462931126356125
20350,0.46346279978752136,0.789520800113678,0.7682553080691623,0.018100064247846603,0.05242846339320834,0.246379092335701
20375,0.4633863568305969,0.7894569039344788,0.7681668648259655,0.018300598487257957,0.052278912926759874,0.24646498262882233
20400,0.46330997347831726,0.7893291115760803,0.7680490582598982,0.01827329583466053,0.05231518421637188,0.24655073881149292
20425,0.4632338285446167,0.7894569039344788,0.7682258876065687,0.01810343749821186,0.05225792738741155,0.24663592875003815
20450,0.46315762400627136,0.7893291115760803,0.7680743930782385,0.018128173425793648,0.05228469754822544,0.24672074615955353
20475,0.463081419467926,0.7893291115760803,0.7680791973187164,0.018220653757452965,0.0521981003551842,0.24680548906326294
20500,0.4630053639411926,0.789520800113678,0.7682617909942492,0.017954908311367035,0.05221279629948688,0.24689006805419922
20525,0.46292948722839355,0.789520800113678,0.7682617909942492,0.018027232959866524,0.052187607838575255,0.24697446823120117
20550,0.4628537595272064,0.7895846962928772,0.7683317648329079,0.018132328987121582,0.052067703796195686,0.2470586895942688
20575,0.46277809143066406,0.7896485924720764,0.7683906495261964,0.01798507198691368,0.05214468411800853,0.24714288115501404
20600,0.4627021849155426,0.7896485924720764,0.7683906495261964,0.018105387687683105,0.05214904389766211,0.2472268044948578
20625,0.462626188993454,0.7896485924720764,0.7683906495261964,0.0181269608438015,0.05221912054677357,0.24731045961380005
20650,0.4625503122806549,0.7897763848304749,0.7685195082730071,0.018139323219656944,0.05209620893688011,0.24739381670951843
20675,0.4624747037887573,0.7897763848304749,0.7685195082730071,0.0179126113653183,0.052108975929298966,0.2474774271249771
20700,0.46239927411079407,0.7896485924720764,0.7683906495261964,0.018030039966106415,0.05189754313509439,0.24756108224391937
20725,0.4623240828514099,0.7897763848304749,0.7685132478143,0.018128003925085068,0.051942520439999175,0.24764473736286163
20750,0.4622490108013153,0.7898402810096741,0.7685721505894669,0.017944686114788055,0.05188246963464528,0.2477286458015442
20775,0.46217408776283264,0.7898402810096741,0.7685721505894669,0.018106961622834206,0.05181846735881857,0.24781279265880585
20800,0.46209943294525146,0.7898402810096741,0.7685721505894669,0.01822969689965248,0.051630343767788356,0.24789702892303467
20825,0.4620250463485718,0.7897124886512756,0.7684137335678078,0.017909886315464973,0.05164432457820197,0.24798117578029633
20850,0.4619506895542145,0.789520800113678,0.7681779011118522,0.01795010268688202,0.051593209775569714,0.24806487560272217
20875,0.4618765115737915,0.7895846962928772,0.7682367798098383,0.018117981031537056,0.0514429948516716,0.24814845621585846
20900,0.4618026316165924,0.7895846962928772,0.7682367798098383,0.0181188452988863,0.051389668999709155,0.2482316941022873
20925,0.46172887086868286,0.7897124886512756,0.7683841650356591,0.017849678173661232,0.051436230220609634,0.24831494688987732
20950,0.46165528893470764,0.7897124886512756,0.7683841650356591,0.01786995865404606,0.051330067283804945,0.2483983188867569
20975,0.461581826210022,0.7898402810096741,0.7685138458656671,0.017913376912474632,0.051247524632056084,0.24848195910453796
21000,0.46150848269462585,0.790095865726471,0.7687789550184947,0.018025800585746765,0.051171198868343884,0.24856550991535187
21025,0.4614352583885193,0.7900319695472717,0.7686904575468385,0.017949841916561127,0.051243685363080764,0.2486487776041031
21050,0.4613621234893799,0.7900319695472717,0.7687200592297615,0.01796671375632286,0.05110190261852732,0.24873197078704834
21075,0.46128910779953003,0.7902875542640686,0.7690258505576113,0.01781524531543255,0.05112182452056582,0.2488151341676712
21100,0.4612162709236145,0.7902875542640686,0.7690306557954969,0.017829654738307,0.05104550069992704,0.24889782071113586
21125,0.46114352345466614,0.7902875542640686,0.7690121876457849,0.01773354411125183,0.05109696111817299,0.24897991120815277
21150,0.46107086539268494,0.7901597619056702,0.7688784995039126,0.017789622768759727,0.0510928106311379,0.24906162917613983
21175,0.4609982371330261,0.7901597619056702,0.7688895718776159,0.01757783256471157,0.05105228553946793,0.249143585562706
21200,0.4609258770942688,0.790415346622467,0.769141053717435,0.017901314422488213,0.05085158716201209,0.24922557175159454
21225,0.4608536958694458,0.790415346622467,0.769141053717435,0.017680656164884567,0.050906229506554615,0.249307319521904
21250,0.46078136563301086,0.7904792428016663,0.7691999665969156,0.017727907747030258,0.05089515435703608,0.24938900768756866
21275,0.4607091546058655,0.7905431389808655,0.7692884218525087,0.017613070085644722,0.05081291212774569,0.24947090446949005
21300,0.4606371521949768,0.7906070351600647,0.7693663829721898,0.017756175249814987,0.05082813256604301,0.24955281615257263
21325,0.46056532859802246,0.7906070351600647,0.7693663829721898,0.017685938626527786,0.05068837904027444,0.2496347725391388
21350,0.4604935944080353,0.7906709313392639,0.7694548171414398,0.017760351300239563,0.05067909428933152,0.24971671402454376
21375,0.4604218900203705,0.7906709313392639,0.7694548171414398,0.017699409276247025,0.05064890152560266,0.24979855120182037
21400,0.4603503942489624,0.7906070351600647,0.7693848509478323,0.017600342631340027,0.05060273964391287,0.2498808205127716
21425,0.4602791368961334,0.7907348275184631,0.7695432262218869,0.017509380355477333,0.050588890759390936,0.24996277689933777
21450,0.46020787954330444,0.7907987236976624,0.7696358443758,0.0175268966704607,0.05053550222638013,0.25004449486732483
21475,0.4601368010044098,0.79099041223526,0.7698516571105319,0.017593327909708023,0.05039427018214148,0.250125914812088
21500,0.46006596088409424,0.7910543084144592,0.7699032339890424,0.01742168329656124,0.050512031259546585,0.25020691752433777
21525,0.45999497175216675,0.7910543084144592,0.7699032339890424,0.017611222341656685,0.050363975581927296,0.2502879798412323
21550,0.45992377400398254,0.7913099527359009,0.7701438985085268,0.01769677922129631,0.05050660820280536,0.2503689229488373
21575,0.459852397441864,0.7913738489151001,0.7702076373412139,0.017722561955451965,0.05047575497221186,0.2504495680332184
21600,0.4597812592983246,0.7914377450942993,0.7702775981934402,0.017583340406417847,0.05043337024832486,0.2505299746990204
21625,0.4597104489803314,0.7915016412734985,0.7703365919537676,0.017676549032330513,0.05025937208882475,0.2506103217601776
21650,0.45963993668556213,0.7916933298110962,0.7705455567714827,0.017687039449810982,0.05025635149688819,0.25069066882133484
21675,0.4595693051815033,0.7918850183486938,0.7707676428782939,0.017565550282597542,0.05029629420243275,0.2507709264755249
21700,0.4594988226890564,0.7918850183486938,0.7707773054246918,0.01739741489291191,0.05021939334165484,0.2508509159088135
21725,0.4594283998012543,0.7919489145278931,0.7708656586936259,0.017640894278883934,0.05025080539576998,0.25093087553977966
21750,0.45935797691345215,0.7919489145278931,0.7708656586936259,0.017376180738210678,0.05031958135676326,0.25101110339164734
21775,0.4592876732349396,0.7921406030654907,0.7710516166928671,0.017554722726345062,0.05019166214567174,0.2510908544063568
21800,0.45921748876571655,0.7922044992446899,0.7711153679201166,0.017534488812088966,0.05014354507113661,0.25117066502571106
21825,0.45914745330810547,0.7922683954238892,0.7711544967466164,0.017294548451900482,0.05005229180618317,0.25125038623809814
21850,0.4590776860713959,0.7923322916030884,0.7712428733086085,0.017430849373340607,0.050055246930241416,0.25133007764816284
21875,0.45900774002075195,0.7923961877822876,0.771312818029672,0.01738193817436695,0.05010401817294576,0.25140973925590515
21900,0.4589376747608185,0.792523980140686,0.7714602545840201,0.01748323254287243,0.050214872968900266,0.2514896094799042
21925,0.4588676393032074,0.7927156686782837,0.7716822868547436,0.01731855608522892,0.05023548817156472,0.25156939029693604
21950,0.4587976038455963,0.7928434610366821,0.7718297062901966,0.017541799694299698,0.05017546520762391,0.25164899230003357
21975,0.4587272107601166,0.7929712533950806,0.7719771257256496,0.017313433811068535,0.0503816592089421,0.25172892212867737
22000,0.45865681767463684,0.7929712533950806,0.7719817614591016,0.017313892021775246,0.05032540514407193,0.2518085539340973
22025,0.45858651399612427,0.793099045753479,0.772075481034999,0.017162024974822998,0.050192024464320355,0.25188788771629333
22050,0.45851629972457886,0.7931629419326782,0.7721637890838382,0.017448201775550842,0.05017242118867556,0.251967191696167
22075,0.45844563841819763,0.7931629419326782,0.7721637890838382,0.01758311130106449,0.05041116597129799,0.25204697251319885
22100,0.45837485790252686,0.793099045753479,0.7721046526558424,0.01749511994421482,0.05040279605706267,0.2521265745162964
22125,0.458304226398468,0.793099045753479,0.7721046526558424,0.01740468665957451,0.05027886892569581,0.25220581889152527
22150,0.4582338035106659,0.793099045753479,0.7721229801294738,0.01734505407512188,0.050345844683337325,0.2522848844528198
22175,0.45816344022750854,0.793099045753479,0.7721229801294738,0.01736556366086006,0.05027664286849772,0.2523638904094696
22200,0.4580932557582855,0.7931629419326782,0.7721719170724616,0.017281029373407364,0.0503509169656007,0.2524426579475403
22225,0.4580228328704834,0.7932268381118774,0.7722202440075652,0.017227301374077797,0.050376003181390974,0.2525210678577423
22250,0.45795267820358276,0.7932268381118774,0.7722493536046198,0.017346546053886414,0.05018699119787209,0.25259920954704285
22275,0.4578825533390045,0.7934185266494751,0.7724559259208545,0.017234323546290398,0.05019222081009647,0.252677321434021
22300,0.457812637090683,0.7934824228286743,0.7725238781423559,0.01722900941967964,0.05019842235992235,0.25275567173957825
22325,0.4577426612377167,0.7934824228286743,0.7725238781423559,0.017429808154702187,0.050130282056258274,0.2528340816497803
22350,0.45767271518707275,0.7934824228286743,0.7725238781423559,0.01724623143672943,0.05016972584643704,0.2529127299785614
22375,0.4576030969619751,0.7934824228286743,0.7725238781423559,0.017226165160536766,0.050135405493341736,0.25299131870269775
22400,0.45753350853919983,0.7935463190078735,0.7725938412153268,0.017196262255311012,0.05001786729475106,0.2530698776245117
22425,0.45746394991874695,0.7934824228286743,0.7725346534306454,0.017422784119844437,0.0500350128589913,0.25314804911613464
22450,0.45739442110061646,0.7934824228286743,0.7725346534306454,0.017547108232975006,0.050171694115586425,0.2532261610031128
22475,0.45732468366622925,0.7934824228286743,0.7725346534306454,0.017266523092985153,0.05009982849810297,0.25330430269241333
22500,0.45725488662719727,0.7936102747917175,0.7726683660221488,0.017293209210038185,0.05009850844060666,0.25338277220726013
22525,0.4571852385997772,0.7935463190078735,0.7725801172524822,0.01728041283786297,0.049953858512395956,0.25346115231513977
22550,0.45711565017700195,0.7936741709709167,0.7727138298439857,0.01719602569937706,0.05008681925466378,0.2535390555858612
22575,0.45704612135887146,0.793738067150116,0.7727730097343595,0.017251327633857727,0.04999804800275552,0.2536167800426483
22600,0.4569765627384186,0.793738067150116,0.7727730097343595,0.017264343798160553,0.05006071204136921,0.2536948025226593
22625,0.4569070041179657,0.793738067150116,0.7727837743213976,0.017265288159251213,0.050056835806533896,0.25377318263053894
22650,0.45683735609054565,0.793738067150116,0.772794539355941,0.017483478412032127,0.04993072496005774,0.25385165214538574
22675,0.4567679762840271,0.793738067150116,0.7728047562897727,0.01720663346350193,0.05002183530385241,0.2539300322532654
22700,0.4566987454891205,0.7938019633293152,0.7728440255498825,0.017064638435840607,0.04988935039961755,0.25400814414024353
22725,0.4566296935081482,0.793738067150116,0.7727950706768418,0.017193691805005074,0.04988171639575843,0.2540862262248993
22750,0.45656073093414307,0.7938019633293152,0.7728542518149913,0.01713821105659008,0.049875069711290416,0.2541643977165222
22775,0.45649173855781555,0.7938658595085144,0.7729180233265668,0.017007574439048767,0.04986028526963611,0.25424259901046753
22800,0.4564228355884552,0.7939936518669128,0.7730364133092538,0.017281781882047653,0.04989424253609745,0.25432059168815613
22825,0.4563540816307068,0.7939297556877136,0.7729726417976783,0.01714911125600338,0.049687799317820205,0.2543985843658447
22850,0.4562855362892151,0.7940575480461121,0.7730849037460766,0.016975954174995422,0.04972189766632262,0.25447672605514526
22875,0.4562170207500458,0.7940575480461121,0.7730761615041317,0.01697942055761814,0.04975492146499494,0.254554808139801
22900,0.45614850521087646,0.7940575480461121,0.7730761615041317,0.016978750005364418,0.04973215485570825,0.2546326816082001
22925,0.45607990026474,0.7939936518669128,0.7730169479498975,0.01691867597401142,0.049796621130718866,0.25470995903015137
22950,0.4560111463069916,0.7940575480461121,0.7730761615041317,0.016955675557255745,0.049851049242390505,0.2547876834869385
22975,0.45594245195388794,0.7941214442253113,0.7731399380987158,0.01697949506342411,0.049741406162479206,0.2548656165599823
23000,0.45587387681007385,0.7941853404045105,0.773203715738191,0.016985153779387474,0.049588069340929165,0.25494372844696045
23025,0.4558056890964508,0.7941853404045105,0.7732141046406811,0.01683131232857704,0.0496707422822213,0.25502148270606995
23050,0.4557375907897949,0.7942492365837097,0.7732778923013244,0.017018325626850128,0.04947179957318692,0.25509923696517944
23075,0.455670028924942,0.7942492365837097,0.7732778923013244,0.01678113453090191,0.04927453224194923,0.25517669320106506
23100,0.45560282468795776,0.7942492365837097,0.7732778923013244,0.016893289983272552,0.04922636197961439,0.2552538812160492
23125,0.4555354118347168,0.7943131327629089,0.7733371145476573,0.016924414783716202,0.04938136467492012,0.2553310990333557
23150,0.45546790957450867,0.7943131327629089,0.7733371145476573,0.01679105870425701,0.04952879679592082,0.255408376455307
23175,0.45540010929107666,0.7943131327629089,0.7733620509639875,0.016830939799547195,0.049538022460708535,0.25548598170280457
23200,0.4553319811820984,0.7943770289421082,0.7734212672699905,0.01657518558204174,0.04978353939060518,0.255563348531723
23225,0.4552639424800873,0.7943770289421082,0.7734212672699905,0.016774209216237068,0.049562861801940486,0.2556406855583191
23250,0.45519590377807617,0.7943770289421082,0.7734212672699905,0.016660094261169434,0.049613756974231066,0.25571784377098083
23275,0.4551282227039337,0.7943131327629089,0.7733620509639875,0.01677810400724411,0.049489840258740904,0.255794495344162
23300,0.45506080985069275,0.7941853404045105,0.7732282972845108,0.016504930332303047,0.04939288585965856,0.2558709979057312
23325,0.45499351620674133,0.7941853404045105,0.7732282972845108,0.01660039834678173,0.04940668702166912,0.2559475302696228
23350,0.45492637157440186,0.7940575480461121,0.7730762035895485,0.016727222129702568,0.04927485027182357,0.25602370500564575
23375,0.4548594057559967,0.7940575480461121,0.7730762035895485,0.01664872281253338,0.04912061314356118,0.25609973073005676
23400,0.45479267835617065,0.7943131327629089,0.7733467391703718,0.016404232010245323,0.04908627123682366,0.256175696849823
23425,0.45472607016563416,0.7943131327629089,0.7733321723972306,0.016505856066942215,0.048971678060043676,0.25625163316726685
23450,0.45465975999832153,0.7944409251213074,0.7734506248643604,0.01649460941553116,0.04894949716920135,0.25632771849632263
23475,0.4545935094356537,0.7943770289421082,0.7733806590079568,0.01630237139761448,0.04902873930522951,0.2564038634300232
23500,0.4545274078845978,0.7944409251213074,0.7734506248643604,0.016343018040060997,0.048855263324633816,0.2564799189567566
23525,0.454461008310318,0.7943770289421082,0.7733913939886267,0.016364749521017075,0.04921588976481195,0.2565556466579437
23550,0.4543943405151367,0.7943131327629089,0.7733214281322229,0.016556119546294212,0.04903962405578669,0.2566315829753876
23575,0.4543275833129883,0.7942492365837097,0.7732514534563608,0.01634751632809639,0.04922771708775388,0.25670740008354187
23600,0.4542609453201294,0.7942492365837097,0.7732514534563608,0.016356179490685463,0.04909997150811538,0.2567830979824066
23625,0.4541942775249481,0.7941853404045105,0.7731876695138172,0.016389353200793266,0.04925380919712549,0.2568584382534027
23650,0.4541276693344116,0.7941853404045105,0.7731876695138172,0.016231730580329895,0.04922062158588455,0.2569335103034973
23675,0.4540611803531647,0.7940575480461121,0.7730539108954115,0.016289731487631798,0.04903175536638887,0.25700870156288147
23700,0.45399489998817444,0.7940575480461121,0.7730539108954115,0.01644718460738659,0.04886522134225076,0.25708404183387756
23725,0.4539288580417633,0.7941214442253113,0.7731176898939659,0.016492342576384544,0.04896394581104171,0.2571595013141632
23750,0.45386257767677307,0.7942492365837097,0.7732452510784282,0.016290128231048584,0.04903862027809935,0.257234662771225
23775,0.4537963569164276,0.7944409251213074,0.773467321253238,0.01627497747540474,0.04904307368653998,0.25730979442596436
23800,0.4537302255630493,0.7945048213005066,0.7735373036848359,0.01647031307220459,0.04884877737774357,0.25738489627838135
23825,0.45366427302360535,0.794632613658905,0.7736848219854837,0.016344912350177765,0.048776854573691644,0.2574598491191864
23850,0.4535984992980957,0.7948243021965027,0.7738840163224165,0.016391955316066742,0.048829820410394686,0.25753462314605713
23875,0.45353245735168457,0.7948243021965027,0.7738885591534455,0.016314655542373657,0.049027068263380984,0.257609486579895
23900,0.45346635580062866,0.7948881983757019,0.7739478150969278,0.016104863956570625,0.049013223176471686,0.2576843798160553
23925,0.45340052247047424,0.7948881983757019,0.7739478150969278,0.016240844503045082,0.04859477854442495,0.25775885581970215
23950,0.45333531498908997,0.7950159907341003,0.7740953505736189,0.01617680862545967,0.0485166715085316,0.25783324241638184
23975,0.45327016711235046,0.7950798869132996,0.7741591504285477,0.01627441681921482,0.048644868934983224,0.2579074501991272
24000,0.4532051086425781,0.7951437830924988,0.7742245928496481,0.016008412465453148,0.04856152398179977,0.2579815089702606
24025,0.453139990568161,0.7951437830924988,0.7742200819643241,0.01602739654481411,0.048652413916351805,0.2580556273460388
24050,0.45307472348213196,0.7953354716300964,0.7744131367305384,0.016204118728637695,0.04871238420450683,0.25812992453575134
24075,0.45300933718681335,0.7953993678092957,0.7745014055008548,0.01610773615539074,0.048743248203259495,0.25820398330688477
24100,0.4529440402984619,0.7953993678092957,0.7745014055008548,0.016177212819457054,0.04858242237529491,0.2582777440547943
24125,0.4528788626194,0.7953993678092957,0.7744907727523062,0.016045119613409042,0.048609018534563,0.25835171341896057
24150,0.45281368494033813,0.7953354716300964,0.7744269701124459,0.01623045839369297,0.048637906407628245,0.25842535495758057
24175,0.45274847745895386,0.7953993678092957,0.7744969172899946,0.016101067885756493,0.048652648150097705,0.25849878787994385
24200,0.45268309116363525,0.7953354716300964,0.774433111858091,0.016099292784929276,0.04876191418048789,0.25857216119766235
24225,0.4526178538799286,0.7955271601676941,0.774624346941698,0.016010480001568794,0.04865587000177812,0.25864529609680176
24250,0.45255246758461,0.7955910563468933,0.7746881455357928,0.01593039184808731,0.04870197849537309,0.25871798396110535
24275,0.4524872899055481,0.7957188487052917,0.7748068567810922,0.01577870361506939,0.04875050407003747,0.25879064202308655
24300,0.4524223804473877,0.7958466410636902,0.7749256055845466,0.015972750261425972,0.048607830529921355,0.25886327028274536
24325,0.45235753059387207,0.7959105372428894,0.7749849940951979,0.016078278422355652,0.04850774776283432,0.2589358687400818
24350,0.45229285955429077,0.7958466410636902,0.7749211955011032,0.015992024913430214,0.04849253571342902,0.259008526802063
24375,0.4522280991077423,0.7959744334220886,0.7750776865427905,0.0161148551851511,0.04872058524915128,0.2590814530849457
24400,0.4521627724170685,0.7960383892059326,0.7751458777031102,0.016048409044742584,0.04869423168857221,0.2591547667980194
24425,0.4520975351333618,0.7960383892059326,0.7751458777031102,0.01606023870408535,0.04867401958019742,0.25922825932502747
24450,0.4520324468612671,0.7960383892059326,0.7751458777031102,0.016010265797376633,0.04897865273825385,0.25930163264274597
24475,0.45196741819381714,0.7960383892059326,0.7751458777031102,0.016038289293646812,0.04864231935971558,0.2593744695186615
24500,0.4519023895263672,0.796166181564331,0.7752734443614349,0.01595429889857769,0.04859666739839467,0.259446918964386
24525,0.4518374800682068,0.7963578701019287,0.7754622711825943,0.015978273004293442,0.04859233576373432,0.25951918959617615
24550,0.4517724812030792,0.7963578701019287,0.7754622711825943,0.016135670244693756,0.04863779221738735,0.25959181785583496
24575,0.4517076909542084,0.7962939739227295,0.7753984834574958,0.016055386513471603,0.04854217832400868,0.2596644163131714
24600,0.4516429603099823,0.796166181564331,0.77527091125032,0.015893440693616867,0.04875557505027328,0.25973695516586304
24625,0.45157814025878906,0.796166181564331,0.77527091125032,0.01607014425098896,0.04868003374414512,0.25980907678604126
24650,0.45151326060295105,0.796166181564331,0.77527091125032,0.015729930251836777,0.04869724646364413,0.25988098978996277
24675,0.4514482319355011,0.7962300777435303,0.7753303639028907,0.016079243272542953,0.048676538373626684,0.2599523961544037
24700,0.4513833522796631,0.7963578701019287,0.7754781527737019,0.015980679541826248,0.048537656328353426,0.2600240409374237
24725,0.4513185918331146,0.7966134548187256,0.7757308862854533,0.01597537472844124,0.048582946691885585,0.2600957453250885
24750,0.4512539207935333,0.7965495586395264,0.775671406282851,0.0159512497484684,0.04846128761781776,0.26016756892204285
24775,0.4511895775794983,0.7964217662811279,0.7755315534883234,0.016014287248253822,0.048364185281565844,0.2602393329143524
24800,0.45112523436546326,0.7963578701019287,0.7754432233243708,0.016026455909013748,0.04852861754152547,0.2603111267089844
24825,0.4510608911514282,0.7963578701019287,0.7754432233243708,0.015913667157292366,0.04844149317945141,0.26038292050361633
24850,0.4509966969490051,0.7963578701019287,0.7754432233243708,0.01581127941608429,0.04850722073169749,0.26045477390289307
24875,0.45093241333961487,0.7964217662811279,0.7755070009861669,0.01589323952794075,0.04850094481223285,0.26052653789520264
24900,0.450868159532547,0.7964217662811279,0.7755070009861669,0.015622792765498161,0.048484524564681476,0.2605976462364197
24925,0.4508037567138672,0.7964217662811279,0.7755070009861669,0.015839610248804092,0.04854098030869335,0.26066854596138
24950,0.45073938369750977,0.7964217662811279,0.7755070009861669,0.015755020081996918,0.04842126036268971,0.2607397139072418
24975,0.45067524909973145,0.7965495586395264,0.7756364077854696,0.0156827662140131,0.048418293819484766,0.26081058382987976
25000,0.45061105489730835,0.7966773509979248,0.7757597216354615,0.015764804556965828,0.04854262315201584,0.260881632566452
25025,0.4505468010902405,0.7968051433563232,0.7758872797978729,0.015645325183868408,0.04846526793049638,0.2609526216983795
25050,0.4504823684692383,0.7969329357147217,0.7760394019297912,0.01570042036473751,0.04849674624417561,0.2610240578651428
25075,0.45041802525520325,0.7968690395355225,0.7759694632812799,0.015397160314023495,0.04866449891590597,0.26109543442726135
25100,0.45035380125045776,0.7968690395355225,0.7759632899749063,0.015671702101826668,0.04853019979218775,0.26116666197776794
25125,0.4502895772457123,0.7968051433563232,0.7758933298956456,0.01558726653456688,0.048428313016075426,0.2612375319004059
25150,0.45022550225257874,0.7968051433563232,0.7758933298956456,0.01580394059419632,0.048245389577767285,0.26130834221839905
25175,0.45016154646873474,0.7969329357147217,0.776020873799875,0.01579664647579193,0.04824674106054395,0.2613791227340698
25200,0.4500976800918579,0.7968690395355225,0.7759571012888309,0.015777498483657837,0.04829050640052701,0.2614496350288391
25225,0.4500338137149811,0.7969329357147217,0.7760017162616157,0.015760060399770737,0.048256637667315465,0.2615203857421875
25250,0.44996997714042664,0.7968690395355225,0.7759317435259534,0.01577530801296234,0.048208698082607054,0.2615914046764374
25275,0.44990620017051697,0.7969329357147217,0.7760200637691346,0.015846852213144302,0.04827572280410527,0.2616623044013977
25300,0.44984203577041626,0.7969968318939209,0.776108358877364,0.01581929251551628,0.04816678698476021,0.2617333233356476
25325,0.44977813959121704,0.7971246242523193,0.7762358973315499,0.015942735597491264,0.04820301955336637,0.2618042826652527
25350,0.44971394538879395,0.797316312789917,0.7764186811981618,0.015865786001086235,0.04847307705371367,0.2618752419948578
25375,0.4496498107910156,0.7972524166107178,0.7763303704492333,0.016039850190281868,0.04830912750051238,0.26194605231285095
25400,0.44958558678627014,0.7971885204315186,0.776260377348402,0.01579797826707363,0.04827884353346773,0.262017160654068
25425,0.44952142238616943,0.7971885204315186,0.776260377348402,0.015610258094966412,0.04845979003113896,0.26208844780921936
25450,0.4494573175907135,0.7971885204315186,0.7762454889229238,0.01578284054994583,0.048324717493528,0.26215919852256775
25475,0.4493933618068695,0.7971246242523193,0.7761754869848017,0.015720592811703682,0.04822811469079198,0.2622300982475281
25500,0.4493294656276703,0.7971246242523193,0.7761754869848017,0.01566770114004612,0.048193632785567146,0.2623008191585541
25525,0.4492657482624054,0.7971885204315186,0.7762349864024283,0.015790626406669617,0.04817228879362585,0.2623712420463562
25550,0.44920215010643005,0.7971885204315186,0.7762349864024283,0.015492850914597511,0.048243737705532225,0.26244163513183594
25575,0.44913870096206665,0.7973802089691162,0.7764177781324368,0.015800153836607933,0.04817908072795156,0.26251187920570374
25600,0.4490751028060913,0.7973802089691162,0.7764220252158711,0.015935776755213737,0.04819518138560446,0.26258236169815063
25625,0.44901156425476074,0.7974441051483154,0.7764815436531762,0.015509942546486855,0.04814813255821508,0.2626523971557617
25650,0.44894811511039734,0.7975080013275146,0.7765698740203709,0.01583843305706978,0.04815686533038619,0.26272261142730713
25675,0.4488847553730011,0.7975080013275146,0.7765740959365771,0.015491084195673466,0.04805567272335063,0.26279303431510925
25700,0.448821485042572,0.7976357936859131,0.7766931759037903,0.015672141686081886,0.04792451862415527,0.26286324858665466
25725,0.4487583637237549,0.7976357936859131,0.7766931759037903,0.01562002394348383,0.04792688096052378,0.2629334330558777
25750,0.44869521260261536,0.7978274822235107,0.7768718674646996,0.015568570233881474,0.048041248901997874,0.2630035877227783
25775,0.4486320912837982,0.7976996898651123,0.7767197346580588,0.015465143136680126,0.04798709010203313,0.26307374238967896
25800,0.4485689699649811,0.7976357936859131,0.7766601690598669,0.015598604455590248,0.047889714970148024,0.2631435990333557
25825,0.44850584864616394,0.7978274822235107,0.7768388945893473,0.01534558366984129,0.04815808995471932,0.26321300864219666
25850,0.4484427869319916,0.7977635860443115,0.7767793098312292,0.01533084362745285,0.04803074666334214,0.2632822096347809
25875,0.4483797252178192,0.7978274822235107,0.7768518128709907,0.0152363833039999,0.048247615683729914,0.2633518576622009
25900,0.44831639528274536,0.7978274822235107,0.7768518128709907,0.015164821408689022,0.04824166612297065,0.2634219527244568
25925,0.4482530951499939,0.7978274822235107,0.7768518128709907,0.015311564318835735,0.04810151825591031,0.26349157094955444
25950,0.44818994402885437,0.7978274822235107,0.7768518128709907,0.015107120387256145,0.048245790824353096,0.26356109976768494
25975,0.448126882314682,0.79789137840271,0.7769114021645305,0.0154713224619627,0.04804940810705278,0.263630747795105
26000,0.44806382060050964,0.7979552745819092,0.7769463469378051,0.01522511150687933,0.048047662284871846,0.26369985938072205
26025,0.44800102710723877,0.7979552745819092,0.7769463469378051,0.015184246003627777,0.04796751428040426,0.2637687921524048
26050,0.4479382634162903,0.7980191707611084,0.7770059476040857,0.015366742387413979,0.04796173384646595,0.2638375759124756
26075,0.44787541031837463,0.7981469631195068,0.7771581308240381,0.015228771604597569,0.04819186329680748,0.2639060318470001
26100,0.44781243801116943,0.7981469631195068,0.7771581308240381,0.015360254794359207,0.04805136580644623,0.2639743685722351
26125,0.4477495551109314,0.7980830669403076,0.7770943696005064,0.015191291458904743,0.04798066089218323,0.2640431225299835
26150,0.44768670201301575,0.7980830669403076,0.7770943696005064,0.01550976186990738,0.048010178054862955,0.2641119956970215
26175,0.4476238191127777,0.7980830669403076,0.7770943696005064,0.015222059562802315,0.04802264774274029,0.26418131589889526
26200,0.4475608468055725,0.7980191707611084,0.7770593899792292,0.015343751758337021,0.04803061957640151,0.26425036787986755
26225,0.44749778509140015,0.7981469631195068,0.7771890225407986,0.015384233556687832,0.04811256050481608,0.26431939005851746
26250,0.447434663772583,0.7981469631195068,0.7771890225407986,0.015144634991884232,0.048229648663921335,0.26438847184181213
26275,0.4473716616630554,0.7980830669403076,0.7771294062343272,0.015324546955525875,0.04811915771626007,0.2644571363925934
26300,0.44730886816978455,0.7981469631195068,0.7771931701354768,0.015239470638334751,0.04794170085171304,0.2645259499549866
26325,0.44724616408348083,0.7980830669403076,0.7771047812080287,0.015351266600191593,0.04798415866282314,0.26459428668022156
26350,0.4471835196018219,0.798210859298706,0.7772385613642764,0.015289240516722202,0.047953002549725676,0.2646624445915222
26375,0.4471209645271301,0.7982747554779053,0.777298169855221,0.015151089057326317,0.04795417929488619,0.2647303342819214
26400,0.44705870747566223,0.7983386516571045,0.7773577879598499,0.015226480551064014,0.047802945074879616,0.2647981345653534
26425,0.4469965100288391,0.7984665036201477,0.777485329280688,0.0150967538356781,0.04781939188398313,0.2648659348487854
26450,0.44693437218666077,0.7984665036201477,0.777485329280688,0.015133379958570004,0.04781905871385254,0.26493439078330994
26475,0.4468723237514496,0.7985942959785461,0.7776087294401024,0.015219471417367458,0.04774146118394337,0.26500266790390015
26500,0.446810245513916,0.7985942959785461,0.7776087294401024,0.015106262639164925,0.047811476917432726,0.2650708556175232
26525,0.44674819707870483,0.7986581921577454,0.7776725030607942,0.01504738163203001,0.047775618825535826,0.2651388943195343
26550,0.4466860890388489,0.7987859845161438,0.7777917874284784,0.01522563211619854,0.047715308290522195,0.26520663499832153
26575,0.4466239809989929,0.7989137768745422,0.7779214656606879,0.015085672028362751,0.047877202870633545,0.2652742266654968
26600,0.44656187295913696,0.7989137768745422,0.7779214656606879,0.015333667397499084,0.04782033389048952,0.2653418183326721
26625,0.4464998245239258,0.7989137768745422,0.7779214656606879,0.01512165181338787,0.04797410828801624,0.2654097080230713
26650,0.44643786549568176,0.7987859845161438,0.7777980315526927,0.015270933508872986,0.047538256178827766,0.26547738909721375
26675,0.44637611508369446,0.7987859845161438,0.7777980315526927,0.015099230222404003,0.04763737114578284,0.26554498076438904
26700,0.4463144838809967,0.798849880695343,0.7778680404555046,0.015179681591689587,0.04748869306014956,0.26561224460601807
26725,0.4462530016899109,0.7989137768745422,0.7779276971149071,0.014983500353991985,0.04755165168655626,0.2656795382499695
26750,0.4461917281150818,0.7989776730537415,0.7779873634380463,0.015254928730428219,0.04734020621068667,0.2657468914985657
26775,0.4461306035518646,0.7989776730537415,0.7779873634380463,0.015247290953993797,0.0473764025542773,0.2658143639564514
26800,0.44606971740722656,0.7991054654121399,0.7781154644872841,0.015070679597556591,0.04741356430539255,0.26588210463523865
26825,0.4460086226463318,0.7992332577705383,0.7782636308922526,0.015043085440993309,0.04740179740854173,0.26594918966293335
26850,0.4459477365016937,0.7993610501289368,0.778395849360065,0.014984040521085262,0.04732519177392255,0.2660161852836609
26875,0.44588702917099,0.7993610501289368,0.778395849360065,0.015040130354464054,0.047242353619042096,0.2660830616950989
26900,0.4458264708518982,0.799424946308136,0.7784643007950127,0.01492561586201191,0.047198012731083074,0.26614975929260254
26925,0.44576579332351685,0.799424946308136,0.7784555810072231,0.015064130537211895,0.04728999990282283,0.26621609926223755
26950,0.44570526480674744,0.7994888424873352,0.7785440372465722,0.014830376021564007,0.047159040185050724,0.26628243923187256
26975,0.4456448256969452,0.7996805310249329,0.7787525165213118,0.014904063194990158,0.047217834748308714,0.2663489282131195
27000,0.44558456540107727,0.7996805310249329,0.7787525165213118,0.015002873726189137,0.04713643314610664,0.2664150595664978
27025,0.44552427530288696,0.7996166348457336,0.7786927628277724,0.014996567741036415,0.047148119874827296,0.26648133993148804
27050,0.44546380639076233,0.7997444272041321,0.7788621416000358,0.014757925644516945,0.04709148725703728,0.26654794812202454
27075,0.44540339708328247,0.7997444272041321,0.7788621416000358,0.014734462834894657,0.047106136651394494,0.2666143476963043
27100,0.4453430473804474,0.7998083233833313,0.778919688895842,0.01487316656857729,0.047076178319074645,0.2666804790496826
27125,0.44528254866600037,0.7998722195625305,0.7789896810662718,0.014765740372240543,0.047148923842429386,0.2667466104030609
27150,0.44522199034690857,0.7998722195625305,0.7790081011947704,0.014805231243371964,0.04728175350790747,0.2668125629425049
27175,0.44516119360923767,0.7998083233833313,0.7789483273981752,0.015018265694379807,0.04728024120646905,0.2668784558773041
27200,0.4451006054878235,0.7998722195625305,0.7790120951375286,0.01494512241333723,0.04729103948047657,0.26694437861442566
27225,0.44504013657569885,0.7998722195625305,0.7790120951375286,0.014684561640024185,0.047511667067231,0.2670099139213562
27250,0.444979727268219,0.7998722195625305,0.7790120951375286,0.014605248346924782,0.04736156025596755,0.2670752704143524
27275,0.4449193775653839,0.7999361157417297,0.7790718689341238,0.014870435930788517,0.04726401972326268,0.2671409249305725
27300,0.44485923647880554,0.7999361157417297,0.7790718689341238,0.014790299348533154,0.04713416364973232,0.2672065794467926
27325,0.44479900598526,0.7999361157417297,0.779043232374911,0.015095875598490238,0.047187055214374655,0.2672722041606903
27350,0.4447387158870697,0.7999361157417297,0.779043232374911,0.014867886900901794,0.047268681254393055,0.2673376500606537
27375,0.4446781873703003,0.7999361157417297,0.779043232374911,0.014996821992099285,0.047172575904224384,0.26740211248397827
27400,0.44461750984191895,0.8001278042793274,0.7792305569957138,0.014787822030484676,0.047571572619107036,0.26746663451194763
27425,0.44455665349960327,0.8001278042793274,0.7792305569957138,0.014759094454348087,0.0477308206438344,0.26753079891204834
27450,0.4444957673549652,0.8002555966377258,0.7793501572054281,0.0145975761115551,0.04768826298138018,0.2675950527191162
27475,0.4444349408149719,0.8001917004585266,0.7792903522214898,0.014814495109021664,0.047429673468064364,0.26765909790992737
27500,0.44437429308891296,0.8003833889961243,0.7795086042225193,0.014684909023344517,0.04735827061662603,0.26772353053092957
27525,0.4443136751651764,0.8003833889961243,0.7795187862079885,0.014767857268452644,0.04745345459286276,0.2677878737449646
27550,0.44425317645072937,0.8003833889961243,0.7795187862079885,0.014791630208492279,0.047151057256721814,0.2678522765636444
27575,0.4441927373409271,0.8003833889961243,0.7795187862079885,0.014743325300514698,0.04726979977399782,0.26791682839393616
27600,0.44413232803344727,0.8003833889961243,0.7795187862079885,0.014821548014879227,0.047246256663384396,0.26798146963119507
27625,0.44407203793525696,0.8003833889961243,0.7795187862079885,0.014925263822078705,0.04736871424538196,0.26804640889167786
27650,0.44401130080223083,0.8004472851753235,0.779588772137442,0.01505347341299057,0.04744110042803989,0.2681120038032532
27675,0.44395023584365845,0.8004472851753235,0.779588772137442,0.014810889959335327,0.04744399347725854,0.2681777775287628
27700,0.4438892602920532,0.8003833889961243,0.7795003364869039,0.014894593507051468,0.047405550018808036,0.26824355125427246
27725,0.4438283145427704,0.8003833889961243,0.7795003364869039,0.015165514312684536,0.04740522696543419,0.2683093249797821
27750,0.44376739859580994,0.8005111813545227,0.7796054364104661,0.014674590900540352,0.04747229316769045,0.26837509870529175
27775,0.44370654225349426,0.8003833889961243,0.7794654657808813,0.015092926099896431,0.04736680628124713,0.2684408724308014
27800,0.44364556670188904,0.8003833889961243,0.7794654657808813,0.014900267124176025,0.047393344263888554,0.268506795167923
27825,0.44358453154563904,0.8003833889961243,0.7794614937256039,0.014903050847351551,0.047538652901060775,0.26857247948646545
27850,0.44352343678474426,0.8004472851753235,0.7795292460328788,0.014783301390707493,0.047489244866889865,0.2686377167701721
27875,0.4434623420238495,0.8006389737129211,0.7797514936111012,0.014999013394117355,0.04750162116681186,0.2687029540538788
27900,0.4434012770652771,0.8005750775337219,0.7796630248347698,0.01506184320896864,0.04750651782424452,0.26876845955848694
27925,0.44334012269973755,0.8007028698921204,0.7797800022449891,0.014904359355568886,0.04748491103294164,0.2688339948654175
27950,0.4432792067527771,0.8005750775337219,0.7796748916600585,0.014776049181818962,0.04729206291258528,0.26889950037002563
27975,0.4432183802127838,0.8005111813545227,0.7796111179918781,0.014740999788045883,0.04739871464263226,0.2689647972583771
28000,0.44315749406814575,0.8003833889961243,0.7794711020189611,0.015021352097392082,0.04741583240384077,0.269029825925827
28025,0.4430960416793823,0.800319492816925,0.779401080766858,0.014867981895804405,0.04757707510156,0.2690946161746979
28050,0.44303444027900696,0.8003833889961243,0.7794648430467459,0.015160846523940563,0.047694387787419884,0.2691587209701538
28075,0.44297298789024353,0.8004472851753235,0.7794959839103992,0.014865267090499401,0.04758531256436374,0.26922282576560974
28100,0.44291144609451294,0.8003833889961243,0.7794361763961294,0.015139871276915073,0.04760660064190046,0.2692866623401642
28125,0.4428499937057495,0.8003833889961243,0.7794361763961294,0.015283145010471344,0.04771160608874084,0.26935073733329773
28150,0.4427887797355652,0.800319492816925,0.7793476788468003,0.015016504563391209,0.04745465266829201,0.26941484212875366
28175,0.4427276849746704,0.800319492816925,0.77937637865008,0.014764445833861828,0.047541309003716545,0.2694788873195648
28200,0.442666620016098,0.800319492816925,0.77937637865008,0.015045343898236752,0.04737616124403222,0.26954254508018494
28225,0.4426056444644928,0.8003833889961243,0.7794514563478381,0.014839881099760532,0.047362252304827726,0.269606351852417
28250,0.4425446391105652,0.8004472851753235,0.7795214813993345,0.014632869511842728,0.047570655279487756,0.2696700692176819
28275,0.442483514547348,0.8004472851753235,0.7795214813993345,0.014897925779223442,0.047417264888881365,0.2697336673736572
28300,0.4424225091934204,0.8006389737129211,0.7797237435973056,0.014796403236687183,0.04746119937210524,0.2697971761226654
28325,0.44236159324645996,0.8005111813545227,0.7795714716559865,0.014833933673799038,0.047490795505153116,0.2698603868484497
28350,0.44230079650878906,0.8005111813545227,0.7795714716559865,0.014792241156101227,0.04733948220490672,0.2699233889579773
28375,0.4422401189804077,0.8005750775337219,0.7796399535815974,0.014635532163083553,0.047212872658260505,0.2699865996837616
28400,0.44217926263809204,0.8005111813545227,0.7795801212998673,0.01488670613616705,0.04743556412064445,0.2700502872467041
28425,0.44211843609809875,0.800319492816925,0.7793763285282811,0.014734894037246704,0.04743208104833152,0.270114004611969
28450,0.442057341337204,0.8005111813545227,0.7795636553560513,0.014701349660754204,0.04749855816877779,0.27017807960510254
28475,0.4419962465763092,0.8004472851753235,0.7794999074513791,0.014716423116624355,0.047403359929356986,0.27024197578430176
28500,0.44193512201309204,0.8003833889961243,0.7794400751696489,0.014700769446790218,0.04751626434564757,0.27030566334724426
28525,0.44187402725219727,0.8002555966377258,0.7793165060323322,0.014743559062480927,0.047525788111328585,0.2703689932823181
28550,0.4418131709098816,0.800319492816925,0.7793865297256681,0.01484381128102541,0.047324288063701744,0.27043190598487854
28575,0.44175246357917786,0.800319492816925,0.7793865297256681,0.014839906245470047,0.0473493907461067,0.2704947888851166
28600,0.4416916072368622,0.800319492816925,0.7793826030378903,0.014577431604266167,0.04742128648165898,0.2705575227737427
28625,0.44163060188293457,0.8002555966377258,0.7793267170053846,0.01472239475697279,0.047514342235434465,0.2706202566623688
28650,0.4415694773197174,0.8003833889961243,0.7794542191437202,0.014652256853878498,0.04740004004020722,0.2706828713417053
28675,0.4415082633495331,0.8003833889961243,0.7794542191437202,0.014891073107719421,0.04747689721593103,0.2707459032535553
28700,0.4414469003677368,0.8003833889961243,0.7794542191437202,0.014890555292367935,0.04755723100729584,0.27080896496772766
28725,0.44138532876968384,0.8004472851753235,0.779517972112032,0.014687901362776756,0.04762089268253515,0.2708717882633209
28750,0.4413238763809204,0.8005750775337219,0.7796949316973898,0.014527132734656334,0.04774551182101225,0.2709342837333679
28775,0.4412626326084137,0.8005111813545227,0.7796064645852365,0.014760421589016914,0.047629262933565876,0.27099665999412537
28800,0.44120126962661743,0.8006389737129211,0.7797649579193815,0.014655981212854385,0.04762258870797306,0.2710588574409485
28825,0.4411395192146301,0.8004472851753235,0.7795650780671323,0.014919411391019821,0.04794382986051185,0.27112066745758057
28850,0.44107741117477417,0.8003833889961243,0.7794766187485976,0.014747115783393383,0.047989944998808036,0.27118203043937683
28875,0.441015362739563,0.8002555966377258,0.7793491216690962,0.014857374131679535,0.04780635380060902,0.2712433338165283
28900,0.44095340371131897,0.800319492816925,0.7794089324266211,0.014873226173222065,0.047820841657867534,0.27130451798439026
28925,0.4408916234970093,0.800319492816925,0.7794089324266211,0.014841161668300629,0.04773354943095132,0.27136555314064026
28950,0.44083017110824585,0.8003833889961243,0.7794687529492436,0.014632564969360828,0.04763681372624468,0.2714267671108246
28975,0.4407689869403839,0.8005111813545227,0.7796170659450707,0.014719780534505844,0.047552447400667525,0.27148815989494324
29000,0.4407079517841339,0.8005750775337219,0.7796769138204416,0.014727420173585415,0.04752613089776124,0.27154967188835144
29025,0.44064709544181824,0.8007028698921204,0.7798154430014617,0.014634626917541027,0.047725915733303655,0.2716113030910492
29050,0.44058653712272644,0.8007028698921204,0.7798154430014617,0.014887957833707333,0.04743823916677368,0.2716728150844574
29075,0.4405262768268585,0.8007028698921204,0.7798154430014617,0.01451000664383173,0.047232671134038305,0.2717345356941223
29100,0.4404657185077667,0.8007667660713196,0.7798854628586407,0.014871210791170597,0.04741984019525767,0.27179643511772156
29125,0.4404052197933197,0.8008307218551636,0.7799453348528602,0.014777748845517635,0.04729826629344455,0.27185824513435364
29150,0.4403446912765503,0.8008946180343628,0.7800338149849695,0.014712071046233177,0.04729192756168616,0.2719196677207947
29175,0.44028428196907043,0.8008307218551636,0.7799700685704012,0.014623678289353848,0.04733958131843529,0.27198049426078796
29200,0.44022396206855774,0.800958514213562,0.7801222697479886,0.014564018696546555,0.04721696045061341,0.27204132080078125
29225,0.4401637613773346,0.8010224103927612,0.7801609228419919,0.014556150883436203,0.0473407330441366,0.2721022367477417
29250,0.44010335206985474,0.8010863065719604,0.7802493605706257,0.014733131974935532,0.04735200529212637,0.2721635103225708
29275,0.44004249572753906,0.8011502027511597,0.7803193759928816,0.014803901314735413,0.04759670713807055,0.2722247540950775
29300,0.4399813413619995,0.8011502027511597,0.7803193759928816,0.014870216138660908,0.04760260405100042,0.27228572964668274
29325,0.43992021679878235,0.8011502027511597,0.7803193759928816,0.014866911806166172,0.04760631046422806,0.27234670519828796
29350,0.439859002828598,0.8012779951095581,0.7804677065662524,0.014730589464306831,0.047464778806877085,0.2724076211452484
29375,0.4397980868816376,0.8013418912887573,0.7805238301313218,0.015071108937263489,0.047789631337931404,0.272468626499176
29400,0.43973734974861145,0.8014057874679565,0.7806122404290251,0.014581171795725822,0.04741723910306767,0.27252981066703796
29425,0.43967685103416443,0.8014057874679565,0.7806122404290251,0.014696959406137466,0.047599513043714826,0.2725909948348999
29450,0.4396164119243622,0.8014696836471558,0.7806759827459515,0.014608677476644516,0.0473455096038918,0.2726520895957947
29475,0.4395560324192047,0.801533579826355,0.780758092065786,0.014629939571022987,0.04727507009703208,0.2727130651473999
29500,0.43949583172798157,0.8014696836471558,0.7806981387251528,0.014581084251403809,0.04725365255485015,0.2727736532688141
29525,0.4394356310367584,0.801533579826355,0.780758092065786,0.014639180153608322,0.04713383256189744,0.27283456921577454
29550,0.43937554955482483,0.8014057874679565,0.780619444944434,0.014628506265580654,0.04720745117201911,0.27289560437202454
29575,0.4393153488636017,0.801533579826355,0.7807715424805854,0.014833039604127407,0.047214214993464614,0.27295631170272827
29600,0.4392552673816681,0.801533579826355,0.7807715424805854,0.014453119598329067,0.047317689086277634,0.2730167806148529
29625,0.4391951858997345,0.8014696836471558,0.7807298757845164,0.014620783738791943,0.04715724591002973,0.2730770409107208
29650,0.4391353130340576,0.8014696836471558,0.7807260889454819,0.01448021363466978,0.047148356335260065,0.27313685417175293
29675,0.4390755295753479,0.8014696836471558,0.7807260889454819,0.01442801021039486,0.04709954112086794,0.2731967568397522
29700,0.43901583552360535,0.8015974760055542,0.7808642867231493,0.014522270299494267,0.047005807412968184,0.2732570469379425
29725,0.43895623087882996,0.8015974760055542,0.7808642867231493,0.014576067216694355,0.04680280096521883,0.27331697940826416
29750,0.4388965964317322,0.8018530607223511,0.7811192435468621,0.014509236440062523,0.04705023805973226,0.2733769714832306
29775,0.43883681297302246,0.8018530607223511,0.7811192435468621,0.014478684403002262,0.04713925913432188,0.27343738079071045
29800,0.4387769103050232,0.8017891645431519,0.7810592840569237,0.014643985778093338,0.047105185550995264,0.2734975814819336
29825,0.43871715664863586,0.8019169569015503,0.781193071861888,0.01462364848703146,0.047010379175366955,0.27355775237083435
29850,0.4386575520038605,0.8020447492599487,0.781349940512973,0.014109810814261436,0.04718038298856095,0.2736179232597351
29875,0.43859800696372986,0.8020447492599487,0.781349940512973,0.014189301989972591,0.04699956290206961,0.2736775875091553
29900,0.43853867053985596,0.802108645439148,0.7814311588834792,0.014516669325530529,0.04695681957165926,0.2737370729446411
29925,0.4384794533252716,0.8019808530807495,0.7813011404534602,0.014307275414466858,0.047434228570606446,0.27379679679870605
29950,0.4384203851222992,0.8020447492599487,0.7813611265304258,0.014761364087462425,0.04700029126975436,0.27385634183883667
29975,0.4383617043495178,0.8019808530807495,0.7812925418216632,0.014128128997981548,0.046575261894948636,0.2739157974720001
30000,0.4383033812046051,0.8019808530807495,0.7812925418216632,0.014284915290772915,0.04653287133142849,0.2739747166633606
30025,0.43824517726898193,0.8020447492599487,0.7813562881149418,0.014447616413235664,0.046499310757258654,0.2740335762500763
30050,0.4381868839263916,0.8020447492599487,0.7813562881149418,0.013954495079815388,0.046408000504849334,0.27409273386001587
30075,0.43812862038612366,0.8019169569015503,0.7812262726133195,0.014262013137340546,0.04680218628856408,0.2741519510746002
30100,0.43807026743888855,0.8018530607223511,0.7811663107254039,0.014195882715284824,0.0464710499879954,0.27421167492866516
30125,0.438012033700943,0.8019169569015503,0.7812262726133195,0.0143534941598773,0.04644753538635122,0.27427175641059875
30150,0.4379537105560303,0.8019808530807495,0.7812862443306081,0.013918813318014145,0.04665014566350062,0.27433228492736816
30175,0.43789535760879517,0.8019808530807495,0.7812862443306081,0.014363979920744896,0.04656725920945123,0.2743925154209137
30200,0.43783703446388245,0.8020447492599487,0.7813845877045857,0.014335080049932003,0.04653110323682626,0.27445247769355774
30225,0.4377788305282593,0.8020447492599487,0.7813845877045857,0.014360356144607067,0.04636395603100576,0.27451255917549133
30250,0.4377204477787018,0.802108645439148,0.7814445671204437,0.014258013106882572,0.046609382642179724,0.2745726704597473
30275,0.43766194581985474,0.802108645439148,0.7814445671204437,0.014161205850541592,0.046687247237883756,0.27463269233703613
30300,0.4376034140586853,0.802108645439148,0.7814445671204437,0.014224991202354431,0.04653582273366874,0.2746916711330414
30325,0.43754473328590393,0.8021725416183472,0.7815045563753016,0.014312263578176498,0.04686348149930988,0.27475064992904663
30350,0.4374859631061554,0.8022364377975464,0.7815683039748342,0.014505545608699322,0.04663428506558137,0.2748096287250519
30375,0.43742722272872925,0.8021725416183472,0.7815083147199764,0.014515608549118042,0.046750491379192356,0.27486854791641235
30400,0.4373685419559479,0.802108645439148,0.7814382671566954,0.014286537654697895,0.04656418046781803,0.27492743730545044
30425,0.43730971217155457,0.802108645439148,0.7814137332866679,0.014229715801775455,0.04682503142944903,0.2749866247177124
30450,0.43725061416625977,0.8020447492599487,0.7813537615693792,0.014185111038386822,0.04697115804317419,0.2750453054904938
30475,0.4371914565563202,0.8019808530807495,0.7812937996814635,0.014208182692527771,0.047152222356689824,0.2751041650772095
30500,0.43713244795799255,0.8019808530807495,0.7812937996814635,0.014005807228386402,0.04681432551132688,0.2751629650592804
30525,0.43707311153411865,0.8020447492599487,0.7813537615693792,0.014477292075753212,0.047128342709824175,0.27522143721580505
30550,0.4370135962963104,0.8019808530807495,0.7812900164339049,0.0144020551815629,0.04685910423509613,0.2752796709537506
30575,0.436954140663147,0.8019808530807495,0.7812900164339049,0.014169772155582905,0.04689860692508789,0.2753380835056305
30600,0.43689483404159546,0.8019169569015503,0.7812300545459894,0.014382623136043549,0.04705216241449388,0.27539631724357605
30625,0.43683552742004395,0.8019808530807495,0.7812900164339049,0.014226510189473629,0.04725054515218004,0.27545446157455444
30650,0.436776340007782,0.8020447492599487,0.7813499881511936,0.014189357869327068,0.04702623612037592,0.2755124866962433
30675,0.43671703338623047,0.8021725416183472,0.7814699611144595,0.014519236981868744,0.04695680462865915,0.275570273399353
30700,0.4366580545902252,0.8021725416183472,0.7814699611144595,0.01415295246988535,0.0468218807093698,0.2756282389163971
30725,0.43659916520118713,0.8021725416183472,0.7814737148434703,0.014211258850991726,0.046807322343469085,0.2756863534450531
30750,0.4365402162075043,0.8021725416183472,0.7814737148434703,0.014226993545889854,0.046893995677942335,0.2757442593574524
30775,0.4364812672138214,0.8021725416183472,0.7814737148434703,0.01473561953753233,0.04704257821572316,0.27580180764198303
30800,0.4364224076271057,0.8022364377975464,0.7815437661839211,0.014685605652630329,0.04683509953736607,0.2758592665195465
30825,0.4363636076450348,0.8023003339767456,0.7816037575903847,0.014085924252867699,0.04671575539180446,0.2759164571762085
30850,0.4363047182559967,0.8023003339767456,0.781598932125744,0.014471299946308136,0.0471283679260373,0.2759742736816406
30875,0.436245858669281,0.8021725416183472,0.7814863872534643,0.014303971081972122,0.04678501351303727,0.2760322093963623
30900,0.4361870288848877,0.8022364377975464,0.7815501440700063,0.014107576571404934,0.04705426265981919,0.27608993649482727
30925,0.436128169298172,0.8023003339767456,0.781613902211868,0.014338805340230465,0.047017990822987764,0.2761477530002594
30950,0.4360693097114563,0.8023003339767456,0.781613902211868,0.014380060136318207,0.04674714278605515,0.27620577812194824
30975,0.4360106885433197,0.8023642301559448,0.7816776616859108,0.014011274091899395,0.046684491065903715,0.2762637734413147
31000,0.4359523355960846,0.8023642301559448,0.7816776616859108,0.013908850960433483,0.04682761146368823,0.2763213515281677
31025,0.43589383363723755,0.8024920225143433,0.7818259474934718,0.014097140170633793,0.04682193802566199,0.2763785123825073
31050,0.43583548069000244,0.8025559186935425,0.7818859564567744,0.014279033988714218,0.046867667880647446,0.27643531560897827
31075,0.43577736616134644,0.8025559186935425,0.7818922404139352,0.013770426623523235,0.04676773494203033,0.27649253606796265
31100,0.43571946024894714,0.8025559186935425,0.7818922404139352,0.013903464190661907,0.04637856535022781,0.276549756526947
31125,0.43566176295280457,0.8026198148727417,0.7819410265672655,0.01400757022202015,0.04677714220387417,0.276606947183609
31150,0.4356042742729187,0.8026837110519409,0.7820047910154317,0.013989700935781002,0.046335297817717565,0.27666422724723816
31175,0.4355466961860657,0.8027476072311401,0.7820930684074352,0.014224879443645477,0.04663741634535499,0.2767215967178345
31200,0.43548911809921265,0.8026837110519409,0.7820047910154317,0.0141888577491045,0.04633704921292263,0.27677905559539795
31225,0.435431569814682,0.8026837110519409,0.782006242881056,0.013845513574779034,0.0465849508144196,0.2768366038799286
31250,0.435373991727829,0.8028115034103394,0.7821362764548867,0.013794521801173687,0.046384632433983566,0.27689409255981445
31275,0.43531662225723267,0.8028115034103394,0.7821362764548867,0.013875649310648441,0.04618599346276767,0.27695152163505554
31300,0.4352594316005707,0.8028115034103394,0.7821362764548867,0.014091534540057182,0.04607581838828996,0.27700895071029663
31325,0.43520233035087585,0.8029392957687378,0.7822883354931662,0.014030251652002335,0.04601698952198833,0.27706649899482727
31350,0.4351453185081482,0.8030670881271362,0.7824366133628443,0.014108044095337391,0.04607744437104404,0.2771243155002594
31375,0.43508827686309814,0.8031309843063354,0.7824966484097802,0.013917520642280579,0.04623199813271889,0.27718234062194824
31400,0.43503108620643616,0.8031949400901794,0.7825566933478739,0.014080959372222424,0.046254774499171016,0.2772407829761505
31425,0.4349738657474518,0.8031309843063354,0.782492912248843,0.014078723266720772,0.04613207199702222,0.27729934453964233
31450,0.43491673469543457,0.8030670881271362,0.7824328673107495,0.014323513954877853,0.046316709505684714,0.27735796570777893
31475,0.4348598122596741,0.8031309843063354,0.7825211101334915,0.0139444125816226,0.04636070523566564,0.2774167060852051
31500,0.43480297923088074,0.8031309843063354,0.7825148538266372,0.014050994999706745,0.046074080043146136,0.2774752378463745
31525,0.4347461760044098,0.8032588362693787,0.7826631316963153,0.01440148614346981,0.04622340584155004,0.2775340974330902
31550,0.43468955159187317,0.8032588362693787,0.7826568603364853,0.013690883293747902,0.046065274410088945,0.27759283781051636
31575,0.4346329867839813,0.8033227324485779,0.7827206365946753,0.013848510570824146,0.04591415076734872,0.27765125036239624
31600,0.43457651138305664,0.8034505248069763,0.7828481931799773,0.01371434610337019,0.04612426060425406,0.27770984172821045
31625,0.43452003598213196,0.8034505248069763,0.7828519132576514,0.013902037404477596,0.04574066734806162,0.2777683436870575
31650,0.4344637989997864,0.8034505248069763,0.7828519132576514,0.013767312280833721,0.04605329373464353,0.277826726436615
31675,0.43440768122673035,0.8035144209861755,0.7829401056666377,0.014194328337907791,0.045901660674940496,0.27788496017456055
31700,0.4343518018722534,0.8035783171653748,0.7830001735787133,0.013567541725933552,0.04614147941087825,0.27794358134269714
31725,0.4342959523200989,0.8035783171653748,0.7830001735787133,0.014093938283622265,0.04618594154667511,0.27800169587135315
31750,0.43424004316329956,0.803642213344574,0.7830639552941998,0.013819673098623753,0.045849035778296736,0.2780599296092987
31775,0.43418416380882263,0.8035783171653748,0.7830038873821242,0.013680708594620228,0.04619197456889305,0.2781180739402771
31800,0.4341282546520233,0.8035783171653748,0.7830038873821242,0.013411828316748142,0.046215086744167334,0.2781762182712555
31825,0.4340721368789673,0.8034505248069763,0.7828837812164537,0.013694076798856258,0.04597697695971956,0.27823472023010254
31850,0.4340161085128784,0.8035144209861755,0.7829719331653988,0.013627435080707073,0.045833336431754926,0.2782933712005615
31875,0.4339599907398224,0.8037061095237732,0.7831839064852544,0.013962630182504654,0.04589916859929035,0.27835240960121155
31900,0.43390384316444397,0.8037061095237732,0.7831839064852544,0.014536098577082157,0.04607130091994094,0.2784116864204407
31925,0.43384772539138794,0.8037061095237732,0.7831839064852544,0.013868952170014381,0.046325400789668764,0.27847105264663696
31950,0.4337916374206543,0.803642213344574,0.7831238430693908,0.0137692391872406,0.0462082428976116,0.2785301208496094
31975,0.4337356984615326,0.803642213344574,0.7831238430693908,0.013688119128346443,0.04593995827569932,0.2785889804363251
32000,0.4336797297000885,0.8037700057029724,0.7832439797794137,0.01373968180269003,0.04628873099132811,0.27864739298820496
32025,0.4336235821247101,0.8037061095237732,0.7831702021436562,0.01417597383260727,0.04602982356757435,0.2787059247493744
32050,0.4335668385028839,0.8037700057029724,0.7832339814840297,0.014468233101069927,0.0464987527065622,0.2787655293941498
32075,0.43351006507873535,0.8039616942405701,0.7834142904643444,0.014464708976447582,0.04621213380127243,0.2788253724575043
32100,0.43345338106155396,0.8039616942405701,0.7834179582858543,0.013695739209651947,0.0464345747239514,0.2788851857185364
32125,0.43339672684669495,0.8039616942405701,0.7833898986051533,0.014070297591388226,0.04652099863645509,0.27894479036331177
32150,0.4333401024341583,0.8040255904197693,0.7834599838379913,0.014322178438305855,0.04616401419577776,0.2790038585662842
32175,0.43328365683555603,0.8040255904197693,0.7834599838379913,0.014239899814128876,0.04574354524456801,0.2790626585483551
32200,0.4332274794578552,0.8041533827781677,0.7835901753806671,0.013938266783952713,0.04684245049113925,0.27912136912345886
32225,0.4331710934638977,0.8041533827781677,0.7835901753806671,0.014361288398504257,0.04594429727289443,0.27917975187301636
32250,0.4331147372722626,0.8041533827781677,0.7835901753806671,0.013687852770090103,0.04617658799332254,0.2792382836341858
32275,0.4330585300922394,0.8041533827781677,0.7835838849283028,0.014107774011790752,0.045861897664252055,0.27929654717445374
32300,0.43300238251686096,0.8041533827781677,0.7835838849283028,0.013701382093131542,0.04642631246505602,0.27935469150543213
32325,0.432946115732193,0.8040894865989685,0.7835200990476681,0.013944792561233044,0.04613461063701005,0.2794126868247986
32350,0.43288981914520264,0.8041533827781677,0.7835838849283028,0.013941917568445206,0.046116964381209845,0.27947092056274414
32375,0.43283358216285706,0.8042172789573669,0.7836539650110443,0.014286402612924576,0.046049584417407106,0.27952882647514343
32400,0.43277737498283386,0.8041533827781677,0.7835901753806671,0.013907728716731071,0.04589195046661877,0.2795868515968323
32425,0.43272146582603455,0.8042172789573669,0.7836602428222315,0.014263985678553581,0.04569709667351766,0.2796447277069092
32450,0.43266549706459045,0.8042172789573669,0.7836701861710863,0.013971509411931038,0.04579752263089735,0.2797025144100189
32475,0.43260958790779114,0.8043450713157654,0.7837696915936476,0.013689370825886726,0.04589929554449313,0.2797601819038391
32500,0.43255385756492615,0.8042811751365662,0.7837095840215883,0.01363686379045248,0.04600990849801604,0.2798178493976593
32525,0.4324983060359955,0.8042811751365662,0.7837095840215883,0.013897668570280075,0.04539798235010762,0.27987539768218994
32550,0.43244296312332153,0.8043450713157654,0.7837977818077387,0.014356021769344807,0.045518334200918616,0.2799328565597534
32575,0.43238770961761475,0.8044089674949646,0.7838578970174155,0.013657193630933762,0.045572500491645525,0.279990553855896
32600,0.4323326349258423,0.8044089674949646,0.7838578970174155,0.013917488045990467,0.04521471535571865,0.28004804253578186
32625,0.4322775900363922,0.8044089674949646,0.7838578970174155,0.014406105503439903,0.045424691428783234,0.2801054120063782
32650,0.4322225749492645,0.8044728636741638,0.7839180221670186,0.013680599629878998,0.045737316831269095,0.28016310930252075
32675,0.43216758966445923,0.8044089674949646,0.7838615817281198,0.014275074936449528,0.04541055609195012,0.28022047877311707
32700,0.43211257457733154,0.8046006560325623,0.7840456234183242,0.014184157364070415,0.045398562334092195,0.2802785634994507
32725,0.43205752968788147,0.804536759853363,0.7839854982687211,0.014483707025647163,0.045319492329747996,0.28033632040023804
32750,0.43200257420539856,0.8044728636741638,0.7839216969377967,0.014249245636165142,0.04547765506859396,0.2803943157196045
32775,0.4319475591182709,0.8044728636741638,0.7839216969377967,0.013869633898139,0.04578670160850315,0.2804528474807739
32800,0.431892454624176,0.804536759853363,0.7840098771560511,0.014181734062731266,0.04522790633780718,0.28051096200942993
32825,0.43183767795562744,0.804536759853363,0.7840161343974178,0.013750109821557999,0.045524093410474004,0.28056904673576355
32850,0.43178290128707886,0.8046006560325623,0.7840799380540443,0.013944897800683975,0.04540993161905842,0.2806268036365509
32875,0.4317282736301422,0.8046006560325623,0.7840799380540443,0.01386175025254488,0.04561732918337196,0.2806844413280487
32900,0.43167370557785034,0.8046645522117615,0.784131853011713,0.013876819983124733,0.045197605227980386,0.2807419002056122
32925,0.43161913752555847,0.8047923445701599,0.7842594794725383,0.013863775879144669,0.045243795909517166,0.28079915046691895
32950,0.43156421184539795,0.8049201369285583,0.7844163138140746,0.013772524893283844,0.04551984644316524,0.2808566093444824
32975,0.4315091073513031,0.8049201369285583,0.7844199841261548,0.013802810572087765,0.04558328699713553,0.28091439604759216
33000,0.4314541518688202,0.8050479292869568,0.7845501680605926,0.013795172795653343,0.04518723001267942,0.2809717655181885
33025,0.43139922618865967,0.805111825466156,0.7846103152962128,0.013852891512215137,0.045278095314574565,0.2810288071632385
33050,0.4313441812992096,0.8050479292869568,0.784546503977078,0.013824581168591976,0.04519344017500321,0.28108540177345276
33075,0.4312892258167267,0.805111825466156,0.7846066611712786,0.013700181618332863,0.045889380597688066,0.28114208579063416
33100,0.431234210729599,0.8051757216453552,0.7846948385169161,0.013637196272611618,0.04544312614117539,0.2811990976333618
33125,0.431179016828537,0.8053035140037537,0.784834897806325,0.013713326305150986,0.04531189236715351,0.2812563478946686
33150,0.4311240017414093,0.8052396178245544,0.7847747329938677,0.014024551957845688,0.045550679813034484,0.28131407499313354
33175,0.4310687482357025,0.8053035140037537,0.784834897806325,0.013730018399655819,0.046341241891039275,0.2813725173473358
33200,0.4310130774974823,0.8054313063621521,0.7849832323461632,0.013857872225344181,0.04595167154631569,0.2814309298992157
33225,0.4309573173522949,0.8056230545043945,0.7851710636341412,0.013583138585090637,0.046203226587220814,0.2814890742301941
33250,0.43090158700942993,0.8056869506835938,0.7852348852361071,0.013754106126725674,0.04611983760639336,0.2815472185611725
33275,0.43084603548049927,0.805750846862793,0.7853085471154434,0.013925527222454548,0.04555129884280591,0.28160548210144043
33300,0.4307906925678253,0.8058786392211914,0.7854325676679904,0.014017222449183464,0.04585875622533891,0.2816638946533203
33325,0.4307354688644409,0.8058786392211914,0.7854325676679904,0.013538042083382607,0.04559235463477716,0.2817222774028778
33350,0.43068042397499084,0.8059425354003906,0.7855025937291432,0.01393695455044508,0.045384731382351676,0.2817806005477905
33375,0.43062564730644226,0.8060064315795898,0.785566427061017,0.013537151739001274,0.045814140282256,0.281838983297348
33400,0.43057072162628174,0.8060064315795898,0.785566427061017,0.01385907456278801,0.04557744295683714,0.2818973660469055
33425,0.4305157959461212,0.8060703277587891,0.7856266294163154,0.013963934034109116,0.04537034622271535,0.281955748796463
33450,0.43046095967292786,0.8060703277587891,0.7855986591884376,0.014176460914313793,0.045486266572492835,0.28201431035995483
33475,0.43040621280670166,0.8060703277587891,0.7855986591884376,0.013841268606483936,0.045242171949581994,0.28207287192344666
33500,0.4303513765335083,0.8060064315795898,0.7855286294296473,0.014031433500349522,0.04550142342756181,0.28213128447532654
33525,0.43029651045799255,0.8060703277587891,0.7856038723866099,0.014062185771763325,0.045512795534619205,0.2821895480155945
33550,0.4302417039871216,0.8060064315795898,0.7855338354654118,0.01374448649585247,0.04523899452904731,0.28224802017211914
33575,0.43018680810928345,0.8060703277587891,0.7855976631453078,0.01391956303268671,0.045240793464890676,0.2823064923286438
33600,0.43013209104537964,0.8060703277587891,0.7856090991344071,0.0135556161403656,0.04576231117221798,0.2823648750782013
33625,0.43007737398147583,0.8059425354003906,0.785450833065207,0.01382383517920971,0.045404208920774555,0.2824229896068573
33650,0.4300226867198944,0.8060064315795898,0.7855208771682771,0.013770530000329018,0.04549859178659119,0.28248122334480286
33675,0.42996808886528015,0.8060703277587891,0.785584705146073,0.013720524497330189,0.045306113340106126,0.28253939747810364
33700,0.42991355061531067,0.8060703277587891,0.785584705146073,0.01371717732399702,0.045173364672149795,0.28259775042533875
33725,0.42985913157463074,0.8060064315795898,0.7855208771682771,0.013758674263954163,0.04541197836414908,0.2826559543609619
33750,0.42980465292930603,0.8060703277587891,0.785600429631569,0.01364951953291893,0.045303051575442434,0.2827141582965851
33775,0.42975032329559326,0.8061342239379883,0.7856886552500232,0.01346026360988617,0.04587531285235803,0.28277215361595154
33800,0.4296959340572357,0.8061981201171875,0.7857586941780961,0.014076216146349907,0.045118487644971526,0.28283020853996277
33825,0.4296413064002991,0.8061981201171875,0.7857866391596355,0.014180421829223633,0.045450276743550226,0.2828887104988098
33850,0.4295864999294281,0.8061981201171875,0.7857830628634199,0.014052760787308216,0.04540691685876452,0.2829471826553345
33875,0.4295317232608795,0.8063898086547852,0.7860184066240671,0.013863078318536282,0.04515506585055394,0.2830057144165039
33900,0.42947685718536377,0.8063898086547852,0.7860184066240671,0.013849007897078991,0.04550714279896068,0.28306418657302856
33925,0.4294217526912689,0.806645393371582,0.7862875144817052,0.014038288034498692,0.04543086471017232,0.28312233090400696
33950,0.4293665885925293,0.8067092895507812,0.7863513347262483,0.013848237693309784,0.045497489736451735,0.2831805944442749
33975,0.42931148409843445,0.8067731857299805,0.7864116777296182,0.014137979596853256,0.04542248741317086,0.2832387685775757
34000,0.42925652861595154,0.8069009780883789,0.7865536638833737,0.014080190099775791,0.045471880169200125,0.28329718112945557
34025,0.4292013943195343,0.8070287704467773,0.7867022082486117,0.0138673922047019,0.04554283376192666,0.2833556532859802
34050,0.4291464388370514,0.8069648742675781,0.7866418228671932,0.013665138743817806,0.04541657362969347,0.2834138870239258
34075,0.42909127473831177,0.8069648742675781,0.7866418228671932,0.014047903008759022,0.045536763276168,0.2834717333316803
34100,0.4290359914302826,0.8070287704467773,0.7867022082486117,0.014012739062309265,0.04549797318088378,0.28352946043014526
34125,0.4289807379245758,0.8069009780883789,0.7865536638833737,0.013782806694507599,0.04560951790129532,0.28358715772628784
34150,0.42892566323280334,0.8069648742675781,0.7866140416987207,0.013845302164554596,0.04542236668910486,0.2836446166038513
34175,0.4288708567619324,0.8070926666259766,0.7867660324973736,0.013563751243054867,0.04577008228553539,0.28370216488838196
34200,0.42881640791893005,0.8069648742675781,0.786633326443207,0.013818010687828064,0.045183446588850394,0.28375938534736633
34225,0.42876195907592773,0.8069648742675781,0.786633326443207,0.013730633072555065,0.04514822430651501,0.2838168442249298
34250,0.42870762944221497,0.8070287704467773,0.7866971584225653,0.01388748362660408,0.0453588357753077,0.2838740348815918
34275,0.4286532998085022,0.8070926666259766,0.7867575393074596,0.013474009931087494,0.04522247297394402,0.2839314937591553
34300,0.428599089384079,0.8071565628051758,0.7868213727736075,0.013683583587408066,0.044937615350305264,0.2839888334274292
34325,0.42854493856430054,0.8072843551635742,0.7869517958402501,0.013607783243060112,0.04515715290490799,0.28404614329338074
34350,0.4284907877445221,0.8073482513427734,0.7870121969861652,0.013500044122338295,0.045254783835958906,0.2841034531593323
34375,0.4284367859363556,0.8073482513427734,0.7870121969861652,0.01395436841994524,0.04523900130054673,0.2841607332229614
34400,0.4283827543258667,0.8074121475219727,0.7870717758136643,0.01344864722341299,0.04540165118944855,0.2842181921005249
34425,0.42832842469215393,0.8075399398803711,0.7871994552736014,0.014151536859571934,0.0451571233266565,0.2842753529548645
34450,0.4282739460468292,0.8074760437011719,0.7871356147902178,0.013849792070686817,0.045260195313366836,0.28433287143707275
34475,0.4282193183898926,0.8074760437011719,0.7871356147902178,0.013966216705739498,0.04519612472707122,0.28439009189605713
34500,0.42816466093063354,0.8076038360595703,0.7872694841272531,0.014064911752939224,0.04523532700156769,0.2844471037387848
34525,0.4281097650527954,0.8077316284179688,0.787362541750364,0.014071604236960411,0.045358435974681914,0.2845037281513214
34550,0.4280550181865692,0.8077316284179688,0.787362541750364,0.013991164043545723,0.045454613596765725,0.2845604121685028
34575,0.42800045013427734,0.8076677322387695,0.7873021171658399,0.01385988388210535,0.045293750888272866,0.2846170961856842
34600,0.427946001291275,0.8077316284179688,0.787362541750364,0.01385689526796341,0.04508075170538032,0.2846737802028656
34625,0.42789164185523987,0.807795524597168,0.7874229765120839,0.01391005702316761,0.04515747224043469,0.28473010659217834
34650,0.4278373420238495,0.8078594207763672,0.7875111924027959,0.013865319080650806,0.04531129788745089,0.2847862243652344
34675,0.42778316140174866,0.8079233169555664,0.7875907811864106,0.013848726637661457,0.045000396854257475,0.2848423421382904
34700,0.4277289807796478,0.8079233169555664,0.7875907811864106,0.013665813952684402,0.04511502840314754,0.2848982512950897
34725,0.42767468094825745,0.8079872727394104,0.7876546342123272,0.014159233309328556,0.0451795454168477,0.2849540114402771
34750,0.42762047052383423,0.807795524597168,0.7874380770045498,0.013779642060399055,0.045141649681552994,0.2850101590156555
34775,0.42756640911102295,0.807795524597168,0.7874414837824917,0.014096075668931007,0.04494203536560472,0.2850664258003235
34800,0.42751240730285645,0.807795524597168,0.7874531775759155,0.013820366933941841,0.04496730505804343,0.2851226031780243
34825,0.42745861411094666,0.8078594207763672,0.7875136315026554,0.01384780928492546,0.04499346107820582,0.28517892956733704
34850,0.42740491032600403,0.8079233169555664,0.7875774778928004,0.013717087917029858,0.044845878364195194,0.2852354049682617
34875,0.4273512661457062,0.8079872727394104,0.7876413258178707,0.013850175775587559,0.045046807228300845,0.285291850566864
34900,0.42729756236076355,0.8080511689186096,0.7877051752847668,0.014060034416615963,0.045257010622198106,0.28534865379333496
34925,0.4272439479827881,0.8081150650978088,0.7877740889326157,0.014043336734175682,0.04477795480256327,0.2854054570198059
34950,0.4271901547908783,0.8081150650978088,0.7877740889326157,0.013438114896416664,0.045092065317277594,0.2854623794555664
34975,0.4271366000175476,0.8080511689186096,0.7877136203210047,0.01356093306094408,0.04493360830476708,0.2855190634727478
35000,0.42708298563957214,0.8080511689186096,0.7877136203210047,0.013621038757264614,0.044881124556344736,0.285575807094574
35025,0.42702949047088623,0.8080511689186096,0.7877380004174886,0.013663324527442455,0.04470342152947417,0.2856324017047882
35050,0.4269762933254242,0.8079872727394104,0.7876253731353017,0.013608957640826702,0.04461395034834731,0.2856889069080353
35075,0.4269229769706726,0.8078594207763672,0.7875010805283991,0.01381460577249527,0.04452694685228003,0.2857455015182495
35100,0.4268696904182434,0.8077316284179688,0.787342781613394,0.01368857640773058,0.04495525814091343,0.28580209612846375
35125,0.4268163740634918,0.8077316284179688,0.787342781613394,0.013372523710131645,0.04494821951722866,0.2858588695526123
35150,0.42676302790641785,0.807795524597168,0.7874066197027607,0.013595674186944962,0.044921662604587694,0.28591546416282654
35175,0.42670971155166626,0.8076677322387695,0.7872823485338035,0.013798275031149387,0.0446459171744454,0.2859719693660736
35200,0.4266563951969147,0.807795524597168,0.787403224878187,0.013759247027337551,0.04465905595580436,0.28602835536003113
35225,0.4266030788421631,0.8079233169555664,0.7875519584512749,0.013315084390342236,0.04479584087605805,0.28608500957489014
35250,0.42654985189437866,0.8079233169555664,0.7875519584512749,0.0135831069201231,0.04470261820371697,0.28614145517349243
35275,0.4264967143535614,0.8078594207763672,0.7874881219081751,0.013140397146344185,0.044954473092819254,0.2861979305744171
35300,0.4264433979988098,0.8079872727394104,0.7876186234436546,0.013471675105392933,0.04467844021695563,0.28625401854515076
35325,0.4263899326324463,0.8080511689186096,0.7877380004174886,0.013511525467038155,0.044829777413580255,0.2863098382949829
35350,0.42633652687072754,0.8079872727394104,0.7876741602006575,0.013562730513513088,0.04489645833065511,0.2863657474517822
35375,0.42628300189971924,0.8081150650978088,0.7878018421787905,0.013662273064255714,0.04491364634922169,0.28642207384109497
35400,0.4262295663356781,0.8081789612770081,0.7878718709238803,0.013380879536271095,0.044678183403766523,0.2864784598350525
35425,0.4261761009693146,0.8081789612770081,0.7878718709238803,0.013497882522642612,0.04511972124744738,0.2865351736545563
35450,0.4261225759983063,0.8082428574562073,0.7879323470973982,0.013493428006768227,0.04516348473895893,0.2865918278694153
35475,0.42606887221336365,0.8082428574562073,0.7879323470973982,0.013210197910666466,0.045406744123566996,0.28664857149124146
35500,0.4260152578353882,0.8081789612770081,0.7878651441578329,0.013810650445520878,0.04484753380975621,0.28670549392700195
35525,0.42596176266670227,0.8081789612770081,0.7878651441578329,0.013220928609371185,0.04527269934033128,0.28676262497901917
35550,0.42590826749801636,0.8082428574562073,0.7879256407499473,0.013367710635066032,0.04483649105081337,0.2868196666240692
35575,0.42585501074790955,0.8083706498146057,0.7880466646192495,0.01318375114351511,0.04476903766675373,0.2868768870830536
35600,0.4258018136024475,0.8084345459938049,0.7881105085065062,0.013122012838721275,0.045286420871276656,0.2869337499141693
35625,0.4257487654685974,0.8085623383522034,0.7882443737997991,0.013520028442144394,0.04458964986955757,0.2869907319545746
35650,0.42569565773010254,0.8084345459938049,0.7880956046458516,0.013582633808255196,0.04502704383635828,0.28704795241355896
35675,0.4256420433521271,0.8085623383522034,0.7882199647817871,0.01319344062358141,0.044969053559851334,0.2871052622795105
35700,0.4255885183811188,0.8085623383522034,0.7882199647817871,0.013119901530444622,0.04515542460925621,0.28716230392456055
35725,0.4255349934101105,0.8084984421730042,0.7881594552888807,0.01327971089631319,0.04494845164366063,0.28721901774406433
35750,0.4254814088344574,0.8084984421730042,0.7881594552888807,0.013300486840307713,0.04501685825961338,0.2872760593891144
35775,0.42542779445648193,0.8085623383522034,0.7882443737997991,0.013282000087201595,0.04507893963766013,0.28733301162719727
35800,0.42537418007850647,0.8085623383522034,0.7882443737997991,0.01348081137984991,0.044948714558180385,0.2873891592025757
35825,0.4253205358982086,0.8085623383522034,0.7882443737997991,0.013561030849814415,0.04484932108799198,0.2874450981616974
35850,0.42526674270629883,0.8084984421730042,0.7881805247045454,0.013723970390856266,0.044951457534168626,0.2875012755393982
35875,0.4252128005027771,0.8084345459938049,0.7881105085065062,0.013436110690236092,0.04497162622657199,0.28755709528923035
35900,0.42515891790390015,0.8084984421730042,0.7881710358045098,0.013808947056531906,0.04503240139229211,0.2876127362251282
35925,0.42510488629341125,0.8086262345314026,0.7883015895566762,0.013205875642597675,0.04508533734970077,0.2876681983470917
35950,0.4250507652759552,0.8086901307106018,0.7883545314670553,0.013220022432506084,0.04512728445854445,0.2877233028411865
35975,0.4249967038631439,0.8086262345314026,0.78829399338428,0.01339369174093008,0.045099315639283905,0.2877785265445709
36000,0.4249427616596222,0.808754026889801,0.7884460800569824,0.013463033363223076,0.0450930675474941,0.2878338396549225
36025,0.4248886704444885,0.8086901307106018,0.7883855446804371,0.013031364418566227,0.04529208194781272,0.2878892421722412
36050,0.4248346984386444,0.8086901307106018,0.7883855446804371,0.013629396446049213,0.045062307496892516,0.2879444360733032
36075,0.42478063702583313,0.8086901307106018,0.7883855446804371,0.013416310772299767,0.0450911641664513,0.2879997789859772
36100,0.424726665019989,0.808754026889801,0.7884737570788527,0.013513346202671528,0.04546008468144605,0.2880551218986511
36125,0.4246724545955658,0.8088179230690002,0.7885342999956613,0.013434690423309803,0.04537377200797761,0.28811025619506836
36150,0.42461827397346497,0.8088818192481995,0.7886224946092383,0.013285227119922638,0.04549682468998947,0.28816521167755127
36175,0.4245641231536865,0.8088179230690002,0.7885619441612945,0.013393507339060307,0.04504731461606976,0.28821995854377747
36200,0.42451012134552,0.808754026889801,0.7884919231371532,0.013485108502209187,0.045167351994365945,0.28827497363090515
36225,0.4244561791419983,0.8086901307106018,0.7884037360547114,0.013490754179656506,0.04493209459528043,0.288330078125
36250,0.4244023263454437,0.8086901307106018,0.7883942490653015,0.013251426629722118,0.04535956693423752,0.2883853614330292
36275,0.4243484437465668,0.808754026889801,0.7884824436788785,0.013170957565307617,0.045434654738484265,0.28844067454338074
36300,0.42429468035697937,0.8088179230690002,0.7885706129862509,0.01331363245844841,0.04541879420998408,0.288496196269989
36325,0.4242408573627472,0.8088179230690002,0.7885706129862509,0.013296213001012802,0.04538267317809929,0.2885515093803406
36350,0.42418718338012695,0.8088818192481995,0.7886587570063015,0.01348467543721199,0.04484309976116195,0.28860679268836975
36375,0.4241335690021515,0.8089457154273987,0.7887511124371279,0.013186700642108917,0.04548417696464037,0.2886618673801422
36400,0.4240798056125641,0.8089457154273987,0.7887511124371279,0.0133183803409338,0.04519529887059977,0.2887168228626251
36425,0.4240259528160095,0.8089457154273987,0.7887511124371279,0.013271660543978214,0.04535353514280925,0.28877201676368713
36450,0.4239719808101654,0.8090096116065979,0.7888211477240399,0.013267462141811848,0.045383362015383524,0.2888273596763611
36475,0.42391765117645264,0.8089457154273987,0.7887511124371279,0.012985603883862495,0.04548677928432192,0.2888828217983246
36500,0.4238634407520294,0.8089457154273987,0.7887511124371279,0.013238441199064255,0.04510990493485989,0.2889382839202881
36525,0.4238094985485077,0.8090096116065979,0.78881169514816,0.01337234303355217,0.044930571470124636,0.2889938950538635
36550,0.4237557053565979,0.8091374039649963,0.7889878650354348,0.013233576901257038,0.04532076076161133,0.28904959559440613
36575,0.42370209097862244,0.8092013001441956,0.7890569304326421,0.013634814880788326,0.045000496198701584,0.2891049385070801
36600,0.4236486852169037,0.8091374039649963,0.7889836839572939,0.013361663557589054,0.044801062902807914,0.2891603410243988
36625,0.42359545826911926,0.8090735077857971,0.7889230612483741,0.013357683084905148,0.04463686077852527,0.28921568393707275
36650,0.4235422611236572,0.8091374039649963,0.7890079231845093,0.013443473726511002,0.04458537210708807,0.28927069902420044
36675,0.4234890639781952,0.8091374039649963,0.7890079231845093,0.013769607990980148,0.044940556415899106,0.2893253564834595
36700,0.423435777425766,0.8090735077857971,0.7889472930003376,0.013603920117020607,0.04518432973043633,0.28938013315200806
36725,0.42338261008262634,0.8090096116065979,0.7888560409041476,0.0133664570748806,0.044758374198535615,0.28943493962287903
36750,0.42332950234413147,0.8090735077857971,0.7889166738940374,0.013237944804131985,0.04493826440462891,0.2894895672798157
36775,0.4232766032218933,0.8091374039649963,0.7889710910442091,0.013057805597782135,0.04473617842942319,0.28954410552978516
36800,0.4232237935066223,0.8091374039649963,0.7889710910442091,0.013160234317183495,0.0448200108650636,0.2895987331867218
36825,0.42317110300064087,0.8091374039649963,0.7889679275487186,0.01316521130502224,0.04494028091768419,0.2896532118320465
36850,0.42311838269233704,0.8092013001441956,0.7890285914441502,0.013030081987380981,0.044766287496753064,0.2897076904773712
36875,0.42306578159332275,0.8091374039649963,0.7889679275487186,0.0132437190040946,0.04453678002681205,0.2897622287273407
36900,0.4230133295059204,0.8092013001441956,0.7890560114959659,0.013425115495920181,0.04441082094558838,0.2898169159889221
36925,0.42296111583709717,0.8092013001441956,0.7890560114959659,0.012983567081391811,0.04453160715767268,0.28987187147140503
36950,0.4229090213775635,0.8092013001441956,0.7890560114959659,0.013071561232209206,0.04448488570485611,0.289926677942276
36975,0.422856867313385,0.8092013001441956,0.7890560114959659,0.013469107449054718,0.04445953061399303,0.2899811267852783
37000,0.42280474305152893,0.8092013001441956,0.7890560114959659,0.013292918913066387,0.04433858645657029,0.29003578424453735
37025,0.4227525591850281,0.8092013001441956,0.7890560114959659,0.013091730885207653,0.04434282231330835,0.29009008407592773
37050,0.42270055413246155,0.8092651963233948,0.7891260547057165,0.01312048826366663,0.044481440893468546,0.29014426469802856
37075,0.4226486086845398,0.8092651963233948,0.7891260547057165,0.013188227079808712,0.04424777590311882,0.290198415517807
37100,0.4225967228412628,0.8092013001441956,0.7890653936493536,0.013124017044901848,0.04448849104951147,0.29025259613990784
37125,0.4225448668003082,0.8092651963233948,0.7891292144041726,0.013031144626438618,0.04432376165923852,0.29030677676200867
37150,0.422493040561676,0.809329092502594,0.7892214887535873,0.013306736014783382,0.04453495065712332,0.2903609871864319
37175,0.42244118452072144,0.8092651963233948,0.7891514364884493,0.012850514613091946,0.044576300758606455,0.29041528701782227
37200,0.42238935828208923,0.8092651963233948,0.7891514364884493,0.013367594219744205,0.04457982695596891,0.29046931862831116
37225,0.4223373234272003,0.8092651963233948,0.7891514364884493,0.012878380715847015,0.044635030560057874,0.2905234396457672
37250,0.4222852289676666,0.809329092502594,0.7892394590687529,0.013203038834035397,0.04452883516562963,0.29057776927948
37275,0.42223334312438965,0.809329092502594,0.7892300733572623,0.013100722804665565,0.04443167869571717,0.2906323969364166
37300,0.42218151688575745,0.8093929886817932,0.789290759118999,0.01287808082997799,0.044550744693716914,0.2906871736049652
37325,0.42212972044944763,0.8095207810401917,0.7894121616164893,0.01319183874875307,0.04422044712874414,0.290741890668869
37350,0.42207807302474976,0.8096485733985901,0.7895609129751198,0.013086202554404736,0.044272671801689416,0.29079669713974
37375,0.42202630639076233,0.8095207810401917,0.7894363742129071,0.012836186215281487,0.0443372697294597,0.2908512055873871
37400,0.42197445034980774,0.8095846772193909,0.7894908429068597,0.012978112325072289,0.04439277893449533,0.29090484976768494
37425,0.42192256450653076,0.8095846772193909,0.7894908429068597,0.012941979803144932,0.04437389349057963,0.2909582555294037
37450,0.42187076807022095,0.8095846772193909,0.7894635354141606,0.012648210860788822,0.04463600197451527,0.29101184010505676
37475,0.4218190908432007,0.8095846772193909,0.7894877665792123,0.012965903617441654,0.044387638468757845,0.29106515645980835
37500,0.4217674136161804,0.8095846772193909,0.7894877665792123,0.013025245629251003,0.04443808687225839,0.2911185026168823
37525,0.421715646982193,0.8097124695777893,0.7896185778793622,0.012810403481125832,0.04448129106390888,0.2911720871925354
37550,0.4216640293598175,0.8097763657569885,0.7896886353627021,0.013057481497526169,0.044167205176873066,0.291225790977478
37575,0.4216125011444092,0.8098402619361877,0.7897524536039559,0.01285252533853054,0.04451487037153373,0.29127955436706543
37600,0.42156103253364563,0.8097763657569885,0.789712842898301,0.013021694496273994,0.04417782308159616,0.2913333475589752
37625,0.42150962352752686,0.8098402619361877,0.7898008419096219,0.013033898547291756,0.04441884054355442,0.29138684272766113
37650,0.421457976102829,0.809904158115387,0.7898708868212843,0.01301641296595335,0.04440715705151719,0.291440486907959
37675,0.4214061498641968,0.8098402619361877,0.7898070679682225,0.012703503482043743,0.0448790717770992,0.2914939522743225
37700,0.4213542938232422,0.8099680542945862,0.7899378704640648,0.013338482938706875,0.04444593233029172,0.29154732823371887
37725,0.4213024079799652,0.8099680542945862,0.7899348299793078,0.013062049634754658,0.04429310953737497,0.2916008234024048
37750,0.4212505519390106,0.8100319504737854,0.7899986509886114,0.01308350544422865,0.04419575604799654,0.29165419936180115
37775,0.4211984872817993,0.8100319504737854,0.7899986509886114,0.013018392026424408,0.044557783247200805,0.2917079031467438
37800,0.42114630341529846,0.8100958466529846,0.7900686744712128,0.012947390787303448,0.04463260863877586,0.29176172614097595
37825,0.42109397053718567,0.8101597428321838,0.7901216838526652,0.013263218104839325,0.04433763370842085,0.2918153703212738
37850,0.4210418462753296,0.8101597428321838,0.7901216838526652,0.012926062569022179,0.044280740916168654,0.29186904430389404
37875,0.42098990082740784,0.8101597428321838,0.7901216838526652,0.01303079817444086,0.044263911557463655,0.29192233085632324
37900,0.42093798518180847,0.8101597428321838,0.7901216838526652,0.013012881390750408,0.04479245749422266,0.29197561740875244
37925,0.42088598012924194,0.8101597428321838,0.790112450642657,0.01349943783134222,0.04456252681735499,0.2920289635658264
37950,0.4208340346813202,0.8102236390113831,0.790173252481551,0.013116604648530483,0.044184551223320594,0.29208260774612427
37975,0.4207821488380432,0.8102875351905823,0.7902432771280246,0.013422633521258831,0.04437174169044302,0.2921362519264221
38000,0.42073023319244385,0.8102875351905823,0.7902432771280246,0.013226372189819813,0.044511009398181624,0.2921900153160095
38025,0.4206783175468445,0.8103514313697815,0.7903040893798577,0.012867330573499203,0.04471430010276048,0.2922438085079193
38050,0.4206264913082123,0.8102875351905823,0.7902462937794477,0.012912831269204617,0.04465138874199025,0.29229748249053955
38075,0.4205746650695801,0.8104153871536255,0.7903709156362844,0.013080590404570103,0.04436919787296583,0.2923511564731598
38100,0.42052286863327026,0.8103514313697815,0.7902828835019716,0.013200086541473866,0.04443647570547442,0.29240477085113525
38125,0.42047086358070374,0.8102236390113831,0.7901247941159619,0.012918761000037193,0.04455248257736322,0.2924581468105316
38150,0.4204188287258148,0.8100958466529846,0.7899759318862474,0.01318435464054346,0.04494246170625118,0.2925110459327698
38175,0.420366495847702,0.8101597428321838,0.7900459638742646,0.01297239400446415,0.04430659075283477,0.2925634980201721
38200,0.42031413316726685,0.8101597428321838,0.7900459638742646,0.01293407753109932,0.044527902925124055,0.292615681886673
38225,0.4202618896961212,0.8100958466529846,0.7899851947296798,0.01337745226919651,0.044413432672595995,0.2926679253578186
38250,0.420209676027298,0.8100958466529846,0.7899851947296798,0.013263595290482044,0.044339376994578024,0.2927202582359314
38275,0.4201574921607971,0.8100958466529846,0.7899851947296798,0.01316849049180746,0.044614105355443204,0.2927730977535248
38300,0.42010536789894104,0.8100958466529846,0.7899851947296798,0.013273129239678383,0.04440368430013181,0.2928263247013092
38325,0.42005330324172974,0.8100958466529846,0.7899851947296798,0.013146989047527313,0.04444463623850152,0.29287955164909363
38350,0.42000114917755127,0.8100319504737854,0.7899213747117371,0.013196286745369434,0.04454626723901242,0.2929331064224243
38375,0.4199488162994385,0.8101597428321838,0.7900744451093427,0.013241708278656006,0.044455338988453004,0.29298675060272217
38400,0.41989654302597046,0.8100958466529846,0.790010625456652,0.013264100067317486,0.044636570098093895,0.2930404543876648
38425,0.4198444187641144,0.8100319504737854,0.7899498493922806,0.013249766081571579,0.04461265729827999,0.29309484362602234
38450,0.4197923243045807,0.8100319504737854,0.7899498493922806,0.013250138610601425,0.04446304986586314,0.29314911365509033
38475,0.41974031925201416,0.8100319504737854,0.7899498493922806,0.013216937892138958,0.044295084522140205,0.2932034432888031
38500,0.4196884036064148,0.8100319504737854,0.7899498493922806,0.01333647221326828,0.044742185674943175,0.29325780272483826
38525,0.419636607170105,0.8100319504737854,0.7899498493922806,0.01303615141659975,0.04437482281725346,0.2933119535446167
38550,0.41958481073379517,0.8100319504737854,0.7899498493922806,0.012980269268155098,0.04430360360989263,0.293366014957428
38575,0.41953322291374207,0.8100958466529846,0.790010625456652,0.013454045169055462,0.04434866417327438,0.2934201955795288
38600,0.4194818139076233,0.8102236390113831,0.7901382662885107,0.013482604175806046,0.044267822218434484,0.2934742569923401
38625,0.41943037509918213,0.8103514313697815,0.7902690812626603,0.013268744572997093,0.04434436021237236,0.29352816939353943
38650,0.4193788468837738,0.8104153871536255,0.7903141415662892,0.013431422412395477,0.04401009683309744,0.2935817241668701
38675,0.4193274676799774,0.8104153871536255,0.7903141415662892,0.01349100936204195,0.04432911519419178,0.2936357259750366
38700,0.4192761778831482,0.8102875351905823,0.790192564148879,0.013525749556720257,0.0443627682887793,0.2936897277832031
38725,0.4192246198654175,0.8102875351905823,0.7901895289794737,0.013063106685876846,0.044171003366040726,0.29374372959136963
38750,0.4191730320453644,0.8102875351905823,0.7901895289794737,0.013244116678833961,0.04408372688562436,0.2937975227832794
38775,0.41912156343460083,0.8102875351905823,0.7902137905709681,0.01312124915421009,0.04408722509215646,0.29385173320770264
38800,0.41907021403312683,0.8102875351905823,0.7902137905709681,0.013190090656280518,0.044371199907848234,0.2939060628414154
38825,0.4190187156200409,0.8102236390113831,0.7901437645708791,0.013318508863449097,0.04419586140520051,0.29396048188209534
38850,0.41896721720695496,0.8101597428321838,0.7900799526283743,0.013135701417922974,0.04460506167759212,0.29401472210884094
38875,0.4189159572124481,0.8101597428321838,0.7900799526283743,0.013275640085339546,0.04417872666050873,0.29406899213790894
38900,0.4188646376132965,0.8100958466529846,0.7899918739001782,0.013284929096698761,0.04405909089176537,0.29412344098091125
38925,0.4188133478164673,0.8101597428321838,0.7900649283412535,0.013315227814018726,0.04406605523951447,0.29417768120765686
38950,0.4187620282173157,0.8102875351905823,0.7902168167664396,0.013591497205197811,0.04438845419286347,0.2942321300506592
38975,0.4187106490135193,0.8103514313697815,0.7903091024077524,0.013097693212330341,0.044534333961795444,0.29428631067276
39000,0.4186592102050781,0.8104153871536255,0.79037912860358,0.013472446240484715,0.04479782764703938,0.29434067010879517
39025,0.4186076521873474,0.8104792833328247,0.7904235888561142,0.012971241027116776,0.04418164048998777,0.2943948805332184
39050,0.41855597496032715,0.8105431795120239,0.7905116101348328,0.013320750556886196,0.044347819087332166,0.29444852471351624
39075,0.4185042381286621,0.8104792833328247,0.7904415839390051,0.012927920557558537,0.04433485218215573,0.29450201988220215
39100,0.4184526205062866,0.8105431795120239,0.7905295799810871,0.01316138543188572,0.04410106194736529,0.2945553958415985
39125,0.4184011220932007,0.8105431795120239,0.7905295799810871,0.013231334276497364,0.044397442505795644,0.29460880160331726
39150,0.4183497726917267,0.8106709718704224,0.790644988970465,0.013097867369651794,0.04411808164065772,0.2946624755859375
39175,0.4182983636856079,0.8106709718704224,0.790644988970465,0.012947868555784225,0.04413623804213843,0.29471632838249207
39200,0.4182468354701996,0.8106709718704224,0.790644988970465,0.013165192678570747,0.04439105208815833,0.29477035999298096
39225,0.41819506883621216,0.8106709718704224,0.790644988970465,0.013091184198856354,0.04438321742901332,0.29482409358024597
39250,0.4181433618068695,0.8107348680496216,0.7907143369605318,0.013465149328112602,0.04413750896066501,0.2948780953884125
39275,0.41809189319610596,0.8106709718704224,0.790626319202753,0.013044646941125393,0.044163468499434165,0.2949318289756775
39300,0.41804039478302,0.8106709718704224,0.790626319202753,0.013206363655626774,0.04414348925416845,0.29498565196990967
39325,0.41798868775367737,0.8106070756912231,0.790562510739923,0.012935535050928593,0.04426650946268338,0.2950397729873657
39350,0.4179367125034332,0.8106070756912231,0.790562510739923,0.013014011085033417,0.044574684951622874,0.2950935661792755
39375,0.41788479685783386,0.8105431795120239,0.7904987038146082,0.013043713755905628,0.04445144225681837,0.2951473593711853
39400,0.41783303022384644,0.8104792833328247,0.7904348984199159,0.01308017410337925,0.04434668377844376,0.29520121216773987
39425,0.41778117418289185,0.8106709718704224,0.7906203883817147,0.013477824628353119,0.04427865562869037,0.2952547073364258
39450,0.41772928833961487,0.81086266040802,0.790860235199352,0.0129200778901577,0.044367846587547916,0.295308381319046
39475,0.4176775813102722,0.8109904527664185,0.7909934355748958,0.012945562601089478,0.044165334435787004,0.295362263917923
39500,0.4176259934902191,0.8111182451248169,0.791108970196355,0.012989109382033348,0.044232316248859586,0.29541611671447754
39525,0.41757452487945557,0.8110543489456177,0.7910389077536404,0.013203999027609825,0.043988951042103056,0.2954702079296112
39550,0.4175231456756592,0.8111182451248169,0.7911027042927028,0.013099550269544125,0.04430119799646185,0.29552409052848816
39575,0.41747161746025085,0.8111182451248169,0.7911027042927028,0.013032378628849983,0.04425129940416782,0.2955780029296875
39600,0.4174201488494873,0.8111821413040161,0.7911907080175051,0.013134811073541641,0.04413684221120813,0.2956317365169525
39625,0.4173687994480133,0.8111182451248169,0.7911027042927028,0.012946398928761482,0.04400142254746073,0.2956855893135071
39650,0.41731759905815125,0.8110543489456177,0.7910146752968232,0.013022303581237793,0.044249140183852745,0.29573917388916016
39675,0.41726651787757874,0.8111182451248169,0.7911027042927028,0.013090317137539387,0.04443768521080636,0.2957924008369446
39700,0.41721537709236145,0.8111821413040161,0.7911665023961943,0.01317357923835516,0.04396551594288046,0.2958453595638275
39725,0.41716423630714417,0.8111821413040161,0.7911665023961943,0.013075407594442368,0.04390910022538216,0.2958981990814209
39750,0.41711318492889404,0.8111821413040161,0.7911665023961943,0.013044255785644054,0.04394873148842792,0.29595133662223816
39775,0.41706258058547974,0.8111821413040161,0.7911500565701297,0.01318544801324606,0.04395735884739728,0.2960050106048584
39800,0.4170120358467102,0.8111821413040161,0.7911336291216111,0.012991057708859444,0.043669084400275185,0.2960584759712219
39825,0.4169617295265198,0.8111182451248169,0.7910698310181197,0.013159232214093208,0.043909676986856015,0.29611194133758545
39850,0.4169114828109741,0.8110543489456177,0.7910060344790573,0.012834017165005207,0.043885098544938585,0.29616546630859375
39875,0.416861355304718,0.8111821413040161,0.791130710813722,0.01305012870579958,0.043639784434027225,0.29621878266334534
39900,0.4168113172054291,0.8112460374832153,0.7911916010835287,0.012799276039004326,0.04381271584743693,0.29627200961112976
39925,0.4167613387107849,0.8112460374832153,0.7911916010835287,0.01308741420507431,0.04381508456717569,0.29632511734962463
39950,0.4167115092277527,0.811437726020813,0.7913955298353423,0.013149768114089966,0.04344948905553058,0.296377956867218
39975,0.41666179895401,0.8113738298416138,0.7913317244114249,0.012745280750095844,0.043738610055662756,0.2964310944080353
