step,loss,acc_train,gnorm_theta,gnorm_phi,disp
0,0.8601428866386414,0.312541663646698,3.954779624938965,2.207056905532948,0.0
25,0.543999969959259,0.7764999866485596,2.321908712387085,1.3066759731711437,0.02211981825530529
50,0.42113420367240906,0.8708333373069763,1.5769476890563965,0.9417542278352372,0.03576827421784401
75,0.3556641936302185,0.8970833420753479,1.19874906539917,0.7591410195996684,0.04553183540701866
100,0.31452393531799316,0.9076666831970215,0.9610986113548279,0.6409940949817252,0.05311782658100128
125,0.28641971945762634,0.9138333201408386,0.7936410307884216,0.5531351265511483,0.0592740960419178
150,0.26627102494239807,0.9175833463668823,0.6724071502685547,0.4871093022172157,0.06439904868602753
175,0.2511211335659027,0.9199166297912598,0.5830667018890381,0.4357627273293791,0.06877482682466507
200,0.2393435388803482,0.9215832948684692,0.5119767189025879,0.39306030089794136,0.07257875800132751
225,0.22999200224876404,0.9225416779518127,0.4541604816913605,0.3571099135533973,0.07592373341321945
250,0.222429558634758,0.9238333106040955,0.40741783380508423,0.32670098966002126,0.07889553159475327
275,0.2162177711725235,0.9247916340827942,0.3676995635032654,0.30029891939078535,0.08156248182058334
300,0.21106839179992676,0.925125002861023,0.33343079686164856,0.2765725838941818,0.08397019654512405
325,0.2067483365535736,0.9263333082199097,0.30427873134613037,0.25587914911135845,0.08615704625844955
350,0.20309220254421234,0.9267916679382324,0.2792936861515045,0.23810780312842014,0.08815149962902069
375,0.1999690979719162,0.9272916316986084,0.25708234310150146,0.2218967988878042,0.08998218923807144
400,0.1972900778055191,0.9275000095367432,0.23725081980228424,0.20714916822809423,0.0916668102145195
425,0.19497284293174744,0.9278333187103271,0.2200911045074463,0.19405270208726388,0.09322474151849747
450,0.1929595172405243,0.9279166460037231,0.20468731224536896,0.18197874577059137,0.09466905891895294
475,0.1912049949169159,0.9280833005905151,0.19036118686199188,0.1708745656894165,0.09601014852523804
500,0.18966864049434662,0.9282083511352539,0.17781215906143188,0.1609176585452373,0.09725875407457352
525,0.18831372261047363,0.9282916784286499,0.1665307730436325,0.15186468394574473,0.09842602908611298
550,0.18711815774440765,0.9286249876022339,0.15613187849521637,0.14344461739509243,0.0995175838470459
575,0.18606074154376984,0.9284583330154419,0.1462087333202362,0.13530859481498284,0.10054102540016174
600,0.18512515723705292,0.9287083148956299,0.13706699013710022,0.12784129748671744,0.1015002653002739
625,0.1842968761920929,0.9287083148956299,0.12887848913669586,0.12088838449875199,0.10240035504102707
650,0.18355746567249298,0.9291250109672546,0.12154711037874222,0.11461665566937657,0.10324744880199432
675,0.18289659917354584,0.9291666746139526,0.11473718285560608,0.10879722958589404,0.104045569896698
700,0.18230366706848145,0.9292083382606506,0.10836140811443329,0.1033806217364502,0.10479779541492462
725,0.18177050352096558,0.9292500019073486,0.10275626927614212,0.09849799500541297,0.10550852119922638
750,0.18128885328769684,0.9293749928474426,0.0972725972533226,0.09374650998909405,0.10618136823177338
775,0.18085502088069916,0.9292916655540466,0.09224054962396622,0.08933799023759044,0.10681793838739395
800,0.18046404421329498,0.9293333292007446,0.08725903183221817,0.08503375746560268,0.10742005705833435
825,0.1801099181175232,0.9292500019073486,0.08304119855165482,0.0814020347945745,0.10798996686935425
850,0.17978735268115997,0.9292500019073486,0.07900841534137726,0.07785162819654697,0.10853105783462524
875,0.17949388921260834,0.9293333292007446,0.07516022026538849,0.07440460362593959,0.10904469341039658
900,0.17922644317150116,0.9294166564941406,0.07171577215194702,0.07127187891637327,0.10953307151794434
925,0.17898213863372803,0.9296249747276306,0.06840287894010544,0.06825352350339267,0.1099977120757103
950,0.1787588894367218,0.9296249747276306,0.06528884917497635,0.06530844369035561,0.11043982952833176
975,0.17855416238307953,0.9296666383743286,0.06245963275432587,0.06282821492097328,0.110860675573349
1000,0.17836563289165497,0.9295416474342346,0.05972268804907799,0.060367589077449595,0.11126139760017395
1025,0.17819274961948395,0.9295833110809326,0.05715246498584747,0.05793114166815421,0.11164282262325287
1050,0.17803414165973663,0.9294999837875366,0.05454524606466293,0.05551517246433585,0.11200655251741409
1075,0.17788825929164886,0.9294999837875366,0.0524376817047596,0.053598776717902155,0.11235298216342926
1100,0.1777532994747162,0.9296249747276306,0.0501566082239151,0.051466512653615494,0.11268369108438492
1125,0.17762911319732666,0.9297083020210266,0.04813748598098755,0.04962532194070147,0.11299913376569748
1150,0.17751355469226837,0.9297916293144226,0.04631654918193817,0.048004573159853264,0.11330007761716843
1175,0.17740654945373535,0.9298750162124634,0.044450242072343826,0.04622400619453402,0.113587886095047
1200,0.17730773985385895,0.9298750162124634,0.042566072195768356,0.04443828050746386,0.11386267840862274
1225,0.17721661925315857,0.9298750162124634,0.04082629084587097,0.04280816503716726,0.11412490904331207
1250,0.17713166773319244,0.9298750162124634,0.03942698985338211,0.04162633338161987,0.11437622457742691
1275,0.17705252766609192,0.9297916293144226,0.03798056021332741,0.04021626886007485,0.1146165132522583
1300,0.17697879672050476,0.9297083020210266,0.03653203323483467,0.03878749387714324,0.11484692990779877
1325,0.17690996825695038,0.9297083020210266,0.035299357026815414,0.03756970493772195,0.1150675043463707
1350,0.17684565484523773,0.9297499656677246,0.03405016288161278,0.03643533816876439,0.11527860164642334
1375,0.17678572237491608,0.9297916293144226,0.03269563987851143,0.035123923089878314,0.11548054963350296
1400,0.17672991752624512,0.9297499656677246,0.031631965190172195,0.03411813061778501,0.11567401140928268
1425,0.17667728662490845,0.9298333525657654,0.030651045963168144,0.03318814977055082,0.11585935205221176
1450,0.1766274869441986,0.9298333525657654,0.029908133670687675,0.032509565236656324,0.11603690683841705
1475,0.17658013105392456,0.9297916293144226,0.028943607583642006,0.03161838735333415,0.11620721220970154
1500,0.17653535306453705,0.9297499656677246,0.02819955348968506,0.030904713938319124,0.11637046188116074
1525,0.17649273574352264,0.9297083020210266,0.027423201128840446,0.03010771644375147,0.11652684956789017
1550,0.17645230889320374,0.9297083020210266,0.026635384187102318,0.029339161910146332,0.1166767105460167
1575,0.17641393840312958,0.9297083020210266,0.02599288523197174,0.02869483110083261,0.11682065576314926
1600,0.17637738585472107,0.9296666383743286,0.025363467633724213,0.02805271495947876,0.11695893108844757
1625,0.17634227871894836,0.9297499656677246,0.02478177286684513,0.027513955770102842,0.11709170788526535
1650,0.17630869150161743,0.9298333525657654,0.024173328652977943,0.026857695283704845,0.1172199547290802
1675,0.1762767732143402,0.9299166798591614,0.02358282543718815,0.026314487195342864,0.11734289675951004
1700,0.1762462556362152,0.9299166798591614,0.02287323959171772,0.025585199141502375,0.11746088415384293
1725,0.1762176901102066,0.9299166798591614,0.02210068888962269,0.024745633800228223,0.11757402867078781
1750,0.1761908382177353,0.9299583435058594,0.021577896550297737,0.02429588219265001,0.11768265068531036
1775,0.176164910197258,0.9298750162124634,0.02115323394536972,0.023907902358648887,0.11778713017702103
1800,0.17613981664180756,0.9298333525657654,0.020755238831043243,0.02344353869390284,0.1178881973028183
1825,0.17611579596996307,0.9298750162124634,0.020313618704676628,0.023021729788175384,0.11798544973134995
1850,0.17609277367591858,0.9298750162124634,0.019844884052872658,0.022423829952444373,0.1180790364742279
1875,0.17607051134109497,0.9299166798591614,0.01969626545906067,0.022242374744452807,0.11816935986280441
1900,0.17604878544807434,0.9299166798591614,0.019363977015018463,0.021972412498848844,0.11825649440288544
1925,0.17602774500846863,0.9299583435058594,0.01897113397717476,0.021476635078583623,0.11834011226892471
1950,0.17600752413272858,0.9299583435058594,0.018673712387681007,0.021103553424461546,0.1184200793504715
1975,0.17598791420459747,0.9299166798591614,0.018384741619229317,0.020868472691840646,0.11849737167358398
2000,0.1759689897298813,0.9299166798591614,0.01805579476058483,0.020493154383383304,0.11857172846794128
2025,0.17595072090625763,0.9298750162124634,0.017568226903676987,0.02007467280430747,0.11864348500967026
2050,0.1759331375360489,0.9299166798591614,0.017403827980160713,0.01967956772056517,0.11871237307786942
2075,0.1759161800146103,0.9299166798591614,0.017096269875764847,0.019332900448013307,0.11877891421318054
2100,0.17589960992336273,0.9299166798591614,0.017020922154188156,0.019208548992828027,0.1188431829214096
2125,0.1758832037448883,0.9298750162124634,0.01693984866142273,0.01911052881696841,0.11890558898448944
2150,0.17586714029312134,0.9298750162124634,0.01654297672212124,0.018863796044752426,0.11896608024835587
2175,0.17585159838199615,0.9299583435058594,0.016204582527279854,0.018623583082365905,0.11902458220720291
2200,0.17583654820919037,0.9299583435058594,0.01592307724058628,0.018423298342927642,0.11908102035522461
2225,0.1758219450712204,0.9299166798591614,0.015672501176595688,0.018194953186349713,0.11913561820983887
2250,0.1758076697587967,0.9300000071525574,0.015512528829276562,0.01806680045601888,0.11918806284666061
2275,0.17579366266727448,0.9300833344459534,0.015219911932945251,0.017850521336296693,0.11923888325691223
2300,0.17578019201755524,0.9300833344459534,0.014832371845841408,0.0174805735811539,0.11928782612085342
2325,0.17576716840267181,0.9300833344459534,0.01475681085139513,0.017388492863211234,0.1193351298570633
2350,0.1757543534040451,0.9300833344459534,0.014407560229301453,0.017085051473606994,0.11938098073005676
2375,0.17574189603328705,0.9301249980926514,0.014373982325196266,0.017057555968934483,0.11942500621080399
2400,0.17572955787181854,0.9301666617393494,0.014230693690478802,0.016925215167331305,0.11946810036897659
2425,0.17571747303009033,0.9301666617393494,0.014161043800413609,0.016843853188918678,0.1195099949836731
2450,0.17570561170578003,0.9300833344459534,0.013843999244272709,0.01650058229203929,0.11955118179321289
2475,0.17569413781166077,0.9300833344459534,0.013676255010068417,0.01635517270002458,0.11959058046340942
2500,0.1756829023361206,0.9301249980926514,0.013574812561273575,0.016262404342904505,0.11962860822677612
2525,0.1756717562675476,0.9301249980926514,0.013446630910038948,0.016168582772839148,0.11966564506292343
2550,0.17566072940826416,0.9301249980926514,0.013427750207483768,0.016138233715817178,0.11970119923353195
2575,0.1756497621536255,0.9302083253860474,0.013397189788520336,0.016016988738557527,0.11973577737808228
2600,0.17563892900943756,0.9302499890327454,0.013303754851222038,0.015928353887135063,0.11976927518844604
2625,0.17562825977802277,0.9302499890327454,0.013121458701789379,0.015802288299191312,0.11980204284191132
2650,0.1756177544593811,0.9302499890327454,0.013072184287011623,0.015721356500004793,0.1198340430855751
2675,0.17560729384422302,0.9302499890327454,0.013105371035635471,0.015744626457609028,0.1198655217885971
2700,0.1755969226360321,0.9302499890327454,0.013024456799030304,0.015622477922959795,0.1198960393667221
2725,0.17558662593364716,0.9304166436195374,0.012961047701537609,0.015542565866045391,0.11992533504962921
2750,0.17557644844055176,0.9304583072662354,0.012875531800091267,0.015398305131493957,0.11995406448841095
2775,0.1755663901567459,0.9304583072662354,0.012801876291632652,0.015381763970577495,0.11998208612203598
2800,0.17555645108222961,0.9304583072662354,0.012682911939918995,0.015222024403489999,0.12000960111618042
2825,0.17554670572280884,0.9304583072662354,0.012617197819054127,0.015105057291797959,0.12003698199987411
2850,0.1755370944738388,0.9304583072662354,0.012537026777863503,0.015006386396760014,0.12006372213363647
2875,0.17552760243415833,0.9304999709129333,0.012426846660673618,0.014886110073730682,0.12008997797966003
2900,0.17551839351654053,0.9304999709129333,0.012188440188765526,0.014687480088786418,0.12011539191007614
2925,0.17550936341285706,0.9305416345596313,0.01217193715274334,0.014583604309025841,0.12014012783765793
2950,0.1755003184080124,0.9305416345596313,0.012054430320858955,0.014460976798301637,0.12016467750072479
2975,0.1754915714263916,0.9305832982063293,0.011996335349977016,0.014325329839992044,0.12018819898366928
3000,0.1754828244447708,0.9306666851043701,0.012013270519673824,0.014331610983141509,0.12021157145500183
3025,0.1754741221666336,0.9306666851043701,0.011986012570559978,0.014235677787688092,0.12023445218801498
3050,0.17546550929546356,0.9306666851043701,0.011880976147949696,0.014141430426252505,0.1202569231390953
3075,0.17545710504055023,0.9306666851043701,0.011742956936359406,0.013971483253241787,0.12027879059314728
3100,0.17544874548912048,0.9306666851043701,0.01183414924889803,0.014052817032389288,0.12030032277107239
3125,0.17544034123420715,0.9307083487510681,0.011800405569374561,0.013986990626218006,0.12032177299261093
3150,0.1754320114850998,0.9307083487510681,0.011820781044661999,0.013920759324811198,0.12034308910369873
3175,0.17542366683483124,0.9307083487510681,0.011787209659814835,0.013852859193827893,0.12036437541246414
3200,0.17541539669036865,0.9307083487510681,0.011858435347676277,0.013903038957639493,0.12038540095090866
3225,0.1754070371389389,0.9307500123977661,0.011877207085490227,0.013835597245318396,0.1204061284661293
3250,0.17539873719215393,0.9307500123977661,0.011864307336509228,0.013793702565126905,0.12042651325464249
3275,0.17539048194885254,0.9307500123977661,0.011815933510661125,0.013697872568551012,0.12044646590948105
3300,0.1753823161125183,0.9307083487510681,0.011851157993078232,0.013693086690995079,0.12046606093645096
3325,0.17537418007850647,0.9307083487510681,0.01175621710717678,0.013588631112419649,0.12048543244600296
3350,0.1753660887479782,0.9307500123977661,0.011651343666017056,0.013533686196415703,0.12050454318523407
3375,0.17535820603370667,0.9307500123977661,0.011592892929911613,0.013428365031955459,0.12052333354949951
3400,0.1753503382205963,0.9307500123977661,0.011610159650444984,0.013467950970192563,0.1205415427684784
3425,0.1753424108028412,0.9307500123977661,0.011717241257429123,0.013500049075258624,0.12055973708629608
3450,0.17533446848392487,0.9307500123977661,0.011614619754254818,0.013404441280922445,0.12057798355817795
3475,0.17532670497894287,0.9307500123977661,0.011446828953921795,0.01323155748430943,0.12059595435857773
3500,0.17531907558441162,0.9307500123977661,0.011422649957239628,0.013132119388925816,0.12061388045549393
3525,0.1753116399049759,0.9307500123977661,0.011276531964540482,0.012979478824597074,0.12063145637512207
3550,0.1753043532371521,0.9307500123977661,0.011152775958180428,0.012805364981980536,0.12064860016107559
3575,0.17529720067977905,0.9307083487510681,0.010995299555361271,0.01272034881677495,0.12066538631916046
3600,0.17529015243053436,0.9307083487510681,0.010925238020718098,0.01266780061995616,0.12068204581737518
3625,0.17528317868709564,0.9306666851043701,0.010895672254264355,0.01261256355051081,0.1206984594464302
3650,0.1752762496471405,0.9306249618530273,0.010959026403725147,0.012656264789362041,0.1207144558429718
3675,0.17526932060718536,0.9305832982063293,0.010776391252875328,0.01246919970358325,0.12073026597499847
3700,0.17526257038116455,0.9305832982063293,0.010771289467811584,0.012506249269203303,0.12074624747037888
3725,0.17525576055049896,0.9305832982063293,0.010786573402583599,0.012497618250836288,0.12076229602098465
3750,0.17524896562099457,0.9305832982063293,0.010820358991622925,0.012455263649682614,0.12077833712100983
3775,0.1752421110868454,0.9305832982063293,0.01086528692394495,0.012556377593130316,0.12079434841871262
3800,0.17523518204689026,0.9306249618530273,0.010962649248540401,0.012667810947658406,0.12080994248390198
3825,0.17522810399532318,0.9306249618530273,0.011100329458713531,0.012733746144228272,0.12082565575838089
3850,0.17522098124027252,0.9306666851043701,0.011045665480196476,0.012693268045435423,0.12084115296602249
3875,0.17521385848522186,0.9306666851043701,0.011055407114326954,0.012749228912558808,0.12085651606321335
3900,0.17520681023597717,0.9306666851043701,0.010958612896502018,0.012659069153996344,0.1208716556429863
3925,0.17519979178905487,0.9306666851043701,0.010955950245261192,0.012658013021689288,0.12088656425476074
3950,0.17519274353981018,0.9306666851043701,0.010942689143121243,0.012722241311478536,0.12090130150318146
3975,0.17518571019172668,0.9306666851043701,0.010894102975726128,0.012669675729188506,0.12091605365276337
4000,0.17517875134944916,0.9306666851043701,0.01085960865020752,0.012635636423687355,0.12093067169189453
4025,0.1751718372106552,0.9306666851043701,0.010835165157914162,0.012652673497134607,0.12094548344612122
4050,0.17516504228115082,0.9307083487510681,0.01075137872248888,0.012546917559144275,0.12096003443002701
4075,0.17515824735164642,0.9307083487510681,0.010698939673602581,0.012468950104652722,0.12097451835870743
4100,0.1751515120267868,0.9307083487510681,0.010663706809282303,0.012372222479336016,0.12098900973796844
4125,0.17514489591121674,0.9307083487510681,0.010580909438431263,0.012264605070918795,0.12100355327129364
4150,0.17513838410377502,0.9307083487510681,0.010503575205802917,0.012208721833965614,0.12101809680461884
4175,0.1751319169998169,0.9307083487510681,0.010506655089557171,0.012146671812893025,0.1210324689745903
4200,0.17512547969818115,0.9307500123977661,0.010486478917300701,0.01213012805738206,0.12104707211256027
4225,0.17511910200119019,0.9307500123977661,0.010437076911330223,0.012070909477249621,0.12106183916330338
4250,0.1751127541065216,0.9307083487510681,0.010403615422546864,0.011976244507759148,0.12107661366462708
4275,0.17510651051998138,0.9307083487510681,0.010342704132199287,0.011950859514963741,0.12109122425317764
4300,0.17510028183460236,0.9307083487510681,0.0103570856153965,0.011856302833421173,0.12110584229230881
4325,0.17509415745735168,0.9307083487510681,0.010261975228786469,0.011713699247749653,0.121120385825634
4350,0.17508810758590698,0.9307083487510681,0.010209282860159874,0.011655854420951288,0.12113474309444427
4375,0.17508214712142944,0.9307083487510681,0.010184720158576965,0.011577621179057175,0.12114890664815903
4400,0.1750762164592743,0.9307083487510681,0.010076122358441353,0.011573818822794459,0.12116304039955139
4425,0.17507034540176392,0.9307083487510681,0.010010015219449997,0.011453076557196623,0.1211773231625557
4450,0.17506465315818787,0.9307083487510681,0.009795023128390312,0.011172562351908546,0.12119167298078537
4475,0.17505915462970734,0.9306666851043701,0.009746812283992767,0.011092937234667559,0.12120560556650162
4500,0.17505362629890442,0.9306666851043701,0.009901734068989754,0.011187149432164773,0.12121914327144623
4525,0.17504805326461792,0.9306666851043701,0.009882165119051933,0.011195089385988913,0.12123245745897293
4550,0.17504239082336426,0.9306666851043701,0.010008902288973331,0.011341526651304387,0.12124583125114441
4575,0.1750367432832718,0.9306666851043701,0.009986022487282753,0.01127873709576778,0.12125904858112335
4600,0.17503108084201813,0.9306666851043701,0.009917064569890499,0.011299141077005552,0.12127209454774857
4625,0.17502543330192566,0.9306249618530273,0.01003260351717472,0.01144428671741577,0.121285080909729
4650,0.17501966655254364,0.9306249618530273,0.01009499654173851,0.01131302644083957,0.12129825353622437
4675,0.17501391470432281,0.9306249618530273,0.01008567400276661,0.01134542802835295,0.12131143361330032
4700,0.17500822246074677,0.9306249618530273,0.010043556801974773,0.011294526605859462,0.12132475525140762
4725,0.17500251531600952,0.9306249618530273,0.010062132030725479,0.011364133634266515,0.1213383600115776
4750,0.1749967634677887,0.9306249618530273,0.010068858042359352,0.011331083688950895,0.12135237455368042
4775,0.17499104142189026,0.9306249618530273,0.010013582184910774,0.01128595842291246,0.12136615067720413
4800,0.1749853491783142,0.9306666851043701,0.01001506857573986,0.011316067367006058,0.12137968093156815
4825,0.17497968673706055,0.9307083487510681,0.009970089420676231,0.011229164471579444,0.12139317393302917
4850,0.17497394979000092,0.9306666851043701,0.009989887475967407,0.011274357476688217,0.12140682339668274
4875,0.17496830224990845,0.9306666851043701,0.010028365068137646,0.01127809931138783,0.12142070382833481
4900,0.17496258020401,0.9306666851043701,0.010041682980954647,0.011294194648918345,0.12143494933843613
4925,0.17495688796043396,0.9306666851043701,0.010057032108306885,0.0112421102675128,0.12144959717988968
4950,0.1749512106180191,0.9306666851043701,0.010052261874079704,0.011167813786514266,0.12146417051553726
4975,0.17494557797908783,0.9306666851043701,0.0100498516112566,0.01119705940273445,0.12147879600524902
5000,0.17493990063667297,0.9306666851043701,0.010019033215939999,0.01117580514925538,0.12149322032928467
5025,0.1749342978000641,0.9307083487510681,0.010019097477197647,0.01109540618899804,0.12150741368532181
5050,0.17492876946926117,0.9306666851043701,0.00992565881460905,0.01101269069281302,0.12152120471000671
5075,0.17492330074310303,0.9306249618530273,0.009910523891448975,0.011000219557012898,0.12153483927249908
5100,0.17491784691810608,0.9305832982063293,0.009868700057268143,0.010953806153240495,0.12154841423034668
5125,0.1749124675989151,0.9306249618530273,0.009794003330171108,0.01085270329074434,0.12156118452548981
5150,0.17490710318088531,0.9306666851043701,0.009825960732996464,0.010832303969050196,0.1215737834572792
5175,0.1749017983675003,0.9307083487510681,0.00976040679961443,0.010798818465105758,0.12158610671758652
5200,0.17489640414714813,0.9307083487510681,0.009887016378343105,0.010910981281127389,0.1215982511639595
5225,0.17489100992679596,0.9307083487510681,0.00984532106667757,0.010846004215768703,0.12161056697368622
5250,0.17488566040992737,0.9307083487510681,0.009885354898869991,0.010832159877105956,0.12162292748689651
5275,0.1748802661895752,0.9307083487510681,0.009904537349939346,0.010813370405047259,0.1216355562210083
5300,0.1748749017715454,0.9307083487510681,0.00998738594353199,0.01083142559166839,0.12164819240570068
5325,0.17486947774887085,0.9307083487510681,0.009974570944905281,0.010808018104992533,0.1216609999537468
5350,0.1748640090227127,0.9307083487510681,0.010069244541227818,0.010809308217732289,0.12167400866746902
5375,0.17485855519771576,0.9306666851043701,0.010024922899901867,0.010806421817702597,0.1216871589422226
5400,0.17485308647155762,0.9306666851043701,0.010020698420703411,0.010825965068712085,0.12170051783323288
5425,0.17484764754772186,0.9307083487510681,0.010140370577573776,0.010881112903202376,0.1217137798666954
5450,0.17484211921691895,0.9307083487510681,0.010145824402570724,0.010872726260520618,0.12172713875770569
5475,0.17483662068843842,0.9307500123977661,0.01012936607003212,0.010893574961030042,0.1217406690120697
5500,0.1748310923576355,0.9307500123977661,0.01006353460252285,0.010897781329953664,0.12175434827804565
5525,0.17482559382915497,0.9307500123977661,0.010007936507463455,0.010821709786634343,0.12176796793937683
5550,0.1748201549053192,0.9307083487510681,0.010032461024820805,0.01079010379737547,0.12178158015012741
5575,0.17481476068496704,0.9307083487510681,0.010009190998971462,0.010738816454626205,0.12179507315158844
5600,0.17480941116809845,0.9307500123977661,0.009896472096443176,0.010669283184769998,0.12180861085653305
5625,0.17480415105819702,0.9307916760444641,0.00980935338884592,0.010635287538852707,0.12182207405567169
5650,0.1747989058494568,0.9307916760444641,0.009818253107368946,0.010585861941055671,0.12183522433042526
5675,0.17479370534420013,0.9308333396911621,0.009800835512578487,0.010543859197178727,0.12184841185808182
5700,0.17478853464126587,0.9308333396911621,0.009803522378206253,0.010506352243391552,0.12186162918806076
5725,0.1747833490371704,0.9308750033378601,0.009794794023036957,0.010584860507055162,0.12187488377094269
5750,0.17477817833423615,0.9309166669845581,0.009786747395992279,0.010535582832724913,0.12188809365034103
5775,0.1747729480266571,0.9309166669845581,0.00977608747780323,0.010615301264652975,0.12190116196870804
5800,0.17476773262023926,0.9309166669845581,0.009836167097091675,0.010588074638602769,0.12191390991210938
5825,0.1747625172138214,0.9308750033378601,0.009811989031732082,0.010562304829555991,0.1219266876578331
5850,0.17475734651088715,0.9308750033378601,0.009743859991431236,0.01049871846267087,0.12193942815065384
5875,0.17475222051143646,0.9308750033378601,0.00972290150821209,0.010510216988420364,0.12195230275392532
5900,0.17474709451198578,0.9308750033378601,0.009757105261087418,0.010482599060067186,0.12196522206068039
5925,0.1747419387102127,0.9308750033378601,0.009794918820261955,0.010543021757230249,0.12197813391685486
5950,0.17473679780960083,0.9308750033378601,0.009794720448553562,0.010450956961191176,0.1219910979270935
5975,0.17473164200782776,0.9308333396911621,0.009812651202082634,0.010472208184887422,0.12200423330068588
6000,0.17472656071186066,0.9308333396911621,0.009739243425428867,0.010356811522464501,0.12201736867427826
6025,0.17472150921821594,0.9309166669845581,0.009700956754386425,0.010314730443420805,0.12203017622232437
6050,0.174716517329216,0.9309166669845581,0.009683438576757908,0.010278033222117688,0.12204264849424362
6075,0.17471154034137726,0.9309166669845581,0.009581883437931538,0.01018353386815344,0.12205538898706436
6100,0.1747066229581833,0.9309166669845581,0.009725046344101429,0.01029489226957203,0.122068390250206
6125,0.17470161616802216,0.9309166669845581,0.009682562202215195,0.010222145668851558,0.12208184599876404
6150,0.1746966689825058,0.9309166669845581,0.009698186069726944,0.010221998546779595,0.12209539115428925
6175,0.17469169199466705,0.9309166669845581,0.009689733386039734,0.010212252176986836,0.12210920453071594
6200,0.1746867597103119,0.9309166669845581,0.009703081101179123,0.010185015924344464,0.12212306261062622
6225,0.17468172311782837,0.9309999942779541,0.00988430343568325,0.010378235335820128,0.12213732302188873
6250,0.17467659711837769,0.9309999942779541,0.009923950769007206,0.010377199504904682,0.12215171754360199
6275,0.174671471118927,0.9309999942779541,0.00982364360243082,0.010364771359621699,0.1221659705042839
6300,0.1746663749217987,0.9309999942779541,0.009700817056000233,0.010313496416924053,0.12217991799116135
6325,0.17466145753860474,0.9309999942779541,0.009585394524037838,0.01023603551761832,0.12219347059726715
6350,0.17465654015541077,0.9310416579246521,0.009528078138828278,0.01022491968216764,0.12220682203769684
6375,0.17465165257453918,0.9309583306312561,0.00951632484793663,0.010226960563560289,0.12222016602754593
6400,0.17464679479599,0.9309999942779541,0.009496166370809078,0.010220295846241798,0.12223371118307114
6425,0.1746419221162796,0.9309583306312561,0.009441639296710491,0.010134341261279468,0.12224720418453217
6450,0.17463718354701996,0.9309166669845581,0.009339476004242897,0.010044566876332366,0.12226063013076782
6475,0.1746325045824051,0.9309583306312561,0.009320397861301899,0.010034188937124598,0.12227387726306915
6500,0.17462784051895142,0.9309583306312561,0.009326380677521229,0.01004010370056182,0.1222870871424675
6525,0.17462316155433655,0.9309583306312561,0.009242850355803967,0.010018775519687549,0.12229995429515839
6550,0.17461852729320526,0.9309583306312561,0.009270505979657173,0.009970933166212373,0.12231289595365524
6575,0.17461389303207397,0.9309166669845581,0.00928895641118288,0.009983682426931385,0.12232587486505508
6600,0.1746092438697815,0.9309166669845581,0.009239339269697666,0.009973756836734318,0.1223389282822609
6625,0.1746046543121338,0.9309166669845581,0.009184703230857849,0.009905001596158022,0.12235166877508163
6650,0.17460009455680847,0.9309166669845581,0.009163365699350834,0.009915955477533355,0.1223641037940979
6675,0.17459557950496674,0.9309166669845581,0.009090563282370567,0.009843585033598938,0.12237655371427536
6700,0.17459110915660858,0.9309166669845581,0.009116831235587597,0.00988119508224539,0.12238910049200058
6725,0.17458659410476685,0.9309166669845581,0.009112033061683178,0.009829805693855576,0.12240171432495117
6750,0.1745821088552475,0.9309583306312561,0.009082767181098461,0.009830267601459435,0.12241431325674057
6775,0.17457760870456696,0.9309583306312561,0.00916315894573927,0.009789049278179567,0.12242691218852997
6800,0.1745731234550476,0.9309583306312561,0.009111530147492886,0.009791282534688453,0.12243954092264175
6825,0.17456862330436707,0.9309999942779541,0.009154790081083775,0.009849369048653404,0.12245222926139832
6850,0.17456407845020294,0.9309583306312561,0.00917946919798851,0.009874302182927475,0.12246507406234741
6875,0.1745595633983612,0.9309583306312561,0.0090981125831604,0.009845438822144961,0.12247791886329651
6900,0.17455513775348663,0.9309583306312561,0.008963546715676785,0.009746903464030898,0.12249065190553665
6925,0.17455074191093445,0.9309583306312561,0.00897973868995905,0.009756194671079202,0.12250331789255142
6950,0.17454633116722107,0.9309583306312561,0.009055026806890965,0.009827392108044305,0.12251608073711395
6975,0.17454186081886292,0.9309583306312561,0.008983681909739971,0.009808455270959809,0.12252894043922424
7000,0.17453745007514954,0.9309583306312561,0.009018560871481895,0.009827060076843417,0.1225418671965599
7025,0.17453299462795258,0.9309583306312561,0.00899026170372963,0.00980433493923417,0.12255485355854034
7050,0.1745285987854004,0.9309999942779541,0.008954141288995743,0.009786943065031186,0.1225677877664566
7075,0.1745242029428482,0.9309999942779541,0.008914181031286716,0.009754989328553646,0.12258075177669525
7100,0.1745198518037796,0.9309999942779541,0.008967102505266666,0.009730103483231238,0.12259389460086823
7125,0.1745154857635498,0.9309999942779541,0.008923490531742573,0.009689684123652351,0.12260685116052628
7150,0.17451111972332,0.9309999942779541,0.008902930654585361,0.009751243546529304,0.12262013554573059
7175,0.1745067536830902,0.9309999942779541,0.0089219706133008,0.009814374182368468,0.122633196413517
7200,0.17450237274169922,0.9309583306312561,0.008915875107049942,0.009741214200104821,0.12264623492956161
7225,0.174498051404953,0.9309583306312561,0.00887847226113081,0.009705647654051627,0.12265896797180176
7250,0.1744937300682068,0.9309583306312561,0.008831947110593319,0.009662776116030872,0.12267164140939713
7275,0.17448945343494415,0.9309999942779541,0.008841274306178093,0.009649463626443477,0.12268440425395966
7300,0.1744851917028427,0.9309999942779541,0.00882034283131361,0.009558026077589613,0.12269710749387741
7325,0.17448091506958008,0.9309999942779541,0.00885855220258236,0.009579792115778245,0.12270957976579666
7350,0.17447663843631744,0.9309999942779541,0.008912467397749424,0.009601524413105328,0.12272212654352188
7375,0.174472376704216,0.9309999942779541,0.008873218670487404,0.009551802091018037,0.12273481488227844
7400,0.17446811497211456,0.9309583306312561,0.008862932212650776,0.009518130311589327,0.12274763733148575
7425,0.1744638830423355,0.9309583306312561,0.008849058300256729,0.009528484629564715,0.1227605938911438
7450,0.17445968091487885,0.9309583306312561,0.00881862547248602,0.009563365531769176,0.12277370691299438
7475,0.1744554191827774,0.9309583306312561,0.00885649211704731,0.009588379233636507,0.12278707325458527
7500,0.17445117235183716,0.9309583306312561,0.008868963457643986,0.009588180685646215,0.122800312936306
7525,0.17444691061973572,0.9309583306312561,0.008850820362567902,0.009557212738250675,0.12281353771686554
7550,0.17444270849227905,0.9309583306312561,0.008830542676150799,0.00956642600930107,0.12282683700323105
7575,0.1744384765625,0.9309583306312561,0.008839581161737442,0.009535045121866306,0.12284011393785477
7600,0.17443424463272095,0.9309583306312561,0.008847077377140522,0.009534545508540434,0.12285348027944565
7625,0.1744299679994583,0.9309583306312561,0.00893026776611805,0.009643693103368586,0.12286689877510071
7650,0.1744256168603897,0.9309583306312561,0.008976656943559647,0.009670902524984645,0.12288031727075577
7675,0.1744213104248047,0.9309583306312561,0.008923797868192196,0.00960429409123359,0.12289340049028397
7700,0.17441698908805847,0.9309583306312561,0.008923661895096302,0.00960510338297736,0.1229061558842659
7725,0.17441268265247345,0.9309583306312561,0.0089362021535635,0.00960165587975593,0.12291903048753738
7750,0.17440831661224365,0.9309166669845581,0.0089925117790699,0.009632089568996924,0.12293270975351334
7775,0.17440401017665863,0.9309166669845581,0.008940341882407665,0.009640053436769021,0.1229465901851654
7800,0.1743997037410736,0.9309166669845581,0.008918579667806625,0.009649238355425895,0.122960664331913
7825,0.1743953675031662,0.9309166669845581,0.008982979692518711,0.009724572737312184,0.12297458946704865
7850,0.1743909865617752,0.9309166669845581,0.009018291719257832,0.009706763139942403,0.12298847734928131
7875,0.1743866354227066,0.9309166669845581,0.008992777206003666,0.009668786334131351,0.12300226092338562
7900,0.17438232898712158,0.9309583306312561,0.008879289031028748,0.009548647094842468,0.12301566451787949
7925,0.17437805235385895,0.9309583306312561,0.008875240571796894,0.009562989344877306,0.12302887439727783
7950,0.1743738204240799,0.9309583306312561,0.008772635832428932,0.009464565379859048,0.12304205447435379
7975,0.1743696630001068,0.9309583306312561,0.00876674149185419,0.009431797715713265,0.1230551153421402
8000,0.17436552047729492,0.9309999942779541,0.008761466480791569,0.00942693564776513,0.12306824326515198
8025,0.17436134815216064,0.9309999942779541,0.00879194401204586,0.009427730556802325,0.12308160215616226
8050,0.17435722053050995,0.9309999942779541,0.008813409134745598,0.00941828334363597,0.1230950653553009
8075,0.17435304820537567,0.9309999942779541,0.008784253150224686,0.009399896039443759,0.12310867011547089
8100,0.17434892058372498,0.9309999942779541,0.008796894922852516,0.009424163854684715,0.12312231212854385
8125,0.1743447631597519,0.9309999942779541,0.008767974562942982,0.0093945800102605,0.12313582748174667
8150,0.17434059083461761,0.9309999942779541,0.008818687871098518,0.00942475580994059,0.12314944714307785
8175,0.17433644831180573,0.9309583306312561,0.008767987601459026,0.00938281086590752,0.12316305190324783
8200,0.17433232069015503,0.9309583306312561,0.008739432319998741,0.009358124994835923,0.12317667156457901
8225,0.17432823777198792,0.9309166669845581,0.008730045519769192,0.00934806552899563,0.12319023162126541
8250,0.17432409524917603,0.9309166669845581,0.008755922317504883,0.009422676246513571,0.12320379167795181
8275,0.17431993782520294,0.9309166669845581,0.008777672424912453,0.009462120281643767,0.12321748584508896
8300,0.17431575059890747,0.9309166669845581,0.00881712045520544,0.009482614483448934,0.12323127686977386
8325,0.17431151866912842,0.9309166669845581,0.008940625004470348,0.009628499471908098,0.12324482947587967
8350,0.174307182431221,0.9309166669845581,0.008991015143692493,0.009668228669261834,0.12325843423604965
8375,0.1743028163909912,0.9309166669845581,0.009033205918967724,0.00973396234233976,0.12327216565608978
8400,0.17429842054843903,0.9309166669845581,0.009026818908751011,0.009737341990333624,0.12328588962554932
8425,0.17429400980472565,0.9309166669845581,0.009040893986821175,0.00971291268711685,0.12329961359500885
8450,0.17428962886333466,0.9309166669845581,0.00903643760830164,0.009683176163988597,0.123313307762146
8475,0.17428523302078247,0.9309583306312561,0.009022046811878681,0.009714110639385478,0.12332696467638016
8500,0.17428086698055267,0.9310416579246521,0.009026166051626205,0.009658231263636876,0.12334077060222626
8525,0.17427648603916168,0.9310416579246521,0.008995606563985348,0.009648151893549537,0.12335459142923355
8550,0.17427214980125427,0.9310416579246521,0.009000463411211967,0.009638722905209458,0.12336847186088562
8575,0.1742677539587021,0.9310416579246521,0.00908533576875925,0.009670755622826719,0.12338285148143768
8600,0.1742633432149887,0.9310416579246521,0.009107595309615135,0.009676693386173493,0.12339727580547333
8625,0.17425893247127533,0.9309999942779541,0.0090866107493639,0.009660370057991644,0.12341175228357315
8650,0.17425455152988434,0.9309999942779541,0.009048168547451496,0.009641349841213532,0.12342634052038193
8675,0.17425020039081573,0.9309999942779541,0.00902738980948925,0.009662463088094915,0.12344074249267578
8700,0.17424575984477997,0.9309999942779541,0.00913518201559782,0.009752965103909477,0.12345527112483978
8725,0.17424128949642181,0.9309999942779541,0.00909594725817442,0.009747217084697973,0.12346980720758438
8750,0.17423684895038605,0.9309999942779541,0.009055263362824917,0.009699123120555233,0.12348416447639465
8775,0.17423249781131744,0.9309999942779541,0.00903860479593277,0.009640025960669471,0.12349838018417358
8800,0.17422814667224884,0.9309999942779541,0.008998114615678787,0.009625618180330881,0.1235121414065361
8825,0.17422379553318024,0.9309166669845581,0.009007532149553299,0.00961590334675239,0.12352588772773743
8850,0.17421947419643402,0.9309166669845581,0.008966043591499329,0.009543933398382396,0.12353960424661636
8875,0.17421522736549377,0.9309166669845581,0.008997268043458462,0.009529995898332345,0.12355319410562515
8900,0.17421093583106995,0.9309166669845581,0.008973020128905773,0.009510908691744218,0.12356682121753693
8925,0.1742066591978073,0.9309583306312561,0.008916058577597141,0.009510483484206104,0.12358035147190094
8950,0.17420245707035065,0.9309166669845581,0.008851950988173485,0.009490288628542494,0.12359373271465302
8975,0.1741981953382492,0.9309166669845581,0.008910964243113995,0.009579284529611631,0.12360714375972748
9000,0.17419396340847015,0.9309166669845581,0.008839840069413185,0.00939968999982786,0.12362057715654373
9025,0.17418986558914185,0.9309166669845581,0.008761292323470116,0.009374557350130496,0.12363362312316895
9050,0.17418575286865234,0.9309166669845581,0.00877414084970951,0.009400040414949877,0.12364692240953445
9075,0.17418162524700165,0.9309166669845581,0.008744314312934875,0.009356175220141073,0.12366043776273727
9100,0.17417757213115692,0.9309166669845581,0.00871114432811737,0.009322601744561324,0.12367378920316696
9125,0.174173504114151,0.9309166669845581,0.00873255729675293,0.00931223054836044,0.12368712574243546
9150,0.17416943609714508,0.9309166669845581,0.008711990900337696,0.009319153468737506,0.12370044738054276
9175,0.17416532337665558,0.9309166669845581,0.008750341832637787,0.009336897379098381,0.12371376156806946
9200,0.17416122555732727,0.9309583306312561,0.008783078752458096,0.009356527591293833,0.12372709810733795
9225,0.17415709793567657,0.9309583306312561,0.00880913995206356,0.009397200203820092,0.12374047935009003
9250,0.17415300011634827,0.9309583306312561,0.00875559076666832,0.009404677892282673,0.12375380843877792
9275,0.17414888739585876,0.9309583306312561,0.008777927607297897,0.009424848891204596,0.12376713007688522
9300,0.1741446852684021,0.9309583306312561,0.008834213018417358,0.009461657719004878,0.12378061562776566
9325,0.17414049804210663,0.9309583306312561,0.008874042890965939,0.009478453860862351,0.12379412353038788
9350,0.17413626611232758,0.9309999942779541,0.008875826373696327,0.00945301152092615,0.12380751967430115
9375,0.17413212358951569,0.9310416579246521,0.008860976435244083,0.009449314622069478,0.1238209530711174
9400,0.17412790656089783,0.9310416579246521,0.00884503498673439,0.009470015927258792,0.12383472174406052
9425,0.17412368953227997,0.9310416579246521,0.008773021399974823,0.009434873434364712,0.12384849786758423
9450,0.17411959171295166,0.9310416579246521,0.008710987865924835,0.009391632883337948,0.12386217713356018
9475,0.17411547899246216,0.9310416579246521,0.008761251345276833,0.009444874539408468,0.12387606501579285
9500,0.17411130666732788,0.9310416579246521,0.008825436234474182,0.009477879154341867,0.12389042228460312
9525,0.1741071343421936,0.9310416579246521,0.008844101801514626,0.009475518147476951,0.1239047423005104
9550,0.17410290241241455,0.9310833215713501,0.008880289271473885,0.00947551386544899,0.12391897290945053
9575,0.1740986704826355,0.9310833215713501,0.008905320428311825,0.00950073670755736,0.1239333227276802
9600,0.17409443855285645,0.9310833215713501,0.00889674760401249,0.009483302916182369,0.12394773215055466
9625,0.1740902215242386,0.9310833215713501,0.008871601894497871,0.00945661755354115,0.1239621490240097
9650,0.1740860641002655,0.9310833215713501,0.008837531320750713,0.009427220824039363,0.1239766925573349
9675,0.17408189177513123,0.9310833215713501,0.008779305033385754,0.009368422238849436,0.12399120628833771
9700,0.17407771944999695,0.9310833215713501,0.00882777851074934,0.009428254328363857,0.12400549650192261
9725,0.17407356202602386,0.9310833215713501,0.00880627240985632,0.009407335075813391,0.12401989102363586
9750,0.17406941950321198,0.9311249852180481,0.008795825764536858,0.009383146702965408,0.12403426319360733
9775,0.17406530678272247,0.9311249852180481,0.00877813808619976,0.00934786913799642,0.12404841929674149
9800,0.1740611493587494,0.9311249852180481,0.008803502656519413,0.00937956479127917,0.12406264245510101
9825,0.17405708134174347,0.9311249852180481,0.008763594552874565,0.009330457736420793,0.1240767166018486
9850,0.17405298352241516,0.9311249852180481,0.008771466091275215,0.009392321703878121,0.12409102916717529
9875,0.17404884099960327,0.9310833215713501,0.008771080523729324,0.009374277426330667,0.12410549074411392
9900,0.17404471337795258,0.9310833215713501,0.008781985379755497,0.009381608861428668,0.12412002682685852
9925,0.17404060065746307,0.9310833215713501,0.008769713342189789,0.009365046097587006,0.12413465231657028
9950,0.17403650283813477,0.9310833215713501,0.008755207993090153,0.009343607617495803,0.12414926290512085
9975,0.17403240501880646,0.9310833215713501,0.008762702345848083,0.009361293168002018,0.12416395545005798
10000,0.17402832210063934,0.9310833215713501,0.008725847117602825,0.009345359003140784,0.12417861819267273
10025,0.17402425408363342,0.9311249852180481,0.00870594847947359,0.009309517859967038,0.1241932287812233
10050,0.1740201860666275,0.9311249852180481,0.008728327229619026,0.009339974222783633,0.12420772016048431
10075,0.17401611804962158,0.9311249852180481,0.008701492100954056,0.009308122520738127,0.12422218173742294
10100,0.17401203513145447,0.9311249852180481,0.008722009137272835,0.009291170062996405,0.12423652410507202
10125,0.17400793731212616,0.9311249852180481,0.008773064240813255,0.009363353963154226,0.12425114959478378
10150,0.17400386929512024,0.9311249852180481,0.008768786676228046,0.009345984438126079,0.12426603585481644
10175,0.17399972677230835,0.9311249852180481,0.008793538436293602,0.009358525065911893,0.12428083270788193
10200,0.17399562895298004,0.9311249852180481,0.008764378726482391,0.009301546368415962,0.12429556250572205
10225,0.17399157583713531,0.9311249852180481,0.008723639883100986,0.009268779858425908,0.12431015819311142
10250,0.1739874631166458,0.9311249852180481,0.008792980574071407,0.009310799054034233,0.12432454526424408
10275,0.17398343980312347,0.9311666488647461,0.008706586435437202,0.009237992703895399,0.124338798224926
10300,0.17397938668727875,0.9311666488647461,0.008725098334252834,0.009214038209640016,0.12435296177864075
10325,0.17397533357143402,0.9311666488647461,0.008789491839706898,0.009258709710470754,0.12436719983816147
10350,0.1739712655544281,0.9311666488647461,0.008826000615954399,0.009292810655560287,0.12438136339187622
10375,0.1739671230316162,0.9311666488647461,0.008901874534785748,0.009367496571777352,0.12439534068107605
10400,0.17396296560764313,0.9311666488647461,0.008943880908191204,0.009370185292091146,0.12440939247608185
10425,0.17395877838134766,0.9311666488647461,0.008921002969145775,0.00933721928151566,0.12442350387573242
10450,0.17395463585853577,0.9311666488647461,0.008891910314559937,0.009346489888468259,0.12443765252828598
10475,0.17395047843456268,0.9311666488647461,0.008852286264300346,0.009334363620340368,0.12445177882909775
10500,0.1739463061094284,0.9311666488647461,0.008943280205130577,0.009449240006400126,0.12446579337120056
10525,0.17394208908081055,0.9311666488647461,0.008912879042327404,0.009432068283424185,0.12447977811098099
10550,0.17393790185451508,0.9311666488647461,0.00888794008642435,0.009405776337484953,0.1244937852025032
10575,0.1739337146282196,0.9311666488647461,0.008882185444235802,0.009397424739314573,0.12450801581144333
10600,0.17392954230308533,0.9311666488647461,0.008895810693502426,0.009448375424230736,0.12452223151922226
10625,0.17392532527446747,0.9311666488647461,0.008922030217945576,0.00946127531137356,0.12453677505254745
10650,0.17392109334468842,0.9311666488647461,0.008953976444900036,0.009486491385395694,0.12455148249864578
10675,0.17391683161258698,0.9311666488647461,0.008992123417556286,0.009516192676135727,0.1245662048459053
10700,0.17391255497932434,0.9311666488647461,0.00900200754404068,0.009521577199458325,0.12458093464374542
10725,0.17390821874141693,0.9311666488647461,0.009059915319085121,0.009550451869116324,0.1245957687497139
10750,0.1739039123058319,0.9311666488647461,0.009059813804924488,0.00953210584098525,0.12461064010858536
10775,0.17389962077140808,0.9312083125114441,0.009016415104269981,0.009492515217738872,0.1246255487203598
10800,0.17389534413814545,0.9312083125114441,0.008975416421890259,0.009466769797877264,0.12464026361703873
10825,0.1738910675048828,0.9312083125114441,0.009005800820887089,0.009438431165490608,0.12465469539165497
10850,0.17388686537742615,0.9312083125114441,0.008883314207196236,0.009429491151466574,0.12466900050640106
10875,0.17388266324996948,0.9312083125114441,0.008913084864616394,0.009445914302955287,0.12468330562114716
10900,0.17387846112251282,0.9312083125114441,0.008888397365808487,0.009431985561225951,0.12469758838415146
10925,0.17387428879737854,0.9312083125114441,0.008853456005454063,0.00938954182509977,0.12471189349889755
10950,0.17387016117572784,0.9312083125114441,0.00881718285381794,0.009357425798940052,0.12472616881132126
10975,0.17386595904827118,0.9312083125114441,0.008947261609137058,0.009496642857849874,0.12474042177200317
11000,0.17386165261268616,0.9312499761581421,0.008956368081271648,0.009568433953041314,0.12475478649139404
11025,0.17385737597942352,0.9312499761581421,0.008953182026743889,0.009562272301962209,0.12476923316717148
11050,0.1738530397415161,0.9312499761581421,0.008989529684185982,0.009607191548157264,0.12478373944759369
11075,0.1738486886024475,0.9312499761581421,0.009054823778569698,0.009642067859055298,0.1247982457280159
11100,0.1738443225622177,0.9312499761581421,0.009030114859342575,0.009621608639104341,0.12481281906366348
11125,0.1738400012254715,0.9312499761581421,0.009013662114739418,0.009577171302970932,0.12482737749814987
11150,0.17383569478988647,0.9312499761581421,0.009020854718983173,0.009576331502193973,0.12484196573495865
11175,0.17383137345314026,0.9312499761581421,0.008965928107500076,0.009534838766906674,0.12485656887292862
11200,0.17382711172103882,0.9312499761581421,0.008953298442065716,0.009528919393113447,0.12487121671438217
11225,0.17382287979125977,0.9312916398048401,0.008941787295043468,0.009525060931202728,0.12488600611686707
11250,0.17381861805915833,0.9313333034515381,0.00892606284469366,0.00946054985431884,0.12490111589431763
11275,0.17381437122821808,0.9313749670982361,0.008959874510765076,0.009483841292935136,0.1249161884188652
11300,0.17381013929843903,0.9313749670982361,0.008938145823776722,0.009482028665641741,0.12493107467889786
11325,0.17380590736865997,0.9313749670982361,0.008939828723669052,0.00947311937992236,0.12494596838951111
11350,0.17380166053771973,0.9313749670982361,0.00891012605279684,0.009475090337443356,0.12496092915534973
11375,0.17379744350910187,0.9313333034515381,0.008911381475627422,0.009451841125172025,0.12497612088918686
11400,0.17379321157932281,0.9313333034515381,0.008872845210134983,0.009447317690407698,0.12499140202999115
11425,0.17378902435302734,0.9313333034515381,0.008896401152014732,0.009463800607121294,0.12500669062137604
11450,0.17378480732440948,0.9313749670982361,0.008880161680281162,0.009453196120108422,0.1250220388174057
11475,0.17378059029579163,0.9313749670982361,0.008878760039806366,0.009448334651057502,0.12503744661808014
11500,0.17377644777297974,0.9313749670982361,0.008901235647499561,0.009452821045609093,0.12505312263965607
11525,0.17377223074436188,0.9313749670982361,0.008861052803695202,0.009436376995542083,0.1250687688589096
11550,0.1737680584192276,0.9313749670982361,0.00884973257780075,0.009414242034002788,0.12508440017700195
11575,0.1737639158964157,0.9313749670982361,0.008871117606759071,0.009465760762205063,0.1251000314950943
11600,0.17375972867012024,0.9313749670982361,0.008827581070363522,0.00944069285793806,0.12511570751667023
11625,0.17375555634498596,0.9313749670982361,0.008795330300927162,0.009428699275260109,0.12513141334056854
11650,0.17375142872333527,0.9313749670982361,0.008789611980319023,0.009410562657162471,0.12514711916446686
11675,0.17374727129936218,0.9313749670982361,0.00876885000616312,0.00938351104306805,0.1251630336046219
11700,0.17374315857887268,0.9313749670982361,0.008745149709284306,0.00932138069008363,0.12517884373664856
11725,0.17373909056186676,0.9313749670982361,0.008723683655261993,0.009351419496665497,0.12519457936286926
11750,0.17373502254486084,0.9313749670982361,0.008740507066249847,0.009325062775007867,0.12521031498908997
11775,0.17373090982437134,0.9313749670982361,0.008806010708212852,0.009426931642007749,0.12522593140602112
11800,0.17372676730155945,0.9313749670982361,0.008820811286568642,0.009470622575188423,0.12524180114269257
11825,0.17372258007526398,0.9314166307449341,0.00882069580256939,0.009478393932357101,0.12525799870491028
11850,0.1737183779478073,0.9314166307449341,0.008806494995951653,0.009430726391173235,0.12527422606945038
11875,0.17371419072151184,0.9314166307449341,0.008855316787958145,0.0094842356209856,0.12529055774211884
11900,0.1737099587917328,0.9314166307449341,0.008903282694518566,0.0095240293316192,0.12530694901943207
11925,0.17370572686195374,0.9314166307449341,0.008881225250661373,0.00948048997442989,0.12532326579093933
11950,0.17370153963565826,0.9314166307449341,0.008878517895936966,0.009471597196448424,0.12533947825431824
11975,0.17369727790355682,0.9314166307449341,0.008906659670174122,0.009572048010028285,0.1253557801246643
12000,0.17369303107261658,0.9314166307449341,0.00887942686676979,0.009593740535799773,0.1253720074892044
12025,0.17368873953819275,0.9314582943916321,0.008947167545557022,0.00958747691096034,0.12538833916187286
12050,0.17368440330028534,0.9314582943916321,0.008967316709458828,0.00961996999315472,0.12540499866008759
12075,0.17368009686470032,0.9314582943916321,0.00900673121213913,0.009635358247025109,0.12542177736759186
12100,0.1736757457256317,0.9314582943916321,0.008970098569989204,0.009621620804496932,0.1254386603832245
12125,0.17367146909236908,0.9315000176429749,0.00899568386375904,0.009687483513270052,0.12545564770698547
12150,0.1736670732498169,0.9314582943916321,0.00904284231364727,0.009679695338191486,0.1254727989435196
12175,0.1736626923084259,0.9314582943916321,0.009040426462888718,0.009684980535117273,0.12549003958702087
12200,0.1736583262681961,0.9314582943916321,0.009014441631734371,0.009693788973671324,0.12550726532936096
12225,0.1736539751291275,0.9314582943916321,0.008988017216324806,0.00962192752128271,0.12552447617053986
12250,0.1736496388912201,0.9314166307449341,0.009075036272406578,0.009691634637465248,0.12554173171520233
12275,0.1736452281475067,0.9314166307449341,0.009041001088917255,0.009738577286275816,0.1255590319633484
12300,0.17364083230495453,0.9314166307449341,0.008998618461191654,0.00968929955001078,0.12557630240917206
12325,0.17363646626472473,0.9314166307449341,0.008998123928904533,0.009668837149358636,0.1255933791399002
12350,0.17363211512565613,0.9314166307449341,0.008947149850428104,0.009608539915273983,0.12561050057411194
12375,0.1736278086900711,0.9313333034515381,0.008906064555048943,0.009619472405909577,0.12562760710716248
12400,0.17362353205680847,0.9313333034515381,0.00889651384204626,0.009612767252354937,0.12564454972743988
12425,0.17361925542354584,0.9313333034515381,0.008883781731128693,0.009580643795135759,0.12566131353378296
12450,0.1736150085926056,0.9313333034515381,0.008885740302503109,0.009571358239889367,0.12567777931690216
12475,0.17361071705818176,0.9313333034515381,0.008924952708184719,0.009633474656492143,0.12569433450698853
12500,0.17360642552375793,0.9313333034515381,0.00890046451240778,0.009588024572501339,0.12571099400520325
12525,0.17360210418701172,0.9313333034515381,0.00896993838250637,0.009621485756538728,0.1257277876138687
12550,0.1735977828502655,0.9313333034515381,0.008947614580392838,0.009605287994990927,0.12574470043182373
12575,0.1735934168100357,0.9313333034515381,0.009043117053806782,0.009795422298661515,0.12576167285442352
12600,0.17358899116516113,0.9313333034515381,0.00908439140766859,0.009785933079616775,0.1257789582014084
12625,0.17358450591564178,0.9313333034515381,0.00907898973673582,0.009787586907793926,0.1257961541414261
12650,0.1735801100730896,0.9313333034515381,0.009067841805517673,0.009697019715720324,0.12581349909305573
12675,0.1735757291316986,0.9313333034515381,0.0089976005256176,0.009632729914049397,0.12583062052726746
12700,0.1735714077949524,0.9313333034515381,0.009003585204482079,0.00968185346438736,0.12584766745567322
12725,0.1735670566558838,0.9313333034515381,0.008937729522585869,0.009527091758797736,0.1258646845817566
12750,0.17356278002262115,0.9313333034515381,0.00894912052899599,0.00955862449724252,0.1258816123008728
12775,0.1735585331916809,0.9312916398048401,0.0089116794988513,0.009488108060007935,0.1258985549211502
12800,0.17355427145957947,0.9312916398048401,0.008910889737308025,0.009503918462573755,0.12591542303562164
12825,0.173550084233284,0.9312916398048401,0.008871293626725674,0.009430875764598876,0.12593220174312592
12850,0.17354588210582733,0.9312916398048401,0.008944746106863022,0.009447731389684638,0.12594926357269287
12875,0.1735416203737259,0.9313333034515381,0.008936438709497452,0.009479950061215688,0.1259663850069046
12900,0.17353738844394684,0.9313333034515381,0.00891872774809599,0.00944776376512983,0.12598328292369843
12925,0.17353315651416779,0.9313333034515381,0.008986624889075756,0.009541064751717053,0.12600000202655792
12950,0.17352889478206635,0.9313333034515381,0.00890350341796875,0.009512684642691805,0.12601646780967712
12975,0.17352458834648132,0.9312916398048401,0.008944690227508545,0.009541064023897832,0.12603268027305603
13000,0.17352038621902466,0.9312916398048401,0.00883735902607441,0.009517538449505312,0.1260489672422409
13025,0.1735161542892456,0.9312916398048401,0.008890633471310139,0.009479793212973837,0.12606503069400787
13050,0.17351192235946655,0.9312916398048401,0.008916391059756279,0.009512293103942759,0.12608106434345245
13075,0.1735076904296875,0.9312916398048401,0.008921819739043713,0.009458368701773238,0.12609706819057465
13100,0.17350345849990845,0.9312916398048401,0.00888274796307087,0.009474456676804766,0.12611298263072968
13125,0.17349927127361298,0.9312916398048401,0.00889951828867197,0.009491355788845678,0.12612900137901306
13150,0.17349505424499512,0.9312916398048401,0.008860869333148003,0.009428122408732085,0.12614503502845764
13175,0.17349086701869965,0.9312916398048401,0.008855920284986496,0.009422369845185847,0.1261611133813858
13200,0.17348669469356537,0.9312916398048401,0.008866374380886555,0.009425166337852817,0.12617731094360352
13225,0.1734825223684311,0.9312916398048401,0.008852643892168999,0.00941996477777027,0.1261938214302063
13250,0.17347835004329681,0.9312916398048401,0.008829819969832897,0.00940325514051589,0.1262103170156479
13275,0.17347420752048492,0.9312916398048401,0.008876596577465534,0.009361921346509806,0.12622681260108948
13300,0.17347005009651184,0.9312916398048401,0.008863678202033043,0.009400612414467623,0.12624330818653107
13325,0.17346586287021637,0.9313333034515381,0.008906303904950619,0.009415834849514497,0.1262599676847458
13350,0.1734616607427597,0.9313333034515381,0.008839493617415428,0.009406390257794446,0.12627661228179932
13375,0.17345751821994781,0.9313333034515381,0.00883276667445898,0.009365272842884909,0.12629316747188568
13400,0.17345339059829712,0.9313749670982361,0.00882949959486723,0.009354775194334834,0.12630978226661682
13425,0.17344926297664642,0.9313749670982361,0.008785157464444637,0.0093674662890488,0.12632642686367035
13450,0.17344512045383453,0.9313749670982361,0.008856114000082016,0.009427221944960294,0.12634305655956268
13475,0.17344093322753906,0.9313749670982361,0.00884261354804039,0.009424229359402242,0.12635968625545502
13500,0.1734367311000824,0.9313333034515381,0.008898315019905567,0.009427669731353784,0.1263764351606369
13525,0.17343252897262573,0.9313333034515381,0.008903679437935352,0.009432093120008663,0.1263931542634964
13550,0.17342832684516907,0.9313333034515381,0.008877526968717575,0.009445194329560296,0.12641002237796783
13575,0.1734241098165512,0.9312916398048401,0.00890792440623045,0.009423539718739294,0.12642695009708405
13600,0.17341989278793335,0.9312499761581421,0.008905967697501183,0.00941769619167242,0.12644384801387787
13625,0.17341569066047668,0.9312916398048401,0.008854960091412067,0.009421023033093546,0.12646065652370453
13650,0.1734115332365036,0.9312916398048401,0.008842207491397858,0.009407987842020193,0.12647764384746552
13675,0.17340736091136932,0.9312916398048401,0.00886312685906887,0.0094029377431285,0.12649457156658173
13700,0.17340315878391266,0.9312499761581421,0.00890325102955103,0.009448925450705165,0.12651166319847107
13725,0.1733989715576172,0.9312499761581421,0.008907172828912735,0.00944752596501575,0.12652873992919922
13750,0.17339475452899933,0.9312499761581421,0.00894882995635271,0.00947413891175956,0.1265459656715393
13775,0.17339050769805908,0.9312083125114441,0.008947855792939663,0.009486527784634786,0.12656323611736298
13800,0.17338623106479645,0.9312499761581421,0.008979146368801594,0.00952323113452086,0.126580610871315
13825,0.1733819544315338,0.9312499761581421,0.00896364264190197,0.009516606009147905,0.12659797072410583
13850,0.17337767779827118,0.9312499761581421,0.008960039354860783,0.00953719306923578,0.12661534547805786
13875,0.17337341606616974,0.9312499761581421,0.008994447998702526,0.009489875086336646,0.12663298845291138
13900,0.1733691394329071,0.9312499761581421,0.008990415371954441,0.009484443526352254,0.126650869846344
13925,0.17336486279964447,0.9312499761581421,0.008968612179160118,0.009557472032461043,0.12666884064674377
13950,0.17336060106754303,0.9312916398048401,0.00896262377500534,0.009558523470073146,0.12668682634830475
13975,0.1733563244342804,0.9312916398048401,0.008941007778048515,0.009571430130976293,0.12670551240444183
14000,0.17335204780101776,0.9313333034515381,0.008930257521569729,0.009541159533770261,0.12672431766986847
14025,0.17334777116775513,0.9313749670982361,0.008924080058932304,0.009549776456394037,0.12674321234226227
14050,0.17334353923797607,0.9313333034515381,0.00889230240136385,0.009502428693996519,0.12676195800304413
14075,0.17333929240703583,0.9313333034515381,0.00893479585647583,0.009523707343322516,0.12678061425685883
14100,0.17333506047725677,0.9313333034515381,0.00892253965139389,0.009490848351950928,0.12679919600486755
14125,0.17333082854747772,0.9313333034515381,0.008975166827440262,0.009502217549009106,0.12681779265403748
14150,0.17332658171653748,0.9313333034515381,0.008961196057498455,0.009485905430813039,0.12683618068695068
14175,0.17332230508327484,0.9313333034515381,0.008964926935732365,0.00949450051353556,0.12685459852218628
14200,0.1733180731534958,0.9313333034515381,0.00895770639181137,0.009500100640539817,0.12687286734580994
14225,0.17331379652023315,0.9312916398048401,0.008973410353064537,0.009468645572749379,0.1268911510705948
14250,0.1733095645904541,0.9312916398048401,0.00890377163887024,0.009432002914666207,0.12690947949886322
14275,0.17330537736415863,0.9312499761581421,0.00891542062163353,0.009423510365726402,0.12692785263061523
14300,0.17330114543437958,0.9312499761581421,0.008920835331082344,0.009431075313679866,0.12694630026817322
14325,0.1732969582080841,0.9312083125114441,0.008892901241779327,0.009404394895342264,0.1269650012254715
14350,0.17329278588294983,0.9312083125114441,0.00889813806861639,0.009383674559646893,0.12698379158973694
14375,0.17328856885433197,0.9312083125114441,0.008938789367675781,0.009489137142590068,0.12700247764587402
14400,0.17328432202339172,0.9312083125114441,0.008960842154920101,0.009486001596113252,0.12702111899852753
14425,0.17328007519245148,0.9312083125114441,0.009006362408399582,0.00948220432608238,0.12703971564769745
14450,0.17327579855918884,0.9312499761581421,0.009016870521008968,0.009480892096094923,0.12705838680267334
14475,0.1732715219259262,0.9312083125114441,0.008970663882791996,0.009479533345367906,0.12707707285881042
14500,0.17326728999614716,0.9312499761581421,0.008973811753094196,0.009481260955708422,0.12709572911262512
14525,0.17326301336288452,0.9312499761581421,0.008921554312109947,0.00947606927576092,0.12711454927921295
14550,0.17325881123542786,0.9312499761581421,0.008923403918743134,0.009428835633450481,0.12713344395160675
14575,0.17325459420681,0.9312499761581421,0.00891794078052044,0.00945622998945539,0.12715235352516174
14600,0.17325036227703094,0.9312499761581421,0.008934655226767063,0.009460343570479167,0.1271713227033615
14625,0.1732461154460907,0.9312083125114441,0.0089698052033782,0.009497202960447405,0.12719020247459412
14650,0.17324182391166687,0.9312083125114441,0.008981773629784584,0.009560284986337198,0.12720893323421478
14675,0.17323750257492065,0.9312083125114441,0.009018451906740665,0.009594819444281312,0.12722747027873993
14700,0.17323319613933563,0.9312083125114441,0.00902754906564951,0.009601757940679669,0.12724606692790985
14725,0.17322887480258942,0.9312083125114441,0.009014383889734745,0.009559339186207624,0.12726472318172455
14750,0.1732245832681656,0.9312499761581421,0.00901374127715826,0.009570737733247925,0.12728337943553925
14775,0.17322029173374176,0.9312499761581421,0.008963214233517647,0.00957494980260102,0.1273021101951599
14800,0.17321598529815674,0.9312916398048401,0.008966360241174698,0.009578429038863794,0.12732094526290894
14825,0.1732116937637329,0.9312916398048401,0.00893851462751627,0.009579580959426338,0.1273398995399475
14850,0.17320741713047028,0.9312916398048401,0.00893600843846798,0.00954516728681359,0.12735891342163086
14875,0.17320314049720764,0.9312916398048401,0.008904182352125645,0.009589957052688692,0.1273779720067978
14900,0.173198863863945,0.9312916398048401,0.009015523828566074,0.009616843974738904,0.1273971050977707
14925,0.1731945425271988,0.9312916398048401,0.009024998173117638,0.00958764302638193,0.12741635739803314
14950,0.17319022119045258,0.9312916398048401,0.008936803787946701,0.009541248105953429,0.12743555009365082
14975,0.17318597435951233,0.9312916398048401,0.0089561203494668,0.009465072217511994,0.1274545043706894
15000,0.17318175733089447,0.9312916398048401,0.00893190037459135,0.0094747008683992,0.1274736225605011
15025,0.17317751049995422,0.9312916398048401,0.00892966240644455,0.009472013654913996,0.1274929642677307
15050,0.17317329347133636,0.9312916398048401,0.00888850074261427,0.009502172424330461,0.12751233577728271
15075,0.1731690913438797,0.9313333034515381,0.008908122777938843,0.009442250648031005,0.12753169238567352
15100,0.17316488921642303,0.9313333034515381,0.008960007689893246,0.009515807185346498,0.1275510936975479
15125,0.1731606423854828,0.9313333034515381,0.00894977431744337,0.009530441795546851,0.12757064402103424
15150,0.17315636575222015,0.9313333034515381,0.00898370798677206,0.009498590482159735,0.12759016454219818
15175,0.1731521040201187,0.9313333034515381,0.00892882514744997,0.009519775930052592,0.12760961055755615
15200,0.17314787209033966,0.9313333034515381,0.008947347290813923,0.009482569032868787,0.12762890756130219
15225,0.1731436401605606,0.9313333034515381,0.008937540464103222,0.009479254269006943,0.1276482343673706
15250,0.17313942313194275,0.9312916398048401,0.008982047438621521,0.009437432141282745,0.1276675909757614
15275,0.1731351912021637,0.9312916398048401,0.008916671387851238,0.00946383708688456,0.12768691778182983
15300,0.17313095927238464,0.9312916398048401,0.008942726068198681,0.009445384199774289,0.12770628929138184
15325,0.17312674224376678,0.9312916398048401,0.008930014446377754,0.009478204743077954,0.12772566080093384
15350,0.17312251031398773,0.9312916398048401,0.008888650685548782,0.009431662841355477,0.12774495780467987
15375,0.17311832308769226,0.9312916398048401,0.008886092342436314,0.00942162502394257,0.12776421010494232
15400,0.1731140911579132,0.9312916398048401,0.00896909274160862,0.009467358531308331,0.12778355181217194
15425,0.17310984432697296,0.9312916398048401,0.008993720635771751,0.009467849247111913,0.12780286371707916
15450,0.1731056123971939,0.9312916398048401,0.008947967551648617,0.009440593816351683,0.12782195210456848
15475,0.17310139536857605,0.9312916398048401,0.0089410450309515,0.009372975737685809,0.1278410404920578
15500,0.17309720814228058,0.9312916398048401,0.008932719938457012,0.009374823980988793,0.12786009907722473
15525,0.1730930358171463,0.9312916398048401,0.008919086307287216,0.009380012251869786,0.12787926197052002
15550,0.17308884859085083,0.9312916398048401,0.008930251002311707,0.009406806831865365,0.12789855897426605
15575,0.17308464646339417,0.9312916398048401,0.00891228299587965,0.009352888633632475,0.12791790068149567
15600,0.1730804592370987,0.9312499761581421,0.008934156969189644,0.009380412815286357,0.12793728709220886
15625,0.17307628691196442,0.9312499761581421,0.00893077626824379,0.00934331155223075,0.12795673310756683
15650,0.17307211458683014,0.9312499761581421,0.008916164748370647,0.009329604162659322,0.12797632813453674
15675,0.17306797206401825,0.9312083125114441,0.008913352154195309,0.0093574276723053,0.12799586355686188
15700,0.17306381464004517,0.9312083125114441,0.008885758928954601,0.009339467712554879,0.12801547348499298
15725,0.17305967211723328,0.9312083125114441,0.00892968475818634,0.009389956207468178,0.1280350536108017
15750,0.17305545508861542,0.9312083125114441,0.008953677490353584,0.009395410935815921,0.1280546635389328
15775,0.17305125296115875,0.9312083125114441,0.008913658559322357,0.009440051178964839,0.12807434797286987
15800,0.1730470359325409,0.9312499761581421,0.00890976283699274,0.009437389494301295,0.1280941516160965
15825,0.17304278910160065,0.9312499761581421,0.00893657561391592,0.009482492911413086,0.12811404466629028
15850,0.1730385571718216,0.9312499761581421,0.008968464098870754,0.009449997899478285,0.1281338930130005
15875,0.17303429543972015,0.9312499761581421,0.008967064321041107,0.009469842855078141,0.12815403938293457
15900,0.1730300635099411,0.9312499761581421,0.008938874118030071,0.009472151621124476,0.12817439436912537
15925,0.17302583158016205,0.9312499761581421,0.008954170159995556,0.009413966060717082,0.12819473445415497
15950,0.17302164435386658,0.9312499761581421,0.008953318931162357,0.009380345266110906,0.128215029835701
15975,0.17301741242408752,0.9312499761581421,0.00894922949373722,0.009382130369188722,0.12823538482189178
16000,0.17301322519779205,0.9312499761581421,0.008881954476237297,0.009449714981384017,0.12825585901737213
16025,0.17300903797149658,0.9312499761581421,0.008917956613004208,0.009424842149982798,0.12827643752098083
16050,0.17300482094287872,0.9312499761581421,0.008933923207223415,0.009439649104122648,0.12829704582691193
16075,0.17300058901309967,0.9312499761581421,0.008968012407422066,0.009455185917658501,0.1283176690340042
16100,0.17299634218215942,0.9312499761581421,0.009028901346027851,0.009434875006030862,0.12833838164806366
16125,0.17299211025238037,0.9312499761581421,0.009019843302667141,0.009426869561143877,0.12835915386676788
16150,0.17298783361911774,0.9312499761581421,0.009041009470820427,0.009443334114816428,0.12837998569011688
16175,0.1729835569858551,0.9312083125114441,0.009047504514455795,0.009467111892828789,0.12840090692043304
16200,0.17297925055027008,0.9311666488647461,0.009059586562216282,0.009458766894563505,0.12842196226119995
16225,0.17297497391700745,0.9311666488647461,0.009052235633134842,0.009488450947238587,0.12844318151474
16250,0.17297068238258362,0.9311666488647461,0.009064720012247562,0.009436666265985175,0.12846434116363525
16275,0.1729663908481598,0.9311666488647461,0.00912172719836235,0.009420085577900143,0.1284852772951126
16300,0.17296209931373596,0.9311666488647461,0.009158123284578323,0.009464584177732532,0.12850630283355713
16325,0.17295774817466736,0.9311666488647461,0.009182780981063843,0.00948606102686719,0.12852728366851807
16350,0.17295338213443756,0.9311666488647461,0.009133628569543362,0.009509883672965768,0.12854811549186707
16375,0.17294901609420776,0.9311666488647461,0.009205471724271774,0.009556289446155337,0.1285688877105713
16400,0.17294463515281677,0.9311249852180481,0.009163492359220982,0.009529492912877838,0.12858961522579193
16425,0.17294026911258698,0.9311249852180481,0.009206647984683514,0.009548954893038508,0.1286104917526245
16450,0.1729358732700348,0.9310833215713501,0.009196875616908073,0.009579105869803779,0.1286313831806183
16475,0.1729314923286438,0.9310416579246521,0.009117619134485722,0.00954274766093316,0.12865211069583893
16500,0.1729271411895752,0.9310416579246521,0.009143726900219917,0.00954346605334771,0.128672793507576
16525,0.172922745347023,0.9310416579246521,0.00914356391876936,0.00961325491476487,0.12869307398796082
16550,0.17291834950447083,0.9310833215713501,0.009129611775279045,0.009584804366760269,0.12871329486370087
16575,0.17291398346424103,0.9310833215713501,0.009162244386970997,0.009555572242635485,0.12873362004756927
16600,0.17290958762168884,0.9311249852180481,0.009136833250522614,0.009576582522253713,0.12875410914421082
16625,0.17290520668029785,0.9311249852180481,0.009136434644460678,0.009562643252224744,0.1287747025489807
16650,0.17290084064006805,0.9311249852180481,0.009156391955912113,0.009561184361490813,0.12879511713981628
16675,0.17289644479751587,0.9311666488647461,0.009154471568763256,0.00956194294411361,0.12881551682949066
16700,0.17289206385612488,0.9311666488647461,0.009135173633694649,0.009552479308544774,0.12883606553077698
16725,0.17288769781589508,0.9311666488647461,0.00917587336152792,0.009557992341930598,0.12885664403438568
16750,0.1728833019733429,0.9311666488647461,0.009188212454319,0.009583525528825177,0.1288772076368332
16775,0.1728789061307907,0.9312083125114441,0.009189204312860966,0.009597423504386015,0.1288977861404419
16800,0.17287449538707733,0.9312083125114441,0.009159554727375507,0.009545735589207165,0.12891831994056702
16825,0.17287011444568634,0.9312083125114441,0.009164556860923767,0.009572919095557776,0.12893883883953094
16850,0.17286574840545654,0.9312083125114441,0.009143601171672344,0.00950108651013821,0.12895920872688293
16875,0.17286141216754913,0.9312083125114441,0.009159378707408905,0.009466317506028239,0.12897975742816925
16900,0.17285707592964172,0.9312083125114441,0.009196111932396889,0.009450099214310866,0.12900018692016602
16925,0.17285273969173431,0.9312083125114441,0.009133978746831417,0.00947758361439587,0.1290205419063568
16950,0.1728484332561493,0.9312083125114441,0.009133103303611279,0.009407017782063773,0.1290409117937088
16975,0.17284415662288666,0.9312083125114441,0.009113085456192493,0.00940663471170959,0.1290612369775772
17000,0.17283987998962402,0.9312083125114441,0.009065855294466019,0.009440379811194876,0.12908147275447845
17025,0.172835573554039,0.9312083125114441,0.00908534973859787,0.009441877069342549,0.12910190224647522
17050,0.17283129692077637,0.9312083125114441,0.009104806929826736,0.009404704108443927,0.12912236154079437
17075,0.17282702028751373,0.9312083125114441,0.00908477883785963,0.009410472844416089,0.12914295494556427
17100,0.1728227287530899,0.9312083125114441,0.00911430362612009,0.009471500394379107,0.12916365265846252
17125,0.17281842231750488,0.9312083125114441,0.00910745095461607,0.009495512747294588,0.12918438017368317
17150,0.17281410098075867,0.9312083125114441,0.009136725217103958,0.009450214200157177,0.12920506298542023
17175,0.17280979454517365,0.9312083125114441,0.009079299867153168,0.009519157766541346,0.12922583520412445
17200,0.17280547320842743,0.9312083125114441,0.009101723320782185,0.00950260921056972,0.1292467564344406
17225,0.1728011518716812,0.9312083125114441,0.009097742848098278,0.009532885320482873,0.12926794588565826
17250,0.1727968156337738,0.9312083125114441,0.00910868775099516,0.009514238206717008,0.12928913533687592
17275,0.1727924346923828,0.9312083125114441,0.0091062868013978,0.00957831269084303,0.12931038439273834
17300,0.17278803884983063,0.9312083125114441,0.009205969050526619,0.009573166469918635,0.1293318122625351
17325,0.17278364300727844,0.9312083125114441,0.009201343171298504,0.009592807890750153,0.12935340404510498
17350,0.17277923226356506,0.9312083125114441,0.009211905300617218,0.00960041403228976,0.12937502562999725
17375,0.17277482151985168,0.9312083125114441,0.00920983124524355,0.009606346363368587,0.12939679622650146
17400,0.17277038097381592,0.9312083125114441,0.009246832691133022,0.009598985950866347,0.12941874563694
17425,0.17276597023010254,0.9312083125114441,0.009209576062858105,0.00957821255602312,0.12944070994853973
17450,0.17276157438755035,0.9312083125114441,0.009208960458636284,0.009606277881545706,0.1294625848531723
17475,0.17275716364383698,0.9312083125114441,0.009210131131112576,0.009600238184554404,0.12948445975780487
17500,0.1727527379989624,0.9312083125114441,0.009223698638379574,0.009580532789482841,0.12950631976127625
17525,0.17274832725524902,0.9312499761581421,0.009194259531795979,0.009645001803617399,0.12952817976474762
17550,0.17274390161037445,0.9312499761581421,0.009193416684865952,0.009681922543288457,0.1295500099658966
17575,0.17273946106433868,0.9312499761581421,0.009221157990396023,0.00967405784160039,0.12957178056240082
17600,0.17273499071598053,0.9312499761581421,0.00920040626078844,0.009684220756142782,0.12959353625774384
17625,0.17273055016994476,0.9312499761581421,0.009256631135940552,0.00960898520406882,0.12961538136005402
17650,0.172726109623909,0.9312499761581421,0.009253407828509808,0.009618301584598287,0.12963730096817017
17675,0.17272168397903442,0.9312499761581421,0.009254992008209229,0.009669978942468922,0.12965917587280273
17700,0.17271718382835388,0.9312499761581421,0.009240631945431232,0.009688338350933044,0.1296810358762741
17725,0.17271269857883453,0.9312083125114441,0.009245466440916061,0.00970581258004712,0.12970300018787384
17750,0.17270821332931519,0.9312083125114441,0.009318201802670956,0.009684534510464742,0.12972497940063477
17775,0.17270369827747345,0.9312083125114441,0.009266865439713001,0.009719275701042522,0.12974685430526733
17800,0.1726991981267929,0.9312083125114441,0.009293862618505955,0.009757626911869747,0.1297687143087387
17825,0.17269465327262878,0.9312083125114441,0.009366638027131557,0.009736821196093632,0.1297905296087265
17850,0.17269010841846466,0.9312083125114441,0.00933208130300045,0.009760215306237252,0.1298123300075531
17875,0.17268554866313934,0.9312083125114441,0.00940205529332161,0.009762800075775459,0.12983417510986328
17900,0.17268097400665283,0.9312083125114441,0.009365266188979149,0.009834188015215876,0.12985607981681824
17925,0.17267638444900513,0.9312083125114441,0.009343442507088184,0.009792124621164439,0.1298779547214508
17950,0.172671839594841,0.9312083125114441,0.009328162297606468,0.009798001716812547,0.1298997551202774
17975,0.1726672500371933,0.9312083125114441,0.009323928505182266,0.009810928603066373,0.1299215853214264
18000,0.1726626753807068,0.9312083125114441,0.009330693632364273,0.009826223326749739,0.12994344532489777
18025,0.17265808582305908,0.9311666488647461,0.009344871155917645,0.009823168061631854,0.12996543943881989
18050,0.17265352606773376,0.9311666488647461,0.009331650100648403,0.009777240717548152,0.12998749315738678
18075,0.17264896631240845,0.9311666488647461,0.009338369593024254,0.009761635654548786,0.13000982999801636
18100,0.17264440655708313,0.9311249852180481,0.00931872334331274,0.009772102195804109,0.1300322562456131
18125,0.17263983190059662,0.9311666488647461,0.00934237614274025,0.009788249626046375,0.13005457818508148
18150,0.1726352572441101,0.9311666488647461,0.009352426044642925,0.009775874203383966,0.13007692992687225
18175,0.1726306974887848,0.9311666488647461,0.009342262521386147,0.009771939198800364,0.13009919226169586
18200,0.17262612283229828,0.9311666488647461,0.009345605038106441,0.009790854209631154,0.13012152910232544
18225,0.17262156307697296,0.9311666488647461,0.009321819990873337,0.009782663635100063,0.13014397025108337
18250,0.17261698842048645,0.9311249852180481,0.00936291366815567,0.00981761000961905,0.1301664412021637
18275,0.17261238396167755,0.9311249852180481,0.009346147999167442,0.009828244757963397,0.13018889725208282
18300,0.17260780930519104,0.9311249852180481,0.009394313208758831,0.009861489259534144,0.1302114725112915
18325,0.17260314524173737,0.9311666488647461,0.00940728560090065,0.009940162373785965,0.1302339732646942
18350,0.1725984662771225,0.9311666488647461,0.009437213651835918,0.009951731265327715,0.1302565038204193
18375,0.17259377241134644,0.9311666488647461,0.009434260427951813,0.009933714690874342,0.13027895987033844
18400,0.17258909344673157,0.9311666488647461,0.00946920458227396,0.009974798231126788,0.13030141592025757
18425,0.1725843846797943,0.9311666488647461,0.009451102465391159,0.009989334334518422,0.1303238421678543
18450,0.17257964611053467,0.9311666488647461,0.009460175409913063,0.009970156601299194,0.13034620881080627
18475,0.1725749522447586,0.9311666488647461,0.009421741589903831,0.009918360424302889,0.13036873936653137
18500,0.17257027328014374,0.9312083125114441,0.009405792690813541,0.009927262499917969,0.13039131462574005
18525,0.17256560921669006,0.9312083125114441,0.009418264031410217,0.009919465101807516,0.13041388988494873
18550,0.1725609302520752,0.9312083125114441,0.009443053975701332,0.010000475029162152,0.13043653964996338
18575,0.17255619168281555,0.9312083125114441,0.009490464814007282,0.009984014434863443,0.13045932352542877
18600,0.17255142331123352,0.9312499761581421,0.009516234509646893,0.010007677007027378,0.13048213720321655
18625,0.17254668474197388,0.9312499761581421,0.00952175073325634,0.009993638242214612,0.13050493597984314
18650,0.17254194617271423,0.9312499761581421,0.009492022916674614,0.010017669492817818,0.1305278092622757
18675,0.1725372076034546,0.9312499761581421,0.009507335722446442,0.009984856590081567,0.13055086135864258
18700,0.17253246903419495,0.9312499761581421,0.009503348730504513,0.01002062235201156,0.13057412207126617
18725,0.17252770066261292,0.9312499761581421,0.009496590122580528,0.00998992681931402,0.13059735298156738
18750,0.17252299189567566,0.9312499761581421,0.009457879699766636,0.009973779169372466,0.13062062859535217
18775,0.1725182682275772,0.9312499761581421,0.009469833225011826,0.009961237502734394,0.13064388930797577
18800,0.17251354455947876,0.9312083125114441,0.00948150921612978,0.009922673827032246,0.13066719472408295
18825,0.1725088506937027,0.9312083125114441,0.009475644677877426,0.009938905536173416,0.1306905597448349
18850,0.17250414192676544,0.9312083125114441,0.009510991163551807,0.009945846676213137,0.1307140290737152
18875,0.17249943315982819,0.9312083125114441,0.00950820092111826,0.00993536569272116,0.1307377964258194
18900,0.17249470949172974,0.9311666488647461,0.009529906325042248,0.009919439180074178,0.13076151907444
18925,0.1724899858236313,0.9311666488647461,0.009520291350781918,0.00992448351332815,0.13078530132770538
18950,0.17248529195785522,0.9311666488647461,0.009460872039198875,0.009947554468998882,0.13080903887748718
18975,0.17248058319091797,0.9311666488647461,0.009436684660613537,0.009953956487352962,0.1308324933052063
19000,0.1724758744239807,0.9311666488647461,0.009444198571145535,0.009948172646414497,0.1308557391166687
19025,0.17247119545936584,0.9311666488647461,0.009517673403024673,0.009969801251835022,0.13087902963161469
19050,0.1724664270877838,0.9311666488647461,0.009555055759847164,0.01002096732102234,0.13090229034423828
19075,0.1724615842103958,0.9311666488647461,0.009625839069485664,0.010057320442528755,0.13092531263828278
19100,0.1724567413330078,0.9311666488647461,0.009621115401387215,0.010065624396835296,0.1309482604265213
19125,0.1724518984556198,0.9311666488647461,0.009618276730179787,0.010107689347248015,0.13097140192985535
19150,0.17244704067707062,0.9311666488647461,0.009682917036116123,0.010081855151295317,0.13099440932273865
19175,0.17244218289852142,0.9311249852180481,0.009683102369308472,0.010101375717299113,0.13101746141910553
19200,0.17243729531764984,0.9311249852180481,0.009643509052693844,0.010053310923358642,0.1310405731201172
19225,0.17243245244026184,0.9311249852180481,0.009609207510948181,0.010059035357675886,0.13106369972229004
19250,0.17242762446403503,0.9311249852180481,0.00962561834603548,0.010036897557726316,0.1310868114233017
19275,0.17242281138896942,0.9311249852180481,0.009595236741006374,0.010055703587224494,0.1311100572347641
19300,0.172418013215065,0.9311249852180481,0.009559961967170238,0.010043130492768237,0.13113324344158173
19325,0.17241322994232178,0.9311249852180481,0.009504598565399647,0.009993497498394824,0.13115647435188293
19350,0.17240849137306213,0.9311249852180481,0.00949749257415533,0.009955957934510658,0.1311798244714737
19375,0.17240376770496368,0.9311249852180481,0.009491054341197014,0.009950840587930436,0.13120320439338684
19400,0.17239904403686523,0.9311249852180481,0.0094750439748168,0.009961186886419197,0.13122659921646118
19425,0.17239432036876678,0.9311249852180481,0.009519385173916817,0.009961024279316352,0.1312500238418579
19450,0.17238958179950714,0.9311249852180481,0.009484805166721344,0.009991585684751548,0.13127349317073822
19475,0.1723848432302475,0.9311666488647461,0.009505389258265495,0.0099997738252363,0.1312970221042633
19500,0.17238010466098785,0.9311666488647461,0.009531362913548946,0.009951357403472904,0.13132061064243317
19525,0.1723753660917282,0.9311666488647461,0.009532518684864044,0.009957097849491501,0.13134430348873138
19550,0.17237059772014618,0.9311666488647461,0.0095427380874753,0.01000182033622325,0.13136819005012512
19575,0.17236582934856415,0.9311666488647461,0.009534282609820366,0.010030454183562083,0.131392240524292
19600,0.17236104607582092,0.9311666488647461,0.009556141681969166,0.010002221371939915,0.13141638040542603
19625,0.1723562777042389,0.9311666488647461,0.00952226109802723,0.010007768747467893,0.13144062459468842
19650,0.17235152423381805,0.9311666488647461,0.009498674422502518,0.00999453680067574,0.1314649134874344
19675,0.17234675586223602,0.9311666488647461,0.009512444958090782,0.009967948349305759,0.13148929178714752
19700,0.17234203219413757,0.9311666488647461,0.009472662582993507,0.009997610374104083,0.13151374459266663
19725,0.17233727872371674,0.9311666488647461,0.009492517448961735,0.010007169070961172,0.1315382719039917
19750,0.1723325401544571,0.9311666488647461,0.009491424076259136,0.010005956971280006,0.13156287372112274
19775,0.17232777178287506,0.9311666488647461,0.009493542835116386,0.009996782609603171,0.13158759474754333
19800,0.17232303321361542,0.9311666488647461,0.009489858523011208,0.009998372141370643,0.13161244988441467
19825,0.17231827974319458,0.9311666488647461,0.009517863392829895,0.01002539330620927,0.1316373199224472
19850,0.17231351137161255,0.9311666488647461,0.009561235085129738,0.010009940201419057,0.13166242837905884
19875,0.17230871319770813,0.9311666488647461,0.009552654810249805,0.010002327445554534,0.13168759644031525
19900,0.1723039597272873,0.9311249852180481,0.0095805199816823,0.010014999692920992,0.1317128837108612
19925,0.17229913175106049,0.9311249852180481,0.009582165628671646,0.010073862125541112,0.1317380964756012
19950,0.17229430377483368,0.9311249852180481,0.009661662392318249,0.010094026798723085,0.13176338374614716
19975,0.1722894310951233,0.9310833215713501,0.009628910571336746,0.010036605086769936,0.13178882002830505
20000,0.17228461802005768,0.9310833215713501,0.00959131307899952,0.010064241671597631,0.13181424140930176
20025,0.17227980494499207,0.9310833215713501,0.009599544107913971,0.010069341880259368,0.1318395435810089
20050,0.17227496206760406,0.9310833215713501,0.009618207812309265,0.010047286538770347,0.13186486065387726
20075,0.17227013409137726,0.9310833215713501,0.009596715681254864,0.010058271058448826,0.13189025223255157
20100,0.17226529121398926,0.9310833215713501,0.009627367369830608,0.010047578723158142,0.13191568851470947
20125,0.17226049304008484,0.9310833215713501,0.009546895511448383,0.010050141150055404,0.1319410651922226
20150,0.17225569486618042,0.9310833215713501,0.009528988972306252,0.010068406762061024,0.13196638226509094
20175,0.172250896692276,0.9310833215713501,0.009530298411846161,0.010062305758204628,0.1319916844367981
20200,0.17224612832069397,0.9310833215713501,0.009466011077165604,0.010034042875072497,0.1320168823003769
20225,0.17224138975143433,0.9310833215713501,0.009533370845019817,0.009987883883060267,0.13204210996627808
20250,0.1722366362810135,0.9310833215713501,0.009469262324273586,0.010016070203488091,0.13206733763217926
20275,0.17223189771175385,0.9310833215713501,0.009479264728724957,0.010025840686822073,0.13209256529808044
20300,0.17222712934017181,0.9310833215713501,0.00953973550349474,0.01000514690073103,0.13211768865585327
20325,0.17222237586975098,0.9310833215713501,0.009522338397800922,0.010016663086140723,0.13214276731014252
20350,0.17221756279468536,0.9310833215713501,0.00952323991805315,0.010086851444366553,0.1321677565574646
20375,0.17221280932426453,0.9310833215713501,0.009506644681096077,0.010030536073245114,0.1321927011013031
20400,0.1722080409526825,0.9310833215713501,0.00947646889835596,0.010054083060262902,0.13221755623817444
20425,0.17220327258110046,0.9311249852180481,0.009463905356824398,0.01005245364254737,0.13224242627620697
20450,0.17219850420951843,0.9311249852180481,0.009448426775634289,0.010074462826837311,0.13226734101772308
20475,0.1721937507390976,0.9311249852180481,0.009433802217245102,0.010062760870475335,0.13229237496852875
20500,0.17218898236751556,0.9311249852180481,0.00943692959845066,0.01005664376571792,0.13231749832630157
20525,0.17218424379825592,0.9311666488647461,0.009415828622877598,0.010050037936663137,0.13234247267246246
20550,0.17217952013015747,0.9311666488647461,0.009432291612029076,0.010035033618408146,0.13236741721630096
20575,0.17217476665973663,0.9311666488647461,0.009417411871254444,0.010064925761832986,0.13239234685897827
20600,0.1721699982881546,0.9311666488647461,0.00952503364533186,0.01007210881998413,0.13241708278656006
20625,0.17216520011425018,0.9311666488647461,0.00954385008662939,0.010093494993269012,0.13244186341762543
20650,0.17216040194034576,0.9311666488647461,0.009543967433273792,0.010077310197190445,0.13246667385101318
20675,0.17215557396411896,0.9311666488647461,0.009541344828903675,0.010087443362518413,0.13249151408672333
20700,0.17215076088905334,0.9311666488647461,0.009561020880937576,0.010113991458556265,0.13251642882823944
20725,0.17214593291282654,0.9312083125114441,0.009544768370687962,0.01013800773979424,0.1325414776802063
20750,0.17214109003543854,0.9312083125114441,0.009549791924655437,0.010146140584164309,0.13256660103797913
20775,0.17213626205921173,0.9312083125114441,0.009539336897432804,0.010116864293076698,0.1325918436050415
20800,0.17213140428066254,0.9312083125114441,0.009523678570985794,0.010150387405350318,0.13261716067790985
20825,0.17212656140327454,0.9312083125114441,0.009570608846843243,0.010168594095352828,0.13264252245426178
20850,0.17212165892124176,0.9312083125114441,0.009626959450542927,0.010164254360492678,0.13266772031784058
20875,0.17211677134037018,0.9312083125114441,0.009686538018286228,0.010114975939857314,0.13269294798374176
20900,0.1721118986606598,0.9312083125114441,0.009594747796654701,0.010188919685435123,0.13271817564964294
20925,0.17210699617862701,0.9312083125114441,0.009651314467191696,0.01019548874582971,0.1327434480190277
20950,0.17210204899311066,0.9312083125114441,0.009659909643232822,0.010195054753959218,0.13276877999305725
20975,0.17209714651107788,0.9312083125114441,0.009613175876438618,0.010204585460116634,0.13279421627521515
21000,0.1720922440290451,0.9312083125114441,0.009608694352209568,0.010165498847198974,0.13281992077827454
21025,0.17208735644817352,0.9312083125114441,0.00963866151869297,0.010124979232353507,0.1328456848859787
21050,0.17208248376846313,0.9312499761581421,0.009595212526619434,0.010219531438159454,0.13287155330181122
21075,0.17207755148410797,0.9312916398048401,0.009624007157981396,0.010166565746758758,0.13289746642112732
21100,0.17207269370555878,0.9312916398048401,0.009615762159228325,0.010174895631659608,0.13292334973812103
21125,0.172067791223526,0.9313333034515381,0.00956001691520214,0.010259601697723168,0.13294918835163116
21150,0.17206285893917084,0.9313333034515381,0.009649483487010002,0.01020462851736424,0.13297505676746368
21175,0.17205794155597687,0.9313333034515381,0.009649285115301609,0.010184883683124514,0.13300105929374695
21200,0.1720530390739441,0.9313333034515381,0.009569547139108181,0.01027052056730537,0.13302680850028992
21225,0.17204813659191132,0.9313749670982361,0.009643308818340302,0.010199615373485954,0.13305266201496124
21250,0.17204320430755615,0.9313749670982361,0.009644214995205402,0.010200326941324472,0.13307839632034302
21275,0.17203828692436218,0.9313749670982361,0.009608641266822815,0.010266346381742546,0.1331041008234024
21300,0.1720333695411682,0.9313749670982361,0.00963450875133276,0.01021934615374293,0.13312987983226776
21325,0.17202839255332947,0.9313749670982361,0.00963662751019001,0.01029760367093477,0.1331557035446167
21350,0.1720234602689743,0.9313749670982361,0.00960957258939743,0.01032504288141147,0.1331816017627716
21375,0.17201849818229675,0.9313749670982361,0.00964973121881485,0.010272433165503407,0.1332074999809265
21400,0.1720135509967804,0.9313749670982361,0.009653201326727867,0.010259186480941497,0.13323341310024261
21425,0.17200858891010284,0.9313749670982361,0.009616909548640251,0.010298785959600154,0.13325917720794678
21450,0.1720036268234253,0.9314166307449341,0.009648457169532776,0.010259208050407793,0.13328497111797333
21475,0.17199867963790894,0.9314166307449341,0.00965042319148779,0.0102637227250478,0.13331079483032227
21500,0.17199373245239258,0.9314166307449341,0.009615055285394192,0.010245130644139283,0.13333672285079956
21525,0.1719888150691986,0.9314582943916321,0.009589550085365772,0.010268273029954289,0.13336268067359924
21550,0.17198388278484344,0.9315000176429749,0.009588228538632393,0.01026910802732208,0.13338857889175415
21575,0.17197896540164948,0.9315416812896729,0.009598266333341599,0.010237401960997747,0.1334145963191986
21600,0.1719740331172943,0.9315416812896729,0.009580395184457302,0.0102495590277991,0.13344073295593262
21625,0.17196911573410034,0.9315416812896729,0.00958970282226801,0.010255478410288003,0.13346688449382782
21650,0.17196418344974518,0.9315416812896729,0.009582295082509518,0.010238904867459141,0.13349297642707825
21675,0.1719592660665512,0.9315416812896729,0.009572274051606655,0.010222100728948734,0.1335190236568451
21700,0.17195437848567963,0.9315416812896729,0.009573159739375114,0.010241022932642646,0.13354521989822388
21725,0.17194946110248566,0.9315416812896729,0.009594234637916088,0.010226272124071685,0.13357162475585938
21750,0.17194457352161407,0.9315416812896729,0.00959345605224371,0.010235427920937512,0.13359804451465607
21775,0.1719396412372589,0.9315416812896729,0.009628510102629662,0.010249710323992899,0.13362450897693634
21800,0.17193469405174255,0.9315000176429749,0.009614922106266022,0.010247680948457802,0.13365109264850616
21825,0.1719297468662262,0.9315000176429749,0.009629098698496819,0.010259556844075143,0.13367781043052673
21850,0.17192479968070984,0.9315000176429749,0.009653563611209393,0.010246514750204423,0.13370448350906372
21875,0.17191985249519348,0.9315000176429749,0.009620069526135921,0.010279207836158889,0.13373103737831116
21900,0.17191492021083832,0.9315000176429749,0.009639696218073368,0.010254387481635523,0.1337576061487198
21925,0.17190995812416077,0.9315000176429749,0.009641123004257679,0.010263468928911772,0.13378417491912842
21950,0.1719050258398056,0.9315000176429749,0.009611534886062145,0.01026715132603978,0.1338108330965042
21975,0.17190007865428925,0.9315000176429749,0.00959771778434515,0.010286057650143978,0.1338375210762024
22000,0.17189514636993408,0.9315000176429749,0.00964579451829195,0.01025855321765274,0.13386429846286774
22025,0.17189016938209534,0.9315000176429749,0.009675148874521255,0.010243494727556342,0.1338910609483719
22050,0.17188523709774017,0.9315000176429749,0.009677892550826073,0.010258699828154763,0.13391783833503723
22075,0.17188026010990143,0.9315000176429749,0.009662644006311893,0.010313913247748784,0.13394464552402496
22100,0.17187528312206268,0.9315000176429749,0.009653167799115181,0.010288581903396302,0.13397152721881866
22125,0.17187032103538513,0.9315000176429749,0.009670265018939972,0.01027702338797127,0.1339983344078064
22150,0.17186535894870758,0.9315000176429749,0.009669755585491657,0.010265301171457122,0.1340252310037613
22175,0.17186039686203003,0.9315000176429749,0.009640844538807869,0.010327722723274023,0.13405215740203857
22200,0.17185541987419128,0.9315000176429749,0.009653053246438503,0.01029162198053901,0.13407912850379944
22225,0.17185045778751373,0.9315000176429749,0.009645471349358559,0.010283079071101452,0.13410615921020508
22250,0.17184549570083618,0.9315000176429749,0.009670191444456577,0.010281176073301392,0.1341332197189331
22275,0.17184053361415863,0.9315000176429749,0.009642040356993675,0.010282263503252113,0.13416032493114471
22300,0.17183557152748108,0.9315000176429749,0.009695946238934994,0.010238207675731418,0.13418753445148468
22325,0.17183060944080353,0.9315000176429749,0.009726324118673801,0.010266728987358704,0.134214848279953
22350,0.1718256175518036,0.9315000176429749,0.009710828773677349,0.01033034498383651,0.13424229621887207
22375,0.17182061076164246,0.9315000176429749,0.009727682918310165,0.010279134870892074,0.13426975905895233
22400,0.1718156337738037,0.9315000176429749,0.00970757007598877,0.010305497523458112,0.13429714739322662
22425,0.17181062698364258,0.9315000176429749,0.00972089171409607,0.010305139449864975,0.1343245953321457
22450,0.17180563509464264,0.9315000176429749,0.009689495898783207,0.010325913174770131,0.1343521922826767
22475,0.1718006581068039,0.9315000176429749,0.009657561779022217,0.010379188174715828,0.13437974452972412
22500,0.17179565131664276,0.9315000176429749,0.009660930372774601,0.010375996655918814,0.13440726697444916
22525,0.17179064452648163,0.9315000176429749,0.00973130576312542,0.010322897296755498,0.13443484902381897
22550,0.1717856228351593,0.9315000176429749,0.00975386518985033,0.01031005471242126,0.13446249067783356
22575,0.17178060114383698,0.9315000176429749,0.009685619734227657,0.010383075760911778,0.13449011743068695
22600,0.17177559435367584,0.9315000176429749,0.009743107482790947,0.010322583858384476,0.13451771438121796
22625,0.17177057266235352,0.9315416812896729,0.009733034297823906,0.01033365323300153,0.13454526662826538
22650,0.17176553606987,0.9315416812896729,0.009756096638739109,0.010361809790025494,0.13457274436950684
22675,0.17176049947738647,0.9315416812896729,0.009705542586743832,0.010437954963088103,0.13460029661655426
22700,0.17175547778606415,0.9315416812896729,0.009775160811841488,0.010349601647239637,0.13462784886360168
22725,0.17175041139125824,0.9315833449363708,0.00977037288248539,0.01034881804128329,0.13465538620948792
22750,0.17174535989761353,0.9315416812896729,0.009731283411383629,0.010396070223146595,0.13468289375305176
22775,0.1717403084039688,0.9315416812896729,0.009713192470371723,0.01043059374485057,0.13471056520938873
22800,0.1717352271080017,0.9315416812896729,0.009715207852423191,0.010431317834382482,0.13473835587501526
22825,0.171730175614357,0.9315416812896729,0.009672567248344421,0.010475064858154685,0.1347661167383194
22850,0.1717251092195511,0.9315416812896729,0.00969515647739172,0.010475012911828112,0.13479389250278473
22875,0.17172004282474518,0.9315416812896729,0.009695780463516712,0.010454323154812057,0.13482171297073364
22900,0.17171496152877808,0.9315416812896729,0.00972543004900217,0.010422770032560348,0.13484953343868256
22925,0.17170989513397217,0.9315416812896729,0.009722085669636726,0.01048551307143984,0.1348772943019867
22950,0.17170478403568268,0.9315416812896729,0.009711814112961292,0.0105029742261933,0.13490509986877441
22975,0.17169968783855438,0.9315416812896729,0.009768888354301453,0.010493285800850934,0.13493290543556213
23000,0.1716945767402649,0.9315416812896729,0.009748527780175209,0.010494224035692534,0.13496071100234985
23025,0.1716894507408142,0.9315416812896729,0.009756073355674744,0.010498130685552899,0.1349884569644928
23050,0.17168432474136353,0.9315416812896729,0.00979519635438919,0.010481679403438204,0.13501624763011932
23075,0.17167918384075165,0.9315416812896729,0.009781815111637115,0.010506120093164716,0.13504402339458466
23100,0.17167404294013977,0.9315416812896729,0.009809299372136593,0.010535489753505843,0.13507181406021118
23125,0.1716688871383667,0.9315000176429749,0.009783987887203693,0.010528058710896937,0.1350996345281601
23150,0.17166373133659363,0.9315000176429749,0.009820244275033474,0.01049709192931875,0.135127454996109
23175,0.17165859043598175,0.9315000176429749,0.009810477495193481,0.010508685607129076,0.13515529036521912
23200,0.1716534048318863,0.9315000176429749,0.009803684428334236,0.010569006362107317,0.1351831555366516
23225,0.17164823412895203,0.9315000176429749,0.009871416725218296,0.010524179667405908,0.13521113991737366
23250,0.17164301872253418,0.9315000176429749,0.009810215793550014,0.010592378069433278,0.13523918390274048
23275,0.17163781821727753,0.9315000176429749,0.009838229976594448,0.010642030058794652,0.13526718318462372
23300,0.17163260281085968,0.9315000176429749,0.009882100857794285,0.010606200126993547,0.13529495894908905
23325,0.17162734270095825,0.9315000176429749,0.009917677380144596,0.010587097627763706,0.13532277941703796
23350,0.17162206768989563,0.9315000176429749,0.009896655566990376,0.010616248129252973,0.1353508085012436
23375,0.1716168224811554,0.9315000176429749,0.009910408407449722,0.010661004176228563,0.13537895679473877
23400,0.17161153256893158,0.9315000176429749,0.009995058178901672,0.010604948516224552,0.13540704548358917
23425,0.17160621285438538,0.9315000176429749,0.010033605620265007,0.0106572674284785,0.135435089468956
23450,0.17160086333751678,0.9315416812896729,0.010097404941916466,0.010615192171955853,0.13546282052993774
23475,0.17159555852413177,0.9315416812896729,0.01005917601287365,0.01059901884832849,0.13549061119556427
23500,0.17159025371074677,0.9315416812896729,0.01002438273280859,0.010609073182560392,0.13551832735538483
23525,0.17158496379852295,0.9315416812896729,0.009971905499696732,0.010640098742628803,0.13554607331752777
23550,0.17157967388629913,0.9315833449363708,0.009946216829121113,0.010660545862266486,0.1355738490819931
23575,0.17157435417175293,0.9315416812896729,0.009970069862902164,0.01064609372638487,0.1356017142534256
23600,0.17156904935836792,0.9315416812896729,0.009959826245903969,0.010672150818397971,0.13562971353530884
23625,0.1715637445449829,0.9316250085830688,0.009933708235621452,0.010682194310119625,0.1356579065322876
23650,0.1715584248304367,0.9316250085830688,0.009936140850186348,0.01069559325161872,0.13568620383739471
23675,0.1715531051158905,0.9316250085830688,0.009935209527611732,0.01069850508613909,0.135714590549469
23700,0.1715477854013443,0.9316250085830688,0.00989607349038124,0.010746346025013157,0.13574305176734924
23725,0.1715424358844757,0.9316666722297668,0.009908001869916916,0.01074523525748784,0.13577145338058472
23750,0.1715371459722519,0.9316250085830688,0.009890934452414513,0.010694951820546354,0.13579992949962616
23775,0.17153185606002808,0.9316250085830688,0.009885656647384167,0.010676212575188682,0.13582845032215118
23800,0.17152656614780426,0.9316250085830688,0.009843629784882069,0.010706233739227458,0.13585703074932098
23825,0.17152130603790283,0.9316250085830688,0.009950165636837482,0.010652341707536777,0.13588567078113556
23850,0.17151598632335663,0.9316250085830688,0.009875445626676083,0.010730032272207719,0.13591443002223969
23875,0.1715106964111328,0.9316250085830688,0.009931794367730618,0.01071901446785398,0.13594305515289307
23900,0.1715053766965866,0.9316250085830688,0.009966212324798107,0.010695945600406908,0.13597160577774048
23925,0.1715000420808792,0.9316666722297668,0.00994346383959055,0.010725395934711534,0.13600021600723267
23950,0.17149470746517181,0.9316666722297668,0.009903565049171448,0.010761730553839307,0.13602888584136963
23975,0.17148935794830322,0.9316250085830688,0.009921938180923462,0.010739896833917309,0.13605768978595734
24000,0.17148402333259583,0.9315833449363708,0.009928792715072632,0.01075063368610458,0.13608647882938385
24025,0.17147867381572723,0.9315833449363708,0.009943266399204731,0.010754045555888632,0.13611546158790588
24050,0.17147332429885864,0.9315833449363708,0.009916572831571102,0.010779615225015018,0.13614444434642792
24075,0.17146797478199005,0.9315833449363708,0.00988180935382843,0.010831877410557043,0.13617339730262756
24100,0.17146262526512146,0.9315833449363708,0.009909973479807377,0.010803930484632365,0.1362023651599884
24125,0.17145727574825287,0.9315833449363708,0.00996040552854538,0.010750864451675059,0.1362314671278
24150,0.17145192623138428,0.9315833449363708,0.009909793734550476,0.010788449371134158,0.1362607330083847
24175,0.1714465469121933,0.9315833449363708,0.009947861544787884,0.010783493783671607,0.1362900286912918
24200,0.1714411973953247,0.9315833449363708,0.009877226315438747,0.010851344917468727,0.1363193839788437
24225,0.17143584787845612,0.9315833449363708,0.009873035363852978,0.01085884834820701,0.13634872436523438
24250,0.17143048346042633,0.9316250085830688,0.0098783690482378,0.010855488721220613,0.13637816905975342
24275,0.17142508924007416,0.9316250085830688,0.009909361600875854,0.01084216270815841,0.13640759885311127
24300,0.17141970992088318,0.9315833449363708,0.00998946838080883,0.010813293841724454,0.13643689453601837
24325,0.1714143007993698,0.9315833449363708,0.009974257089197636,0.01080071504023085,0.13646622002124786
24350,0.17140893638134003,0.9315833449363708,0.009950384497642517,0.010833200878510267,0.13649559020996094
24375,0.17140354216098785,0.9315833449363708,0.009930317290127277,0.010834763204500721,0.13652485609054565
24400,0.17139817774295807,0.9315833449363708,0.009920238517224789,0.010819923704634065,0.13655416667461395
24425,0.1713927984237671,0.9315833449363708,0.009920472279191017,0.010835564661943244,0.13658346235752106
24450,0.1713874489068985,0.9315833449363708,0.00987324770539999,0.010858379333070926,0.13661275804042816
24475,0.1713820844888687,0.9315833449363708,0.00990051869302988,0.010843343407201859,0.13664229214191437
24500,0.17137670516967773,0.9315833449363708,0.009890200570225716,0.010890476941107795,0.13667181134223938
24525,0.17137134075164795,0.9315833449363708,0.009977318346500397,0.010815595779427825,0.13670136034488678
24550,0.17136596143245697,0.9315833449363708,0.009929400868713856,0.01082283535866785,0.1367310732603073
24575,0.1713605672121048,0.9315416812896729,0.009888766333460808,0.010904725477817399,0.13676080107688904
24600,0.17135518789291382,0.9315833449363708,0.00993680115789175,0.010856636071217562,0.13679054379463196
24625,0.17134979367256165,0.9315833449363708,0.00992901436984539,0.010871610960701505,0.1368202567100525
24650,0.17134439945220947,0.9315833449363708,0.009921124204993248,0.010873659452724078,0.13684993982315063
24675,0.1713389903306961,0.9316250085830688,0.009956715628504753,0.010880800425405499,0.13687971234321594
24700,0.17133358120918274,0.9316250085830688,0.009958278387784958,0.010868182503959194,0.13690964877605438
24725,0.17132814228534698,0.9316250085830688,0.00996201578527689,0.010926456411183264,0.1369396597146988
24750,0.17132271826267242,0.9316250085830688,0.009989687241613865,0.010870568459857444,0.13696962594985962
24775,0.17131729423999786,0.9316250085830688,0.009989473968744278,0.010880761109040349,0.13699965178966522
24800,0.1713118851184845,0.9316666722297668,0.009941444732248783,0.01090301578083069,0.13702960312366486
24825,0.17130647599697113,0.9316666722297668,0.009913837537169456,0.01091183577131413,0.13705961406230927
24850,0.17130103707313538,0.9316666722297668,0.009962838143110275,0.010876079953579773,0.13708962500095367
24875,0.17129561305046082,0.9317083358764648,0.009990295395255089,0.01087570639347523,0.13711966574192047
24900,0.17129017412662506,0.9317083358764648,0.009903700090944767,0.010982475266574303,0.13714975118637085
24925,0.1712847203016281,0.9317083358764648,0.009984220378100872,0.010924742295426788,0.13717980682849884
24950,0.17127928137779236,0.9317083358764648,0.010009811259806156,0.01090108944935637,0.13720981776714325
24975,0.17127379775047302,0.9317083358764648,0.010002759285271168,0.010949856011309912,0.13723988831043243
25000,0.1712683141231537,0.9317083358764648,0.009970298036932945,0.010990209527397175,0.1372699737548828
25025,0.17126283049583435,0.9316666722297668,0.010009830817580223,0.010951775567007792,0.13730011880397797
25050,0.1712573617696762,0.9316250085830688,0.010012720711529255,0.010966438339480952,0.13733021914958954
25075,0.1712518334388733,0.9316250085830688,0.01007987279444933,0.010934606534385796,0.1373603641986847
25100,0.17124633491039276,0.9316250085830688,0.010041422210633755,0.011014497605350702,0.13739071786403656
25125,0.17124080657958984,0.9316250085830688,0.010017182677984238,0.011020185843981253,0.13742104172706604
25150,0.17123530805110931,0.9316250085830688,0.010029940865933895,0.011011763794892484,0.13745148479938507
25175,0.1712297797203064,0.9316250085830688,0.010033744387328625,0.011017903837444006,0.1374819278717041
25200,0.17122426629066467,0.9316250085830688,0.009998864494264126,0.011109318236792528,0.13751240074634552
25225,0.17121870815753937,0.9316250085830688,0.010061169043183327,0.011015564967109516,0.13754287362098694
25250,0.17121317982673645,0.9316250085830688,0.01002578530460596,0.01102659770303955,0.13757330179214478
25275,0.17120763659477234,0.9316250085830688,0.00999593734741211,0.011070236524079978,0.137603759765625
25300,0.17120210826396942,0.9316250085830688,0.00999812688678503,0.011067661669232735,0.13763421773910522
25325,0.1711965650320053,0.9316250085830688,0.0100687425583601,0.011006622057024766,0.1376645267009735
25350,0.1711909919977188,0.9316250085830688,0.010054652579128742,0.011010805125671317,0.1376948356628418
25375,0.1711854636669159,0.9316250085830688,0.01007369626313448,0.011050685481085669,0.13772517442703247
25400,0.1711798906326294,0.9316250085830688,0.010159616358578205,0.010987564350903192,0.1377556174993515
25425,0.1711743175983429,0.9316250085830688,0.010142195038497448,0.011003584190620913,0.1377861499786377
25450,0.1711687445640564,0.9316250085830688,0.010112889111042023,0.011028959204539356,0.1378166824579239
25475,0.1711631715297699,0.9316250085830688,0.010094031691551208,0.011034056674244105,0.13784724473953247
25500,0.171157568693161,0.9316250085830688,0.010090361349284649,0.011075140333068742,0.13787783682346344
25525,0.17115198075771332,0.9316250085830688,0.010093352757394314,0.011055159935012123,0.13790841400623322
25550,0.17114640772342682,0.9316250085830688,0.010054855607450008,0.011115591923075839,0.13793903589248657
25575,0.17114078998565674,0.9316250085830688,0.010089213959872723,0.011081444095492192,0.13796965777873993
25600,0.17113517224788666,0.9316250085830688,0.010078974068164825,0.011125379898640831,0.13800033926963806
25625,0.17112955451011658,0.9316250085830688,0.010120375081896782,0.01108471124965536,0.13803106546401978
25650,0.1711239367723465,0.9316250085830688,0.010156889446079731,0.011093068141440919,0.13806183636188507
25675,0.17111830413341522,0.9316250085830688,0.010089436545968056,0.011137161480786601,0.13809257745742798
25700,0.17111267149448395,0.9316250085830688,0.010106651112437248,0.011106539251710757,0.1381233036518097
25725,0.17110703885555267,0.9316250085830688,0.010126683861017227,0.011112115689663115,0.13815398514270782
25750,0.1711013913154602,0.9316250085830688,0.010114217177033424,0.011170747145008346,0.13818472623825073
25775,0.17109574377536774,0.9316250085830688,0.010107496753334999,0.011153325829413972,0.13821548223495483
25800,0.17109008133411407,0.9316250085830688,0.010126683861017227,0.011139965232311895,0.13824626803398132
25825,0.1710844337940216,0.9316666722297668,0.010144166648387909,0.011153735778960727,0.1382770538330078
25850,0.17107877135276794,0.9317083358764648,0.01015234924852848,0.011137544097891649,0.13830788433551788
25875,0.1710730791091919,0.9317499995231628,0.01014210470020771,0.011168061773098942,0.13833880424499512
25900,0.17106740176677704,0.9317499995231628,0.01015263982117176,0.011176577754537745,0.13836976885795593
25925,0.171061709523201,0.9317499995231628,0.010188624262809753,0.011144015787794328,0.13840076327323914
25950,0.17105603218078613,0.9317499995231628,0.01022339891642332,0.011122267243324028,0.13843166828155518
25975,0.1710503250360489,0.9317499995231628,0.0101862708106637,0.01116373330146026,0.1384626030921936
26000,0.17104458808898926,0.9317499995231628,0.010200932621955872,0.011169062949132221,0.13849356770515442
26025,0.1710388958454132,0.9318333268165588,0.010263717733323574,0.011126867113930818,0.13852457702159882
26050,0.17103315889835358,0.9318333268165588,0.010223399847745895,0.011177623225021685,0.13855566084384918
26075,0.17102743685245514,0.9318333268165588,0.010206341743469238,0.01120016979223798,0.13858677446842194
26100,0.1710216999053955,0.9318333268165588,0.010176252573728561,0.011274962293682514,0.13861797749996185
26125,0.17101594805717468,0.9318333268165588,0.010225766338407993,0.011215469907031055,0.13864916563034058
26150,0.17101021111011505,0.9318333268165588,0.010272916406393051,0.011195949485827077,0.1386803686618805
26175,0.17100441455841064,0.9318333268165588,0.010250312276184559,0.01124867178050643,0.13871166110038757
26200,0.17099866271018982,0.9318749904632568,0.010258729569613934,0.011241294170745542,0.13874296844005585
26225,0.1709928810596466,0.9318749904632568,0.010289843194186687,0.011194037382475498,0.13877426087856293
26250,0.1709871143102646,0.9318749904632568,0.010240103118121624,0.011271811554045282,0.1388055980205536
26275,0.17098134756088257,0.9318749904632568,0.010252539068460464,0.011260667013334048,0.13883699476718903
26300,0.17097553610801697,0.9318749904632568,0.010260837152600288,0.011265700195367177,0.13886843621730804
26325,0.17096973955631256,0.9318749904632568,0.010278166271746159,0.011298926379696463,0.13889992237091064
26350,0.17096394300460815,0.9319166541099548,0.010275939479470253,0.01126943961302322,0.13893131911754608
26375,0.17095813155174255,0.9319166541099548,0.010263167321681976,0.011287415694473408,0.13896286487579346
26400,0.17095230519771576,0.9319166541099548,0.010277582332491875,0.011298781822543274,0.13899442553520203
26425,0.17094649374485016,0.9319166541099548,0.01026870496571064,0.01134148154426406,0.13902601599693298
26450,0.17094063758850098,0.9319166541099548,0.010275482200086117,0.01133441023521287,0.13905799388885498
26475,0.170934796333313,0.9319583177566528,0.010281546972692013,0.011357824448771306,0.13909003138542175
26500,0.170928955078125,0.9319583177566528,0.010303471237421036,0.01136442410061999,0.13912193477153778
26525,0.17092309892177582,0.9319166541099548,0.01030750758945942,0.01135016361311484,0.13915380835533142
26550,0.17091721296310425,0.9319166541099548,0.010299420915544033,0.01135071663471565,0.13918566703796387
26575,0.17091132700443268,0.9319166541099548,0.010278100147843361,0.011394385709726321,0.13921764492988586
26600,0.1709054559469223,0.9319166541099548,0.010291222482919693,0.011390249943452434,0.13924966752529144
26625,0.17089956998825073,0.9319166541099548,0.010311327874660492,0.011385635514056087,0.1392817348241806
26650,0.17089366912841797,0.9319166541099548,0.010309302248060703,0.011401461858971645,0.13931381702423096
26675,0.1708877980709076,0.9319166541099548,0.010336344130337238,0.01137993037773435,0.1393459439277649
26700,0.17088186740875244,0.9319166541099548,0.010376054793596268,0.01140377806983989,0.13937819004058838
26725,0.17087598145008087,0.9319166541099548,0.010351398959755898,0.011417908147792451,0.13941051065921783
26750,0.17087003588676453,0.9319166541099548,0.010362403467297554,0.011404357355031597,0.13944284617900848
26775,0.17086412012577057,0.9319166541099548,0.010341566987335682,0.011439899881112752,0.13947494328022003
26800,0.17085817456245422,0.9319166541099548,0.010306783020496368,0.01144819241918878,0.13950707018375397
26825,0.17085225880146027,0.9319166541099548,0.010352103039622307,0.011458160287893883,0.13953913748264313
26850,0.17084629833698273,0.9319166541099548,0.010394606739282608,0.011446217817715747,0.13957123458385468
26875,0.170840322971344,0.9319166541099548,0.010399960912764072,0.011450072470452153,0.1396033763885498
26900,0.17083434760570526,0.9319166541099548,0.010416720993816853,0.011435156113638425,0.13963553309440613
26925,0.17082837224006653,0.9319166541099548,0.01041454542428255,0.011452628524636172,0.13966776430606842
26950,0.1708223819732666,0.9319166541099548,0.010446499101817608,0.011438570475591256,0.13970007002353668
26975,0.17081640660762787,0.9319166541099548,0.0104279899969697,0.011475603379146895,0.1397324800491333
27000,0.17081038653850555,0.9319166541099548,0.010452442802488804,0.011482971939512403,0.13976509869098663
27025,0.17080436646938324,0.9319166541099548,0.010460181161761284,0.011485770688506826,0.13979776203632355
27050,0.17079833149909973,0.9319166541099548,0.010440431535243988,0.011515595419226457,0.13983044028282166
27075,0.17079231142997742,0.9319583177566528,0.010460315272212029,0.011558385459068692,0.13986310362815857
27100,0.17078624665737152,0.9319583177566528,0.010524065233767033,0.011481842246353496,0.1398957371711731
27125,0.17078019678592682,0.9319583177566528,0.010513233952224255,0.011513583448884243,0.1399284452199936
27150,0.17077414691448212,0.9319583177566528,0.010535834357142448,0.011525677734522493,0.13996121287345886
27175,0.17076806724071503,0.9319583177566528,0.010457038879394531,0.011576562090430738,0.13999420404434204
27200,0.17076200246810913,0.9319583177566528,0.010566435754299164,0.011531935905537413,0.14002729952335358
27225,0.17075592279434204,0.9319583177566528,0.010498572140932083,0.011594470743114543,0.1400603950023651
27250,0.17074982821941376,0.9319583177566528,0.010484818369150162,0.011586879429543792,0.14009347558021545
27275,0.17074373364448547,0.9319583177566528,0.010507810860872269,0.01159396596524133,0.14012663066387177
27300,0.17073766887187958,0.9319583177566528,0.01048829685896635,0.011593336269085002,0.14015989005565643
27325,0.1707315593957901,0.9319999814033508,0.01046464592218399,0.011611057660073991,0.14019320905208588
27350,0.17072546482086182,0.9319999814033508,0.01052453089505434,0.011582668745655368,0.1402265578508377
27375,0.17071935534477234,0.9319999814033508,0.010495418682694435,0.01159069868356466,0.1402599811553955
27400,0.17071326076984406,0.9319999814033508,0.010501167736947536,0.011607094900157303,0.14029353857040405
27425,0.17070715129375458,0.9319999814033508,0.010523795150220394,0.011591813290233783,0.14032714068889618
27450,0.1707010269165039,0.9319999814033508,0.010460639372467995,0.011671888139974877,0.1403607875108719
27475,0.17069490253925323,0.9319999814033508,0.010543926618993282,0.011598930673594313,0.14039453864097595
27500,0.17068876326084137,0.9319999814033508,0.010485665872693062,0.011665293253988688,0.1404283344745636
27525,0.1706826388835907,0.9319999814033508,0.0105031318962574,0.011663054036177376,0.14046217501163483
27550,0.17067648470401764,0.9319999814033508,0.010528068989515305,0.01165369128235638,0.14049607515335083
27575,0.17067033052444458,0.9319999814033508,0.010514887049794197,0.011666281408392766,0.14053000509738922
27600,0.17066416144371033,0.9319999814033508,0.010545057244598866,0.011668311873144736,0.1405639946460724
27625,0.17065799236297607,0.9319999814033508,0.01054259855300188,0.01166624665313893,0.14059804379940033
27650,0.17065180838108063,0.9319999814033508,0.010520288720726967,0.011718047137305159,0.14063219726085663
27675,0.17064562439918518,0.9319999814033508,0.010563436895608902,0.011681736348382949,0.14066627621650696
27700,0.17063944041728973,0.9319999814033508,0.010526732541620731,0.011749281110381357,0.14070048928260803
27725,0.1706332415342331,0.9319999814033508,0.010617397725582123,0.01169670433970566,0.1407347172498703
27750,0.17062701284885406,0.9319999814033508,0.010595167055726051,0.011736445311232689,0.14076903462409973
27775,0.17062078416347504,0.9319999814033508,0.010587564669549465,0.011723777479591111,0.1408032923936844
27800,0.170614555478096,0.9319999814033508,0.01061724778264761,0.011709925501555132,0.1408376395702362
27825,0.1706083118915558,0.9319999814033508,0.010540258139371872,0.011814374200142612,0.1408720314502716
27850,0.17060205340385437,0.9319999814033508,0.010626387782394886,0.0117764848570824,0.140906423330307
27875,0.17059578001499176,0.9319999814033508,0.01060955785214901,0.011796739036317373,0.14094087481498718
27900,0.17058952152729034,0.9319999814033508,0.010661130771040916,0.011786881714827257,0.14097526669502258
27925,0.17058320343494415,0.9319999814033508,0.010654861107468605,0.011796713367274803,0.1410096138715744
27950,0.17057691514492035,0.9319999814033508,0.010655133984982967,0.011791644358699364,0.1410440057516098
27975,0.17057061195373535,0.9319999814033508,0.010661829262971878,0.011802911983878681,0.14107847213745117
28000,0.17056427896022797,0.9319999814033508,0.010734014213085175,0.011793595500313189,0.14111295342445374
28025,0.1705579310655594,0.9320416450500488,0.010694055818021297,0.011834242591848572,0.14114758372306824
28050,0.17055156826972961,0.9320416450500488,0.010742917656898499,0.011791110212067928,0.14118221402168274
28075,0.17054525017738342,0.9320416450500488,0.010707150213420391,0.011825188745459991,0.1412169337272644
28100,0.17053888738155365,0.9320416450500488,0.01069979090243578,0.011856412127454235,0.14125171303749084
28125,0.17053250968456268,0.9320416450500488,0.010722058825194836,0.011840477417362777,0.1412864774465561
28150,0.1705261468887329,0.9320416450500488,0.010710799135267735,0.0118855198175558,0.14132127165794373
28175,0.17051976919174194,0.9320416450500488,0.01069648377597332,0.011886251568867058,0.14135612547397614
28200,0.17051339149475098,0.9320833086967468,0.010792594403028488,0.011820249483939534,0.14139105379581451
28225,0.17050699889659882,0.9320833086967468,0.010706169530749321,0.011901765661714078,0.1414261907339096
28250,0.17050060629844666,0.9320833086967468,0.010804715566337109,0.011849956904664947,0.14146140217781067
28275,0.1704942137002945,0.9320833086967468,0.010763732716441154,0.011898768017803932,0.1414966732263565
28300,0.17048779129981995,0.9320833086967468,0.010715457610785961,0.011953545989713701,0.14153192937374115
28325,0.1704813688993454,0.9320833086967468,0.010804809629917145,0.011887356009953203,0.14156724512577057
28350,0.17047494649887085,0.9320833086967468,0.010797263123095036,0.011906707284244476,0.14160263538360596
28375,0.1704685091972351,0.9320833086967468,0.010745279490947723,0.011962042716246055,0.14163807034492493
28400,0.17046207189559937,0.9320833086967468,0.01081029698252678,0.011912423089571586,0.14167355000972748
28425,0.17045560479164124,0.9320416450500488,0.010862428694963455,0.011898693346717736,0.1417090892791748
28450,0.1704491376876831,0.9320416450500488,0.01081695593893528,0.01193830826363794,0.1417446881532669
28475,0.1704426407814026,0.9320416450500488,0.010827134363353252,0.011963225920631355,0.14178036153316498
28500,0.17043617367744446,0.9320416450500488,0.01082192175090313,0.011999529045880798,0.14181604981422424
28525,0.17042966187000275,0.9320416450500488,0.01081449817866087,0.01202467805670661,0.1418517827987671
28550,0.17042317986488342,0.9320833086967468,0.010821058414876461,0.012034672103820367,0.14188753068447113
28575,0.17041663825511932,0.9320833086967468,0.010797116905450821,0.012065113436974143,0.14192332327365875
28600,0.17041011154651642,0.9320833086967468,0.010859429836273193,0.012009074805216345,0.14195910096168518
28625,0.17040356993675232,0.9320833086967468,0.010899081826210022,0.012011436401909749,0.14199478924274445
28650,0.17039702832698822,0.9320833086967468,0.010856911540031433,0.012092508015638362,0.1420304924249649
28675,0.17039044201374054,0.9320833086967468,0.010876918211579323,0.012083344643037475,0.14206616580486298
28700,0.17038385570049286,0.9320833086967468,0.010893725790083408,0.012075522286888362,0.14210183918476105
28725,0.1703772395849228,0.9320833086967468,0.010896989144384861,0.012132793462427531,0.1421375274658203
28750,0.17037062346935272,0.9320833086967468,0.010895950719714165,0.012114351332387993,0.14217326045036316
28775,0.17036400735378265,0.9320833086967468,0.010905149392783642,0.012133853117136446,0.1422089785337448
28800,0.1703573763370514,0.9320833086967468,0.010907997377216816,0.012146221264220361,0.1422448456287384
28825,0.17035073041915894,0.9320833086967468,0.01089474093168974,0.012176683252479633,0.14228062331676483
28850,0.17034406960010529,0.9320833086967468,0.010889947414398193,0.01217111634971537,0.14231646060943604
28875,0.17033743858337402,0.9320833086967468,0.010896889492869377,0.012167566513329266,0.14235235750675201
28900,0.17033076286315918,0.9320833086967468,0.010909819044172764,0.012155940263555027,0.14238828420639038
28925,0.17032411694526672,0.9320833086967468,0.010946875438094139,0.01216050906977329,0.1424240916967392
28950,0.17031744122505188,0.9320833086967468,0.010940345004200935,0.012167839806139658,0.14246003329753876
28975,0.17031076550483704,0.9320833086967468,0.010929831303656101,0.01216053397089363,0.1424959897994995
29000,0.1703040897846222,0.9320833086967468,0.01090874895453453,0.012196409553671034,0.14253197610378265
29025,0.17029741406440735,0.9320833086967468,0.010885040275752544,0.012242563570302883,0.14256802201271057
29050,0.1702907234430313,0.9320833086967468,0.01092712115496397,0.012220860956449016,0.14260412752628326
29075,0.17028401792049408,0.9320833086967468,0.010931974276900291,0.012230164901539668,0.14264030754566193
29100,0.17027729749679565,0.9320833086967468,0.0109461210668087,0.012219840725417609,0.14267660677433014
29125,0.17027059197425842,0.9320833086967468,0.010926595889031887,0.012247196030926775,0.14271298050880432
29150,0.1702638566493988,0.9320833086967468,0.010966419242322445,0.012232980571965224,0.14274942874908447
29175,0.17025712132453918,0.9320833086967468,0.01097910013049841,0.012227714960255919,0.14278584718704224
29200,0.17025037109851837,0.9320833086967468,0.010969046503305435,0.012269954566570419,0.14282235503196716
29225,0.17024360597133636,0.9320833086967468,0.010992730036377907,0.012256188627881352,0.14285892248153687
29250,0.17023684084415436,0.9320833086967468,0.011046375147998333,0.012286084427008057,0.14289554953575134
29275,0.17023003101348877,0.9320833086967468,0.011011095717549324,0.012329297953508966,0.14293228089809418
29300,0.170223206281662,0.9321249723434448,0.01097326260060072,0.012367594054427132,0.14296913146972656
29325,0.1702163815498352,0.9321249723434448,0.011030535213649273,0.012332584237788498,0.1430060714483261
29350,0.17020955681800842,0.9321249723434448,0.011032425798475742,0.012325933359848202,0.14304298162460327
29375,0.17020273208618164,0.9321249723434448,0.011018922552466393,0.012325164359091319,0.14307992160320282
29400,0.17019590735435486,0.9321249723434448,0.011004745960235596,0.012347450093113926,0.1431170105934143
29425,0.17018906772136688,0.9321249723434448,0.010992706753313541,0.01237701398882237,0.1431540995836258
29450,0.1701822429895401,0.9321249723434448,0.011003986932337284,0.012372665884682868,0.14319132268428802
29475,0.17017541825771332,0.9321249723434448,0.011070813052356243,0.012309250298540523,0.1432286500930786
29500,0.17016857862472534,0.9321249723434448,0.01101619005203247,0.012381590544165771,0.14326605200767517
29525,0.17016172409057617,0.9321249723434448,0.011057207360863686,0.012353966131934811,0.14330358803272247
29550,0.17015483975410461,0.9321249723434448,0.011049207299947739,0.012375345927910869,0.14334121346473694
29575,0.17014797031879425,0.9321249723434448,0.01115768775343895,0.012312803383105602,0.1433788537979126
29600,0.1701410710811615,0.9321249723434448,0.01116776280105114,0.012324662274893216,0.14341653883457184
29625,0.17013415694236755,0.9321249723434448,0.011093438602983952,0.01239972963788398,0.14345429837703705
29650,0.1701272428035736,0.9321249723434448,0.011141655966639519,0.012393676578998633,0.14349208772182465
29675,0.17012031376361847,0.9321249723434448,0.01112367119640112,0.012411324011080322,0.14352986216545105
29700,0.17011336982250214,0.9321249723434448,0.011122135445475578,0.01242804382836145,0.14356768131256104
29725,0.170106440782547,0.9321249723434448,0.01112278364598751,0.012431101144107963,0.143605574965477
29750,0.17009948194026947,0.9321249723434448,0.011163655668497086,0.012410953717285934,0.14364339411258698
29775,0.17009252309799194,0.9321249723434448,0.011139883659780025,0.012447568411766788,0.14368125796318054
29800,0.17008554935455322,0.9321249723434448,0.011131107807159424,0.012469516940998064,0.14371924102306366
29825,0.1700785756111145,0.9321249723434448,0.011216236278414726,0.012413090613077975,0.14375723898410797
29850,0.1700715869665146,0.9321249723434448,0.011166553013026714,0.012459452958222034,0.14379531145095825
29875,0.17006459832191467,0.9321249723434448,0.011137934401631355,0.012497454450426031,0.14383342862129211
29900,0.17005759477615356,0.9321249723434448,0.011196807958185673,0.012507527136903777,0.14387160539627075
29925,0.17005056142807007,0.9321249723434448,0.011217343620955944,0.012499820450719554,0.14390993118286133
29950,0.17004351317882538,0.9321249723434448,0.011188129894435406,0.012552376183647952,0.14394830167293549
29975,0.1700364500284195,0.9321249723434448,0.011194833554327488,0.012549303315401357,0.14398673176765442
30000,0.17002937197685242,0.9321249723434448,0.011240157298743725,0.012536333662603394,0.1440252810716629
30025,0.17002230882644653,0.9321249723434448,0.011260652914643288,0.01252009486547827,0.14406362175941467
30050,0.17001523077487946,0.9321249723434448,0.011255761608481407,0.012541250832055931,0.144102081656456
30075,0.17000813782215118,0.9321249723434448,0.011198959313333035,0.012609509155069431,0.14414046704769135
30100,0.17000102996826172,0.9321249723434448,0.01122001837939024,0.012621774752947679,0.1441788673400879
30125,0.16999393701553345,0.9321249723434448,0.01120627298951149,0.012619404766160918,0.1442173421382904
30150,0.16998682916164398,0.9321249723434448,0.01125140581279993,0.012602194152049155,0.1442558616399765
30175,0.16997970640659332,0.9321249723434448,0.011238732375204563,0.01262564861725911,0.14429444074630737
30200,0.16997256875038147,0.9321249723434448,0.011340184137225151,0.012554683515941467,0.14433304965496063
30225,0.16996543109416962,0.9321249723434448,0.011372280307114124,0.012578501559577664,0.14437180757522583
30250,0.16995826363563538,0.9321249723434448,0.011278927326202393,0.012660871175456815,0.14441075921058655
30275,0.16995111107826233,0.9321666359901428,0.011288399808108807,0.012675541438329016,0.144449844956398
30300,0.1699439287185669,0.9321666359901428,0.011294808238744736,0.012684483214385736,0.144489124417305
30325,0.16993671655654907,0.9321666359901428,0.01129898801445961,0.012701165664303599,0.14452850818634033
30350,0.16992951929569244,0.9321666359901428,0.01130299735814333,0.012721870287510186,0.14456789195537567
30375,0.16992230713367462,0.9321666359901428,0.011307635344564915,0.012716556657198327,0.14460736513137817
30400,0.1699150800704956,0.9321666359901428,0.011336284689605236,0.012708669125478418,0.14464682340621948
30425,0.1699078381061554,0.9321666359901428,0.011360653676092625,0.012690973786199372,0.14468629658222198
30450,0.16990061104297638,0.9321666359901428,0.011346711777150631,0.012714281618300856,0.14472585916519165
30475,0.16989336907863617,0.9321666359901428,0.011361542157828808,0.012722515791129348,0.14476539194583893
30500,0.16988611221313477,0.9321249723434448,0.011439874768257141,0.012677454581642442,0.14480502903461456
30525,0.16987884044647217,0.9321249723434448,0.011354463174939156,0.01274927029415655,0.144844651222229
30550,0.16987155377864838,0.9321249723434448,0.011435624212026596,0.012702783484758989,0.1448843777179718
30575,0.16986428201198578,0.9321249723434448,0.011414053849875927,0.012755066466814704,0.14492417871952057
30600,0.1698569655418396,0.9321249723434448,0.011395917274057865,0.012792390542621204,0.14496397972106934
30625,0.16984964907169342,0.9321249723434448,0.011419088579714298,0.012780385269906122,0.14500382542610168
30650,0.16984231770038605,0.9321249723434448,0.011462496593594551,0.01276951424088263,0.14504371583461761
30675,0.16983500123023987,0.9321249723434448,0.011432642117142677,0.012802280014146999,0.14508360624313354
30700,0.1698276400566101,0.9321249723434448,0.011414372362196445,0.012825375919130553,0.14512349665164948
30725,0.16982029378414154,0.9321249723434448,0.011394806206226349,0.012860135014290033,0.14516358077526093
30750,0.16981291770935059,0.9321249723434448,0.01143313106149435,0.012860561178293864,0.1452036052942276
30775,0.16980552673339844,0.9321249723434448,0.011465385556221008,0.012853199989840183,0.14524365961551666
30800,0.1697981208562851,0.9321249723434448,0.011575330048799515,0.012800066794421984,0.1452837586402893
30825,0.16979070007801056,0.9321249723434448,0.011453398503363132,0.012893195016359705,0.14532390236854553
30850,0.16978327929973602,0.9321249723434448,0.011501525528728962,0.012859611277373308,0.14536407589912415
30875,0.1697758436203003,0.9321249723434448,0.011473038233816624,0.012908325994456783,0.14540430903434753
30900,0.16976839303970337,0.9321249723434448,0.01150483824312687,0.012917762992832815,0.1454446017742157
30925,0.16976092755794525,0.9321249723434448,0.01155545748770237,0.012880818490201635,0.14548492431640625
30950,0.16975346207618713,0.9321249723434448,0.011633994989097118,0.012862115621097549,0.14552533626556396
30975,0.16974596679210663,0.9321666359901428,0.011556990444660187,0.012928496791759947,0.14556583762168884
31000,0.16973844170570374,0.9321666359901428,0.011567811481654644,0.012928699752058662,0.1456063687801361
31025,0.16973094642162323,0.9321666359901428,0.011571983806788921,0.012957499828413252,0.14564700424671173
31050,0.16972339153289795,0.9321666359901428,0.011597712524235249,0.012953995140092526,0.1456877589225769
31075,0.16971586644649506,0.9321666359901428,0.011693685315549374,0.012916154520140524,0.14572861790657043
31100,0.16970829665660858,0.9321666359901428,0.011599371209740639,0.012989891013756397,0.14576959609985352
31125,0.1697007268667221,0.9321666359901428,0.011634213849902153,0.012982766199007496,0.14581064879894257
31150,0.16969312727451324,0.9321666359901428,0.01160113699734211,0.013039161576011765,0.145851731300354
31175,0.16968554258346558,0.9321666359901428,0.011633340269327164,0.013019318093805875,0.14589284360408783
31200,0.1696779429912567,0.9322082996368408,0.01158658042550087,0.013083587759115443,0.14593400061130524
31225,0.16967031359672546,0.9322082996368408,0.011622290126979351,0.013075630551359482,0.14597517251968384
31250,0.1696626842021942,0.9322082996368408,0.011690966784954071,0.013016337990428778,0.14601632952690125
31275,0.16965505480766296,0.9322082996368408,0.011613814160227776,0.013096363472073437,0.14605745673179626
31300,0.16964739561080933,0.9322082996368408,0.011695870198309422,0.013060797372604491,0.14609861373901367
31325,0.1696397215127945,0.9322082996368408,0.011659329757094383,0.013121640071865644,0.14613975584506989
31350,0.16963203251361847,0.9322082996368408,0.01167844608426094,0.01312687542580466,0.1461808830499649
31375,0.16962434351444244,0.9322082996368408,0.011701509356498718,0.013105465497242997,0.1462220847606659
31400,0.16961663961410522,0.9322082996368408,0.011756961233913898,0.01306251851364263,0.14626345038414001
31425,0.1696089208126068,0.9322082996368408,0.011751520447432995,0.013082156356632513,0.1463048905134201
31450,0.1696011871099472,0.9322082996368408,0.01174118835479021,0.013106486993167174,0.14634636044502258
31475,0.16959348320960999,0.9322499632835388,0.011732098646461964,0.01311298314337363,0.14638791978359222
31500,0.16958574950695038,0.9322499632835388,0.011684609577059746,0.013170093208493756,0.1464296281337738
31525,0.16957803070545197,0.9322499632835388,0.011674156412482262,0.013206849003632816,0.14647139608860016
31550,0.16957026720046997,0.9322499632835388,0.011697358451783657,0.01319075572754076,0.1465132236480713
31575,0.16956251859664917,0.9322499632835388,0.011784711852669716,0.013115206299807058,0.1465551257133484
31600,0.16955474019050598,0.9322499632835388,0.011820993386209011,0.01311606142445054,0.14659705758094788
31625,0.169546976685524,0.9322499632835388,0.011849558912217617,0.013103186510457833,0.14663904905319214
31650,0.1695391982793808,0.9322916269302368,0.011733626946806908,0.013213404027277192,0.14668120443820953
31675,0.16953140497207642,0.9323333501815796,0.01173429749906063,0.0132139483697591,0.1467234194278717
31700,0.16952358186244965,0.9323333501815796,0.011786822229623795,0.01319934035529795,0.14676572382450104
31725,0.16951575875282288,0.9323333501815796,0.011781067587435246,0.013218718029966603,0.14680810272693634
31750,0.1695079356431961,0.9323333501815796,0.011860353872179985,0.013210376579211446,0.14685045182704926
31775,0.16950008273124695,0.9323333501815796,0.011821353808045387,0.01320653340605232,0.14689286053180695
31800,0.1694922298192978,0.9323333501815796,0.011812375858426094,0.013225953556890168,0.14693531394004822
31825,0.16948437690734863,0.9323333501815796,0.011809604242444038,0.013249003117478802,0.14697779715061188
31850,0.1694764941930771,0.9323333501815796,0.011907445266842842,0.013190979826428643,0.1470203399658203
31875,0.16946862637996674,0.9323333501815796,0.011881045065820217,0.013236980236175453,0.14706289768218994
31900,0.169460728764534,0.9323333501815796,0.01187097281217575,0.013254374761052637,0.14710550010204315
31925,0.16945281624794006,0.9323333501815796,0.011825744062662125,0.013341561206081523,0.1471482366323471
31950,0.16944485902786255,0.9323333501815796,0.011894638650119305,0.013333499829311268,0.1471911072731018
31975,0.16943691670894623,0.9323333501815796,0.011843116022646427,0.013331729508248666,0.1472339779138565
32000,0.1694289594888687,0.9323333501815796,0.011842125095427036,0.013339551370574841,0.1472768485546112
32025,0.1694210320711136,0.9323333501815796,0.011899077333509922,0.013326722439239502,0.14731968939304352
32050,0.16941305994987488,0.9323333501815796,0.01184878870844841,0.013333562460567659,0.14736264944076538
32075,0.16940513253211975,0.9323333501815796,0.011830540373921394,0.013365957802895604,0.14740556478500366
32100,0.16939716041088104,0.9323333501815796,0.01188505906611681,0.013349402737177359,0.14744850993156433
32125,0.16938918828964233,0.9323333501815796,0.01189174223691225,0.013365126141555645,0.14749151468276978
32150,0.16938120126724243,0.9323333501815796,0.011917196214199066,0.013374785302853532,0.14753463864326477
32175,0.16937319934368134,0.9323333501815796,0.01187166478484869,0.01341837209844983,0.14757779240608215
32200,0.16936516761779785,0.9323333501815796,0.011944804340600967,0.013389700243533005,0.14762109518051147
32225,0.16935715079307556,0.9323333501815796,0.011909441091120243,0.01341645892709821,0.14766444265842438
32250,0.16934910416603088,0.9323333501815796,0.011938925832509995,0.01342592684983413,0.14770784974098206
32275,0.1693410575389862,0.9323333501815796,0.011952078901231289,0.01343660709105787,0.14775128662586212
32300,0.16933299601078033,0.9323333501815796,0.01186638418585062,0.013490959981198732,0.14779473841190338
32325,0.16932493448257446,0.9323333501815796,0.01191965863108635,0.013459010462710853,0.14783822000026703
32350,0.1693168580532074,0.9323333501815796,0.011896941810846329,0.013489965461138015,0.14788179099559784
32375,0.16930878162384033,0.9323333501815796,0.01194838061928749,0.0134873473822296,0.14792542159557343
32400,0.16930067539215088,0.9323333501815796,0.011973081156611443,0.013470758341564871,0.14796914160251617
32425,0.16929255425930023,0.9323333501815796,0.011971037834882736,0.013505748023551667,0.14801296591758728
32450,0.1692844182252884,0.9323333501815796,0.011956805363297462,0.013528225259898594,0.14805689454078674
32475,0.16927626729011536,0.9323333501815796,0.011959118768572807,0.013544219198344804,0.14810089766979218
32500,0.16926811635494232,0.9323333501815796,0.012004218064248562,0.013545815273546237,0.14814500510692596
32525,0.1692599505186081,0.9323333501815796,0.012034837156534195,0.013540632472879453,0.14818915724754333
32550,0.16925175487995148,0.9323333501815796,0.012047862634062767,0.013556540514295806,0.1482333242893219
32575,0.16924355924129486,0.9323333501815796,0.01209371816366911,0.013522218895921895,0.14827747642993927
32600,0.16923530399799347,0.9323333501815796,0.012097025290131569,0.013562444485354822,0.14832162857055664
32625,0.16922707855701447,0.9323333501815796,0.012107809074223042,0.013580857948082952,0.1483658403158188
32650,0.16921882331371307,0.9323333501815796,0.012167559005320072,0.0135478986629412,0.1484101563692093
32675,0.1692105531692505,0.9323333501815796,0.01210665050894022,0.013617690565135695,0.14845451712608337
32700,0.1692022681236267,0.9323333501815796,0.012204284779727459,0.013564403667514238,0.14849893748760223
32725,0.16919398307800293,0.9323333501815796,0.012117697857320309,0.01362655442303744,0.14854349195957184
32750,0.16918568313121796,0.9323333501815796,0.012155408971011639,0.013599009663274859,0.14858809113502502
32775,0.16917738318443298,0.9323333501815796,0.012167172506451607,0.013629094063948714,0.14863286912441254
32800,0.16916903853416443,0.9323333501815796,0.012188263237476349,0.01363092227264787,0.14867772161960602
32825,0.16916069388389587,0.9323333501815796,0.012226395308971405,0.01361498077137576,0.14872264862060547
32850,0.16915234923362732,0.9323750138282776,0.012177761644124985,0.01369826175454638,0.1487676203250885
32875,0.16914397478103638,0.9323750138282776,0.012218903750181198,0.01369285582344281,0.14881260693073273
32900,0.16913555562496185,0.9323750138282776,0.012243358418345451,0.013682060120054403,0.14885763823986053
32925,0.16912715137004852,0.9323750138282776,0.012278989888727665,0.013676904417196292,0.1489027589559555
32950,0.1691187173128128,0.9323750138282776,0.012268292717635632,0.013700930133928394,0.14894798398017883
32975,0.1691102832555771,0.9323750138282776,0.012310465797781944,0.013690476071683172,0.14899325370788574
33000,0.16910183429718018,0.9323750138282776,0.01231823954731226,0.01373645440375935,0.14903856813907623
33025,0.16909335553646088,0.9323750138282776,0.012330777011811733,0.01372666027382953,0.14908386766910553
33050,0.16908486187458038,0.9323750138282776,0.012338405475020409,0.013725032657779813,0.14912930130958557
33075,0.16907638311386108,0.9323750138282776,0.012301339767873287,0.013775295818797639,0.1491747945547104
33100,0.169067844748497,0.9323750138282776,0.012319992296397686,0.013816146148857667,0.14922036230564117
33125,0.16905930638313293,0.9323750138282776,0.012308482080698013,0.013842112942719866,0.14926598966121674
33150,0.16905073821544647,0.9323750138282776,0.0123456921428442,0.013827809133827845,0.14931154251098633
33175,0.16904217004776,0.9323750138282776,0.012338236905634403,0.013832061506379351,0.1493571549654007
33200,0.16903360188007355,0.9323750138282776,0.012349504977464676,0.013821122405332772,0.1494027078151703
33225,0.1690250188112259,0.9323750138282776,0.012322288006544113,0.013844998384966094,0.14944830536842346
33250,0.16901645064353943,0.9323750138282776,0.012348821386694908,0.013861877567299695,0.14949394762516022
33275,0.16900785267353058,0.9323750138282776,0.01238673273473978,0.013858811486229158,0.14953963458538055
33300,0.16899923980236053,0.9323750138282776,0.012365501374006271,0.013862171423775493,0.1495853066444397
33325,0.1689906120300293,0.9324166774749756,0.01239539124071598,0.013850456555127599,0.149631068110466
33350,0.16898199915885925,0.9324166774749756,0.012393428012728691,0.01387364665071772,0.14967688918113708
33375,0.16897334158420563,0.9323750138282776,0.01239993516355753,0.0139043665825392,0.14972278475761414
33400,0.168964684009552,0.9323750138282776,0.01236982923001051,0.013924821583056609,0.14976876974105835
33425,0.16895601153373718,0.9323750138282776,0.012381509877741337,0.013930015175828894,0.14981481432914734
33450,0.16894733905792236,0.9323750138282776,0.012418798170983791,0.013946912447571482,0.1498609185218811
33475,0.16893862187862396,0.9324166774749756,0.012415188364684582,0.013969543308704768,0.14990712702274323
33500,0.16892990469932556,0.9324166774749756,0.012438731268048286,0.013946057328568495,0.1499534696340561
33525,0.16892118752002716,0.9324166774749756,0.012449761852622032,0.013966125995631096,0.14999984204769135
33550,0.16891244053840637,0.9324166774749756,0.012438603676855564,0.013992123896893484,0.15004627406597137
33575,0.1689036786556244,0.9324166774749756,0.01247661653906107,0.013983301716659747,0.15009266138076782
33600,0.1688949167728424,0.9324166774749756,0.01246445532888174,0.01402357301854823,0.15013912320137024
33625,0.16888611018657684,0.9324166774749756,0.012472356669604778,0.014038814345242985,0.1501857340335846
33650,0.16887730360031128,0.9324583411216736,0.012436778284609318,0.01408087505773799,0.15023241937160492
33675,0.16886848211288452,0.9325000047683716,0.012455427087843418,0.014073952380241103,0.1502791941165924
33700,0.16885967552661896,0.9325416684150696,0.012418722733855247,0.01410694098057109,0.15032608807086945
33725,0.1688508242368698,0.9325416684150696,0.012449814938008785,0.014099403116879353,0.15037310123443604
33750,0.16884200274944305,0.9325833320617676,0.01247177179902792,0.014094387823060089,0.15042012929916382
33775,0.1688331514596939,0.9326249957084656,0.012469658628106117,0.014114526122126572,0.1504671722650528
33800,0.16882428526878357,0.9326249957084656,0.012436909601092339,0.014145180282654287,0.15051424503326416
33825,0.16881543397903442,0.9325833320617676,0.012493479065597057,0.014123257798263043,0.1505614072084427
33850,0.1688065528869629,0.9325833320617676,0.012495400384068489,0.014138078317915869,0.150608628988266
33875,0.16879765689373016,0.9325833320617676,0.012502355501055717,0.014146905778811154,0.15065592527389526
33900,0.16878873109817505,0.9325833320617676,0.01252228207886219,0.014148584576822994,0.1507032960653305
33925,0.16877982020378113,0.9325833320617676,0.01250382699072361,0.014172809898688686,0.1507507711648941
33950,0.16877087950706482,0.9325833320617676,0.012551701627671719,0.01415879855070683,0.1507982462644577
33975,0.1687619388103485,0.9325833320617676,0.012493079528212547,0.014240885958333787,0.15084564685821533
34000,0.168752983212471,0.9325833320617676,0.012528824619948864,0.014219786189209056,0.1508929431438446
34025,0.1687440276145935,0.9325833320617676,0.012546404264867306,0.014219127523259094,0.15094029903411865
34050,0.16873502731323242,0.9325833320617676,0.012565103359520435,0.014232463404101657,0.15098775923252106
34075,0.16872602701187134,0.9325833320617676,0.012558109126985073,0.014265975675268872,0.15103523433208466
34100,0.16871701180934906,0.9325833320617676,0.012552986852824688,0.014267398371039675,0.15108273923397064
34125,0.1687079668045044,0.9325833320617676,0.012563839554786682,0.014294104357750038,0.15113025903701782
34150,0.16869892179965973,0.9325833320617676,0.012568753212690353,0.014308970138810412,0.15117771923542023
34175,0.16868986189365387,0.9325833320617676,0.012636058032512665,0.014278653647306759,0.15122531354427338
34200,0.16868077218532562,0.9326249957084656,0.012591705657541752,0.014327569886177588,0.15127304196357727
34225,0.16867168247699738,0.9326249957084656,0.012633409351110458,0.014308802044984859,0.1513209193944931
34250,0.16866259276866913,0.9326249957084656,0.012645517475903034,0.014326133392096253,0.15136896073818207
34275,0.1686534434556961,0.9326249957084656,0.012653935700654984,0.014353791443818976,0.15141712129116058
34300,0.16864429414272308,0.9326249957084656,0.012656765058636665,0.014369959337977632,0.15146537125110626
34325,0.16863514482975006,0.9326249957084656,0.012709992937743664,0.01434633295303515,0.15151366591453552
34350,0.16862596571445465,0.9326249957084656,0.012639054097235203,0.014418101377857841,0.1515619456768036
34375,0.16861677169799805,0.9326249957084656,0.012645125389099121,0.014428254106216861,0.15161029994487762
34400,0.16860760748386383,0.9326249957084656,0.01266427244991064,0.014422759981645139,0.15165892243385315
34425,0.16859841346740723,0.9326249957084656,0.012686291709542274,0.01442065820535206,0.15170758962631226
34450,0.16858920454978943,0.9326249957084656,0.012696185149252415,0.014420039814681472,0.15175636112689972
34475,0.16857995092868805,0.9326666593551636,0.01272676419466734,0.014423652059587528,0.15180514752864838
34500,0.16857071220874786,0.9326666593551636,0.012743883766233921,0.014441053593469637,0.151854008436203
34525,0.16856145858764648,0.9326666593551636,0.012740260921418667,0.01444083249067058,0.15190288424491882
34550,0.1685521900653839,0.9326666593551636,0.01278352364897728,0.014436189823946637,0.15195178985595703
34575,0.16854290664196014,0.9326666593551636,0.012774175964295864,0.014461956586324097,0.15200075507164001
34600,0.168533593416214,0.9326666593551636,0.012802047654986382,0.014489757780635036,0.15204982459545135
34625,0.16852426528930664,0.9326666593551636,0.012774881906807423,0.014529269666977668,0.15209898352622986
34650,0.1685149073600769,0.9326666593551636,0.01280936598777771,0.014515093026805944,0.15214823186397552
34675,0.16850554943084717,0.9326666593551636,0.012826325371861458,0.014559661653718997,0.15219762921333313
34700,0.16849614679813385,0.9326666593551636,0.012798409909009933,0.01456365949181883,0.1522471308708191
34725,0.16848675906658173,0.9326666593551636,0.012858533300459385,0.014561957626484384,0.1522967368364334
34750,0.1684773564338684,0.9326666593551636,0.012793018482625484,0.014611812786948876,0.1523464024066925
34775,0.1684679239988327,0.9326666593551636,0.012844466604292393,0.01457744882494911,0.1523960530757904
34800,0.1684585064649582,0.9326666593551636,0.012897505424916744,0.014572931598149487,0.15244577825069427
34825,0.1684490591287613,0.9326666593551636,0.012918197549879551,0.014561736786968092,0.15249553322792053
34850,0.1684395968914032,0.9327083230018616,0.01290759164839983,0.014587171636910269,0.15254531800746918
34875,0.1684301197528839,0.9327499866485596,0.012920749373733997,0.01461054761988474,0.1525951623916626
34900,0.16842062771320343,0.9327499866485596,0.012903360649943352,0.014624560709453198,0.1526450663805008
34925,0.16841113567352295,0.9327083230018616,0.012857121415436268,0.014706450685994545,0.15269502997398376
34950,0.1684015840291977,0.9327083230018616,0.012865160591900349,0.014710523529536772,0.15274493396282196
34975,0.16839204728603363,0.9327083230018616,0.012921652756631374,0.014690163388742836,0.1527949422597885
35000,0.16838248074054718,0.9327083230018616,0.012989237904548645,0.014674216546269691,0.15284501016139984
35025,0.16837288439273834,0.9327083230018616,0.012910676188766956,0.01475702850732764,0.15289519727230072
35050,0.1683632731437683,0.9327083230018616,0.012944099493324757,0.01475840999776928,0.15294545888900757
35075,0.16835366189479828,0.9327499866485596,0.012947160750627518,0.014767163610066726,0.15299583971500397
35100,0.16834400594234467,0.9327916502952576,0.012974119745194912,0.014764756522999377,0.15304625034332275
35125,0.16833436489105225,0.9328333139419556,0.013022043742239475,0.014757694202024116,0.1530967801809311
35150,0.16832469403743744,0.9328333139419556,0.013025999069213867,0.014775576012141302,0.15314741432666779
35175,0.16831499338150024,0.9328333139419556,0.012977887876331806,0.01483407612214632,0.1531980335712433
35200,0.16830529272556305,0.9328333139419556,0.01302994042634964,0.014798837234991221,0.15324869751930237
35225,0.16829557716846466,0.9328333139419556,0.013048473745584488,0.014812449570521616,0.15329942107200623
35250,0.16828583180904388,0.9328333139419556,0.013072164729237556,0.014835254899984296,0.15335048735141754
35275,0.1682760864496231,0.9328333139419556,0.013054250739514828,0.01486100309131642,0.15340159833431244
35300,0.16826629638671875,0.9328333139419556,0.013098588213324547,0.014848161456823014,0.15345275402069092
35325,0.1682564914226532,0.9328333139419556,0.013073775917291641,0.0148975743712754,0.15350399911403656
35350,0.16824670135974884,0.9328333139419556,0.013142934069037437,0.014847847916864792,0.15355539321899414
35375,0.1682368814945221,0.9328749775886536,0.013150708749890327,0.014866110891183119,0.15360692143440247
35400,0.16822703182697296,0.9328749775886536,0.013155793771147728,0.014876943339522018,0.1536586433649063
35425,0.16821718215942383,0.9328749775886536,0.01314115896821022,0.014893924720657146,0.15371032059192657
35450,0.1682073175907135,0.9328749775886536,0.01317500602453947,0.01488979085660859,0.15376204252243042
35475,0.16819745302200317,0.9328749775886536,0.013162723742425442,0.014914854045968318,0.15381377935409546
35500,0.16818755865097046,0.9328749775886536,0.013152895495295525,0.014974837828298844,0.15386562049388885
35525,0.16817764937877655,0.9328749775886536,0.01316177286207676,0.01499344553996473,0.15391755104064941
35550,0.16816769540309906,0.9328749775886536,0.013215163722634315,0.014945290169415036,0.15396952629089355
35575,0.16815777122974396,0.9328749775886536,0.013197219930589199,0.014995641388203059,0.15402154624462128
35600,0.16814780235290527,0.9328749775886536,0.013205389492213726,0.015022640496875348,0.15407364070415497
35625,0.1681378185749054,0.9328749775886536,0.013231749646365643,0.015015722637568238,0.15412577986717224
35650,0.16812781989574432,0.9329166412353516,0.013242246583104134,0.015030136549550871,0.15417800843715668
35675,0.16811779141426086,0.9329166412353516,0.01322060264647007,0.01506628151260516,0.15423037111759186
35700,0.1681077480316162,0.9329166412353516,0.013313619419932365,0.015025200786961481,0.15428267419338226
35725,0.16809767484664917,0.9329166412353516,0.013281520456075668,0.015081766620191832,0.15433508157730103
35750,0.16808758676052094,0.9329166412353516,0.013277157209813595,0.015090293450467383,0.15438754856586456
35775,0.1680774986743927,0.9329583048820496,0.013287456706166267,0.015105271005017127,0.15444011986255646
35800,0.16806738078594208,0.9329999685287476,0.01330254040658474,0.015107968165772336,0.15449285507202148
35825,0.16805724799633026,0.9330416321754456,0.01330503262579441,0.015147692336459446,0.15454578399658203
35850,0.16804710030555725,0.9330416321754456,0.013336780481040478,0.015155219439052231,0.15459884703159332
35875,0.16803690791130066,0.9330416321754456,0.013383234851062298,0.015143701666256748,0.15465204417705536
35900,0.16802671551704407,0.9330416321754456,0.013366037048399448,0.015180876479779297,0.15470533072948456
35925,0.1680164784193039,0.9329999685287476,0.013415297493338585,0.015157302714346246,0.15475866198539734
35950,0.16800624132156372,0.9329999685287476,0.013421564362943172,0.01517492048471014,0.15481208264827728
35975,0.16799598932266235,0.9329999685287476,0.013473497703671455,0.015169452640138635,0.1548655778169632
36000,0.1679857224225998,0.9329999685287476,0.013449123129248619,0.015202144938497163,0.15491913259029388
36025,0.16797541081905365,0.9329999685287476,0.01348257064819336,0.01520977653137015,0.15497277677059174
36050,0.1679650992155075,0.9329999685287476,0.013467419892549515,0.01524580032358968,0.15502646565437317
36075,0.16795475780963898,0.9329999685287476,0.013492794707417488,0.015227415112070954,0.1550801545381546
36100,0.16794441640377045,0.9329999685287476,0.013498909771442413,0.0152338433982151,0.15513388812541962
36125,0.16793406009674072,0.9329999685287476,0.013541782274842262,0.015223947965796854,0.155187726020813
36150,0.1679236739873886,0.9329999685287476,0.013501811772584915,0.015269868607299978,0.15524163842201233
36175,0.1679132878780365,0.9329999685287476,0.013510432094335556,0.015274670814464314,0.15529558062553406
36200,0.1679028868675232,0.9329999685287476,0.013578826561570168,0.015260646433417886,0.15534943342208862
36225,0.1678924560546875,0.9329999685287476,0.013539854437112808,0.015307348668709544,0.15540331602096558
36250,0.1678820103406906,0.9330416321754456,0.013521372340619564,0.015356581593333585,0.1554572731256485
36275,0.16787156462669373,0.9330416321754456,0.013566563837230206,0.015348788833779867,0.15551131963729858
36300,0.16786110401153564,0.9330416321754456,0.013534964062273502,0.015378322518575042,0.15556547045707703
36325,0.16785059869289398,0.9331250190734863,0.013562618754804134,0.015387552445726685,0.15561971068382263
36350,0.16784009337425232,0.9331250190734863,0.013608131557703018,0.01539078814360243,0.155674010515213
36375,0.16782954335212708,0.9331250190734863,0.013572846539318562,0.015458449580921031,0.15572839975357056
36400,0.16781899333000183,0.9331250190734863,0.01365076657384634,0.015405074951823495,0.15578283369541168
36425,0.1678084135055542,0.9331250190734863,0.01364047359675169,0.015427640655714081,0.15583743155002594
36450,0.16779781877994537,0.9331250190734863,0.01362226065248251,0.0154980572462376,0.15589214861392975
36475,0.16778722405433655,0.9331250190734863,0.013699071481823921,0.015463157395072012,0.15594692528247833
36500,0.16777659952640533,0.9331250190734863,0.013656526803970337,0.015483339590737548,0.15600170195102692
36525,0.16776594519615173,0.9331666827201843,0.013641521334648132,0.015515816186815152,0.15605658292770386
36550,0.16775529086589813,0.9331666827201843,0.01368875801563263,0.015507000792893496,0.15611141920089722
36575,0.16774459183216095,0.9331666827201843,0.013696863315999508,0.01552844590512258,0.15616630017757416
36600,0.16773387789726257,0.9331666827201843,0.013724086806178093,0.015588106368062103,0.15622131526470184
36625,0.167723149061203,0.9331666827201843,0.01372579950839281,0.01555516756653822,0.15627636015415192
36650,0.16771240532398224,0.9331666827201843,0.013790827244520187,0.015525164902491504,0.15633147954940796
36675,0.1677016317844391,0.9332500100135803,0.013777676969766617,0.015555712330088303,0.15638667345046997
36700,0.16769082844257355,0.9332500100135803,0.013791121542453766,0.015634596741713386,0.1564420461654663
36725,0.16768001019954681,0.9332500100135803,0.013805126771330833,0.015600196789156178,0.15649762749671936
36750,0.1676691621541977,0.9332500100135803,0.013781415298581123,0.01563831461651182,0.15655334293842316
36775,0.16765832901000977,0.9332500100135803,0.013778341002762318,0.01569375773854474,0.15660914778709412
36800,0.16764745116233826,0.9332500100135803,0.013805048540234566,0.015704116810118674,0.15666504204273224
36825,0.16763652861118317,0.9332500100135803,0.013845655135810375,0.015665334520351154,0.15672087669372559
36850,0.16762563586235046,0.9332500100135803,0.013817844912409782,0.015710494998731447,0.15677674114704132
36875,0.16761469841003418,0.9332500100135803,0.013835933990776539,0.015710692056882376,0.15683266520500183
36900,0.1676037311553955,0.9332500100135803,0.013859516941010952,0.015725089713761648,0.1568886786699295
36925,0.16759277880191803,0.9332500100135803,0.013867639936506748,0.015737626804085542,0.15694475173950195
36950,0.16758178174495697,0.9332916736602783,0.013862863183021545,0.015770045693055814,0.15700095891952515
36975,0.16757075488567352,0.9332916736602783,0.013881668448448181,0.015782222040611586,0.1570572704076767
37000,0.16755972802639008,0.9332916736602783,0.013918239623308182,0.015837481013502006,0.15711377561092377
37025,0.16754867136478424,0.9332916736602783,0.013970611616969109,0.015761003858862203,0.1571703851222992
37050,0.16753758490085602,0.9332916736602783,0.013919997960329056,0.015861292319174557,0.1572270691394806
37075,0.1675264984369278,0.9332916736602783,0.013870429247617722,0.015867341842776817,0.15728385746479034
37100,0.16751538217067719,0.9332916736602783,0.013897840864956379,0.015911202138394132,0.15734077990055084
37125,0.16750426590442657,0.9332916736602783,0.013957769609987736,0.015843836952551534,0.1573978066444397
37150,0.16749311983585358,0.9332916736602783,0.013955928385257721,0.01586955858174204,0.15745489299297333
37175,0.16748195886611938,0.9332916736602783,0.01399514451622963,0.015875854729436513,0.15751206874847412
37200,0.1674707680940628,0.9332916736602783,0.013922389596700668,0.01594845058418075,0.15756936371326447
37225,0.16745957732200623,0.9332916736602783,0.013968599028885365,0.015923739823250512,0.1576266884803772
37250,0.16744834184646606,0.9332916736602783,0.013952703215181828,0.015971050926924128,0.15768417716026306
37275,0.1674370914697647,0.9333750009536743,0.014008034020662308,0.015945946159118058,0.15774177014827728
37300,0.16742582619190216,0.9333750009536743,0.014027325436472893,0.01598040796705328,0.15779949724674225
37325,0.16741453111171722,0.9334166646003723,0.014077444560825825,0.016019788646226905,0.15785732865333557
37350,0.1674031764268875,0.9334166646003723,0.014149634167551994,0.0159708187948984,0.15791505575180054
37375,0.167391836643219,0.9334166646003723,0.014099021442234516,0.01600611343293584,0.15797297656536102
37400,0.1673804521560669,0.9334166646003723,0.014080042019486427,0.016038748242809965,0.15803104639053345
37425,0.1673690527677536,0.9333750009536743,0.014135390520095825,0.016031961237613288,0.1580890417098999
37450,0.1673576533794403,0.9333750009536743,0.014089547097682953,0.016080251436702706,0.15814714133739471
37475,0.16734622418880463,0.9333750009536743,0.014115073718130589,0.0160885626757903,0.15820536017417908
37500,0.16733476519584656,0.9333750009536743,0.01415578555315733,0.01610181506861687,0.15826372802257538
37525,0.1673232764005661,0.9333750009536743,0.014148486778140068,0.016169489637052857,0.15832220017910004
37550,0.16731177270412445,0.9333750009536743,0.014191354624927044,0.016127997106590145,0.15838082134723663
37575,0.1673002392053604,0.9333750009536743,0.014240335673093796,0.016120492596789285,0.15843960642814636
37600,0.1672886461019516,0.9333750009536743,0.014261302538216114,0.01614786080212323,0.15849867463111877
37625,0.16727705299854279,0.9334166646003723,0.014254468493163586,0.016206013235438695,0.15855780243873596
37650,0.16726544499397278,0.9334166646003723,0.014226003549993038,0.016234480428192557,0.15861698985099792
37675,0.1672537922859192,0.9334583282470703,0.01423683948814869,0.016227315621273247,0.15867623686790466
37700,0.1672421246767044,0.9334583282470703,0.014319716952741146,0.016203940584144195,0.15873552858829498
37725,0.16723044216632843,0.9334583282470703,0.01428306009620428,0.016257138065610712,0.15879487991333008
37750,0.16721874475479126,0.9334583282470703,0.014278589747846127,0.016287280383313396,0.15885427594184875
37775,0.1672070026397705,0.9334583282470703,0.01431594043970108,0.016287299316781367,0.15891370177268982
37800,0.16719526052474976,0.9334583282470703,0.014291159808635712,0.016315131871878535,0.1589730978012085
37825,0.16718348860740662,0.9334583282470703,0.01436542347073555,0.016316343625610137,0.15903250873088837
37850,0.1671716719865799,0.9334583282470703,0.014356594532728195,0.01633789014342703,0.15909191966056824
37875,0.16715985536575317,0.9334583282470703,0.014355222694575787,0.01636506175530214,0.15915143489837646
37900,0.16714799404144287,0.9334583282470703,0.014368409290909767,0.01641294959210379,0.15921097993850708
37925,0.16713613271713257,0.9334583282470703,0.014379340223968029,0.016410054939159677,0.15927065908908844
37950,0.16712427139282227,0.9334583282470703,0.014386709779500961,0.016382574363319684,0.15933044254779816
37975,0.16711239516735077,0.9334999918937683,0.014438164420425892,0.0163492121549509,0.159390389919281
38000,0.16710050404071808,0.9334999918937683,0.014439829625189304,0.016376419892647556,0.15945062041282654
38025,0.167088583111763,0.9334999918937683,0.014462086372077465,0.016437960116127116,0.15951092541217804
38050,0.16707663238048553,0.9334999918937683,0.014462998136878014,0.016406556752096308,0.15957145392894745
38075,0.1670646369457245,0.9335416555404663,0.014489904046058655,0.016452574146475534,0.15963208675384521
38100,0.16705262660980225,0.9335416555404663,0.014499803073704243,0.01649013715764363,0.15969273447990417
38125,0.1670406013727188,0.9334999918937683,0.014520722441375256,0.016455424079890275,0.1597534716129303
38150,0.16702856123447418,0.9334583282470703,0.014531184919178486,0.01649893760547418,0.1598142683506012
38175,0.16701649129390717,0.9335416555404663,0.014555051922798157,0.016505484367520497,0.1598750799894333
38200,0.16700439155101776,0.9335416555404663,0.014574642293155193,0.01650871625910492,0.1599361002445221
38225,0.16699223220348358,0.9335416555404663,0.014614036306738853,0.01653497597152096,0.15999728441238403
38250,0.16698004305362701,0.9335416555404663,0.014612575061619282,0.016580837296228848,0.16005860269069672
38275,0.16696783900260925,0.9335416555404663,0.01463319268077612,0.0165975745264576,0.16012004017829895
38300,0.1669556051492691,0.9335416555404663,0.014676440507173538,0.01660303911727106,0.16018158197402954
38325,0.16694334149360657,0.9335416555404663,0.014708415605127811,0.01656616462500703,0.16024304926395416
38350,0.16693106293678284,0.9335416555404663,0.01470604632049799,0.016602039106435842,0.16030460596084595
38375,0.16691875457763672,0.9334999918937683,0.014721345156431198,0.01661502115934337,0.1603662669658661
38400,0.1669064313173294,0.9334999918937683,0.014750429429113865,0.016633685993243528,0.16042810678482056
38425,0.1668940633535385,0.9334999918937683,0.014764106832444668,0.01666014693602338,0.16049006581306458
38450,0.16688166558742523,0.9335416555404663,0.014808239415287971,0.016658256137431007,0.16055214405059814
38475,0.16686925292015076,0.9335416555404663,0.014842170290648937,0.01664693963508137,0.16061429679393768
38500,0.1668568104505539,0.9335416555404663,0.014807682484388351,0.01669940454157776,0.1606765240430832
38525,0.16684435307979584,0.9335833191871643,0.014819563366472721,0.0167138348247769,0.16073888540267944
38550,0.1668318808078766,0.9336249828338623,0.014844082295894623,0.016716188345911334,0.16080132126808167
38575,0.16681937873363495,0.9336249828338623,0.01486404798924923,0.016730154148012842,0.16086378693580627
38600,0.16680684685707092,0.9336249828338623,0.014887025579810143,0.016754071702686623,0.16092628240585327
38625,0.16679427027702332,0.9335833191871643,0.01493324525654316,0.01675314170373759,0.16098883748054504
38650,0.16678166389465332,0.9335833191871643,0.01492485124617815,0.016808364578008397,0.16105149686336517
38675,0.16676902770996094,0.9335833191871643,0.014987584203481674,0.0167769465413218,0.16111426055431366
38700,0.16675636172294617,0.9335833191871643,0.01496422104537487,0.016796846583893164,0.16117726266384125
38725,0.16674372553825378,0.9335833191871643,0.014966476708650589,0.01681568983796509,0.1612403392791748
38750,0.16673102974891663,0.9335833191871643,0.01497047021985054,0.016825630304079933,0.16130352020263672
38775,0.16671836376190186,0.9335833191871643,0.01493800152093172,0.016882898114026365,0.16136683523654938
38800,0.1667056530714035,0.9335833191871643,0.014966963790357113,0.016863878049345506,0.16143032908439636
38825,0.16669295728206635,0.9335833191871643,0.015007068403065205,0.016856051765776876,0.1614939272403717
38850,0.1666802018880844,0.9335833191871643,0.015029002912342548,0.016860595920773533,0.1615576297044754
38875,0.16666746139526367,0.9335416555404663,0.014998028054833412,0.016897385284309483,0.16162137687206268
38900,0.16665467619895935,0.9335416555404663,0.015003982931375504,0.016914313238523843,0.16168507933616638
38925,0.16664190590381622,0.9335416555404663,0.015026033855974674,0.016933170289771024,0.16174888610839844
38950,0.16662909090518951,0.9335416555404663,0.015005785971879959,0.016944624491440644,0.16181276738643646
38975,0.166616290807724,0.9335833191871643,0.015002437867224216,0.016981710010708237,0.16187672317028046
39000,0.1666034460067749,0.9335416555404663,0.015024010092020035,0.01699067388104405,0.16194070875644684
39025,0.16659057140350342,0.9335416555404663,0.015031297691166401,0.017012397926459775,0.1620047390460968
39050,0.16657768189907074,0.9335416555404663,0.015058672986924648,0.01702982493265205,0.1620689034461975
39075,0.16656476259231567,0.9335416555404663,0.015067128464579582,0.01703837405440094,0.16213318705558777
39100,0.16655181348323822,0.9335416555404663,0.015042017214000225,0.017092273158853227,0.16219760477542877
39125,0.16653886437416077,0.9335416555404663,0.015082907862961292,0.01708916192507354,0.16226206719875336
39150,0.16652584075927734,0.9335416555404663,0.015101740136742592,0.017104238300781224,0.1623266041278839
39175,0.16651281714439392,0.9335416555404663,0.015113387256860733,0.017140274896968004,0.16239136457443237
39200,0.16649973392486572,0.9335416555404663,0.015111034736037254,0.017188213562524472,0.162456214427948
39225,0.16648663580417633,0.9335416555404663,0.015144485048949718,0.01719481599370965,0.16252121329307556
39250,0.16647349298000336,0.9335416555404663,0.015130376443266869,0.017233775852205962,0.16258619725704193
39275,0.16646035015583038,0.9335416555404663,0.01515482272952795,0.01722577891715013,0.16265125572681427
39300,0.16644719243049622,0.9335416555404663,0.015178441070020199,0.017239459436096234,0.16271649301052094
39325,0.16643397510051727,0.9335416555404663,0.015190566889941692,0.017296266409364765,0.16278190910816193
39350,0.16642071306705475,0.9335416555404663,0.015270289033651352,0.01725348458416853,0.16284742951393127
39375,0.16640743613243103,0.9335416555404663,0.01525916438549757,0.017305023439990862,0.16291305422782898
39400,0.1663941591978073,0.9335416555404663,0.015226462855935097,0.017316574230870893,0.16297875344753265
39425,0.1663808524608612,0.9335416555404663,0.015238984487950802,0.017343573467178207,0.1630445122718811
39450,0.1663675159215927,0.9335416555404663,0.015264741145074368,0.01736648376852645,0.16311036050319672
39475,0.16635414958000183,0.9335416555404663,0.015279809013009071,0.017367514430132694,0.16317622363567352
39500,0.16634075343608856,0.9335416555404663,0.015288593247532845,0.017400340151248212,0.1632421612739563
39525,0.1663273423910141,0.9335416555404663,0.015328913927078247,0.017394796246693434,0.16330821812152863
39550,0.16631390154361725,0.9334999918937683,0.01531276572495699,0.01742475946032496,0.16337420046329498
39575,0.1663004457950592,0.9334999918937683,0.015326939523220062,0.017471100487377815,0.1634402722120285
39600,0.16628693044185638,0.9334999918937683,0.015318729914724827,0.01749649406417732,0.163506418466568
39625,0.16627341508865356,0.9334999918937683,0.0153427142649889,0.017497391497972706,0.16357269883155823
39650,0.16625988483428955,0.9334999918937683,0.015330998227000237,0.017513176202139207,0.16363917291164398
39675,0.16624633967876434,0.9334999918937683,0.01533645112067461,0.01751702270590472,0.16370588541030884
39700,0.16623277962207794,0.9334999918937683,0.015341751277446747,0.01754322271900795,0.16377262771129608
39725,0.16621920466423035,0.9334999918937683,0.015361743979156017,0.017552758590692615,0.1638394445180893
39750,0.16620559990406036,0.9334999918937683,0.015380274504423141,0.01755693786931473,0.16390633583068848
39775,0.1661919802427292,0.9334999918937683,0.015388721600174904,0.017583642671635032,0.16397328674793243
39800,0.16617831587791443,0.9334999918937683,0.015448801219463348,0.017578059892169602,0.16404034197330475
39825,0.16616463661193848,0.9334999918937683,0.015431618317961693,0.017607557042103743,0.1641075313091278
39850,0.16615089774131775,0.9334999918937683,0.015472753904759884,0.01762181551726774,0.16417483985424042
39875,0.16613714396953583,0.9335416555404663,0.01548400055617094,0.017638428688764883,0.16424229741096497
39900,0.16612336039543152,0.9335833191871643,0.015507266856729984,0.0176462116766866,0.16430991888046265
39925,0.16610956192016602,0.9336249828338623,0.015496122650802135,0.017670627668763903,0.16437764465808868
39950,0.16609574854373932,0.9336249828338623,0.015505642630159855,0.01770521437339928,0.1644454449415207
39975,0.16608189046382904,0.9336249828338623,0.015533087775111198,0.01769182393807552,0.16451342403888702
