step,loss,acc_train,gnorm_theta,gnorm_phi,disp
0,0.7365562319755554,0.26391667127609253,0.8070396780967712,0.47558653294960923,0.0
25,0.7153204679489136,0.35624998807907104,0.7848948836326599,0.4532078648304857,0.0057467808946967125
50,0.6954488754272461,0.47454166412353516,0.7604641318321228,0.4349177549332352,0.011326699517667294
75,0.6769911050796509,0.5865833163261414,0.729866623878479,0.419024182293516,0.016707759350538254
100,0.6598010063171387,0.68770831823349,0.7034315466880798,0.40993297781611115,0.02188662812113762
125,0.643726646900177,0.7593333125114441,0.678481936454773,0.4048296318713747,0.026866629719734192
150,0.6284321546554565,0.8111666440963745,0.6592373847961426,0.4047263399364128,0.0316874235868454
175,0.613701581954956,0.8460833430290222,0.6434394121170044,0.407668591403581,0.03637479618191719
200,0.5993464589118958,0.872041642665863,0.6306180953979492,0.4126548564043947,0.040955591946840286
225,0.5852813124656677,0.8889166712760925,0.6181407570838928,0.4184543734331012,0.04544108361005783
250,0.5714470744132996,0.8993749618530273,0.6076213121414185,0.42490355522025636,0.04983905702829361
275,0.5577646493911743,0.9079999923706055,0.5981957316398621,0.4319404230224535,0.054163672029972076
300,0.5441975593566895,0.9143333435058594,0.5897505879402161,0.4393867932247981,0.058419130742549896
325,0.5307140946388245,0.9192916750907898,0.5819777846336365,0.4464829023169292,0.0626116394996643
350,0.5173071026802063,0.9234583377838135,0.5737795829772949,0.45301007376546937,0.0667441189289093
375,0.5039966702461243,0.9260416626930237,0.5654512643814087,0.4590000892385185,0.0708131417632103
400,0.490791916847229,0.9283333420753479,0.5569737553596497,0.46424082237934117,0.07481853663921356
425,0.47770678997039795,0.9293333292007446,0.5486446619033813,0.46882835955238283,0.07875993847846985
450,0.464751660823822,0.9304583072662354,0.5401853919029236,0.47259496065092516,0.08263778686523438
475,0.4519543945789337,0.9314582943916321,0.5313538908958435,0.4753167894795284,0.08644980937242508
500,0.4393378794193268,0.9322082996368408,0.5224717259407043,0.47719560653364146,0.09019510447978973
525,0.4269229769706726,0.9329583048820496,0.5132960677146912,0.47815259060327037,0.09387291967868805
550,0.4147399067878723,0.9339166283607483,0.503572404384613,0.47803963458435317,0.09748008847236633
575,0.4028150141239166,0.934333324432373,0.4938681125640869,0.47702751624419315,0.10101471096277237
600,0.3911677598953247,0.9348333477973938,0.48389339447021484,0.47506486622155314,0.10447664558887482
625,0.3798263669013977,0.9357500076293945,0.4735998213291168,0.4721365662816048,0.10786326229572296
650,0.3688078224658966,0.9364166855812073,0.46308380365371704,0.4684024338588837,0.1111738532781601
675,0.3581302762031555,0.937250018119812,0.45249098539352417,0.46386033071856686,0.11440693587064743
700,0.34780874848365784,0.93791663646698,0.44169512391090393,0.458527292643125,0.11756221950054169
725,0.3378584682941437,0.9382500052452087,0.43075716495513916,0.4525464155859509,0.12063796073198318
750,0.32828542590141296,0.9387499690055847,0.4198459982872009,0.4460155518329897,0.1236342266201973
775,0.31909361481666565,0.9392499923706055,0.4089612662792206,0.4388653868812884,0.12655137479305267
800,0.3102828860282898,0.9397916793823242,0.3982533812522888,0.4313860015943992,0.12938997149467468
825,0.30185189843177795,0.9402916431427002,0.3875630795955658,0.4234921578391035,0.13215063512325287
850,0.2937968075275421,0.940750002861023,0.3769572377204895,0.41524892834918287,0.13483446836471558
875,0.2861150801181793,0.940833330154419,0.3665069341659546,0.4067986533894028,0.13744184374809265
900,0.2787952125072479,0.9410416483879089,0.3563268482685089,0.3982029253829273,0.1399746835231781
925,0.2718296945095062,0.9413332939147949,0.3462536633014679,0.38946850967010016,0.14243370294570923
950,0.26520997285842896,0.9416666626930237,0.33624958992004395,0.38053636992887596,0.14482051134109497
975,0.25892263650894165,0.9416666626930237,0.3267603814601898,0.37173234758897183,0.14713698625564575
1000,0.252951979637146,0.9420832991600037,0.3174932599067688,0.3629818304603026,0.1493854969739914
1025,0.2472870647907257,0.9423333406448364,0.3083341717720032,0.3541940535448903,0.1515672653913498
1050,0.24191385507583618,0.9426249861717224,0.299624502658844,0.3456000056430024,0.15368448197841644
1075,0.23681779205799103,0.9426666498184204,0.291054904460907,0.33710317838182113,0.15573915839195251
1100,0.23198620975017548,0.9429166316986084,0.2828199565410614,0.32880107716094753,0.15773268043994904
1125,0.22740472853183746,0.9435416460037231,0.2748472988605499,0.3206383727441997,0.15966731309890747
1150,0.22306017577648163,0.9437916278839111,0.2671513259410858,0.3126568989242444,0.1615450084209442
1175,0.21894147992134094,0.9439583420753479,0.25959235429763794,0.3047803001101352,0.16336779296398163
1200,0.2150365710258484,0.9442916512489319,0.2523927390575409,0.2971487124241592,0.16513751447200775
1225,0.21133272349834442,0.9444166421890259,0.24545492231845856,0.28976253913313293,0.16685637831687927
1250,0.20781992375850677,0.9446249604225159,0.2387181967496872,0.2824599103352124,0.1685260683298111
1275,0.20448650419712067,0.9448333382606506,0.2323152720928192,0.27546079424187564,0.17014846205711365
1300,0.2013225555419922,0.9450416564941406,0.2259853333234787,0.2685482729419897,0.17172518372535706
1325,0.19831839203834534,0.9451666474342346,0.21997249126434326,0.2619482801514153,0.17325778305530548
1350,0.19546626508235931,0.9455416798591614,0.21404658257961273,0.2554559244191675,0.17474769055843353
1375,0.19275861978530884,0.9455416798591614,0.20843498408794403,0.24918812173544053,0.17619644105434418
1400,0.1901850551366806,0.9454583525657654,0.2029539942741394,0.2430245590912413,0.17760595679283142
1425,0.18773745000362396,0.9456250071525574,0.19789741933345795,0.2372474939262902,0.17897774279117584
1450,0.18540805578231812,0.9461666345596313,0.19296395778656006,0.2316057831737567,0.18031325936317444
1475,0.18318888545036316,0.9462082982063293,0.18823109567165375,0.22616277640323393,0.18161404132843018
1500,0.18107378482818604,0.9461249709129333,0.18370987474918365,0.22093077774706799,0.18288148939609528
1525,0.17905603349208832,0.9462082982063293,0.17943592369556427,0.2159322609649632,0.18411694467067719
1550,0.17712993919849396,0.9462499618530273,0.17518028616905212,0.21099488323249466,0.18532148003578186
1575,0.1752929538488388,0.9463750123977661,0.17097052931785583,0.20619351239782352,0.1864956021308899
1600,0.17353899776935577,0.9465000033378601,0.16701063513755798,0.20156562188097427,0.18764041364192963
1625,0.17186442017555237,0.9466666579246521,0.16311605274677277,0.19699229049876055,0.1887574940919876
1650,0.1702648550271988,0.9467083215713501,0.1593845784664154,0.19268610233131278,0.1898476481437683
1675,0.16873599588871002,0.9469166398048401,0.15573057532310486,0.18843568720914033,0.19091132283210754
1700,0.16727399826049805,0.9470416307449341,0.15224160254001617,0.18433768294583308,0.1919497549533844
1725,0.16587601602077484,0.9471250176429749,0.14881955087184906,0.1803058262666763,0.19296395778656006
1750,0.16453982889652252,0.9469999670982361,0.14544415473937988,0.17636540193467984,0.193954735994339
1775,0.16326142847537994,0.9471250176429749,0.14214670658111572,0.17248890015285387,0.19492274522781372
1800,0.1620391607284546,0.9471666812896729,0.13903014361858368,0.16881707620508696,0.1958685964345932
1825,0.16086894273757935,0.9472083449363708,0.13594095408916473,0.16522540692787757,0.19679297506809235
1850,0.1597481071949005,0.9473333358764648,0.13304303586483002,0.16176776244693059,0.19769664108753204
1875,0.15867410600185394,0.9473749995231628,0.1301814168691635,0.1583711174369224,0.19858026504516602
1900,0.15764489769935608,0.9473749995231628,0.12741075456142426,0.15509882649868237,0.19944418966770172
1925,0.15665820240974426,0.9474166631698608,0.12465307116508484,0.1518558376872894,0.20028917491436005
1950,0.15571239590644836,0.9475416541099548,0.1220698282122612,0.14878990207192774,0.20111577212810516
1975,0.1548045575618744,0.9473749995231628,0.11955268681049347,0.14577765331653478,0.2019246220588684
2000,0.15393377840518951,0.9474166631698608,0.11712288856506348,0.1428473843515717,0.20271643996238708
2025,0.1530977189540863,0.9475416541099548,0.11480001360177994,0.14003318073220158,0.20349198579788208
2050,0.15229417383670807,0.9474583268165588,0.1125379279255867,0.1372800057165339,0.20425152778625488
2075,0.15152248740196228,0.9476249814033508,0.11018521338701248,0.134523509695819,0.20499549806118011
2100,0.15078037977218628,0.9475833177566528,0.1080581396818161,0.13199516914532888,0.20572398602962494
2125,0.1500662863254547,0.9475833177566528,0.10602366179227829,0.12954273728325574,0.20643752813339233
2150,0.14937888085842133,0.9475833177566528,0.10394126921892166,0.12704810151592186,0.20713695883750916
2175,0.1487174928188324,0.9476249814033508,0.10198748856782913,0.12468967275229555,0.20782260596752167
2200,0.14808106422424316,0.9477916359901428,0.09995011240243912,0.12229870035254324,0.20849469304084778
2225,0.14746849238872528,0.9479583501815796,0.09809182584285736,0.12003864415195804,0.20915374159812927
2250,0.14687839150428772,0.9478332996368408,0.09625854343175888,0.11783579911510231,0.20980015397071838
2275,0.14631019532680511,0.9477916359901428,0.0943838357925415,0.11558549025102063,0.21043412387371063
2300,0.14576371014118195,0.9478332996368408,0.09257365018129349,0.11342534707783312,0.21105600893497467
2325,0.14523714780807495,0.9479166269302368,0.09091059118509293,0.11140793233384783,0.2116657793521881
2350,0.14472895860671997,0.9480000138282776,0.08935471624135971,0.10945772030111244,0.21226422488689423
2375,0.14423848688602448,0.9481250047683716,0.08775223046541214,0.10750625609470883,0.212851881980896
2400,0.1437654197216034,0.9482083320617676,0.08616980910301208,0.10559192946418038,0.21342872083187103
2425,0.1433088481426239,0.9482916593551636,0.08467060327529907,0.1037661299169856,0.2139948159456253
2450,0.1428675502538681,0.9482916593551636,0.08327777683734894,0.10207941063438701,0.21455049514770508
2475,0.1424410343170166,0.9482499957084656,0.08183613419532776,0.10031854788490283,0.2150961309671402
2500,0.1420290321111679,0.9483333230018616,0.08041837066411972,0.09858623062505946,0.21563223004341125
2525,0.14163151383399963,0.9483749866485596,0.07893542945384979,0.09687554963253674,0.21615879237651825
2550,0.1412469744682312,0.9483749866485596,0.07772180438041687,0.09533627011427792,0.2166760265827179
2575,0.1408749371767044,0.9485416412353516,0.07638482004404068,0.0936970617461018,0.21718427538871765
2600,0.14051584899425507,0.9485416412353516,0.07505175471305847,0.09208893267542816,0.21768376231193542
2625,0.14016887545585632,0.9483749866485596,0.07373242825269699,0.0905398072163271,0.2181747406721115
2650,0.13983356952667236,0.9484583139419556,0.07249060273170471,0.0890404968412607,0.21865709125995636
2675,0.13950972259044647,0.9485416412353516,0.07122854143381119,0.08749238603100147,0.21913141012191772
2700,0.13919679820537567,0.9486666321754456,0.06997336447238922,0.08597633301222914,0.21959780156612396
2725,0.13889442384243011,0.9486249685287476,0.06880515813827515,0.08458890021247721,0.2200562208890915
2750,0.1386018693447113,0.9486666321754456,0.0676589384675026,0.08319722494922865,0.22050689160823822
2775,0.13831909000873566,0.9487082958221436,0.06650349497795105,0.08179920354028167,0.22095006704330444
2800,0.1380452811717987,0.9487916827201843,0.06553972512483597,0.08053818942679525,0.22138600051403046
2825,0.13777972757816315,0.9488333463668823,0.06454017758369446,0.07929385426090123,0.2218148559331894
2850,0.13752244412899017,0.9488333463668823,0.06352841109037399,0.07802693401458172,0.22223681211471558
2875,0.13727347552776337,0.9488750100135803,0.062422461807727814,0.07674735516913522,0.22265192866325378
2900,0.1370328813791275,0.9488333463668823,0.06139258295297623,0.07546839799756207,0.22306017577648163
2925,0.13680031895637512,0.9489583373069763,0.060354169458150864,0.07416582348566648,0.22346191108226776
2950,0.13657544553279877,0.9489166736602783,0.05935870483517647,0.07295243767215284,0.22385725378990173
2975,0.1363576352596283,0.9489166736602783,0.0584329292178154,0.07183182264713428,0.2242463082075119
3000,0.13614670932292938,0.9489583373069763,0.05748739093542099,0.07068611921709092,0.224629208445549
3025,0.135942280292511,0.9489166736602783,0.05661967769265175,0.06961299614271256,0.2250060886144638
3050,0.13574406504631042,0.9489583373069763,0.05574595183134079,0.06853620574400521,0.22537711262702942
3075,0.13555189967155457,0.9490000009536743,0.05485831946134567,0.06746592166696332,0.22574245929718018
3100,0.13536566495895386,0.9490416646003723,0.05402620509266853,0.06646729641690491,0.22610212862491608
3125,0.13518503308296204,0.9492083191871643,0.05319420248270035,0.06545146947254689,0.2264561802148819
3150,0.1350097805261612,0.9492499828338623,0.05241747573018074,0.06445123057521256,0.22680482268333435
3175,0.13483963906764984,0.9492916464805603,0.05169106647372246,0.06352011549681923,0.22714810073375702
3200,0.13467451930046082,0.9492916464805603,0.050858598202466965,0.06250539841796271,0.22748616337776184
3225,0.1345144659280777,0.9493333101272583,0.05011401325464249,0.061585520494688115,0.22781902551651
3250,0.1343594193458557,0.9493749737739563,0.04932669550180435,0.060614226525690144,0.22814704477787018
3275,0.13420891761779785,0.9494166374206543,0.048607200384140015,0.05972174426334144,0.22847023606300354
3300,0.13406270742416382,0.9494999647140503,0.0479201003909111,0.05886510313722696,0.22878845036029816
3325,0.13392063975334167,0.9495416283607483,0.04726119711995125,0.05803461088702364,0.22910195589065552
3350,0.13378269970417023,0.9495416283607483,0.04655654728412628,0.05718766725199273,0.22941084206104279
3375,0.1336487978696823,0.9496250152587891,0.04590268060564995,0.056340254332822505,0.2297152578830719
3400,0.13351835310459137,0.9494999647140503,0.045346107333898544,0.05562561852380143,0.23001529276371002
3425,0.1333913803100586,0.9495833516120911,0.04470629245042801,0.05485649242172051,0.23031093180179596
3450,0.13326798379421234,0.9496250152587891,0.04407478868961334,0.054066581124458224,0.23060235381126404
3475,0.13314808905124664,0.9496250152587891,0.04343476891517639,0.05326242662647899,0.23088958859443665
3500,0.13303157687187195,0.9497083425521851,0.042834579944610596,0.05252625627894965,0.23117269575595856
3525,0.13291826844215393,0.9497500061988831,0.04222847521305084,0.05177642760296814,0.23145176470279694
3550,0.1328081637620926,0.949791669845581,0.04161038622260094,0.051012894081648365,0.23172684013843536
3575,0.13270115852355957,0.9497500061988831,0.04105963930487633,0.05034356977505039,0.2319979965686798
3600,0.1325972080230713,0.949791669845581,0.040446292608976364,0.04957291108666684,0.23226533830165863
3625,0.1324962079524994,0.949833333492279,0.039931561797857285,0.048914496418529914,0.2325289398431778
3650,0.13239769637584686,0.949916660785675,0.039415355771780014,0.048318292972489726,0.2327888011932373
3675,0.1323016881942749,0.949916660785675,0.038959257304668427,0.047704551294809446,0.23304498195648193
3700,0.13220785558223724,0.950041651725769,0.038512878119945526,0.04714521814976993,0.23329780995845795
3725,0.13211646676063538,0.950124979019165,0.03798796981573105,0.046494452183812665,0.23354710638523102
3750,0.13202743232250214,0.950124979019165,0.037534795701503754,0.045909225446316024,0.23379306495189667
3775,0.13194075226783752,0.950166642665863,0.036988675594329834,0.04524590982347008,0.2340356409549713
3800,0.13185639679431915,0.950166642665863,0.036560412496328354,0.04466117223835727,0.23427487909793854
3825,0.13177412748336792,0.950166642665863,0.03617701679468155,0.04416024272005985,0.23451103270053864
3850,0.13169360160827637,0.950166642665863,0.03575872257351875,0.04365036733432046,0.2347441464662552
3875,0.13161486387252808,0.950249969959259,0.03533835709095001,0.0431315909773637,0.23497416079044342
3900,0.13153821229934692,0.950249969959259,0.03487694635987282,0.04254211868839779,0.23520104587078094
3925,0.13146339356899261,0.950291633605957,0.03447512537240982,0.04202730942050071,0.2354249358177185
3950,0.13139036297798157,0.950291633605957,0.03407064080238342,0.04153140927079912,0.23564593493938446
3975,0.13131913542747498,0.950291633605957,0.03363539278507233,0.040984161605206085,0.23586392402648926
4000,0.13124966621398926,0.950374960899353,0.03323802724480629,0.04048190507595265,0.23607906699180603
4025,0.13118186593055725,0.950374960899353,0.032848816365003586,0.039992470344889994,0.23629136383533478
4050,0.13111568987369537,0.950374960899353,0.03246026486158371,0.039519657924348854,0.23650088906288147
4075,0.13105115294456482,0.950374960899353,0.03205464780330658,0.039028408930984894,0.2367076426744461
4100,0.13098806142807007,0.9504583477973938,0.03170682489871979,0.03860895847758061,0.23691171407699585
4125,0.13092628121376038,0.9504583477973938,0.03136212378740311,0.03819201279380465,0.23711305856704712
4150,0.1308658868074417,0.9504166841506958,0.031017569825053215,0.037779152195780374,0.23731179535388947
4175,0.1308068037033081,0.9504166841506958,0.030683131888508797,0.03733418705411964,0.23750804364681244
4200,0.13074904680252075,0.950374960899353,0.03030354529619217,0.03693171015096012,0.23770178854465485
4225,0.13069266080856323,0.950374960899353,0.029943691566586494,0.03650468737639507,0.2378929853439331
4250,0.1306375116109848,0.950374960899353,0.02960677444934845,0.03607620030351619,0.23808185756206512
4275,0.13058364391326904,0.950333297252655,0.0292899738997221,0.03568099287768001,0.23826831579208374
4300,0.1305309683084488,0.9504166841506958,0.028970597311854362,0.035250284482238804,0.2384524643421173
4325,0.13047948479652405,0.9504166841506958,0.02866782248020172,0.0348507602220753,0.23863431811332703
4350,0.13042911887168884,0.9504583477973938,0.02838044986128807,0.034464121199233366,0.23881404101848602
4375,0.1303797960281372,0.9504583477973938,0.02809477038681507,0.03407550126879806,0.23899154365062714
4400,0.13033142685890198,0.9504166841506958,0.027831925079226494,0.03379216345472439,0.23916684091091156
4425,0.13028399646282196,0.9504583477973938,0.027541106566786766,0.033414973074464366,0.23933997750282288
4450,0.13023759424686432,0.9504583477973938,0.027277734130620956,0.03307964352882839,0.2395109385251999
4475,0.13019199669361115,0.9505416750907898,0.027086518704891205,0.03283296246389609,0.23967984318733215
4500,0.13014709949493408,0.9505416750907898,0.026851864531636238,0.0325105491854116,0.23984704911708832
4525,0.13010311126708984,0.9506250023841858,0.02656182274222374,0.032129071854479475,0.24001231789588928
4550,0.13006006181240082,0.9506666660308838,0.026341039687395096,0.031846576662008255,0.24017557501792908
4575,0.13001775741577148,0.9506666660308838,0.02609780617058277,0.0315316675542877,0.24033695459365845
4600,0.1299763172864914,0.9506666660308838,0.025820773094892502,0.03119482671320092,0.24049639701843262
4625,0.12993572652339935,0.9507083296775818,0.025545634329319,0.030863965207948017,0.2406538873910904
4650,0.12989598512649536,0.9507083296775818,0.025310298427939415,0.03055197870229564,0.24080945551395416
4675,0.12985698878765106,0.9507083296775818,0.025101160630583763,0.030264626865353212,0.24096320569515228
4700,0.12981870770454407,0.9506666660308838,0.02487676404416561,0.029951266220846963,0.24111516773700714
4725,0.12978115677833557,0.9506666660308838,0.024636482819914818,0.029653663832494067,0.24126535654067993
4750,0.12974433600902557,0.9506666660308838,0.024415332823991776,0.029373099038208686,0.24141374230384827
4775,0.1297082155942917,0.9506666660308838,0.02417738363146782,0.029052309492411752,0.2415604144334793
4800,0.1296728253364563,0.9507083296775818,0.02396675944328308,0.02877631023736844,0.24170537292957306
4825,0.12963810563087463,0.9507499933242798,0.02373090758919716,0.028464526915584952,0.2418486326932907
4850,0.12960410118103027,0.9508333206176758,0.023517169058322906,0.028173620939792258,0.24199022352695465
4875,0.12957066297531128,0.9508333206176758,0.023328447714447975,0.02794926374140359,0.2421301305294037
4900,0.12953780591487885,0.9508749842643738,0.023135807365179062,0.027695029949162207,0.2422683984041214
4925,0.1295054852962494,0.9508333206176758,0.02298731729388237,0.027485929607793128,0.24240514636039734
4950,0.12947362661361694,0.9508333206176758,0.022805601358413696,0.027259827164856823,0.24254043400287628
4975,0.1294422596693039,0.9508333206176758,0.022655483335256577,0.027043947855271307,0.24267426133155823
5000,0.12941139936447144,0.9508333206176758,0.022468075156211853,0.02680450390781387,0.24280667304992676
5025,0.12938107550144196,0.9508333206176758,0.022283127531409264,0.02656406753377867,0.2429376095533371
5050,0.12935131788253784,0.9508333206176758,0.022089149802923203,0.026300631453542812,0.24306705594062805
5075,0.12932206690311432,0.9508333206176758,0.021916432306170464,0.026055300166587476,0.24319501221179962
5100,0.1292933076620102,0.9508749842643738,0.021750308573246002,0.025835822272199015,0.2433215230703354
5125,0.12926504015922546,0.9508749842643738,0.02158239670097828,0.0256163948450592,0.24344667792320251
5150,0.12923716008663177,0.9509166479110718,0.02142491564154625,0.02541532853849212,0.24357043206691742
5175,0.1292097568511963,0.9509583115577698,0.021255629137158394,0.02519400196121371,0.24369284510612488
5200,0.12918278574943542,0.9509583115577698,0.021100683137774467,0.02496486026040333,0.2438139021396637
5225,0.12915629148483276,0.9509583115577698,0.020947877317667007,0.02475451635829599,0.24393360316753387
5250,0.12913015484809875,0.9509999752044678,0.020818669348955154,0.02457443140359574,0.244051992893219
5275,0.1291044056415558,0.9509999752044678,0.020672785118222237,0.024386186339333947,0.24416908621788025
5300,0.12907905876636505,0.9510833024978638,0.020533913746476173,0.024191379645652995,0.24428491294384003
5325,0.12905406951904297,0.9511249661445618,0.02040037140250206,0.02400693881688308,0.2443995326757431
5350,0.1290295124053955,0.9510833024978638,0.020236995071172714,0.023754449919084587,0.24451293051242828
5375,0.1290053278207779,0.9510833024978638,0.020095359534025192,0.023561328444041497,0.24462513625621796
5400,0.12898153066635132,0.9511249661445618,0.019958864897489548,0.023371297883363125,0.2447361946105957
5425,0.128958061337471,0.9511249661445618,0.019835637882351875,0.0232124820190956,0.24484600126743317
5450,0.12893489003181458,0.9511249661445618,0.019711708649992943,0.023055000570910006,0.2449546605348587
5475,0.1289120465517044,0.9511666297912598,0.019600331783294678,0.022905001128599615,0.24506217241287231
5500,0.12888944149017334,0.9511666297912598,0.019492853432893753,0.022769086156671493,0.24516849219799042
5525,0.12886711955070496,0.9511666297912598,0.019373571500182152,0.022616568023048563,0.24527369439601898
5550,0.12884509563446045,0.9511666297912598,0.019260652363300323,0.02246740588669238,0.24537783861160278
5575,0.12882332503795624,0.9511666297912598,0.019162492826581,0.02233251790046946,0.24548092484474182
5600,0.1288018375635147,0.9511666297912598,0.019054261967539787,0.022156082482952474,0.24558301270008087
5625,0.12878066301345825,0.9511666297912598,0.01893148198723793,0.02195010953501406,0.24568410217761993
5650,0.12875978648662567,0.9511666297912598,0.018824651837348938,0.021802416271805614,0.24578413367271423
5675,0.1287391483783722,0.9511666297912598,0.0187081191688776,0.021657459075103372,0.24588310718536377
5700,0.1287187784910202,0.9511666297912598,0.01861240714788437,0.021530236959521873,0.24598093330860138
5725,0.12869864702224731,0.9512082934379578,0.018521571531891823,0.021409639582344892,0.2460777461528778
5750,0.12867872416973114,0.9511666297912598,0.01841617189347744,0.021270739777013135,0.24617354571819305
5775,0.12865903973579407,0.9511666297912598,0.01832919381558895,0.021149677422846735,0.24626843631267548
5800,0.1286395788192749,0.9511666297912598,0.01823175698518753,0.02101645443330669,0.24636240303516388
5825,0.12862035632133484,0.9512082934379578,0.01810903288424015,0.02087363774595551,0.24645543098449707
5850,0.12860138714313507,0.9512500166893005,0.018013129010796547,0.020731516202685756,0.24654744565486908
5875,0.1285826563835144,0.9512500166893005,0.01792101003229618,0.02058084137469205,0.24663850665092468
5900,0.12856414914131165,0.9512500166893005,0.01784162037074566,0.020464880621128674,0.24672864377498627
5925,0.12854580581188202,0.9512500166893005,0.017766311764717102,0.0203381654022911,0.24681787192821503
5950,0.1285276561975479,0.9512500166893005,0.017687426880002022,0.020224464811057885,0.24690625071525574
5975,0.12850968539714813,0.9512500166893005,0.01761656627058983,0.02012615085410377,0.2469937652349472
6000,0.12849189341068268,0.9512500166893005,0.01751990243792534,0.020006482365670455,0.24708044528961182
6025,0.12847431004047394,0.9512500166893005,0.017414191737771034,0.01990978566964045,0.24716614186763763
6050,0.12845690548419952,0.9512500166893005,0.01733989454805851,0.01980359729967441,0.24725085496902466
6075,0.12843962013721466,0.9512500166893005,0.01728907786309719,0.019763657137946755,0.247334823012352
6100,0.12842246890068054,0.9512916803359985,0.017217449843883514,0.019693445941980768,0.2474180907011032
6125,0.12840543687343597,0.9512500166893005,0.017151057720184326,0.019602492890532182,0.24750052392482758
6150,0.12838852405548096,0.9513333439826965,0.01709185540676117,0.0195189675009679,0.24758228659629822
6175,0.12837176024913788,0.9513333439826965,0.017023911699652672,0.019427513982109627,0.247663214802742
6200,0.12835514545440674,0.9513750076293945,0.016954466700553894,0.019336590716407667,0.2477434277534485
6225,0.12833870947360992,0.9513750076293945,0.01688295602798462,0.019226313327384333,0.24782288074493408
6250,0.12832240760326385,0.9513750076293945,0.016821131110191345,0.01911509794518091,0.2479015737771988
6275,0.12830626964569092,0.9513333439826965,0.016758311539888382,0.019019603902419763,0.24797950685024261
6300,0.12829026579856873,0.9513333439826965,0.01669846661388874,0.018932095455255808,0.24805676937103271
6325,0.12827441096305847,0.9512916803359985,0.01663624867796898,0.018856534124983348,0.2481333464384079
6350,0.12825864553451538,0.9512916803359985,0.016576755791902542,0.018782519610049002,0.24820922315120697
6375,0.12824301421642303,0.9512916803359985,0.01653296872973442,0.018702211935096656,0.2482844442129135
6400,0.12822750210762024,0.9512916803359985,0.0164781603962183,0.018629669816082113,0.24835896492004395
6425,0.1282120794057846,0.9512916803359985,0.01642533205449581,0.018590559171786404,0.24843285977840424
6450,0.12819676101207733,0.9512916803359985,0.016379641368985176,0.018489492947145296,0.248506098985672
6475,0.1281815618276596,0.9512916803359985,0.016322355717420578,0.01841276160903745,0.2485787272453308
6500,0.12816646695137024,0.9512916803359985,0.016272976994514465,0.018364636071677962,0.24865072965621948
6525,0.12815147638320923,0.9512500166893005,0.016220875084400177,0.018298417913178225,0.24872218072414398
6550,0.12813657522201538,0.9512500166893005,0.016164958477020264,0.018238559759816784,0.24879302084445953
6575,0.1281217783689499,0.9512500166893005,0.016117891296744347,0.01817954265439261,0.24886326491832733
6600,0.12810705602169037,0.9512500166893005,0.01607244275510311,0.018119187993042588,0.24893292784690857
6625,0.128092423081398,0.9512500166893005,0.01603678986430168,0.01806711569511322,0.24900203943252563
6650,0.12807787954807281,0.9512500166893005,0.016002021729946136,0.018017785858869206,0.24907059967517853
6675,0.1280633956193924,0.9512500166893005,0.01596529595553875,0.017963729867015384,0.24913857877254486
6700,0.12804900109767914,0.9512500166893005,0.015926890075206757,0.017903729611467266,0.24920602142810822
6725,0.12803468108177185,0.9512500166893005,0.015892451629042625,0.01785799883698237,0.2492729127407074
6750,0.12802043557167053,0.9512500166893005,0.015849050134420395,0.017798547593157715,0.2493392378091812
6775,0.128006249666214,0.9512082934379578,0.01581730879843235,0.017781898443197077,0.24940498173236847
6800,0.12799210846424103,0.9512082934379578,0.015800558030605316,0.017729692160642466,0.24947011470794678
6825,0.12797805666923523,0.9512082934379578,0.015750626102089882,0.017690247518113596,0.24953478574752808
6850,0.1279640644788742,0.9512082934379578,0.01572486013174057,0.017632635251694718,0.2495989352464676
6875,0.12795014679431915,0.9512082934379578,0.015699950978159904,0.017608542988617717,0.2496625781059265
6900,0.1279362589120865,0.9512082934379578,0.01564706303179264,0.01758423325338441,0.24972577393054962
6925,0.12792246043682098,0.9512500166893005,0.015623165294528008,0.017537441517072913,0.24978840351104736
6950,0.12790867686271667,0.9512500166893005,0.015600395388901234,0.017512852438585195,0.24985064566135406
6975,0.12789496779441833,0.9512500166893005,0.015554902143776417,0.017459798911087666,0.24991247057914734
7000,0.12788133323192596,0.9512500166893005,0.0155417425557971,0.01739090454840638,0.24997390806674957
7025,0.12786777317523956,0.9512500166893005,0.015501150861382484,0.017344565164479863,0.2500349283218384
7050,0.12785427272319794,0.9512500166893005,0.015471536666154861,0.017308836284673074,0.25009551644325256
7075,0.1278408318758011,0.9512082934379578,0.015454022213816643,0.017258296708582206,0.25015559792518616
7100,0.12782743573188782,0.9512916803359985,0.01542570535093546,0.01721418698098101,0.25021523237228394
7125,0.12781409919261932,0.9513333439826965,0.015390167944133282,0.01720135210766799,0.2502743899822235
7150,0.1278008222579956,0.9513333439826965,0.015355991199612617,0.01715108913129827,0.25033313035964966
7175,0.12778759002685547,0.9513750076293945,0.015331308357417583,0.01712056306629646,0.2503914535045624
7200,0.1277744174003601,0.9513750076293945,0.015302102081477642,0.017081191350296464,0.2504492998123169
7225,0.12776128947734833,0.9513750076293945,0.01528609823435545,0.017074550187543225,0.25050678849220276
7250,0.12774819135665894,0.9514166712760925,0.015268293209373951,0.017015150615725692,0.2505638897418976
7275,0.12773515284061432,0.9514583349227905,0.015234265476465225,0.016989258860067382,0.2506205439567566
7300,0.1277221441268921,0.9514583349227905,0.015220715664327145,0.016962078319993242,0.25067681074142456
7325,0.12770918011665344,0.9514583349227905,0.015188494697213173,0.016944362987813776,0.2507326900959015
7350,0.12769626080989838,0.9514583349227905,0.015166300348937511,0.01691776474509209,0.250788152217865
7375,0.1276833713054657,0.9514583349227905,0.015148384496569633,0.01690159191649136,0.2508432865142822
7400,0.1276705265045166,0.9514583349227905,0.015115673653781414,0.0168573863876266,0.25089800357818604
7425,0.1276577264070511,0.9514583349227905,0.015106147155165672,0.016841398205684185,0.2509523630142212
7450,0.12764494121074677,0.9514583349227905,0.015078428201377392,0.016806816284356742,0.2510063946247101
7475,0.12763221561908722,0.9514999985694885,0.015033554285764694,0.01676214129253524,0.25105997920036316
7500,0.12761956453323364,0.9514999985694885,0.01501489244401455,0.01672357633599267,0.25111305713653564
7525,0.12760697305202484,0.9514999985694885,0.014988631941378117,0.016692119864240084,0.2511657774448395
7550,0.12759439647197723,0.9514999985694885,0.014967375434935093,0.016664958727553813,0.25121816992759705
7575,0.1275818645954132,0.9514999985694885,0.014956832863390446,0.016652399855962754,0.2512701153755188
7600,0.12756934762001038,0.9514999985694885,0.014948796480894089,0.016622498110409393,0.2513217628002167
7625,0.12755689024925232,0.9514999985694885,0.01490868628025055,0.016618194557376714,0.2513729929924011
7650,0.12754444777965546,0.9514999985694885,0.014892799779772758,0.016596654325954415,0.25142380595207214
7675,0.1275320053100586,0.9514999985694885,0.014883109368383884,0.016582638786843185,0.2514743506908417
7700,0.1275196075439453,0.9515416622161865,0.014866724610328674,0.016562338608392235,0.25152456760406494
7725,0.1275072544813156,0.9515416622161865,0.014849858358502388,0.016527719825354573,0.25157445669174194
7750,0.1274949312210083,0.9515833258628845,0.014833937399089336,0.01650166762765573,0.25162410736083984
7775,0.12748263776302338,0.9515833258628845,0.01482087280601263,0.016485760523924396,0.25167348980903625
7800,0.12747035920619965,0.9515833258628845,0.014806757681071758,0.016467968473443596,0.2517225444316864
7825,0.1274581253528595,0.9515833258628845,0.014793178997933865,0.016451013005797852,0.25177130103111267
7850,0.12744587659835815,0.9515833258628845,0.014786173589527607,0.01645440815064173,0.25181981921195984
7875,0.127433642745018,0.9515833258628845,0.014773068018257618,0.016466744928396806,0.2518680989742279
7900,0.12742142379283905,0.9515833258628845,0.01475660502910614,0.016444499570209103,0.2519160211086273
7925,0.1274092197418213,0.9515833258628845,0.014752238057553768,0.016425399998145674,0.2519637644290924
7950,0.12739704549312592,0.9515833258628845,0.014730225317180157,0.016415829172240614,0.2520112097263336
7975,0.12738490104675293,0.9515833258628845,0.014736075885593891,0.016403380900032797,0.25205838680267334
8000,0.12737275660037994,0.9516249895095825,0.014720034785568714,0.016398512873239745,0.25210535526275635
8025,0.12736064195632935,0.9516249895095825,0.01471275370568037,0.01637190699390082,0.2521520256996155
8050,0.12734852731227875,0.9516249895095825,0.01469885092228651,0.01635691991553491,0.2521984875202179
8075,0.12733644247055054,0.9516249895095825,0.014689360745251179,0.016345312116714052,0.2522447109222412
8100,0.12732438743114471,0.9516249895095825,0.014688719995319843,0.016340911557005205,0.25229066610336304
8125,0.1273123174905777,0.9516249895095825,0.014669731259346008,0.016321998771941345,0.2523363530635834
8150,0.12730029225349426,0.9516249895095825,0.01466724555939436,0.01629778714764768,0.2523817718029022
8175,0.12728828191757202,0.9516249895095825,0.014644910581409931,0.016286774762481995,0.2524269223213196
8200,0.12727630138397217,0.9516249895095825,0.014658884145319462,0.01629882567489484,0.25247183442115784
8225,0.12726430594921112,0.9516249895095825,0.014641212299466133,0.01630430404452753,0.252516508102417
8250,0.12725228071212769,0.9516249895095825,0.014652480371296406,0.016311378406945874,0.25256088376045227
8275,0.12724027037620544,0.9516249895095825,0.014642585068941116,0.016314809630230888,0.25260499119758606
8300,0.1272282600402832,0.9516249895095825,0.014626198448240757,0.01630769401012971,0.2526489496231079
8325,0.12721624970436096,0.9516249895095825,0.014631019905209541,0.01632815575356305,0.25269269943237305
8350,0.12720423936843872,0.9516666531562805,0.014625946059823036,0.016317144939646963,0.25273627042770386
8375,0.12719224393367767,0.9516666531562805,0.014608318917453289,0.016308686874036086,0.25277966260910034
8400,0.12718024849891663,0.9516666531562805,0.014607300981879234,0.016308992478390363,0.2528228461742401
8425,0.12716828286647797,0.9516666531562805,0.014589350670576096,0.01630931902499107,0.25286585092544556
8450,0.1271563321352005,0.9516666531562805,0.01457992848008871,0.01628687156030295,0.2529085874557495
8475,0.12714438140392303,0.9516666531562805,0.014574022963643074,0.016279013637520715,0.25295111536979675
8500,0.12713246047496796,0.9516666531562805,0.014578379690647125,0.016270940729763626,0.25299346446990967
8525,0.12712053954601288,0.9516666531562805,0.01456865668296814,0.016252136095405576,0.25303560495376587
8550,0.1271086484193802,0.9516666531562805,0.01456298679113388,0.016245370647319967,0.25307756662368774
8575,0.1270967274904251,0.9516666531562805,0.014567949809134007,0.016254064940727796,0.2531193494796753
8600,0.12708482146263123,0.9516666531562805,0.014555228874087334,0.016250378578981525,0.25316089391708374
8625,0.12707294523715973,0.9516666531562805,0.014551844447851181,0.01623247202384972,0.25320228934288025
8650,0.12706106901168823,0.9516666531562805,0.014549553394317627,0.016201780278054752,0.25324347615242004
8675,0.12704922258853912,0.9516666531562805,0.014539308845996857,0.0162022032397976,0.2532844841480255
8700,0.12703737616539001,0.9516666531562805,0.014535587280988693,0.016194927514038372,0.25332531332969666
8725,0.1270255446434021,0.9516666531562805,0.01452726311981678,0.016185334199694725,0.25336602330207825
8750,0.12701372802257538,0.9516666531562805,0.014529465697705746,0.01616414719315994,0.2534065246582031
8775,0.12700192630290985,0.9516666531562805,0.014507779851555824,0.0161589645384431,0.2534468173980713
8800,0.1269901543855667,0.9516666531562805,0.01451216358691454,0.01613601776312732,0.25348684191703796
8825,0.12697839736938477,0.9516666531562805,0.014495354145765305,0.016140144425388206,0.2535267174243927
8850,0.12696662545204163,0.9516666531562805,0.014490644447505474,0.016135358763794953,0.2535664439201355
8875,0.12695488333702087,0.9516666531562805,0.014499366283416748,0.016108745685931125,0.25360602140426636
8900,0.1269431710243225,0.9516666531562805,0.0144778061658144,0.016099784611289695,0.2536453604698181
8925,0.12693144381046295,0.9516666531562805,0.01447907742112875,0.01609058255421326,0.25368455052375793
8950,0.1269197314977646,0.9516666531562805,0.01446425449103117,0.01606289377447566,0.25372353196144104
8975,0.126908078789711,0.9516666531562805,0.014455211348831654,0.016056877082060002,0.25376227498054504
9000,0.12689639627933502,0.9516666531562805,0.014448919333517551,0.016043269858959663,0.2538008689880371
9025,0.12688475847244263,0.9516666531562805,0.014431267976760864,0.016044658300205114,0.2538391351699829
9050,0.12687312066555023,0.9516666531562805,0.01442959625273943,0.016039506610180932,0.2538772225379944
9075,0.12686145305633545,0.9516666531562805,0.014465346932411194,0.01605149791141549,0.25391510128974915
9100,0.12684978544712067,0.9516666531562805,0.01446190383285284,0.01604837797703895,0.25395286083221436
9125,0.12683811783790588,0.9516666531562805,0.0144576421007514,0.016048645537363355,0.2539904713630676
9150,0.1268264502286911,0.9516666531562805,0.014456082135438919,0.016045006938691604,0.25402796268463135
9175,0.12681478261947632,0.9516666531562805,0.01445180457085371,0.016050659916353113,0.25406530499458313
9200,0.12680312991142273,0.9516666531562805,0.014463784173130989,0.016046433661770762,0.25410258769989014
9225,0.12679146230220795,0.9516249895095825,0.014462823048233986,0.01604587631295062,0.25413981080055237
9250,0.12677980959415436,0.9516249895095825,0.014457553625106812,0.016042143078950157,0.2541768550872803
9275,0.12676814198493958,0.9516249895095825,0.014454927295446396,0.016034441136366165,0.25421378016471863
9300,0.12675650417804718,0.9516249895095825,0.014451044611632824,0.01603940484333191,0.25425055623054504
9325,0.1267448514699936,0.9516249895095825,0.014435277320444584,0.016024029577405882,0.2542872428894043
9350,0.1267332285642624,0.9516249895095825,0.014432089403271675,0.016040439720489706,0.254323810338974
9375,0.12672159075737,0.9516249895095825,0.014425380155444145,0.016041909525327684,0.2543601989746094
9400,0.1267099529504776,0.9516249895095825,0.014424605295062065,0.016049128262002915,0.2543964982032776
9425,0.1266983151435852,0.9516249895095825,0.014432850293815136,0.016039402173844086,0.254432737827301
9450,0.126686692237854,0.9516249895095825,0.014425874687731266,0.016044022368608066,0.2544688284397125
9475,0.1266750544309616,0.9516666531562805,0.014426914975047112,0.016047513781548235,0.25450482964515686
9500,0.12666338682174683,0.9516666531562805,0.01442976575344801,0.01605627187807958,0.25454074144363403
9525,0.12665173411369324,0.9516666531562805,0.014419485814869404,0.01608295523934186,0.25457650423049927
9550,0.12664008140563965,0.9516666531562805,0.014421404339373112,0.016069760387761752,0.25461211800575256
9575,0.12662841379642487,0.9517083168029785,0.014421271160244942,0.016073185256379005,0.2546475827693939
9600,0.12661676108837128,0.9517499804496765,0.014423210173845291,0.016083343228278077,0.2546829581260681
9625,0.1266050934791565,0.9517499804496765,0.014430531300604343,0.01608623598601061,0.25471824407577515
9650,0.12659339606761932,0.9517499804496765,0.014445384964346886,0.016113956511469574,0.2547534704208374
9675,0.12658168375492096,0.9517499804496765,0.01442143227905035,0.016113084388437456,0.2547885477542877
9700,0.12657000124454498,0.9517499804496765,0.014436147175729275,0.016104466491638394,0.2548235058784485
9725,0.1265583038330078,0.9517499804496765,0.014439557678997517,0.016111313844315907,0.2548583447933197
9750,0.12654659152030945,0.9517499804496765,0.01445060409605503,0.016102745344194536,0.25489309430122375
9775,0.12653489410877228,0.9517499804496765,0.014448699541389942,0.01610158124934797,0.25492775440216064
9800,0.1265232115983963,0.9517499804496765,0.014418159611523151,0.016088084794815865,0.25496232509613037
9825,0.12651152908802032,0.9517499804496765,0.014433775097131729,0.016075825258109827,0.2549968361854553
9850,0.12649987637996674,0.9517499804496765,0.014423471875488758,0.01609071289296987,0.2550312280654907
9875,0.12648819386959076,0.9517499804496765,0.014423494227230549,0.01609279474635287,0.25506553053855896
9900,0.12647652626037598,0.9517499804496765,0.014431649819016457,0.016089279651958752,0.2550997734069824
9925,0.12646484375,0.9517499804496765,0.01443108357489109,0.01609066649993713,0.2551339268684387
9950,0.12645316123962402,0.9517916440963745,0.014438106678426266,0.016072388505650147,0.25516796112060547
9975,0.12644149363040924,0.9518333077430725,0.014437027275562286,0.01607447297183795,0.25520190596580505
10000,0.12642982602119446,0.9518333077430725,0.014438495971262455,0.01608896636942766,0.25523579120635986
10025,0.12641814351081848,0.9518333077430725,0.014442629180848598,0.016059305544987877,0.2552695870399475
10050,0.1264064908027649,0.9518333077430725,0.014434823766350746,0.016074518788678566,0.2553032636642456
10075,0.1263948231935501,0.9518333077430725,0.01442690845578909,0.016078486683354397,0.2553367614746094
10100,0.12638315558433533,0.9518333077430725,0.014425398781895638,0.016081754821439875,0.255370169878006
10125,0.12637150287628174,0.9518333077430725,0.01442015077918768,0.016068924994393895,0.2554035782814026
10150,0.12635983526706696,0.9518333077430725,0.01442063320428133,0.01606870766777585,0.2554369270801544
10175,0.12634818255901337,0.9518333077430725,0.014431177638471127,0.016073177848452986,0.2554701864719391
10200,0.12633651494979858,0.9518333077430725,0.01444464735686779,0.016083056677707028,0.2555033266544342
10225,0.1263248175382614,0.9518333077430725,0.014453270472586155,0.016103401415034586,0.2555364668369293
10250,0.12631310522556305,0.9518333077430725,0.014466340653598309,0.01609139665217798,0.2555694878101349
10275,0.12630140781402588,0.9518333077430725,0.014462864026427269,0.016116582303781306,0.25560250878334045
10300,0.12628969550132751,0.9518333077430725,0.014461657032370567,0.01611088176655303,0.25563544034957886
10325,0.12627796828746796,0.9518333077430725,0.014463171362876892,0.016113754010215163,0.2556683421134949
10350,0.1262662410736084,0.9518333077430725,0.014476929791271687,0.016101273311462234,0.2557012140750885
10375,0.12625451385974884,0.9518333077430725,0.014475011266767979,0.01613292787252398,0.25573408603668213
10400,0.1262427717447281,0.9518333077430725,0.014472250826656818,0.016128491665687663,0.2557668387889862
10425,0.12623102962970734,0.9518333077430725,0.014480638317763805,0.016116766912567738,0.2557995915412903
10450,0.12621930241584778,0.9518333077430725,0.014482904225587845,0.016121315378746084,0.2558322846889496
10475,0.12620756030082703,0.9518333077430725,0.0144870076328516,0.016147805323527286,0.2558648884296417
10500,0.1261957734823227,0.9518333077430725,0.014493666589260101,0.01615887928267143,0.2558974325656891
10525,0.12618400156497955,0.9518333077430725,0.01449547614902258,0.016165102725452064,0.2559299170970917
10550,0.12617221474647522,0.9518749713897705,0.014484673738479614,0.01616822634825298,0.2559623122215271
10575,0.1261604279279709,0.9518749713897705,0.014496025629341602,0.016173415094637288,0.25599464774131775
10600,0.12614864110946655,0.9518749713897705,0.014496506191790104,0.016190206091246332,0.2560269236564636
10625,0.12613682448863983,0.9518749713897705,0.014500263147056103,0.01618768475987224,0.25605908036231995
10650,0.1261250227689743,0.9518749713897705,0.014503780752420425,0.016175208300434955,0.2560912072658539
10675,0.12611322104930878,0.9518749713897705,0.014505427330732346,0.016196051097756514,0.25612327456474304
10700,0.12610140442848206,0.9518749713897705,0.014509830623865128,0.01619563568681492,0.2561552822589874
10725,0.12608957290649414,0.9518749713897705,0.014514141716063023,0.01620246797268172,0.25618723034858704
10750,0.12607774138450623,0.9518749713897705,0.014513159170746803,0.01620621230764144,0.25621917843818665
10775,0.1260659098625183,0.9519166350364685,0.014500297605991364,0.01620542921108306,0.2562510669231415
10800,0.1260540932416916,0.9519166350364685,0.014490189030766487,0.016227081492729584,0.2562829554080963
10825,0.12604226171970367,0.9518749713897705,0.014498760923743248,0.016248794685479594,0.25631484389305115
10850,0.12603040039539337,0.9518333077430725,0.014492553658783436,0.016244339665458588,0.2563466429710388
10875,0.12601855397224426,0.9518333077430725,0.014495889656245708,0.016248741185985446,0.2563784122467041
10900,0.12600669264793396,0.9518333077430725,0.014489822089672089,0.01624899844800448,0.256410151720047
10925,0.12599481642246246,0.9518333077430725,0.01450470183044672,0.01626732743892519,0.2564419209957123
10950,0.12598295509815216,0.9518749713897705,0.014508047141134739,0.016272179955860618,0.2564736306667328
10975,0.12597104907035828,0.9519582986831665,0.01451016403734684,0.016283612201651327,0.2565053701400757
11000,0.12595917284488678,0.9519582986831665,0.014514039270579815,0.0162886249111978,0.2565370202064514
11025,0.1259472668170929,0.9519582986831665,0.014517853036522865,0.01628384914276115,0.25656870007514954
11050,0.1259353756904602,0.9519582986831665,0.014523038640618324,0.016271826088748536,0.2566003203392029
11075,0.12592348456382751,0.9519582986831665,0.014525061473250389,0.016292802784699818,0.2566319704055786
11100,0.12591156363487244,0.9519582986831665,0.014525914564728737,0.016303403861953666,0.25666362047195435
11125,0.12589962780475616,0.9519166350364685,0.01454123854637146,0.016314561124488623,0.2566952705383301
11150,0.1258876770734787,0.9519166350364685,0.014544505625963211,0.01632666728913119,0.2567268908023834
11175,0.12587572634220123,0.9519582986831665,0.014551512897014618,0.01633114992398276,0.25675851106643677
11200,0.12586376070976257,0.9519582986831665,0.014557017013430595,0.016337547658892632,0.2567901015281677
11225,0.1258517950773239,0.9519582986831665,0.014551304280757904,0.01633893285228307,0.2568216621875763
11250,0.12583979964256287,0.9519582986831665,0.014565273188054562,0.0163661496935713,0.25685322284698486
11275,0.12582780420780182,0.9519582986831665,0.014553748071193695,0.01638854855038566,0.25688478350639343
11300,0.12581579387187958,0.9519582986831665,0.014556548558175564,0.01639445981201324,0.256916344165802
11325,0.12580376863479614,0.9519582986831665,0.014561320655047894,0.01639904149820651,0.2569478452205658
11350,0.1257917433977127,0.9519582986831665,0.014571025967597961,0.016393405011072757,0.2569792866706848
11375,0.12577970325946808,0.9519582986831665,0.014571979641914368,0.01643245541970445,0.25701069831848145
11400,0.12576761841773987,0.9519582986831665,0.014597544446587563,0.01644443031078849,0.2570422887802124
11425,0.12575553357601166,0.9519582986831665,0.014593970961868763,0.01648028390191224,0.2570738196372986
11450,0.12574340403079987,0.9519582986831665,0.014601805247366428,0.01649089425020605,0.25710541009902954
11475,0.12573127448558807,0.9519582986831665,0.014597947709262371,0.0164940465854743,0.25713691115379333
11500,0.12571914494037628,0.9519582986831665,0.01461216900497675,0.01650145675733561,0.25716838240623474
11525,0.1257070004940033,0.9519582986831665,0.014620572328567505,0.016514679788288987,0.25719979405403137
11550,0.12569482624530792,0.9519582986831665,0.014625457115471363,0.016518587414608436,0.257231205701828
11575,0.12568265199661255,0.9519582986831665,0.01464399415999651,0.016533967203638835,0.25726258754730225
11600,0.1256704479455948,0.9519999623298645,0.014650622382760048,0.01654342237034378,0.2572939693927765
11625,0.12565824389457703,0.9519999623298645,0.014655587263405323,0.016541231222697433,0.25732535123825073
11650,0.12564603984355927,0.9519999623298645,0.014668777585029602,0.016546621229644464,0.2573567032814026
11675,0.12563379108905792,0.9520416855812073,0.014676341786980629,0.016591808547412896,0.25738808512687683
11700,0.1256215125322342,0.9520416855812073,0.014677999541163445,0.016607185712638237,0.2574194073677063
11725,0.12560921907424927,0.9520416855812073,0.014681525528430939,0.016609822339881782,0.2574506998062134
11750,0.12559694051742554,0.9520416855812073,0.014695100486278534,0.01662189565173379,0.25748202204704285
11775,0.1255846470594406,0.9520833492279053,0.014693690463900566,0.016622625672200547,0.2575133442878723
11800,0.1255723237991333,0.9520833492279053,0.01469433307647705,0.016625755868331392,0.25754469633102417
11825,0.12556001543998718,0.9520833492279053,0.014713617041707039,0.016622550530841475,0.25757598876953125
11850,0.12554766237735748,0.9520833492279053,0.0147122573107481,0.01668008691778749,0.2576073110103607
11875,0.1255352944135666,0.9520833492279053,0.014717727899551392,0.016679018802028166,0.2576386630535126
11900,0.1255229264497757,0.9520833492279053,0.014733240939676762,0.016675762592976335,0.2576700448989868
11925,0.1255105435848236,0.9520833492279053,0.014724401757121086,0.01669129096382315,0.25770142674446106
11950,0.12549816071987152,0.9520833492279053,0.014731382951140404,0.01669828535358118,0.2577328085899353
11975,0.12548576295375824,0.9520833492279053,0.014751622453331947,0.01670099021826025,0.25776416063308716
12000,0.12547335028648376,0.9520833492279053,0.01473482046276331,0.016705364884338852,0.257795512676239
12025,0.1254609376192093,0.9520833492279053,0.014765545725822449,0.016696719990198682,0.2578267753124237
12050,0.12544851005077362,0.9520833492279053,0.01477595791220665,0.016697667880819965,0.257858008146286
12075,0.12543606758117676,0.9520833492279053,0.014784217812120914,0.0167032082551512,0.2578892409801483
12100,0.1254236400127411,0.9520833492279053,0.014792848378419876,0.01669734376827418,0.257920503616333
12125,0.12541119754314423,0.9520833492279053,0.014797702431678772,0.016702609524951235,0.2579517960548401
12150,0.12539872527122498,0.9520833492279053,0.014799554832279682,0.016714095992040868,0.25798311829566956
12175,0.1253862828016281,0.9520833492279053,0.014783544465899467,0.016717203975653697,0.25801441073417664
12200,0.12537384033203125,0.9521250128746033,0.014779540710151196,0.01671120540232916,0.2580457031726837
12225,0.1253613829612732,0.9521250128746033,0.014786479994654655,0.016716029551137063,0.2580769956111908
12250,0.12534891068935394,0.9521666765213013,0.014806217513978481,0.016733414888296425,0.25810831785202026
12275,0.1253364384174347,0.9521666765213013,0.014797951094806194,0.016749003397278934,0.25813964009284973
12300,0.12532395124435425,0.9521666765213013,0.014814035966992378,0.016735227950830364,0.258171021938324
12325,0.1253114640712738,0.9521666765213013,0.014819120988249779,0.01674005612131672,0.25820237398147583
12350,0.12529896199703217,0.9521666765213013,0.014818320982158184,0.016748252198595118,0.2582337260246277
12375,0.12528645992279053,0.9521666765213013,0.014828125014901161,0.01675110964251885,0.25826507806777954
12400,0.1252739280462265,0.9521666765213013,0.014826606959104538,0.016747076510884234,0.2582964599132538
12425,0.12526141107082367,0.9521666765213013,0.014837730675935745,0.016753029130990544,0.2583278715610504
12450,0.12524889409542084,0.9521666765213013,0.014839936047792435,0.016752626189579956,0.25835928320884705
12475,0.1252363622188568,0.9522083401679993,0.01487327553331852,0.016786670692094288,0.25839075446128845
12500,0.1252238154411316,0.9522083401679993,0.014864292927086353,0.016767769739481672,0.2584223449230194
12525,0.12521125376224518,0.9522500038146973,0.014864715747535229,0.01677773473598541,0.25845393538475037
12550,0.12519869208335876,0.9522500038146973,0.01486867293715477,0.01678212458281585,0.2584855258464813
12575,0.12518611550331116,0.9522500038146973,0.014878553338348866,0.016783078390782673,0.25851714611053467
12600,0.12517353892326355,0.9522500038146973,0.014879056252539158,0.016786892689505194,0.258548766374588
12625,0.12516094744205475,0.9522500038146973,0.014886380173265934,0.01680876664684932,0.25858038663864136
12650,0.12514834105968475,0.9522500038146973,0.014907604083418846,0.0167967890245936,0.25861209630966187
12675,0.12513571977615356,0.9522500038146973,0.014908590354025364,0.01681019305599672,0.25864383578300476
12700,0.12512311339378357,0.9522500038146973,0.014905362389981747,0.016828225186283664,0.25867557525634766
12725,0.1251104772090912,0.9522500038146973,0.014919602312147617,0.01681525853142643,0.25870734453201294
12750,0.1250978410243988,0.9522500038146973,0.014925679191946983,0.016821615258020044,0.2587391138076782
12775,0.12508517503738403,0.9522500038146973,0.014931609854102135,0.01682863922628125,0.2587709426879883
12800,0.12507252395153046,0.9522500038146973,0.014925802126526833,0.01683645296053197,0.25880274176597595
12825,0.12505985796451569,0.9522500038146973,0.014934304170310497,0.01684376493658221,0.2588345408439636
12850,0.12504717707633972,0.9522500038146973,0.014946570619940758,0.016852748406189194,0.25886639952659607
12875,0.12503451108932495,0.9522500038146973,0.014948884956538677,0.016857500200326312,0.2588982880115509
12900,0.1250217854976654,0.9522916674613953,0.0149660874158144,0.016874475017138634,0.2589302062988281
12925,0.12500907480716705,0.9523333311080933,0.014968556351959705,0.016873446131958774,0.25896215438842773
12950,0.1249963641166687,0.9523333311080933,0.014952327124774456,0.016874022119563157,0.2589941620826721
12975,0.12498363852500916,0.9523333311080933,0.01499347947537899,0.01686661321800149,0.2590261697769165
13000,0.12497090548276901,0.9522916674613953,0.015002692118287086,0.016847775250057748,0.2590581774711609
13025,0.12495818734169006,0.9522916674613953,0.014986639842391014,0.016869296828935884,0.2590900957584381
13050,0.12494545429944992,0.9522916674613953,0.015025343745946884,0.0168462995285146,0.25912198424339294
13075,0.12493272125720978,0.9522916674613953,0.015003296546638012,0.0168618234653287,0.2591538727283478
13100,0.12492000311613083,0.9522916674613953,0.014995193108916283,0.016855247590796468,0.25918567180633545
13125,0.12490725517272949,0.9522916674613953,0.015016201883554459,0.016866053030828745,0.2592175304889679
13150,0.12489450722932816,0.9522916674613953,0.015005731023848057,0.016882206406395178,0.25924935936927795
13175,0.12488175183534622,0.9522916674613953,0.015007933601737022,0.01688907475040604,0.2592812776565552
13200,0.12486899644136429,0.9523333311080933,0.015013993717730045,0.016900830061948566,0.2593132257461548
13225,0.12485621869564056,0.9523333311080933,0.01502901315689087,0.016899060605749187,0.2593451738357544
13250,0.12484342604875565,0.9523333311080933,0.015019425190985203,0.016919518065266093,0.2593771815299988
13275,0.12483062595129013,0.9523333311080933,0.015039109624922276,0.01691386481529292,0.25940918922424316
13300,0.12481781095266342,0.9523333311080933,0.015035300515592098,0.01693316779597876,0.2594411373138428
13325,0.12480498850345612,0.9523333311080933,0.015052969567477703,0.016929766198971827,0.2594730854034424
13350,0.12479215115308762,0.9523333311080933,0.015059852041304111,0.01695373825819957,0.25950509309768677
13375,0.12477929890155792,0.9523749947547913,0.015079358592629433,0.016945121821087237,0.2595372200012207
13400,0.12476643919944763,0.9524166584014893,0.015060465782880783,0.016960320998821322,0.259569376707077
13425,0.12475357204675674,0.9524166584014893,0.015089120715856552,0.016951102278802966,0.25960156321525574
13450,0.12474069744348526,0.9524166584014893,0.01506588514894247,0.016984872051034616,0.2596338093280792
13475,0.12472780048847198,0.9524166584014893,0.015100519172847271,0.0169708976145859,0.2596660852432251
13500,0.12471490353345871,0.9524166584014893,0.0151111651211977,0.016971872586028343,0.25969836115837097
13525,0.12470198422670364,0.9524166584014893,0.015096043236553669,0.01700458801785451,0.2597306966781616
13550,0.12468906491994858,0.9524166584014893,0.015102597884833813,0.016986171439287205,0.2597629427909851
13575,0.12467615306377411,0.9524166584014893,0.015118262730538845,0.016984907249533037,0.259795218706131
13600,0.12466322630643845,0.9524583220481873,0.01511229295283556,0.01699481049882328,0.25982755422592163
13625,0.12465028464794159,0.9524583220481873,0.015124620869755745,0.016989323665230226,0.2598598897457123
13650,0.12463735044002533,0.9524583220481873,0.015133384615182877,0.016993834682359557,0.2598922550678253
13675,0.12462437897920609,0.9524583220481873,0.015163809061050415,0.017009765554657223,0.25992465019226074
13700,0.12461138516664505,0.9524999856948853,0.015168977901339531,0.017018252068912727,0.25995707511901855
13725,0.12459839880466461,0.9524999856948853,0.01516262348741293,0.017033642509878457,0.259989470243454
13750,0.12458539009094238,0.9524999856948853,0.0151652991771698,0.01707938315149046,0.26002195477485657
13775,0.12457232177257538,0.9524999856948853,0.015165357850492,0.017090812680819918,0.26005449891090393
13800,0.12455928325653076,0.9525416493415833,0.015181885100901127,0.01708515784091849,0.2600872218608856
13825,0.12454622238874435,0.9525416493415833,0.015180323272943497,0.017091380833289475,0.2601199746131897
13850,0.12453315407037735,0.9525416493415833,0.015182964503765106,0.01710132942766341,0.26015275716781616
13875,0.12452007085084915,0.9525833129882812,0.015189364552497864,0.017111574230134725,0.260185569524765
13900,0.12450698763132095,0.9526249766349792,0.015195468440651894,0.017117996635384016,0.26021841168403625
13925,0.12449388206005096,0.9526249766349792,0.015200362540781498,0.017128130035483528,0.2602512538433075
13950,0.12448076158761978,0.9526666402816772,0.015209297649562359,0.01713396485593598,0.2602841258049011
13975,0.1244676411151886,0.9526666402816772,0.01521094050258398,0.017146025989715378,0.2603170573711395
14000,0.12445449829101562,0.9526666402816772,0.015218662098050117,0.017151657310610937,0.2603500485420227
14025,0.12444135546684265,0.9526666402816772,0.015225566923618317,0.01715612360406086,0.26038309931755066
14050,0.12442818284034729,0.9526666402816772,0.015252212062478065,0.017167563305617087,0.2604161202907562
14075,0.12441501021385193,0.9527083039283752,0.015234904363751411,0.017164561363313666,0.26044923067092896
14100,0.12440181523561478,0.9527083039283752,0.015236746519804,0.017188548083164033,0.26048240065574646
14125,0.12438862770795822,0.9527083039283752,0.01523876003921032,0.01720121144141067,0.26051563024520874
14150,0.12437540292739868,0.9527083039283752,0.015266163274645805,0.0171991162940014,0.260548859834671
14175,0.12436217069625854,0.9527083039283752,0.015271981246769428,0.017222356913141248,0.2605820894241333
14200,0.12434891611337662,0.9527499675750732,0.015278125181794167,0.017237291979898824,0.26061534881591797
14225,0.12433565407991409,0.9527916312217712,0.015303775668144226,0.017230221846422894,0.2606486976146698
14250,0.12432237714529037,0.9527916312217712,0.015275683254003525,0.01725464043682404,0.26068204641342163
14275,0.12430910021066666,0.9527916312217712,0.01528204046189785,0.017262044259999294,0.2607154846191406
14300,0.12429579347372055,0.9527916312217712,0.015306728892028332,0.017254412590154887,0.26074889302253723
14325,0.12428250163793564,0.9527916312217712,0.015313629992306232,0.017263481822884074,0.26078230142593384
14350,0.12426918745040894,0.9527916312217712,0.015319440513849258,0.0172613369331217,0.2608157992362976
14375,0.12425585836172104,0.9528332948684692,0.015308032743632793,0.017283241730210237,0.26084932684898376
14400,0.12424252182245255,0.952875018119812,0.01533682644367218,0.017282798787687154,0.2608828544616699
14425,0.12422916293144226,0.952875018119812,0.01534226443618536,0.017290848779498123,0.26091644167900085
14450,0.12421579658985138,0.952875018119812,0.015336400829255581,0.017330943792603252,0.2609500288963318
14475,0.12420240789651871,0.952875018119812,0.015363834798336029,0.017316893324729864,0.2609836161136627
14500,0.12418901175260544,0.95291668176651,0.01535565871745348,0.017346708548010105,0.2610173225402832
14525,0.12417557835578918,0.95291668176651,0.015384215861558914,0.01734765505988263,0.2610510289669037
14550,0.12416215240955353,0.95291668176651,0.015393278561532497,0.017344292025089143,0.26108479499816895
14575,0.12414868175983429,0.95291668176651,0.015397749841213226,0.017388071043125314,0.26111865043640137
14600,0.12413518875837326,0.95291668176651,0.015402872115373611,0.017396032540094624,0.26115256547927856
14625,0.12412170320749283,0.952958345413208,0.015391656197607517,0.01741087332582984,0.26118654012680054
14650,0.1241081953048706,0.953000009059906,0.015412699431180954,0.017393599858129823,0.2612206041812897
14675,0.12409469485282898,0.953000009059906,0.015401657670736313,0.017418724125146574,0.2612546682357788
14700,0.12408117204904556,0.953000009059906,0.015424462966620922,0.017409558777701475,0.2612888216972351
14725,0.12406764924526215,0.953000009059906,0.01541403029114008,0.01743488749191025,0.261322945356369
14750,0.12405409663915634,0.953000009059906,0.015442055650055408,0.017437706319722253,0.2613570988178253
14775,0.12404051423072815,0.953000009059906,0.01544010266661644,0.01746278156835588,0.2613913118839264
14800,0.12402692437171936,0.953000009059906,0.015430067665874958,0.01748822343381994,0.2614254951477051
14825,0.12401331216096878,0.953000009059906,0.015472114086151123,0.01748250878528542,0.26145973801612854
14850,0.123999685049057,0.953000009059906,0.015462815761566162,0.017508529193925308,0.2614940404891968
14875,0.12398604303598404,0.953000009059906,0.015475190244615078,0.017491337050398528,0.2615284025669098
14900,0.12397240102291107,0.953000009059906,0.015493874438107014,0.017479920456316692,0.261562705039978
14925,0.12395875155925751,0.953000009059906,0.01548624038696289,0.017505748735878974,0.2615970969200134
14950,0.12394508719444275,0.953000009059906,0.015499244444072247,0.017496041117911292,0.26163148880004883
14975,0.1239313930273056,0.953000009059906,0.015530681237578392,0.01752915470497158,0.261665940284729
15000,0.12391769140958786,0.953000009059906,0.015532061457633972,0.0175179064233013,0.26170051097869873
15025,0.12390398979187012,0.953041672706604,0.015519246459007263,0.017543550015729742,0.26173508167266846
15050,0.12389025837182999,0.953041672706604,0.01557361800223589,0.017522155464074606,0.26176974177360535
15075,0.12387651205062866,0.953041672706604,0.015566028654575348,0.017541555744046564,0.261804461479187
15100,0.12386275082826614,0.953041672706604,0.015589929185807705,0.017532682317121344,0.26183921098709106
15125,0.12384899705648422,0.953041672706604,0.015541781671345234,0.01756879090568349,0.2618739604949951
15150,0.1238352358341217,0.953041672706604,0.015562745742499828,0.01756795106436757,0.2619086802005768
15175,0.12382146716117859,0.953083336353302,0.015558620914816856,0.017581831153958557,0.2619434595108032
15200,0.12380768358707428,0.953083336353302,0.015594862401485443,0.017561226337435475,0.26197829842567444
15225,0.12379390001296997,0.953083336353302,0.015612440183758736,0.017549375440469493,0.26201319694519043
15250,0.12378010898828506,0.953083336353302,0.015600346960127354,0.01757442824118264,0.2620481252670288
15275,0.12376629561185837,0.953083336353302,0.01560582872480154,0.017552473695713753,0.26208311319351196
15300,0.12375250458717346,0.953083336353302,0.015606372617185116,0.01756829901030035,0.2621181011199951
15325,0.12373870611190796,0.953083336353302,0.01560671441257,0.0175589293900482,0.2621530592441559
15350,0.12372490018606186,0.953083336353302,0.01557344850152731,0.017591112011565713,0.26218801736831665
15375,0.12371108680963516,0.953083336353302,0.015580306760966778,0.01760005146029392,0.2622229754924774
15400,0.12369727343320847,0.953083336353302,0.015614548698067665,0.017592756986602696,0.26225796341896057
15425,0.12368343025445938,0.953083336353302,0.015592770650982857,0.01761975252324537,0.2622929513454437
15450,0.1236695870757103,0.953083336353302,0.015621096827089787,0.017612739896815614,0.26232802867889404
15475,0.12365572154521942,0.953083336353302,0.01558658480644226,0.017616255318566615,0.26236313581466675
15500,0.12364188581705093,0.953083336353302,0.01559372153133154,0.01762509375472452,0.26239827275276184
15525,0.12362805008888245,0.953083336353302,0.015595466829836369,0.01761810176554375,0.2624334692955017
15550,0.12361419200897217,0.953083336353302,0.015600821934640408,0.0176270302524026,0.26246869564056396
15575,0.12360034137964249,0.953083336353302,0.015608282759785652,0.017646975833523235,0.262503981590271
15600,0.12358646839857101,0.953083336353302,0.015635930001735687,0.017639789646273937,0.2625392973423004
15625,0.12357257306575775,0.953083336353302,0.015649212524294853,0.017639886780278023,0.26257461309432983
15650,0.1235586628317833,0.953083336353302,0.015638038516044617,0.0176697540719358,0.26260998845100403
15675,0.12354473024606705,0.953083336353302,0.015664028003811836,0.017683687354242746,0.2626453638076782
15700,0.12353076785802841,0.953083336353302,0.015722014009952545,0.017669321834001134,0.26268088817596436
15725,0.12351677566766739,0.953083336353302,0.01571642979979515,0.017696758732233038,0.2627164423465729
15750,0.12350276857614517,0.953083336353302,0.015725910663604736,0.017706634837702764,0.26275211572647095
15775,0.12348873913288116,0.953083336353302,0.015730703249573708,0.01771869135740763,0.26278775930404663
15800,0.12347468733787537,0.953083336353302,0.01574951969087124,0.017731518376760347,0.2628234624862671
15825,0.12346061319112778,0.953083336353302,0.015758585184812546,0.01774569090465721,0.26285919547080994
15850,0.123446524143219,0.953083336353302,0.015789316967129707,0.01774675447558442,0.26289495825767517
15875,0.12343241274356842,0.953083336353302,0.015779737383127213,0.017774784155585047,0.26293084025382996
15900,0.12341826409101486,0.953083336353302,0.015836911275982857,0.017774280463835498,0.26296669244766235
15925,0.12340408563613892,0.953083336353302,0.015822574496269226,0.01780511681427522,0.2630026042461395
15950,0.12338989228010178,0.953083336353302,0.015819508582353592,0.017814609580700025,0.2630385458469391
15975,0.12337569147348404,0.953083336353302,0.01583220064640045,0.017826354545400352,0.26307451725006104
16000,0.12336147576570511,0.953083336353302,0.015827007591724396,0.017838766139924328,0.26311054825782776
16025,0.12334724515676498,0.953125,0.01584770902991295,0.017837004027824923,0.26314660906791687
16050,0.12333302944898605,0.953125,0.015851357951760292,0.017837416226600223,0.2631828486919403
16075,0.12331876158714294,0.953125,0.015870314091444016,0.01785488471839391,0.26321911811828613
16100,0.12330449372529984,0.953166663646698,0.015845736488699913,0.01789239438223454,0.2632553279399872
16125,0.12329021841287613,0.953166663646698,0.015850838273763657,0.017897782748961106,0.2632916271686554
16150,0.12327592074871063,0.953166663646698,0.015925802290439606,0.017864101664075357,0.2633279263973236
16175,0.12326161563396454,0.953166663646698,0.015875043347477913,0.017897277191059286,0.26336419582366943
16200,0.12324729561805725,0.953166663646698,0.01591491885483265,0.017882976771561466,0.2634005844593048
16225,0.12323296815156937,0.953208327293396,0.015888961032032967,0.017920385427000075,0.2634369432926178
16250,0.12321862578392029,0.953208327293396,0.015881430357694626,0.01793314449243508,0.2634733319282532
16275,0.1232042908668518,0.953208327293396,0.015912065282464027,0.017916854403189464,0.26350972056388855
16300,0.12318994104862213,0.953208327293396,0.015897726640105247,0.017943626152016483,0.2635461688041687
16325,0.12317555397748947,0.953208327293396,0.01590288057923317,0.017980811788349708,0.26358264684677124
16350,0.12316115200519562,0.953208327293396,0.015910670161247253,0.017993443143801347,0.26361918449401855
16375,0.12314670532941818,0.953208327293396,0.015971725806593895,0.017998776031209494,0.26365575194358826
16400,0.12313222885131836,0.953208327293396,0.015958718955516815,0.01802655266028043,0.26369231939315796
16425,0.12311773747205734,0.953208327293396,0.01596178114414215,0.01802990130932873,0.26372894644737244
16450,0.12310323864221573,0.953249990940094,0.0159661453217268,0.01802914483512562,0.26376551389694214
16475,0.12308872491121292,0.953249990940094,0.015984689816832542,0.018046564645279848,0.2638021409511566
16500,0.12307417392730713,0.953249990940094,0.0159939955919981,0.01805704560606133,0.2638387978076935
16525,0.12305963039398193,0.953249990940094,0.01600046083331108,0.01806826574156992,0.2638755440711975
16550,0.12304506450891495,0.953249990940094,0.016011731699109077,0.018085804278056436,0.26391229033470154
16575,0.12303045392036438,0.953249990940094,0.01601816900074482,0.018096092479756423,0.26394909620285034
16600,0.12301585078239441,0.953249990940094,0.016023265197873116,0.01810912749081282,0.26398590207099915
16625,0.12300123274326324,0.95333331823349,0.01599574275314808,0.018131379903082716,0.2640227973461151
16650,0.12298661470413208,0.95333331823349,0.016016023233532906,0.01811561994113702,0.2640596628189087
16675,0.12297198176383972,0.95333331823349,0.01602408103644848,0.018125705095764336,0.26409652829170227
16700,0.12295734882354736,0.95333331823349,0.01601683534681797,0.01814682588819553,0.264133483171463
16725,0.12294270843267441,0.95333331823349,0.016019584611058235,0.018150242270259166,0.2641703188419342
16750,0.12292806059122086,0.95333331823349,0.01602279208600521,0.018152273651986565,0.26420727372169495
16775,0.12291339039802551,0.95333331823349,0.01603013649582863,0.01815957956042792,0.2642442286014557
16800,0.12289869785308838,0.95333331823349,0.016058430075645447,0.01818255653740087,0.264281302690506
16825,0.12288398295640945,0.953374981880188,0.01607259176671505,0.018203960932033192,0.2643183767795563
16850,0.12286922335624695,0.953374981880188,0.016079604625701904,0.018212976495283306,0.26435548067092896
16875,0.12285444885492325,0.953374981880188,0.016109123826026917,0.018222956885122318,0.2643927335739136
16900,0.12283965945243835,0.953374981880188,0.016115060076117516,0.018233608616020896,0.2644300162792206
16925,0.12282484024763107,0.953458309173584,0.01611867919564247,0.018258012789669924,0.26446732878685
16950,0.122809998691082,0.953458309173584,0.016150936484336853,0.018258041886231025,0.26450464129447937
16975,0.12279512733221054,0.953458309173584,0.01617012731730938,0.018263122641068833,0.2645420432090759
17000,0.12278024107217789,0.953458309173584,0.01617996022105217,0.01827573866923117,0.2645794451236725
17025,0.12276532500982285,0.953458309173584,0.016202500090003014,0.018278314555052754,0.26461687684059143
17050,0.1227504089474678,0.953458309173584,0.016205525025725365,0.018286859432208924,0.26465436816215515
17075,0.12273548543453217,0.953458309173584,0.01619541086256504,0.01829628661828856,0.26469185948371887
17100,0.12272056192159653,0.953458309173584,0.01619686745107174,0.01830439448095114,0.26472944021224976
17125,0.12270563840866089,0.953458309173584,0.016179528087377548,0.018309153764439794,0.2647670805454254
17150,0.12269069999456406,0.953458309173584,0.016186969354748726,0.01831999443107605,0.26480478048324585
17175,0.12267574667930603,0.953458309173584,0.016203783452510834,0.01832718995890263,0.26484254002571106
17200,0.12266078591346741,0.953458309173584,0.016206741333007812,0.018336262358639423,0.26488032937049866
17225,0.12264581024646759,0.953458309173584,0.016215620562434196,0.018338421708624056,0.26491817831993103
17250,0.12263081967830658,0.953499972820282,0.016220388934016228,0.0183422132430487,0.2649560272693634
17275,0.12261582165956497,0.953499972820282,0.016219601035118103,0.018362198141482308,0.2649938464164734
17300,0.12260080873966217,0.95354163646698,0.016225824132561684,0.018373220740212973,0.26503172516822815
17325,0.12258577346801758,0.95354163646698,0.01623562164604664,0.018400647036594227,0.2650696635246277
17350,0.1225707083940506,0.95354163646698,0.016250327229499817,0.018410758033985834,0.2651076018810272
17375,0.12255563586950302,0.95354163646698,0.01626194268465042,0.018407083347717783,0.26514559984207153
17400,0.12254054844379425,0.953499972820282,0.016269778832793236,0.018421501994033408,0.265183687210083
17425,0.12252543121576309,0.953499972820282,0.01627632975578308,0.018432911904760783,0.26522180438041687
17450,0.12251031398773193,0.953499972820282,0.01628120243549347,0.018440550908282435,0.2652599811553955
17475,0.12249517440795898,0.953499972820282,0.016286436468362808,0.018449653517658,0.2652982473373413
17500,0.12248001992702484,0.953499972820282,0.016292868182063103,0.018461762953908407,0.2653365731239319
17525,0.1224648654460907,0.953499972820282,0.016282042488455772,0.018507923094979124,0.26537495851516724
17550,0.12244965136051178,0.953499972820282,0.016293872147798538,0.018518777202442927,0.26541340351104736
17575,0.12243444472551346,0.953499972820282,0.016299208626151085,0.01853239694657828,0.2654518485069275
17600,0.12241920828819275,0.953499972820282,0.016306478530168533,0.01854239395104637,0.2654902935028076
17625,0.12240394949913025,0.953499972820282,0.016316797584295273,0.01855024192312012,0.2655288279056549
17650,0.12238868325948715,0.953499972820282,0.016348185017704964,0.01854129851011603,0.265567421913147
17675,0.12237339466810226,0.953499972820282,0.016340849921107292,0.0185511059465304,0.2656061053276062
17700,0.12235811352729797,0.953499972820282,0.016338862478733063,0.01856720481777932,0.2656448483467102
17725,0.12234281003475189,0.953499972820282,0.01633676141500473,0.01857468476800441,0.265683650970459
17750,0.12232750654220581,0.953499972820282,0.01635594479739666,0.018584115379461242,0.2657225430011749
17775,0.12231217324733734,0.95354163646698,0.01635684259235859,0.018589377269150293,0.26576152443885803
17800,0.12229683250188828,0.95354163646698,0.016370248049497604,0.018602953137286507,0.2658005356788635
17825,0.12228148430585861,0.95354163646698,0.01637592352926731,0.018610013858296727,0.26583966612815857
17850,0.12226609140634537,0.95354163646698,0.01639806479215622,0.018625102010749166,0.2658787965774536
17875,0.12225069850683212,0.95354163646698,0.016446882858872414,0.018612622677702556,0.26591798663139343
17900,0.1222352609038353,0.953583300113678,0.01645895466208458,0.018627194917936834,0.265957236289978
17925,0.12221980839967728,0.953583300113678,0.01646224968135357,0.018654249699988995,0.2659965753555298
17950,0.12220433354377747,0.953583300113678,0.016475820913910866,0.018651950805447317,0.2660360038280487
17975,0.12218882888555527,0.953583300113678,0.01647750288248062,0.018669342168605583,0.26607558131217957
18000,0.12217331677675247,0.953583300113678,0.01648677885532379,0.018682373115683378,0.2661151885986328
18025,0.12215779721736908,0.953583300113678,0.01649385504424572,0.018689532816698752,0.26615482568740845
18050,0.1221422478556633,0.953583300113678,0.016502130776643753,0.01870095337534747,0.26619455218315125
18075,0.12212669104337692,0.953583300113678,0.016518672928214073,0.018707868131729796,0.2662343382835388
18100,0.12211110442876816,0.953583300113678,0.016529006883502007,0.018724952376824557,0.26627418398857117
18125,0.1220954954624176,0.953583300113678,0.016527824103832245,0.018735008037577768,0.2663140892982483
18150,0.12207987159490585,0.953583300113678,0.016578610986471176,0.01875194876591312,0.2663540542125702
18175,0.12206421047449112,0.953583300113678,0.01658817194402218,0.018763619798910357,0.26639410853385925
18200,0.1220485046505928,0.953583300113678,0.016593484207987785,0.01880734005897787,0.2664341926574707
18225,0.1220327764749527,0.953583300113678,0.016599953174591064,0.01882265717573423,0.2664743661880493
18250,0.12201700359582901,0.953583300113678,0.016610149294137955,0.018829310356077,0.2665146291255951
18275,0.12200123816728592,0.953583300113678,0.016619093716144562,0.01884205259325154,0.26655495166778564
18300,0.12198545038700104,0.953624963760376,0.016646578907966614,0.018869200841852667,0.2665953040122986
18325,0.12196960300207138,0.953624963760376,0.016655389219522476,0.018880951153749444,0.2666357457637787
18350,0.12195375561714172,0.953624963760376,0.016642987728118896,0.01889283482505116,0.2666762173175812
18375,0.12193790823221207,0.953624963760376,0.01665283367037773,0.018901415079109536,0.26671671867370605
18400,0.12192202359437943,0.953624963760376,0.01663796976208687,0.01893210317902724,0.2667572796344757
18425,0.12190614640712738,0.953624963760376,0.016634875908493996,0.018936003576304428,0.26679790019989014
18450,0.12189025431871414,0.953666627407074,0.016653452068567276,0.018946201218408603,0.26683858036994934
18475,0.12187434732913971,0.953666627407074,0.01666094921529293,0.018956769556268866,0.26687929034233093
18500,0.12185841053724289,0.953666627407074,0.016660643741488457,0.018975479972756015,0.2669200003147125
18525,0.12184246629476547,0.953666627407074,0.016669152304530144,0.018977272950911693,0.2669607996940613
18550,0.12182651460170746,0.953666627407074,0.016667259857058525,0.01899354338754854,0.2670016288757324
18575,0.12181054800748825,0.9537500143051147,0.016674380749464035,0.019006217383471805,0.2670425474643707
18600,0.12179454416036606,0.9537500143051147,0.016683194786310196,0.019015349815057953,0.2670835256576538
18625,0.12177852541208267,0.9537500143051147,0.0167031642049551,0.01904740650887388,0.2671245038509369
18650,0.1217624694108963,0.9537916779518127,0.016713785007596016,0.019060026714969227,0.26716548204421997
18675,0.12174639105796814,0.9537916779518127,0.016724402084946632,0.019068797900888727,0.2672065496444702
18700,0.12173029780387878,0.9537916779518127,0.016734475269913673,0.01908036185523224,0.26724773645401
18725,0.12171418219804764,0.9537916779518127,0.01675100438296795,0.01909459742184151,0.2672889530658722
18750,0.1216980442404747,0.9537916779518127,0.016788385808467865,0.01910747605839708,0.26733019948005676
18775,0.12168186157941818,0.9537916779518127,0.01679958961904049,0.019117623610805812,0.26737141609191895
18800,0.12166564911603928,0.9537916779518127,0.016810240224003792,0.01913511209426715,0.2674126625061035
18825,0.12164941430091858,0.9537916779518127,0.016841571778059006,0.01914533722707179,0.26745396852493286
18850,0.12163316458463669,0.9538333415985107,0.01680772379040718,0.019161771797101726,0.2674952745437622
18875,0.1216169223189354,0.9538333415985107,0.01684759184718132,0.01915269995931484,0.26753661036491394
18900,0.12160061299800873,0.9538750052452087,0.01687314733862877,0.01918369075493503,0.2675780951976776
18925,0.12158428877592087,0.9538750052452087,0.01688447967171669,0.019197969506688443,0.26761966943740845
18950,0.12156794220209122,0.9538750052452087,0.016891026869416237,0.019206550545552214,0.26766133308410645
18975,0.12155157327651978,0.9539166688919067,0.016891440376639366,0.019215898703061663,0.26770302653312683
19000,0.12153521925210953,0.9539583325386047,0.016902418807148933,0.019226666770681945,0.2677447497844696
19025,0.12151885032653809,0.9539583325386047,0.016913728788495064,0.019192191575924354,0.26778659224510193
19050,0.12150248140096664,0.9539999961853027,0.016914017498493195,0.01920065531399251,0.26782843470573425
19075,0.1214861050248146,0.9539999961853027,0.016920780763030052,0.019209167252153384,0.2678702771663666
19100,0.12146970629692078,0.9539999961853027,0.01692119799554348,0.019229690218681216,0.2679121494293213
19125,0.12145328521728516,0.9539999961853027,0.01694372668862343,0.019242787404569178,0.26795414090156555
19150,0.12143683433532715,0.9540416598320007,0.016948707401752472,0.01925583488149947,0.2679961919784546
19175,0.12142037600278854,0.9540416598320007,0.01696140691637993,0.01927835103563452,0.2680383622646332
19200,0.12140386551618576,0.9540416598320007,0.01698911376297474,0.019271757720040392,0.2680805027484894
19225,0.12138736993074417,0.9540416598320007,0.016995342448353767,0.01928309976883506,0.2681228220462799
19250,0.12137085199356079,0.9540416598320007,0.016991298645734787,0.019295430084720237,0.26816514134407043
19275,0.12135429680347443,0.9540416598320007,0.017002830281853676,0.0193109676279651,0.26820749044418335
19300,0.12133774906396866,0.9540416598320007,0.01700683683156967,0.019317084373914568,0.26824989914894104
19325,0.1213211864233017,0.9540416598320007,0.016997525468468666,0.01933340985500088,0.2682923674583435
19350,0.12130462378263474,0.9540416598320007,0.016996407881379128,0.019335181536882847,0.26833483576774597
19375,0.12128802388906479,0.9540416598320007,0.01703580655157566,0.01934720775217463,0.2683773636817932
19400,0.12127140164375305,0.9540833234786987,0.01704307273030281,0.019360717331152542,0.26841995120048523
19425,0.12125475704669952,0.9540833234786987,0.017042500898241997,0.019377563269208982,0.26846256852149963
19450,0.1212380975484848,0.9540833234786987,0.01705341786146164,0.01939893797291855,0.2685052752494812
19475,0.1212214007973671,0.9540833234786987,0.017064442858099937,0.019412059045429843,0.2685479521751404
19500,0.12120471149682999,0.9540833234786987,0.017051462084054947,0.019446062667182285,0.2685908079147339
19525,0.1211879700422287,0.9540833234786987,0.01704651117324829,0.01945128578552632,0.2686336934566498
19550,0.12117123603820801,0.9540833234786987,0.01704782247543335,0.01947355846412945,0.26867660880088806
19575,0.12115450203418732,0.9541249871253967,0.017045656219124794,0.019470239871219076,0.2687195837497711
19600,0.12113775312900543,0.9541249871253967,0.01705726608633995,0.019481330986962378,0.26876258850097656
19625,0.12112098187208176,0.9541249871253967,0.017067264765501022,0.019491046083024967,0.26880568265914917
19650,0.12110418826341629,0.9541249871253967,0.01711062714457512,0.0195067376545744,0.26884886622428894
19675,0.12108734250068665,0.9541666507720947,0.01712317019701004,0.01951769062172872,0.2688921093940735
19700,0.121070496737957,0.9541666507720947,0.01712805964052677,0.019523608146801825,0.2689354121685028
19725,0.12105360627174377,0.9542083144187927,0.0171364638954401,0.019523219014059238,0.2689787745475769
19750,0.12103673070669174,0.9542083144187927,0.01713213324546814,0.019545798440043796,0.2690221965312958
19775,0.12101983278989792,0.9542083144187927,0.01712622120976448,0.01955633609855209,0.2690657377243042
19800,0.1210029274225235,0.9542083144187927,0.017142415046691895,0.019569178744804988,0.269109308719635
19825,0.12098599970340729,0.9542083144187927,0.01715405099093914,0.019583238079103244,0.2691529393196106
19850,0.12096903473138809,0.9542083144187927,0.01719418168067932,0.019578759341067502,0.2691965401172638
19875,0.1209520474076271,0.9542083144187927,0.017217397689819336,0.019596386495851867,0.26924023032188416
19900,0.12093503028154373,0.9542083144187927,0.01723521575331688,0.019606357662425723,0.2692839503288269
19925,0.12091797590255737,0.9542083144187927,0.01724490150809288,0.019621174694866798,0.2693277597427368
19950,0.12090090662240982,0.9542083144187927,0.017251862213015556,0.01964100058057213,0.2693715989589691
19975,0.12088380753993988,0.9542083144187927,0.017248986288905144,0.019687294498475946,0.2694154977798462
20000,0.12086667865514755,0.9542083144187927,0.01725686341524124,0.01969507697582009,0.26945945620536804
20025,0.12084952741861343,0.9542083144187927,0.01726711355149746,0.019706219443896295,0.2695034146308899
20050,0.12083235383033752,0.9542083144187927,0.017274677753448486,0.019713059971727585,0.2695474326610565
20075,0.12081515043973923,0.9542083144187927,0.01728099398314953,0.01972471828798493,0.26959142088890076
20100,0.12079796195030212,0.9542083144187927,0.0172928124666214,0.01973696851524633,0.26963546872138977
20125,0.12078074365854263,0.9542083144187927,0.017310218885540962,0.019741432130091777,0.26967963576316833
20150,0.12076348811388016,0.9542083144187927,0.017316307872533798,0.01975899189805348,0.2697238624095917
20175,0.12074622511863708,0.9542499780654907,0.0173297468572855,0.019768925999815348,0.2697681784629822
20200,0.12072896212339401,0.9542499780654907,0.017329974099993706,0.019760453804829787,0.26981252431869507
20225,0.12071167677640915,0.9542916417121887,0.017337020486593246,0.019775649948469688,0.26985692977905273
20250,0.12069437652826309,0.9542916417121887,0.017347849905490875,0.019784714501534573,0.26990142464637756
20275,0.12067706882953644,0.9542916417121887,0.01735224388539791,0.019793344035502286,0.26994600892066956
20300,0.120659738779068,0.9542916417121887,0.01737223193049431,0.019804640557692044,0.26999062299728394
20325,0.12064235657453537,0.9542916417121887,0.01738196425139904,0.01982536926268936,0.27003535628318787
20350,0.12062498182058334,0.9542916417121887,0.01739940606057644,0.019837154773419442,0.2700801193714142
20375,0.12060755491256714,0.9542916417121887,0.017409060150384903,0.019850107278666512,0.27012497186660767
20400,0.12059009820222855,0.9542916417121887,0.017410719767212868,0.019887537177532576,0.27016979455947876
20425,0.12057263404130936,0.9543333053588867,0.017417561262845993,0.019899344383130808,0.270214706659317
20450,0.12055513262748718,0.9543333053588867,0.01744021475315094,0.019911100468405475,0.27025964856147766
20475,0.12053760886192322,0.9543333053588867,0.01743394136428833,0.019925566850522037,0.27030473947525024
20500,0.12052007764577866,0.9543333053588867,0.01744856871664524,0.019922656064036245,0.2703498899936676
20525,0.1205025389790535,0.9543749690055847,0.01745867356657982,0.019936087040017175,0.27039507031440735
20550,0.12048498541116714,0.9543749690055847,0.017473526298999786,0.01993428209941465,0.27044036984443665
20575,0.120467409491539,0.9543749690055847,0.017470642924308777,0.019948407747745197,0.27048566937446594
20600,0.12044981867074966,0.9543749690055847,0.017483610659837723,0.01996219846863449,0.27053102850914
20625,0.12043219804763794,0.9543749690055847,0.017525753006339073,0.019964646179885723,0.27057647705078125
20650,0.12041454762220383,0.9543749690055847,0.01752992533147335,0.019978643307128126,0.27062204480171204
20675,0.12039688229560852,0.9543749690055847,0.017532464116811752,0.020000068117784202,0.2706676423549652
20700,0.12037918716669083,0.9543749690055847,0.01753942482173443,0.020016031957202918,0.27071332931518555
20725,0.12036146968603134,0.9543749690055847,0.01754961907863617,0.02002918646929091,0.27075904607772827
20750,0.12034372985363007,0.9543749690055847,0.017564496025443077,0.020038437068886066,0.27080488204956055
20775,0.120325967669487,0.9543749690055847,0.017574837431311607,0.020051375753102164,0.2708507776260376
20800,0.12030816823244095,0.9543749690055847,0.017590787261724472,0.02006758402513285,0.2708967328071594
20825,0.1202903613448143,0.9544166326522827,0.01759066991508007,0.02007602040420657,0.2709428071975708
20850,0.12027253955602646,0.9544166326522827,0.017611078917980194,0.020086767450641113,0.27098897099494934
20875,0.12025468051433563,0.9544166326522827,0.01761932298541069,0.02010091276652208,0.27103522419929504
20900,0.12023679167032242,0.9544166326522827,0.017650892958045006,0.020112615982869217,0.27108147740364075
20925,0.1202189028263092,0.9544582962989807,0.01763925515115261,0.02012314300396744,0.27112776041030884
20950,0.1202009990811348,0.9544582962989807,0.01766563393175602,0.020142151105744077,0.2711741626262665
20975,0.12018304318189621,0.9544582962989807,0.017670851200819016,0.020165151005384744,0.2712206542491913
21000,0.12016505748033524,0.9544582962989807,0.017680447548627853,0.020177199119568893,0.2712671160697937
21025,0.12014704942703247,0.9544582962989807,0.01771058514714241,0.020182019475169455,0.27131372690200806
21050,0.12012900412082672,0.9544582962989807,0.017735302448272705,0.020190289132811803,0.27136045694351196
21075,0.12011094391345978,0.9545000195503235,0.017749672755599022,0.020204920762263115,0.2714073061943054
21100,0.12009285390377045,0.9545000195503235,0.017758049070835114,0.02021793840503863,0.27145424485206604
21125,0.12007472664117813,0.9545416831970215,0.01778464950621128,0.020226297689442178,0.2715013027191162
21150,0.12005659192800522,0.9545416831970215,0.017796382308006287,0.02024011091509677,0.27154844999313354
21175,0.12003841251134872,0.9545416831970215,0.017819387838244438,0.020258240866477293,0.27159565687179565
21200,0.12002020329236984,0.9545416831970215,0.01782844215631485,0.020270230066664462,0.27164292335510254
21225,0.12000197172164917,0.9545833468437195,0.017843792214989662,0.02030168524701158,0.2716901898384094
21250,0.11998370289802551,0.9546250104904175,0.017849870026111603,0.02030879945851365,0.27173760533332825
21275,0.11996541172266006,0.9546250104904175,0.017854534089565277,0.02028564037658239,0.27178508043289185
21300,0.11994714289903641,0.9546250104904175,0.01787176914513111,0.020279528114649687,0.27183255553245544
21325,0.11992887407541275,0.9546250104904175,0.01789366640150547,0.020277392342760155,0.2718801498413086
21350,0.11991056054830551,0.9546250104904175,0.017913125455379486,0.020298667630539165,0.27192774415016174
21375,0.11989221721887589,0.9546666741371155,0.017946342006325722,0.02030536953786444,0.27197542786598206
21400,0.11987385153770447,0.9546666741371155,0.017980696633458138,0.020311339698934353,0.27202317118644714
21425,0.11985543370246887,0.9546666741371155,0.017990930005908012,0.020326502943926787,0.2720710337162018
21450,0.11983700096607208,0.9546666741371155,0.017987055703997612,0.020342715702583447,0.2721189260482788
21475,0.11981856822967529,0.9546666741371155,0.017985206097364426,0.020354677463629154,0.2721668779850006
21500,0.11980010569095612,0.9546666741371155,0.017998123541474342,0.02036114706899081,0.2722148895263672
21525,0.11978163570165634,0.9546666741371155,0.017992530018091202,0.020384190514370515,0.2722630202770233
21550,0.11976315081119537,0.9546666741371155,0.018005939200520515,0.020402457471331504,0.2723112404346466
21575,0.11974462866783142,0.9546666741371155,0.018016736954450607,0.02041185891602378,0.2723595201969147
21600,0.11972609162330627,0.9546666741371155,0.018022172152996063,0.020427193689428472,0.2724079191684723
21625,0.11970751732587814,0.9546666741371155,0.018022719770669937,0.02045663120371198,0.2724563777446747
21650,0.11968892067670822,0.9546666741371155,0.018007703125476837,0.02051628840728292,0.27250492572784424
21675,0.11967028677463531,0.9546666741371155,0.018015624955296516,0.020526496560684192,0.2725535035133362
21700,0.11965163052082062,0.9546666741371155,0.01802445761859417,0.020542076945500656,0.2726021409034729
21725,0.11963293701410294,0.9546666741371155,0.01803935319185257,0.02056626834015497,0.27265089750289917
21750,0.11961417645215988,0.9546666741371155,0.018022604286670685,0.020648691220274285,0.2726998031139374
21775,0.11959537863731384,0.9546666741371155,0.01803499087691307,0.02065474067925863,0.272748738527298
21800,0.11957656592130661,0.9546666741371155,0.018048513680696487,0.020667599293858502,0.27279767394065857
21825,0.11955773830413818,0.9546666741371155,0.018064191564917564,0.020683603832016582,0.27284669876098633
21850,0.11953888088464737,0.9547083377838135,0.018081599846482277,0.02069588820790417,0.2728957235813141
21875,0.11951998621225357,0.9547083377838135,0.018083779141306877,0.020714053157938794,0.2729448974132538
21900,0.11950107663869858,0.9547083377838135,0.018084265291690826,0.02071906704388956,0.27299410104751587
21925,0.11948216706514359,0.9547083377838135,0.018102465197443962,0.020724122951178734,0.27304336428642273
21950,0.11946321278810501,0.9547083377838135,0.018123578280210495,0.020739259263314047,0.27309277653694153
21975,0.11944423615932465,0.9547083377838135,0.018139567226171494,0.020738039097804344,0.2731422483921051
22000,0.1194252297282219,0.9547083377838135,0.018152067437767982,0.020755222765490043,0.27319175004959106
22025,0.11940623074769974,0.9547083377838135,0.01815836690366268,0.020762558277872406,0.2732412815093994
22050,0.11938720941543579,0.9547083377838135,0.018139054998755455,0.020826173457156035,0.27329084277153015
22075,0.11936812102794647,0.9547500014305115,0.018153836950659752,0.0208352566932805,0.2733404338359833
22100,0.11934901773929596,0.9547500014305115,0.01817021705210209,0.020842262146171343,0.2733900845050812
22125,0.11932986974716187,0.9547500014305115,0.018198305740952492,0.020857696409603315,0.27343979477882385
22150,0.11931072920560837,0.9547500014305115,0.0181843601167202,0.02088160112882849,0.2734896242618561
22175,0.11929154396057129,0.9547500014305115,0.01818990893661976,0.02089800980055165,0.2735395133495331
22200,0.11927233636379242,0.9547500014305115,0.018211280927062035,0.02090585067473658,0.27358952164649963
22225,0.11925311386585236,0.9547500014305115,0.01822393760085106,0.02091875122551641,0.27363961935043335
22250,0.11923383176326752,0.9547500014305115,0.018227217718958855,0.020953787535052216,0.27368974685668945
22275,0.11921453475952148,0.9547916650772095,0.018245775252580643,0.020961267867566472,0.2737399637699127
22300,0.11919523030519485,0.9548333287239075,0.018246473744511604,0.02098330698902968,0.27379024028778076
22325,0.11917588114738464,0.9548749923706055,0.018261374905705452,0.020994171689180927,0.2738405466079712
22350,0.11915650963783264,0.9548749923706055,0.018272818997502327,0.021003601485695057,0.2738909125328064
22375,0.11913712322711945,0.9549166560173035,0.01828043907880783,0.021022441022137937,0.2739413380622864
22400,0.11911770701408386,0.9549166560173035,0.018283825367689133,0.021031290640835244,0.2739918529987335
22425,0.11909827589988708,0.9549583196640015,0.01830340549349785,0.021057743094278478,0.2740424871444702
22450,0.11907877773046494,0.9549583196640015,0.01833120360970497,0.021096166320069443,0.2740933299064636
22475,0.1190592348575592,0.9549583196640015,0.01836588606238365,0.02109737313166045,0.27414417266845703
22500,0.11903965473175049,0.9549583196640015,0.018399545922875404,0.021118385635510023,0.27419513463974
22525,0.119020015001297,0.9549583196640015,0.018411176279187202,0.021133950023079887,0.2742461562156677
22550,0.11900036782026291,0.9549583196640015,0.018427446484565735,0.021155373411200627,0.274297297000885
22575,0.11898066848516464,0.9549583196640015,0.018440023064613342,0.021167670412667094,0.27434852719306946
22600,0.11896094679832458,0.9549583196640015,0.018459970131516457,0.02118292564074825,0.2743998169898987
22625,0.11894120275974274,0.9549583196640015,0.01846952922642231,0.021196719597517216,0.27445119619369507
22650,0.1189214289188385,0.9549583196640015,0.018483027815818787,0.021210458385112055,0.27450263500213623
22675,0.11890163272619247,0.9549583196640015,0.018495354801416397,0.021223055843510304,0.27455419301986694
22700,0.11888180673122406,0.9549166560173035,0.01850779913365841,0.021236459316897723,0.2746058404445648
22725,0.11886193603277206,0.9549166560173035,0.01853286474943161,0.021262967222009613,0.27465754747390747
22750,0.11884204298257828,0.9549166560173035,0.018519503995776176,0.02129440153482145,0.2747092545032501
22775,0.1188221201300621,0.9549166560173035,0.0185313168913126,0.021307481782926123,0.27476099133491516
22800,0.11880216002464294,0.9549166560173035,0.01854444108903408,0.02132050353778643,0.27481281757354736
22825,0.11878220736980438,0.9549166560173035,0.018540384247899055,0.021332268076277257,0.27486473321914673
22850,0.11876221746206284,0.9549166560173035,0.01853754371404648,0.021343494240381233,0.2749166786670685
22875,0.11874222755432129,0.9549166560173035,0.018550965934991837,0.021352523066338475,0.274968683719635
22900,0.11872223019599915,0.9549166560173035,0.018582478165626526,0.02132047489513538,0.27502068877220154
22925,0.11870221048593521,0.9549166560173035,0.01860395446419716,0.021358472049670355,0.2750728130340576
22950,0.1186821460723877,0.9549166560173035,0.01861567422747612,0.021358634415966665,0.2751249670982361
22975,0.11866206675767899,0.9549166560173035,0.01861632615327835,0.0213768687221027,0.2751771807670593
23000,0.11864195764064789,0.9549166560173035,0.01863054186105728,0.021412863899012324,0.2752295434474945
23025,0.11862180382013321,0.9549166560173035,0.01864088699221611,0.02143407396393505,0.27528199553489685
23050,0.11860160529613495,0.9549166560173035,0.018654370680451393,0.02144768144487875,0.27533459663391113
23075,0.11858139932155609,0.9549166560173035,0.018681081011891365,0.02145123917117645,0.2753872275352478
23100,0.11856115609407425,0.9549166560173035,0.01869663968682289,0.021460437629823557,0.275439977645874
23125,0.11854088306427002,0.9549166560173035,0.018716273829340935,0.021481703506066784,0.27549275755882263
23150,0.11852056533098221,0.9549166560173035,0.018734971061348915,0.02148888267311331,0.2755456268787384
23175,0.11850026249885559,0.9549166560173035,0.01873718947172165,0.0214839000964138,0.27559852600097656
23200,0.11847991496324539,0.9549166560173035,0.01877565123140812,0.021485676243952322,0.27565139532089233
23225,0.118459552526474,0.9549583196640015,0.01879359968006611,0.02150492160823754,0.27570444345474243
23250,0.11843914538621902,0.9549583196640015,0.01880575157701969,0.02152029702897228,0.2757575511932373
23275,0.11841870099306107,0.9549999833106995,0.01885724812746048,0.021530483456001958,0.2758108079433441
23300,0.11839818954467773,0.9549999833106995,0.018887853249907494,0.021533002792334534,0.2758641541004181
23325,0.118377685546875,0.9549999833106995,0.018886161968111992,0.021536092384732922,0.27591750025749207
23350,0.11835715919733047,0.9550416469573975,0.01889345422387123,0.021571478590244282,0.27597102522850037
23375,0.11833656579256058,0.9550416469573975,0.01891729235649109,0.021595420641204042,0.2760246694087982
23400,0.11831595748662949,0.9550416469573975,0.018923360854387283,0.021595302054656502,0.27607837319374084
23425,0.1182953342795372,0.9550416469573975,0.018935317173600197,0.02159123579299363,0.27613213658332825
23450,0.11827471107244492,0.9550416469573975,0.01893782801926136,0.02161653465192094,0.2761859893798828
23475,0.11825406551361084,0.9550416469573975,0.018930332735180855,0.021618322508271226,0.27623990178108215
23500,0.11823341995477676,0.9550416469573975,0.01894603855907917,0.021629881000511882,0.27629393339157104
23525,0.1182127296924591,0.9550416469573975,0.018958482891321182,0.021644822708525507,0.2763480246067047
23550,0.11819201707839966,0.9550416469573975,0.01895722933113575,0.02166625341424167,0.27640220522880554
23575,0.11817128211259842,0.9550416469573975,0.018974121659994125,0.021678421140119013,0.27645647525787354
23600,0.11815052479505539,0.9550416469573975,0.018982697278261185,0.021697263000006337,0.2765108346939087
23625,0.11812971532344818,0.9550416469573975,0.018994513899087906,0.021712153526338412,0.276565283536911
23650,0.11810891330242157,0.9550416469573975,0.019011352211236954,0.0217151297276683,0.27661973237991333
23675,0.11808807402849197,0.9550833106040955,0.019021961838006973,0.02173103413546777,0.2766742706298828
23700,0.1180671975016594,0.9550833106040955,0.01906203292310238,0.021734400370237727,0.2767288088798523
23725,0.11804632097482681,0.9550833106040955,0.019048495218157768,0.021747163222534876,0.27678340673446655
23750,0.11802540719509125,0.9550833106040955,0.019048288464546204,0.021764381376308498,0.27683815360069275
23775,0.11800447106361389,0.9550833106040955,0.019087443128228188,0.02176592256629275,0.2768929898738861
23800,0.11798351258039474,0.9550833106040955,0.01907188817858696,0.02179130384127861,0.27694788575172424
23825,0.11796252429485321,0.9550833106040955,0.019070982933044434,0.02181302099718988,0.27700284123420715
23850,0.11794152855873108,0.9550833106040955,0.019082877784967422,0.021830334692817612,0.27705782651901245
23875,0.11792048811912537,0.9551249742507935,0.019101625308394432,0.021823267435251186,0.2771128714084625
23900,0.11789945513010025,0.9551249742507935,0.01911531202495098,0.02183914361407893,0.277167946100235
23925,0.11787838488817215,0.9551249742507935,0.01913364604115486,0.021848872744428028,0.2772231698036194
23950,0.11785729974508286,0.9551666378974915,0.01915976032614708,0.02182466107701994,0.277278333902359
23975,0.11783619970083237,0.9551666378974915,0.019145604223012924,0.02187236038999929,0.2773335576057434
24000,0.1178150549530983,0.9552083015441895,0.019180255010724068,0.021877537687729855,0.2773888409137726
24025,0.11779388040304184,0.9552083015441895,0.019170839339494705,0.021926756495149066,0.27744418382644653
24050,0.1177726536989212,0.9552083015441895,0.019189678132534027,0.02194507945771179,0.27749964594841003
24075,0.11775140464305878,0.9552083015441895,0.019197527319192886,0.021954127936635003,0.2775551676750183
24100,0.11773010343313217,0.9552499651908875,0.01921333186328411,0.021991117643692038,0.277610719203949
24125,0.11770877242088318,0.9552499651908875,0.019225863739848137,0.022006484862528878,0.2776663899421692
24150,0.1176874190568924,0.9552499651908875,0.019232720136642456,0.022021333701468398,0.2777221202850342
24175,0.11766602098941803,0.9552499651908875,0.01924554631114006,0.02204016988824482,0.2777779698371887
24200,0.11764460802078247,0.9552499651908875,0.019243407994508743,0.022050147496071513,0.2778339684009552
24225,0.11762318760156631,0.9552499651908875,0.01924927905201912,0.022059840085410534,0.27789008617401123
24250,0.11760175228118896,0.9552499651908875,0.01926250010728836,0.02205818656555448,0.27794626355171204
24275,0.11758030205965042,0.9553333520889282,0.01927676796913147,0.02207282200390679,0.27800247073173523
24300,0.11755881458520889,0.9553333520889282,0.01928960531949997,0.022089548072570273,0.27805882692337036
24325,0.11753728985786438,0.9553333520889282,0.019342105835676193,0.022091073735765968,0.27811524271965027
24350,0.11751572787761688,0.9553333520889282,0.019343605265021324,0.022116098611519617,0.2781717777252197
24375,0.1174941211938858,0.9553333520889282,0.019355757161974907,0.022150396440448656,0.27822840213775635
24400,0.11747246980667114,0.9553333520889282,0.019389649853110313,0.02216168464159262,0.27828508615493774
24425,0.1174507737159729,0.9553333520889282,0.019387047737836838,0.02218173227752809,0.2783418297767639
24450,0.11742906272411346,0.9553333520889282,0.01938711106777191,0.022207404254529255,0.27839863300323486
24475,0.11740732938051224,0.9553750157356262,0.019389424473047256,0.022227821461496877,0.27845555543899536
24500,0.11738555878400803,0.9553750157356262,0.0194093007594347,0.02223444840297078,0.27851253747940063
24525,0.11736376583576202,0.9553750157356262,0.01941492222249508,0.022271105889895938,0.2785697281360626
24550,0.11734189838171005,0.9553750157356262,0.01948719471693039,0.022289688097753547,0.278626948595047
24575,0.1173199787735939,0.9554166793823242,0.01950741745531559,0.022297228579468618,0.2786842882633209
24600,0.11729803681373596,0.9554166793823242,0.01950881816446781,0.02231011773634364,0.278741717338562
24625,0.11727604269981384,0.9554166793823242,0.019535785540938377,0.02233623660378044,0.27879926562309265
24650,0.11725400388240814,0.9554583430290222,0.019543321803212166,0.022349472865977552,0.27885693311691284
24675,0.11723195016384125,0.9554583430290222,0.01954769156873226,0.02236040577683791,0.2789146602153778
24700,0.11720988899469376,0.9554583430290222,0.019538218155503273,0.022398567224288127,0.2789725363254547
24725,0.11718782782554626,0.9555000066757202,0.019532594829797745,0.022404454304421628,0.27903059124946594
24750,0.117165707051754,0.9555000066757202,0.019565720111131668,0.02238925857662139,0.27908873558044434
24775,0.11714357137680054,0.9555000066757202,0.01957123354077339,0.022439570025853575,0.27914711833000183
24800,0.1171213909983635,0.9555000066757202,0.019587311893701553,0.022452390594053906,0.2792055904865265
24825,0.11709918826818466,0.9555000066757202,0.019611211493611336,0.022457667436577174,0.27926409244537354
24850,0.11707696318626404,0.9555000066757202,0.019605720415711403,0.022466891989684892,0.27932262420654297
24875,0.11705473065376282,0.9555416703224182,0.01960792765021324,0.0224783127803766,0.27938127517700195
24900,0.117032490670681,0.9556249976158142,0.019608380272984505,0.022484475214314948,0.2794399857521057
24925,0.1170102208852768,0.9556249976158142,0.01962774433195591,0.02249946596858888,0.27949878573417664
24950,0.1169879212975502,0.9556249976158142,0.01964094489812851,0.02251755545510309,0.2795576751232147
24975,0.11696560680866241,0.9556249976158142,0.019628822803497314,0.02252963934568289,0.2796166241168976
25000,0.11694326996803284,0.9556249976158142,0.019626745954155922,0.022544957912692714,0.27967560291290283
25025,0.11692091822624207,0.9556249976158142,0.01963699236512184,0.022561870015026478,0.27973473072052
25050,0.1168985515832901,0.9556666612625122,0.01962730847299099,0.02258525041076544,0.279793918132782
25075,0.11687615513801575,0.9556666612625122,0.019656101241707802,0.022604419572114176,0.2798532545566559
25100,0.11685369908809662,0.9556666612625122,0.01967046596109867,0.022618107826425964,0.27991268038749695
25125,0.1168312132358551,0.9556666612625122,0.019696522504091263,0.022624334177591295,0.2799721658229828
25150,0.1168087050318718,0.9556666612625122,0.019697850570082664,0.022667703175886667,0.2800317108631134
25175,0.11678614467382431,0.9556666612625122,0.01970839686691761,0.02268374856978991,0.2800913453102112
25200,0.11676356196403503,0.9556666612625122,0.019723806530237198,0.02269862825457259,0.28015103936195374
25225,0.11674092710018158,0.9556666612625122,0.019722336903214455,0.022717998778461687,0.28021082282066345
25250,0.11671829223632812,0.9556666612625122,0.019741561263799667,0.02272827046957455,0.2802707850933075
25275,0.1166955977678299,0.9557083249092102,0.019812311977148056,0.022740649049937466,0.2803308665752411
25300,0.11667285114526749,0.9557083249092102,0.01980714499950409,0.022761912779987067,0.28039103746414185
25325,0.11665008217096329,0.9557083249092102,0.019832130521535873,0.02276452723371156,0.2804512679576874
25350,0.1166272759437561,0.9557083249092102,0.01985665038228035,0.022786496470616535,0.28051161766052246
25375,0.11660443246364594,0.9557083249092102,0.019879914820194244,0.022785197702301273,0.2805721163749695
25400,0.11658155918121338,0.9557083249092102,0.019902609288692474,0.022787916930114182,0.28063270449638367
25425,0.11655863374471664,0.9557083249092102,0.019914234057068825,0.02284578159653833,0.280693382024765
25450,0.11653565615415573,0.9557083249092102,0.019939251244068146,0.022856151118672355,0.28075405955314636
25475,0.11651264131069183,0.9557083249092102,0.01995670422911644,0.02286739080002689,0.2808148264884949
25500,0.11648960411548615,0.9557083249092102,0.0199702400714159,0.02288278532836436,0.28087568283081055
25525,0.11646650731563568,0.9557499885559082,0.019986027851700783,0.02290309383936591,0.28093665838241577
25550,0.11644339561462402,0.9557499885559082,0.019996393471956253,0.02292048975445034,0.28099769353866577
25575,0.11642026901245117,0.9557499885559082,0.019993476569652557,0.022945652971175238,0.28105881810188293
25600,0.11639709025621414,0.9558333158493042,0.020009124651551247,0.02296078551039636,0.28112003207206726
25625,0.11637383699417114,0.9558333158493042,0.02004675567150116,0.023000650653468253,0.281181275844574
25650,0.11635054647922516,0.9558333158493042,0.02006424218416214,0.02301145875616345,0.28124260902404785
25675,0.11632722616195679,0.9558333158493042,0.02007739059627056,0.02302342121353748,0.2813040614128113
25700,0.11630388349294662,0.9557916522026062,0.020090224221348763,0.023039914242698252,0.28136569261550903
25725,0.11628049612045288,0.9557916522026062,0.020104793831706047,0.02305585218673603,0.28142738342285156
25750,0.11625707894563675,0.9557916522026062,0.0201228316873312,0.0230748361175532,0.28148916363716125
25775,0.11623363941907883,0.9557916522026062,0.020133638754487038,0.023095626289250465,0.2815510630607605
25800,0.11621016263961792,0.9557916522026062,0.020152823999524117,0.02309625137353929,0.2816130816936493
25825,0.11618665605783463,0.9557916522026062,0.020168233662843704,0.023112585199650197,0.2816751003265381
25850,0.11616310477256775,0.9557916522026062,0.02018131874501705,0.02313929482692478,0.28173720836639404
25875,0.11613952368497849,0.9557916522026062,0.020165860652923584,0.023175989852730942,0.28179940581321716
25900,0.11611591279506683,0.9557916522026062,0.020180728286504745,0.02319162034340406,0.28186166286468506
25925,0.11609228700399399,0.9557916522026062,0.020195677876472473,0.02320664588502975,0.2819240391254425
25950,0.11606859415769577,0.9558333158493042,0.020218653604388237,0.02323207410009768,0.2819865345954895
25975,0.11604487150907516,0.9558333158493042,0.02022583782672882,0.02325142867710128,0.2820490598678589
26000,0.11602110415697098,0.9558333158493042,0.020231984555721283,0.023288080219297538,0.2821117043495178
26025,0.1159972995519638,0.9558333158493042,0.02022380195558071,0.02331449515050395,0.28217440843582153
26050,0.11597346514463425,0.9558333158493042,0.02023928053677082,0.02332963073903215,0.2822372019290924
26075,0.1159496009349823,0.9558333158493042,0.020257487893104553,0.0233432861952259,0.28230011463165283
26100,0.11592569947242737,0.9558333158493042,0.020269431173801422,0.023358630581308288,0.2823631465435028
26125,0.11590177565813065,0.9558333158493042,0.02028469182550907,0.023375299602085998,0.28242626786231995
26150,0.11587781459093094,0.9558749794960022,0.02028406411409378,0.02340210392245858,0.28248944878578186
26175,0.11585383862257004,0.9558749794960022,0.02027500420808792,0.02341286380661933,0.2825527489185333
26200,0.11582985520362854,0.9559166431427002,0.020300457254052162,0.023415318356430116,0.28261613845825195
26225,0.11580584943294525,0.9559583067893982,0.020300794392824173,0.023430025737237497,0.28267958760261536
26250,0.11578179895877838,0.9559999704360962,0.02033643238246441,0.02342005027018345,0.2827431559562683
26275,0.11575771868228912,0.9559999704360962,0.020364871248602867,0.023425891952952232,0.2828068733215332
26300,0.11573360860347748,0.9559999704360962,0.020372522994875908,0.023448885240764876,0.28287073969841003
26325,0.11570946872234344,0.9560832977294922,0.02039424702525139,0.023458822167974593,0.28293463587760925
26350,0.11568526178598404,0.9560832977294922,0.020416032522916794,0.02354006821615816,0.28299856185913086
26375,0.11566096544265747,0.9561249613761902,0.020411191508173943,0.023592585587999138,0.28306254744529724
26400,0.11563659459352493,0.956166684627533,0.020437991246581078,0.023635030641294862,0.2831265926361084
26425,0.11561217159032822,0.956166684627533,0.02045234851539135,0.02365412949556882,0.28319069743156433
26450,0.11558769643306732,0.956166684627533,0.02047566883265972,0.023686947840423522,0.28325486183166504
26475,0.11556316912174225,0.956208348274231,0.020497310906648636,0.023697515006531156,0.28331926465034485
26500,0.11553863435983658,0.956208348274231,0.020551074296236038,0.02366361900967113,0.28338369727134705
26525,0.11551403999328613,0.956208348274231,0.020564071834087372,0.02368325198036768,0.283448189496994
26550,0.11548943817615509,0.956208348274231,0.02056766115128994,0.023700318958028495,0.28351280093193054
26575,0.11546482145786285,0.956208348274231,0.02059485949575901,0.02366480177988046,0.28357747197151184
26600,0.11544020473957062,0.956208348274231,0.020606132224202156,0.023685459362502877,0.28364214301109314
26625,0.1154155433177948,0.956208348274231,0.02062576822936535,0.02369807625392716,0.283706933259964
26650,0.115390844643116,0.956208348274231,0.020641062408685684,0.023714190528083105,0.283771812915802
26675,0.1153661385178566,0.956208348274231,0.020632855594158173,0.02373462650920249,0.28383681178092957
26700,0.11534138768911362,0.956208348274231,0.02065172977745533,0.02375550037506151,0.28390198945999146
26725,0.11531658470630646,0.956208348274231,0.020665254443883896,0.023772466847872396,0.2839672267436981
26750,0.1152917891740799,0.956208348274231,0.020661672577261925,0.02379428050226448,0.28403255343437195
26775,0.11526693403720856,0.956208348274231,0.02067808248102665,0.023790585994510286,0.2840980589389801
26800,0.11524207144975662,0.956250011920929,0.02070484310388565,0.023807045987039446,0.28416353464126587
26825,0.1152171716094017,0.956250011920929,0.02071904018521309,0.023824415810212347,0.2842290997505188
26850,0.1151922419667244,0.956250011920929,0.020745500922203064,0.0238221006680753,0.2842947244644165
26875,0.1151672750711441,0.956291675567627,0.020753750577569008,0.023829177692895397,0.28436049818992615
26900,0.11514229327440262,0.956291675567627,0.02078038454055786,0.023837205981761044,0.2844262719154358
26925,0.11511726677417755,0.956375002861023,0.02078338898718357,0.023864835099581472,0.2844921350479126
26950,0.1150922104716301,0.956375002861023,0.02080143615603447,0.023890953511971725,0.28455811738967896
26975,0.11506712436676025,0.956375002861023,0.02078023925423622,0.02391736943252117,0.28462421894073486
27000,0.11504203081130981,0.956416666507721,0.02079109661281109,0.02393755466616653,0.28469035029411316
27025,0.1150168776512146,0.956416666507721,0.020822178572416306,0.02394673488740199,0.2847566306591034
27050,0.11499165743589401,0.956416666507721,0.02083626203238964,0.02399349623059147,0.2848230004310608
27075,0.11496638506650925,0.956416666507721,0.020843397825956345,0.024020516251119846,0.28488948941230774
27100,0.1149410828948021,0.956416666507721,0.02085714600980282,0.024031308659920654,0.28495609760284424
27125,0.11491575837135315,0.956416666507721,0.020863480865955353,0.02405521330344394,0.2850227355957031
27150,0.11489039659500122,0.956416666507721,0.020869286730885506,0.024079801185334634,0.2850894629955292
27175,0.11486499756574631,0.956458330154419,0.0209046620875597,0.024077248969330715,0.2851563096046448
27200,0.11483953893184662,0.9564999938011169,0.02095254324376583,0.02410228117463087,0.2852232754230499
27225,0.11481400579214096,0.9564999938011169,0.020961249247193336,0.02414800745450454,0.2852904498577118
27250,0.11478842049837112,0.9565416574478149,0.020974483340978622,0.024188695727669716,0.2853577136993408
27275,0.11476277559995651,0.9565416574478149,0.020994508638978004,0.02419642576019155,0.2854251563549042
27300,0.11473710089921951,0.9565416574478149,0.021016156300902367,0.02420597231260195,0.2854926288127899
27325,0.11471140384674072,0.9565833210945129,0.021020330488681793,0.024223712879764166,0.2855601906776428
27350,0.11468566954135895,0.9565833210945129,0.02103477157652378,0.024241689104869884,0.2856278717517853
27375,0.11465989053249359,0.9565833210945129,0.021054839715361595,0.024267147387676803,0.2856956422328949
27400,0.11463407427072525,0.9565833210945129,0.021034080535173416,0.02430627705181784,0.28576356172561646
27425,0.11460823565721512,0.9565833210945129,0.021088911220431328,0.024292337682624482,0.2858315706253052
27450,0.11458232253789902,0.9565833210945129,0.021092040464282036,0.024331574202935066,0.2858995795249939
27475,0.11455637216567993,0.9565833210945129,0.02111564390361309,0.024350589176487664,0.2859675884246826
27500,0.11453036218881607,0.9565833210945129,0.021133774891495705,0.024386757002705282,0.28603559732437134
27525,0.11450432240962982,0.9566249847412109,0.021146802231669426,0.02440380889069155,0.28610366582870483
27550,0.11447818577289581,0.9566666483879089,0.021221959963440895,0.02439744303293598,0.2861718237400055
27575,0.11445202678442001,0.9566666483879089,0.021272169426083565,0.024404413031404906,0.28624001145362854
27600,0.11442580819129944,0.9566666483879089,0.02131042629480362,0.02439320026640165,0.286308228969574
27625,0.11439956724643707,0.9567083120346069,0.02131018042564392,0.024417273309268097,0.2863765358924866
27650,0.11437328159809113,0.9567499756813049,0.02132255956530571,0.024445274143341314,0.28644490242004395
27675,0.114346943795681,0.9567499756813049,0.021332086995244026,0.02445838386411907,0.2865133285522461
27700,0.11432059854269028,0.9567499756813049,0.021346163004636765,0.02447871974543971,0.2865818738937378
27725,0.11429420113563538,0.9567916393280029,0.021399935707449913,0.024499077119245642,0.28665047883987427
27750,0.1142677366733551,0.9567916393280029,0.02141486294567585,0.024514598459549373,0.28671911358833313
27775,0.11424119770526886,0.9567916393280029,0.02144905924797058,0.02454412426482093,0.28678786754608154
27800,0.11421462148427963,0.9567916393280029,0.021460922434926033,0.02456601363598767,0.2868567109107971
27825,0.11418798565864563,0.9567916393280029,0.021473385393619537,0.024585561833873275,0.28692564368247986
27850,0.11416133493185043,0.9568333029747009,0.02148953452706337,0.024607154802258484,0.28699472546577454
27875,0.11413462460041046,0.9568749666213989,0.021505555137991905,0.024625848748343167,0.287063866853714
27900,0.11410786956548691,0.9568749666213989,0.02154664881527424,0.024637163977101056,0.28713324666023254
27925,0.11408107727766037,0.9569166302680969,0.02156146802008152,0.024648468800993754,0.2872028052806854
27950,0.11405426263809204,0.9569166302680969,0.02155723050236702,0.024666824954159717,0.2872724235057831
27975,0.11402740329504013,0.9569166302680969,0.021567152813076973,0.02469107706982117,0.2873421013355255
28000,0.11400052905082703,0.9569166302680969,0.0215726550668478,0.02469499737777565,0.2874118983745575
28025,0.11397362500429153,0.9569166302680969,0.02160264179110527,0.024715263242052844,0.2874818742275238
28050,0.11394663155078888,0.9569166302680969,0.021609680727124214,0.02475750117792421,0.2875518798828125
28075,0.11391962319612503,0.9569582939147949,0.021625936031341553,0.024777340101777394,0.28762200474739075
28100,0.1138925552368164,0.9569582939147949,0.021672407165169716,0.024797534283823808,0.28769224882125854
28125,0.1138654351234436,0.9570000171661377,0.021664321422576904,0.024816339852729602,0.2877626121044159
28150,0.11383829265832901,0.9570000171661377,0.021658960729837418,0.02483259907762031,0.2878330647945404
28175,0.11381112784147263,0.9570416808128357,0.021687595173716545,0.024841764934575596,0.28790372610092163
28200,0.11378392577171326,0.9570416808128357,0.02171541377902031,0.02484949419034339,0.28797444701194763
28225,0.1137566789984703,0.9570416808128357,0.02170981839299202,0.02486320215605241,0.288045197725296
28250,0.11372940987348557,0.9570833444595337,0.02176583744585514,0.024883921086272832,0.28811606764793396
28275,0.11370206624269485,0.9570833444595337,0.021773941814899445,0.024903229263898843,0.2881869971752167
28300,0.11367469280958176,0.9570833444595337,0.021786442026495934,0.02492310681398551,0.28825807571411133
28325,0.11364725977182388,0.9571250081062317,0.02183910645544529,0.024934909116365436,0.28832924365997314
28350,0.11361975222826004,0.9571250081062317,0.021906942129135132,0.024973731325665233,0.28840044140815735
28375,0.11359211802482605,0.9571250081062317,0.021908169612288475,0.02500979816341105,0.28847163915634155
28400,0.11356445401906967,0.9571250081062317,0.02192060649394989,0.025039181354187413,0.2885429561138153
28425,0.11353675276041031,0.9571250081062317,0.021943354979157448,0.025047465132187384,0.2886143922805786
28450,0.11350901424884796,0.9571666717529297,0.021954042837023735,0.02505991246417271,0.28868594765663147
28475,0.11348126083612442,0.9571666717529297,0.02197195217013359,0.02505317804442576,0.2887576222419739
28500,0.1134534627199173,0.9571250081062317,0.02198754996061325,0.025093624027032278,0.2888295352458954
28525,0.1134255900979042,0.9571250081062317,0.022000139579176903,0.025127997547132377,0.28890156745910645
28550,0.11339768022298813,0.9571250081062317,0.02200315333902836,0.025151150261748117,0.2889736592769623
28575,0.11336974799633026,0.9571250081062317,0.022050766274333,0.025152379887930912,0.2890458106994629
28600,0.11334175616502762,0.9571250081062317,0.022063609212636948,0.025174200058204754,0.2891180217266083
28625,0.1133137196302414,0.9571666717529297,0.02208363264799118,0.025199426913756467,0.289190411567688
28650,0.11328563094139099,0.9571666717529297,0.02209959365427494,0.02522276003909879,0.2892630100250244
28675,0.113257497549057,0.9571666717529297,0.022116821259260178,0.02524147286872556,0.2893356382846832
28700,0.11322930455207825,0.9571666717529297,0.022126851603388786,0.025263560235198854,0.28940844535827637
28725,0.11320111155509949,0.9571666717529297,0.022102611139416695,0.025322739130881473,0.28948134183883667
28750,0.11317287385463715,0.9572083353996277,0.022117312997579575,0.02531824837014768,0.289554238319397
28775,0.11314459890127182,0.9572499990463257,0.02212950773537159,0.025322312838522962,0.28962722420692444
28800,0.1131163090467453,0.9572499990463257,0.022144276648759842,0.025342810424482574,0.2897004187107086
28825,0.1130879744887352,0.9572499990463257,0.022163189947605133,0.025354247257367214,0.28977373242378235
28850,0.11305961012840271,0.9572499990463257,0.02217177487909794,0.02537949879910822,0.28984716534614563
28875,0.11303118616342545,0.9572499990463257,0.022186556831002235,0.025398402752425636,0.2899206876754761
28900,0.11300274729728699,0.9572499990463257,0.022204212844371796,0.025390068268870632,0.28999435901641846
28925,0.11297428607940674,0.9572916626930237,0.022223878651857376,0.025407373781020395,0.2900681495666504
28950,0.11294572055339813,0.9572916626930237,0.022278539836406708,0.02544643684676387,0.2901422679424286
28975,0.11291708052158356,0.9572916626930237,0.02231985330581665,0.025470812000637964,0.2902165949344635
29000,0.1128883883357048,0.9572916626930237,0.022329429164528847,0.02549218360390024,0.29029107093811035
29025,0.11285965889692307,0.9573749899864197,0.022342519834637642,0.025514061830633983,0.290365606546402
29050,0.11283086985349655,0.9573749899864197,0.02237199805676937,0.02553865210965083,0.29044023156166077
29075,0.11280202865600586,0.9573749899864197,0.022382084280252457,0.02556459583641391,0.2905150055885315
29100,0.11277315020561218,0.9573749899864197,0.022395867854356766,0.025586334984614382,0.2905898094177246
29125,0.11274421960115433,0.9573749899864197,0.022423431277275085,0.025608605118870725,0.29066476225852966
29150,0.1127152293920517,0.9573749899864197,0.022429082542657852,0.02563559957740987,0.29073983430862427
29175,0.11268620938062668,0.9574166536331177,0.02243702858686447,0.025662146501127928,0.29081496596336365
29200,0.11265715211629868,0.9574166536331177,0.02244487963616848,0.025655493023131637,0.2908902168273926
29225,0.11262809485197067,0.9574583172798157,0.022470057010650635,0.025662311385508896,0.29096555709838867
29250,0.1125989705324173,0.9574583172798157,0.022503981366753578,0.025693645494477137,0.29104095697402954
29275,0.11256977915763855,0.9574583172798157,0.022517705336213112,0.025712204008670164,0.29111650586128235
29300,0.11254053562879562,0.9574583172798157,0.022526906803250313,0.025754544376830186,0.2911919951438904
29325,0.11251124739646912,0.9574999809265137,0.02253526635468006,0.025781779773612644,0.29126760363578796
29350,0.11248191446065903,0.9574999809265137,0.022556908428668976,0.025803023694006354,0.2913433015346527
29375,0.11245253682136536,0.9574999809265137,0.02255523018538952,0.02582502476441463,0.2914190888404846
29400,0.1124231144785881,0.9574999809265137,0.022563956677913666,0.025850832767788646,0.2914949655532837
29425,0.11239363253116608,0.9575416445732117,0.022587615996599197,0.025882007557240502,0.2915710210800171
29450,0.11236411333084106,0.9575416445732117,0.022627007216215134,0.025878716694206768,0.29164716601371765
29475,0.11233457177877426,0.9575416445732117,0.02260608971118927,0.02590414143617249,0.2917233109474182
29500,0.11230499297380447,0.9575416445732117,0.02263049967586994,0.025937925905006872,0.2917996048927307
29525,0.11227532476186752,0.9575416445732117,0.022649841383099556,0.02596530956014516,0.291875958442688
29550,0.11224562674760818,0.9575833082199097,0.02268887497484684,0.02598690720432096,0.29195237159729004
29575,0.11221583932638168,0.9575833082199097,0.022694386541843414,0.026018835388337318,0.2920289933681488
29600,0.11218605190515518,0.9575833082199097,0.022686829790472984,0.026044400692056296,0.2921055853366852
29625,0.1121562048792839,0.9575833082199097,0.022676663473248482,0.026056345659823527,0.2921823561191559
29650,0.11212636530399323,0.9576249718666077,0.02270006388425827,0.026058756860170274,0.292259156703949
29675,0.11209649592638016,0.9576666355133057,0.022712739184498787,0.026083987545538125,0.2923360764980316
29700,0.11206656694412231,0.9576666355133057,0.022734129801392555,0.026100678135297813,0.2924131453037262
29725,0.11203658580780029,0.9576666355133057,0.02274533361196518,0.026124138962346832,0.2924903333187103
29750,0.11200656741857529,0.9577082991600037,0.022764209657907486,0.02614111167096617,0.2925676107406616
29775,0.1119765192270279,0.9577082991600037,0.022779131308197975,0.02615902117983559,0.29264500737190247
29800,0.11194641143083572,0.9577082991600037,0.022789454087615013,0.026187995620194273,0.2927224338054657
29825,0.11191625893115997,0.9577082991600037,0.022804884240031242,0.026211451455714185,0.29280000925064087
29850,0.11188606917858124,0.9577082991600037,0.022825444117188454,0.02622937117589405,0.2928776443004608
29875,0.11185581237077713,0.9577082991600037,0.02284456603229046,0.026239943351612418,0.2929554879665375
29900,0.11182551831007004,0.9577082991600037,0.022884076461195946,0.026259937974286066,0.2930334508419037
29925,0.11179516464471817,0.9577499628067017,0.022888706997036934,0.026276288676136395,0.2931115925312042
29950,0.11176478862762451,0.9577499628067017,0.022897792980074883,0.02631391825527536,0.2931898832321167
29975,0.11173433065414429,0.9577499628067017,0.022919531911611557,0.026350122808103085,0.29326823353767395
30000,0.11170381307601929,0.9577499628067017,0.022950241342186928,0.026372441473945102,0.2933467626571655
30025,0.1116732507944107,0.9577499628067017,0.022961599752306938,0.026387125638285963,0.2934253513813019
30050,0.11164263635873795,0.9578333497047424,0.022984549403190613,0.02640577411412365,0.29350411891937256
30075,0.11161196976900101,0.9578333497047424,0.023014402016997337,0.026427669291459444,0.2935830056667328
30100,0.1115812435746193,0.9578750133514404,0.023018009960651398,0.026448115335241967,0.29366201162338257
30125,0.1115504577755928,0.9578750133514404,0.023067858070135117,0.02647342706038531,0.29374101758003235
30150,0.11151959002017975,0.9578750133514404,0.02308674156665802,0.026516812303223235,0.29382020235061646
30175,0.11148867011070251,0.9578750133514404,0.02310173399746418,0.026535235858562607,0.29389938712120056
30200,0.1114576905965805,0.9579583406448364,0.023114124312996864,0.02656613656733015,0.2939787805080414
30225,0.11142666637897491,0.9580000042915344,0.02313932031393051,0.02657951070453032,0.294058233499527
30250,0.11139559745788574,0.9580000042915344,0.02315041981637478,0.026606776536533153,0.2941378057003021
30275,0.11136448383331299,0.9580000042915344,0.023184360936284065,0.026629845157620104,0.2942175269126892
30300,0.11133330315351486,0.9580833315849304,0.023196227848529816,0.026646344039410446,0.2942974269390106
30325,0.11130210012197495,0.9580833315849304,0.023202979937195778,0.026657766249562183,0.2943773865699768
30350,0.11127085238695145,0.9580833315849304,0.023214368149638176,0.026681943541745187,0.2944575250148773
30375,0.11123955249786377,0.9580833315849304,0.023238016292452812,0.02669746414359181,0.29453781247138977
30400,0.11120817065238953,0.9580833315849304,0.023268595337867737,0.02675262135540683,0.2946181893348694
30425,0.1111767366528511,0.9580833315849304,0.023275626823306084,0.026758236138770423,0.29469868540763855
30450,0.1111452728509903,0.9580833315849304,0.023266158998012543,0.026806535759202985,0.29477930068969727
30475,0.11111374944448471,0.9580833315849304,0.023336395621299744,0.026794382928439706,0.2948600947856903
30500,0.11108215153217316,0.9580833315849304,0.023345135152339935,0.02682400356314388,0.2949410378932953
30525,0.11105049401521683,0.9580833315849304,0.02338588424026966,0.026856347172335465,0.29502207040786743
30550,0.11101877689361572,0.9580833315849304,0.02339029684662819,0.026869953780106273,0.29510319232940674
30575,0.11098701506853104,0.9580833315849304,0.023471340537071228,0.02689352141040089,0.295184463262558
30600,0.1109551191329956,0.9580833315849304,0.02351236529648304,0.026939182991512087,0.29526588320732117
30625,0.1109231486916542,0.9580833315849304,0.02354445680975914,0.026962123360610733,0.2953473627567291
30650,0.11089105159044266,0.9580833315849304,0.023633494973182678,0.026984006928756625,0.295428991317749
30675,0.11085884273052216,0.9580833315849304,0.02366817556321621,0.027018924941174482,0.2955106496810913
30700,0.11082657426595688,0.9580833315849304,0.02367263287305832,0.02703781354425091,0.29559239745140076
30725,0.11079426854848862,0.9581666588783264,0.023687588050961494,0.02706400175364066,0.29567429423332214
30750,0.11076188087463379,0.9581666588783264,0.02372577227652073,0.027101696103519826,0.2957563102245331
30775,0.11072944104671478,0.9581666588783264,0.023740479722619057,0.027125542869448363,0.29583844542503357
30800,0.11069691926240921,0.9581666588783264,0.02375814877450466,0.027146430206008793,0.29592078924179077
30825,0.11066434532403946,0.9582499861717224,0.023777101188898087,0.02716653532079363,0.2960033118724823
30850,0.11063173413276672,0.9582499861717224,0.023787135258316994,0.027201869934624593,0.2960858643054962
30875,0.1105990782380104,0.9582916498184204,0.02379918284714222,0.02722841597215273,0.29616862535476685
30900,0.11056636273860931,0.9583333134651184,0.023813236504793167,0.027249538927000456,0.29625141620635986
30925,0.11053358763456345,0.9583333134651184,0.02383330464363098,0.027275475460910567,0.2963344156742096
30950,0.1105007529258728,0.9583333134651184,0.023850519210100174,0.027297378052257085,0.2964175343513489
30975,0.11046788096427917,0.9583333134651184,0.023882072418928146,0.02731802616776771,0.2965008020401001
31000,0.11043494194746017,0.9583749771118164,0.023880310356616974,0.02734666872102731,0.2965841293334961
31025,0.11040197312831879,0.9583749771118164,0.0238972045481205,0.02736898466079223,0.29666757583618164
31050,0.11036895960569382,0.9583749771118164,0.023917611688375473,0.02738983197425955,0.29675111174583435
31075,0.11033585667610168,0.9583749771118164,0.02393801137804985,0.027416636336213,0.296834796667099
31100,0.11030271649360657,0.9583749771118164,0.02396255172789097,0.027468162228857784,0.2969186007976532
31125,0.1102694720029831,0.9584166407585144,0.023989608511328697,0.02749372336288923,0.2970026731491089
31150,0.11023616790771484,0.9584166407585144,0.02400575578212738,0.027512003345084458,0.29708683490753174
31175,0.11020275950431824,0.9584166407585144,0.024078143760561943,0.027540716394290798,0.2971711754798889
31200,0.11016931384801865,0.9584999680519104,0.02408251166343689,0.027536126199704903,0.2972555458545685
31225,0.11013582348823547,0.9584999680519104,0.02407536841928959,0.02758616456488226,0.29734006524086
31250,0.11010226607322693,0.9585416316986084,0.02409362979233265,0.02762145145551886,0.297424852848053
31275,0.11006868630647659,0.9585416316986084,0.02409123070538044,0.027644367960899523,0.2975098192691803
31300,0.11003503203392029,0.9585416316986084,0.02411334402859211,0.027691445049946667,0.29759493470191956
31325,0.11000128835439682,0.9585832953453064,0.024164102971553802,0.02768689457702939,0.29768019914627075
31350,0.10996750742197037,0.9585832953453064,0.024178389459848404,0.027697814711154754,0.2977655231952667
31375,0.10993369668722153,0.9586250185966492,0.024196434766054153,0.027720613906458972,0.297851026058197
31400,0.1098998412489891,0.9586250185966492,0.024205798283219337,0.02772998379599084,0.29793664813041687
31425,0.1098659485578537,0.9586666822433472,0.02422456070780754,0.027753237641567167,0.29802238941192627
31450,0.10983198881149292,0.9586666822433472,0.024263426661491394,0.027764752435304012,0.2981082797050476
31475,0.10979796946048737,0.9586666822433472,0.024279089644551277,0.02779586108379425,0.2981942594051361
31500,0.10976390540599823,0.9586666822433472,0.024301379919052124,0.027805282218048996,0.2982802987098694
31525,0.10972977429628372,0.9586666822433472,0.024308528751134872,0.02782009983860088,0.2983664870262146
31550,0.10969561338424683,0.9586666822433472,0.024329816922545433,0.02785748250057753,0.29845279455184937
31575,0.10966139286756516,0.9587083458900452,0.024357421323657036,0.027867839822656577,0.2985391914844513
31600,0.1096271425485611,0.9587083458900452,0.024407370015978813,0.027831695456308068,0.29862576723098755
31625,0.10959285497665405,0.9587500095367432,0.02442702278494835,0.02785665833299668,0.29871249198913574
31650,0.10955850780010223,0.9587500095367432,0.024443823844194412,0.02788604572685874,0.2987993061542511
31675,0.10952408611774445,0.9587500095367432,0.024477528408169746,0.027928054506772507,0.2988862693309784
31700,0.10948958247900009,0.9587500095367432,0.02448340877890587,0.02795514798321229,0.29897335171699524
31725,0.10945505648851395,0.9587500095367432,0.0244964100420475,0.02792717648333822,0.29906052350997925
31750,0.1094205230474472,0.9587500095367432,0.02452055551111698,0.027954803664503855,0.29914796352386475
31775,0.10938592255115509,0.9587916731834412,0.024538252502679825,0.027966456977151,0.2992354929447174
31800,0.10935129970312119,0.9587916731834412,0.02455456554889679,0.027994155828845964,0.29932308197021484
31825,0.10931659489870071,0.9587916731834412,0.024541819468140602,0.028033038988239375,0.29941073060035706
31850,0.10928189009428024,0.9587916731834412,0.024560747668147087,0.02804481453375499,0.2994985580444336
31875,0.1092471107840538,0.9588333368301392,0.024573752656579018,0.028070106313673203,0.2995865046977997
31900,0.10921230167150497,0.9588333368301392,0.024589184671640396,0.028093899215526495,0.29967451095581055
31925,0.10917741060256958,0.9589166641235352,0.024595189839601517,0.02814059124155,0.2997626066207886
31950,0.10914246737957001,0.9589166641235352,0.0246123056858778,0.02816455027429091,0.29985082149505615
31975,0.10910744220018387,0.9589166641235352,0.02464490756392479,0.02819039587034421,0.29993921518325806
32000,0.10907236486673355,0.9589166641235352,0.02466410957276821,0.028210191957411333,0.3000278174877167
32025,0.10903722792863846,0.9589166641235352,0.024711329489946365,0.028234811901806482,0.30011650919914246
32050,0.10900203138589859,0.9589583277702332,0.024699168279767036,0.028264101035405022,0.3002052903175354
32075,0.10896679759025574,0.9589583277702332,0.02471541427075863,0.028286397803962766,0.3002941906452179
32100,0.10893148928880692,0.9589583277702332,0.024743299931287766,0.02830506134222518,0.3003832697868347
32125,0.1088961511850357,0.9589583277702332,0.0247819721698761,0.028305069443480775,0.3004724979400635
32150,0.10886073857545853,0.9589583277702332,0.0247932281345129,0.028320713085100677,0.3005618155002594
32175,0.10882529616355896,0.9589583277702332,0.024807224050164223,0.02833851973311156,0.3006512522697449
32200,0.1087898313999176,0.9589583277702332,0.024805132299661636,0.028339526342619305,0.3007407784461975
32225,0.10875435173511505,0.9589999914169312,0.024830810725688934,0.028343852696874696,0.30083054304122925
32250,0.10871882736682892,0.9589999914169312,0.024848157539963722,0.028367148072850904,0.3009204864501953
32275,0.10868322849273682,0.9590416550636292,0.024874351918697357,0.02838874173259361,0.30101048946380615
32300,0.10864759981632233,0.9590833187103271,0.024887684732675552,0.028411872781615093,0.30110058188438416
32325,0.10861191898584366,0.9591249823570251,0.02489841915667057,0.02841709369451754,0.3011907935142517
32350,0.1085762083530426,0.9591249823570251,0.024906817823648453,0.02845770426520832,0.3012811243534088
32375,0.10854042321443558,0.9591249823570251,0.024915266782045364,0.028473464744448247,0.30137163400650024
32400,0.10850461572408676,0.9591249823570251,0.024913150817155838,0.028519801134598906,0.3014622628688812
32425,0.10846872627735138,0.9591666460037231,0.02493019588291645,0.028544799661706935,0.3015531003475189
32450,0.10843279957771301,0.9592083096504211,0.0249471515417099,0.028570364662868716,0.3016439974308014
32475,0.10839677602052689,0.9592083096504211,0.024967892095446587,0.028607856283309238,0.30173513293266296
32500,0.10836069285869598,0.9592083096504211,0.024997329339385033,0.028627273776781807,0.3018263280391693
32525,0.1083245649933815,0.9592083096504211,0.025021104142069817,0.02864894266930591,0.3019177317619324
32550,0.10828834772109985,0.9592083096504211,0.02502225711941719,0.028685236455300696,0.302009254693985
32575,0.10825209319591522,0.9592083096504211,0.02504829876124859,0.028707807492932596,0.3021009564399719
32600,0.10821577161550522,0.9592083096504211,0.02508261427283287,0.028728338239321253,0.3021927773952484
32625,0.10817939043045044,0.9592083096504211,0.02510063536465168,0.028767643213965927,0.30228474736213684
32650,0.1081429049372673,0.9592083096504211,0.02514168806374073,0.02879367194295371,0.3023768961429596
32675,0.1081063523888588,0.9592083096504211,0.02516365610063076,0.02880985923737804,0.30246928334236145
32700,0.10806974023580551,0.9592083096504211,0.0251789391040802,0.02883699644190247,0.30256175994873047
32725,0.10803306102752686,0.9592083096504211,0.025203006342053413,0.02886657075479361,0.3026544451713562
32750,0.10799635946750641,0.9592083096504211,0.025228016078472137,0.028909404968878758,0.3027471899986267
32775,0.10795947164297104,0.9592083096504211,0.02524583227932453,0.02898320584122187,0.30284005403518677
32800,0.1079224944114685,0.9592499732971191,0.025264138355851173,0.029013943164329897,0.3029331564903259
32825,0.1078854352235794,0.9592916369438171,0.02533482201397419,0.02903327669742258,0.3030265271663666
32850,0.10784828662872314,0.9593333005905151,0.025351105257868767,0.029056777252445088,0.30312007665634155
32875,0.1078110933303833,0.9593333005905151,0.025373095646500587,0.029076535135212717,0.3032137453556061
32900,0.10777384042739868,0.9593333005905151,0.025383759289979935,0.02909241313975822,0.30330753326416016
32925,0.10773652791976929,0.9593749642372131,0.025451380759477615,0.02910781465095397,0.30340152978897095
32950,0.10769911855459213,0.9593749642372131,0.025469761341810226,0.02913491965296053,0.3034956753253937
32975,0.1076616570353508,0.9593749642372131,0.0254882350564003,0.029158768248469375,0.30358996987342834
33000,0.10762414336204529,0.9593749642372131,0.02551257610321045,0.029172751413645923,0.3036843538284302
33025,0.107586570084095,0.9593749642372131,0.025531360879540443,0.029198726558102232,0.3037789762020111
33050,0.10754892975091934,0.9593749642372131,0.02552601881325245,0.029229804768035744,0.3038737177848816
33075,0.1075112521648407,0.9593749642372131,0.025550300255417824,0.02924069431942775,0.30396854877471924
33100,0.10747350752353668,0.9593749642372131,0.025569474324584007,0.029282288699419762,0.3040635287761688
33125,0.10743571072816849,0.9593749642372131,0.025592977181077003,0.02929316377248449,0.30415868759155273
33150,0.10739785432815552,0.9594583511352539,0.025601157918572426,0.029331523389489397,0.3042539060115814
33175,0.10735995322465897,0.9594583511352539,0.025568827986717224,0.02939077497670107,0.3043493926525116
33200,0.10732196271419525,0.9595000147819519,0.025588076561689377,0.02943394620335407,0.30444493889808655
33225,0.10728391259908676,0.9595000147819519,0.025629090145230293,0.02942398655103335,0.30454057455062866
33250,0.10724584013223648,0.9595000147819519,0.025641176849603653,0.029443784213195406,0.30463629961013794
33275,0.10720772296190262,0.9595416784286499,0.025648631155490875,0.02946863499155323,0.30473214387893677
33300,0.10716955363750458,0.9595416784286499,0.025650765746831894,0.029463030754587973,0.3048281669616699
33325,0.10713132470846176,0.9595416784286499,0.025733286514878273,0.02947124233225458,0.30492427945137024
33350,0.10709298402070999,0.9595416784286499,0.025783900171518326,0.029508545541409876,0.3050204813480377
33375,0.10705457627773285,0.9595416784286499,0.025799939408898354,0.02953283308403248,0.30511680245399475
33400,0.10701609402894974,0.9595416784286499,0.025821536779403687,0.029577036246684823,0.3052133619785309
33425,0.10697751492261887,0.9595833420753479,0.025840478017926216,0.02959935675710754,0.30531010031700134
33450,0.10693889111280441,0.9595833420753479,0.025846099480986595,0.029621021583027866,0.30540698766708374
33475,0.10690024495124817,0.9596250057220459,0.025849981233477592,0.029639400401206294,0.3055040240287781
33500,0.10686155408620834,0.9596250057220459,0.025869352743029594,0.029672030160187865,0.30560117959976196
33525,0.10682279616594315,0.9596250057220459,0.025876810774207115,0.029690350564216438,0.30569857358932495
33550,0.10678398609161377,0.9596250057220459,0.025895798578858376,0.02971420824118699,0.3057960271835327
33575,0.10674508661031723,0.9597083330154419,0.025920908898115158,0.029758200256040257,0.3058936595916748
33600,0.10670611262321472,0.9597499966621399,0.02594042755663395,0.029785391464962344,0.30599144101142883
33625,0.10666710138320923,0.9597499966621399,0.02595691941678524,0.029816872094786645,0.3060893714427948
33650,0.10662800818681717,0.9597499966621399,0.025962986052036285,0.02984122590787033,0.3061874210834503
33675,0.10658886283636093,0.9597499966621399,0.025969116017222404,0.029870317926553498,0.30628564953804016
33700,0.10654967278242111,0.9597499966621399,0.025984466075897217,0.02989172488956549,0.30638396739959717
33725,0.10651043802499771,0.9597916603088379,0.02600564807653427,0.02991408059210819,0.3064824640750885
33750,0.10647112876176834,0.9598333239555359,0.02603207528591156,0.02992100131963026,0.3065811097621918
33775,0.10643172264099121,0.9598749876022339,0.026032444089651108,0.02998959728098919,0.3066798746585846
33800,0.1063922643661499,0.9598749876022339,0.026004251092672348,0.03006745928225789,0.30677875876426697
33825,0.10635270923376083,0.9599583148956299,0.02607308328151703,0.030084751222123708,0.30687782168388367
33850,0.106313057243824,0.9599583148956299,0.026090288534760475,0.030102899713628842,0.3069770634174347
33875,0.10627331584692001,0.9599999785423279,0.026102077215909958,0.030171765836493676,0.30707642436027527
33900,0.10623349249362946,0.9599999785423279,0.026119938120245934,0.0301929568340556,0.30717605352401733
33925,0.10619362443685532,0.9599999785423279,0.026143210008740425,0.030213137723970534,0.3072758615016937
33950,0.10615368187427521,0.9599999785423279,0.026165729388594627,0.030232741223457302,0.3073757588863373
33975,0.10611368715763092,0.9599999785423279,0.0262222308665514,0.03023138587141291,0.30747589468955994
34000,0.10607359558343887,0.9599999785423279,0.026261670514941216,0.03023918122368205,0.30757614970207214
34025,0.10603350400924683,0.9599999785423279,0.02625420317053795,0.03024435953466201,0.30767664313316345
34050,0.10599339008331299,0.9599999785423279,0.026302199810743332,0.030279501748794218,0.3077772259712219
34075,0.10595311224460602,0.9600416421890259,0.026337632909417152,0.03030976882063423,0.3078780770301819
34100,0.10591278225183487,0.9600416421890259,0.02637890912592411,0.030321616467456004,0.3079790771007538
34125,0.10587237775325775,0.9600416421890259,0.026412155479192734,0.030328105250800423,0.30808013677597046
34150,0.10583190619945526,0.9600833058357239,0.02643318474292755,0.030348454076490575,0.30818140506744385
34175,0.10579139739274979,0.9600833058357239,0.026449773460626602,0.030370628430225314,0.3082827627658844
34200,0.10575079917907715,0.9600833058357239,0.026480302214622498,0.030396533579722898,0.3083842992782593
34225,0.10571010410785675,0.9601249694824219,0.026530811563134193,0.030416082552711242,0.3084859251976013
34250,0.10566932708024979,0.9601666331291199,0.026612743735313416,0.03042115476525313,0.3085877597332001
34275,0.10562846064567566,0.9602082967758179,0.026600345969200134,0.030485751679764337,0.30868974328041077
34300,0.10558746010065079,0.9602082967758179,0.026667771860957146,0.030530220498457435,0.3087918162345886
34325,0.10554636269807816,0.9602082967758179,0.026676664128899574,0.03055234896456468,0.3088941276073456
34350,0.10550519824028015,0.9602916836738586,0.026693886145949364,0.030577682957988163,0.3089965581893921
34375,0.10546396672725677,0.9602916836738586,0.026717916131019592,0.03060239684641638,0.3090991973876953
34400,0.10542270541191101,0.9603333473205566,0.026725854724645615,0.03061805235259376,0.3092019855976105
34425,0.10538139939308167,0.9603750109672546,0.02674487791955471,0.0306413238936513,0.3093049228191376
34450,0.10534003376960754,0.9603750109672546,0.02676885575056076,0.030641017742565443,0.3094080090522766
34475,0.10529862344264984,0.9603750109672546,0.026787055656313896,0.030663481944150823,0.3095111846923828
34500,0.10525711625814438,0.9603750109672546,0.026785388588905334,0.03076561549796416,0.3096145689487457
34525,0.10521548241376877,0.9603750109672546,0.026784054934978485,0.030792269200256267,0.30971798300743103
34550,0.10517381876707077,0.9604166746139526,0.02680392749607563,0.03081742302453126,0.3098214566707611
34575,0.1051321029663086,0.9604166746139526,0.026823531836271286,0.030822241367464247,0.30992501974105835
34600,0.10509031265974045,0.9604583382606506,0.026857133954763412,0.030851655136598266,0.3100287914276123
34625,0.10504844784736633,0.9604583382606506,0.026871848851442337,0.030890884328725852,0.3101326823234558
34650,0.10500651597976685,0.9604583382606506,0.026881124824285507,0.030919401427318808,0.31023672223091125
34675,0.10496453940868378,0.9604583382606506,0.026909615844488144,0.030917081293692528,0.31034085154533386
34700,0.10492252558469772,0.9604583382606506,0.026928013190627098,0.030940374137672543,0.31044521927833557
34725,0.10488039255142212,0.9604583382606506,0.026953555643558502,0.03099153126605568,0.31054970622062683
34750,0.10483816266059875,0.9604583382606506,0.02698328346014023,0.03105497193863932,0.3106544315814972
34775,0.10479584336280823,0.9604583382606506,0.027007585391402245,0.03105955632034891,0.31075915694236755
34800,0.10475345700979233,0.9604583382606506,0.027011822909116745,0.031099306950782463,0.3108641505241394
34825,0.10471101105213165,0.9605000019073486,0.027036193758249283,0.0311211047054175,0.3109692633152008
34850,0.10466847568750381,0.9605416655540466,0.027053961530327797,0.031148640460723933,0.31107455492019653
34875,0.1046258956193924,0.9605833292007446,0.027075335383415222,0.031166794478466778,0.3111799359321594
34900,0.1045832484960556,0.9606249928474426,0.02708917297422886,0.031196747887976977,0.31128549575805664
34925,0.10454056411981583,0.9606249928474426,0.027089091017842293,0.031218040300022225,0.3113912045955658
34950,0.10449782013893127,0.9606249928474426,0.027113255113363266,0.03124182564702344,0.3114970624446869
34975,0.10445501655340195,0.9606666564941406,0.027141127735376358,0.03125813551290951,0.3116031587123871
35000,0.10441214591264725,0.9606666564941406,0.027177119627594948,0.03126887747981313,0.31170928478240967
35025,0.10436917096376419,0.9607083201408386,0.02723492681980133,0.03129271884590334,0.3118155896663666
35050,0.10432606935501099,0.9607083201408386,0.027256494387984276,0.03134249622914352,0.3119219243526459
35075,0.104282908141613,0.9607083201408386,0.027266860008239746,0.031416431849115245,0.3120284974575043
35100,0.10423962026834488,0.9607499837875366,0.027286801487207413,0.031433656951137375,0.31213515996932983
35125,0.10419628024101257,0.9607916474342346,0.027308961376547813,0.0314644174801225,0.3122420012950897
35150,0.10415282845497131,0.9607916474342346,0.027346936985850334,0.03148992188144003,0.3123491108417511
35175,0.10410930961370468,0.9608333110809326,0.027362974360585213,0.03151231980226302,0.3124563694000244
35200,0.10406575351953506,0.9608333110809326,0.027337215840816498,0.03153687492429578,0.3125637173652649
35225,0.10402217507362366,0.9608333110809326,0.027349034324288368,0.03155872432922495,0.31267133355140686
35250,0.10397855192422867,0.9608333110809326,0.027372868731617928,0.03157554066893201,0.31277912855148315
35275,0.1039348766207695,0.9608333110809326,0.027399441227316856,0.03160175992923827,0.3128870725631714
35300,0.10389105975627899,0.9608333110809326,0.027489176020026207,0.031610987815815776,0.3129951059818268
35325,0.10384716838598251,0.9609583020210266,0.027507241815328598,0.031618563837886166,0.3131033182144165
35350,0.10380325466394424,0.9609583020210266,0.027512775734066963,0.0316363001318281,0.31321173906326294
35375,0.10375923663377762,0.9610416293144226,0.02753196656703949,0.03168711160394937,0.3133203387260437
35400,0.10371513664722443,0.9610416293144226,0.02755787782371044,0.03172149669596733,0.3134290874004364
35425,0.10367096960544586,0.9610833525657654,0.02755880355834961,0.03175074506429979,0.3135380744934082
35450,0.10362675040960312,0.9610833525657654,0.027584141120314598,0.03176975683615512,0.31364718079566956
35475,0.1035824567079544,0.9610833525657654,0.02759646810591221,0.03179828047495022,0.3137564957141876
35500,0.10353812575340271,0.9611250162124634,0.027616530656814575,0.03182010630850202,0.3138660192489624
35525,0.10349370539188385,0.9611666798591614,0.027641937136650085,0.03184635296408952,0.31397563219070435
35550,0.10344921797513962,0.9611666798591614,0.027669526636600494,0.03185937532984318,0.3140854239463806
35575,0.10340463370084763,0.9611666798591614,0.02773173898458481,0.03190447660431936,0.3141953945159912
35600,0.10335993021726608,0.9612083435058594,0.027766337618231773,0.0319151151926294,0.31430554389953613
35625,0.10331516712903976,0.9612083435058594,0.027775024995207787,0.03194287211144852,0.3144158124923706
35650,0.10327033698558807,0.9612083435058594,0.02782447822391987,0.031981124288742016,0.3145262897014618
35675,0.10322538018226624,0.9612083435058594,0.027801474556326866,0.032039340361347556,0.31463685631752014
35700,0.10318030416965485,0.9612500071525574,0.027920622378587723,0.0320641615532754,0.31474751234054565
35725,0.10313507169485092,0.9612916707992554,0.027941184118390083,0.03208587212200143,0.3148582875728607
35750,0.10308980196714401,0.9613333344459534,0.02795969881117344,0.032099759709742916,0.3149693012237549
35775,0.10304447263479233,0.9614166617393494,0.027982020750641823,0.032125189321338225,0.3150804042816162
35800,0.10299906134605408,0.9614166617393494,0.0280054472386837,0.03215053262708625,0.31519168615341187
35825,0.10295363515615463,0.9614583253860474,0.028018899261951447,0.032125959386514455,0.3153030574321747
35850,0.1029081642627716,0.9614583253860474,0.028047405183315277,0.03214191705879897,0.31541457772254944
35875,0.10286267846822739,0.9614583253860474,0.027981916442513466,0.03220718290917329,0.31552621722221375
35900,0.10281714797019958,0.9614999890327454,0.028022829443216324,0.03221247107665278,0.3156380355358124
35925,0.1027715653181076,0.9614999890327454,0.02803037501871586,0.0322367033674996,0.31575000286102295
35950,0.10272593051195145,0.9615833163261414,0.028029106557369232,0.0322677363603502,0.31586208939552307
35975,0.10268020629882812,0.9616249799728394,0.028053542599081993,0.032310828087998816,0.31597429513931274
36000,0.10263440012931824,0.9616666436195374,0.028078636154532433,0.03233387996902701,0.31608664989471436
36025,0.10258849710226059,0.9616666436195374,0.028130484744906425,0.03236534728138406,0.3161992132663727
36050,0.10254251956939697,0.9617083072662354,0.028116879984736443,0.03241214954842046,0.31631192564964294
36075,0.10249646008014679,0.9617083072662354,0.02814619243144989,0.0324337285452086,0.3164248466491699
36100,0.10245029628276825,0.9617499709129333,0.02814154326915741,0.032497431249819936,0.31653788685798645
36125,0.10240405052900314,0.9618332982063293,0.028140906244516373,0.032554417292272514,0.31665101647377014
36150,0.10235770791769028,0.9618749618530273,0.02813771739602089,0.03262369465234962,0.3167642652988434
36175,0.10231121629476547,0.9618749618530273,0.028179382905364037,0.0326570113529813,0.31687766313552856
36200,0.1022646576166153,0.9619166851043701,0.02819206938147545,0.03271478573668472,0.3169912099838257
36225,0.10221799463033676,0.9619583487510681,0.02822352573275566,0.03273290181485828,0.31710487604141235
36250,0.10217129439115524,0.9620000123977661,0.028272228315472603,0.032716524359904804,0.3172186613082886
36275,0.10212451219558716,0.9620416760444641,0.02831568755209446,0.03273587246105473,0.31733259558677673
36300,0.10207762569189072,0.9620416760444641,0.028287090361118317,0.032805159262568724,0.3174467086791992
36325,0.10203073173761368,0.9620416760444641,0.028273146599531174,0.03280580013955991,0.3175608813762665
36350,0.10198383778333664,0.9620416760444641,0.028286412358283997,0.03281065434609531,0.31767532229423523
36375,0.10193689912557602,0.9620416760444641,0.028312789276242256,0.032824703150445944,0.3177899420261383
36400,0.10188989341259003,0.9620416760444641,0.028331603854894638,0.03285426240319519,0.3179047405719757
36425,0.10184281319379807,0.9621250033378601,0.02836427092552185,0.03285465037739468,0.31801965832710266
36450,0.10179565101861954,0.9621666669845581,0.028416220098733902,0.03287451387683824,0.3181348443031311
36475,0.10174842178821564,0.9622083306312561,0.028440359979867935,0.03289720646065673,0.31825026869773865
36500,0.10170105844736099,0.9621666669845581,0.028426777571439743,0.0329922663345229,0.3183659017086029
36525,0.1016535609960556,0.9622083306312561,0.028473814949393272,0.03302288680125974,0.3184817135334015
36550,0.10160599648952484,0.9622916579246521,0.028536207973957062,0.0330359367984238,0.3185977041721344
36575,0.10155832767486572,0.9623749852180481,0.028546616435050964,0.03304737431209943,0.31871387362480164
36600,0.10151062905788422,0.9623749852180481,0.028577443212270737,0.03305310843760943,0.3188301622867584
36625,0.10146285593509674,0.9623749852180481,0.028604401275515556,0.03307705166740274,0.3189466595649719
36650,0.1014150083065033,0.9623749852180481,0.028645802289247513,0.0331194869044178,0.3190632462501526
36675,0.10136701166629791,0.9623749852180481,0.028636589646339417,0.03318315823852449,0.3191800117492676
36700,0.10131900757551193,0.9623749852180481,0.028617382049560547,0.033186949943548066,0.31929701566696167
36725,0.10127099603414536,0.9624166488647461,0.02863585390150547,0.03324021255195779,0.3194142282009125
36750,0.10122282058000565,0.9624166488647461,0.028696903958916664,0.03323709886344142,0.3195315897464752
36775,0.10117457062005997,0.9624166488647461,0.028719216585159302,0.033256566798006065,0.3196491599082947
36800,0.1011262834072113,0.9624166488647461,0.028752068057656288,0.03326701420989321,0.3197668492794037
36825,0.10107792168855667,0.9624999761581421,0.02880658023059368,0.03326896148270535,0.31988459825515747
36850,0.10102947801351547,0.9624999761581421,0.028817780315876007,0.03329817356310605,0.3200024962425232
36875,0.10098101943731308,0.9624999761581421,0.028793182224035263,0.033320592291936485,0.3201204538345337
36900,0.10093249380588531,0.9624999761581421,0.028831826522946358,0.03333368435500569,0.3202385902404785
36925,0.1008838564157486,0.9624999761581421,0.028813090175390244,0.03344085471513614,0.3203568458557129
36950,0.10083509236574173,0.9624999761581421,0.028875291347503662,0.0334572392807613,0.3204752504825592
36975,0.1007862240076065,0.9624999761581421,0.028911955654621124,0.03348021321031609,0.32059380412101746
37000,0.10073726624250412,0.9625416398048401,0.028937414288520813,0.03349742962170292,0.3207126259803772
37025,0.10068821161985397,0.9625833034515381,0.02898828126490116,0.033532089476891895,0.32083162665367126
37050,0.10063907504081726,0.9626249670982361,0.029009072110056877,0.03355768759464467,0.32095086574554443
37075,0.10058984160423279,0.9626666307449341,0.02905053086578846,0.033578385069471785,0.32107019424438477
37100,0.10054052621126175,0.9626666307449341,0.029104700312018394,0.033538787412276526,0.3211897015571594
37125,0.10049121081829071,0.9626666307449341,0.02912626788020134,0.03356048223619872,0.32130947709083557
37150,0.1004418134689331,0.9626666307449341,0.02910837158560753,0.0336078980367632,0.32142946124076843
37175,0.10039235651493073,0.9627082943916321,0.029134660959243774,0.033645961949794356,0.32154950499534607
37200,0.10034279525279999,0.9627082943916321,0.029133178293704987,0.03368646194923859,0.3216698169708252
37225,0.10029317438602448,0.9627500176429749,0.029160529375076294,0.03371374614688681,0.32179027795791626
37250,0.1002434566617012,0.9627500176429749,0.02918616496026516,0.033743591749232214,0.32191088795661926
37275,0.10019366443157196,0.9627916812896729,0.029217906296253204,0.033767226084036366,0.32203176617622375
37300,0.10014373809099197,0.9627500176429749,0.029306072741746902,0.033766633867767896,0.3221527934074402
37325,0.10009368509054184,0.9627500176429749,0.02932918071746826,0.03380749302828408,0.32227402925491333
37350,0.10004361718893051,0.9627500176429749,0.02933862991631031,0.033801578666155394,0.3223954737186432
