step,loss,acc_train,gnorm_theta,gnorm_phi,disp
0,0.6633989214897156,0.6004166603088379,0.0,1.611613102290709,0.0
25,0.6045156121253967,0.7142083048820496,0.0,1.4585675777531164,0.0
50,0.5558550357818604,0.7852916717529297,0.0,1.3314961398681404,0.0
75,0.5150763988494873,0.82854163646698,0.0,1.2223492235894478,0.0
100,0.48055464029312134,0.8587083220481873,0.0,1.1278646621500545,0.0
125,0.4509789049625397,0.8774999976158142,0.0,1.0470400958506454,0.0
150,0.4253866374492645,0.890500009059906,0.0,0.9761632482626367,0.0
175,0.40305739641189575,0.8982499837875366,0.0,0.9136973262769728,0.0
200,0.3834279477596283,0.9036250114440918,0.0,0.8580682418208662,0.0
225,0.36607715487480164,0.9082083106040955,0.0,0.8081203791886673,0.0
250,0.3506273627281189,0.9116666316986084,0.0,0.763649582327114,0.0
275,0.3368021845817566,0.9144166707992554,0.0,0.7231276642041772,0.0
300,0.32437342405319214,0.9169166684150696,0.0,0.6865377272893531,0.0
325,0.3131575882434845,0.918749988079071,0.0,0.6526942086263907,0.0
350,0.3029947876930237,0.9209583401679993,0.0,0.6220867920322019,0.0
375,0.2937454879283905,0.9225000143051147,0.0,0.5941510923756291,0.0
400,0.2852960526943207,0.9237083196640015,0.0,0.5681356675678106,0.0
425,0.2775580883026123,0.9248332977294922,0.0,0.5443270947802727,0.0
450,0.2704471945762634,0.9263749718666077,0.0,0.5220652679887132,0.0
475,0.2638953924179077,0.9277499914169312,0.0,0.501477364447228,0.0
500,0.2578457295894623,0.9292083382606506,0.0,0.482146155297447,0.0
525,0.25224602222442627,0.9300000071525574,0.0,0.46423629424981505,0.0
550,0.24704913794994354,0.9308333396911621,0.0,0.4474961122441353,0.0
575,0.2422150820493698,0.9315000176429749,0.0,0.4318249552322302,0.0
600,0.2377094328403473,0.9319583177566528,0.0,0.41703822079091285,0.0
625,0.23350264132022858,0.9325833320617676,0.0,0.403217928284248,0.0
650,0.2295667678117752,0.9327499866485596,0.0,0.39017906165788363,0.0
675,0.22587701678276062,0.9334583282470703,0.0,0.3779831347659631,0.0
700,0.22241276502609253,0.9340416789054871,0.0,0.3663651959170565,0.0
725,0.21915507316589355,0.934624969959259,0.0,0.3554279236594452,0.0
750,0.21608678996562958,0.934749960899353,0.0,0.345100678844913,0.0
775,0.21319225430488586,0.9350833296775818,0.0,0.33529669631804215,0.0
800,0.21045731008052826,0.9352916479110718,0.0,0.32607473444195983,0.0
825,0.20787009596824646,0.9357083439826965,0.0,0.3172018994294219,0.0
850,0.20542018115520477,0.9360416531562805,0.0,0.30879691230785883,0.0
875,0.20309709012508392,0.9365000128746033,0.0,0.30071651544704014,0.0
900,0.20089244842529297,0.9368749856948853,0.0,0.29310946195721266,0.0
925,0.19879719614982605,0.937375009059906,0.0,0.285782549645136,0.0
950,0.19680431485176086,0.937666654586792,0.0,0.2788109957509797,0.0
975,0.19490626454353333,0.937958300113678,0.0,0.2721994862909246,0.0
1000,0.19309574365615845,0.9381250143051147,0.0,0.2659468978317815,0.0
1025,0.191367506980896,0.9384166598320007,0.0,0.2598391579472132,0.0
1050,0.18971753120422363,0.9386666417121887,0.0,0.2539032025894617,0.0
1075,0.18814042210578918,0.9387916326522827,0.0,0.24834514845583036,0.0
1100,0.1866312175989151,0.9388750195503235,0.0,0.24295806199555436,0.0
1125,0.18518584966659546,0.9390416741371155,0.0,0.23780698749016088,0.0
1150,0.1838010996580124,0.9392083287239075,0.0,0.23284367822196847,0.0
1175,0.1824728548526764,0.9394999742507935,0.0,0.22807097842057653,0.0
1200,0.18119819462299347,0.9397500157356262,0.0,0.22348171460480679,0.0
1225,0.17997445166110992,0.9398333430290222,0.0,0.21898940194401864,0.0
1250,0.17879854142665863,0.9399583339691162,0.0,0.2146991488241243,0.0
1275,0.17766781151294708,0.9402083158493042,0.0,0.21062147123316494,0.0
1300,0.17657959461212158,0.9402499794960022,0.0,0.20659501596316884,0.0
1325,0.17553214728832245,0.940541684627533,0.0,0.20273207179074965,0.0
1350,0.17452269792556763,0.940541684627533,0.0,0.19907042625094576,0.0
1375,0.17354951798915863,0.940708339214325,0.0,0.19543780387108528,0.0
1400,0.17261125147342682,0.9409166574478149,0.0,0.19192717443462945,0.0
1425,0.171706423163414,0.9409999847412109,0.0,0.18853129592200138,0.0
1450,0.17083285748958588,0.9412499666213989,0.0,0.18525179155062726,0.0
1475,0.16998928785324097,0.9413750171661377,0.0,0.18207978958326207,0.0
1500,0.16917431354522705,0.9412499666213989,0.0,0.1789348207251154,0.0
1525,0.16838668286800385,0.9413332939147949,0.0,0.17599914588705898,0.0
1550,0.16762475669384003,0.9415000081062317,0.0,0.17310010621532304,0.0
1575,0.16688737273216248,0.9413750171661377,0.0,0.1703460304894991,0.0
1600,0.1661732792854309,0.9414583444595337,0.0,0.16762774107428458,0.0
1625,0.16548162698745728,0.9415833353996277,0.0,0.16500024310244094,0.0
1650,0.16481149196624756,0.9417916536331177,0.0,0.16243899304520687,0.0
1675,0.164161816239357,0.9419166445732117,0.0,0.15992891071599266,0.0
1700,0.16353189945220947,0.9422500133514404,0.0,0.1575072918748507,0.0
1725,0.16292114555835724,0.9423333406448364,0.0,0.15508930590267156,0.0
1750,0.16232867538928986,0.9422083497047424,0.0,0.15278353878732734,0.0
1775,0.16175346076488495,0.9424166679382324,0.0,0.15056756790445075,0.0
1800,0.1611948311328888,0.9425416588783264,0.0,0.1483654489753328,0.0
1825,0.16065208613872528,0.9425833225250244,0.0,0.14628301654053164,0.0
1850,0.16012468934059143,0.9426249861717224,0.0,0.14415318856317103,0.0
1875,0.159612238407135,0.9427083134651184,0.0,0.14218095027453775,0.0
1900,0.15911376476287842,0.9427083134651184,0.0,0.14020302363172332,0.0
1925,0.158628910779953,0.9426249861717224,0.0,0.13827919678353556,0.0
1950,0.15815724432468414,0.9426666498184204,0.0,0.13640295415571604,0.0
1975,0.15769840776920319,0.9426666498184204,0.0,0.13453025784259262,0.0
2000,0.1572517454624176,0.9427499771118164,0.0,0.13275339395888242,0.0
2025,0.15681685507297516,0.9427083134651184,0.0,0.1310188344969325,0.0
2050,0.15639294683933258,0.9426249861717224,0.0,0.12937928527589376,0.0
2075,0.1559797078371048,0.9427916407585144,0.0,0.12771884187663304,0.0
2100,0.15557706356048584,0.9428749680519104,0.0,0.1261013370017342,0.0
2125,0.15518462657928467,0.9430833458900452,0.0,0.12444029784047601,0.0
2150,0.15480229258537292,0.9430416822433472,0.0,0.12285284938086491,0.0
2175,0.15442952513694763,0.9431250095367432,0.0,0.12135015292374333,0.0
2200,0.15406577289104462,0.9432916641235352,0.0,0.11987407907233029,0.0
2225,0.15371082723140717,0.9432916641235352,0.0,0.1184067381897156,0.0
2250,0.15336430072784424,0.9432500004768372,0.0,0.11701217995206625,0.0
2275,0.15302586555480957,0.9434166550636292,0.0,0.11562904722974597,0.0
2300,0.152695432305336,0.9434583187103271,0.0,0.11427358043441917,0.0
2325,0.15237276256084442,0.9435416460037231,0.0,0.11291064875330284,0.0
2350,0.1520577371120453,0.9435416460037231,0.0,0.11157236453217909,0.0
2375,0.15175014734268188,0.9435416460037231,0.0,0.11026746273214975,0.0
2400,0.1514495611190796,0.9435416460037231,0.0,0.10898302349949882,0.0
2425,0.15115594863891602,0.9436249732971191,0.0,0.10773309598499244,0.0
2450,0.15086914598941803,0.9437499642372131,0.0,0.10648308477961373,0.0
2475,0.15058887004852295,0.9437083005905151,0.0,0.10528237840972307,0.0
2500,0.1503147929906845,0.9438333511352539,0.0,0.10412076372658854,0.0
2525,0.1500467211008072,0.9437499642372131,0.0,0.102961431403339,0.0
2550,0.14978449046611786,0.9437916278839111,0.0,0.10183924685526512,0.0
2575,0.1495278775691986,0.9438750147819519,0.0,0.10078895624580302,0.0
2600,0.1492765247821808,0.9439166784286499,0.0,0.09970740042584608,0.0
2625,0.14903046190738678,0.9440416693687439,0.0,0.0986954488904408,0.0
2650,0.14878948032855988,0.9441666603088379,0.0,0.09766685448566878,0.0
2675,0.14855340123176575,0.9440833330154419,0.0,0.09666626987881312,0.0
2700,0.148322194814682,0.9441249966621399,0.0,0.0956449515724618,0.0
2725,0.14809586107730865,0.9441249966621399,0.0,0.09464076030410054,0.0
2750,0.14787426590919495,0.9440833330154419,0.0,0.0936699013590238,0.0
2775,0.14765708148479462,0.9441249966621399,0.0,0.09271300667358592,0.0
2800,0.14744433760643005,0.9442499876022339,0.0,0.09176164746060685,0.0
2825,0.14723585546016693,0.9443333148956299,0.0,0.09084785761460577,0.0
2850,0.14703136682510376,0.9443749785423279,0.0,0.08998990046711546,0.0
2875,0.1468309462070465,0.9444999694824219,0.0,0.08905473118272454,0.0
2900,0.1466345340013504,0.9446249604225159,0.0,0.08821601461162691,0.0
2925,0.14644184708595276,0.9446249604225159,0.0,0.08734811231254462,0.0
2950,0.14625295996665955,0.9445832967758179,0.0,0.08648106664524245,0.0
2975,0.14606782793998718,0.9446666836738586,0.0,0.0856302094599338,0.0
3000,0.14588624238967896,0.9447500109672546,0.0,0.08481641518389584,0.0
3025,0.14570802450180054,0.9447916746139526,0.0,0.08399817360934464,0.0
3050,0.14553315937519073,0.9448333382606506,0.0,0.08323244969891205,0.0
3075,0.1453615128993988,0.9447916746139526,0.0,0.08248639595992453,0.0
3100,0.1451929360628128,0.9447500109672546,0.0,0.08171208192389706,0.0
3125,0.14502765238285065,0.9448333382606506,0.0,0.08088517063285067,0.0
3150,0.14486564695835114,0.9448333382606506,0.0,0.08008335976900985,0.0
3175,0.14470668137073517,0.9447500109672546,0.0,0.07937613749848807,0.0
3200,0.14455053210258484,0.9447916746139526,0.0,0.07867204320251699,0.0
3225,0.14439722895622253,0.9448333382606506,0.0,0.07794204494896301,0.0
3250,0.14424674212932587,0.9450833201408386,0.0,0.07724323235838414,0.0
3275,0.14409881830215454,0.9451249837875366,0.0,0.07660700788685183,0.0
3300,0.1439533680677414,0.9451249837875366,0.0,0.07595116121031376,0.0
3325,0.1438104808330536,0.9451666474342346,0.0,0.07524496125714548,0.0
3350,0.1436701864004135,0.9451666474342346,0.0,0.07455791529028544,0.0
3375,0.1435324102640152,0.9451666474342346,0.0,0.07390228958833378,0.0
3400,0.14339694380760193,0.9452083110809326,0.0,0.07327866499878874,0.0
3425,0.14326399564743042,0.9452083110809326,0.0,0.07259721561966734,0.0
3450,0.143133282661438,0.9452083110809326,0.0,0.07200976313582322,0.0
3475,0.1430046409368515,0.9452083110809326,0.0,0.07142112770474826,0.0
3500,0.1428782343864441,0.9452499747276306,0.0,0.07079706207781751,0.0
3525,0.14275400340557098,0.9452916383743286,0.0,0.07019840914248707,0.0
3550,0.14263179898262024,0.9452499747276306,0.0,0.0696247227941532,0.0
3575,0.14251162111759186,0.9452499747276306,0.0,0.06904542932179678,0.0
3600,0.1423933506011963,0.9452916383743286,0.0,0.06851374590854728,0.0
3625,0.142276793718338,0.9453333020210266,0.0,0.06800124978005029,0.0
3650,0.14216218888759613,0.9453749656677246,0.0,0.06743119370795302,0.0
3675,0.14204935729503632,0.9454166293144226,0.0,0.0669269012670731,0.0
3700,0.1419382393360138,0.9455000162124634,0.0,0.06637989510957393,0.0
3725,0.1418289840221405,0.9454583525657654,0.0,0.06584061592477077,0.0
3750,0.1417214572429657,0.9455000162124634,0.0,0.06530793548397261,0.0
3775,0.14161565899848938,0.9455000162124634,0.0,0.06476708936754222,0.0
3800,0.14151158928871155,0.9456250071525574,0.0,0.06426399386649914,0.0
3825,0.14140915870666504,0.9456666707992554,0.0,0.0637266525448692,0.0
3850,0.14130845665931702,0.9456666707992554,0.0,0.06321271687397863,0.0
3875,0.14120930433273315,0.9456666707992554,0.0,0.06271752589996415,0.0
3900,0.14111168682575226,0.9456666707992554,0.0,0.06223120239394995,0.0
3925,0.14101558923721313,0.9457499980926514,0.0,0.06175686759095614,0.0
3950,0.14092089235782623,0.9458749890327454,0.0,0.06129616049634363,0.0
3975,0.14082764089107513,0.9459166526794434,0.0,0.06082362182766588,0.0
4000,0.14073581993579865,0.9459166526794434,0.0,0.060367163073429035,0.0
4025,0.14064531028270721,0.9458749890327454,0.0,0.059969044030798904,0.0
4050,0.14055602252483368,0.9458749890327454,0.0,0.05953430265409349,0.0
4075,0.1404680609703064,0.9458749890327454,0.0,0.05910614244057566,0.0
4100,0.14038118720054626,0.9458749890327454,0.0,0.058748380426893926,0.0
4125,0.14029553532600403,0.9459999799728394,0.0,0.05830638648584523,0.0
4150,0.14021119475364685,0.9460833072662354,0.0,0.057877465008930096,0.0
4175,0.14012804627418518,0.9460833072662354,0.0,0.05745018575427653,0.0
4200,0.14004607498645782,0.9459999799728394,0.0,0.057069143909852654,0.0
4225,0.13996519148349762,0.9460416436195374,0.0,0.05666383176717863,0.0
4250,0.13988550007343292,0.9460416436195374,0.0,0.05626378774559227,0.0
4275,0.13980697095394135,0.9460416436195374,0.0,0.055832879240908524,0.0
4300,0.1397295892238617,0.9460833072662354,0.0,0.05544316423029253,0.0
4325,0.13965332508087158,0.9460416436195374,0.0,0.055002429514572536,0.0
4350,0.139578178524971,0.9459166526794434,0.0,0.05461144968425123,0.0
4375,0.13950422406196594,0.9459166526794434,0.0,0.0541886740264419,0.0
4400,0.13943129777908325,0.9458749890327454,0.0,0.05379844278203954,0.0
4425,0.1393594741821289,0.9458749890327454,0.0,0.05338913618577467,0.0
4450,0.13928866386413574,0.9458333253860474,0.0,0.05303403364643123,0.0
4475,0.13921889662742615,0.9457083344459534,0.0,0.052609997179347244,0.0
4500,0.1391502171754837,0.9457083344459534,0.0,0.05221469149080681,0.0
4525,0.13908253610134125,0.9457083344459534,0.0,0.05183537858978647,0.0
4550,0.1390157788991928,0.9456666707992554,0.0,0.05149328291770632,0.0
4575,0.13894988596439362,0.9456250071525574,0.0,0.05117828367526282,0.0
4600,0.13888484239578247,0.9456250071525574,0.0,0.050814484374490605,0.0
4625,0.13882070779800415,0.9456250071525574,0.0,0.0504764556407005,0.0
4650,0.13875746726989746,0.9456666707992554,0.0,0.05012915011190108,0.0
4675,0.13869503140449524,0.9457083344459534,0.0,0.04982872679188656,0.0
4700,0.1386333554983139,0.9457499980926514,0.0,0.04947178623481735,0.0
4725,0.1385725885629654,0.9457916617393494,0.0,0.04915388351358683,0.0
4750,0.13851259648799896,0.9457916617393494,0.0,0.04882043671149091,0.0
4775,0.1384533941745758,0.9457916617393494,0.0,0.04847461778784101,0.0
4800,0.1383950412273407,0.9458333253860474,0.0,0.048148622524837426,0.0
4825,0.1383374184370041,0.9457499980926514,0.0,0.047864024957902415,0.0
4850,0.13828051090240479,0.9458749890327454,0.0,0.04755339992669153,0.0
4875,0.13822436332702637,0.9458749890327454,0.0,0.04721780449719135,0.0
4900,0.13816896080970764,0.9458749890327454,0.0,0.04693656347302106,0.0
4925,0.13811427354812622,0.9458749890327454,0.0,0.04661168378424969,0.0
4950,0.1380603164434433,0.9458333253860474,0.0,0.04628367723540845,0.0
4975,0.13800710439682007,0.9458333253860474,0.0,0.04596978304696008,0.0
5000,0.1379546970129013,0.9458333253860474,0.0,0.04562010576443095,0.0
5025,0.13790298998355865,0.9458333253860474,0.0,0.04537339092424478,0.0
5050,0.13785184919834137,0.9458749890327454,0.0,0.04507538869244509,0.0
5075,0.1378013789653778,0.9458749890327454,0.0,0.04479175798677411,0.0
5100,0.1377514749765396,0.9459583163261414,0.0,0.044533433439741525,0.0
5125,0.13770221173763275,0.9460416436195374,0.0,0.044265729234365205,0.0
5150,0.13765349984169006,0.9459583163261414,0.0,0.04397785653042998,0.0
5175,0.1376054286956787,0.9459999799728394,0.0,0.04374279387865418,0.0
5200,0.13755789399147034,0.9459999799728394,0.0,0.04344218996908831,0.0
5225,0.13751102983951569,0.9459583163261414,0.0,0.04317706979152433,0.0
5250,0.1374647170305252,0.9459166526794434,0.0,0.042914709319076205,0.0
5275,0.1374189257621765,0.9459166526794434,0.0,0.04266504756979277,0.0
5300,0.1373736709356308,0.9459166526794434,0.0,0.0424077391550126,0.0
5325,0.1373290866613388,0.9459999799728394,0.0,0.042098871263706185,0.0
5350,0.1372849941253662,0.9460416436195374,0.0,0.04185976052370854,0.0
5375,0.1372414380311966,0.9461249709129333,0.0,0.04159518825199445,0.0
5400,0.13719838857650757,0.9462499618530273,0.0,0.04137676342251345,0.0
5425,0.13715578615665436,0.9462499618530273,0.0,0.04116705244779154,0.0
5450,0.13711367547512054,0.9462499618530273,0.0,0.04092502523545935,0.0
5475,0.13707204163074493,0.9461666345596313,0.0,0.04068036458591629,0.0
5500,0.1370309293270111,0.9462082982063293,0.0,0.040409566672611946,0.0
5525,0.13699035346508026,0.9461249709129333,0.0,0.04017509109779239,0.0
5550,0.1369502693414688,0.9461249709129333,0.0,0.03991158762216255,0.0
5575,0.13691070675849915,0.9460833072662354,0.0,0.03965529731544194,0.0
5600,0.1368716061115265,0.9460833072662354,0.0,0.0394404429717974,0.0
5625,0.13683293759822845,0.9460833072662354,0.0,0.039203696689366276,0.0
5650,0.13679476082324982,0.9461249709129333,0.0,0.03896099601734357,0.0
5675,0.136757031083107,0.9461666345596313,0.0,0.038706466262185824,0.0
5700,0.13671979308128357,0.9461666345596313,0.0,0.03847399881275027,0.0
5725,0.13668295741081238,0.9461666345596313,0.0,0.038275511793066125,0.0
5750,0.13664653897285461,0.9462082982063293,0.0,0.0380615374102473,0.0
5775,0.13661053776741028,0.9462082982063293,0.0,0.0378465774823866,0.0
5800,0.1365749090909958,0.9463333487510681,0.0,0.037625974324831085,0.0
5825,0.13653971254825592,0.9463333487510681,0.0,0.03740527471771237,0.0
5850,0.13650496304035187,0.9463750123977661,0.0,0.0371515921086069,0.0
5875,0.13647064566612244,0.9463750123977661,0.0,0.03697637721577855,0.0
5900,0.13643664121627808,0.9463750123977661,0.0,0.03678116140246399,0.0
5925,0.13640300929546356,0.9463333487510681,0.0,0.036572969358482,0.0
5950,0.1363697052001953,0.9463333487510681,0.0,0.03642360193861749,0.0
5975,0.13633671402931213,0.9463750123977661,0.0,0.03621841541493151,0.0
6000,0.13630414009094238,0.9463750123977661,0.0,0.03598867743736541,0.0
6025,0.13627192378044128,0.9463750123977661,0.0,0.03579227338968636,0.0
6050,0.13624009490013123,0.9464166760444641,0.0,0.03556765152288717,0.0
6075,0.13620862364768982,0.9464166760444641,0.0,0.03541189935833907,0.0
6100,0.1361774206161499,0.9464166760444641,0.0,0.035228047374502566,0.0
6125,0.13614656031131744,0.9463750123977661,0.0,0.035072053072968755,0.0
6150,0.1361159384250641,0.9464166760444641,0.0,0.034905517332119426,0.0
6175,0.13608571887016296,0.9463750123977661,0.0,0.03466162474912989,0.0
6200,0.1360558718442917,0.9463750123977661,0.0,0.03443659302102146,0.0
6225,0.13602636754512787,0.9464166760444641,0.0,0.034264075121289934,0.0
6250,0.13599717617034912,0.9464166760444641,0.0,0.03408720091656805,0.0
6275,0.13596825301647186,0.9463750123977661,0.0,0.03392456997820354,0.0
6300,0.13593965768814087,0.9463750123977661,0.0,0.033714041658814975,0.0
6325,0.13591144979000092,0.9463750123977661,0.0,0.03349023079941353,0.0
6350,0.13588356971740723,0.9464166760444641,0.0,0.03330528579845537,0.0
6375,0.1358560174703598,0.9464166760444641,0.0,0.03309858839012134,0.0
6400,0.13582874834537506,0.9465000033378601,0.0,0.032933294813648505,0.0
6425,0.1358017772436142,0.9465833306312561,0.0,0.03276067428892343,0.0
6450,0.13577508926391602,0.9465833306312561,0.0,0.03259649498950125,0.0
6475,0.13574866950511932,0.9465416669845581,0.0,0.03239907567868488,0.0
6500,0.1357225775718689,0.9465416669845581,0.0,0.03223317988448689,0.0
6525,0.13569673895835876,0.9465833306312561,0.0,0.032068910367807214,0.0
6550,0.13567116856575012,0.9465833306312561,0.0,0.031891408808958646,0.0
6575,0.13564588129520416,0.9466249942779541,0.0,0.03172183955485009,0.0
6600,0.1356208622455597,0.9465833306312561,0.0,0.03154208625947966,0.0
6625,0.13559608161449432,0.9466249942779541,0.0,0.031397592035592156,0.0
6650,0.13557153940200806,0.9465833306312561,0.0,0.03125841624372825,0.0
6675,0.1355471909046173,0.9465416669845581,0.0,0.031155023923100687,0.0
6700,0.13552303612232208,0.9466249942779541,0.0,0.031014862637540656,0.0
6725,0.1354990452528,0.9466666579246521,0.0,0.030897843091661485,0.0
6750,0.13547532260417938,0.9467083215713501,0.0,0.030737902694599258,0.0
6775,0.13545182347297668,0.9466249942779541,0.0,0.030567640111107623,0.0
6800,0.13542859256267548,0.9466249942779541,0.0,0.030419396241495773,0.0
6825,0.1354055553674698,0.9466249942779541,0.0,0.030273362187290456,0.0
6850,0.1353827267885208,0.9466666579246521,0.0,0.03016773671457102,0.0
6875,0.13536007702350616,0.9467083215713501,0.0,0.030011285755080643,0.0
6900,0.13533766567707062,0.9466666579246521,0.0,0.029870947490477043,0.0
6925,0.13531546294689178,0.9467083215713501,0.0,0.029723469742256977,0.0
6950,0.13529351353645325,0.9467499852180481,0.0,0.029560206415436725,0.0
6975,0.13527172803878784,0.9467499852180481,0.0,0.029475604889300087,0.0
7000,0.13525013625621796,0.9465833306312561,0.0,0.02930283503145335,0.0
7025,0.13522879779338837,0.9466249942779541,0.0,0.029152734664579558,0.0
7050,0.13520759344100952,0.9466249942779541,0.0,0.02906139820085558,0.0
7075,0.1351865977048874,0.9467083215713501,0.0,0.028903611015107158,0.0
7100,0.13516582548618317,0.9467083215713501,0.0,0.02874936109979399,0.0
7125,0.13514527678489685,0.9466249942779541,0.0,0.028594753029656403,0.0
7150,0.13512492179870605,0.9466666579246521,0.0,0.02847515234133955,0.0
7175,0.1351047307252884,0.9466666579246521,0.0,0.028332508085683637,0.0
7200,0.13508473336696625,0.9466666579246521,0.0,0.028216044310784765,0.0
7225,0.13506488502025604,0.9467499852180481,0.0,0.02811449958446577,0.0
7250,0.13504520058631897,0.9467499852180481,0.0,0.027988653329815944,0.0
7275,0.13502569496631622,0.9467499852180481,0.0,0.027851870104088437,0.0
7300,0.135006383061409,0.9467499852180481,0.0,0.02774583205881718,0.0
7325,0.1349872201681137,0.9467499852180481,0.0,0.027629087237826675,0.0
7350,0.13496820628643036,0.9467916488647461,0.0,0.02752864482044135,0.0
7375,0.13494932651519775,0.9467916488647461,0.0,0.027402493772213567,0.0
7400,0.13493065536022186,0.9467916488647461,0.0,0.027256718686880465,0.0
7425,0.1349121332168579,0.9467916488647461,0.0,0.027185153684390412,0.0
7450,0.1348937451839447,0.9467916488647461,0.0,0.027071074250170187,0.0
7475,0.13487549126148224,0.9467916488647461,0.0,0.02693633384263609,0.0
7500,0.13485747575759888,0.9467499852180481,0.0,0.026780442662267322,0.0
7525,0.13483962416648865,0.9467499852180481,0.0,0.026685144578708277,0.0
7550,0.13482193648815155,0.9467499852180481,0.0,0.02648430115688997,0.0
7575,0.13480448722839355,0.9467499852180481,0.0,0.02637521274452829,0.0
7600,0.1347871720790863,0.9467083215713501,0.0,0.026261070561306644,0.0
7625,0.13477002084255219,0.9467083215713501,0.0,0.026125535723215205,0.0
7650,0.13475301861763,0.9466666579246521,0.0,0.026023554679966036,0.0
7675,0.13473618030548096,0.9467083215713501,0.0,0.02588754857540726,0.0
7700,0.13471947610378265,0.9467916488647461,0.0,0.025799640605699645,0.0
7725,0.1347029060125351,0.9468333125114441,0.0,0.02571161247607767,0.0
7750,0.1346864253282547,0.9468749761581421,0.0,0.02564167099802765,0.0
7775,0.13467004895210266,0.9468749761581421,0.0,0.025554766525289242,0.0
7800,0.13465379178524017,0.9468749761581421,0.0,0.02542963994064534,0.0
7825,0.13463766872882843,0.9468749761581421,0.0,0.02533224664264058,0.0
7850,0.134621724486351,0.9468749761581421,0.0,0.02517506473408813,0.0
7875,0.13460597395896912,0.9469166398048401,0.0,0.02502837396250858,0.0
7900,0.13459037244319916,0.9469166398048401,0.0,0.02494768373045373,0.0
7925,0.13457490503787994,0.9469166398048401,0.0,0.024812200076309764,0.0
7950,0.13455958664417267,0.9468749761581421,0.0,0.024696459711637204,0.0
7975,0.13454441726207733,0.9468749761581421,0.0,0.024586534315159565,0.0
8000,0.13452939689159393,0.9468749761581421,0.0,0.02443181077418974,0.0
8025,0.13451455533504486,0.9468749761581421,0.0,0.024293845639842274,0.0
8050,0.13449983298778534,0.9468749761581421,0.0,0.02424974451511166,0.0
8075,0.13448521494865417,0.9468749761581421,0.0,0.02412706301976988,0.0
8100,0.13447071611881256,0.9469166398048401,0.0,0.0240139248284158,0.0
8125,0.13445636630058289,0.9469166398048401,0.0,0.02390208016123144,0.0
8150,0.13444212079048157,0.9469166398048401,0.0,0.02382847726370478,0.0
8175,0.1344279795885086,0.9469583034515381,0.0,0.023738342069039325,0.0
8200,0.1344139128923416,0.9469166398048401,0.0,0.023674214546181595,0.0
8225,0.13439998030662537,0.9469166398048401,0.0,0.023533825643822094,0.0
8250,0.13438619673252106,0.9469166398048401,0.0,0.0234554926726416,0.0
8275,0.1343725025653839,0.9469166398048401,0.0,0.023357180498703268,0.0
8300,0.13435886800289154,0.9468749761581421,0.0,0.023290549185226373,0.0
8325,0.13434536755084991,0.9468333125114441,0.0,0.02317702413319128,0.0
8350,0.13433201611042023,0.9467916488647461,0.0,0.023065020924883387,0.0
8375,0.1343187689781189,0.9467916488647461,0.0,0.022942753847640697,0.0
8400,0.1343056857585907,0.9468333125114441,0.0,0.022835127136177854,0.0
8425,0.13429267704486847,0.9468333125114441,0.0,0.022765465696423803,0.0
8450,0.1342797577381134,0.9468333125114441,0.0,0.022677063656455134,0.0
8475,0.13426697254180908,0.9468749761581421,0.0,0.02257305104975207,0.0
8500,0.13425429165363312,0.9468749761581421,0.0,0.022485856473946398,0.0
8525,0.13424170017242432,0.9468333125114441,0.0,0.022342479381245013,0.0
8550,0.13422928750514984,0.9469583034515381,0.0,0.02223951289709248,0.0
8575,0.13421696424484253,0.9469999670982361,0.0,0.022145540215913792,0.0
8600,0.13420473039150238,0.9469999670982361,0.0,0.02207917908307193,0.0
8625,0.13419261574745178,0.9470416307449341,0.0,0.02197598269228196,0.0
8650,0.13418057560920715,0.9469999670982361,0.0,0.021897195806279305,0.0
8675,0.13416865468025208,0.9469583034515381,0.0,0.021807971299963452,0.0
8700,0.13415680825710297,0.9469583034515381,0.0,0.021711247585024383,0.0
8725,0.13414506614208221,0.9469583034515381,0.0,0.02162504381019707,0.0
8750,0.134133443236351,0.9469583034515381,0.0,0.021519744834163496,0.0
8775,0.13412190973758698,0.9469583034515381,0.0,0.021413415100434395,0.0
8800,0.1341104954481125,0.9469999670982361,0.0,0.021302005617474355,0.0
8825,0.13409918546676636,0.9469583034515381,0.0,0.02122219942479074,0.0
8850,0.1340879648923874,0.9469583034515381,0.0,0.02113754207154423,0.0
8875,0.13407684862613678,0.9469583034515381,0.0,0.021074428659036193,0.0
8900,0.13406574726104736,0.9469583034515381,0.0,0.02100704949353179,0.0
8925,0.1340547353029251,0.9469583034515381,0.0,0.020961170656489576,0.0
8950,0.13404379785060883,0.9469999670982361,0.0,0.02089160794248809,0.0
8975,0.1340329647064209,0.9469999670982361,0.0,0.020760303804249484,0.0
9000,0.13402222096920013,0.9469999670982361,0.0,0.02068536986087966,0.0
9025,0.13401155173778534,0.9469999670982361,0.0,0.0206243383283264,0.0
9050,0.13400094211101532,0.9469999670982361,0.0,0.02056515273532941,0.0
9075,0.13399042189121246,0.9469583034515381,0.0,0.02046999760600494,0.0
9100,0.13398000597953796,0.9469583034515381,0.0,0.020381291566860717,0.0
9125,0.13396964967250824,0.9469999670982361,0.0,0.02028814642988923,0.0
9150,0.13395941257476807,0.9470416307449341,0.0,0.020207456597082184,0.0
9175,0.13394922018051147,0.9471250176429749,0.0,0.0201468007833181,0.0
9200,0.13393911719322205,0.9471250176429749,0.0,0.020104262326629537,0.0
9225,0.133929044008255,0.9471666812896729,0.0,0.020019458163049238,0.0
9250,0.13391904532909393,0.9470832943916321,0.0,0.019969247313310616,0.0
9275,0.13390912115573883,0.9470416307449341,0.0,0.019880541873492318,0.0
9300,0.1338992863893509,0.9470416307449341,0.0,0.019822246635979444,0.0
9325,0.13388948142528534,0.9470416307449341,0.0,0.019752049178101697,0.0
9350,0.13387978076934814,0.9470416307449341,0.0,0.019669884740892554,0.0
9375,0.13387013971805573,0.9470416307449341,0.0,0.01960154567570492,0.0
9400,0.13386057317256927,0.9469583034515381,0.0,0.019520836750686766,0.0
9425,0.13385109603405,0.9469583034515381,0.0,0.01941252324709438,0.0
9450,0.13384170830249786,0.9470832943916321,0.0,0.019345812005360834,0.0
9475,0.13383238017559052,0.9471666812896729,0.0,0.019279472667121662,0.0
9500,0.13382309675216675,0.9471666812896729,0.0,0.019216819871188198,0.0
9525,0.13381391763687134,0.9471250176429749,0.0,0.019130597032478505,0.0
9550,0.1338048279285431,0.9471666812896729,0.0,0.019017647892812996,0.0
9575,0.1337958127260208,0.9472083449363708,0.0,0.018948867756609325,0.0
9600,0.1337868869304657,0.9472083449363708,0.0,0.01883055184654684,0.0
9625,0.13377808034420013,0.9472083449363708,0.0,0.018726641104475885,0.0
9650,0.13376934826374054,0.9472500085830688,0.0,0.018661118539777845,0.0
9675,0.13376067578792572,0.9472500085830688,0.0,0.01858220400722696,0.0
9700,0.13375207781791687,0.9472500085830688,0.0,0.018518498957189312,0.0
9725,0.1337435245513916,0.9472500085830688,0.0,0.018461464880309475,0.0
9750,0.1337350606918335,0.9472500085830688,0.0,0.018373486570205443,0.0
9775,0.13372664153575897,0.9472916722297668,0.0,0.018314111573534467,0.0
9800,0.13371829688549042,0.9472916722297668,0.0,0.01824678090389217,0.0
9825,0.13371002674102783,0.9472500085830688,0.0,0.018123084760042027,0.0
9850,0.1337018609046936,0.9472500085830688,0.0,0.01803464360107769,0.0
9875,0.13369373977184296,0.9472500085830688,0.0,0.017980568762367772,0.0
9900,0.13368569314479828,0.9472083449363708,0.0,0.01791267936829412,0.0
9925,0.13367770612239838,0.9472083449363708,0.0,0.01787417521235283,0.0
9950,0.13366976380348206,0.9472083449363708,0.0,0.017796739969870978,0.0
9975,0.13366183638572693,0.9472083449363708,0.0,0.01774728526184653,0.0
10000,0.13365401327610016,0.9472500085830688,0.0,0.017681497061649572,0.0
10025,0.13364620506763458,0.9472500085830688,0.0,0.017616326729916566,0.0
10050,0.13363848626613617,0.9472916722297668,0.0,0.017547235624068087,0.0
10075,0.13363078236579895,0.9473333358764648,0.0,0.017509025523153726,0.0
10100,0.1336231529712677,0.9473333358764648,0.0,0.017432303313434483,0.0
10125,0.13361559808254242,0.9473749995231628,0.0,0.017319955915046342,0.0
10150,0.1336081326007843,0.9473333358764648,0.0,0.01726265172296485,0.0
10175,0.13360071182250977,0.9473333358764648,0.0,0.017198980309680836,0.0
10200,0.13359332084655762,0.9473333358764648,0.0,0.017133752642142352,0.0
10225,0.13358600437641144,0.9472916722297668,0.0,0.01708943674959919,0.0
10250,0.13357871770858765,0.9472916722297668,0.0,0.017062584723046493,0.0
10275,0.13357141613960266,0.9472916722297668,0.0,0.017054348111404622,0.0
10300,0.13356417417526245,0.9472916722297668,0.0,0.01699757369979496,0.0
10325,0.13355697691440582,0.9473333358764648,0.0,0.01693002044965862,0.0
10350,0.13354983925819397,0.9473333358764648,0.0,0.01685730767241961,0.0
10375,0.1335427612066269,0.9473333358764648,0.0,0.01679491909461993,0.0
10400,0.1335357278585434,0.9473333358764648,0.0,0.01675300870548768,0.0
10425,0.1335287243127823,0.9473333358764648,0.0,0.01670504968543635,0.0
10450,0.13352178037166595,0.9473749995231628,0.0,0.01664436465859406,0.0
10475,0.133514866232872,0.9473749995231628,0.0,0.016594433351852195,0.0
10500,0.13350801169872284,0.9473333358764648,0.0,0.01653681075886466,0.0
10525,0.13350120186805725,0.9473333358764648,0.0,0.016462675925317406,0.0
10550,0.13349445164203644,0.9472916722297668,0.0,0.01641543800037846,0.0
10575,0.133487731218338,0.9472916722297668,0.0,0.016377144763472275,0.0
10600,0.13348104059696198,0.9472916722297668,0.0,0.01631643256465709,0.0
10625,0.1334744095802307,0.9473333358764648,0.0,0.016248307185169755,0.0
10650,0.13346783816814423,0.9472916722297668,0.0,0.01618963148189391,0.0
10675,0.13346131145954132,0.9472916722297668,0.0,0.01611845641664541,0.0
10700,0.133454829454422,0.9472916722297668,0.0,0.016063941347322384,0.0
10725,0.13344843685626984,0.9472916722297668,0.0,0.015967975103443707,0.0
10750,0.13344208896160126,0.9472916722297668,0.0,0.015895376931081798,0.0
10775,0.13343578577041626,0.9472916722297668,0.0,0.015874383469086338,0.0
10800,0.13342952728271484,0.9472500085830688,0.0,0.015798854360426343,0.0
10825,0.13342329859733582,0.9472500085830688,0.0,0.015720072230880285,0.0
10850,0.13341712951660156,0.9472500085830688,0.0,0.015682580332862968,0.0
10875,0.1334110051393509,0.9472500085830688,0.0,0.015633190240969236,0.0
10900,0.1334049105644226,0.9472500085830688,0.0,0.01557879774808449,0.0
10925,0.1333988606929779,0.9472500085830688,0.0,0.015543495225940873,0.0
10950,0.1333928406238556,0.9472500085830688,0.0,0.01549825831732394,0.0
10975,0.13338686525821686,0.9472916722297668,0.0,0.015451689117324984,0.0
11000,0.1333809196949005,0.9472916722297668,0.0,0.01538357731946725,0.0
11025,0.13337500393390656,0.9473333358764648,0.0,0.015342634094908597,0.0
11050,0.13336914777755737,0.9474166631698608,0.0,0.015271142711527866,0.0
11075,0.13336333632469177,0.9474166631698608,0.0,0.015223162585923834,0.0
11100,0.13335756957530975,0.9474166631698608,0.0,0.0151718120457554,0.0
11125,0.13335183262825012,0.9474583268165588,0.0,0.015109041942003168,0.0
11150,0.13334614038467407,0.9474583268165588,0.0,0.015053282401434937,0.0
11175,0.1333404779434204,0.9474583268165588,0.0,0.015053980134086561,0.0
11200,0.13333483040332794,0.9474999904632568,0.0,0.015000474336189057,0.0
11225,0.13332921266555786,0.9474583268165588,0.0,0.014965244876459102,0.0
11250,0.13332365453243256,0.9474999904632568,0.0,0.014906638291910468,0.0
11275,0.13331809639930725,0.9474999904632568,0.0,0.014887185289663337,0.0
11300,0.13331258296966553,0.9474999904632568,0.0,0.014819220185081255,0.0
11325,0.13330712914466858,0.9474999904632568,0.0,0.01472206748552084,0.0
11350,0.1333017349243164,0.9474999904632568,0.0,0.014658118380044294,0.0
11375,0.13329638540744781,0.9474999904632568,0.0,0.014627561834525474,0.0
11400,0.13329105079174042,0.9475416541099548,0.0,0.014591521278698578,0.0
11425,0.1332857310771942,0.9475416541099548,0.0,0.014543157179240663,0.0
11450,0.13328047096729279,0.9475416541099548,0.0,0.01448453658172094,0.0
11475,0.13327525556087494,0.9475833177566528,0.0,0.014422006757674346,0.0
11500,0.13327008485794067,0.9475416541099548,0.0,0.014384817220174002,0.0
11525,0.1332649141550064,0.9475416541099548,0.0,0.014331498887394174,0.0
11550,0.13325978815555573,0.9475416541099548,0.0,0.014301507413798813,0.0
11575,0.13325469195842743,0.9475416541099548,0.0,0.01425195916639525,0.0
11600,0.13324962556362152,0.9475416541099548,0.0,0.01419788937487122,0.0
11625,0.1332446187734604,0.9475416541099548,0.0,0.014140915688837295,0.0
11650,0.13323962688446045,0.9475416541099548,0.0,0.014106364839378398,0.0
11675,0.1332346647977829,0.9475416541099548,0.0,0.01407501470429558,0.0
11700,0.13322971761226654,0.9475416541099548,0.0,0.014056848488324716,0.0
11725,0.13322480022907257,0.9475833177566528,0.0,0.01400563170910955,0.0
11750,0.1332198828458786,0.9475833177566528,0.0,0.013988886726035427,0.0
11775,0.1332150250673294,0.9476249814033508,0.0,0.013927530709139683,0.0
11800,0.1332101970911026,0.9476249814033508,0.0,0.01387854700331482,0.0
11825,0.13320539891719818,0.9476249814033508,0.0,0.013859736530235053,0.0
11850,0.13320061564445496,0.9476249814033508,0.0,0.01381286822667247,0.0
11875,0.13319586217403412,0.9476666450500488,0.0,0.013771823683358483,0.0
11900,0.13319113850593567,0.9476666450500488,0.0,0.013723681378661241,0.0
11925,0.1331864446401596,0.9476666450500488,0.0,0.013663122992496985,0.0
11950,0.13318179547786713,0.9477083086967468,0.0,0.013612805877304566,0.0
11975,0.13317719101905823,0.9476666450500488,0.0,0.013568576013015733,0.0
12000,0.13317258656024933,0.9477083086967468,0.0,0.013525945887191903,0.0
12025,0.133168026804924,0.9477499723434448,0.0,0.013484440421579895,0.0
12050,0.13316349685192108,0.9477499723434448,0.0,0.01346867140835969,0.0
12075,0.13315896689891815,0.9477499723434448,0.0,0.013454063267659891,0.0
12100,0.13315445184707642,0.9477499723434448,0.0,0.01340567637520827,0.0
12125,0.13314998149871826,0.9477499723434448,0.0,0.013347883148442374,0.0
12150,0.1331455260515213,0.9477499723434448,0.0,0.01331618163497964,0.0
12175,0.13314110040664673,0.9477499723434448,0.0,0.013284112462836326,0.0
12200,0.13313671946525574,0.9477499723434448,0.0,0.013240876521596777,0.0
12225,0.13313233852386475,0.9477916359901428,0.0,0.013178465604408149,0.0
12250,0.13312800228595734,0.9477916359901428,0.0,0.013136983081037352,0.0
12275,0.1331237107515335,0.9477916359901428,0.0,0.013093243682562778,0.0
12300,0.13311944901943207,0.9478332996368408,0.0,0.013025884048747565,0.0
12325,0.1331152319908142,0.9478332996368408,0.0,0.012964415496508492,0.0
12350,0.13311104476451874,0.9478332996368408,0.0,0.012923791006081818,0.0
12375,0.13310687243938446,0.9478332996368408,0.0,0.012894551670026273,0.0
12400,0.13310271501541138,0.9478332996368408,0.0,0.01286083482729996,0.0
12425,0.13309860229492188,0.9478332996368408,0.0,0.012833035848895741,0.0
12450,0.13309448957443237,0.9477916359901428,0.0,0.012796531334325501,0.0
12475,0.13309040665626526,0.9477916359901428,0.0,0.012768754663413739,0.0
12500,0.13308633863925934,0.9477916359901428,0.0,0.01274004720895882,0.0
12525,0.1330823004245758,0.9477916359901428,0.0,0.012705625128393258,0.0
12550,0.13307826220989227,0.9477916359901428,0.0,0.012682498010882132,0.0
12575,0.13307425379753113,0.9477499723434448,0.0,0.012665731718719712,0.0
12600,0.13307024538516998,0.9477499723434448,0.0,0.012628190362484627,0.0
12625,0.13306628167629242,0.9477083086967468,0.0,0.012576805209697926,0.0
12650,0.13306233286857605,0.9477083086967468,0.0,0.012535723557767085,0.0
12675,0.13305842876434326,0.9477083086967468,0.0,0.012471330641159257,0.0
12700,0.13305453956127167,0.9477083086967468,0.0,0.012440472359765477,0.0
12725,0.13305069506168365,0.9477499723434448,0.0,0.012415601620821561,0.0
12750,0.13304683566093445,0.9477083086967468,0.0,0.012378549746787716,0.0
12775,0.13304302096366882,0.9477083086967468,0.0,0.01233454012478464,0.0
12800,0.13303923606872559,0.9477083086967468,0.0,0.012306035390075371,0.0
12825,0.13303545117378235,0.9477083086967468,0.0,0.012273320686610814,0.0
12850,0.1330316960811615,0.9477083086967468,0.0,0.012241489510312929,0.0
12875,0.13302795588970184,0.9476249814033508,0.0,0.012219601680382016,0.0
12900,0.13302424550056458,0.9476249814033508,0.0,0.012191968865844251,0.0
12925,0.1330205202102661,0.9475833177566528,0.0,0.012210434021364437,0.0
12950,0.13301679491996765,0.9476249814033508,0.0,0.01218690719785344,0.0
12975,0.13301309943199158,0.9476249814033508,0.0,0.012154921395026351,0.0
13000,0.1330094039440155,0.9476249814033508,0.0,0.01211362348388494,0.0
13025,0.133005753159523,0.9475833177566528,0.0,0.012114207924448648,0.0
13050,0.13300207257270813,0.9475416541099548,0.0,0.012112039047666657,0.0
13075,0.13299840688705444,0.9475416541099548,0.0,0.012089157455290494,0.0
13100,0.13299477100372314,0.9475416541099548,0.0,0.012076254429398999,0.0
13125,0.13299112021923065,0.9474999904632568,0.0,0.01206364903128368,0.0
13150,0.13298746943473816,0.9475416541099548,0.0,0.012073111339001961,0.0
13175,0.13298384845256805,0.9475416541099548,0.0,0.012035589648939166,0.0
13200,0.13298022747039795,0.9475416541099548,0.0,0.01200398418127175,0.0
13225,0.13297663629055023,0.9475833177566528,0.0,0.011985550534297913,0.0
13250,0.13297303020954132,0.9475833177566528,0.0,0.011988945686821186,0.0
13275,0.1329694390296936,0.9475416541099548,0.0,0.011969234279543748,0.0
13300,0.13296586275100708,0.9475833177566528,0.0,0.01197838867148523,0.0
13325,0.13296227157115936,0.9475833177566528,0.0,0.011959753600496694,0.0
13350,0.13295871019363403,0.9475833177566528,0.0,0.01193685315970192,0.0
13375,0.1329551637172699,0.9475416541099548,0.0,0.011924689381156603,0.0
13400,0.13295163214206696,0.9475416541099548,0.0,0.011860620937565031,0.0
13425,0.1329481154680252,0.9475833177566528,0.0,0.01183754729458919,0.0
13450,0.13294461369514465,0.9474999904632568,0.0,0.011800125117308059,0.0
13475,0.13294115662574768,0.9474583268165588,0.0,0.011770773801212681,0.0
13500,0.1329376995563507,0.9474583268165588,0.0,0.011738392516231997,0.0
13525,0.13293425738811493,0.9474166631698608,0.0,0.011714916984818812,0.0
13550,0.13293083012104034,0.9474166631698608,0.0,0.011693424299314612,0.0
13575,0.13292743265628815,0.9474583268165588,0.0,0.011651302208341405,0.0
13600,0.13292405009269714,0.9474583268165588,0.0,0.011623930190932122,0.0
13625,0.13292066752910614,0.9474166631698608,0.0,0.011602562249446047,0.0
13650,0.13291732966899872,0.9473749995231628,0.0,0.011565971925391898,0.0
13675,0.1329139769077301,0.9473749995231628,0.0,0.011554689444633488,0.0
13700,0.13291065394878387,0.9473749995231628,0.0,0.011534329312521584,0.0
13725,0.13290733098983765,0.9473749995231628,0.0,0.011504242252381265,0.0
13750,0.1329040378332138,0.9473749995231628,0.0,0.011460034510477989,0.0
13775,0.13290075957775116,0.9473749995231628,0.0,0.0114357512959258,0.0
13800,0.1328974962234497,0.9474166631698608,0.0,0.011413237042808014,0.0
13825,0.13289424777030945,0.9474166631698608,0.0,0.011383769155035858,0.0
13850,0.13289101421833038,0.9474166631698608,0.0,0.011364154752763497,0.0
13875,0.1328877955675125,0.9474166631698608,0.0,0.011332948695206513,0.0
13900,0.13288457691669464,0.9474166631698608,0.0,0.011331156637235777,0.0
13925,0.13288138806819916,0.9474166631698608,0.0,0.011308510084188197,0.0
13950,0.13287819921970367,0.9474166631698608,0.0,0.011251931977057086,0.0
13975,0.13287502527236938,0.9474166631698608,0.0,0.011251231538778958,0.0
14000,0.1328718662261963,0.9473749995231628,0.0,0.01124873044629197,0.0
14025,0.1328687071800232,0.9473749995231628,0.0,0.011223890389839782,0.0
14050,0.1328655630350113,0.9473749995231628,0.0,0.011233355396366721,0.0
14075,0.1328624039888382,0.9473749995231628,0.0,0.011208619370522527,0.0
14100,0.1328592747449875,0.9473749995231628,0.0,0.011192592275069154,0.0
14125,0.13285616040229797,0.9473749995231628,0.0,0.011192008299957758,0.0
14150,0.13285303115844727,0.9474166631698608,0.0,0.011187247696521123,0.0
14175,0.13284990191459656,0.9474166631698608,0.0,0.011158276550143464,0.0
14200,0.13284680247306824,0.9474166631698608,0.0,0.011141666124886176,0.0
14225,0.13284370303153992,0.9474166631698608,0.0,0.011104469937234579,0.0
14250,0.13284063339233398,0.9474583268165588,0.0,0.011088630405722201,0.0
14275,0.13283756375312805,0.9474583268165588,0.0,0.011076894714405776,0.0
14300,0.13283449411392212,0.9474999904632568,0.0,0.011047506413873137,0.0
14325,0.13283145427703857,0.9474999904632568,0.0,0.01102439120700368,0.0
14350,0.13282841444015503,0.9474999904632568,0.0,0.011004121793865491,0.0
14375,0.13282540440559387,0.9474999904632568,0.0,0.010982484659121425,0.0
14400,0.13282237946987152,0.9474999904632568,0.0,0.010949247759426056,0.0
14425,0.13281939923763275,0.9474999904632568,0.0,0.010919532284073054,0.0
14450,0.13281641900539398,0.9474999904632568,0.0,0.010895149212027793,0.0
14475,0.1328134685754776,0.9474583268165588,0.0,0.010900545640458633,0.0
14500,0.13281050324440002,0.9474583268165588,0.0,0.010877886949960615,0.0
14525,0.13280755281448364,0.9474583268165588,0.0,0.010840250484116574,0.0
14550,0.13280463218688965,0.9474583268165588,0.0,0.010816377607890034,0.0
14575,0.13280169665813446,0.9474583268165588,0.0,0.010805423870009406,0.0
14600,0.13279879093170166,0.9474166631698608,0.0,0.010759004823037228,0.0
14625,0.13279590010643005,0.9474583268165588,0.0,0.010742648376121624,0.0
14650,0.13279302418231964,0.9474583268165588,0.0,0.010728297668106127,0.0
14675,0.13279014825820923,0.9474583268165588,0.0,0.01071098352600909,0.0
14700,0.13278728723526,0.9474583268165588,0.0,0.010694898825172935,0.0
14725,0.13278444111347198,0.9474583268165588,0.0,0.010675506070536713,0.0
14750,0.13278159499168396,0.9474583268165588,0.0,0.010661241306379807,0.0
14775,0.13277874886989594,0.9474583268165588,0.0,0.0106593865902828,0.0
14800,0.1327759176492691,0.9474583268165588,0.0,0.01064075841648298,0.0
14825,0.13277310132980347,0.9474583268165588,0.0,0.010600830981540731,0.0
14850,0.13277029991149902,0.9474166631698608,0.0,0.010589111882806672,0.0
14875,0.13276749849319458,0.9474166631698608,0.0,0.010560473466226732,0.0
14900,0.13276471197605133,0.9474166631698608,0.0,0.010584795927313808,0.0
14925,0.1327619105577469,0.9474166631698608,0.0,0.010568982853482031,0.0
14950,0.13275913894176483,0.9474166631698608,0.0,0.010525722719758022,0.0
14975,0.13275638222694397,0.9474583268165588,0.0,0.010477473605434653,0.0
15000,0.1327536404132843,0.9474999904632568,0.0,0.01046404418699306,0.0
15025,0.13275091350078583,0.9474999904632568,0.0,0.010430975953986229,0.0
15050,0.13274818658828735,0.9475416541099548,0.0,0.01043831836389827,0.0
15075,0.13274547457695007,0.9475416541099548,0.0,0.010403886262813416,0.0
15100,0.132742777466774,0.9475416541099548,0.0,0.010366705536015838,0.0
15125,0.1327401101589203,0.9475416541099548,0.0,0.010323573922667402,0.0
15150,0.1327374428510666,0.9474999904632568,0.0,0.010338812460185672,0.0
15175,0.1327347606420517,0.9474999904632568,0.0,0.01032583158922183,0.0
15200,0.1327321082353592,0.9474999904632568,0.0,0.010300988787282377,0.0
15225,0.1327294558286667,0.9474999904632568,0.0,0.010339933148094525,0.0
15250,0.132726788520813,0.9474999904632568,0.0,0.010332681531121072,0.0
15275,0.1327241063117981,0.9474999904632568,0.0,0.010319210900513708,0.0
15300,0.1327214390039444,0.9474999904632568,0.0,0.010323376990838677,0.0
15325,0.1327187865972519,0.9475416541099548,0.0,0.010303859416327244,0.0
15350,0.13271614909172058,0.9475416541099548,0.0,0.010260642473421339,0.0
15375,0.13271352648735046,0.9475833177566528,0.0,0.010234234298255809,0.0
15400,0.13271090388298035,0.9476249814033508,0.0,0.010221936023757837,0.0
15425,0.13270829617977142,0.9476249814033508,0.0,0.010198607029342551,0.0
15450,0.1327057033777237,0.9476249814033508,0.0,0.010193136031989633,0.0
15475,0.13270311057567596,0.9476249814033508,0.0,0.010166047579332326,0.0
15500,0.13270053267478943,0.9476249814033508,0.0,0.010147087300854998,0.0
15525,0.1326979696750641,0.9476249814033508,0.0,0.010125896115247819,0.0
15550,0.13269540667533875,0.9475833177566528,0.0,0.010117402906394258,0.0
15575,0.1326928436756134,0.9475833177566528,0.0,0.010113618129906238,0.0
15600,0.13269029557704926,0.9476249814033508,0.0,0.010101162587658977,0.0
15625,0.1326877474784851,0.9476249814033508,0.0,0.010083375347543862,0.0
15650,0.13268519937992096,0.9476666450500488,0.0,0.010059385303775386,0.0
15675,0.1326826810836792,0.9476666450500488,0.0,0.010041936635164986,0.0
15700,0.13268016278743744,0.9476666450500488,0.0,0.01004100143351416,0.0
15725,0.13267764449119568,0.9476666450500488,0.0,0.01001876211470513,0.0
15750,0.1326751559972763,0.9476666450500488,0.0,0.010009421656595067,0.0
15775,0.13267265260219574,0.9476666450500488,0.0,0.009972734697348537,0.0
15800,0.13267017900943756,0.9477083086967468,0.0,0.009949131962024757,0.0
15825,0.13266772031784058,0.9477499723434448,0.0,0.00992439739946353,0.0
15850,0.1326652467250824,0.9477499723434448,0.0,0.009913648235221213,0.0
15875,0.1326628029346466,0.9477083086967468,0.0,0.009873984440282712,0.0
15900,0.13266035914421082,0.9477083086967468,0.0,0.009866671282563556,0.0
15925,0.13265793025493622,0.9476666450500488,0.0,0.009848967649703576,0.0
15950,0.13265550136566162,0.9476666450500488,0.0,0.00985052959334648,0.0
15975,0.1326531022787094,0.9476666450500488,0.0,0.009828756574030366,0.0
16000,0.132650688290596,0.9476666450500488,0.0,0.009795259371884232,0.0
16025,0.1326482892036438,0.9476666450500488,0.0,0.009768634146304453,0.0
16050,0.13264591991901398,0.9476249814033508,0.0,0.00975251043029052,0.0
16075,0.13264353573322296,0.9476249814033508,0.0,0.009728110128799424,0.0
16100,0.13264119625091553,0.9476249814033508,0.0,0.009707608043552576,0.0
16125,0.1326388269662857,0.9476249814033508,0.0,0.009690087569851107,0.0
16150,0.13263648748397827,0.9476249814033508,0.0,0.009673418061474686,0.0
16175,0.13263416290283203,0.9475833177566528,0.0,0.00963481993252845,0.0
16200,0.1326318383216858,0.9475833177566528,0.0,0.009661438325310015,0.0
16225,0.13262949883937836,0.9475416541099548,0.0,0.009650037457503452,0.0
16250,0.1326271891593933,0.9475833177566528,0.0,0.009620443862185947,0.0
16275,0.13262487947940826,0.9475416541099548,0.0,0.009614579682734789,0.0
16300,0.13262256979942322,0.9474999904632568,0.0,0.009625418410214002,0.0
16325,0.13262026011943817,0.9474583268165588,0.0,0.009611285208102381,0.0
16350,0.13261796534061432,0.9474583268165588,0.0,0.009598910790608425,0.0
16375,0.13261565566062927,0.9474999904632568,0.0,0.00957196657927502,0.0
16400,0.1326133757829666,0.9474999904632568,0.0,0.009529096449416635,0.0
16425,0.13261109590530396,0.9474999904632568,0.0,0.009530098096029147,0.0
16450,0.13260884582996368,0.9474999904632568,0.0,0.009490032550127685,0.0
16475,0.1326065957546234,0.9474999904632568,0.0,0.009480207411121086,0.0
16500,0.13260434567928314,0.9474999904632568,0.0,0.009475450802685708,0.0
16525,0.13260211050510406,0.9475416541099548,0.0,0.009455343420783498,0.0
16550,0.132599875330925,0.9475416541099548,0.0,0.009444211196783552,0.0
16575,0.1325976699590683,0.9475416541099548,0.0,0.009402608676612988,0.0
16600,0.1325954645872116,0.9475416541099548,0.0,0.00939015595276232,0.0
16625,0.13259325921535492,0.9475416541099548,0.0,0.009369958700548896,0.0
16650,0.13259106874465942,0.9475416541099548,0.0,0.00937249661913453,0.0
16675,0.13258887827396393,0.9475416541099548,0.0,0.009364915108059353,0.0
16700,0.13258668780326843,0.9475416541099548,0.0,0.009350906057641205,0.0
16725,0.13258449733257294,0.9475416541099548,0.0,0.009331719195678595,0.0
16750,0.13258232176303864,0.9475416541099548,0.0,0.009308539675066181,0.0
16775,0.13258016109466553,0.9475416541099548,0.0,0.009309090914119331,0.0
16800,0.13257800042629242,0.9475416541099548,0.0,0.009281968281408863,0.0
16825,0.1325758397579193,0.9475416541099548,0.0,0.009295353312842689,0.0
16850,0.1325736939907074,0.9475416541099548,0.0,0.009284474805801178,0.0
16875,0.13257154822349548,0.9475833177566528,0.0,0.009282794082541375,0.0
16900,0.13256940245628357,0.9475833177566528,0.0,0.009250453701237896,0.0
16925,0.13256725668907166,0.9475416541099548,0.0,0.009234301542967165,0.0
16950,0.13256512582302094,0.9475416541099548,0.0,0.009222667840857648,0.0
16975,0.1325630098581314,0.9475416541099548,0.0,0.009211155303698565,0.0
17000,0.13256089389324188,0.9475416541099548,0.0,0.009211878938424093,0.0
17025,0.13255877792835236,0.9475833177566528,0.0,0.009191600727581621,0.0
17050,0.13255667686462402,0.9475416541099548,0.0,0.009170847319282843,0.0
17075,0.1325545608997345,0.9475416541099548,0.0,0.009164580715984558,0.0
17100,0.13255247473716736,0.9475416541099548,0.0,0.009151242778757162,0.0
17125,0.13255038857460022,0.9475416541099548,0.0,0.009130628029603386,0.0
17150,0.13254830241203308,0.9475416541099548,0.0,0.009114996985763372,0.0
17175,0.13254621624946594,0.9475416541099548,0.0,0.009124026567692407,0.0
17200,0.13254414498806,0.9475416541099548,0.0,0.009107931161965744,0.0
17225,0.13254207372665405,0.9475416541099548,0.0,0.00909146981769975,0.0
17250,0.1325400173664093,0.9475416541099548,0.0,0.009088915419248644,0.0
17275,0.13253794610500336,0.9475416541099548,0.0,0.009046233081447887,0.0
17300,0.1325359046459198,0.9474999904632568,0.0,0.009033758999097707,0.0
17325,0.13253387808799744,0.9474999904632568,0.0,0.009022823836281727,0.0
17350,0.13253183662891388,0.9474999904632568,0.0,0.009008276077019163,0.0
17375,0.1325298249721527,0.9474999904632568,0.0,0.008993222209194041,0.0
17400,0.13252781331539154,0.9474999904632568,0.0,0.008927563591025313,0.0
17425,0.13252583146095276,0.9474999904632568,0.0,0.008891876465439184,0.0
17450,0.13252386450767517,0.9474999904632568,0.0,0.008875664374666359,0.0
17475,0.1325218826532364,0.9474999904632568,0.0,0.00888747396303026,0.0
17500,0.13251993060112,0.9474999904632568,0.0,0.00886296609411334,0.0
17525,0.1325179636478424,0.9474999904632568,0.0,0.008857148893096472,0.0
17550,0.13251599669456482,0.9474999904632568,0.0,0.008857529167301587,0.0
17575,0.13251402974128723,0.9474999904632568,0.0,0.008851047206137013,0.0
17600,0.13251207768917084,0.9474999904632568,0.0,0.008840158005870421,0.0
17625,0.13251012563705444,0.9474999904632568,0.0,0.00882808473017119,0.0
17650,0.13250820338726044,0.9474999904632568,0.0,0.008806765859777866,0.0
17675,0.13250625133514404,0.9474999904632568,0.0,0.008803398812929289,0.0
17700,0.13250431418418884,0.9474999904632568,0.0,0.00881605618425005,0.0
17725,0.13250236213207245,0.9474999904632568,0.0,0.008819938609760564,0.0
17750,0.13250042498111725,0.9474999904632568,0.0,0.00875634250600437,0.0
17775,0.13249851763248444,0.9474999904632568,0.0,0.00876342051508955,0.0
17800,0.13249659538269043,0.9474999904632568,0.0,0.008756771646609013,0.0
17825,0.13249468803405762,0.9474999904632568,0.0,0.008703841320291818,0.0
17850,0.132492795586586,0.9474999904632568,0.0,0.008684811288125635,0.0
17875,0.13249091804027557,0.9474999904632568,0.0,0.008694888507790703,0.0
17900,0.13248902559280396,0.9474999904632568,0.0,0.008683515480815937,0.0
17925,0.13248714804649353,0.9474999904632568,0.0,0.008666462096496906,0.0
17950,0.1324852705001831,0.9474999904632568,0.0,0.008658425994219242,0.0
17975,0.13248339295387268,0.9474999904632568,0.0,0.008645701047187034,0.0
18000,0.13248153030872345,0.9474583268165588,0.0,0.008634319753781825,0.0
18025,0.13247966766357422,0.9474583268165588,0.0,0.008620727835320828,0.0
18050,0.13247781991958618,0.9474583268165588,0.0,0.008611957933844816,0.0
18075,0.13247597217559814,0.9474583268165588,0.0,0.008602487295569504,0.0
18100,0.1324741244316101,0.9474583268165588,0.0,0.008595273434313384,0.0
18125,0.13247226178646088,0.9474166631698608,0.0,0.008598083620065153,0.0
18150,0.13247044384479523,0.9474166631698608,0.0,0.00855118536197425,0.0
18175,0.13246861100196838,0.9474166631698608,0.0,0.008548028676954787,0.0
18200,0.13246677815914154,0.9474166631698608,0.0,0.008534521607098512,0.0
18225,0.1324649602174759,0.9474166631698608,0.0,0.008536246355563633,0.0
18250,0.13246315717697144,0.9474166631698608,0.0,0.008512995316372247,0.0
18275,0.1324613392353058,0.9474166631698608,0.0,0.008503269585221103,0.0
18300,0.13245953619480133,0.9474166631698608,0.0,0.008477441923486304,0.0
18325,0.13245774805545807,0.9474583268165588,0.0,0.008457324101182348,0.0
18350,0.1324559450149536,0.9474583268165588,0.0,0.008484954059443292,0.0
18375,0.13245415687561035,0.9474583268165588,0.0,0.008473395119109068,0.0
18400,0.1324523538351059,0.9474583268165588,0.0,0.008483626489847311,0.0
18425,0.13245056569576263,0.9474583268165588,0.0,0.00846425034184461,0.0
18450,0.13244877755641937,0.9474583268165588,0.0,0.00843927573864749,0.0
18475,0.1324470043182373,0.9474583268165588,0.0,0.008431351697623444,0.0
18500,0.13244523108005524,0.9474583268165588,0.0,0.008416713520527884,0.0
18525,0.13244345784187317,0.9474583268165588,0.0,0.008419849556696462,0.0
18550,0.1324416846036911,0.9474583268165588,0.0,0.008411068700370512,0.0
18575,0.13243994116783142,0.9474583268165588,0.0,0.008375981296149432,0.0
18600,0.13243816792964935,0.9474583268165588,0.0,0.00837351048113815,0.0
18625,0.13243642449378967,0.9474583268165588,0.0,0.008357746277840597,0.0
18650,0.13243468105793,0.9474583268165588,0.0,0.008331785110390224,0.0
18675,0.1324329525232315,0.9474583268165588,0.0,0.008321962676766066,0.0
18700,0.13243122398853302,0.9474583268165588,0.0,0.008316812372772205,0.0
18725,0.13242951035499573,0.9474583268165588,0.0,0.008289257622743223,0.0
18750,0.13242778182029724,0.9474583268165588,0.0,0.008281233980136495,0.0
18775,0.13242606818675995,0.9474583268165588,0.0,0.00827469561070776,0.0
18800,0.13242435455322266,0.9474583268165588,0.0,0.008263241742219334,0.0
18825,0.13242264091968536,0.9474999904632568,0.0,0.008256855218230122,0.0
18850,0.13242095708847046,0.9474999904632568,0.0,0.008246879989046297,0.0
18875,0.13241925835609436,0.9474999904632568,0.0,0.008233094826010012,0.0
18900,0.13241755962371826,0.9474999904632568,0.0,0.008244960959514604,0.0
18925,0.13241587579250336,0.9474999904632568,0.0,0.008257135307261902,0.0
18950,0.13241416215896606,0.9474999904632568,0.0,0.008245003045231038,0.0
18975,0.13241247832775116,0.9474999904632568,0.0,0.008221485510178619,0.0
19000,0.13241077959537506,0.9474999904632568,0.0,0.00821244223466289,0.0
19025,0.13240909576416016,0.9474999904632568,0.0,0.008209581517036565,0.0
19050,0.13240741193294525,0.9474999904632568,0.0,0.008207202012873081,0.0
19075,0.13240572810173035,0.9474999904632568,0.0,0.008199729721486962,0.0
19100,0.13240404427051544,0.9474999904632568,0.0,0.00818078592878667,0.0
19125,0.13240239024162292,0.9474999904632568,0.0,0.008170989055770381,0.0
19150,0.1324007213115692,0.9474999904632568,0.0,0.008133125925140178,0.0
19175,0.1323990672826767,0.9474999904632568,0.0,0.008121142910477934,0.0
19200,0.13239742815494537,0.9474999904632568,0.0,0.008123016960124461,0.0
19225,0.13239577412605286,0.9474999904632568,0.0,0.008139393284924497,0.0
19250,0.13239412009716034,0.9474999904632568,0.0,0.008144176718931926,0.0
19275,0.13239248096942902,0.9474999904632568,0.0,0.008131023430255305,0.0
19300,0.1323908120393753,0.9474999904632568,0.0,0.008123147236405951,0.0
19325,0.1323891580104828,0.9474999904632568,0.0,0.008111361671107578,0.0
19350,0.13238751888275146,0.9474999904632568,0.0,0.008109448826014443,0.0
19375,0.13238587975502014,0.9474999904632568,0.0,0.008106549189866844,0.0
19400,0.13238424062728882,0.9474999904632568,0.0,0.008097196517078933,0.0
19425,0.1323826014995575,0.9474999904632568,0.0,0.008089518882518812,0.0
19450,0.13238096237182617,0.9475416541099548,0.0,0.008087824274596605,0.0
19475,0.13237933814525604,0.9475416541099548,0.0,0.008084866124852102,0.0
19500,0.13237769901752472,0.9475416541099548,0.0,0.008089560128404436,0.0
19525,0.1323760598897934,0.9475416541099548,0.0,0.008083833209486172,0.0
19550,0.13237443566322327,0.9475416541099548,0.0,0.008076304284757408,0.0
19575,0.13237279653549194,0.9475416541099548,0.0,0.008110863038294185,0.0
19600,0.13237114250659943,0.9475416541099548,0.0,0.008113211398575342,0.0
19625,0.1323695033788681,0.9475416541099548,0.0,0.008103562832926544,0.0
19650,0.13236786425113678,0.9475416541099548,0.0,0.008095353358091494,0.0
19675,0.13236622512340546,0.9475416541099548,0.0,0.00807891079143339,0.0
19700,0.13236458599567413,0.9475416541099548,0.0,0.008077837034963628,0.0
19725,0.1323629766702652,0.9475416541099548,0.0,0.00807550703539725,0.0
19750,0.13236133754253387,0.9475416541099548,0.0,0.00806922060788528,0.0
19775,0.13235971331596375,0.9475416541099548,0.0,0.008072580402159213,0.0
19800,0.13235808908939362,0.9475416541099548,0.0,0.00806684465250557,0.0
19825,0.1323564648628235,0.9475416541099548,0.0,0.00805776273242188,0.0
19850,0.13235484063625336,0.9475416541099548,0.0,0.008051563784113187,0.0
19875,0.13235321640968323,0.9475416541099548,0.0,0.008034120670768986,0.0
19900,0.1323516070842743,0.9475416541099548,0.0,0.008023747987221542,0.0
19925,0.13234999775886536,0.9475416541099548,0.0,0.008028432752254778,0.0
19950,0.13234838843345642,0.9475416541099548,0.0,0.008021470291110853,0.0
19975,0.13234677910804749,0.9475416541099548,0.0,0.008020228703766582,0.0
20000,0.13234516978263855,0.9475416541099548,0.0,0.008039489216392188,0.0
20025,0.13234356045722961,0.9475416541099548,0.0,0.008032961461868831,0.0
20050,0.13234195113182068,0.9475416541099548,0.0,0.008024980537121331,0.0
20075,0.13234032690525055,0.9475416541099548,0.0,0.008026366247210145,0.0
20100,0.1323387175798416,0.9475416541099548,0.0,0.008025730449213243,0.0
20125,0.13233712315559387,0.9475416541099548,0.0,0.008021864024084753,0.0
20150,0.13233551383018494,0.9475416541099548,0.0,0.008009452662864512,0.0
20175,0.132333904504776,0.9475416541099548,0.0,0.008003743840554358,0.0
20200,0.13233231008052826,0.9475416541099548,0.0,0.007982467052120775,0.0
20225,0.1323307305574417,0.9475416541099548,0.0,0.007952661339871082,0.0
20250,0.13232915103435516,0.9475416541099548,0.0,0.00794584042812618,0.0
20275,0.13232757151126862,0.9475416541099548,0.0,0.007939851350299508,0.0
20300,0.13232599198818207,0.9475416541099548,0.0,0.00793182089853301,0.0
20325,0.1323244273662567,0.9475416541099548,0.0,0.007920453024527157,0.0
20350,0.13232284784317017,0.9475416541099548,0.0,0.007929256291068316,0.0
20375,0.1323212832212448,0.9475416541099548,0.0,0.007924378934076133,0.0
20400,0.13231971859931946,0.9475416541099548,0.0,0.007915235990412672,0.0
20425,0.1323181539773941,0.9475416541099548,0.0,0.007921238004838883,0.0
20450,0.13231658935546875,0.9475416541099548,0.0,0.007917160739496882,0.0
20475,0.1323150247335434,0.9475416541099548,0.0,0.007908818499081923,0.0
20500,0.13231346011161804,0.9475416541099548,0.0,0.007906985640016118,0.0
20525,0.1323118954896927,0.9475416541099548,0.0,0.007914909812716957,0.0
20550,0.13231033086776733,0.9475416541099548,0.0,0.007920787378815542,0.0
20575,0.1323087513446808,0.9475416541099548,0.0,0.00792830637578622,0.0
20600,0.13230718672275543,0.9475416541099548,0.0,0.00792745797826608,0.0
20625,0.13230562210083008,0.9475416541099548,0.0,0.00792417955444094,0.0
20650,0.13230405747890472,0.9475833177566528,0.0,0.007914093373965057,0.0
20675,0.13230249285697937,0.9475833177566528,0.0,0.00791193221578892,0.0
20700,0.13230092823505402,0.9475833177566528,0.0,0.007905545964342418,0.0
20725,0.13229934871196747,0.9475833177566528,0.0,0.007899437175852163,0.0
20750,0.1322978138923645,0.9475833177566528,0.0,0.007901966986903175,0.0
20775,0.13229624927043915,0.9475833177566528,0.0,0.007894823794584192,0.0
20800,0.1322946846485138,0.9475833177566528,0.0,0.007891574607216076,0.0
20825,0.13229313492774963,0.9475833177566528,0.0,0.007880835668479965,0.0
20850,0.13229158520698547,0.9475833177566528,0.0,0.007892428260434004,0.0
20875,0.13229002058506012,0.9475833177566528,0.0,0.007874391789139852,0.0
20900,0.13228847086429596,0.9475833177566528,0.0,0.007863938721128609,0.0
20925,0.132286936044693,0.9475833177566528,0.0,0.007857850566212094,0.0
20950,0.13228538632392883,0.9475833177566528,0.0,0.007861366814074571,0.0
20975,0.13228383660316467,0.9475833177566528,0.0,0.007859269759393005,0.0
21000,0.1322823017835617,0.9475416541099548,0.0,0.007831634012514011,0.0
21025,0.13228076696395874,0.9475416541099548,0.0,0.007822647173163362,0.0
21050,0.13227924704551697,0.9475416541099548,0.0,0.007823032884323079,0.0
21075,0.132277712225914,0.9475416541099548,0.0,0.007815537955752367,0.0
21100,0.13227617740631104,0.9475416541099548,0.0,0.0078092725314528036,0.0
21125,0.13227467238903046,0.9474999904632568,0.0,0.007815771041429399,0.0
21150,0.1322731375694275,0.9474583268165588,0.0,0.007796463111129423,0.0
21175,0.1322716325521469,0.9474583268165588,0.0,0.007787436373279021,0.0
21200,0.13227011263370514,0.9474583268165588,0.0,0.007776332674205151,0.0
21225,0.13226860761642456,0.9474583268165588,0.0,0.0077832809853454225,0.0
21250,0.1322670876979828,0.9474583268165588,0.0,0.007777433232492876,0.0
21275,0.13226556777954102,0.9474583268165588,0.0,0.007772522628988895,0.0
21300,0.13226407766342163,0.9474583268165588,0.0,0.007761478992136761,0.0
21325,0.13226257264614105,0.9474583268165588,0.0,0.0077440287739726065,0.0
21350,0.13226106762886047,0.9474583268165588,0.0,0.007740554287197751,0.0
21375,0.1322595775127411,0.9474583268165588,0.0,0.0077375781607727685,0.0
21400,0.1322580724954605,0.9474583268165588,0.0,0.007717889069985662,0.0
21425,0.13225659728050232,0.9474583268165588,0.0,0.0077213395514403255,0.0
21450,0.13225510716438293,0.9474583268165588,0.0,0.007722984951017045,0.0
21475,0.13225361704826355,0.9474583268165588,0.0,0.007715376013023021,0.0
21500,0.13225212693214417,0.9474583268165588,0.0,0.007736094610011713,0.0
21525,0.1322506219148636,0.9474583268165588,0.0,0.007742011047081459,0.0
21550,0.132249116897583,0.9474583268165588,0.0,0.007742362033632692,0.0
21575,0.13224764168262482,0.9474999904632568,0.0,0.007733789433593486,0.0
21600,0.13224613666534424,0.9474999904632568,0.0,0.007738453497799005,0.0
21625,0.13224463164806366,0.9474999904632568,0.0,0.007733748355001388,0.0
21650,0.13224314153194427,0.9474999904632568,0.0,0.007705755020550496,0.0
21675,0.1322416514158249,0.9474999904632568,0.0,0.0076973598851923135,0.0
21700,0.1322401911020279,0.9474999904632568,0.0,0.0076936007111816015,0.0
21725,0.1322387009859085,0.9475416541099548,0.0,0.007691345317908906,0.0
21750,0.1322372406721115,0.9475416541099548,0.0,0.007684538951368384,0.0
21775,0.13223575055599213,0.9475416541099548,0.0,0.007674777622161187,0.0
21800,0.13223427534103394,0.9475416541099548,0.0,0.007679676019482956,0.0
21825,0.13223280012607574,0.9475416541099548,0.0,0.007684321074927185,0.0
21850,0.13223132491111755,0.9475416541099548,0.0,0.007687299117705783,0.0
21875,0.13222984969615936,0.9475416541099548,0.0,0.007692180387468733,0.0
21900,0.13222837448120117,0.9475416541099548,0.0,0.00770303758525783,0.0
21925,0.1322268843650818,0.9475416541099548,0.0,0.007704065961786464,0.0
21950,0.1322254091501236,0.9475416541099548,0.0,0.007694940590364508,0.0
21975,0.1322239190340042,0.9475416541099548,0.0,0.007691611509653799,0.0
22000,0.13222245872020721,0.9475416541099548,0.0,0.007690601619844269,0.0
22025,0.13222096860408783,0.9475416541099548,0.0,0.007690131664074758,0.0
22050,0.13221949338912964,0.9475416541099548,0.0,0.007688910949017049,0.0
22075,0.13221801817417145,0.9475416541099548,0.0,0.0076714898403807685,0.0
22100,0.13221655786037445,0.9475416541099548,0.0,0.0076630710385226725,0.0
22125,0.13221508264541626,0.9475833177566528,0.0,0.007646671751160078,0.0
22150,0.13221362233161926,0.9476249814033508,0.0,0.00765849985621352,0.0
22175,0.13221216201782227,0.9476249814033508,0.0,0.007651277186993247,0.0
22200,0.13221068680286407,0.9475833177566528,0.0,0.007650615705879907,0.0
22225,0.13220922648906708,0.9475833177566528,0.0,0.00765157892406664,0.0
22250,0.13220776617527008,0.9475833177566528,0.0,0.0076527824833596166,0.0
22275,0.1322062909603119,0.9475833177566528,0.0,0.007638292135659187,0.0
22300,0.1322048306465149,0.9475833177566528,0.0,0.007634066373207242,0.0
22325,0.1322033852338791,0.9475833177566528,0.0,0.007630461792000792,0.0
22350,0.1322019249200821,0.9475833177566528,0.0,0.007629311954827216,0.0
22375,0.1322004795074463,0.9475833177566528,0.0,0.007617642366427505,0.0
22400,0.1321990191936493,0.9475833177566528,0.0,0.007622844672953054,0.0
22425,0.1321975737810135,0.9475833177566528,0.0,0.007614337774851789,0.0
22450,0.13219612836837769,0.9475833177566528,0.0,0.007609493928866167,0.0
22475,0.1321946680545807,0.9475833177566528,0.0,0.007606689318338851,0.0
22500,0.13219323754310608,0.9475833177566528,0.0,0.007603774222793622,0.0
22525,0.13219177722930908,0.9475833177566528,0.0,0.0076214481258319285,0.0
22550,0.13219033181667328,0.9475833177566528,0.0,0.0076130045167533585,0.0
22575,0.13218888640403748,0.9475833177566528,0.0,0.007605775969304633,0.0
22600,0.13218744099140167,0.9475833177566528,0.0,0.007594405018633398,0.0
22625,0.13218599557876587,0.9475833177566528,0.0,0.007603563933523862,0.0
22650,0.13218455016613007,0.9475416541099548,0.0,0.007611288620126396,0.0
22675,0.13218310475349426,0.9475416541099548,0.0,0.007609339228916117,0.0
22700,0.13218165934085846,0.9475416541099548,0.0,0.007606283245494689,0.0
22725,0.13218021392822266,0.9475416541099548,0.0,0.007600494024734122,0.0
22750,0.13217876851558685,0.9475416541099548,0.0,0.007609246285638677,0.0
22775,0.13217732310295105,0.9475416541099548,0.0,0.007610238580252993,0.0
22800,0.13217587769031525,0.9475416541099548,0.0,0.007603562086971854,0.0
22825,0.13217443227767944,0.9475416541099548,0.0,0.007605290041369528,0.0
22850,0.13217298686504364,0.9475416541099548,0.0,0.007590808284149414,0.0
22875,0.13217154145240784,0.9475416541099548,0.0,0.007586809513215824,0.0
22900,0.13217011094093323,0.9475416541099548,0.0,0.007588743648405661,0.0
22925,0.13216866552829742,0.9475416541099548,0.0,0.007619005347795404,0.0
22950,0.13216722011566162,0.9475416541099548,0.0,0.00761607262174312,0.0
22975,0.13216577470302582,0.9475416541099548,0.0,0.007609336721577501,0.0
23000,0.13216432929039001,0.9475416541099548,0.0,0.00761140673821454,0.0
23025,0.1321628838777542,0.9475416541099548,0.0,0.0076032829074919985,0.0
23050,0.13216142356395721,0.9474999904632568,0.0,0.0076171321337565896,0.0
23075,0.1321599781513214,0.9474999904632568,0.0,0.00761413502831676,0.0
23100,0.1321585327386856,0.9474999904632568,0.0,0.007612713696660333,0.0
23125,0.1321570873260498,0.9474999904632568,0.0,0.00761500844596886,0.0
23150,0.132155641913414,0.9474999904632568,0.0,0.007599785023049301,0.0
23175,0.1321541965007782,0.9474999904632568,0.0,0.007595817748013912,0.0
23200,0.1321527510881424,0.9474999904632568,0.0,0.007590298067134775,0.0
23225,0.13215132057666779,0.9474999904632568,0.0,0.007587706141060116,0.0
23250,0.13214987516403198,0.9474999904632568,0.0,0.007597370104611918,0.0
23275,0.13214842975139618,0.9474999904632568,0.0,0.007592454164645507,0.0
23300,0.13214698433876038,0.9474999904632568,0.0,0.0075808604930523455,0.0
23325,0.13214555382728577,0.9474999904632568,0.0,0.007577253801224336,0.0
23350,0.13214412331581116,0.9474999904632568,0.0,0.00758621260399884,0.0
23375,0.13214267790317535,0.9474999904632568,0.0,0.00758053553009551,0.0
23400,0.13214124739170074,0.9474999904632568,0.0,0.007582898379821575,0.0
23425,0.13213981688022614,0.9474999904632568,0.0,0.007577705369394735,0.0
23450,0.13213837146759033,0.9474999904632568,0.0,0.007572423237326457,0.0
23475,0.13213694095611572,0.9474999904632568,0.0,0.007581120330975953,0.0
23500,0.1321355104446411,0.9474999904632568,0.0,0.00757380619637738,0.0
23525,0.1321340650320053,0.9474999904632568,0.0,0.007560816962350772,0.0
23550,0.1321326494216919,0.9474999904632568,0.0,0.007563281113618825,0.0
23575,0.13213121891021729,0.9474999904632568,0.0,0.007563823070301044,0.0
23600,0.13212978839874268,0.9474999904632568,0.0,0.007568076080269069,0.0
23625,0.13212835788726807,0.9474999904632568,0.0,0.007568113338917127,0.0
23650,0.13212692737579346,0.9474999904632568,0.0,0.007566497014974578,0.0
23675,0.13212548196315765,0.9474999904632568,0.0,0.007558688123367689,0.0
23700,0.13212406635284424,0.9474999904632568,0.0,0.007545148332994527,0.0
23725,0.13212265074253082,0.9474999904632568,0.0,0.0075439054666445,0.0
23750,0.1321212202310562,0.9474999904632568,0.0,0.007544545274254977,0.0
23775,0.1321198046207428,0.9474999904632568,0.0,0.0075737737987086485,0.0
23800,0.132118359208107,0.9474999904632568,0.0,0.007571918728248132,0.0
23825,0.13211694359779358,0.9474999904632568,0.0,0.0075697483610041374,0.0
23850,0.13211551308631897,0.9474999904632568,0.0,0.007570641933663085,0.0
23875,0.13211406767368317,0.9474999904632568,0.0,0.007564156562316696,0.0
23900,0.13211265206336975,0.9474999904632568,0.0,0.0075678447424435856,0.0
23925,0.13211120665073395,0.9474583268165588,0.0,0.007555426264211538,0.0
23950,0.13210977613925934,0.9474583268165588,0.0,0.007565596920569891,0.0
23975,0.13210836052894592,0.9474583268165588,0.0,0.0075597939751939095,0.0
24000,0.1321069300174713,0.9474166631698608,0.0,0.007541334299701336,0.0
24025,0.1321054846048355,0.9474166631698608,0.0,0.007566665721566814,0.0
24050,0.1321040689945221,0.9474166631698608,0.0,0.007561713457654058,0.0
24075,0.13210263848304749,0.9474166631698608,0.0,0.007546207643363525,0.0
24100,0.13210120797157288,0.9474166631698608,0.0,0.007551129360685315,0.0
24125,0.13209979236125946,0.9474166631698608,0.0,0.0075767749384208025,0.0
24150,0.13209836184978485,0.9474166631698608,0.0,0.0075626885080341795,0.0
24175,0.13209691643714905,0.9474166631698608,0.0,0.00756731384699363,0.0
24200,0.13209550082683563,0.9474166631698608,0.0,0.007563419497598945,0.0
24225,0.13209407031536102,0.9474166631698608,0.0,0.0075590833610243,0.0
24250,0.1320926398038864,0.9474166631698608,0.0,0.007543873001736914,0.0
24275,0.1320912092924118,0.9474166631698608,0.0,0.007540475685629026,0.0
24300,0.13208980858325958,0.9474583268165588,0.0,0.007530806631082842,0.0
24325,0.13208837807178497,0.9474583268165588,0.0,0.007526839068687417,0.0
24350,0.13208697736263275,0.9474999904632568,0.0,0.0074994790326288014,0.0
24375,0.13208557665348053,0.9475416541099548,0.0,0.00751359970963195,0.0
24400,0.13208414614200592,0.9475416541099548,0.0,0.007524740172233054,0.0
24425,0.1320827305316925,0.9475416541099548,0.0,0.0075239029851977895,0.0
24450,0.13208132982254028,0.9475416541099548,0.0,0.0075168076935421,0.0
24475,0.13207991421222687,0.9475416541099548,0.0,0.007524300488904084,0.0
24500,0.13207848370075226,0.9475416541099548,0.0,0.0075262449502302,0.0
24525,0.13207708299160004,0.9475416541099548,0.0,0.007527271237423244,0.0
24550,0.13207566738128662,0.9475416541099548,0.0,0.007540035887480589,0.0
24575,0.132074236869812,0.9475416541099548,0.0,0.007534029461853317,0.0
24600,0.1320728212594986,0.9475416541099548,0.0,0.007531887538360699,0.0
24625,0.13207140564918518,0.9475416541099548,0.0,0.007523468338116909,0.0
24650,0.13206999003887177,0.9475833177566528,0.0,0.0075206181681324496,0.0
24675,0.13206857442855835,0.9475833177566528,0.0,0.0075103721282772555,0.0
24700,0.13206717371940613,0.9475833177566528,0.0,0.007506560842123096,0.0
24725,0.1320657581090927,0.9475833177566528,0.0,0.007502427089959901,0.0
24750,0.1320643573999405,0.9475833177566528,0.0,0.007502999816036468,0.0
24775,0.13206294178962708,0.9475833177566528,0.0,0.00750904746625759,0.0
24800,0.13206154108047485,0.9475833177566528,0.0,0.00750850801508761,0.0
24825,0.13206012547016144,0.9475833177566528,0.0,0.007532925377042579,0.0
24850,0.13205870985984802,0.9475833177566528,0.0,0.007539802988060247,0.0
24875,0.1320572942495346,0.9475833177566528,0.0,0.007537170905938973,0.0
24900,0.13205586373806,0.9475833177566528,0.0,0.00753131866733081,0.0
24925,0.13205446302890778,0.9475833177566528,0.0,0.007504317153092999,0.0
24950,0.13205306231975555,0.9475833177566528,0.0,0.00748589399280682,0.0
24975,0.13205166161060333,0.9475833177566528,0.0,0.007488014818681716,0.0
25000,0.13205024600028992,0.9476249814033508,0.0,0.007483611459409878,0.0
25025,0.1320488601922989,0.9476249814033508,0.0,0.007480058835015529,0.0
25050,0.13204745948314667,0.9476249814033508,0.0,0.007451695040582098,0.0
25075,0.13204607367515564,0.9476249814033508,0.0,0.007445111528680963,0.0
25100,0.1320447027683258,0.9476249814033508,0.0,0.007419495345407808,0.0
25125,0.13204333186149597,0.9476249814033508,0.0,0.00739896437723235,0.0
25150,0.13204196095466614,0.9476249814033508,0.0,0.007389560801671861,0.0
25175,0.1320405900478363,0.9476249814033508,0.0,0.007392806217679087,0.0
25200,0.13203923404216766,0.9475833177566528,0.0,0.007387142339379199,0.0
25225,0.13203786313533783,0.9475833177566528,0.0,0.007379391663049749,0.0
25250,0.13203652203083038,0.9475833177566528,0.0,0.007383894010510617,0.0
25275,0.13203515112400055,0.9475833177566528,0.0,0.007381219161780931,0.0
25300,0.1320337951183319,0.9475833177566528,0.0,0.007358885208554717,0.0
25325,0.13203243911266327,0.9475833177566528,0.0,0.007367471341927724,0.0
25350,0.13203108310699463,0.9475833177566528,0.0,0.007366664260252744,0.0
25375,0.132029727101326,0.9475833177566528,0.0,0.007352698659611159,0.0
25400,0.13202838599681854,0.9475833177566528,0.0,0.007354488217319401,0.0
25425,0.1320270299911499,0.9475833177566528,0.0,0.007351867291340039,0.0
25450,0.13202567398548126,0.9475416541099548,0.0,0.007352553729965991,0.0
25475,0.13202433288097382,0.9475416541099548,0.0,0.007347969861060842,0.0
25500,0.13202297687530518,0.9475416541099548,0.0,0.007351112977735635,0.0
25525,0.13202162086963654,0.9474999904632568,0.0,0.007350775463024729,0.0
25550,0.1320202797651291,0.9474999904632568,0.0,0.007324628558333127,0.0
25575,0.13201893866062164,0.9474999904632568,0.0,0.007314414246830476,0.0
25600,0.1320176124572754,0.9474999904632568,0.0,0.007309634733835132,0.0
25625,0.13201627135276794,0.9474999904632568,0.0,0.00729948134066279,0.0
25650,0.1320149451494217,0.9474999904632568,0.0,0.007294779199021374,0.0
25675,0.13201360404491425,0.9474999904632568,0.0,0.007293388612622428,0.0
25700,0.1320122927427292,0.9474999904632568,0.0,0.007295178866396991,0.0
25725,0.13201095163822174,0.9474999904632568,0.0,0.00729461532694312,0.0
25750,0.1320096254348755,0.9474999904632568,0.0,0.0072977175832026255,0.0
25775,0.13200828433036804,0.9474999904632568,0.0,0.007309084814560504,0.0
25800,0.1320069581270218,0.9474999904632568,0.0,0.007321737712705835,0.0
25825,0.13200561702251434,0.9474999904632568,0.0,0.007302338919929428,0.0
25850,0.1320042908191681,0.9474999904632568,0.0,0.007296947364459343,0.0
25875,0.13200296461582184,0.9474999904632568,0.0,0.007291130989444579,0.0
25900,0.1320016235113144,0.9474999904632568,0.0,0.007311041728886011,0.0
25925,0.13200029730796814,0.9474999904632568,0.0,0.007301276987609826,0.0
25950,0.1319989562034607,0.9474999904632568,0.0,0.007293793996303785,0.0
25975,0.13199764490127563,0.9474999904632568,0.0,0.007294807190072507,0.0
26000,0.131996288895607,0.9474999904632568,0.0,0.007291103801680277,0.0
26025,0.13199497759342194,0.9474999904632568,0.0,0.007272619945995852,0.0
26050,0.13199366629123688,0.9474999904632568,0.0,0.007278534027874679,0.0
26075,0.13199232518672943,0.9474999904632568,0.0,0.007275404346154612,0.0
26100,0.13199099898338318,0.9474999904632568,0.0,0.007244280279056508,0.0
26125,0.13198970258235931,0.9474999904632568,0.0,0.007246772034891582,0.0
26150,0.13198840618133545,0.9474999904632568,0.0,0.007243719809241005,0.0
26175,0.1319870799779892,0.9474999904632568,0.0,0.0072532126629017415,0.0
26200,0.13198576867580414,0.9474999904632568,0.0,0.007256079648164071,0.0
26225,0.13198444247245789,0.9474999904632568,0.0,0.00726020454680667,0.0
26250,0.13198313117027283,0.9474999904632568,0.0,0.007261991678448162,0.0
26275,0.13198181986808777,0.9474999904632568,0.0,0.007263822655246851,0.0
26300,0.13198049366474152,0.9474999904632568,0.0,0.007282366319164249,0.0
26325,0.13197916746139526,0.9474999904632568,0.0,0.007283980823808176,0.0
26350,0.131977841258049,0.9474999904632568,0.0,0.007283065719016353,0.0
26375,0.13197651505470276,0.9474999904632568,0.0,0.007279780926089645,0.0
26400,0.1319752037525177,0.9474999904632568,0.0,0.007280959806695321,0.0
26425,0.13197387754917145,0.9474999904632568,0.0,0.007291397367303147,0.0
26450,0.131972536444664,0.9474999904632568,0.0,0.007291074508875082,0.0
26475,0.13197122514247894,0.9474999904632568,0.0,0.007268617364810296,0.0
26500,0.1319698989391327,0.9474999904632568,0.0,0.0072780012000850155,0.0
26525,0.13196857273578644,0.9474999904632568,0.0,0.007276969837407379,0.0
26550,0.13196726143360138,0.9474999904632568,0.0,0.007245360676185089,0.0
26575,0.13196593523025513,0.9474999904632568,0.0,0.007242036402794027,0.0
26600,0.13196463882923126,0.9474999904632568,0.0,0.007245949170529988,0.0
26625,0.1319633275270462,0.9474999904632568,0.0,0.007240628154949711,0.0
26650,0.13196201622486115,0.9474999904632568,0.0,0.007247403274606331,0.0
26675,0.1319607049226761,0.9474999904632568,0.0,0.007247502372171146,0.0
26700,0.13195939362049103,0.9474999904632568,0.0,0.007248341633995944,0.0
26725,0.13195808231830597,0.9474999904632568,0.0,0.007246042507778324,0.0
26750,0.1319567710161209,0.9474999904632568,0.0,0.0072361734897247705,0.0
26775,0.13195547461509705,0.9474999904632568,0.0,0.0072334308728949125,0.0
26800,0.131954163312912,0.9474999904632568,0.0,0.0072318382451900445,0.0
26825,0.13195283710956573,0.9474999904632568,0.0,0.007250911513822247,0.0
26850,0.13195154070854187,0.9474999904632568,0.0,0.007231186438796058,0.0
26875,0.1319502294063568,0.9474999904632568,0.0,0.007229254766165092,0.0
26900,0.13194891810417175,0.9474999904632568,0.0,0.007241334921175488,0.0
26925,0.1319476068019867,0.9474999904632568,0.0,0.007234348754015345,0.0
26950,0.13194631040096283,0.9474999904632568,0.0,0.007223865699089355,0.0
26975,0.13194499909877777,0.9474999904632568,0.0,0.0072200884624628574,0.0
27000,0.1319436877965927,0.9474999904632568,0.0,0.007215011858354316,0.0
27025,0.13194239139556885,0.9474999904632568,0.0,0.0072204584922485075,0.0
27050,0.13194109499454498,0.9474999904632568,0.0,0.0072183348738730285,0.0
27075,0.13193978369235992,0.9474999904632568,0.0,0.007211556267445949,0.0
27100,0.13193848729133606,0.9474999904632568,0.0,0.007209201985408965,0.0
27125,0.1319371908903122,0.9474999904632568,0.0,0.007213801265365675,0.0
27150,0.13193589448928833,0.9474999904632568,0.0,0.007209615282596778,0.0
27175,0.13193459808826447,0.9474999904632568,0.0,0.0072081928738698875,0.0
27200,0.1319333016872406,0.9475416541099548,0.0,0.0072245482183609915,0.0
27225,0.13193199038505554,0.9475416541099548,0.0,0.007231388127453243,0.0
27250,0.13193067908287048,0.9475416541099548,0.0,0.007214468206333475,0.0
27275,0.1319293975830078,0.9475416541099548,0.0,0.007204659103004621,0.0
27300,0.13192810118198395,0.9475416541099548,0.0,0.007184176660377268,0.0
27325,0.13192681968212128,0.9475416541099548,0.0,0.007181399688811793,0.0
27350,0.13192550837993622,0.9475416541099548,0.0,0.007188262158352978,0.0
27375,0.13192422688007355,0.9475416541099548,0.0,0.007178577461026628,0.0
27400,0.13192294538021088,0.9475416541099548,0.0,0.0071689348940344195,0.0
27425,0.1319216638803482,0.9475416541099548,0.0,0.007163726831954358,0.0
27450,0.13192038238048553,0.9475416541099548,0.0,0.007160450810789845,0.0
27475,0.13191910088062286,0.9475416541099548,0.0,0.007168308095088149,0.0
27500,0.1319178193807602,0.9475833177566528,0.0,0.007161447002524919,0.0
27525,0.13191653788089752,0.9475833177566528,0.0,0.007166268857387846,0.0
27550,0.13191525638103485,0.9476249814033508,0.0,0.007162242842264646,0.0
27575,0.131913959980011,0.9476249814033508,0.0,0.007173498693700904,0.0
27600,0.13191267848014832,0.9476249814033508,0.0,0.007166599099778788,0.0
27625,0.13191139698028564,0.9476249814033508,0.0,0.00716612280468458,0.0
27650,0.13191011548042297,0.9476249814033508,0.0,0.007171584301411367,0.0
27675,0.1319088339805603,0.9476249814033508,0.0,0.007156187191039645,0.0
27700,0.13190756738185883,0.9476249814033508,0.0,0.007155580445354441,0.0
27725,0.13190627098083496,0.9476249814033508,0.0,0.007150516889141574,0.0
27750,0.13190500438213348,0.9476249814033508,0.0,0.007152296838487377,0.0
27775,0.1319037228822708,0.9476249814033508,0.0,0.007150515666255338,0.0
27800,0.13190244138240814,0.9476249814033508,0.0,0.007136793711763542,0.0
27825,0.13190117478370667,0.9476249814033508,0.0,0.00713549632440037,0.0
27850,0.1318999081850052,0.9476249814033508,0.0,0.007129540443333106,0.0
27875,0.1318986415863037,0.9476249814033508,0.0,0.007122117830476707,0.0
27900,0.13189737498760223,0.9476249814033508,0.0,0.007123957360502145,0.0
27925,0.13189610838890076,0.9476249814033508,0.0,0.007116031694369528,0.0
27950,0.13189484179019928,0.9476249814033508,0.0,0.0071305362922650575,0.0
27975,0.1318935751914978,0.9476249814033508,0.0,0.00711195851714447,0.0
28000,0.13189230859279633,0.9476249814033508,0.0,0.007110360962972179,0.0
28025,0.13189102709293365,0.9476249814033508,0.0,0.007140858496614042,0.0
28050,0.13188977539539337,0.9476249814033508,0.0,0.007156143460109033,0.0
28075,0.1318884938955307,0.9476249814033508,0.0,0.007160616978296398,0.0
28100,0.13188721239566803,0.9476249814033508,0.0,0.0071510387348478225,0.0
28125,0.13188593089580536,0.9476249814033508,0.0,0.0071554169765056345,0.0
28150,0.13188466429710388,0.9476249814033508,0.0,0.007149839671992902,0.0
28175,0.1318833827972412,0.9476249814033508,0.0,0.007158129907665443,0.0
28200,0.13188210129737854,0.9476249814033508,0.0,0.007161136177499324,0.0
28225,0.13188081979751587,0.9476249814033508,0.0,0.007172598799548804,0.0
28250,0.1318795084953308,0.9476249814033508,0.0,0.007181808668244591,0.0
28275,0.13187824189662933,0.9476249814033508,0.0,0.007159961205894914,0.0
28300,0.13187694549560547,0.9476249814033508,0.0,0.007157027720354786,0.0
28325,0.131875678896904,0.9476249814033508,0.0,0.007155510260722049,0.0
28350,0.13187441229820251,0.9476249814033508,0.0,0.007149306644616322,0.0
28375,0.13187313079833984,0.9476249814033508,0.0,0.007144131880215715,0.0
28400,0.13187184929847717,0.9476249814033508,0.0,0.007128874115425878,0.0
28425,0.1318705826997757,0.9476249814033508,0.0,0.007131663343082239,0.0
28450,0.13186931610107422,0.9476249814033508,0.0,0.007135642945307359,0.0
28475,0.13186804950237274,0.9476249814033508,0.0,0.007112234507065029,0.0
28500,0.13186678290367126,0.9476249814033508,0.0,0.007123634871248842,0.0
28525,0.1318655163049698,0.9476249814033508,0.0,0.007120955656193507,0.0
28550,0.1318642497062683,0.9476249814033508,0.0,0.007121541735559117,0.0
28575,0.13186298310756683,0.9476249814033508,0.0,0.007126118254071099,0.0
28600,0.13186171650886536,0.9476249814033508,0.0,0.00711581251186344,0.0
28625,0.13186044991016388,0.9476249814033508,0.0,0.0071130216246166385,0.0
28650,0.1318591833114624,0.9476249814033508,0.0,0.007122997011744961,0.0
28675,0.13185793161392212,0.9476249814033508,0.0,0.0070802768700022395,0.0
28700,0.13185666501522064,0.9476249814033508,0.0,0.007101019695024661,0.0
28725,0.13185541331768036,0.9476249814033508,0.0,0.007092520349013159,0.0
28750,0.13185416162014008,0.9476249814033508,0.0,0.007099599271562968,0.0
28775,0.1318529099225998,0.9476249814033508,0.0,0.007104754878282714,0.0
28800,0.13185162842273712,0.9476249814033508,0.0,0.007113516539221276,0.0
28825,0.13185037672519684,0.9476249814033508,0.0,0.00711195695358894,0.0
28850,0.13184911012649536,0.9476249814033508,0.0,0.007111775311166918,0.0
28875,0.13184784352779388,0.9476249814033508,0.0,0.007104891712602466,0.0
28900,0.1318465769290924,0.9476249814033508,0.0,0.007113785240602435,0.0
28925,0.13184532523155212,0.9476666450500488,0.0,0.0071043763546952575,0.0
28950,0.13184405863285065,0.9476666450500488,0.0,0.007093710901134577,0.0
28975,0.13184280693531036,0.9476666450500488,0.0,0.007080592338329015,0.0
29000,0.13184155523777008,0.9476666450500488,0.0,0.007078777166980679,0.0
29025,0.1318403035402298,0.9476666450500488,0.0,0.007089330523693071,0.0
29050,0.13183905184268951,0.9476666450500488,0.0,0.007081965059385506,0.0
29075,0.13183780014514923,0.9476666450500488,0.0,0.0070861839762925045,0.0
29100,0.13183654844760895,0.9476666450500488,0.0,0.0070834438255225765,0.0
29125,0.13183529675006866,0.9476666450500488,0.0,0.007099336987160847,0.0
29150,0.1318340301513672,0.9476666450500488,0.0,0.007095848705024159,0.0
29175,0.1318327784538269,0.9476666450500488,0.0,0.007092312604147157,0.0
29200,0.13183152675628662,0.9476666450500488,0.0,0.007090247278311234,0.0
29225,0.13183026015758514,0.9476666450500488,0.0,0.007091231021264965,0.0
29250,0.13182902336120605,0.9476666450500488,0.0,0.0070826925598531576,0.0
29275,0.13182775676250458,0.9476666450500488,0.0,0.007074102180179016,0.0
29300,0.1318265199661255,0.9476666450500488,0.0,0.007060401586257607,0.0
29325,0.131825253367424,0.9476666450500488,0.0,0.007092468777293539,0.0
29350,0.13182398676872253,0.9476666450500488,0.0,0.007114191125265583,0.0
29375,0.13182273507118225,0.9476666450500488,0.0,0.007135392007195655,0.0
29400,0.13182145357131958,0.9476666450500488,0.0,0.007137035347387655,0.0
29425,0.1318201869726181,0.9477083086967468,0.0,0.007141020091007086,0.0
29450,0.13181892037391663,0.9477083086967468,0.0,0.007118034367135659,0.0
29475,0.13181763887405396,0.9477083086967468,0.0,0.007116206109018314,0.0
29500,0.13181637227535248,0.9477083086967468,0.0,0.007130005581809633,0.0
29525,0.131815105676651,0.9477083086967468,0.0,0.0071266941438519246,0.0
29550,0.13181383907794952,0.9477083086967468,0.0,0.007111011639568858,0.0
29575,0.13181258738040924,0.9477083086967468,0.0,0.007111086564363058,0.0
29600,0.13181132078170776,0.9477083086967468,0.0,0.007106432583238363,0.0
29625,0.1318100541830063,0.9477083086967468,0.0,0.0071086047474312585,0.0
29650,0.131808802485466,0.9477083086967468,0.0,0.007115937218149878,0.0
29675,0.13180753588676453,0.9477083086967468,0.0,0.0071195960824485,0.0
29700,0.13180626928806305,0.9477083086967468,0.0,0.007115740457094992,0.0
29725,0.13180498778820038,0.9477083086967468,0.0,0.007117153876066728,0.0
29750,0.1318037360906601,0.9477083086967468,0.0,0.007127646521914945,0.0
29775,0.13180246949195862,0.9477083086967468,0.0,0.00711250008117738,0.0
29800,0.13180118799209595,0.9477083086967468,0.0,0.007120482295349311,0.0
29825,0.13179992139339447,0.9477083086967468,0.0,0.007118571809122908,0.0
29850,0.1317986696958542,0.9477083086967468,0.0,0.007107124127508292,0.0
29875,0.13179738819599152,0.9477083086967468,0.0,0.007096858701678916,0.0
29900,0.13179613649845123,0.9477083086967468,0.0,0.007081790000206208,0.0
29925,0.13179488480091095,0.9477083086967468,0.0,0.007078949942527544,0.0
29950,0.13179363310337067,0.9477083086967468,0.0,0.007084849739772231,0.0
29975,0.13179238140583038,0.9477083086967468,0.0,0.007098637262303661,0.0
30000,0.1317911148071289,0.9477083086967468,0.0,0.007104148165192332,0.0
30025,0.13178984820842743,0.9477083086967468,0.0,0.007111644666108706,0.0
30050,0.13178859651088715,0.9477083086967468,0.0,0.007099827615457692,0.0
30075,0.13178732991218567,0.9477083086967468,0.0,0.007104758410804926,0.0
30100,0.1317860633134842,0.9477083086967468,0.0,0.007099314352784546,0.0
30125,0.1317848116159439,0.9477083086967468,0.0,0.007097794421476606,0.0
30150,0.13178355991840363,0.9477083086967468,0.0,0.007099084998986934,0.0
30175,0.13178229331970215,0.9477083086967468,0.0,0.007105098208599901,0.0
30200,0.13178104162216187,0.9477083086967468,0.0,0.007098572074865648,0.0
30225,0.1317797750234604,0.9477083086967468,0.0,0.007095015408172581,0.0
30250,0.1317785233259201,0.9477083086967468,0.0,0.007100765692304352,0.0
30275,0.13177725672721863,0.9477083086967468,0.0,0.0070786897980308,0.0
30300,0.13177601993083954,0.9477083086967468,0.0,0.007071644276611807,0.0
30325,0.13177475333213806,0.9477083086967468,0.0,0.007088709943114766,0.0
30350,0.13177350163459778,0.9477083086967468,0.0,0.007100420434930313,0.0
30375,0.1317722499370575,0.9477083086967468,0.0,0.007099256312093143,0.0
30400,0.1317709982395172,0.9477083086967468,0.0,0.007098021026251441,0.0
30425,0.13176973164081573,0.9477083086967468,0.0,0.007099161465458371,0.0
30450,0.13176846504211426,0.9477083086967468,0.0,0.007090203822720914,0.0
30475,0.13176721334457397,0.9477083086967468,0.0,0.007094556357860274,0.0
30500,0.1317659467458725,0.9477083086967468,0.0,0.007085094491026853,0.0
30525,0.1317647099494934,0.9476666450500488,0.0,0.0070854696953757375,0.0
30550,0.13176344335079193,0.9476666450500488,0.0,0.007080336839134486,0.0
30575,0.13176219165325165,0.9476666450500488,0.0,0.007077355433315623,0.0
30600,0.13176093995571136,0.9476666450500488,0.0,0.007069316623143392,0.0
30625,0.13175970315933228,0.9476666450500488,0.0,0.007069589395882612,0.0
30650,0.1317584365606308,0.9476666450500488,0.0,0.007066442298333151,0.0
30675,0.1317571997642517,0.9476666450500488,0.0,0.007048308290927206,0.0
30700,0.13175596296787262,0.9476666450500488,0.0,0.007049072709447247,0.0
30725,0.13175471127033234,0.9476666450500488,0.0,0.0070493535271901235,0.0
30750,0.13175347447395325,0.9476666450500488,0.0,0.007038262551116702,0.0
30775,0.13175225257873535,0.9476666450500488,0.0,0.00703783698440691,0.0
30800,0.13175100088119507,0.9476666450500488,0.0,0.007034377226263119,0.0
30825,0.13174976408481598,0.9476666450500488,0.0,0.007046090705602377,0.0
30850,0.1317485272884369,0.9476666450500488,0.0,0.007041642857038167,0.0
30875,0.1317472755908966,0.9476666450500488,0.0,0.007064932631505611,0.0
30900,0.13174603879451752,0.9476666450500488,0.0,0.00705026400144243,0.0
30925,0.13174478709697723,0.9476666450500488,0.0,0.007042842758893742,0.0
30950,0.13174355030059814,0.9476249814033508,0.0,0.007047857797056269,0.0
30975,0.13174231350421906,0.9476249814033508,0.0,0.007039573497812118,0.0
31000,0.13174107670783997,0.9476249814033508,0.0,0.007035585797657143,0.0
31025,0.13173983991146088,0.9476249814033508,0.0,0.007035845239367723,0.0
31050,0.1317386031150818,0.9476249814033508,0.0,0.007040180058184365,0.0
31075,0.1317373663187027,0.9476249814033508,0.0,0.00704275289335638,0.0
31100,0.1317361295223236,0.9476249814033508,0.0,0.007031920029296677,0.0
31125,0.13173489272594452,0.9476249814033508,0.0,0.007033831325724988,0.0
31150,0.13173365592956543,0.9476249814033508,0.0,0.007034990405585979,0.0
31175,0.13173241913318634,0.9476249814033508,0.0,0.00703500655659659,0.0
31200,0.13173118233680725,0.9476249814033508,0.0,0.0070295745630425555,0.0
31225,0.13172994554042816,0.9476249814033508,0.0,0.00701444557884624,0.0
31250,0.13172872364521027,0.9476666450500488,0.0,0.0069965345263906485,0.0
31275,0.13172750174999237,0.9476666450500488,0.0,0.0070012154826910025,0.0
31300,0.13172627985477448,0.9476666450500488,0.0,0.006979080533822263,0.0
31325,0.13172505795955658,0.9476666450500488,0.0,0.006976120216497135,0.0
31350,0.13172385096549988,0.9476666450500488,0.0,0.006976937105145743,0.0
31375,0.13172262907028198,0.9476666450500488,0.0,0.006990474768334416,0.0
31400,0.1317213922739029,0.9476666450500488,0.0,0.006993192407504718,0.0
31425,0.1317201852798462,0.9477083086967468,0.0,0.006989535271558949,0.0
31450,0.1317189633846283,0.9477083086967468,0.0,0.007019945111842279,0.0
31475,0.1317177265882492,0.9477083086967468,0.0,0.007008500188544642,0.0
31500,0.1317165046930313,0.9477083086967468,0.0,0.007005476793017733,0.0
31525,0.13171528279781342,0.9477083086967468,0.0,0.007005027069859701,0.0
31550,0.13171404600143433,0.9477083086967468,0.0,0.007004744021356342,0.0
31575,0.13171282410621643,0.9477083086967468,0.0,0.007003630707145145,0.0
31600,0.13171160221099854,0.9477083086967468,0.0,0.007001322166258757,0.0
31625,0.13171038031578064,0.9477083086967468,0.0,0.006966905460159116,0.0
31650,0.13170917332172394,0.9477499723434448,0.0,0.006967958821964397,0.0
31675,0.13170795142650604,0.9477499723434448,0.0,0.006966034195834777,0.0
31700,0.13170672953128815,0.9477499723434448,0.0,0.006981584335548473,0.0
31725,0.13170550763607025,0.9477499723434448,0.0,0.0069768239134255184,0.0
31750,0.13170430064201355,0.9477499723434448,0.0,0.006973715323744626,0.0
31775,0.13170307874679565,0.9477499723434448,0.0,0.006979158325614169,0.0
31800,0.13170185685157776,0.9477499723434448,0.0,0.006967849050060795,0.0
31825,0.13170066475868225,0.9477499723434448,0.0,0.006936902595552565,0.0
31850,0.13169945776462555,0.9477499723434448,0.0,0.006935835949662875,0.0
31875,0.13169825077056885,0.9477499723434448,0.0,0.006930271950650553,0.0
31900,0.13169704377651215,0.9477499723434448,0.0,0.006937210631705525,0.0
31925,0.13169586658477783,0.9477499723434448,0.0,0.006941731116444717,0.0
31950,0.13169464468955994,0.9477499723434448,0.0,0.006930667348502468,0.0
31975,0.13169343769550323,0.9477083086967468,0.0,0.006938795255823517,0.0
32000,0.13169224560260773,0.9477083086967468,0.0,0.006936601381857298,0.0
32025,0.13169103860855103,0.9477083086967468,0.0,0.006937350392158835,0.0
32050,0.13168983161449432,0.9477083086967468,0.0,0.006933239135669829,0.0
32075,0.13168863952159882,0.9477083086967468,0.0,0.006907164397433405,0.0
32100,0.1316874474287033,0.9477083086967468,0.0,0.006900875640744982,0.0
32125,0.1316862553358078,0.9477083086967468,0.0,0.006894018606842076,0.0
32150,0.1316850781440735,0.9477083086967468,0.0,0.00689331295221754,0.0
32175,0.13168390095233917,0.9477083086967468,0.0,0.006890972831950919,0.0
32200,0.13168270885944366,0.9476666450500488,0.0,0.006888433060695798,0.0
32225,0.13168151676654816,0.9476666450500488,0.0,0.006893970077713609,0.0
32250,0.13168033957481384,0.9476666450500488,0.0,0.0068893909217493275,0.0
32275,0.13167913258075714,0.9476666450500488,0.0,0.006881111719187954,0.0
32300,0.13167795538902283,0.9476666450500488,0.0,0.006884276659294986,0.0
32325,0.1316767781972885,0.9476666450500488,0.0,0.0068995900037669335,0.0
32350,0.131675586104393,0.9476666450500488,0.0,0.006894861901827557,0.0
32375,0.1316743940114975,0.9476666450500488,0.0,0.006891503478449385,0.0
32400,0.131673201918602,0.9476666450500488,0.0,0.006895772834075014,0.0
32425,0.13167200982570648,0.9476666450500488,0.0,0.006906118987660823,0.0
32450,0.13167081773281097,0.9476666450500488,0.0,0.006907879244557105,0.0
32475,0.13166964054107666,0.9476666450500488,0.0,0.00690128815421849,0.0
32500,0.13166844844818115,0.9476666450500488,0.0,0.006906785298177077,0.0
32525,0.13166725635528564,0.9477083086967468,0.0,0.0069075934386922085,0.0
32550,0.13166606426239014,0.9477083086967468,0.0,0.006904178169748061,0.0
32575,0.13166487216949463,0.9477083086967468,0.0,0.0069020767433774464,0.0
32600,0.13166368007659912,0.9477083086967468,0.0,0.0069012812732879986,0.0
32625,0.13166247308254242,0.9477083086967468,0.0,0.006921453881395197,0.0
32650,0.1316612809896469,0.9477083086967468,0.0,0.006920422910445821,0.0
32675,0.1316600888967514,0.9477083086967468,0.0,0.006920728007763829,0.0
32700,0.1316588968038559,0.9477083086967468,0.0,0.0069253959901155815,0.0
32725,0.1316576898097992,0.9477916359901428,0.0,0.006917636852258114,0.0
32750,0.1316564977169037,0.9477916359901428,0.0,0.006920115331711881,0.0
32775,0.13165530562400818,0.9477916359901428,0.0,0.006926698170622321,0.0
32800,0.13165409862995148,0.9477916359901428,0.0,0.006923429954408989,0.0
32825,0.13165290653705597,0.9477499723434448,0.0,0.0069299967459561206,0.0
32850,0.13165169954299927,0.9477499723434448,0.0,0.006926474407455494,0.0
32875,0.13165050745010376,0.9477916359901428,0.0,0.006931433191912978,0.0
32900,0.13164930045604706,0.9477916359901428,0.0,0.00691813454309252,0.0
32925,0.13164810836315155,0.9477916359901428,0.0,0.00691748387766862,0.0
32950,0.13164691627025604,0.9477916359901428,0.0,0.006907682795320024,0.0
32975,0.13164570927619934,0.9477916359901428,0.0,0.00695775140583524,0.0
33000,0.13164450228214264,0.9477916359901428,0.0,0.00695342752196462,0.0
33025,0.13164329528808594,0.9477916359901428,0.0,0.006948626100145626,0.0
33050,0.13164208829402924,0.9477916359901428,0.0,0.006924896787461462,0.0
33075,0.13164089620113373,0.9477916359901428,0.0,0.00692849826380604,0.0
33100,0.13163968920707703,0.9477916359901428,0.0,0.006924962889203511,0.0
33125,0.13163848221302032,0.9477916359901428,0.0,0.006919933466817942,0.0
33150,0.131637305021286,0.9477916359901428,0.0,0.006921816491429974,0.0
33175,0.1316361129283905,0.9477916359901428,0.0,0.006912636001568943,0.0
33200,0.131634920835495,0.9477916359901428,0.0,0.006892176352369592,0.0
33225,0.1316337287425995,0.9477916359901428,0.0,0.00687906324833358,0.0
33250,0.13163255155086517,0.9477916359901428,0.0,0.006884631886927423,0.0
33275,0.13163135945796967,0.9477916359901428,0.0,0.0068750377510668325,0.0
33300,0.13163018226623535,0.9478332996368408,0.0,0.006897414254460697,0.0
33325,0.13162899017333984,0.9478332996368408,0.0,0.006900616549561205,0.0
33350,0.13162779808044434,0.9478332996368408,0.0,0.006898024656501339,0.0
33375,0.13162662088871002,0.9478332996368408,0.0,0.006897786860969997,0.0
33400,0.13162542879581451,0.9478332996368408,0.0,0.006886381764111702,0.0
33425,0.131624236702919,0.9477916359901428,0.0,0.006874348395577579,0.0
33450,0.1316230595111847,0.9477916359901428,0.0,0.006868017503266145,0.0
33475,0.13162188231945038,0.9477916359901428,0.0,0.006873844830045076,0.0
33500,0.13162069022655487,0.9477916359901428,0.0,0.006868907530085961,0.0
33525,0.13161952793598175,0.9477916359901428,0.0,0.006855161476016716,0.0
33550,0.13161835074424744,0.9477916359901428,0.0,0.0068439652836041875,0.0
33575,0.13161717355251312,0.9477916359901428,0.0,0.006844933924362075,0.0
33600,0.13161601126194,0.9477916359901428,0.0,0.006839165163892941,0.0
33625,0.1316148340702057,0.9477916359901428,0.0,0.006836901963040113,0.0
33650,0.13161367177963257,0.9478332996368408,0.0,0.00686400996910512,0.0
33675,0.13161247968673706,0.9478332996368408,0.0,0.006862439803048715,0.0
33700,0.13161130249500275,0.9478332996368408,0.0,0.00685974864302117,0.0
33725,0.13161014020442963,0.9478332996368408,0.0,0.006843779334106979,0.0
33750,0.1316089779138565,0.9478332996368408,0.0,0.006835396364346379,0.0
33775,0.1316078007221222,0.9478332996368408,0.0,0.006837170893666962,0.0
33800,0.13160663843154907,0.9478332996368408,0.0,0.006834512718708691,0.0
33825,0.13160547614097595,0.9478332996368408,0.0,0.006834662154714427,0.0
33850,0.13160431385040283,0.9478332996368408,0.0,0.006830570565037822,0.0
33875,0.13160313665866852,0.9478332996368408,0.0,0.006828677126153897,0.0
33900,0.1316019743680954,0.9478332996368408,0.0,0.006856437720574156,0.0
33925,0.13160079717636108,0.9478332996368408,0.0,0.006868933364456366,0.0
33950,0.13159961998462677,0.9478332996368408,0.0,0.006854100092722152,0.0
33975,0.13159844279289246,0.9478332996368408,0.0,0.006858789280643192,0.0
34000,0.13159726560115814,0.9478332996368408,0.0,0.006859612843248239,0.0
34025,0.13159610331058502,0.9478332996368408,0.0,0.006848015124988108,0.0
34050,0.1315949261188507,0.9478332996368408,0.0,0.006838985624784829,0.0
34075,0.1315937638282776,0.9478332996368408,0.0,0.006825823973999415,0.0
34100,0.13159260153770447,0.9478749632835388,0.0,0.006811335096715873,0.0
34125,0.13159142434597015,0.9478749632835388,0.0,0.006829817336496297,0.0
34150,0.13159027695655823,0.9478749632835388,0.0,0.006841567066054615,0.0
34175,0.1315891146659851,0.9478749632835388,0.0,0.006839298285274178,0.0
34200,0.1315879225730896,0.9478749632835388,0.0,0.006847528585971336,0.0
34225,0.13158677518367767,0.9478749632835388,0.0,0.006829001976263863,0.0
34250,0.13158561289310455,0.9478749632835388,0.0,0.006812281588021433,0.0
34275,0.13158445060253143,0.9478749632835388,0.0,0.006809013720578227,0.0
34300,0.1315832883119583,0.9478749632835388,0.0,0.00680470406852226,0.0
34325,0.1315821260213852,0.9478749632835388,0.0,0.006803600524934445,0.0
34350,0.13158097863197327,0.9478749632835388,0.0,0.0068025657647358415,0.0
34375,0.13157983124256134,0.9478749632835388,0.0,0.006776880398080682,0.0
34400,0.13157868385314941,0.9478749632835388,0.0,0.0067669304012608535,0.0
34425,0.1315775364637375,0.9478749632835388,0.0,0.006753936181936636,0.0
34450,0.13157640397548676,0.9478749632835388,0.0,0.006747199246395496,0.0
34475,0.13157525658607483,0.9478749632835388,0.0,0.006750846636598417,0.0
34500,0.1315741240978241,0.9478749632835388,0.0,0.006748157364526758,0.0
34525,0.13157299160957336,0.9478749632835388,0.0,0.0067507753828601105,0.0
34550,0.13157184422016144,0.9478749632835388,0.0,0.0067547869705489715,0.0
34575,0.1315706968307495,0.9478749632835388,0.0,0.006779266876911765,0.0
34600,0.13156954944133759,0.9478749632835388,0.0,0.006778934476110842,0.0
34625,0.13156840205192566,0.9478749632835388,0.0,0.00677823063149673,0.0
34650,0.13156725466251373,0.9478749632835388,0.0,0.006778300107153732,0.0
34675,0.1315661072731018,0.9478749632835388,0.0,0.006776375326710796,0.0
34700,0.13156497478485107,0.9478749632835388,0.0,0.006767650844049325,0.0
34725,0.13156382739543915,0.9478749632835388,0.0,0.006765304807020677,0.0
34750,0.13156268000602722,0.9478749632835388,0.0,0.006763269565655066,0.0
34775,0.1315615475177765,0.9478749632835388,0.0,0.0067689289588897805,0.0
34800,0.13156038522720337,0.9478749632835388,0.0,0.006764001906636477,0.0
34825,0.13155923783779144,0.9478749632835388,0.0,0.006774830650741821,0.0
34850,0.13155809044837952,0.9478749632835388,0.0,0.006766761466374236,0.0
34875,0.13155695796012878,0.9478749632835388,0.0,0.006782576388054094,0.0
34900,0.13155581057071686,0.9478749632835388,0.0,0.006787835698403471,0.0
34925,0.13155464828014374,0.9478749632835388,0.0,0.006794371262536985,0.0
34950,0.13155348598957062,0.9478749632835388,0.0,0.006799426657022475,0.0
34975,0.13155235350131989,0.9478749632835388,0.0,0.006791981290439802,0.0
35000,0.13155117630958557,0.9478749632835388,0.0,0.006815458920984388,0.0
35025,0.13155002892017365,0.9478332996368408,0.0,0.006783465326785411,0.0
35050,0.13154888153076172,0.9478332996368408,0.0,0.006776333436090599,0.0
35075,0.1315477341413498,0.9478332996368408,0.0,0.0067834800235153795,0.0
35100,0.13154657185077667,0.9478332996368408,0.0,0.006778558112257236,0.0
35125,0.13154542446136475,0.9478332996368408,0.0,0.006753471891632606,0.0
35150,0.131544291973114,0.9478332996368408,0.0,0.006740173930042378,0.0
35175,0.13154315948486328,0.9477916359901428,0.0,0.006736758308287556,0.0
35200,0.13154202699661255,0.9477916359901428,0.0,0.006732745228017887,0.0
35225,0.13154089450836182,0.9477916359901428,0.0,0.006738474493831171,0.0
35250,0.13153976202011108,0.9478332996368408,0.0,0.006734313694358558,0.0
35275,0.13153862953186035,0.9478332996368408,0.0,0.006721810281414221,0.0
35300,0.13153749704360962,0.9478332996368408,0.0,0.006720485038963323,0.0
35325,0.1315363496541977,0.9478332996368408,0.0,0.006762006629346357,0.0
35350,0.13153521716594696,0.9478332996368408,0.0,0.006788279977736144,0.0
35375,0.13153406977653503,0.9477916359901428,0.0,0.006782619079059415,0.0
35400,0.1315329223871231,0.9477916359901428,0.0,0.00677484320204931,0.0
35425,0.13153177499771118,0.9477499723434448,0.0,0.0067781411727967965,0.0
35450,0.13153061270713806,0.9477499723434448,0.0,0.0067727466485004275,0.0
35475,0.13152948021888733,0.9477499723434448,0.0,0.006751594903059994,0.0
35500,0.1315283328294754,0.9477499723434448,0.0,0.006748714555190961,0.0
35525,0.13152720034122467,0.9477499723434448,0.0,0.006752027679200913,0.0
35550,0.13152606785297394,0.9477499723434448,0.0,0.006749572740302685,0.0
35575,0.131524920463562,0.9477499723434448,0.0,0.006748606682807594,0.0
35600,0.13152378797531128,0.9477499723434448,0.0,0.006747515083386953,0.0
35625,0.13152264058589935,0.9477499723434448,0.0,0.006750324205165151,0.0
35650,0.13152150809764862,0.9477499723434448,0.0,0.006748904299699891,0.0
35675,0.13152039051055908,0.9477499723434448,0.0,0.006736882240053682,0.0
35700,0.13151924312114716,0.9477499723434448,0.0,0.006739362939710409,0.0
35725,0.13151811063289642,0.9477499723434448,0.0,0.006736564039242701,0.0
35750,0.1315169781446457,0.9477499723434448,0.0,0.006720227764013549,0.0
35775,0.13151584565639496,0.9477499723434448,0.0,0.006707777614264205,0.0
35800,0.13151472806930542,0.9477499723434448,0.0,0.006702819162264551,0.0
35825,0.1315135955810547,0.9477499723434448,0.0,0.006707552884258429,0.0
35850,0.13151247799396515,0.9477499723434448,0.0,0.006689872244139011,0.0
35875,0.1315113604068756,0.9477499723434448,0.0,0.006685831744319892,0.0
35900,0.13151025772094727,0.9477499723434448,0.0,0.006699998272582355,0.0
35925,0.13150914013385773,0.9477499723434448,0.0,0.006691349947631096,0.0
35950,0.131508007645607,0.9477499723434448,0.0,0.006689612032455321,0.0
35975,0.13150689005851746,0.9477499723434448,0.0,0.006685529343008388,0.0
36000,0.13150577247142792,0.9477499723434448,0.0,0.006680620151125652,0.0
36025,0.13150465488433838,0.9477083086967468,0.0,0.006680320111243286,0.0
36050,0.13150355219841003,0.9477083086967468,0.0,0.0066750011431896085,0.0
36075,0.1315024346113205,0.9477083086967468,0.0,0.006679488394081274,0.0
36100,0.13150131702423096,0.9477083086967468,0.0,0.006675184674150688,0.0
36125,0.1315002143383026,0.9477083086967468,0.0,0.006674735215454369,0.0
36150,0.13149909675121307,0.9477083086967468,0.0,0.006672652841645087,0.0
36175,0.13149797916412354,0.9477083086967468,0.0,0.006670967187098653,0.0
36200,0.131496861577034,0.9477083086967468,0.0,0.006681162076599716,0.0
36225,0.13149574398994446,0.9477083086967468,0.0,0.006680725393526992,0.0
36250,0.1314946413040161,0.9477083086967468,0.0,0.006677601845571052,0.0
36275,0.13149352371692657,0.9477083086967468,0.0,0.006679800797133407,0.0
36300,0.13149240612983704,0.9477083086967468,0.0,0.006674982809486271,0.0
36325,0.1314913034439087,0.9477083086967468,0.0,0.0066732224441658035,0.0
36350,0.13149018585681915,0.9477083086967468,0.0,0.006674740980525565,0.0
36375,0.13148906826972961,0.9477083086967468,0.0,0.006679597497352985,0.0
36400,0.13148795068264008,0.9477083086967468,0.0,0.006681184631063733,0.0
36425,0.13148683309555054,0.9477083086967468,0.0,0.006689845063749162,0.0
36450,0.1314857304096222,0.9477083086967468,0.0,0.006671654113687623,0.0
36475,0.13148461282253265,0.9477083086967468,0.0,0.006670450977840423,0.0
36500,0.13148349523544312,0.9477083086967468,0.0,0.006678397115923647,0.0
36525,0.13148237764835358,0.9477083086967468,0.0,0.0066828976621008266,0.0
36550,0.13148127496242523,0.9477083086967468,0.0,0.00667621485885989,0.0
36575,0.1314801573753357,0.9477083086967468,0.0,0.006652960102346056,0.0
36600,0.13147905468940735,0.9476666450500488,0.0,0.006667340548079137,0.0
36625,0.131477952003479,0.9476249814033508,0.0,0.006664165832182963,0.0
36650,0.13147681951522827,0.9476249814033508,0.0,0.006666760419822271,0.0
36675,0.13147571682929993,0.9476249814033508,0.0,0.0066633221858421595,0.0
36700,0.13147461414337158,0.9476249814033508,0.0,0.006654719245131621,0.0
36725,0.13147351145744324,0.9476249814033508,0.0,0.006645475191277553,0.0
36750,0.1314724087715149,0.9476249814033508,0.0,0.006645252997363595,0.0
36775,0.13147129118442535,0.9476249814033508,0.0,0.006642840951802556,0.0
36800,0.131470188498497,0.9476249814033508,0.0,0.006638592398563777,0.0
36825,0.13146910071372986,0.9476249814033508,0.0,0.0066369056110978574,0.0
36850,0.1314679980278015,0.9476249814033508,0.0,0.006635103573659386,0.0
36875,0.13146689534187317,0.9476249814033508,0.0,0.006630047243394962,0.0
36900,0.13146579265594482,0.9476249814033508,0.0,0.0066373204569169465,0.0
36925,0.13146470487117767,0.9476249814033508,0.0,0.006638060313576485,0.0
36950,0.13146358728408813,0.9476249814033508,0.0,0.006638360202048222,0.0
36975,0.13146249949932098,0.9476249814033508,0.0,0.006646075897570471,0.0
37000,0.13146138191223145,0.9476249814033508,0.0,0.006639177815991043,0.0
37025,0.1314602792263031,0.9476249814033508,0.0,0.006637947821207801,0.0
37050,0.13145919144153595,0.9476249814033508,0.0,0.006635166113758544,0.0
37075,0.1314580887556076,0.9476249814033508,0.0,0.006629105760958718,0.0
37100,0.13145698606967926,0.9476249814033508,0.0,0.006627835022897153,0.0
37125,0.13145588338375092,0.9476249814033508,0.0,0.006628062370026677,0.0
37150,0.13145479559898376,0.9476249814033508,0.0,0.006646933514047147,0.0
37175,0.13145369291305542,0.9476249814033508,0.0,0.006640901810345977,0.0
37200,0.13145259022712708,0.9476249814033508,0.0,0.006644011095196407,0.0
37225,0.13145147264003754,0.9476249814033508,0.0,0.006635209750573422,0.0
37250,0.1314503699541092,0.9476249814033508,0.0,0.006630528102962384,0.0
37275,0.13144928216934204,0.9476249814033508,0.0,0.006631261833579441,0.0
37300,0.1314481794834137,0.9476249814033508,0.0,0.0066286945515406205,0.0
37325,0.13144707679748535,0.9476249814033508,0.0,0.006618723626253799,0.0
37350,0.1314460039138794,0.9476249814033508,0.0,0.006628288031360415,0.0
37375,0.13144490122795105,0.9476249814033508,0.0,0.006627065535335863,0.0
37400,0.1314437985420227,0.9476249814033508,0.0,0.006633110543008623,0.0
37425,0.13144269585609436,0.9475833177566528,0.0,0.006633916527863804,0.0
37450,0.13144159317016602,0.9475833177566528,0.0,0.006631597272434674,0.0
37475,0.13144050538539886,0.9475833177566528,0.0,0.006603783819413032,0.0
37500,0.1314394176006317,0.9475833177566528,0.0,0.006604369899897692,0.0
37525,0.13143832981586456,0.9475833177566528,0.0,0.0066030896864256545,0.0
37550,0.13143722712993622,0.9475833177566528,0.0,0.006637532549096111,0.0
37575,0.13143613934516907,0.9475833177566528,0.0,0.006636495556449289,0.0
37600,0.13143503665924072,0.9475833177566528,0.0,0.006617297553568779,0.0
37625,0.13143393397331238,0.9475833177566528,0.0,0.006622762369880918,0.0
37650,0.13143284618854523,0.9475833177566528,0.0,0.00662055991302468,0.0
37675,0.13143175840377808,0.9475833177566528,0.0,0.006615011420544639,0.0
37700,0.13143065571784973,0.9475833177566528,0.0,0.006619223260019737,0.0
37725,0.13142956793308258,0.9475833177566528,0.0,0.006614558423960262,0.0
37750,0.13142846524715424,0.9475833177566528,0.0,0.00660955372375054,0.0
37775,0.13142737746238708,0.9475833177566528,0.0,0.00660415679880905,0.0
37800,0.13142628967761993,0.9475833177566528,0.0,0.006620954948675107,0.0
37825,0.1314251869916916,0.9475833177566528,0.0,0.006616817539792541,0.0
37850,0.13142408430576324,0.9475833177566528,0.0,0.006614654807404737,0.0
37875,0.1314229965209961,0.9475833177566528,0.0,0.0066083600356460865,0.0
37900,0.13142190873622894,0.9475833177566528,0.0,0.00660852111252081,0.0
37925,0.1314208209514618,0.9475833177566528,0.0,0.006605150145656736,0.0
37950,0.13141973316669464,0.9475833177566528,0.0,0.006606423660573145,0.0
37975,0.1314186453819275,0.9475833177566528,0.0,0.006605049754736671,0.0
38000,0.13141754269599915,0.9475833177566528,0.0,0.006609031517185602,0.0
38025,0.131416454911232,0.9475833177566528,0.0,0.006615357697586281,0.0
38050,0.13141536712646484,0.9475833177566528,0.0,0.006621078005574706,0.0
38075,0.1314142644405365,0.9475833177566528,0.0,0.0066083933290487125,0.0
38100,0.13141316175460815,0.9475833177566528,0.0,0.006626835670311833,0.0
38125,0.131412073969841,0.9475833177566528,0.0,0.006603432679082313,0.0
38150,0.13141098618507385,0.9475833177566528,0.0,0.00659696302454047,0.0
38175,0.1314098834991455,0.9475416541099548,0.0,0.006615903184492747,0.0
38200,0.13140879571437836,0.9475416541099548,0.0,0.006613606280591177,0.0
38225,0.1314077079296112,0.9475416541099548,0.0,0.006592384084455317,0.0
38250,0.13140662014484406,0.9475416541099548,0.0,0.006576930063270485,0.0
38275,0.1314055323600769,0.9475416541099548,0.0,0.006581941375377708,0.0
38300,0.13140445947647095,0.9475416541099548,0.0,0.006578992467076372,0.0
38325,0.131403386592865,0.9475416541099548,0.0,0.0065879809375608556,0.0
38350,0.13140229880809784,0.9475416541099548,0.0,0.006588034908898914,0.0
38375,0.1314011961221695,0.9475416541099548,0.0,0.006586119930224076,0.0
38400,0.13140012323856354,0.9475416541099548,0.0,0.006581362433056519,0.0
38425,0.1313990354537964,0.9475416541099548,0.0,0.006580390307241859,0.0
38450,0.13139796257019043,0.9475416541099548,0.0,0.006579425570700749,0.0
38475,0.13139687478542328,0.9475416541099548,0.0,0.006576470423471422,0.0
38500,0.13139580190181732,0.9475416541099548,0.0,0.006581256669886811,0.0
38525,0.13139471411705017,0.9475416541099548,0.0,0.00658555872182922,0.0
38550,0.1313936412334442,0.9475416541099548,0.0,0.006584468387381737,0.0
38575,0.13139253854751587,0.9475416541099548,0.0,0.006582229083531005,0.0
38600,0.13139145076274872,0.9475416541099548,0.0,0.006584652884075346,0.0
38625,0.13139037787914276,0.9475416541099548,0.0,0.006586884515496404,0.0
38650,0.1313893049955368,0.9474999904632568,0.0,0.006592660774478163,0.0
38675,0.13138821721076965,0.9474999904632568,0.0,0.0065925661860746654,0.0
38700,0.1313871294260025,0.9474999904632568,0.0,0.006566080549114137,0.0
38725,0.13138604164123535,0.9474999904632568,0.0,0.006566794826649811,0.0
38750,0.1313849687576294,0.9474999904632568,0.0,0.006566919088155751,0.0
38775,0.13138389587402344,0.9474999904632568,0.0,0.006560635578393247,0.0
38800,0.1313828080892563,0.9474999904632568,0.0,0.006546441116548671,0.0
38825,0.13138173520565033,0.9474999904632568,0.0,0.0065687868452530525,0.0
38850,0.13138066232204437,0.9474999904632568,0.0,0.006571116289030108,0.0
38875,0.13137958943843842,0.9474999904632568,0.0,0.006557611758685956,0.0
38900,0.13137851655483246,0.9474999904632568,0.0,0.0065482709521213385,0.0
38925,0.1313774436712265,0.9474999904632568,0.0,0.006551432483371956,0.0
38950,0.13137635588645935,0.9474999904632568,0.0,0.006548501129121628,0.0
38975,0.1313752979040146,0.9474999904632568,0.0,0.006546528765590012,0.0
39000,0.13137422502040863,0.9474999904632568,0.0,0.0065435429398892735,0.0
39025,0.13137315213680267,0.9474999904632568,0.0,0.006545727435095737,0.0
39050,0.1313720941543579,0.9474999904632568,0.0,0.006543077976021149,0.0
39075,0.13137100636959076,0.9474999904632568,0.0,0.006542315150491785,0.0
39100,0.131369948387146,0.9474999904632568,0.0,0.006531616024066886,0.0
39125,0.13136887550354004,0.9474999904632568,0.0,0.0065273385575721245,0.0
39150,0.13136781752109528,0.9474999904632568,0.0,0.0065240468363300975,0.0
39175,0.13136674463748932,0.9474999904632568,0.0,0.006520986568007353,0.0
39200,0.13136568665504456,0.9474999904632568,0.0,0.006526455506432173,0.0
39225,0.1313646286725998,0.9475416541099548,0.0,0.006525548840086336,0.0
39250,0.13136355578899384,0.9475416541099548,0.0,0.006526687652313917,0.0
39275,0.13136248290538788,0.9475416541099548,0.0,0.006522171291806812,0.0
39300,0.13136142492294312,0.9475416541099548,0.0,0.006530875120239853,0.0
39325,0.13136036694049835,0.9475416541099548,0.0,0.006533122764282094,0.0
39350,0.1313592940568924,0.9475416541099548,0.0,0.006522532018240717,0.0
39375,0.13135823607444763,0.9475416541099548,0.0,0.006524869068546449,0.0
39400,0.13135717809200287,0.9475416541099548,0.0,0.006525118385971835,0.0
39425,0.1313561052083969,0.9475416541099548,0.0,0.006528317637797646,0.0
39450,0.13135504722595215,0.9475416541099548,0.0,0.006551514499047761,0.0
39475,0.131353959441185,0.9475416541099548,0.0,0.006550456946788663,0.0
39500,0.13135288655757904,0.9475416541099548,0.0,0.006549443583089876,0.0
39525,0.13135181367397308,0.9475416541099548,0.0,0.006579696194126598,0.0
39550,0.13135074079036713,0.9475416541099548,0.0,0.006567148456621648,0.0
39575,0.13134965300559998,0.9475416541099548,0.0,0.006566141668953925,0.0
39600,0.1313485950231552,0.9475416541099548,0.0,0.006557869067736938,0.0
39625,0.13134750723838806,0.9475416541099548,0.0,0.006570233250862006,0.0
39650,0.1313464194536209,0.9475416541099548,0.0,0.006566933123328822,0.0
39675,0.13134536147117615,0.9475416541099548,0.0,0.006568964424556141,0.0
39700,0.131344273686409,0.9475416541099548,0.0,0.006569242105404728,0.0
39725,0.13134320080280304,0.9475833177566528,0.0,0.006566958814947622,0.0
39750,0.1313421130180359,0.9475833177566528,0.0,0.0065844790320422585,0.0
39775,0.13134102523326874,0.9475833177566528,0.0,0.0065897046438649996,0.0
39800,0.1313399374485016,0.9475833177566528,0.0,0.006585951741307765,0.0
39825,0.13133886456489563,0.9475833177566528,0.0,0.0065854883747432,0.0
39850,0.13133776187896729,0.9476249814033508,0.0,0.006584118190553882,0.0
39875,0.13133668899536133,0.9476249814033508,0.0,0.0065795267425831135,0.0
39900,0.13133561611175537,0.9476249814033508,0.0,0.006574232991212235,0.0
39925,0.13133452832698822,0.9476249814033508,0.0,0.006555095195366247,0.0
39950,0.13133345544338226,0.9476249814033508,0.0,0.006554910676178213,0.0
39975,0.1313323825597763,0.9476249814033508,0.0,0.006560167736041689,0.0
