step,loss,acc_train,gnorm_theta,gnorm_phi,disp
0,0.7312249541282654,0.46791666746139526,2.5227580070495605,1.9064564901386607,0.0
25,0.5457535982131958,0.8007083535194397,1.8452860116958618,1.4140283118511587,0.015642961487174034
50,0.439028799533844,0.8889999985694885,1.428285837173462,1.135970489455703,0.027358433231711388
75,0.37055322527885437,0.9143333435058594,1.150856375694275,0.9515653076477509,0.03656125068664551
100,0.32340896129608154,0.9256666302680969,0.955450713634491,0.8167352095333033,0.044046707451343536
125,0.2893293499946594,0.9305832982063293,0.8116835355758667,0.7131550017835542,0.050295088440179825
150,0.26374566555023193,0.9340000152587891,0.7022579908370972,0.6309283380943618,0.05562135577201843
175,0.24395711719989777,0.9362083077430725,0.6165699362754822,0.5643156159732274,0.06023935601115227
200,0.2282842993736267,0.9371249675750732,0.5479047298431396,0.5093875560388148,0.06429632753133774
225,0.2156202346086502,0.9388750195503235,0.4916034936904907,0.46341535075635143,0.06790059804916382
250,0.2052074521780014,0.9403333067893982,0.44503098726272583,0.42446299454040437,0.07113485783338547
275,0.1965240091085434,0.9410416483879089,0.40589144825935364,0.39098118721464403,0.07405945658683777
300,0.18919655680656433,0.9419999718666077,0.3721007704734802,0.3619507344920456,0.07672150433063507
325,0.18294721841812134,0.9425416588783264,0.34329092502593994,0.3365113871360376,0.07915952801704407
350,0.1775672733783722,0.9430833458900452,0.31809988617897034,0.31405748799590943,0.0814051702618599
375,0.17290014028549194,0.9438333511352539,0.29566776752471924,0.2940435910678903,0.0834818035364151
400,0.16882507503032684,0.9442499876022339,0.27585604786872864,0.27611133850397723,0.08540894091129303
425,0.1652439832687378,0.9444583058357239,0.2582789957523346,0.25989784223990625,0.08720481395721436
450,0.16208001971244812,0.9445416331291199,0.24255520105361938,0.24523053411240123,0.08888303488492966
475,0.15927131474018097,0.9448750019073486,0.22799357771873474,0.23182833202075354,0.09045591950416565
500,0.15676967799663544,0.9452499747276306,0.21499276161193848,0.21956729056602878,0.09193293750286102
525,0.1545325070619583,0.9453749656677246,0.2030676156282425,0.20829418898042779,0.09332350641489029
550,0.15252508223056793,0.9455416798591614,0.19202731549739838,0.19786357539741295,0.0946350246667862
575,0.15071862936019897,0.9459999799728394,0.18198822438716888,0.18819675551933557,0.09587415307760239
600,0.14908751845359802,0.9460416436195374,0.17268824577331543,0.17920959337314188,0.09704774618148804
625,0.14761203527450562,0.9463750123977661,0.1640169322490692,0.17080791029828063,0.09816064685583115
650,0.1462751179933548,0.9467499852180481,0.15579862892627716,0.16295591532502882,0.09921697527170181
675,0.14506225287914276,0.9469583034515381,0.14835895597934723,0.1556327866448008,0.10022050142288208
700,0.14395767450332642,0.9472500085830688,0.14132803678512573,0.14877125852472536,0.10117591917514801
725,0.14295151829719543,0.9474166631698608,0.13473989069461823,0.14226480910936812,0.10208580642938614
750,0.14203287661075592,0.9475833177566528,0.12865740060806274,0.13616254762362273,0.10295411199331284
775,0.14119279384613037,0.9477916359901428,0.12291450053453445,0.13044893711043828,0.10378296673297882
800,0.1404232382774353,0.9479166269302368,0.11743141710758209,0.12503234491728427,0.10457519441843033
825,0.1397174596786499,0.9481250047683716,0.11244000494480133,0.11995831214908691,0.10533251613378525
850,0.1390691101551056,0.9482499957084656,0.10762345790863037,0.11509101756728393,0.10605736076831818
875,0.13847336173057556,0.9483333230018616,0.10303407907485962,0.110494919126539,0.1067512035369873
900,0.1379256248474121,0.9484999775886536,0.09862536191940308,0.10614222123520493,0.10741546750068665
925,0.1374213546514511,0.9485416412353516,0.09453200548887253,0.10201743436425861,0.10805221647024155
950,0.1369563639163971,0.9484999775886536,0.09073527157306671,0.09811664049496,0.10866279900074005
975,0.13652671873569489,0.9483749866485596,0.08717633038759232,0.09443114144063793,0.10924908518791199
1000,0.136129230260849,0.9485833048820496,0.08369220793247223,0.09090866383448318,0.10981223732233047
1025,0.13576173782348633,0.9486249685287476,0.08033955097198486,0.08754077993742844,0.11035289615392685
1050,0.13542170822620392,0.9487500190734863,0.07719951868057251,0.08433945755753686,0.11087200045585632
1075,0.13510693609714508,0.9487082958221436,0.07412441819906235,0.08129805241580326,0.11137059330940247
1100,0.13481512665748596,0.9487500190734863,0.07130932807922363,0.07841052003105058,0.11184974759817123
1125,0.13454413414001465,0.9487916827201843,0.06868208944797516,0.07567455780304339,0.11231052875518799
1150,0.13429223001003265,0.9488750100135803,0.06606943905353546,0.07303680363881393,0.11275414377450943
1175,0.13405802845954895,0.9490000009536743,0.06363121420145035,0.07053488617437369,0.11318104714155197
1200,0.13384000957012177,0.9488750100135803,0.061365604400634766,0.06819104535167908,0.11359189450740814
1225,0.13363677263259888,0.9488750100135803,0.05912303552031517,0.0659267703361254,0.11398735642433167
1250,0.13344722986221313,0.9489583373069763,0.05704903602600098,0.06377407350368271,0.11436829715967178
1275,0.13327017426490784,0.9490000009536743,0.055024631321430206,0.0617165970561649,0.11473538726568222
1300,0.1331045776605606,0.9490000009536743,0.05322662740945816,0.05977262403820007,0.11508944630622864
1325,0.1329493671655655,0.9490416646003723,0.05145726725459099,0.05794196748436713,0.11543124169111252
1350,0.1328040063381195,0.9490833282470703,0.049704503268003464,0.05614643471588989,0.11576085537672043
1375,0.13266772031784058,0.9490833282470703,0.048086777329444885,0.054461305359783455,0.11607883125543594
1400,0.13253964483737946,0.9491249918937683,0.046567972749471664,0.052863545561644534,0.11638573557138443
1425,0.13241919875144958,0.9491249918937683,0.04508233070373535,0.05132900982536254,0.11668206006288528
1450,0.1323060840368271,0.9491249918937683,0.043603476136922836,0.04982796051388656,0.11696791648864746
1475,0.13219960033893585,0.9490833282470703,0.04224790632724762,0.048419311030383834,0.1172439232468605
1500,0.1320992261171341,0.9490833282470703,0.04102623835206032,0.04709434233551489,0.11751057207584381
1525,0.13200441002845764,0.9491249918937683,0.03977490961551666,0.04580818519356595,0.11776851862668991
1550,0.13191483914852142,0.9491249918937683,0.03864225745201111,0.04460370857750172,0.11801791191101074
1575,0.1318301409482956,0.9491249918937683,0.037530746310949326,0.043417347436620554,0.11825884133577347
1600,0.13175000250339508,0.9489166736602783,0.036424633115530014,0.0422886304290904,0.1184915229678154
1625,0.13167418539524078,0.9489583373069763,0.03535845875740051,0.041209369585697896,0.1187162697315216
1650,0.13160228729248047,0.9490833282470703,0.034426234662532806,0.04020197413953808,0.11893382668495178
1675,0.13153399527072906,0.9491666555404663,0.03348616883158684,0.03922248019606715,0.11914445459842682
1700,0.13146911561489105,0.9491666555404663,0.03263873606920242,0.03828516510408447,0.11934841424226761
1725,0.13140736520290375,0.9492916464805603,0.03180349990725517,0.037375327439709456,0.11954604089260101
1750,0.13134856522083282,0.9492916464805603,0.031009363010525703,0.0364911672397242,0.11973755806684494
1775,0.13129253685474396,0.9493749737739563,0.030253341421484947,0.035681758841479345,0.11992301791906357
1800,0.13123907148838043,0.9493333101272583,0.029514646157622337,0.034903318303456846,0.1201026439666748
1825,0.13118791580200195,0.9493749737739563,0.02887822687625885,0.0341703170564119,0.12027665972709656
1850,0.13113895058631897,0.9493333101272583,0.028212478384375572,0.03346186327714691,0.12044553458690643
1875,0.13109202682971954,0.9492916464805603,0.02760886214673519,0.03277776244387964,0.12060899287462234
1900,0.1310470700263977,0.9493333101272583,0.02697666734457016,0.03213627671464389,0.12076739221811295
1925,0.13100393116474152,0.9492499828338623,0.026409044861793518,0.03151291448150477,0.12092094868421555
1950,0.13096240162849426,0.9492083191871643,0.025910738855600357,0.030923145739816436,0.12107010930776596
1975,0.13092251121997833,0.9492083191871643,0.025348003953695297,0.030355415374725775,0.12121482193470001
2000,0.13088417053222656,0.9492499828338623,0.024805767461657524,0.029801539548541464,0.12135499715805054
2025,0.1308472901582718,0.9492499828338623,0.024264883249998093,0.029256752382114184,0.12149098515510559
2050,0.13081181049346924,0.9492916464805603,0.023806879296898842,0.028757646846450463,0.12162287533283234
2075,0.1307775229215622,0.9492916464805603,0.02338152937591076,0.02831191796418314,0.12175077199935913
2100,0.1307443082332611,0.9493333101272583,0.023001300171017647,0.027895158525335476,0.12187472730875015
2125,0.13071216642856598,0.9493333101272583,0.022534284740686417,0.02744482170553066,0.12199500948190689
2150,0.1306811273097992,0.9493749737739563,0.022159675136208534,0.027030834073530293,0.1221117377281189
2175,0.1306510865688324,0.9494583010673523,0.021747693419456482,0.02660400368189068,0.12222523242235184
2200,0.1306220293045044,0.9494999647140503,0.02138580195605755,0.02621344156646329,0.12233548611402512
2225,0.13059373199939728,0.9494583010673523,0.021169735118746758,0.025880591153641566,0.12244269251823425
2250,0.13056617975234985,0.9494583010673523,0.020821191370487213,0.025511468785510298,0.12254701554775238
2275,0.13053949177265167,0.9494583010673523,0.020455006510019302,0.02515039880119652,0.12264866381883621
2300,0.1305135190486908,0.9494583010673523,0.020177874714136124,0.024860635013882675,0.12274757772684097
2325,0.13048826158046722,0.9494583010673523,0.019861962646245956,0.024532422359182817,0.12284380942583084
2350,0.13046371936798096,0.9494999647140503,0.01951500028371811,0.0242117034339698,0.12293723970651627
2375,0.13043978810310364,0.9494999647140503,0.01927814818918705,0.023957266354224405,0.12302800267934799
2400,0.13041642308235168,0.9495416283607483,0.019037723541259766,0.02368420620208447,0.123116135597229
2425,0.1303936094045639,0.9495416283607483,0.01879415661096573,0.023420404279880545,0.12320199608802795
2450,0.1303713321685791,0.9495416283607483,0.018524859100580215,0.023143800349690023,0.12328565865755081
2475,0.13034959137439728,0.9495416283607483,0.01832873560488224,0.02289764356249252,0.12336686998605728
2500,0.13032834231853485,0.9495416283607483,0.018043899908661842,0.022655104802415987,0.12344581633806229
2525,0.13030757009983063,0.9495833516120911,0.01785675249993801,0.022455938801711754,0.12352272868156433
2550,0.13028723001480103,0.9496250152587891,0.017663197591900826,0.022209164749489328,0.12359780073165894
2575,0.13026730716228485,0.9496666789054871,0.017421118915081024,0.02198978969762828,0.12367121875286102
2600,0.1302478164434433,0.9496666789054871,0.017332520335912704,0.021773337932479653,0.12374291568994522
2625,0.130228653550148,0.9496250152587891,0.017181331291794777,0.02157122956976304,0.12381306290626526
2650,0.1302097886800766,0.9496250152587891,0.0170249305665493,0.02138782247117918,0.1238812804222107
2675,0.13019128143787384,0.9495416283607483,0.016826508566737175,0.021209466484762678,0.12394768744707108
2700,0.13017307221889496,0.9495416283607483,0.01669725961983204,0.021050932908659076,0.12401237338781357
2725,0.13015513122081757,0.9495416283607483,0.01664036512374878,0.020905185294091553,0.12407536059617996
2750,0.13013744354248047,0.9495416283607483,0.016445457935333252,0.02072813987204448,0.12413688004016876
2775,0.13012011349201202,0.9495416283607483,0.016281194984912872,0.020557080912717067,0.12419675290584564
2800,0.13010308146476746,0.9495416283607483,0.01609998755156994,0.02039941781402059,0.1242549940943718
2825,0.13008631765842438,0.9495416283607483,0.01594163477420807,0.0202390303957481,0.12431172281503677
2850,0.1300698220729828,0.9495833516120911,0.015789473429322243,0.020092536474862917,0.1243668869137764
2875,0.13005365431308746,0.9495416283607483,0.01562952622771263,0.019944539296663878,0.12442074716091156
2900,0.13003775477409363,0.9495416283607483,0.015451937913894653,0.019792853396315577,0.12447328865528107
2925,0.1300220787525177,0.9495833516120911,0.01535329781472683,0.019668303045249375,0.12452457845211029
2950,0.13000662624835968,0.9495833516120911,0.015236111357808113,0.01953945573491069,0.12457471340894699
2975,0.1299913376569748,0.9495416283607483,0.015194244682788849,0.019424295026440077,0.1246236264705658
3000,0.12997624278068542,0.9496666789054871,0.01513415202498436,0.019321505594085638,0.1246713399887085
3025,0.12996125221252441,0.9496666789054871,0.01505151204764843,0.019220892881576943,0.1247180700302124
3050,0.12994644045829773,0.9497083425521851,0.014960174448788166,0.019093368987026182,0.12476380914449692
3075,0.12993183732032776,0.9497500061988831,0.01479367446154356,0.018968578265232943,0.1248084083199501
3100,0.1299174726009369,0.9497500061988831,0.014664711430668831,0.018846589718996807,0.12485209852457047
3125,0.12990327179431915,0.9497500061988831,0.014591902494430542,0.018784673721561614,0.12489505112171173
3150,0.12988919019699097,0.9497500061988831,0.014576011337339878,0.018691162924165002,0.12493717670440674
3175,0.12987524271011353,0.9497500061988831,0.014533763751387596,0.018574509979835764,0.12497836351394653
3200,0.12986138463020325,0.9497500061988831,0.014483166858553886,0.018499980925331835,0.12501871585845947
3225,0.1298476755619049,0.9496666789054871,0.014423166401684284,0.018403042489888013,0.1250581443309784
3250,0.12983405590057373,0.9496666789054871,0.014387625269591808,0.018296356545764454,0.12509702146053314
3275,0.1298205405473709,0.9497500061988831,0.01433618739247322,0.018208307699125747,0.12513504922389984
3300,0.12980715930461884,0.9497500061988831,0.014274613931775093,0.018148873326273015,0.12517251074314117
3325,0.12979386746883392,0.9497500061988831,0.014238432049751282,0.018063766394860778,0.12520933151245117
3350,0.12978072464466095,0.9497500061988831,0.01414315216243267,0.0179428655191686,0.1252453327178955
3375,0.1297677457332611,0.9497500061988831,0.014094711281359196,0.017857190736466005,0.12528055906295776
3400,0.12975484132766724,0.9497500061988831,0.014002989046275616,0.017813235592620793,0.12531504034996033
3425,0.1297421008348465,0.9497500061988831,0.013892622664570808,0.017718897354439427,0.1253490447998047
3450,0.1297294944524765,0.9497083425521851,0.013827523216605186,0.017627905837757786,0.12538237869739532
3475,0.12971702218055725,0.9497083425521851,0.013711648061871529,0.0175380463143541,0.12541507184505463
3500,0.12970468401908875,0.949791669845581,0.013640053570270538,0.017472846182538658,0.12544724345207214
3525,0.1296924650669098,0.949791669845581,0.013538185507059097,0.01739730623176908,0.12547889351844788
3550,0.1296803504228592,0.949791669845581,0.013466286472976208,0.017334660199202857,0.12550997734069824
3575,0.12966835498809814,0.949791669845581,0.013463959097862244,0.017290050880706835,0.12554031610488892
3600,0.1296563744544983,0.949791669845581,0.013463640585541725,0.017236515116942523,0.125570148229599
3625,0.1296444833278656,0.949791669845581,0.013307042419910431,0.017141195076306376,0.12559927999973297
3650,0.12963275611400604,0.949791669845581,0.0132218636572361,0.01710042661251443,0.12562794983386993
3675,0.12962108850479126,0.949791669845581,0.013177460990846157,0.0170317025137002,0.12565620243549347
3700,0.12960951030254364,0.9497500061988831,0.013136781752109528,0.0169692781257542,0.12568429112434387
3725,0.12959803640842438,0.9497500061988831,0.013119262643158436,0.016911787896740867,0.12571191787719727
3750,0.1295866072177887,0.9497083425521851,0.013073176145553589,0.016864328805782206,0.12573912739753723
3775,0.1295752376317978,0.9497083425521851,0.013079885393381119,0.016811107403630923,0.1257660686969757
3800,0.12956392765045166,0.9497083425521851,0.013011449947953224,0.01678619342045139,0.1257927566766739
3825,0.1295526921749115,0.9497083425521851,0.012946190312504768,0.016720394190551074,0.1258188933134079
3850,0.1295415759086609,0.9497083425521851,0.012902036309242249,0.016661076983097482,0.12584459781646729
3875,0.12953054904937744,0.9497083425521851,0.01283779926598072,0.01657296811213068,0.1258699595928192
3900,0.12951956689357758,0.9497083425521851,0.01283275056630373,0.016528123904695453,0.1258949339389801
3925,0.12950865924358368,0.9497083425521851,0.012830524705350399,0.016477465760606345,0.1259194314479828
3950,0.12949781119823456,0.9497083425521851,0.01276729628443718,0.01642093745743387,0.12594372034072876
3975,0.1294870376586914,0.9497083425521851,0.01268958579748869,0.016375985055410013,0.1259676069021225
4000,0.12947633862495422,0.949791669845581,0.012633012607693672,0.01632821562570069,0.125991091132164
4025,0.12946569919586182,0.949791669845581,0.012597057968378067,0.016267580345030497,0.12601421773433685
4050,0.12945516407489777,0.949791669845581,0.012492384761571884,0.016198503667263466,0.12603704631328583
4075,0.12944476306438446,0.949791669845581,0.012415729463100433,0.01613298266728607,0.12605933845043182
4100,0.12943440675735474,0.9497500061988831,0.012414070777595043,0.016078669533361144,0.12608133256435394
4125,0.1294240951538086,0.9497500061988831,0.012401984073221684,0.016046994628580606,0.1261032372713089
4150,0.12941384315490723,0.9497500061988831,0.012389294803142548,0.016019112011982473,0.12612497806549072
4175,0.12940360605716705,0.949791669845581,0.012391435913741589,0.015973084852109718,0.12614671885967255
4200,0.12939339876174927,0.949874997138977,0.012368165887892246,0.015947466101071797,0.12616831064224243
4225,0.12938323616981506,0.949833333492279,0.012319962494075298,0.015918693762608637,0.12618960440158844
4250,0.12937314808368683,0.949833333492279,0.012272757478058338,0.01586894422318238,0.12621067464351654
4275,0.1293630599975586,0.949833333492279,0.01233462244272232,0.015828981802024716,0.12623152136802673
4300,0.12935301661491394,0.949833333492279,0.01231253519654274,0.01578067372023847,0.12625229358673096
4325,0.12934301793575287,0.949874997138977,0.012329879216849804,0.015732615298843643,0.12627294659614563
4350,0.12933306396007538,0.949874997138977,0.012293360196053982,0.015685661404362655,0.1262933760881424
4375,0.12932315468788147,0.949874997138977,0.012220829725265503,0.0156400564217307,0.12631353735923767
4400,0.12931330502033234,0.949916660785675,0.012233840301632881,0.01560956074613584,0.126333549618721
4425,0.1293034702539444,0.949916660785675,0.012284480035305023,0.015598141837535853,0.1263534426689148
4450,0.12929363548755646,0.949958324432373,0.01224273070693016,0.015558229638962843,0.12637312710285187
4475,0.1292838603258133,0.949958324432373,0.012192782014608383,0.015514468396617909,0.12639246881008148
4500,0.1292741298675537,0.949958324432373,0.012177213095128536,0.015484552097239828,0.1264115571975708
4525,0.1292644590139389,0.949916660785675,0.012129086069762707,0.015431185655857292,0.1264304667711258
4550,0.12925484776496887,0.949916660785675,0.012184848077595234,0.015430825529573563,0.126449316740036
4575,0.12924519181251526,0.949874997138977,0.012151156552135944,0.015417590566993603,0.12646783888339996
4600,0.12923556566238403,0.949874997138977,0.012149650603532791,0.015381863104585726,0.12648603320121765
4625,0.12922599911689758,0.949833333492279,0.012089157477021217,0.015346805472911338,0.126504048705101
4650,0.1292165368795395,0.949874997138977,0.01196321565657854,0.015280978425486274,0.12652215361595154
4675,0.12920714914798737,0.949874997138977,0.011858650483191013,0.015228161510473964,0.12653999030590057
4700,0.1291978806257248,0.949916660785675,0.011792384088039398,0.015158346647031215,0.1265578269958496
4725,0.1291886866092682,0.949916660785675,0.011733364313840866,0.015115051473517474,0.12657566368579865
4750,0.12917956709861755,0.949999988079071,0.011642621830105782,0.01505723672989158,0.1265934407711029
4775,0.12917053699493408,0.949999988079071,0.011664117686450481,0.015051972238809363,0.12661121785640717
4800,0.12916149199008942,0.950041651725769,0.011593380011618137,0.014995150342445038,0.12662886083126068
4825,0.12915252149105072,0.950083315372467,0.011623261496424675,0.014965205560536656,0.12664641439914703
4850,0.1291435807943344,0.950083315372467,0.011564202606678009,0.014941653023757148,0.12666383385658264
4875,0.1291346698999405,0.950083315372467,0.01156113762408495,0.014934800468394125,0.12668132781982422
4900,0.12912574410438538,0.950083315372467,0.011544737033545971,0.014904208102656993,0.12669867277145386
4925,0.12911687791347504,0.950083315372467,0.011508837342262268,0.014906624304958975,0.12671567499637604
4950,0.1291080266237259,0.950083315372467,0.011486654169857502,0.014859493828002746,0.12673240900039673
4975,0.12909922003746033,0.950083315372467,0.011495932005345821,0.014824317152297371,0.12674899399280548
5000,0.12909039855003357,0.950041651725769,0.011540555395185947,0.014815779247333846,0.12676556408405304
5025,0.1290816068649292,0.949999988079071,0.011512398719787598,0.014777420479320917,0.1267818659543991
5050,0.1290728896856308,0.949999988079071,0.011377192102372646,0.014728518280862796,0.12679801881313324
5075,0.12906423211097717,0.949999988079071,0.011356502771377563,0.014701068824463393,0.12681421637535095
5100,0.12905561923980713,0.950041651725769,0.011330473236739635,0.014670191857952274,0.12683047354221344
5125,0.12904706597328186,0.950041651725769,0.011265493929386139,0.014630511018346105,0.12684687972068787
5150,0.12903861701488495,0.950041651725769,0.011175665073096752,0.014554255705618266,0.12686307728290558
5175,0.1290302276611328,0.950041651725769,0.01114062499254942,0.014519705175206734,0.12687918543815613
5200,0.12902185320854187,0.950083315372467,0.011157325468957424,0.01450478234600338,0.1268952488899231
5225,0.12901349365711212,0.950083315372467,0.0111507847905159,0.014487115720684032,0.12691134214401245
5250,0.12900513410568237,0.950041651725769,0.011166197247803211,0.01446030330348337,0.12692733108997345
5275,0.128996804356575,0.950041651725769,0.011135097593069077,0.014413241967441683,0.1269434094429016
5300,0.12898853421211243,0.950041651725769,0.011142875999212265,0.01435461350518422,0.1269593983888626
5325,0.12898030877113342,0.949999988079071,0.0110933817923069,0.014317212106348513,0.1269751489162445
5350,0.1289720982313156,0.949999988079071,0.011103269644081593,0.014301221333682175,0.1269909143447876
5375,0.12896393239498138,0.949999988079071,0.011074546724557877,0.014267863380473726,0.12700675427913666
5400,0.12895581126213074,0.949999988079071,0.011033046059310436,0.01422506333506458,0.1270226538181305
5425,0.12894771993160248,0.950041651725769,0.011037206277251244,0.014202995690474654,0.12703852355480194
5450,0.12893961369991302,0.950041651725769,0.011014391668140888,0.014214298728948294,0.12705427408218384
5475,0.12893158197402954,0.950041651725769,0.010961799882352352,0.014163889828020604,0.12706992030143738
5500,0.12892360985279083,0.950041651725769,0.01092912070453167,0.014115858523491924,0.12708529829978943
5525,0.12891562283039093,0.950041651725769,0.010917064733803272,0.01409758357027772,0.1271006017923355
5550,0.12890774011611938,0.950083315372467,0.010851144790649414,0.014046492258766013,0.1271158903837204
5575,0.12889987230300903,0.950124979019165,0.010860561393201351,0.01404978684275164,0.1271311193704605
5600,0.1288919895887375,0.950124979019165,0.010837286710739136,0.01403143703788891,0.1271464079618454
5625,0.1288841813802719,0.950124979019165,0.010763553902506828,0.013976635115110929,0.12716159224510193
5650,0.12887640297412872,0.950124979019165,0.010722563602030277,0.01394944135229215,0.12717671692371368
5675,0.12886866927146912,0.950124979019165,0.010751083493232727,0.013938221912143552,0.12719184160232544
5700,0.1288609504699707,0.950124979019165,0.010673239827156067,0.01391680693018678,0.12720704078674316
5725,0.12885324656963348,0.950124979019165,0.010712234303355217,0.013909362261728724,0.1272222399711609
5750,0.12884555757045746,0.950124979019165,0.010669632814824581,0.013866109673618872,0.12723761796951294
5775,0.1288379281759262,0.950166642665863,0.01066040899604559,0.01383572917195422,0.12725307047367096
5800,0.12883029878139496,0.950249969959259,0.01064799353480339,0.013803811017293272,0.1272684782743454
5825,0.12882272899150848,0.950208306312561,0.010623462498188019,0.013784002065499889,0.127283975481987
5850,0.1288151890039444,0.950249969959259,0.010565814562141895,0.013742559446494884,0.12729939818382263
5875,0.1288076937198639,0.950249969959259,0.010503740049898624,0.013700195480089494,0.12731489539146423
5900,0.12880028784275055,0.950249969959259,0.010485934093594551,0.013664150538420556,0.12733036279678345
5925,0.128792867064476,0.950291633605957,0.010490820743143559,0.013639683154439407,0.12734584510326385
5950,0.12878552079200745,0.950291633605957,0.010445994324982166,0.013571682495028912,0.12736140191555023
5975,0.12877817451953888,0.950291633605957,0.010484157130122185,0.013559076300136924,0.12737707793712616
6000,0.1287708282470703,0.950291633605957,0.01049806922674179,0.013530361480161977,0.12739278376102448
6025,0.12876351177692413,0.950249969959259,0.01045910269021988,0.013499087344087985,0.1274084746837616
6050,0.12875622510910034,0.950208306312561,0.010419033467769623,0.013478629963492021,0.1274242401123047
6075,0.12874899804592133,0.950208306312561,0.010406623594462872,0.013454737614925402,0.12743988633155823
6100,0.1287417858839035,0.950208306312561,0.01034680474549532,0.01344684311073268,0.12745530903339386
6125,0.12873458862304688,0.950208306312561,0.010364297777414322,0.013449648531281111,0.12747058272361755
6150,0.12872739136219025,0.950166642665863,0.010355924256145954,0.013449278130394362,0.12748581171035767
6175,0.12872017920017242,0.950166642665863,0.01035273727029562,0.01343297620010437,0.12750108540058136
6200,0.12871301174163818,0.950166642665863,0.010322348214685917,0.013429512813043897,0.12751644849777222
6225,0.12870584428310394,0.950166642665863,0.010326951742172241,0.013401867974724943,0.12753185629844666
6250,0.1286986917257309,0.950166642665863,0.010360543616116047,0.013395780928951367,0.1275472491979599
6275,0.12869158387184143,0.950166642665863,0.010283817537128925,0.013344627957978927,0.12756261229515076
6300,0.12868450582027435,0.950166642665863,0.010212879627943039,0.013300966757110197,0.1275780349969864
6325,0.12867748737335205,0.950166642665863,0.010206383652985096,0.013282011583797264,0.12759336829185486
6350,0.12867048382759094,0.950166642665863,0.010168573819100857,0.013241868080579911,0.12760883569717407
6375,0.12866352498531342,0.950166642665863,0.010210707783699036,0.01323652814919917,0.1276242583990097
6400,0.1286565512418747,0.950166642665863,0.010193158872425556,0.013214975268925422,0.1276395171880722
6425,0.12864959239959717,0.950208306312561,0.010201520286500454,0.013196747557027327,0.12765462696552277
6450,0.12864264845848083,0.950124979019165,0.010188329964876175,0.013167896174163677,0.12766972184181213
6475,0.1286357194185257,0.950083315372467,0.010141146369278431,0.013141582366544767,0.1276850700378418
6500,0.12862884998321533,0.950083315372467,0.010123325511813164,0.013116536585760437,0.12770047783851624
6525,0.12862199544906616,0.950166642665863,0.010080202482640743,0.013094234387504618,0.12771591544151306
6550,0.12861518561840057,0.950166642665863,0.010073759593069553,0.013068743329428279,0.12773144245147705
6575,0.12860837578773499,0.950166642665863,0.010095682926476002,0.01305946156639143,0.12774693965911865
6600,0.1286015808582306,0.950166642665863,0.010050009936094284,0.01302097976009724,0.12776245176792145
6625,0.12859484553337097,0.950166642665863,0.009996140375733376,0.012996302816869091,0.12777796387672424
6650,0.12858811020851135,0.950124979019165,0.010003593750298023,0.01300502411585414,0.12779352068901062
6675,0.12858138978481293,0.950124979019165,0.009971880353987217,0.012988684594873184,0.12780900299549103
6700,0.1285746991634369,0.950124979019165,0.009939192794263363,0.012966569063180944,0.12782438099384308
6725,0.12856803834438324,0.950124979019165,0.009906012564897537,0.012949010689753942,0.12783971428871155
6750,0.12856140732765198,0.950124979019165,0.009948387742042542,0.012946639425804197,0.1278550773859024
6775,0.12855474650859833,0.950124979019165,0.009977756068110466,0.012940472312470488,0.1278703808784485
6800,0.12854807078838348,0.950083315372467,0.009954006411135197,0.012920066144175972,0.12788569927215576
6825,0.12854140996932983,0.950083315372467,0.00996595248579979,0.012912868125190024,0.12790097296237946
6850,0.12853476405143738,0.950083315372467,0.010001453571021557,0.012913716235843262,0.12791618704795837
6875,0.12852807343006134,0.950083315372467,0.010034961625933647,0.012911421561825166,0.1279313862323761
6900,0.12852142751216888,0.950083315372467,0.009992355480790138,0.01289367318820157,0.12794670462608337
6925,0.12851479649543762,0.950041651725769,0.009942719712853432,0.012865198008067416,0.12796206772327423
6950,0.12850819528102875,0.949999988079071,0.009912790730595589,0.012827688136679612,0.12797752022743225
6975,0.12850160896778107,0.949999988079071,0.009937678463757038,0.012847006718966105,0.1279928833246231
7000,0.1284950226545334,0.949999988079071,0.009927189908921719,0.012835511028043674,0.1280081868171692
7025,0.1284884363412857,0.949999988079071,0.00991548877209425,0.012826950365300504,0.12802356481552124
7050,0.1284818947315216,0.949999988079071,0.009880892932415009,0.012819668096506342,0.1280389130115509
7075,0.12847530841827393,0.949958324432373,0.009924978017807007,0.012821605800927978,0.12805411219596863
7100,0.12846873700618744,0.949999988079071,0.009927543811500072,0.012814509373471596,0.1280692219734192
7125,0.12846218049526215,0.949999988079071,0.009903384372591972,0.012794161079506402,0.12808433175086975
7150,0.12845563888549805,0.949999988079071,0.00994905922561884,0.012789211577698,0.12809956073760986
7175,0.12844908237457275,0.949999988079071,0.009955205954611301,0.012791578181197269,0.12811502814292908
7200,0.12844249606132507,0.949999988079071,0.009964823722839355,0.012770374207119753,0.1281304806470871
7225,0.1284359246492386,0.949999988079071,0.010021459311246872,0.012767514651663904,0.12814585864543915
7250,0.1284293681383133,0.950041651725769,0.0099530890583992,0.0127468858582096,0.12816095352172852
7275,0.128422811627388,0.950041651725769,0.010019688867032528,0.012756337065707465,0.12817597389221191
7300,0.12841622531414032,0.950124979019165,0.01001183595508337,0.012734750665615337,0.1281910389661789
7325,0.12840968370437622,0.950124979019165,0.010020039975643158,0.012707987472651462,0.12820614874362946
7350,0.12840312719345093,0.950166642665863,0.010024008341133595,0.012695693456686185,0.12822124361991882
7375,0.12839660048484802,0.950166642665863,0.00999243464320898,0.012659804668844615,0.12823635339736938
7400,0.1283901184797287,0.950249969959259,0.009931114502251148,0.012663815602067622,0.12825149297714233
7425,0.12838363647460938,0.950249969959259,0.009925791062414646,0.012632658565668487,0.1282666027545929
7450,0.12837719917297363,0.950208306312561,0.009899375028908253,0.012610914046504346,0.1282816231250763
7475,0.12837077677249908,0.950208306312561,0.00991298072040081,0.0126055716397247,0.1282966583967209
7500,0.12836438417434692,0.950249969959259,0.009861488826572895,0.012579107504599936,0.12831182777881622
7525,0.12835800647735596,0.950249969959259,0.009810972958803177,0.012578432138146118,0.12832696735858917
7550,0.12835167348384857,0.950249969959259,0.00975080206990242,0.012547971399775126,0.12834227085113525
7575,0.12834537029266357,0.950291633605957,0.009731733240187168,0.012535726789634388,0.1283574253320694
7600,0.12833908200263977,0.950333297252655,0.009708384983241558,0.012517427009526358,0.12837253510951996
7625,0.12833280861377716,0.950333297252655,0.00972011499106884,0.012502549064278085,0.1283876746892929
7650,0.12832652032375336,0.950291633605957,0.009750856086611748,0.012486716745083514,0.12840285897254944
7675,0.12832027673721313,0.950291633605957,0.009686642326414585,0.012474714740243607,0.12841811776161194
7700,0.1283140480518341,0.950291633605957,0.009656833484768867,0.012452534217937163,0.12843336164951324
7725,0.12830784916877747,0.950291633605957,0.009627357125282288,0.012454380289744946,0.12844865024089813
7750,0.12830165028572083,0.950291633605957,0.009632696397602558,0.01245884790658152,0.12846392393112183
7775,0.12829546630382538,0.950291633605957,0.009624465368688107,0.01245273163692935,0.1284792423248291
7800,0.12828928232192993,0.950291633605957,0.009661114774644375,0.012465470493478672,0.12849465012550354
7825,0.1282830536365509,0.950291633605957,0.009692025370895863,0.012448374394601244,0.12851007282733917
7850,0.12827683985233307,0.950291633605957,0.009676204062998295,0.012420103683028793,0.12852540612220764
7875,0.12827064096927643,0.950333297252655,0.009694836102426052,0.012401396748569108,0.12854063510894775
7900,0.1282644420862198,0.950374960899353,0.00967436283826828,0.01240070162172449,0.1285558044910431
7925,0.12825825810432434,0.950374960899353,0.009638478979468346,0.012403508313769343,0.12857098877429962
7950,0.1282520741224289,0.950374960899353,0.009697729721665382,0.012421776774705535,0.12858611345291138
7975,0.12824587523937225,0.950374960899353,0.009692015126347542,0.012412906971467004,0.1286013424396515
8000,0.1282396763563156,0.950291633605957,0.009630425833165646,0.012370796322382867,0.12861676514148712
8025,0.12823356688022614,0.950291633605957,0.009589290246367455,0.012347307457792937,0.12863212823867798
8050,0.12822744250297546,0.950291633605957,0.009643255732953548,0.012365484680546372,0.1286476105451584
8075,0.1282213032245636,0.950291633605957,0.009629531763494015,0.012355713711654795,0.12866322696208954
8100,0.12821516394615173,0.950291633605957,0.009640438482165337,0.012365982263581831,0.12867897748947144
8125,0.12820900976657867,0.950291633605957,0.009650982916355133,0.012371264386064389,0.12869475781917572
8150,0.12820285558700562,0.950249969959259,0.009695312939584255,0.01236390198348642,0.1287105232477188
8175,0.12819670140743256,0.950291633605957,0.009657594375312328,0.012373258427107237,0.12872618436813354
8200,0.1281905472278595,0.950291633605957,0.009682177565991879,0.012355774533613615,0.12874190509319305
8225,0.12818439304828644,0.950291633605957,0.009632828645408154,0.012352309425138397,0.12875768542289734
8250,0.12817826867103577,0.950291633605957,0.00963637512177229,0.012311786520390144,0.12877340614795685
8275,0.1281721442937851,0.950291633605957,0.009622940793633461,0.012322952593401703,0.12878915667533875
8300,0.12816603481769562,0.950291633605957,0.009597116149961948,0.012291413516485931,0.12880493700504303
8325,0.12815997004508972,0.950291633605957,0.009585587307810783,0.012260791998566237,0.12882080674171448
8350,0.1281539350748062,0.950333297252655,0.00958862341940403,0.012239938760663214,0.12883664667606354
8375,0.1281479001045227,0.950333297252655,0.009576184675097466,0.012203574443904935,0.1288524866104126
8400,0.12814189493656158,0.950291633605957,0.009575780481100082,0.012183391075143156,0.12886829674243927
8425,0.12813590466976166,0.950333297252655,0.009572739712893963,0.01216751246924258,0.12888412177562714
8450,0.12812992930412292,0.950374960899353,0.009537484496831894,0.012158785887988095,0.12890005111694336
8475,0.12812396883964539,0.950374960899353,0.009529730305075645,0.012128140255413034,0.12891612946987152
8500,0.12811800837516785,0.950374960899353,0.009562542662024498,0.012115573321984393,0.12893231213092804
8525,0.1281120628118515,0.950374960899353,0.009527280926704407,0.012118825863518956,0.12894846498966217
8550,0.12810613214969635,0.950374960899353,0.00950368121266365,0.012110882870573778,0.1289646029472351
8575,0.1281002312898636,0.950374960899353,0.00947650708258152,0.01208974350302744,0.12898066639900208
8600,0.12809434533119202,0.950374960899353,0.00942361168563366,0.01208354524518472,0.12899677455425262
8625,0.12808847427368164,0.950374960899353,0.009402555413544178,0.012075163884322025,0.12901289761066437
8650,0.12808264791965485,0.9504166841506958,0.009373475797474384,0.012050724048824471,0.1290290802717209
8675,0.12807682156562805,0.9504166841506958,0.009336023591458797,0.012050210160852563,0.12904544174671173
8700,0.12807102501392365,0.9504166841506958,0.009325817227363586,0.012031672554419016,0.12906183302402496
8725,0.12806524336338043,0.9504166841506958,0.009293126873672009,0.012005367868384824,0.12907832860946655
8750,0.1280594915151596,0.9504166841506958,0.009358103387057781,0.011987655773796914,0.12909474968910217
8775,0.1280537247657776,0.9504166841506958,0.00929343979805708,0.011968027530326678,0.12911106646060944
8800,0.12804798781871796,0.9504166841506958,0.00928160734474659,0.011935133452375516,0.1291273683309555
8825,0.1280422806739807,0.9504166841506958,0.009268737398087978,0.011928657671077633,0.12914365530014038
8850,0.12803660333156586,0.9504166841506958,0.009269432164728642,0.011894689194660999,0.12915989756584167
8875,0.128030925989151,0.9504166841506958,0.009205740876495838,0.011894408476802622,0.12917613983154297
8900,0.12802526354789734,0.9504583477973938,0.00921686552464962,0.011890951044754898,0.12919245660305023
8925,0.12801961600780487,0.9504583477973938,0.009219282306730747,0.011880082730086087,0.12920869886875153
8950,0.12801393866539001,0.9504583477973938,0.009258542209863663,0.011881061107078263,0.12922489643096924
8975,0.12800827622413635,0.9505000114440918,0.009274531155824661,0.011875661243072391,0.12924110889434814
9000,0.12800262868404388,0.9505000114440918,0.00924098864197731,0.011859997910622309,0.12925730645656586
9025,0.12799698114395142,0.9505000114440918,0.009204033762216568,0.011821889275872242,0.12927353382110596
9050,0.12799137830734253,0.9505000114440918,0.009207382798194885,0.011827561330234146,0.12928979098796844
9075,0.12798577547073364,0.9505000114440918,0.009182833135128021,0.011795578128087097,0.12930592894554138
9100,0.12798020243644714,0.9505000114440918,0.009160165674984455,0.011776366156632034,0.12932193279266357
9125,0.12797464430332184,0.9505000114440918,0.00919241365045309,0.011770384534479676,0.12933795154094696
9150,0.12796907126903534,0.9505000114440918,0.00917750969529152,0.011751549425800093,0.12935397028923035
9175,0.12796351313591003,0.9505000114440918,0.00916452705860138,0.011746260091708392,0.12937016785144806
9200,0.12795796990394592,0.9505000114440918,0.009187016636133194,0.011732910545982947,0.12938641011714935
9225,0.1279524266719818,0.9505000114440918,0.009162657894194126,0.011733664436429881,0.12940266728401184
9250,0.1279468983411789,0.9505000114440918,0.009127053432166576,0.011714592209171728,0.1294189691543579
9275,0.12794137001037598,0.9505000114440918,0.009151930920779705,0.011707158370948953,0.12943525612354279
9300,0.12793585658073425,0.9505000114440918,0.009141023270785809,0.011692076304398138,0.12945155799388885
9325,0.12793034315109253,0.9505000114440918,0.009177487343549728,0.011695366369341037,0.12946785986423492
9350,0.1279248148202896,0.9505000114440918,0.009193544276058674,0.011693906025786734,0.1294841766357422
9375,0.12791931629180908,0.9505000114440918,0.009197828359901905,0.011654841908472678,0.12950046360492706
9400,0.12791380286216736,0.9505000114440918,0.00913369283080101,0.011649354779101211,0.12951670587062836
9425,0.12790831923484802,0.9505000114440918,0.009139381349086761,0.011635688154712338,0.12953299283981323
9450,0.12790289521217346,0.9505000114440918,0.00910855270922184,0.01160880255684742,0.12954945862293243
9475,0.1278974562883377,0.9505000114440918,0.009067164734005928,0.011602445558791755,0.12956590950489044
9500,0.12789204716682434,0.9505000114440918,0.009054483845829964,0.011582815457816847,0.12958233058452606
9525,0.12788663804531097,0.9505000114440918,0.00905529409646988,0.011585469002503545,0.1295987367630005
9550,0.1278812289237976,0.9505000114440918,0.00907200574874878,0.011552005572940045,0.12961512804031372
9575,0.12787584960460663,0.9505416750907898,0.009007520042359829,0.01153505336257132,0.12963160872459412
9600,0.12787051498889923,0.9505416750907898,0.008994163945317268,0.01151513228138114,0.1296481490135193
9625,0.12786519527435303,0.9505833387374878,0.009010673500597477,0.011474877518920868,0.12966464459896088
9650,0.12785987555980682,0.9505416750907898,0.009000950492918491,0.011456212886240281,0.12968133389949799
9675,0.127854585647583,0.9505416750907898,0.008947235532104969,0.011459426218528532,0.12969808280467987
9700,0.12784932553768158,0.9506250023841858,0.008945847861468792,0.011428334521870774,0.12971478700637817
9725,0.12784405052661896,0.9506250023841858,0.008932674303650856,0.011432394321782295,0.12973153591156006
9750,0.12783879041671753,0.9506250023841858,0.00895893294364214,0.011446901447824866,0.12974821031093597
9775,0.1278335303068161,0.9506250023841858,0.008924353867769241,0.011433117428463022,0.12976478040218353
9800,0.12782827019691467,0.9507499933242798,0.008934356272220612,0.011425848961440995,0.12978149950504303
9825,0.12782301008701324,0.9507499933242798,0.00893752183765173,0.011409507063088402,0.12979835271835327
9850,0.127817764878273,0.9507499933242798,0.00891143549233675,0.011385358230785288,0.1298152208328247
9875,0.12781257927417755,0.9507499933242798,0.008865153416991234,0.011329031584068202,0.1298321783542633
9900,0.1278074085712433,0.9507499933242798,0.008842024952173233,0.011334128330774204,0.12984904646873474
9925,0.12780223786830902,0.9507499933242798,0.008848153054714203,0.011324931043038925,0.12986591458320618
9950,0.12779708206653595,0.9507499933242798,0.008832816034555435,0.011306958938279627,0.1298828274011612
9975,0.12779195606708527,0.9507499933242798,0.008795597590506077,0.011304145987924884,0.129899799823761
10000,0.12778683006763458,0.9507499933242798,0.00883527658879757,0.011284892098906506,0.12991683185100555
10025,0.1277816891670227,0.9507499933242798,0.008836889639496803,0.01128526639000864,0.1299339234828949
10050,0.12777656316757202,0.9507499933242798,0.008833756670355797,0.011286989560572681,0.12995107471942902
10075,0.12777142226696014,0.9507916569709778,0.00884363241493702,0.011255814822307033,0.12996819615364075
10100,0.12776631116867065,0.9507916569709778,0.008863337337970734,0.011248046078085725,0.12998536229133606
10125,0.12776118516921997,0.9507916569709778,0.00884081982076168,0.011243062752904213,0.13000257313251495
10150,0.12775608897209167,0.9507916569709778,0.00882652960717678,0.01123225504836464,0.13001973927021027
10175,0.12775097787380219,0.9507916569709778,0.008816532790660858,0.01123837860595799,0.13003692030906677
10200,0.1277458816766739,0.9507916569709778,0.008795958943665028,0.011225731375729953,0.13005398213863373
10225,0.12774083018302917,0.9508333206176758,0.008795542642474174,0.011214193777109275,0.1300709992647171
10250,0.12773574888706207,0.9508333206176758,0.008787298575043678,0.01120380134345211,0.1300879716873169
10275,0.12773068249225616,0.9508333206176758,0.008769765496253967,0.011196136583162002,0.1301049143075943
10300,0.12772563099861145,0.9508333206176758,0.008756864815950394,0.0112025549130177,0.13012190163135529
10325,0.12772057950496674,0.9508333206176758,0.008739756420254707,0.011179873006194153,0.1301388442516327
10350,0.12771552801132202,0.9508333206176758,0.008739728480577469,0.011182766486965846,0.13015586137771606
10375,0.1277104914188385,0.9508749842643738,0.008741249330341816,0.011166602384563103,0.13017277419567108
10400,0.1277054399251938,0.9508749842643738,0.008775302208960056,0.01117126347588655,0.1301896721124649
10425,0.12770041823387146,0.9509166479110718,0.008783199824392796,0.011167403653397863,0.13020657002925873
10450,0.12769536674022675,0.9509166479110718,0.008768875151872635,0.01117896572579352,0.13022351264953613
10475,0.12769033014774323,0.9509166479110718,0.008769994601607323,0.011183799988466176,0.13024063408374786
10500,0.1276852786540985,0.9509583115577698,0.008747883141040802,0.011173244695014165,0.1302577704191208
10525,0.127680242061615,0.9509583115577698,0.008760875090956688,0.011172994481836788,0.1302749216556549
10550,0.12767520546913147,0.9509583115577698,0.0087334169074893,0.011168437508912187,0.13029201328754425
10575,0.12767018377780914,0.9509583115577698,0.008744972757995129,0.011159603431751474,0.1303090900182724
10600,0.12766516208648682,0.9509583115577698,0.008763531222939491,0.011156869976013834,0.13032624125480652
10625,0.1276601254940033,0.9509999752044678,0.008751338347792625,0.011146179865754802,0.13034334778785706
10650,0.12765510380268097,0.9509999752044678,0.00876170489937067,0.011138191684808084,0.13036039471626282
10675,0.12765009701251984,0.9509999752044678,0.008751423098146915,0.01113042997540292,0.13037745654582977
10700,0.1276450902223587,0.9509999752044678,0.00877495389431715,0.01112221563814758,0.13039453327655792
10725,0.12764009833335876,0.9509999752044678,0.00873823557049036,0.011109134973312862,0.1304115355014801
10750,0.12763510644435883,0.9510416388511658,0.008703433908522129,0.011086358837553347,0.13042856752872467
10775,0.12763014435768127,0.9510416388511658,0.008703879080712795,0.011088942491653297,0.13044558465480804
10800,0.12762518227100372,0.9510416388511658,0.008752509020268917,0.011099245322003268,0.13046252727508545
10825,0.1276201754808426,0.9510416388511658,0.00875524990260601,0.011112457155876299,0.13047954440116882
10850,0.12761516869068146,0.9510416388511658,0.008757216855883598,0.01111245770657473,0.13049659132957458
10875,0.12761016190052032,0.9510416388511658,0.008770928718149662,0.011125070543029796,0.13051369786262512
10900,0.12760517001152039,0.9510416388511658,0.008740542456507683,0.011108380455731407,0.13053077459335327
10925,0.12760017812252045,0.9510416388511658,0.008727186359465122,0.011090442052722842,0.13054783642292023
10950,0.1275951862335205,0.9510416388511658,0.008761647157371044,0.011091193802643349,0.1305648684501648
10975,0.12759019434452057,0.9510416388511658,0.008761090226471424,0.011088104718720368,0.13058198988437653
11000,0.12758521735668182,0.9510416388511658,0.008776353672146797,0.011081722951675093,0.130599245429039
11025,0.12758024036884308,0.9510416388511658,0.008703856728971004,0.01106117525455825,0.13061657547950745
11050,0.12757529318332672,0.9510416388511658,0.008662414737045765,0.011061592533898648,0.1306338757276535
11075,0.12757037580013275,0.9510416388511658,0.008642716333270073,0.011043266201610412,0.13065114617347717
11100,0.1275654435157776,0.9510416388511658,0.008631535805761814,0.01103577763898676,0.13066835701465607
11125,0.1275605708360672,0.9510416388511658,0.008617224171757698,0.011001693487732214,0.13068565726280212
11150,0.12755568325519562,0.9510416388511658,0.008631217293441296,0.010987855522708935,0.1307031363248825
11175,0.12755081057548523,0.9510416388511658,0.008617335930466652,0.010955943179674124,0.13072067499160767
11200,0.12754595279693604,0.9510416388511658,0.008628766983747482,0.010955590789595732,0.13073821365833282
11225,0.12754106521606445,0.9510416388511658,0.008640503510832787,0.010967594813197597,0.1307557076215744
11250,0.12753619253635406,0.9510416388511658,0.008678698912262917,0.010944166939138347,0.13077308237552643
11275,0.12753133475780487,0.9510833024978638,0.008643738925457,0.010936628073512693,0.13079041242599487
11300,0.12752646207809448,0.9510833024978638,0.008671806193888187,0.010933932949553039,0.13080774247646332
11325,0.1275215893983841,0.9510416388511658,0.008681099861860275,0.010925791421799353,0.13082508742809296
11350,0.1275167167186737,0.9510416388511658,0.008692699484527111,0.01093566319626882,0.1308424174785614
11375,0.12751184403896332,0.9509999752044678,0.008672635070979595,0.010925099911861037,0.13085971772670746
11400,0.12750697135925293,0.9509999752044678,0.008699897676706314,0.010925112589940137,0.1308770328760147
11425,0.12750211358070374,0.9509999752044678,0.008686326444149017,0.01092380258326538,0.13089436292648315
11450,0.12749722599983215,0.9509999752044678,0.008687200956046581,0.010942520027027603,0.13091176748275757
11475,0.12749235332012177,0.9509999752044678,0.008702008984982967,0.010939844619543419,0.1309291571378708
11500,0.12748746573925018,0.9509999752044678,0.008693128824234009,0.010936443951834933,0.13094650208950043
11525,0.127482607960701,0.9509999752044678,0.008664572611451149,0.010930695444530047,0.13096381723880768
11550,0.1274777352809906,0.9509999752044678,0.008670126087963581,0.010924169878927775,0.13098105788230896
11575,0.1274728775024414,0.9509999752044678,0.008667492307722569,0.010910213205408283,0.13099825382232666
11600,0.1274680197238922,0.9509583115577698,0.008672580122947693,0.010888347658633472,0.13101549446582794
11625,0.1274631768465042,0.9509583115577698,0.008679457940161228,0.010900079824350022,0.1310327649116516
11650,0.1274583488702774,0.9509583115577698,0.00866165105253458,0.010892114445452756,0.13105010986328125
11675,0.1274535059928894,0.9509583115577698,0.008679134771227837,0.010888939798746495,0.13106757402420044
11700,0.1274486631155014,0.9509583115577698,0.008667968213558197,0.010879371608183397,0.13108493387699127
11725,0.1274438202381134,0.9509583115577698,0.00865072850137949,0.010884655141199781,0.13110224902629852
11750,0.1274390071630478,0.9509583115577698,0.008591760881245136,0.010884831927523696,0.13111968338489532
11775,0.12743417918682098,0.9509583115577698,0.008615216240286827,0.01088227512061559,0.1311371773481369
11800,0.12742938101291656,0.9509999752044678,0.00860610045492649,0.010869731664595862,0.13115476071834564
11825,0.12742456793785095,0.9509999752044678,0.008619149215519428,0.010866986072290261,0.1311723291873932
11850,0.12741975486278534,0.9509999752044678,0.008608458563685417,0.01087132619063657,0.13118991255760193
11875,0.12741495668888092,0.9509999752044678,0.008592868223786354,0.010866927660735048,0.13120754063129425
11900,0.1274101585149765,0.9509999752044678,0.008578316308557987,0.010864355463306021,0.13122525811195374
11925,0.12740537524223328,0.9509999752044678,0.008565953932702541,0.01084735261621491,0.13124296069145203
11950,0.12740059196949005,0.9509999752044678,0.008560610935091972,0.010832973989506755,0.1312606930732727
11975,0.1273958384990692,0.9509999752044678,0.00856007356196642,0.010830233819987793,0.13127845525741577
12000,0.12739107012748718,0.9509999752044678,0.008535542525351048,0.010814541099706814,0.13129618763923645
12025,0.12738633155822754,0.9509999752044678,0.00852089375257492,0.010814634264640188,0.13131386041641235
12050,0.1273815929889679,0.9509999752044678,0.00852247979491949,0.010814687209133315,0.13133153319358826
12075,0.12737685441970825,0.9509999752044678,0.008508398197591305,0.010808714483719143,0.13134920597076416
12100,0.1273721307516098,0.9509999752044678,0.008482513949275017,0.010801415181842503,0.13136689364910126
12125,0.12736742198467255,0.9509999752044678,0.008452091366052628,0.010797388262783026,0.1313847005367279
12150,0.12736272811889648,0.9509999752044678,0.008472628891468048,0.01078475564032086,0.13140255212783813
12175,0.12735800445079803,0.9510416388511658,0.00851285271346569,0.010783703268799292,0.13142043352127075
12200,0.12735329568386078,0.9510416388511658,0.008514178916811943,0.010793032842452515,0.1314382404088974
12225,0.12734855711460114,0.9510416388511658,0.008578291162848473,0.010798725003132793,0.13145597279071808
12250,0.1273438036441803,0.9510416388511658,0.008568762801587582,0.010800325064767304,0.13147372007369995
12275,0.12733903527259827,0.9510416388511658,0.008597366511821747,0.010810184064626999,0.13149136304855347
12300,0.12733425199985504,0.9510416388511658,0.008628875948488712,0.010802201517216172,0.13150912523269653
12325,0.1273295134305954,0.9510416388511658,0.008568326942622662,0.010775782461311794,0.1315269023180008
12350,0.12732475996017456,0.9510416388511658,0.008591377176344395,0.010792230317417988,0.13154463469982147
12375,0.12731999158859253,0.9510416388511658,0.008638028055429459,0.010786496093822092,0.13156236708164215
12400,0.1273152232170105,0.9510416388511658,0.00861253123730421,0.010777836782787827,0.1315801590681076
12425,0.12731046974658966,0.9510416388511658,0.008600771427154541,0.010754031473350977,0.13159790635108948
12450,0.12730573117733002,0.9510416388511658,0.008572887629270554,0.01075899882808303,0.1316155195236206
12475,0.12730100750923157,0.9510416388511658,0.008550242520868778,0.010737899694314837,0.13163311779499054
12500,0.1272962987422943,0.9510833024978638,0.008543957024812698,0.01073211208458971,0.1316506415605545
12525,0.12729160487651825,0.9510833024978638,0.008518019691109657,0.010738501647902937,0.1316680908203125
12550,0.1272869110107422,0.9510833024978638,0.008531283587217331,0.010744797526813933,0.13168559968471527
12575,0.12728220224380493,0.9510833024978638,0.00851505808532238,0.010736256913397808,0.13170312345027924
12600,0.12727747857570648,0.9510833024978638,0.008556049317121506,0.010745402983995483,0.13172076642513275
12625,0.12727276980876923,0.9511249661445618,0.008569984696805477,0.010749205272040931,0.13173848390579224
12650,0.12726803123950958,0.9511249661445618,0.008612074889242649,0.010745732033530356,0.13175629079341888
12675,0.12726327776908875,0.9511249661445618,0.008627659641206264,0.010739356068390481,0.1317741572856903
12700,0.1272585391998291,0.9511666297912598,0.008621606044471264,0.010733679068465146,0.13179197907447815
12725,0.12725380063056946,0.9511666297912598,0.008611870929598808,0.010744057465806565,0.1318097859621048
12750,0.12724906206130981,0.9511666297912598,0.00865484494715929,0.010743244461947427,0.13182760775089264
12775,0.12724430859088898,0.9511666297912598,0.008648279123008251,0.010732053252920164,0.1318454146385193
12800,0.12723955512046814,0.9511249661445618,0.008632015436887741,0.010726656812062946,0.13186325132846832
12825,0.1272348165512085,0.9511249661445618,0.008603601716458797,0.010735653660733703,0.13188111782073975
12850,0.12723010778427124,0.9511249661445618,0.008650763891637325,0.010744475331354586,0.13189904391765594
12875,0.1272253394126892,0.9511249661445618,0.00864014308899641,0.010733065175469316,0.13191695511341095
12900,0.12722058594226837,0.9511249661445618,0.008673720061779022,0.010736546530422516,0.13193495571613312
12925,0.12721583247184753,0.9510833024978638,0.008647490292787552,0.010734615433295885,0.13195297122001648
12950,0.1272110939025879,0.9510833024978638,0.008637495338916779,0.010728761342931086,0.1319708526134491
12975,0.12720635533332825,0.9510833024978638,0.008656307123601437,0.010732144151352135,0.13198871910572052
13000,0.12720158696174622,0.9510833024978638,0.008676374331116676,0.010735333476204773,0.13200649619102478
13025,0.12719683349132538,0.9510833024978638,0.008661758154630661,0.010738508400740098,0.13202422857284546
13050,0.12719208002090454,0.9510833024978638,0.008627735078334808,0.010716450595792456,0.1320420354604721
13075,0.1271873563528061,0.9510833024978638,0.008616567589342594,0.010706541517182457,0.13205985724925995
13100,0.12718263268470764,0.9510833024978638,0.00858981255441904,0.010706668881069177,0.1320776641368866
13125,0.1271779090166092,0.9510416388511658,0.008608261123299599,0.01072798688154622,0.1320955753326416
13150,0.12717318534851074,0.9510416388511658,0.008610689081251621,0.01072885509047016,0.13211332261562347
13175,0.1271684765815735,0.9510416388511658,0.00855853408575058,0.010712075362202693,0.13213106989860535
13200,0.12716378271579742,0.9510416388511658,0.00853654183447361,0.010692486431211186,0.13214890658855438
13225,0.12715911865234375,0.9510416388511658,0.00851650070399046,0.01069078247118869,0.13216671347618103
13250,0.12715443968772888,0.9510416388511658,0.008544569835066795,0.010680437718012626,0.1321844905614853
13275,0.1271497756242752,0.9510416388511658,0.008547095581889153,0.010691483469695761,0.1322021186351776
13300,0.12714509665966034,0.9510416388511658,0.008524677716195583,0.010665257094290585,0.13221976161003113
13325,0.12714041769504547,0.9510416388511658,0.008519748225808144,0.010667250814561996,0.13223740458488464
13350,0.127135768532753,0.9510416388511658,0.00850770901888609,0.01066313933711966,0.13225515186786652
13375,0.1271311193704605,0.9510416388511658,0.008462203666567802,0.010653602043217447,0.13227298855781555
13400,0.12712650001049042,0.9510416388511658,0.008441434241831303,0.010645166309289864,0.1322908252477646
13425,0.12712189555168152,0.9510416388511658,0.008424447849392891,0.010635945605150578,0.13230867683887482
13450,0.12711729109287262,0.9510416388511658,0.008418574929237366,0.010626615343389718,0.13232651352882385
13475,0.12711268663406372,0.9510416388511658,0.008454021997749805,0.010631239579909505,0.13234439492225647
13500,0.12710808217525482,0.9510416388511658,0.00845036655664444,0.010611903359276156,0.13236239552497864
13525,0.12710347771644592,0.9510416388511658,0.008479920215904713,0.010629513166070421,0.13238036632537842
13550,0.12709887325763702,0.9510416388511658,0.0084068663418293,0.01062879211130992,0.1323983073234558
13575,0.12709426879882812,0.9510833024978638,0.00846303254365921,0.010640754697791693,0.13241620361804962
13600,0.12708966434001923,0.9510833024978638,0.008396068587899208,0.010633212589136031,0.1324341744184494
13625,0.12708507478237152,0.9510833024978638,0.008403309620916843,0.010649114018137375,0.13245223462581635
13650,0.12708047032356262,0.9510833024978638,0.008412552066147327,0.010657621144397188,0.1324702501296997
13675,0.12707585096359253,0.9510833024978638,0.008421980775892735,0.010658726933453416,0.132488414645195
13700,0.12707123160362244,0.9510416388511658,0.008449260145425797,0.010665364781987565,0.1325066238641739
13725,0.12706658244132996,0.9510416388511658,0.0084554897621274,0.010672147390824538,0.13252490758895874
13750,0.12706194818019867,0.9510416388511658,0.008478248491883278,0.01066503073480797,0.13254325091838837
13775,0.12705731391906738,0.9510416388511658,0.008500609546899796,0.010659804377019723,0.13256150484085083
13800,0.1270526647567749,0.9510833024978638,0.008470138534903526,0.010672957186981585,0.13257992267608643
13825,0.12704801559448242,0.9511249661445618,0.008508495055139065,0.010700337513250776,0.13259826600551605
13850,0.12704333662986755,0.9511249661445618,0.008515290915966034,0.01070664156877872,0.13261665403842926
13875,0.12703865766525269,0.9511249661445618,0.00851192232221365,0.010700108682751916,0.1326349824666977
13900,0.127033993601799,0.9511249661445618,0.008513078093528748,0.01070426744264717,0.13265329599380493
13925,0.12702931463718414,0.9511249661445618,0.00853551086038351,0.010703660429813236,0.13267166912555695
13950,0.12702463567256927,0.9511249661445618,0.008537769317626953,0.010720281828606548,0.1326901763677597
13975,0.1270199418067932,0.9511249661445618,0.008530802093446255,0.010702561735793597,0.13270877301692963
14000,0.12701526284217834,0.9511249661445618,0.00853841844946146,0.010701787906470842,0.13272739946842194
14025,0.12701056897640228,0.9511249661445618,0.008542566560208797,0.010706751931034925,0.13274596631526947
14050,0.12700587511062622,0.9511249661445618,0.008551576174795628,0.010726622722233261,0.13276465237140656
14075,0.12700118124485016,0.9511249661445618,0.008593629114329815,0.010746870471381823,0.13278333842754364
14100,0.12699644267559052,0.9511249661445618,0.008589714765548706,0.0107378401922724,0.13280217349529266
14125,0.12699173390865326,0.9510833024978638,0.008584432303905487,0.010730858433431151,0.13282093405723572
14150,0.12698699533939362,0.9510833024978638,0.008586518466472626,0.010733290463741222,0.13283969461917877
14175,0.12698227167129517,0.9510833024978638,0.008594325743615627,0.01071301553940396,0.13285844027996063
14200,0.1269775629043579,0.9510833024978638,0.008604072965681553,0.01072199229805866,0.13287712633609772
14225,0.12697285413742065,0.9510833024978638,0.008611866272985935,0.010721235566919769,0.13289587199687958
14250,0.126968115568161,0.9510833024978638,0.00858313962817192,0.010721362475506724,0.13291452825069427
14275,0.12696342170238495,0.9510833024978638,0.008594783022999763,0.010718393297949541,0.132933109998703
14300,0.1269586980342865,0.9510833024978638,0.008591295219957829,0.010718913027917013,0.1329517364501953
14325,0.12695397436618805,0.9510833024978638,0.008586416952311993,0.010718908211284545,0.13297037780284882
14350,0.1269492655992508,0.9510833024978638,0.008586720563471317,0.010730045119049104,0.13298900425434113
14375,0.12694454193115234,0.9510833024978638,0.008588309399783611,0.010738704340720977,0.1330076903104782
14400,0.1269398182630539,0.9510833024978638,0.008649005554616451,0.010754080003083392,0.1330263912677765
14425,0.12693507969379425,0.9510833024978638,0.00858965702354908,0.010745366267161213,0.13304509222507477
14450,0.1269303411245346,0.9510833024978638,0.008584286086261272,0.010745362941166141,0.13306374847888947
14475,0.12692563235759735,0.9510833024978638,0.008542932569980621,0.010703819030451927,0.1330822855234146
14500,0.12692095339298248,0.9510416388511658,0.008533582091331482,0.010705286934313985,0.13310077786445618
14525,0.12691627442836761,0.9510416388511658,0.008514706045389175,0.010702943794216435,0.13311932981014252
14550,0.12691159546375275,0.9510416388511658,0.008513612672686577,0.010699847668829879,0.13313786685466766
14575,0.12690694630146027,0.9510416388511658,0.008504653349518776,0.010694551257981454,0.13315634429454803
14600,0.1269022822380066,0.9510416388511658,0.008489768952131271,0.010684497672599602,0.13317473232746124
14625,0.1268976479768753,0.9509999752044678,0.008487377315759659,0.010670400225811897,0.13319312036037445
14650,0.12689299881458282,0.9509999752044678,0.008486391045153141,0.01066899165183188,0.1332116276025772
14675,0.12688834965229034,0.9509999752044678,0.008471385575830936,0.010676004403346468,0.13323022425174713
14700,0.12688370048999786,0.9509999752044678,0.008472640998661518,0.010675998130307821,0.13324888050556183
14725,0.12687908113002777,0.9509999752044678,0.008423935621976852,0.010658219511971087,0.1332675814628601
14750,0.12687447667121887,0.9509583115577698,0.008429605513811111,0.010660015009047459,0.1332862228155136
14775,0.12686985731124878,0.9509583115577698,0.008426826447248459,0.010655383330322005,0.1333049088716507
14800,0.1268652379512787,0.9509583115577698,0.008442320860922337,0.010660900288667556,0.1333235651254654
14825,0.1268606185913086,0.9509583115577698,0.008458291180431843,0.010651792514468416,0.1333422213792801
14850,0.1268559992313385,0.9509583115577698,0.008464931510388851,0.010647648768687987,0.13336093723773956
14875,0.12685133516788483,0.9509583115577698,0.008489400148391724,0.010659413105651888,0.13337968289852142
14900,0.12684670090675354,0.9509999752044678,0.008487328886985779,0.010660087172960553,0.13339845836162567
14925,0.12684206664562225,0.9509999752044678,0.008449909277260303,0.01065226735126077,0.1334172934293747
14950,0.12683744728565216,0.9509999752044678,0.0084503423422575,0.01064151760382633,0.13343608379364014
14975,0.12683284282684326,0.9509999752044678,0.008409828878939152,0.01064698882244492,0.13345490396022797
15000,0.12682823836803436,0.9509583115577698,0.008387994021177292,0.010633868802735086,0.1334736943244934
15025,0.12682366371154785,0.9509583115577698,0.008409595116972923,0.010642095805849799,0.13349245488643646
15050,0.12681907415390015,0.9509583115577698,0.008387314155697823,0.010637720162447467,0.13351121544837952
15075,0.12681446969509125,0.9509583115577698,0.008407303132116795,0.010641360291223052,0.13353000581264496
15100,0.12680986523628235,0.9509583115577698,0.008452136069536209,0.010646257488632805,0.13354884088039398
15125,0.12680526077747345,0.9509583115577698,0.008440252393484116,0.010640397869224829,0.13356776535511017
15150,0.12680064141750336,0.9509583115577698,0.008403442800045013,0.010653149443149332,0.13358671963214874
15175,0.12679603695869446,0.9509583115577698,0.00838983990252018,0.010653734270289063,0.1336057186126709
15200,0.12679144740104675,0.9509583115577698,0.008408251218497753,0.010662412418939605,0.13362480700016022
15225,0.12678682804107666,0.9509583115577698,0.00841114204376936,0.010685205576444366,0.1336439847946167
15250,0.12678220868110657,0.9509583115577698,0.008422343991696835,0.010684674233250294,0.13366326689720154
15275,0.12677758932113647,0.9509583115577698,0.008430096320807934,0.010675116590453407,0.1336825042963028
15300,0.1267729550600052,0.9509999752044678,0.008417118340730667,0.010669687066013503,0.13370183110237122
15325,0.1267683357000351,0.9509999752044678,0.008407744579017162,0.010664923200117818,0.13372112810611725
15350,0.126763716340065,0.9509999752044678,0.008453967981040478,0.010677123791443158,0.13374042510986328
15375,0.1267590969800949,0.9509999752044678,0.008435145020484924,0.010673975112202042,0.1337597370147705
15400,0.12675444781780243,0.9509999752044678,0.008472234942018986,0.010684936800373452,0.1337791234254837
15425,0.12674981355667114,0.9509583115577698,0.008469101041555405,0.010683297438204885,0.1337984949350357
15450,0.12674514949321747,0.9509583115577698,0.008496771566569805,0.010673719495078096,0.13381779193878174
15475,0.126740500330925,0.9509583115577698,0.008460218086838722,0.010683444663634223,0.13383705914020538
15500,0.1267358660697937,0.9509583115577698,0.008433193899691105,0.010683966480447431,0.13385629653930664
15525,0.1267312467098236,0.9509583115577698,0.008433757349848747,0.010696450908335922,0.1338755488395691
15550,0.12672658264636993,0.9509583115577698,0.008465349674224854,0.010703613645245332,0.1338949352502823
15575,0.12672194838523865,0.9509583115577698,0.008441698737442493,0.01067279145969089,0.13391439616680145
15600,0.12671732902526855,0.9509583115577698,0.008425076492130756,0.010684527126315213,0.13393397629261017
15625,0.12671267986297607,0.9509583115577698,0.008437308482825756,0.01068787234968234,0.13395355641841888
15650,0.1267080456018448,0.9509583115577698,0.008434996008872986,0.010689890626636363,0.13397316634655
15675,0.1267034262418747,0.9509583115577698,0.008356960490345955,0.010687547159680077,0.1339927762746811
15700,0.126698836684227,0.9509583115577698,0.0083864014595747,0.010666059373841463,0.13401243090629578
15725,0.1266942322254181,0.9509583115577698,0.008336503989994526,0.01067135179930041,0.1340320110321045
15750,0.12668965756893158,0.9509583115577698,0.008328554220497608,0.01067440678935696,0.13405156135559082
15775,0.12668508291244507,0.9509583115577698,0.008319373242557049,0.010687386710829267,0.1340712159872055
15800,0.12668047845363617,0.9509583115577698,0.008314159698784351,0.010690773844085363,0.13409094512462616
15825,0.12667588889598846,0.9509583115577698,0.008315077982842922,0.010702731666039111,0.13411065936088562
15850,0.12667129933834076,0.9509583115577698,0.008309387601912022,0.01069628423271103,0.13413043320178986
15875,0.12666670978069305,0.9509583115577698,0.008291801437735558,0.01068134981064216,0.13415025174617767
15900,0.12666215002536774,0.9509999752044678,0.008263401687145233,0.010683349730673643,0.1341700702905655
15925,0.12665759027004242,0.9509999752044678,0.008250969462096691,0.010693619995540513,0.1341899186372757
15950,0.1266530305147171,0.9509999752044678,0.008245223201811314,0.010666803130386695,0.13420969247817993
15975,0.12664850056171417,0.9509999752044678,0.008246643468737602,0.010662143730717711,0.134229376912117
16000,0.12664397060871124,0.9509999752044678,0.008201920427381992,0.010648850929321467,0.1342490166425705
16025,0.1266394406557083,0.9509999752044678,0.008238253183662891,0.010669363982265772,0.13426874577999115
16050,0.126634880900383,0.9509999752044678,0.008236455731093884,0.010667406488892013,0.13428854942321777
16075,0.12663036584854126,0.9509999752044678,0.008203702047467232,0.010662241522697204,0.13430838286876678
16100,0.12662582099437714,0.9509999752044678,0.008205105550587177,0.010657832544071086,0.13432835042476654
16125,0.1266213059425354,0.9509999752044678,0.008203210309147835,0.01065971647608369,0.1343483030796051
16150,0.12661677598953247,0.9509999752044678,0.008173196576535702,0.010646845176757744,0.13436822593212128
16175,0.12661227583885193,0.9509999752044678,0.008164296858012676,0.010641912946731755,0.13438814878463745
16200,0.12660779058933258,0.9509999752044678,0.008127842098474503,0.010633375433487852,0.13440808653831482
16225,0.12660332024097443,0.9509999752044678,0.008114829659461975,0.010632705639793991,0.13442793488502502
16250,0.12659884989261627,0.9509999752044678,0.008117027580738068,0.010632716946716577,0.13444793224334717
16275,0.12659437954425812,0.9509999752044678,0.008133841678500175,0.010634199922287108,0.1344679743051529
16300,0.12658990919589996,0.9509999752044678,0.008121972903609276,0.010621863042117973,0.13448789715766907
16325,0.12658542394638062,0.9509999752044678,0.008134793490171432,0.010628914333718733,0.13450780510902405
16350,0.12658093869686127,0.9509999752044678,0.008114391006529331,0.010620868516033116,0.13452774286270142
16375,0.1265764683485031,0.9509999752044678,0.008099435828626156,0.01061893718912766,0.13454774022102356
16400,0.12657201290130615,0.9509999752044678,0.008122676983475685,0.010623345238006059,0.13456782698631287
16425,0.126567542552948,0.9509999752044678,0.008138950914144516,0.010636074300020714,0.13458792865276337
16450,0.12656305730342865,0.9509999752044678,0.008153884671628475,0.010626540237256845,0.13460801541805267
16475,0.1265585869550705,0.9509999752044678,0.008120380342006683,0.010624748575181574,0.13462814688682556
16500,0.12655411660671234,0.9509999752044678,0.00809281412512064,0.01063725030799024,0.13464824855327606
16525,0.1265496462583542,0.9509999752044678,0.008075375109910965,0.010645693442282759,0.13466839492321014
16550,0.12654519081115723,0.9509999752044678,0.008066017180681229,0.010648883028078088,0.13468854129314423
16575,0.12654072046279907,0.9509999752044678,0.008081438019871712,0.010635091767559706,0.13470865786075592
16600,0.1265362650156021,0.9509999752044678,0.008083182387053967,0.010651522156098036,0.13472872972488403
16625,0.12653179466724396,0.9509999752044678,0.008063261397182941,0.010639572432216833,0.13474877178668976
16650,0.126527339220047,0.9509999752044678,0.008039925247430801,0.010626719479132865,0.13476872444152832
16675,0.12652291357517242,0.9509999752044678,0.00800272822380066,0.010627219129963138,0.13478875160217285
16700,0.12651848793029785,0.9510416388511658,0.008006039075553417,0.010619979882404207,0.13480862975120544
16725,0.12651406228542328,0.9510416388511658,0.008029256016016006,0.010622934441611344,0.13482864201068878
16750,0.1265096366405487,0.9510416388511658,0.008019584231078625,0.010627805750601639,0.13484865427017212
16775,0.12650519609451294,0.9510416388511658,0.008028941228985786,0.010628478414456957,0.13486868143081665
16800,0.12650077044963837,0.9510416388511658,0.008028026670217514,0.010618001775682282,0.13488876819610596
16825,0.1264963299036026,0.9510416388511658,0.008050362579524517,0.010635498362032822,0.13490889966487885
16850,0.12649187445640564,0.9509999752044678,0.008084659464657307,0.010640694661608817,0.13492906093597412
16875,0.1264873892068863,0.9509999752044678,0.00809495896100998,0.010650803101907691,0.13494929671287537
16900,0.12648293375968933,0.9509999752044678,0.008101238869130611,0.010644991348137052,0.13496963679790497
16925,0.12647847831249237,0.9509999752044678,0.008081507869064808,0.010643314819493268,0.13499008119106293
16950,0.12647400796413422,0.9510416388511658,0.008073502220213413,0.010631587143559626,0.13501057028770447
16975,0.12646956741809845,0.9510416388511658,0.00807441957294941,0.010625823486798578,0.13503095507621765
17000,0.1264651119709015,0.9510416388511658,0.00805419497191906,0.010618013339912325,0.13505138456821442
17025,0.12646068632602692,0.9510416388511658,0.008060620166361332,0.010616222963537649,0.13507181406021118
17050,0.12645623087882996,0.9510416388511658,0.008069152943789959,0.010635639762168235,0.1350923776626587
17075,0.1264517605304718,0.9510416388511658,0.008065878413617611,0.01065055606632152,0.1351129710674286
17100,0.12644730508327484,0.9510416388511658,0.008093033917248249,0.010668996970236246,0.1351335197687149
17125,0.1264428049325943,0.9510833024978638,0.008099257946014404,0.010667623942017057,0.135154128074646
17150,0.12643833458423615,0.9510833024978638,0.008123859763145447,0.010679127259962118,0.13517478108406067
17175,0.1264338195323944,0.9510833024978638,0.00812745001167059,0.010674609055740678,0.13519535958766937
17200,0.12642933428287506,0.9510833024978638,0.008137034252285957,0.010688817517978505,0.13521583378314972
17225,0.12642481923103333,0.9510833024978638,0.008107166737318039,0.010674075232476982,0.13523636758327484
17250,0.12642033398151398,0.9510833024978638,0.008075243793427944,0.010667669304599715,0.1352568417787552
17275,0.12641587853431702,0.9510833024978638,0.008059371262788773,0.010661080421125417,0.1352774053812027
17300,0.12641142308712006,0.9510833024978638,0.008022920228540897,0.010666264931000048,0.13529804348945618
17325,0.1264069676399231,0.9510833024978638,0.007982722483575344,0.010656800428149949,0.13531868159770966
17350,0.12640252709388733,0.9510833024978638,0.00799508485943079,0.010653817739773828,0.13533931970596313
17375,0.12639811635017395,0.9510833024978638,0.007969308644533157,0.01064816461636158,0.13535992801189423
17400,0.12639370560646057,0.9510833024978638,0.007942698895931244,0.010620255230796663,0.13538065552711487
17425,0.1263893097639084,0.9510833024978638,0.007962881587445736,0.010630617619875613,0.13540145754814148
17450,0.1263848841190338,0.9510833024978638,0.007969895377755165,0.010628487621357843,0.13542236387729645
17475,0.12638047337532043,0.9511249661445618,0.007968218997120857,0.010634665359953773,0.1354433000087738
17500,0.12637606263160706,0.9511249661445618,0.008004297502338886,0.010634115673666287,0.135464146733284
17525,0.1263716220855713,0.9511249661445618,0.008016200736165047,0.010634002345641783,0.13548493385314941
17550,0.12636719644069672,0.9511249661445618,0.007989614270627499,0.010629012128658301,0.1355057656764984
17575,0.12636278569698334,0.9511249661445618,0.007953674532473087,0.010607630712579263,0.13552644848823547
17600,0.12635841965675354,0.9511249661445618,0.007961126044392586,0.01061175957116751,0.13554701209068298
17625,0.12635400891304016,0.9511249661445618,0.007970992475748062,0.010620511437283613,0.1355675905942917
17650,0.12634961307048798,0.9510833024978638,0.007953840307891369,0.010615762845381006,0.1355881690979004
17675,0.1263452172279358,0.9510833024978638,0.007950547151267529,0.010615633193427341,0.1356087476015091
17700,0.12634079158306122,0.9510833024978638,0.007969350554049015,0.010614093323193895,0.13562935590744019
17725,0.12633641064167023,0.9510833024978638,0.007976328022778034,0.010618152856246007,0.1356499344110489
17750,0.12633198499679565,0.9511249661445618,0.007940447889268398,0.010613057896306236,0.13567054271697998
17775,0.12632758915424347,0.9511249661445618,0.007938701659440994,0.010605405975625053,0.13569115102291107
17800,0.12632322311401367,0.9511249661445618,0.007946917787194252,0.01061626268458815,0.1357116401195526
17825,0.1263188123703003,0.9511249661445618,0.007939603179693222,0.01062936328174487,0.13573193550109863
17850,0.12631440162658691,0.9511249661445618,0.007943221367895603,0.01062333553713032,0.13575220108032227
17875,0.12631002068519592,0.9511249661445618,0.007918617688119411,0.010616735109661107,0.1357724368572235
17900,0.12630563974380493,0.9511249661445618,0.007896056398749352,0.01060969794920082,0.13579274713993073
17925,0.12630127370357513,0.9511249661445618,0.007900000549852848,0.010604487353206373,0.13581311702728271
17950,0.12629689276218414,0.9511249661445618,0.007899915799498558,0.010609753007287573,0.1358335316181183
17975,0.12629252672195435,0.9511249661445618,0.00788602139800787,0.010601882711057765,0.13585396111011505
18000,0.12628816068172455,0.9511666297912598,0.007886139675974846,0.01060366537003527,0.13587436079978943
18025,0.12628380954265594,0.9511666297912598,0.007896636612713337,0.010592198965488,0.13589471578598022
18050,0.12627944350242615,0.9511666297912598,0.007888752967119217,0.010580026358374319,0.1359151005744934
18075,0.12627507746219635,0.9511666297912598,0.007887449115514755,0.010573664185376362,0.1359354704618454
18100,0.12627072632312775,0.9511666297912598,0.007919087074697018,0.010565224135809312,0.1359558403491974
18125,0.12626636028289795,0.9512500166893005,0.00792451947927475,0.010556882648164697,0.135976180434227
18150,0.12626202404499054,0.9512500166893005,0.007923451252281666,0.01054069179211586,0.135996475815773
18175,0.12625767290592194,0.9512916803359985,0.007944738492369652,0.010552672115444799,0.13601674139499664
18200,0.12625329196453094,0.9512916803359985,0.007949784398078918,0.010554868308638395,0.13603702187538147
18225,0.12624892592430115,0.9512916803359985,0.007950494065880775,0.010557896766807564,0.1360573172569275
18250,0.12624455988407135,0.9512916803359985,0.007947539910674095,0.010550790648312184,0.13607770204544067
18275,0.12624020874500275,0.9512916803359985,0.007936901412904263,0.010550749925201617,0.1360979974269867
18300,0.12623585760593414,0.9512916803359985,0.007905137725174427,0.010547073608015838,0.13611827790737152
18325,0.12623150646686554,0.9512916803359985,0.007933530956506729,0.010542616963178061,0.13613860309123993
18350,0.12622715532779694,0.9512916803359985,0.007957016117870808,0.010555787291999774,0.13615894317626953
18375,0.12622277438640594,0.9512916803359985,0.007970801554620266,0.01057134974052314,0.1361793428659439
18400,0.12621840834617615,0.9512916803359985,0.0079790148884058,0.010565867437171462,0.13619966804981232
18425,0.12621402740478516,0.9512916803359985,0.007987650111317635,0.010571538544830065,0.13622009754180908
18450,0.12620963156223297,0.9512916803359985,0.007994411513209343,0.01058148318008434,0.13624055683612823
18475,0.1262052208185196,0.9512916803359985,0.00801742821931839,0.010583123120932228,0.1362610012292862
18500,0.1262008249759674,0.9512916803359985,0.0080113485455513,0.010580036686983992,0.13628143072128296
18525,0.12619641423225403,0.9512916803359985,0.00800416897982359,0.01058574738139239,0.13630187511444092
18550,0.12619201838970184,0.9512916803359985,0.00802627857774496,0.010591224156952218,0.13632234930992126
18575,0.12618759274482727,0.9512916803359985,0.008028744719922543,0.010605823262264846,0.13634277880191803
18600,0.1261831820011139,0.9513333439826965,0.007996687665581703,0.010597308444725605,0.13636325299739838
18625,0.1261787861585617,0.9513333439826965,0.007953588850796223,0.01059230361743941,0.13638372719287872
18650,0.12617440521717072,0.9513333439826965,0.00796456728130579,0.01058464529074339,0.13640421628952026
18675,0.12617000937461853,0.9513333439826965,0.00797748938202858,0.010583802869684146,0.13642458617687225
18700,0.12616561353206635,0.9513333439826965,0.007991761900484562,0.010602471798327318,0.13644486665725708
18725,0.12616121768951416,0.9513333439826965,0.007984540425240993,0.010588299733428279,0.13646520674228668
18750,0.12615682184696198,0.9513333439826965,0.007965386845171452,0.010581825378970433,0.13648547232151031
18775,0.12615244090557098,0.9513333439826965,0.007973197847604752,0.010589140990611385,0.13650576770305634
18800,0.1261480450630188,0.9513333439826965,0.007953803054988384,0.01059340498693779,0.13652604818344116
18825,0.126143679022789,0.9513333439826965,0.007935784757137299,0.010567593897037174,0.1365462839603424
18850,0.126139298081398,0.9513333439826965,0.0079575814306736,0.010570514730021581,0.13656651973724365
18875,0.1261349320411682,0.9513333439826965,0.007971033453941345,0.010591748596716707,0.1365867406129837
18900,0.12613053619861603,0.9513333439826965,0.007979345507919788,0.010585778119904613,0.13660705089569092
18925,0.12612614035606384,0.9513333439826965,0.007988100871443748,0.010608994220007205,0.13662752509117126
18950,0.12612172961235046,0.9513333439826965,0.007975858636200428,0.01060804079697126,0.13664814829826355
18975,0.12611733376979828,0.9513333439826965,0.008005707524716854,0.010613503776009867,0.13666878640651703
19000,0.1261129081249237,0.9513333439826965,0.007945135235786438,0.010604347972758473,0.13668949902057648
19025,0.12610851228237152,0.9513333439826965,0.007983989082276821,0.010626739175390977,0.13671042025089264
19050,0.12610410153865814,0.9513333439826965,0.008007844910025597,0.01062489360208114,0.13673135638237
19075,0.12609969079494476,0.9513333439826965,0.00799652561545372,0.010637506957876429,0.13675230741500854
19100,0.1260952651500702,0.9513333439826965,0.00798014085739851,0.01062351199456603,0.13677330315113068
19125,0.1260908544063568,0.9513333439826965,0.007965344935655594,0.010608642642655094,0.1367942988872528
19150,0.12608645856380463,0.9513333439826965,0.007968788966536522,0.01062016345291558,0.13681535422801971
19175,0.12608204782009125,0.9513750076293945,0.007997840642929077,0.010635205159332153,0.1368364542722702
19200,0.12607762217521667,0.9513750076293945,0.008017797954380512,0.010637444952208376,0.13685756921768188
19225,0.1260731816291809,0.9513750076293945,0.007995163090527058,0.010649274480763858,0.13687863945960999
19250,0.12606874108314514,0.9513750076293945,0.008011833764612675,0.010649149284635213,0.13689973950386047
19275,0.12606431543827057,0.9513750076293945,0.007981757633388042,0.010637144557106707,0.13692082464694977
19300,0.126059889793396,0.9513750076293945,0.007984193973243237,0.010639578971919044,0.13694190979003906
19325,0.12605547904968262,0.9513750076293945,0.007967237383127213,0.010642463746564416,0.13696298003196716
19350,0.12605106830596924,0.9513750076293945,0.007961388677358627,0.010651093133071691,0.13698416948318481
19375,0.12604664266109467,0.9513750076293945,0.007979135029017925,0.010649442580590262,0.13700535893440247
19400,0.1260422170162201,0.9514166712760925,0.00800760556012392,0.010660420097833653,0.1370266079902649
19425,0.12603776156902313,0.9514166712760925,0.008045592345297337,0.010662285905485753,0.13704794645309448
19450,0.12603330612182617,0.9514166712760925,0.008043183945119381,0.010675976565826382,0.13706934452056885
19475,0.12602883577346802,0.9514166712760925,0.008045649155974388,0.010679995241499974,0.13709072768688202
19500,0.12602436542510986,0.9514166712760925,0.008045992814004421,0.010686018233233405,0.1371121108531952
19525,0.1260198950767517,0.9514166712760925,0.008065569214522839,0.010694546783160926,0.13713352382183075
19550,0.12601540982723236,0.9514166712760925,0.008087570779025555,0.010710752532400798,0.13715499639511108
19575,0.12601090967655182,0.9514583349227905,0.008082537911832333,0.010695376205407848,0.13717655837535858
19600,0.12600640952587128,0.9514583349227905,0.008078400045633316,0.010710667815791353,0.13719795644283295
19625,0.12600192427635193,0.9514583349227905,0.008035872131586075,0.010685582046219761,0.13721925020217896
19650,0.12599746882915497,0.9514583349227905,0.008030031807720661,0.010673997118888208,0.13724051415920258
19675,0.12599298357963562,0.9514583349227905,0.008034500293433666,0.010669453257107093,0.13726182281970978
19700,0.12598854303359985,0.9514166712760925,0.008000337518751621,0.01067098849789954,0.13728320598602295
19725,0.1259840875864029,0.9514583349227905,0.008035361766815186,0.010682432188893304,0.1373046189546585
19750,0.12597961723804474,0.9514583349227905,0.008032422512769699,0.010689986462879535,0.1373259425163269
19775,0.1259751319885254,0.9514583349227905,0.008028227835893631,0.010695565050894253,0.1373472660779953
19800,0.12597067654132843,0.9514583349227905,0.008012721315026283,0.010690798886277643,0.1373685598373413
19825,0.12596622109413147,0.9514583349227905,0.008051680400967598,0.010674875566156585,0.13738980889320374
19850,0.12596173584461212,0.9514583349227905,0.008098484948277473,0.01066743150671805,0.1374109983444214
19875,0.12595725059509277,0.9514583349227905,0.008116991259157658,0.010692104812127914,0.1374322474002838
19900,0.12595275044441223,0.9514583349227905,0.008122900500893593,0.010679906018782711,0.13745366036891937
19925,0.12594826519489288,0.9514583349227905,0.008069435134530067,0.010686152042932955,0.13747501373291016
19950,0.12594377994537354,0.9514583349227905,0.008081682957708836,0.010673223655970171,0.13749636709690094
19975,0.1259392946958542,0.9514583349227905,0.008091292344033718,0.010682649021817349,0.13751772046089172
20000,0.12593477964401245,0.9514583349227905,0.00812737550586462,0.010692543847845017,0.13753896951675415
20025,0.1259302794933319,0.9514583349227905,0.00810399278998375,0.010695681120062188,0.13756029307842255
20050,0.12592577934265137,0.9514583349227905,0.008107069879770279,0.010691285474075784,0.13758163154125214
20075,0.12592127919197083,0.9514583349227905,0.008122229017317295,0.010696063894644196,0.13760310411453247
20100,0.1259167641401291,0.9514583349227905,0.008115255273878574,0.010703304108892026,0.13762463629245758
20125,0.12591224908828735,0.9514583349227905,0.00813131034374237,0.010713113336131399,0.13764619827270508
20150,0.12590773403644562,0.9514583349227905,0.008128678426146507,0.010711389748065006,0.137667715549469
20175,0.1259032040834427,0.9514583349227905,0.008137292228639126,0.010714853901645673,0.13768921792507172
20200,0.12589867413043976,0.9514583349227905,0.008140905760228634,0.010710579204894105,0.1377108097076416
20225,0.12589414417743683,0.9514583349227905,0.008153757080435753,0.010727318550874995,0.13773243129253387
20250,0.1258895993232727,0.9514583349227905,0.008186353370547295,0.01074623236273944,0.13775406777858734
20275,0.1258850246667862,0.9514583349227905,0.008192822337150574,0.010738465029464801,0.1377757489681244
20300,0.12588046491146088,0.9514583349227905,0.008213894441723824,0.010752277818186896,0.13779744505882263
20325,0.12587589025497437,0.9514583349227905,0.008231140673160553,0.010749355255695129,0.13781927525997162
20350,0.12587131559848785,0.9514583349227905,0.008207978680729866,0.010750064082768924,0.13784126937389374
20375,0.12586675584316254,0.9514583349227905,0.008176528848707676,0.010765282772127658,0.13786335289478302
20400,0.12586219608783722,0.9514999985694885,0.008171643130481243,0.010752290627319099,0.1378854513168335
20425,0.1258576512336731,0.9514999985694885,0.008122528903186321,0.010752609976967958,0.13790751993656158
20450,0.12585309147834778,0.9514999985694885,0.008154792711138725,0.010753467742219159,0.13792961835861206
20475,0.12584854662418365,0.9514999985694885,0.008135687559843063,0.010757362874005742,0.13795176148414612
20500,0.12584400177001953,0.9514999985694885,0.00813169777393341,0.010750250397658357,0.13797396421432495
20525,0.1258394569158554,0.9514999985694885,0.008151824586093426,0.01075822380873227,0.13799619674682617
20550,0.1258348971605301,0.9514999985694885,0.008161349222064018,0.010764309700375747,0.13801835477352142
20575,0.12583033740520477,0.9514999985694885,0.008125272579491138,0.010735345854626141,0.13804049789905548
20600,0.12582580745220184,0.9514999985694885,0.008120807819068432,0.010736721683122058,0.1380627453327179
20625,0.1258212924003601,0.9514999985694885,0.008119006641209126,0.010716200756061344,0.1380850374698639
20650,0.12581677734851837,0.9514999985694885,0.008123052306473255,0.010724690013967173,0.13810740411281586
20675,0.12581224739551544,0.9514999985694885,0.008161427453160286,0.010724435833294363,0.1381298154592514
20700,0.12580770254135132,0.9514999985694885,0.008160174824297428,0.010722715838108802,0.13815218210220337
20725,0.1258031576871872,0.9514999985694885,0.008158997632563114,0.010726831535030644,0.13817457854747772
20750,0.12579862773418427,0.9514999985694885,0.008141927421092987,0.01072590339504116,0.13819709420204163
20775,0.12579409778118134,0.9514999985694885,0.008123093284666538,0.010724738692950523,0.1382196843624115
20800,0.1257895678281784,0.9514999985694885,0.008140096440911293,0.010726501392193217,0.13824233412742615
20825,0.12578503787517548,0.9514999985694885,0.008141334168612957,0.010743058897581726,0.13826507329940796
20850,0.12578049302101135,0.9514999985694885,0.008153286762535572,0.010751189480000166,0.13828785717487335
20875,0.12577593326568604,0.9514999985694885,0.008136685006320477,0.010750707697287618,0.13831071555614471
20900,0.1257714182138443,0.9514999985694885,0.008131854236125946,0.01073953759702604,0.1383335441350937
20925,0.12576687335968018,0.9514583349227905,0.008141372352838516,0.010750783917367826,0.13835637271404266
20950,0.12576234340667725,0.9514583349227905,0.008142772130668163,0.010749588295003693,0.13837920129299164
20975,0.12575779855251312,0.9514583349227905,0.008108009584248066,0.010755855085963556,0.13840214908123016
21000,0.125753253698349,0.9514583349227905,0.008076410740613937,0.010754293815621391,0.13842511177062988
21025,0.12574873864650726,0.9514583349227905,0.008069111034274101,0.010760623670057685,0.13844811916351318
21050,0.12574422359466553,0.9514583349227905,0.008046507835388184,0.01076285447434372,0.13847118616104126
21075,0.1257397085428238,0.9514583349227905,0.008061875589191914,0.010770327193732611,0.1384943127632141
21100,0.12573517858982086,0.9514583349227905,0.008064107038080692,0.010774699509471509,0.13851739466190338
21125,0.12573063373565674,0.9514583349227905,0.00809286069124937,0.010781959290475634,0.13854049146175385
21150,0.1257261037826538,0.9514999985694885,0.008063023909926414,0.010789150020140092,0.13856352865695953
21175,0.12572157382965088,0.9514999985694885,0.008049975149333477,0.010795413270719678,0.13858649134635925
21200,0.12571704387664795,0.9514999985694885,0.008060441352427006,0.01080457729820189,0.13860945403575897
21225,0.12571249902248383,0.9514999985694885,0.008051943965256214,0.010804906190413506,0.13863231241703033
21250,0.1257079392671585,0.9514999985694885,0.00804304052144289,0.010816734319537844,0.13865521550178528
21275,0.12570340931415558,0.9514999985694885,0.008041402325034142,0.010799892871774542,0.1386781632900238
21300,0.12569887936115265,0.9514999985694885,0.00803169421851635,0.010796095187304042,0.13870100677013397
21325,0.12569434940814972,0.9514999985694885,0.008037352934479713,0.010792385429531655,0.13872383534908295
21350,0.1256898194551468,0.9514999985694885,0.008047359995543957,0.0107977956584802,0.13874675333499908
21375,0.12568527460098267,0.9514999985694885,0.008013194426894188,0.01080807119280959,0.13876973092556
21400,0.12568075954914093,0.9514999985694885,0.008025489747524261,0.010804642480581906,0.13879281282424927
21425,0.1256762444972992,0.9514999985694885,0.0080052949488163,0.010806031122835114,0.1388160139322281
21450,0.12567171454429626,0.9514999985694885,0.007995056919753551,0.01081333255177306,0.13883920013904572
21475,0.12566719949245453,0.9514999985694885,0.007994892075657845,0.010821484897356643,0.1388622373342514
21500,0.1256626844406128,0.9514999985694885,0.007986297830939293,0.010818480197880434,0.1388852596282959
21525,0.12565813958644867,0.9514999985694885,0.008018176071345806,0.01083599903566827,0.138908252120018
21550,0.12565357983112335,0.9514999985694885,0.008051710203289986,0.010835063871085172,0.13893137872219086
21575,0.12564902007579803,0.9514999985694885,0.008051666431128979,0.010841784222306578,0.13895456492900848
21600,0.1256444752216339,0.9514999985694885,0.008028780110180378,0.010850441512644894,0.1389777809381485
21625,0.1256399154663086,0.9514999985694885,0.008032557554543018,0.010852014185001181,0.1390010565519333
21650,0.12563537061214447,0.9514999985694885,0.008046714588999748,0.010858264777191616,0.13902434706687927
21675,0.12563078105449677,0.9514583349227905,0.008038344793021679,0.010869966968664798,0.13904763758182526
21700,0.12562620639801025,0.9514583349227905,0.008055729791522026,0.010895229272587287,0.13907091319561005
21725,0.12562161684036255,0.9514583349227905,0.008045916445553303,0.010886427411400574,0.13909415900707245
21750,0.12561702728271484,0.9514583349227905,0.0080498605966568,0.010888705160730603,0.13911733031272888
21775,0.12561246752738953,0.9514583349227905,0.008003183640539646,0.010912672753667009,0.1391405165195465
21800,0.12560786306858063,0.9514583349227905,0.00803618784993887,0.010902389083901705,0.13916361331939697
21825,0.12560328841209412,0.9514583349227905,0.008024645037949085,0.010913070176759654,0.1391867697238922
21850,0.1255986988544464,0.9514583349227905,0.00801866315305233,0.010920169093455126,0.13921000063419342
21875,0.1255941092967987,0.9514583349227905,0.008021238259971142,0.010923560710611476,0.13923324644565582
21900,0.125589519739151,0.9514583349227905,0.008029069751501083,0.010924387171321147,0.13925649225711823
21925,0.1255849152803421,0.9514583349227905,0.008013737387955189,0.0109263585683148,0.1392797976732254
21950,0.1255803406238556,0.9514583349227905,0.007980194874107838,0.010925936072330807,0.13930310308933258
21975,0.12557576596736908,0.9514583349227905,0.007992318831384182,0.010926561565361868,0.13932637870311737
22000,0.12557119131088257,0.9514583349227905,0.007985374890267849,0.010926447329172528,0.13934971392154694
22025,0.12556660175323486,0.9514583349227905,0.00795250479131937,0.010934605587471401,0.1393730491399765
22050,0.12556205689907074,0.9514583349227905,0.007907602936029434,0.010920590772338014,0.1393963247537613
22075,0.12555751204490662,0.9514583349227905,0.00791345164179802,0.010916096205532941,0.13941971957683563
22100,0.1255529671907425,0.9514583349227905,0.007904082536697388,0.010900281036517525,0.13944314420223236
22125,0.12554843723773956,0.9514583349227905,0.007915662601590157,0.010897976679933115,0.1394665539264679
22150,0.12554390728473663,0.9514583349227905,0.007926560938358307,0.01089906686374945,0.13948996365070343
22175,0.1255393624305725,0.9514583349227905,0.007957179099321365,0.010906043336229541,0.13951335847377777
22200,0.1255348026752472,0.9514583349227905,0.007959465496242046,0.010922169165571132,0.1395368129014969
22225,0.12553025782108307,0.9514583349227905,0.007962007075548172,0.01091358739686711,0.13956023752689362
22250,0.12552566826343536,0.9514999985694885,0.00796393770724535,0.010900818206641533,0.13958367705345154
22275,0.12552112340927124,0.9514999985694885,0.007973067462444305,0.010897615997952602,0.13960720598697662
22300,0.12551656365394592,0.9514999985694885,0.007992167957127094,0.010900043503633284,0.13963085412979126
22325,0.1255119889974594,0.9514999985694885,0.008028379641473293,0.010888620360941889,0.1396545171737671
22350,0.1255073994398117,0.9514999985694885,0.008037623949348927,0.010904178071302098,0.13967818021774292
22375,0.1255028247833252,0.9514999985694885,0.008032778277993202,0.010894647350519317,0.13970185816287994
22400,0.12549825012683868,0.9515416622161865,0.008026410825550556,0.010910803222924485,0.13972558081150055
22425,0.12549364566802979,0.9515416622161865,0.008079731836915016,0.010916492305373116,0.13974939286708832
22450,0.1254890263080597,0.9515416622161865,0.008072782307863235,0.010938290557057324,0.13977323472499847
22475,0.1254844069480896,0.9515833258628845,0.008069160394370556,0.010929733846001053,0.13979697227478027
22500,0.1254798024892807,0.9515833258628845,0.008036387152969837,0.010937886772121864,0.13982072472572327
22525,0.1254751980304718,0.9515833258628845,0.008043362759053707,0.010940531210089413,0.13984443247318268
22550,0.1254705786705017,0.9515833258628845,0.008042881265282631,0.010945594712406484,0.13986817002296448
22575,0.12546595931053162,0.9515833258628845,0.008046278730034828,0.010934455602090942,0.13989198207855225
22600,0.1254613697528839,0.9515833258628845,0.008006329648196697,0.010937978138610875,0.1399158090353012
22625,0.1254567801952362,0.9515833258628845,0.008016874082386494,0.010923760372026067,0.13993963599205017
22650,0.1254521906375885,0.9515833258628845,0.007992594502866268,0.010927180277343037,0.13996358215808868
22675,0.125447615981102,0.9515833258628845,0.00800655409693718,0.010936776208672531,0.1399875283241272
22700,0.1254430115222931,0.9515833258628845,0.008029095828533173,0.010915442414217392,0.14001142978668213
22725,0.12543843686580658,0.9515833258628845,0.008014008402824402,0.010914663245398349,0.14003530144691467
22750,0.12543386220932007,0.9515833258628845,0.00800552498549223,0.010909925626301565,0.1400592029094696
22775,0.12542925775051117,0.9515833258628845,0.008019172586500645,0.010928460767373353,0.14008314907550812
22800,0.12542466819286346,0.9515416622161865,0.008021348156034946,0.010930070729212527,0.1401071697473526
22825,0.12542007863521576,0.9515416622161865,0.008021239191293716,0.01092218257243958,0.14013126492500305
22850,0.12541548907756805,0.9515416622161865,0.008045206777751446,0.01093816413777296,0.14015544950962067
22875,0.12541086971759796,0.9515416622161865,0.008056407794356346,0.010937933269497201,0.1401796042919159
22900,0.12540626525878906,0.9515416622161865,0.008047569543123245,0.010945554753485904,0.14020384848117828
22925,0.12540164589881897,0.9515416622161865,0.00809529609978199,0.010944644547973219,0.14022813737392426
22950,0.12539701163768768,0.9515416622161865,0.008078143931925297,0.010951124272059123,0.14025238156318665
22975,0.1253923922777176,0.9515416622161865,0.008067570626735687,0.010939013991957961,0.14027652144432068
23000,0.1253877729177475,0.9515416622161865,0.008099864237010479,0.010944252093756946,0.1403006762266159
23025,0.1253831535577774,0.9515416622161865,0.008094454184174538,0.01092423595764392,0.14032481610774994
23050,0.12537851929664612,0.9515416622161865,0.00811774656176567,0.01094052218771907,0.14034894108772278
23075,0.12537387013435364,0.9515416622161865,0.008121835999190807,0.010942165047840752,0.1403731107711792
23100,0.12536923587322235,0.9515416622161865,0.008098069578409195,0.010940548429429254,0.14039723575115204
23125,0.12536460161209106,0.9515416622161865,0.008075733669102192,0.010948941235249653,0.1404215395450592
23150,0.12535998225212097,0.9515416622161865,0.008066890761256218,0.010942663864661724,0.14044597744941711
23175,0.12535536289215088,0.9515416622161865,0.00804313737899065,0.010944710586763372,0.14047043025493622
23200,0.1253507435321808,0.9515416622161865,0.008057945407927036,0.01096207291337776,0.14049480855464935
23225,0.1253461241722107,0.9515416622161865,0.008058901876211166,0.010964789522208094,0.14051908254623413
23250,0.1253414899110794,0.9515416622161865,0.00808345153927803,0.010978801511759284,0.14054334163665771
23275,0.12533682584762573,0.9515416622161865,0.008096530102193356,0.010984039023463394,0.1405676007270813
23300,0.12533219158649445,0.9515416622161865,0.008068886585533619,0.010988172132978896,0.14059185981750488
23325,0.12532754242420197,0.9515416622161865,0.008075484074652195,0.010994882552513172,0.14061616361141205
23350,0.1253228783607483,0.9515416622161865,0.00807169545441866,0.010992577453273675,0.14064043760299683
23375,0.1253182291984558,0.9515416622161865,0.008075977675616741,0.01099427311140359,0.1406647264957428
23400,0.12531358003616333,0.9515416622161865,0.00809670053422451,0.010989947833530276,0.14068903028964996
23425,0.12530891597270966,0.9515416622161865,0.00811174139380455,0.010994273256948675,0.14071336388587952
23450,0.12530425190925598,0.9515416622161865,0.00810820423066616,0.01098173448938659,0.14073768258094788
23475,0.1252996027469635,0.9515416622161865,0.008081063628196716,0.010985411035279793,0.14076198637485504
23500,0.12529496848583221,0.9515416622161865,0.008107081055641174,0.011010746204868428,0.14078634977340698
23525,0.12529027462005615,0.9515416622161865,0.008092653006315231,0.011006601882500836,0.14081081748008728
23550,0.12528562545776367,0.9515416622161865,0.008119337260723114,0.011010418411976657,0.1408352255821228
23575,0.1252809464931488,0.9515416622161865,0.008129201829433441,0.011018854838282134,0.1408597230911255
23600,0.12527626752853394,0.9515416622161865,0.008103331550955772,0.011017904242027001,0.1408841609954834
23625,0.12527155876159668,0.9514999985694885,0.008101158775389194,0.011039714271193784,0.14090855419635773
23650,0.1252668797969818,0.9514999985694885,0.008128748275339603,0.011043069269913965,0.14093300700187683
23675,0.12526217103004456,0.9514999985694885,0.008164173923432827,0.011048878702758492,0.14095750451087952
23700,0.1252574622631073,0.9514999985694885,0.00813018623739481,0.01105615804660105,0.14098215103149414
23725,0.12525276839733124,0.9514999985694885,0.008146674372255802,0.011061062198978575,0.14100684225559235
23750,0.1252480447292328,0.9514999985694885,0.008138062432408333,0.01107098283546267,0.14103153347969055
23775,0.12524332106113434,0.9514999985694885,0.008137794211506844,0.011082311842157118,0.14105622470378876
23800,0.1252385973930359,0.9514999985694885,0.008170053362846375,0.011064104601950892,0.14108094573020935
23825,0.12523385882377625,0.9514999985694885,0.008196675218641758,0.011084562103284838,0.14110566675662994
23850,0.1252291202545166,0.9514999985694885,0.008191877044737339,0.011091754430982929,0.14113052189350128
23875,0.12522436678409576,0.9514999985694885,0.008226225152611732,0.011069753651432984,0.14115537703037262
23900,0.12521961331367493,0.9514999985694885,0.008207496255636215,0.011072904197020585,0.14118023216724396
23925,0.1252148598432541,0.9514999985694885,0.008228070102632046,0.011081281622472404,0.1412050873041153
23950,0.12521009147167206,0.9514999985694885,0.008233996108174324,0.011084258077166483,0.14122995734214783
23975,0.12520533800125122,0.9514999985694885,0.008216495625674725,0.01110230446076507,0.14125484228134155
24000,0.1252005696296692,0.9515416622161865,0.008235481567680836,0.011098584121473977,0.14127974212169647
24025,0.12519580125808716,0.9515416622161865,0.00819623563438654,0.011127169366596874,0.14130452275276184
24050,0.12519101798534393,0.9515416622161865,0.008182265795767307,0.011146228421772611,0.1413293033838272
24075,0.1251862347126007,0.9515416622161865,0.008202598430216312,0.011137723133922434,0.14135412871837616
24100,0.12518145143985748,0.9515416622161865,0.008220375515520573,0.01114164105555132,0.1413789689540863
24125,0.12517666816711426,0.9515416622161865,0.008216260932385921,0.011127125780634961,0.14140382409095764
24150,0.12517186999320984,0.9515416622161865,0.008233015425503254,0.01114127871072457,0.14142870903015137
24175,0.12516707181930542,0.9515416622161865,0.008266565389931202,0.011157464340603288,0.14145362377166748
24200,0.1251622438430786,0.9515416622161865,0.00827744510024786,0.011155205905838296,0.14147844910621643
24225,0.125157430768013,0.9515416622161865,0.008285460993647575,0.011149123698825054,0.14150336384773254
24250,0.1251526027917862,0.9515416622161865,0.008294424042105675,0.011156048878638514,0.14152836799621582
24275,0.12514778971672058,0.9515833258628845,0.008271532133221626,0.011159935111746577,0.1415533423423767
24300,0.12514296174049377,0.9515833258628845,0.008262135088443756,0.011151262951397295,0.14157834649085999
24325,0.12513814866542816,0.9515833258628845,0.008289993740618229,0.011155484252692678,0.14160341024398804
24350,0.12513330578804016,0.9515833258628845,0.008269564248621464,0.011170240972785583,0.14162856340408325
24375,0.12512847781181335,0.9515833258628845,0.008274590596556664,0.011183568277398269,0.14165379106998444
24400,0.12512363493442535,0.9515833258628845,0.008282165043056011,0.011184278981052953,0.14167910814285278
24425,0.12511880695819855,0.9515833258628845,0.008280464448034763,0.01118616436289466,0.14170444011688232
24450,0.12511396408081055,0.9515833258628845,0.00828651711344719,0.011195203302117228,0.14172981679439545
24475,0.12510910630226135,0.9515416622161865,0.008297877386212349,0.011198755270477057,0.1417551040649414
24500,0.12510424852371216,0.9515416622161865,0.008316212333738804,0.011204122724091957,0.1417803317308426
24525,0.12509939074516296,0.9515416622161865,0.008312875404953957,0.011203264202098183,0.14180564880371094
24550,0.12509451806545258,0.9515416622161865,0.00826333649456501,0.011199089862478364,0.14183098077774048
24575,0.12508970499038696,0.9515416622161865,0.008254941552877426,0.0111865659477137,0.14185655117034912
24600,0.12508486211299896,0.9515416622161865,0.008267739787697792,0.01119252409633844,0.14188219606876373
24625,0.12508001923561096,0.9515416622161865,0.008261846378445625,0.011216272566365464,0.14190781116485596
24650,0.12507516145706177,0.9515416622161865,0.008265919052064419,0.011209767911133605,0.141933411359787
24675,0.12507033348083496,0.9515416622161865,0.008254826068878174,0.011212418239652796,0.14195910096168518
24700,0.12506549060344696,0.9515416622161865,0.008240495808422565,0.011214263450504275,0.14198482036590576
24725,0.12506063282489777,0.9515416622161865,0.008291639387607574,0.011228785407230683,0.14201055467128754
24750,0.125055730342865,0.9515416622161865,0.008342741057276726,0.011233607244496699,0.14203648269176483
24775,0.1250508427619934,0.9515416622161865,0.008373945951461792,0.011238165999277239,0.1420624703168869
24800,0.12504592537879944,0.9515416622161865,0.008408937603235245,0.011239595633053292,0.14208847284317017
24825,0.12504099309444427,0.9514999985694885,0.008398761041462421,0.011260066194083337,0.1421145498752594
24850,0.1250360608100891,0.9514999985694885,0.008386136963963509,0.011269447877361451,0.14214067161083221
24875,0.12503112852573395,0.9514999985694885,0.008399883285164833,0.011265937256736776,0.14216679334640503
24900,0.1250261813402176,0.9514999985694885,0.008392497897148132,0.011272757124545781,0.1421930342912674
24925,0.12502124905586243,0.9514999985694885,0.008385646156966686,0.01129448327529274,0.14221936464309692
24950,0.12501630187034607,0.9514999985694885,0.008387815207242966,0.011307486442743684,0.14224573969841003
24975,0.1250113546848297,0.9514999985694885,0.008385785855352879,0.011308309114973525,0.14227209985256195
25000,0.12500639259815216,0.9514999985694885,0.008355312049388885,0.011326225659025971,0.14229847490787506
25025,0.1250014454126358,0.9514999985694885,0.008350658230483532,0.011329037102700324,0.14232492446899414
25050,0.12499647587537766,0.9514999985694885,0.008372240699827671,0.011328955623376302,0.14235132932662964
25075,0.1249915137887001,0.9514999985694885,0.008378176018595695,0.011339796900042807,0.14237770438194275
25100,0.12498655170202255,0.9514999985694885,0.008344626054167747,0.011346259343121182,0.14240407943725586
25125,0.1249815970659256,0.9514999985694885,0.00836779922246933,0.011327094208100229,0.14243045449256897
25150,0.12497664242982864,0.9514999985694885,0.00836982112377882,0.011338595136361882,0.14245682954788208
25175,0.12497168034315109,0.9514999985694885,0.008377691730856895,0.011335818969978427,0.142483189702034
25200,0.12496671080589294,0.9514999985694885,0.008347812108695507,0.011330406669088135,0.14250952005386353
25225,0.12496177107095718,0.9514999985694885,0.008323168382048607,0.011331052483683568,0.14253582060337067
25250,0.12495681643486023,0.9514999985694885,0.008351816795766354,0.011350060533970672,0.14256209135055542
25275,0.12495183944702148,0.9515416622161865,0.008344309404492378,0.011359758859582196,0.14258837699890137
25300,0.12494687736034393,0.9515416622161865,0.00834553875029087,0.011362074022502493,0.1426147222518921
25325,0.12494191527366638,0.9515416622161865,0.00832486804574728,0.011365931695182381,0.142641082406044
25350,0.12493694573640823,0.9515416622161865,0.008358409628272057,0.011370164281662702,0.14266744256019592
25375,0.12493196129798889,0.9515416622161865,0.008357108570635319,0.011363903780264653,0.1426939070224762
25400,0.12492699176073074,0.9515416622161865,0.008352287113666534,0.011371861279935825,0.14272034168243408
25425,0.124922014772892,0.9515416622161865,0.008371030911803246,0.011368104925750482,0.14274683594703674
25450,0.12491703033447266,0.9515416622161865,0.008401838131248951,0.011371620327912743,0.1427733153104782
25475,0.12491202354431152,0.9515416622161865,0.008409958332777023,0.011390230072252401,0.14279989898204803
25500,0.1249070018529892,0.9515416622161865,0.008405422791838646,0.01138977745262304,0.1428266316652298
25525,0.12490199506282806,0.9515416622161865,0.008429031819105148,0.011387731935356991,0.14285334944725037
25550,0.12489697337150574,0.9515416622161865,0.008471768349409103,0.011405274751224957,0.14288008213043213
25575,0.12489192932844162,0.9515416622161865,0.00847574882209301,0.011407488883173588,0.14290691912174225
25600,0.12488687038421631,0.9515416622161865,0.008491439744830132,0.011417999554952036,0.14293381571769714
25625,0.124881811439991,0.9515833258628845,0.008492824621498585,0.011415897233919997,0.14296075701713562
25650,0.12487674504518509,0.9515833258628845,0.008484232239425182,0.01140846219097839,0.14298772811889648
25675,0.12487169355154037,0.9515833258628845,0.008515802212059498,0.011422341973978985,0.14301475882530212
25700,0.12486661970615387,0.9515833258628845,0.008531673811376095,0.011414776502583464,0.14304186403751373
25725,0.12486153095960617,0.9515833258628845,0.008560899645090103,0.011433691237839237,0.14306896924972534
25750,0.12485644221305847,0.9515833258628845,0.008531513623893261,0.011437109145708708,0.1430959850549698
25775,0.12485134601593018,0.9515833258628845,0.00853382982313633,0.011436440722951668,0.14312303066253662
25800,0.12484626471996307,0.9515833258628845,0.008515206165611744,0.011443802023042156,0.143150195479393
25825,0.12484116852283478,0.9515833258628845,0.008523556403815746,0.011450045927611398,0.1431773155927658
25850,0.12483607977628708,0.9515833258628845,0.008513377048075199,0.011437534284500372,0.1432044804096222
25875,0.12483098357915878,0.9515833258628845,0.008536347188055515,0.011430876604800655,0.14323174953460693
25900,0.12482591718435287,0.9515833258628845,0.008495747111737728,0.011430780040613583,0.14325910806655884
25925,0.12482085078954697,0.9515833258628845,0.008496291004121304,0.01143878272456937,0.14328652620315552
25950,0.12481576204299927,0.9515416622161865,0.008512092754244804,0.011446182882272633,0.14331397414207458
25975,0.12481068074703217,0.9515416622161865,0.008508136495947838,0.011458535570288999,0.14334148168563843
26000,0.12480559200048447,0.9515416622161865,0.008501647971570492,0.01144820625548526,0.14336906373500824
26025,0.12480050325393677,0.9515416622161865,0.008499079383909702,0.011451562364046845,0.14339667558670044
26050,0.12479542940855026,0.9515416622161865,0.008488698862493038,0.0114514851792571,0.1434243619441986
26075,0.12479033321142197,0.9515416622161865,0.008537021465599537,0.011460362281326686,0.14345206320285797
26100,0.12478521466255188,0.9515416622161865,0.008566243574023247,0.011470948236066154,0.1434796303510666
26125,0.1247800961136818,0.9514999985694885,0.008559705689549446,0.011489610529058092,0.1435071974992752
26150,0.12477496266365051,0.9514999985694885,0.008562740869820118,0.011490873770187211,0.14353476464748383
26175,0.12476981431245804,0.9514999985694885,0.008584780618548393,0.011491717212750677,0.1435624063014984
26200,0.12476469576358795,0.9514999985694885,0.00852918904274702,0.011499065928604854,0.14359021186828613
26225,0.12475956231355667,0.9514999985694885,0.008530601859092712,0.011494193763797256,0.14361804723739624
26250,0.12475444376468658,0.9514999985694885,0.008536440320312977,0.011502074266176002,0.1436460167169571
26275,0.1247493103146553,0.9514999985694885,0.008577699773013592,0.011504653015992681,0.14367401599884033
26300,0.12474416941404343,0.9515416622161865,0.008580058813095093,0.011522052226478788,0.14370208978652954
26325,0.12473901361227036,0.9515416622161865,0.008580378256738186,0.011520081750778755,0.14373014867305756
26350,0.12473384290933609,0.9515416622161865,0.008619919419288635,0.011527398963530647,0.143758162856102
26375,0.12472867965698242,0.9515416622161865,0.008590367622673512,0.011527464369180306,0.1437862664461136
26400,0.12472351640462875,0.9515416622161865,0.008563971146941185,0.011532510395563841,0.1438143402338028
26425,0.12471836060285568,0.9515416622161865,0.008553965017199516,0.011531345536773697,0.14384247362613678
26450,0.12471321225166321,0.9515416622161865,0.008553757332265377,0.011541021934223468,0.14387066662311554
26475,0.12470805644989014,0.9515416622161865,0.008564578369259834,0.011548807361343847,0.1438988596200943
26500,0.12470287829637527,0.9515416622161865,0.008568844757974148,0.011565969855364571,0.14392705261707306
26525,0.1246977150440216,0.9515416622161865,0.008565276861190796,0.011559234454820136,0.14395523071289062
26550,0.12469255179166794,0.9515833258628845,0.008499177172780037,0.011567173137868817,0.14398343861103058
26575,0.12468739598989487,0.9515833258628845,0.00853411853313446,0.011556119220961432,0.14401164650917053
26600,0.1246822327375412,0.9515833258628845,0.008532105013728142,0.011569978137894349,0.14403992891311646
26625,0.12467706203460693,0.9515833258628845,0.00854523479938507,0.011566528693685877,0.14406830072402954
26650,0.12467189133167267,0.9515833258628845,0.008555401116609573,0.011585861300065371,0.14409658312797546
26675,0.12466670572757721,0.9515833258628845,0.00856796931475401,0.01159140189638786,0.1441248208284378
26700,0.12466152012348175,0.9515833258628845,0.008557382971048355,0.011592365095183287,0.14415310323238373
26725,0.1246563270688057,0.9516249895095825,0.008533165790140629,0.011606947486792295,0.14418131113052368
26750,0.12465111911296844,0.9516249895095825,0.008601058274507523,0.011609655203592908,0.144209623336792
26775,0.1246459111571312,0.9516249895095825,0.008614752441644669,0.011616101679687761,0.14423798024654388
26800,0.12464069575071335,0.9516249895095825,0.008608411066234112,0.011593109975400678,0.14426633715629578
26825,0.1246354877948761,0.9516666531562805,0.008575229905545712,0.01160998459381385,0.14429469406604767
26850,0.12463027983903885,0.9516666531562805,0.008620874024927616,0.011608160627714685,0.14432311058044434
26875,0.1246250569820404,0.9516666531562805,0.00859893299639225,0.011622268928229498,0.14435157179832458
26900,0.12461983412504196,0.9516666531562805,0.008620396256446838,0.011613066250331884,0.14438001811504364
26925,0.12461460381746292,0.9516666531562805,0.008641567081212997,0.011612478477300901,0.14440849423408508
26950,0.12460937350988388,0.9516666531562805,0.008615643717348576,0.011632486740347994,0.1444370001554489
26975,0.12460413575172424,0.9516666531562805,0.008650688454508781,0.011622197516603424,0.1444656252861023
27000,0.12459888309240341,0.9516666531562805,0.008630759082734585,0.01163396064228787,0.14449429512023926
27025,0.12459363788366318,0.9516666531562805,0.008623020723462105,0.011640063306383713,0.14452297985553741
27050,0.12458840012550354,0.9516666531562805,0.008615310303866863,0.011642132698487304,0.14455178380012512
27075,0.1245831698179245,0.9516666531562805,0.008593318052589893,0.011637648237086797,0.14458060264587402
27100,0.12457793951034546,0.9516666531562805,0.008576574735343456,0.011638725865262236,0.14460936188697815
27125,0.12457272410392761,0.9516666531562805,0.008546623401343822,0.011636532858756437,0.14463810622692108
27150,0.12456751614809036,0.9516666531562805,0.008583498187363148,0.011617422823103832,0.1446669101715088
27175,0.12456229329109192,0.9516666531562805,0.008603244088590145,0.01162707438670588,0.1446956992149353
27200,0.12455706298351288,0.9516666531562805,0.008611422963440418,0.011637125938409914,0.14472448825836182
27225,0.12455181777477264,0.9516666531562805,0.008641405031085014,0.011636101131271401,0.14475330710411072
27250,0.12454656511545181,0.9517083168029785,0.008629451505839825,0.011656889910799583,0.14478212594985962
27275,0.12454129755496979,0.9517083168029785,0.008637738414108753,0.011658260274915068,0.14481103420257568
27300,0.12453603744506836,0.9517083168029785,0.008674997836351395,0.011649708344430033,0.14484010636806488
27325,0.12453077733516693,0.9517083168029785,0.008615977130830288,0.011657909841905761,0.14486923813819885
27350,0.1245255097746849,0.9517083168029785,0.008631027303636074,0.011669736524347486,0.14489831030368805
27375,0.12452024221420288,0.9517083168029785,0.008660806342959404,0.011673645591663126,0.1449274718761444
27400,0.12451497465372086,0.9517083168029785,0.008656414225697517,0.011672937834818474,0.14495666325092316
27425,0.12450968474149704,0.9517083168029785,0.00864560529589653,0.01169867500817766,0.1449858844280243
27450,0.12450437992811203,0.9517083168029785,0.00868163350969553,0.011715422930693727,0.14501523971557617
27475,0.12449906021356583,0.9517083168029785,0.008682924322783947,0.01172169853485251,0.14504459500312805
27500,0.12449376285076141,0.9517083168029785,0.008672273717820644,0.011734564360403887,0.1450740247964859
27525,0.12448843568563461,0.9517083168029785,0.00868042092770338,0.011729272778492702,0.14510340988636017
27550,0.12448311597108841,0.9517083168029785,0.00869976170361042,0.011729384131955942,0.145132914185524
27575,0.12447778135538101,0.9517083168029785,0.008682581596076488,0.011738664612880537,0.14516231417655945
27600,0.12447246164083481,0.9517083168029785,0.008665169589221478,0.011740853482417107,0.1451917290687561
27625,0.1244671419262886,0.9517083168029785,0.008653717115521431,0.011747668315774517,0.14522108435630798
27650,0.12446180731058121,0.9517083168029785,0.008664420805871487,0.011737190217906663,0.1452503651380539
27675,0.1244565024971962,0.9517083168029785,0.008630940690636635,0.011747252620637832,0.1452796310186386
27700,0.12445119023323059,0.9517083168029785,0.008623099885880947,0.011744689584279017,0.14530889689922333
27725,0.12444587796926498,0.9517083168029785,0.008611494675278664,0.011756051489745404,0.1453382670879364
27750,0.12444058805704117,0.9517083168029785,0.008607429452240467,0.011763922830830968,0.14536774158477783
27775,0.12443528324365616,0.9517083168029785,0.008605617098510265,0.011774108650691804,0.14539730548858643
27800,0.12442994862794876,0.9517083168029785,0.008653735741972923,0.011756909324708428,0.14542683959007263
27825,0.12442464381456375,0.9517083168029785,0.00864293985068798,0.011760341768292742,0.14545640349388123
27850,0.12441930919885635,0.9517083168029785,0.008656871505081654,0.011761204778539083,0.1454860419034958
27875,0.12441398203372955,0.9516666531562805,0.008628827519714832,0.01177619320035399,0.1455157995223999
27900,0.12440864741802216,0.9516666531562805,0.008641882799565792,0.011786338648228234,0.14554567635059357
27925,0.12440332025289536,0.9516666531562805,0.008671398274600506,0.011779343304916331,0.1455756276845932
27950,0.12439797073602676,0.9516666531562805,0.008649302646517754,0.011806434592754567,0.14560562372207642
27975,0.12439260631799698,0.9516666531562805,0.00868150219321251,0.011779067464067464,0.14563563466072083
28000,0.12438725680112839,0.9516666531562805,0.008679068647325039,0.011792759035041825,0.14566570520401
28025,0.1243819072842598,0.9517083168029785,0.008643283508718014,0.011783196852845162,0.14569571614265442
28050,0.12437658756971359,0.9517083168029785,0.00867026299238205,0.011759934993959468,0.14572569727897644
28075,0.124371238052845,0.9517083168029785,0.008659732528030872,0.011773555294278149,0.14575567841529846
28100,0.1243659108877182,0.9517083168029785,0.008627289906144142,0.011771552817382139,0.14578573405742645
28125,0.1243605837225914,0.9517083168029785,0.008614933118224144,0.011798915013901842,0.14581583440303802
28150,0.1243552416563034,0.9517083168029785,0.008647264912724495,0.01179769489799357,0.14584596455097198
28175,0.12434989213943481,0.9517083168029785,0.008658994920551777,0.01180129759743531,0.14587610960006714
28200,0.12434454262256622,0.9517083168029785,0.008664844557642937,0.011809872601446818,0.14590628445148468
28225,0.12433917820453644,0.9517083168029785,0.008656623773276806,0.01181994248797234,0.14593638479709625
28250,0.12433381378650665,0.9517083168029785,0.008669665083289146,0.011841802622232412,0.1459665447473526
28275,0.12432842701673508,0.9517083168029785,0.008668194524943829,0.011840732355811167,0.1459967941045761
28300,0.1243230476975441,0.9517499804496765,0.008672207593917847,0.011839855509423113,0.14602713286876678
28325,0.12431765347719193,0.9517499804496765,0.008664933033287525,0.011848927398623442,0.1460573971271515
28350,0.12431227415800095,0.9517499804496765,0.008683337830007076,0.011847134775141353,0.14608757197856903
28375,0.12430689483880997,0.9517499804496765,0.008701404556632042,0.011825550505615273,0.14611774682998657
28400,0.1243015006184578,0.9517499804496765,0.008688528090715408,0.011837458638199828,0.1461479663848877
28425,0.12429612129926682,0.9517499804496765,0.008699900470674038,0.011849901491947496,0.14617829024791718
28450,0.12429071217775345,0.9517499804496765,0.008682512678205967,0.011860237634765253,0.14620859920978546
28475,0.12428531795740128,0.9517499804496765,0.008703170344233513,0.0118593889871976,0.14623898267745972
28500,0.12427990883588791,0.9517916440963745,0.008694004267454147,0.011840480160835195,0.14626933634281158
28525,0.12427451461553574,0.9517916440963745,0.008668236434459686,0.011844646309696085,0.14629970490932465
28550,0.12426912039518356,0.9517916440963745,0.008718733675777912,0.011833752980683258,0.14633013308048248
28575,0.12426373362541199,0.9517916440963745,0.008699600584805012,0.011838264707604936,0.1463606059551239
28600,0.12425833940505981,0.9517916440963745,0.008707652799785137,0.011860417433459912,0.14639106392860413
28625,0.12425293028354645,0.9517916440963745,0.0087215481325984,0.011850209299288886,0.14642149209976196
28650,0.12424751371145248,0.9518333077430725,0.008737565949559212,0.011842813359911797,0.1464518904685974
28675,0.12424210458993912,0.9518333077430725,0.008738638833165169,0.011848601488179894,0.14648227393627167
28700,0.12423667311668396,0.9518333077430725,0.008724548853933811,0.011859393059790982,0.1465126872062683
28725,0.1242312639951706,0.9518333077430725,0.008733096532523632,0.011864331001198224,0.14654307067394257
28750,0.12422582507133484,0.9518333077430725,0.008731094188988209,0.011873007700568613,0.14657343924045563
28775,0.12422039359807968,0.9518333077430725,0.008749933913350105,0.011872842212438608,0.14660388231277466
28800,0.12421497702598572,0.9518333077430725,0.008757559582591057,0.011869855790886565,0.14663439989089966
28825,0.12420953065156937,0.9518333077430725,0.008759433403611183,0.011874538983327972,0.14666496217250824
28850,0.12420407682657242,0.9518333077430725,0.008777640759944916,0.01187905081735962,0.14669542014598846
28875,0.12419863790273666,0.9518333077430725,0.008792572654783726,0.011878681233039147,0.14672580361366272
28900,0.12419318407773972,0.9518333077430725,0.008747321553528309,0.01188270787496398,0.14675618708133698
28925,0.12418774515390396,0.9518333077430725,0.008749645203351974,0.01188915774098175,0.14678660035133362
28950,0.12418229132890701,0.9518333077430725,0.008755206130445004,0.011894591496719986,0.14681704342365265
28975,0.12417683750391006,0.9518333077430725,0.0087323859333992,0.011902045092112068,0.14684756100177765
29000,0.12417140603065491,0.9518333077430725,0.00872747041285038,0.011904298494063784,0.14687809348106384
29025,0.12416596710681915,0.9518333077430725,0.008717339485883713,0.011899705934325974,0.146908700466156
29050,0.1241605207324028,0.9518333077430725,0.008692467585206032,0.011918856688787775,0.14693938195705414
29075,0.12415508925914764,0.9518333077430725,0.008668104186654091,0.011913537599738339,0.14697007834911346
29100,0.12414966523647308,0.9518333077430725,0.008676503784954548,0.011921275159217013,0.14700087904930115
29125,0.12414422631263733,0.9518333077430725,0.00869156513363123,0.011922695051915866,0.1470317244529724
29150,0.12413879483938217,0.9518333077430725,0.008660146035254002,0.011925596885213195,0.14706262946128845
29175,0.12413337826728821,0.9518333077430725,0.008652388118207455,0.011913435595686835,0.14709344506263733
29200,0.12412794679403305,0.9518333077430725,0.008649076335132122,0.011919972597161654,0.147124245762825
29225,0.12412253022193909,0.9518333077430725,0.008668063208460808,0.011915721707767397,0.14715513586997986
29250,0.12411708384752274,0.9518333077430725,0.008678002282977104,0.011939706982769877,0.14718610048294067
29275,0.12411163002252579,0.9518749713897705,0.008706655353307724,0.011935903345894519,0.14721707999706268
29300,0.12410619109869003,0.9518749713897705,0.00870281457901001,0.0119475390029614,0.1472480446100235
29325,0.12410072982311249,0.9518749713897705,0.008707812987267971,0.011947357882777763,0.14727908372879028
29350,0.12409525364637375,0.9518749713897705,0.008730989880859852,0.011947484939464448,0.14731021225452423
29375,0.1240897849202156,0.9518749713897705,0.008765659295022488,0.011959867497120117,0.14734137058258057
29400,0.12408427149057388,0.9518749713897705,0.008797365240752697,0.011985225822063728,0.14737249910831451
29425,0.12407875806093216,0.9518333077430725,0.008787521161139011,0.011990571891278,0.14740364253520966
29450,0.12407322973012924,0.9518333077430725,0.008799281902611256,0.011984238911542173,0.14743484556674957
29475,0.12406770884990692,0.9517916440963745,0.008758229203522205,0.011992216949685934,0.14746606349945068
29500,0.1240621954202652,0.9517916440963745,0.008798709139227867,0.0119985626350553,0.147497296333313
29525,0.12405665963888168,0.9518333077430725,0.008774898014962673,0.011995393400603077,0.1475285291671753
29550,0.12405114620923996,0.9517916440963745,0.00879084225744009,0.011983571993573682,0.14755965769290924
29575,0.12404561042785645,0.9517916440963745,0.008831173181533813,0.011997166632066096,0.14759090542793274
29600,0.12404006719589233,0.9517916440963745,0.008844316937029362,0.012000337200621205,0.14762228727340698
29625,0.12403451651334763,0.9517916440963745,0.008816096000373363,0.012017417826448846,0.147653728723526
29650,0.12402897328138351,0.9517916440963745,0.008815293200314045,0.012027413518170842,0.14768528938293457
29675,0.12402341514825821,0.9517916440963745,0.00879676640033722,0.012017847053200024,0.14771687984466553
29700,0.1240178719162941,0.9517916440963745,0.008795016445219517,0.01203125485373592,0.1477484554052353
29725,0.1240123063325882,0.9517916440963745,0.008813207969069481,0.012028813608628126,0.14778003096580505
29750,0.12400675565004349,0.9517916440963745,0.008823816664516926,0.012031679527823599,0.14781171083450317
29775,0.12400119751691818,0.9518333077430725,0.008798681199550629,0.012044627486146991,0.14784342050552368
29800,0.12399563193321228,0.9518333077430725,0.008813886903226376,0.01203696256888162,0.1478750854730606
29825,0.12399007380008698,0.9518333077430725,0.008854246698319912,0.012050203907318662,0.14790678024291992
29850,0.12398447841405869,0.9518333077430725,0.008850203827023506,0.01205881245118966,0.14793848991394043
29875,0.1239788830280304,0.9518333077430725,0.008901869878172874,0.012067774344013394,0.14797019958496094
29900,0.12397325783967972,0.9518333077430725,0.008900359272956848,0.012078767535387277,0.1480020433664322
29925,0.12396763265132904,0.9518333077430725,0.008911820128560066,0.012078951215931624,0.14803394675254822
29950,0.12396199256181717,0.9518333077430725,0.008930312469601631,0.012085710343580027,0.14806583523750305
29975,0.1239563450217247,0.9518333077430725,0.008958148770034313,0.012077580234130685,0.14809779822826385
30000,0.12395071238279343,0.9518333077430725,0.00891098566353321,0.01207279677809516,0.1481298804283142
30025,0.12394508719444275,0.9517916440963745,0.008903426118195057,0.012075775096838676,0.14816203713417053
30050,0.12393946945667267,0.9517916440963745,0.008888917043805122,0.012092131336053857,0.14819419384002686
30075,0.1239338368177414,0.9517916440963745,0.008845762349665165,0.012106483410790273,0.14822639524936676
30100,0.12392821907997131,0.9518333077430725,0.008860431611537933,0.012101339555011973,0.14825859665870667
30125,0.12392258644104004,0.9518333077430725,0.008883858099579811,0.012108521291008636,0.14829088747501373
30150,0.12391695380210876,0.9517916440963745,0.008902779780328274,0.012103123725509042,0.148323193192482
30175,0.1239112913608551,0.9517916440963745,0.00894289929419756,0.012111579341838685,0.14835546910762787
30200,0.12390562891960144,0.9517916440963745,0.00893917866051197,0.012107688257935555,0.14838775992393494
30225,0.12389995902776718,0.9517916440963745,0.008946686051785946,0.012110896501213974,0.1484200805425644
30250,0.12389430403709412,0.9517916440963745,0.008944407105445862,0.012114532182887118,0.14845241606235504
30275,0.12388862669467926,0.9518333077430725,0.008928965777158737,0.012123484225664711,0.14848467707633972
30300,0.1238829642534256,0.9518333077430725,0.008952743373811245,0.012117798579663459,0.14851699769496918
30325,0.12387729436159134,0.9518333077430725,0.008944596163928509,0.012122816096489556,0.14854933321475983
30350,0.12387160956859589,0.9518333077430725,0.008945425041019917,0.012136629295516566,0.14858169853687286
30375,0.12386592477560043,0.9517916440963745,0.008961434476077557,0.012150530620524843,0.1486140787601471
30400,0.12386022508144379,0.9517916440963745,0.009005475789308548,0.012147905727180216,0.1486465334892273
30425,0.12385450303554535,0.9517916440963745,0.008990269154310226,0.012166291707383262,0.14867907762527466
30450,0.12384877353906631,0.9517916440963745,0.009049204178154469,0.012146340014648824,0.14871156215667725
30475,0.12384303659200668,0.9517916440963745,0.009062506258487701,0.012166621989487444,0.14874403178691864
30500,0.12383727729320526,0.9517916440963745,0.009089205414056778,0.012177032658315903,0.14877665042877197
30525,0.12383151054382324,0.9517916440963745,0.009065954014658928,0.012188258333101746,0.1488092988729477
30550,0.12382574379444122,0.9517916440963745,0.00906903576105833,0.012191503985187608,0.14884203672409058
30575,0.12381996214389801,0.9517916440963745,0.009096933528780937,0.012192994882022702,0.14887481927871704
30600,0.1238141879439354,0.9517916440963745,0.009088329039514065,0.012204272533374019,0.1489076018333435
30625,0.12380839139223099,0.9517916440963745,0.009092840366065502,0.012222139603846093,0.14894042909145355
30650,0.12380258738994598,0.9517916440963745,0.009059123694896698,0.012211407254057742,0.14897331595420837
30675,0.12379681318998337,0.9517916440963745,0.0090979915112257,0.012211588740527336,0.14900627732276917
30700,0.12379101663827896,0.9517916440963745,0.009045468643307686,0.01222180025170928,0.14903928339481354
30725,0.12378523498773575,0.9517916440963745,0.009059004485607147,0.012236173817391222,0.1490723043680191
30750,0.12377943843603134,0.9517916440963745,0.00907593872398138,0.012237265891776091,0.1491052806377411
30775,0.12377365678548813,0.9517916440963745,0.009002547711133957,0.012247509521231088,0.14913828670978546
30800,0.12376787513494492,0.9517916440963745,0.009018986485898495,0.012256693237312925,0.1491713672876358
30825,0.12376207113265991,0.9517916440963745,0.009039251133799553,0.012259310599115997,0.14920446276664734
30850,0.1237562745809555,0.9517916440963745,0.009059889242053032,0.012258329021200927,0.14923757314682007
30875,0.1237504631280899,0.9517916440963745,0.009063545614480972,0.012261441255279936,0.1492706537246704
30900,0.12374464422464371,0.9517916440963745,0.009076825343072414,0.012264738465843247,0.14930377900600433
30925,0.1237388327717781,0.9517916440963745,0.009060361422598362,0.012281974336580709,0.14933688938617706
30950,0.12373301386833191,0.9517916440963745,0.009061581455171108,0.01227923214914947,0.14937002956867218
30975,0.12372717261314392,0.9517916440963745,0.009101095609366894,0.012302844035530319,0.14940311014652252
31000,0.12372133135795593,0.9517916440963745,0.009121455252170563,0.012307436389866689,0.14943622052669525
31025,0.12371545284986496,0.9517916440963745,0.009126797318458557,0.012324588576517671,0.14946943521499634
31050,0.12370957434177399,0.9517916440963745,0.009127355180680752,0.012323096581914656,0.14950287342071533
31075,0.12370369583368301,0.9517916440963745,0.009144118055701256,0.012326972028876684,0.14953644573688507
31100,0.12369780242443085,0.9517916440963745,0.0091285090893507,0.01233535011149902,0.14957012236118317
31125,0.12369191646575928,0.9517916440963745,0.009133733808994293,0.012343298947040903,0.14960384368896484
31150,0.12368601560592651,0.9518333077430725,0.00916274730116129,0.012356779029857674,0.1496376395225525
31175,0.12368011474609375,0.9518333077430725,0.009137723594903946,0.012347056793130482,0.14967148005962372
31200,0.12367421388626099,0.9518333077430725,0.009136859327554703,0.012366625560361312,0.1497054249048233
31225,0.12366831302642822,0.9518333077430725,0.009099630638957024,0.012367065320011245,0.14973944425582886
31250,0.12366241216659546,0.9518333077430725,0.009115551598370075,0.012356095123687268,0.14977355301380157
31275,0.12365652620792389,0.9518333077430725,0.009108413942158222,0.012364943991178339,0.14980769157409668
31300,0.12365063279867172,0.9518333077430725,0.009120309725403786,0.01237098548259723,0.14984193444252014
31325,0.12364472448825836,0.9518333077430725,0.009139778092503548,0.012374422642593311,0.14987623691558838
31350,0.123638816177845,0.9518333077430725,0.00910516083240509,0.012385582120373084,0.14991061389446259
31375,0.12363288551568985,0.9518333077430725,0.009145407006144524,0.012388442635239668,0.1499449908733368
31400,0.1236269623041153,0.9518749713897705,0.009142383001744747,0.012398943887066057,0.14997941255569458
31425,0.12362102419137955,0.9519166350364685,0.009173362515866756,0.012400248871469082,0.1500137895345688
31450,0.1236150786280632,0.9519166350364685,0.009184977039694786,0.012402694145379933,0.15004819631576538
31475,0.12360913306474686,0.9519166350364685,0.00917984638363123,0.012410162048662954,0.1500827819108963
31500,0.12360315769910812,0.9519166350364685,0.00920730922371149,0.012413819435549733,0.15011750161647797
31525,0.12359718978404999,0.9519166350364685,0.009217076934874058,0.01243129193716219,0.1501522958278656
31550,0.12359120696783066,0.9519166350364685,0.009174966253340244,0.012454749230097414,0.15018706023693085
31575,0.12358521670103073,0.9519166350364685,0.009184364229440689,0.012450275582442494,0.1502217948436737
31600,0.12357921898365021,0.9519166350364685,0.009212733246386051,0.012449640131813166,0.15025661885738373
31625,0.12357324361801147,0.9519166350364685,0.009222839958965778,0.012444518764408632,0.15029138326644897
31650,0.12356723845005035,0.9519166350364685,0.00924069806933403,0.012447965729809263,0.1503261774778366
31675,0.12356124818325043,0.9519166350364685,0.009240354411303997,0.012448434804374582,0.15036092698574066
31700,0.12355523556470871,0.9519166350364685,0.009274981915950775,0.012446931013278166,0.15039566159248352
31725,0.1235492154955864,0.9519582986831665,0.009251118637621403,0.012456563802249326,0.15043042600154877
31750,0.12354318797588348,0.9519582986831665,0.009286046959459782,0.012444447628134195,0.1504652351140976
31775,0.12353716790676117,0.9519999623298645,0.009284322150051594,0.01244788819476885,0.1505000740289688
31800,0.12353112548589706,0.9519999623298645,0.009302965365350246,0.012456165423865038,0.15053504705429077
31825,0.12352508306503296,0.9519999623298645,0.009313720278441906,0.012476814013174783,0.1505701243877411
31850,0.12351904064416885,0.9519999623298645,0.009285073727369308,0.0124828948028385,0.1506052166223526
31875,0.12351297587156296,0.9520416855812073,0.009315300732851028,0.012508824005596525,0.15064027905464172
31900,0.12350689619779587,0.9520416855812073,0.009316978044807911,0.012508421131413783,0.15067529678344727
31925,0.12350080907344818,0.9520416855812073,0.0093071972951293,0.012530763159852642,0.15071038901805878
31950,0.1234947219491005,0.9520416855812073,0.009319594129920006,0.012535485961694728,0.15074561536312103
31975,0.12348861247301102,0.9520416855812073,0.009351512417197227,0.012535436841638428,0.15078088641166687
32000,0.12348248064517975,0.9520416855812073,0.00937656406313181,0.012542794638048506,0.15081623196601868
32025,0.12347635626792908,0.9520416855812073,0.009378625079989433,0.012559714035740736,0.15085169672966003
32050,0.12347021698951721,0.9520416855812073,0.009390288963913918,0.01256005344507519,0.15088726580142975
32075,0.12346407026052475,0.9520416855812073,0.009380321949720383,0.01258045496015428,0.1509229689836502
32100,0.1234579011797905,0.9520416855812073,0.009424678981304169,0.012581453271111265,0.15095877647399902
32125,0.12345171719789505,0.9520833492279053,0.009410141035914421,0.012606190294110226,0.15099459886550903
32150,0.1234455481171608,0.9520833492279053,0.00939792487770319,0.012607885909305422,0.15103046596050262
32175,0.12343937158584595,0.9520833492279053,0.009404913522303104,0.012605040768491019,0.15106633305549622
32200,0.1234331876039505,0.9520833492279053,0.009381581097841263,0.012599447859184057,0.15110225975513458
32225,0.12342701107263565,0.9520833492279053,0.009354268200695515,0.012600492240132408,0.15113820135593414
32250,0.12342085689306259,0.9520833492279053,0.009357231669127941,0.012614135859106763,0.15117429196834564
32275,0.12341469526290894,0.9520833492279053,0.009365606121718884,0.012622038061545996,0.15121038258075714
32300,0.12340850383043289,0.9520833492279053,0.009383129887282848,0.012632226730338222,0.15124647319316864
32325,0.12340230494737625,0.9520833492279053,0.009421644732356071,0.012636504759103157,0.15128260850906372
32350,0.12339609861373901,0.9520833492279053,0.009439745917916298,0.0126447943736794,0.15131875872612
32375,0.12338986992835999,0.9520833492279053,0.009444567374885082,0.012638441737433826,0.1513548642396927
32400,0.12338364869356155,0.9520833492279053,0.009422080591320992,0.012637550973319535,0.1513909101486206
32425,0.12337742745876312,0.9520833492279053,0.009444464929401875,0.012636874808011673,0.15142697095870972
32450,0.1233711913228035,0.9520833492279053,0.009447298012673855,0.012662118416458087,0.1514630913734436
32475,0.12336495518684387,0.9520833492279053,0.009474308229982853,0.012658270467784878,0.15149927139282227
32500,0.12335870414972305,0.9520833492279053,0.009457718580961227,0.012663764421376357,0.15153557062149048
32525,0.12335245311260223,0.9520833492279053,0.009481971152126789,0.012668675918978594,0.15157194435596466
32550,0.12334620207548141,0.9520833492279053,0.009511434473097324,0.012656238084059553,0.15160848200321198
32575,0.1233399361371994,0.9520833492279053,0.009499182924628258,0.012668560666851984,0.15164496004581451
32600,0.1233336552977562,0.9520833492279053,0.009517012163996696,0.012676699876902425,0.15168149769306183
32625,0.12332737445831299,0.9520833492279053,0.009511350654065609,0.012683139435602071,0.15171805024147034
32650,0.12332107126712799,0.9520833492279053,0.009563462808728218,0.012685284107899942,0.15175464749336243
32675,0.12331477552652359,0.9520833492279053,0.00955396518111229,0.012685688313104244,0.1517912745475769
32700,0.12330847233533859,0.9520833492279053,0.009535311721265316,0.012700658798804361,0.15182794630527496
32725,0.123302161693573,0.9520833492279053,0.009527848102152348,0.01270924827256375,0.15186461806297302
32750,0.1232958734035492,0.9520833492279053,0.009537536650896072,0.012697431075622491,0.1519012302160263
32775,0.1232895627617836,0.9520833492279053,0.009545747190713882,0.012730662914988098,0.15193778276443481
32800,0.12328324466943741,0.9520833492279053,0.009528235532343388,0.012723898071341269,0.15197442471981049
32825,0.12327692657709122,0.9520833492279053,0.00952337309718132,0.01273366213442618,0.15201115608215332
32850,0.12327060848474503,0.9520833492279053,0.009515213780105114,0.012734228294617483,0.15204793214797974
32875,0.12326429784297943,0.9520833492279053,0.009498809464275837,0.012735125681487566,0.15208472311496735
32900,0.12325797230005264,0.9520833492279053,0.00952401477843523,0.012745826219691237,0.15212151408195496
32925,0.12325164675712585,0.9520833492279053,0.009525991044938564,0.012760316574572574,0.15215840935707092
32950,0.12324530631303787,0.9520833492279053,0.009538011625409126,0.012768143119588939,0.1521952599287033
32975,0.1232389435172081,0.9520833492279053,0.00955470371991396,0.012780210685038786,0.15223214030265808
33000,0.12323257327079773,0.9520833492279053,0.009549866430461407,0.012783095097096091,0.15226905047893524
33025,0.12322621792554855,0.9520833492279053,0.0095501858741045,0.012793416258679345,0.1523059755563736
33050,0.12321984767913818,0.9520833492279053,0.009520177729427814,0.012800281720931731,0.15234290063381195
33075,0.12321347743272781,0.9520833492279053,0.009508954361081123,0.012800521996719506,0.1523798555135727
33100,0.12320712208747864,0.9520416855812073,0.009525980800390244,0.012805109452107886,0.15241685509681702
33125,0.12320075184106827,0.9520416855812073,0.009539754129946232,0.012812823574768581,0.15245388448238373
33150,0.1231943741440773,0.9520833492279053,0.009534988552331924,0.012820330911647332,0.15249086916446686
33175,0.12318800389766693,0.9520833492279053,0.00954172108322382,0.012817029207287962,0.15252785384655
33200,0.12318161875009537,0.9521250128746033,0.009511218406260014,0.012820397456807154,0.1525648534297943
33225,0.123175248503685,0.9521250128746033,0.009520456194877625,0.012829256103242186,0.15260189771652222
33250,0.12316887080669403,0.9521250128746033,0.009502478875219822,0.012829624880773171,0.1526390016078949
33275,0.12316247075796127,0.9521666765213013,0.00957164354622364,0.012837751089067772,0.1526760309934616
33300,0.12315605580806732,0.9521666765213013,0.00956831406801939,0.01284815925855388,0.1527131050825119
33325,0.12314963340759277,0.9521666765213013,0.009584209881722927,0.012850722922409056,0.15275022387504578
33350,0.12314322590827942,0.9521666765213013,0.009553283452987671,0.012855611167233537,0.152787446975708
33375,0.12313679605722427,0.9521666765213013,0.009593583643436432,0.01285381465667406,0.15282462537288666
33400,0.12313038110733032,0.9521666765213013,0.009564146399497986,0.012856383605563994,0.15286177396774292
33425,0.12312395870685577,0.9522083401679993,0.009565564803779125,0.012867210004709875,0.1528991013765335
33450,0.12311754375696182,0.9522083401679993,0.009518906474113464,0.0128684947474817,0.15293648838996887
33475,0.12311114370822906,0.9522500038146973,0.009499688632786274,0.012882151933296759,0.1529739499092102
33500,0.12310473620891571,0.9522500038146973,0.009477420710027218,0.012904593283751094,0.15301141142845154
33525,0.12309831380844116,0.9522500038146973,0.009527580812573433,0.012919341212106129,0.15304896235466003
33550,0.12309187650680542,0.9522500038146973,0.009518533945083618,0.012928243197585433,0.15308663249015808
33575,0.12308543920516968,0.9522500038146973,0.009521459229290485,0.012926026673037622,0.15312433242797852
33600,0.12307898700237274,0.9522500038146973,0.009533783420920372,0.012939048787976188,0.15316219627857208
33625,0.12307252734899521,0.9522500038146973,0.009553511627018452,0.012936915150456342,0.153200164437294
33650,0.12306606769561768,0.9522500038146973,0.009540521539747715,0.012934144242776289,0.1532382369041443
33675,0.12305960804224014,0.9522500038146973,0.00951599981635809,0.012942601055084154,0.15327633917331696
33700,0.12305314838886261,0.9522500038146973,0.009534076787531376,0.012943969134586257,0.153314471244812
33725,0.12304670363664627,0.9522500038146973,0.009486285969614983,0.012950315977269972,0.1533525437116623
33750,0.12304025143384933,0.9522500038146973,0.009492853656411171,0.01296219712811287,0.15339069068431854
33775,0.12303381413221359,0.9522500038146973,0.009452161379158497,0.012969656760356442,0.153428852558136
33800,0.12302738428115845,0.9522500038146973,0.009459634311497211,0.01297119472731846,0.15346698462963104
33825,0.12302093207836151,0.9522500038146973,0.009482706896960735,0.012972004612646783,0.1535050868988037
33850,0.12301447242498398,0.9522500038146973,0.0094584496691823,0.012985787064311615,0.1535431295633316
33875,0.12300801277160645,0.9522916674613953,0.009464113973081112,0.01298709498796837,0.15358121693134308
33900,0.12300155311822891,0.9522916674613953,0.009501377120614052,0.01299946699411975,0.15361936390399933
33925,0.12299507856369019,0.9522916674613953,0.009513482451438904,0.012998526334457671,0.15365752577781677
33950,0.12298859655857086,0.9522916674613953,0.009501577354967594,0.012994076781196424,0.15369567275047302
33975,0.12298210710287094,0.9522916674613953,0.009513001888990402,0.012989148377319093,0.1537337601184845
34000,0.12297561764717102,0.9523333311080933,0.009485595859587193,0.012996180392250327,0.1537717580795288
34025,0.1229691356420517,0.9523333311080933,0.009518973529338837,0.013001248672693557,0.15380968153476715
34050,0.12296264618635178,0.9523333311080933,0.00953183975070715,0.013004074980819296,0.15384767949581146
34075,0.12295614182949066,0.9523333311080933,0.009533974342048168,0.013017231991607675,0.1538855880498886
34100,0.12294963747262955,0.9523333311080933,0.009541671723127365,0.013023076133562324,0.15392352640628815
34125,0.12294311076402664,0.9523333311080933,0.009540116414427757,0.013013375105118852,0.15396155416965485
34150,0.12293661385774612,0.9523333311080933,0.009519468992948532,0.013008838138332982,0.1539997011423111
34175,0.1229301244020462,0.9523333311080933,0.009506098926067352,0.013024960060949217,0.1540379673242569
34200,0.12292361259460449,0.9523333311080933,0.00953629519790411,0.013032511259491963,0.15407636761665344
34225,0.12291709333658218,0.9523333311080933,0.009516110643744469,0.013046592618759387,0.15411488711833954
34250,0.12291058152914047,0.9523333311080933,0.0095068896189332,0.013055857106819498,0.15415339171886444
34275,0.12290405482053757,0.9523333311080933,0.00951017439365387,0.01305387978409899,0.15419186651706696
34300,0.12289754301309586,0.9523333311080933,0.009521045722067356,0.013051716970692906,0.15423035621643066
34325,0.12289103120565414,0.9523333311080933,0.00952448695898056,0.013043610973361828,0.15426883101463318
34350,0.12288451194763184,0.9523333311080933,0.009493563324213028,0.013057350599883754,0.15430723130702972
34375,0.12287800014019012,0.9523333311080933,0.009468983858823776,0.013056316571476694,0.1543455421924591
34400,0.1228715106844902,0.9523333311080933,0.009436548687517643,0.013053627845614969,0.15438377857208252
34425,0.12286502867937088,0.9523333311080933,0.009427918121218681,0.013056447306042312,0.15442205965518951
34450,0.12285853922367096,0.9523333311080933,0.009432955645024776,0.013064572584927341,0.1544603556394577
34475,0.12285204231739044,0.9523333311080933,0.009447881951928139,0.013079714846609403,0.15449871122837067
34500,0.12284553796052933,0.9523333311080933,0.009455432184040546,0.013101338168401162,0.154537171125412
34525,0.12283898890018463,0.9523333311080933,0.009510553441941738,0.013097064909081496,0.15457575023174286
34550,0.12283243983983994,0.9523333311080933,0.00950825959444046,0.013110636976757607,0.1546143889427185
34575,0.12282589823007584,0.9523333311080933,0.009487058967351913,0.013117670391026924,0.15465302765369415
34600,0.12281933426856995,0.9523333311080933,0.009469992481172085,0.013109229709153646,0.1546916961669922
34625,0.12281280755996704,0.9523333311080933,0.009465772658586502,0.013118710454735076,0.154730424284935
34650,0.12280625104904175,0.9523333311080933,0.009522892534732819,0.013112043789054789,0.154769167304039
34675,0.12279967963695526,0.9523333311080933,0.00956286396831274,0.013115743732058439,0.15480799973011017
34700,0.12279308587312698,0.9523333311080933,0.0095552708953619,0.013121903093975477,0.15484687685966492
34725,0.1227865070104599,0.9523333311080933,0.009564789943397045,0.013120799408539118,0.1548856943845749
34750,0.12277990579605103,0.9523333311080933,0.009586147032678127,0.013133757949228922,0.1549246460199356
34775,0.12277329713106155,0.9523333311080933,0.00954365823417902,0.013140156612204454,0.1549636274576187
34800,0.12276670336723328,0.9523333311080933,0.009552066214382648,0.013144709150207032,0.15500260889530182
34825,0.122760109603405,0.9523333311080933,0.009563107043504715,0.013145504507503578,0.1550416201353073
34850,0.12275347858667374,0.9523333311080933,0.009601733647286892,0.013163252939852361,0.1550806760787964
34875,0.12274685502052307,0.9522916674613953,0.00956027489155531,0.013187009535209782,0.15511974692344666
34900,0.12274020910263062,0.9523333311080933,0.009549680165946484,0.013187195353894737,0.1551588475704193
34925,0.12273357808589935,0.9523333311080933,0.00958162173628807,0.013191443070934497,0.15519802272319794
34950,0.12272694706916809,0.9523333311080933,0.009594687260687351,0.013190899412855814,0.15523730218410492
34975,0.12272029370069504,0.9523333311080933,0.009611222892999649,0.013202110237761862,0.1552766114473343
35000,0.12271362543106079,0.9523333311080933,0.009584927000105381,0.013225370833684042,0.15531602501869202
35025,0.12270694971084595,0.9523333311080933,0.009581033140420914,0.01323225321650239,0.1553555130958557
35050,0.1227002665400505,0.9523333311080933,0.009613549336791039,0.013246181000356835,0.15539506077766418
35075,0.12269356101751328,0.9523333311080933,0.009635723195970058,0.013247293096502343,0.15543469786643982
35100,0.12268685549497604,0.9523333311080933,0.00963561050593853,0.013250197057147233,0.15547429025173187
35125,0.12268014252185822,0.9523333311080933,0.009645773097872734,0.013253675320507656,0.1555139571428299
35150,0.12267343699932098,0.9523333311080933,0.009611343033611774,0.013262280933733614,0.1555536836385727
35175,0.12266672402620316,0.9523749947547913,0.009622144512832165,0.013262527791534397,0.15559330582618713
35200,0.12266001105308533,0.9523749947547913,0.009620496071875095,0.013256083129066063,0.15563291311264038
35225,0.1226532906293869,0.9523749947547913,0.009625918231904507,0.013270993375646713,0.1556725651025772
35250,0.12264657765626907,0.9523749947547913,0.009645477868616581,0.013279952888375452,0.15571229159832
35275,0.12263984233140945,0.9523749947547913,0.009638275019824505,0.01328677012666132,0.155752032995224
35300,0.12263310700654984,0.9523749947547913,0.009633220732212067,0.01328961110382365,0.15579183399677277
35325,0.12262637913227081,0.9523749947547913,0.00959619041532278,0.013294374050460885,0.15583167970180511
35350,0.12261965870857239,0.9523749947547913,0.009581482969224453,0.013299734431161017,0.1558714509010315
35375,0.12261293083429337,0.9523749947547913,0.009584597311913967,0.013299855564745148,0.15591126680374146
35400,0.12260621786117554,0.9523749947547913,0.009601137600839138,0.01330964479450081,0.15595108270645142
35425,0.12259948253631592,0.9523749947547913,0.009597246535122395,0.013307192517875417,0.1559911072254181
35450,0.12259276211261749,0.9523749947547913,0.009593811817467213,0.013317987248303876,0.15603120625019073
35475,0.12258601933717728,0.9523749947547913,0.009587307460606098,0.013329038047779683,0.15607143938541412
35500,0.12257928401231766,0.9523749947547913,0.009617877192795277,0.01333645923140296,0.15611164271831512
35525,0.12257252633571625,0.9523749947547913,0.009619400836527348,0.013342110836401178,0.15615184605121613
35550,0.12256575375795364,0.9523749947547913,0.009600449353456497,0.013349848513769353,0.15619194507598877
35575,0.12255899608135223,0.9523749947547913,0.009601240046322346,0.01335165091844264,0.15623211860656738
35600,0.12255222350358963,0.9523749947547913,0.009629921056330204,0.013369858015251661,0.156272292137146
35625,0.12254542857408524,0.9523749947547913,0.009635603055357933,0.01340205562621944,0.15631258487701416
35650,0.12253861129283905,0.9524166584014893,0.009653367102146149,0.01341574728417183,0.1563529372215271
35675,0.12253180146217346,0.9524166584014893,0.00961622130125761,0.013416266418370612,0.15639333426952362
35700,0.12252496927976608,0.9524166584014893,0.00963109452277422,0.013429310419494776,0.15643373131752014
35725,0.1225181370973587,0.9524583220481873,0.009637110866606236,0.013443168042007897,0.15647418797016144
35750,0.12251129746437073,0.9524583220481873,0.009633268229663372,0.01345519342456795,0.15651476383209229
35775,0.12250445783138275,0.9524583220481873,0.009657670743763447,0.013455643171147473,0.1565553992986679
35800,0.12249759584665298,0.9524583220481873,0.009632322005927563,0.01347018129144854,0.15659604966640472
35825,0.12249073386192322,0.9524583220481873,0.009636260569095612,0.01348157221691382,0.1566368043422699
35850,0.12248387187719345,0.9524583220481873,0.0096267806366086,0.013495268612456429,0.15667761862277985
35875,0.12247699499130249,0.9524583220481873,0.009656575508415699,0.01349952076842264,0.1567184180021286
35900,0.12247012555599213,0.9524583220481873,0.009672733023762703,0.013495898996475825,0.15675924718379974
35925,0.12246322631835938,0.9524999856948853,0.009678762406110764,0.013501716949754527,0.1568000763654709
35950,0.12245631963014603,0.9524999856948853,0.009661924093961716,0.013508350045628007,0.1568409651517868
35975,0.12244942039251328,0.9524999856948853,0.009713304229080677,0.013509309039791762,0.15688186883926392
36000,0.12244250625371933,0.9524999856948853,0.009714352898299694,0.013513915577935959,0.15692290663719177
36025,0.122435562312603,0.9524999856948853,0.009730166755616665,0.013526632184046088,0.15696395933628082
36050,0.12242862582206726,0.9524999856948853,0.009726477786898613,0.01354464938326022,0.15700504183769226
36075,0.12242166697978973,0.9525416493415833,0.00975731946527958,0.013561572024972582,0.15704616904258728
36100,0.12241467088460922,0.9525416493415833,0.009799889288842678,0.013573195628734842,0.15708740055561066
36125,0.12240767478942871,0.9525416493415833,0.009794192388653755,0.013580121241927031,0.1571287363767624
36150,0.1224006712436676,0.9525833129882812,0.009766941890120506,0.013592913889504466,0.15717005729675293
36175,0.12239367514848709,0.9525833129882812,0.00971150305122137,0.013599201950612823,0.15721143782138824
36200,0.12238669395446777,0.9525833129882812,0.009681019932031631,0.013608512076568772,0.15725277364253998
36225,0.12237972766160965,0.9525833129882812,0.009688624180853367,0.013619243670137882,0.15729403495788574
36250,0.12237273901700974,0.9525833129882812,0.009700292721390724,0.013629795341238302,0.15733537077903748
36275,0.12236574292182922,0.9525833129882812,0.009706644341349602,0.013628408186531426,0.15737669169902802
36300,0.12235873937606812,0.9526249766349792,0.009703985415399075,0.013637364594474455,0.15741799771785736
36325,0.122351735830307,0.9526249766349792,0.009724797680974007,0.013659645272325459,0.1574593037366867
36350,0.12234470248222351,0.9526666402816772,0.009768089279532433,0.013663398396014945,0.15750060975551605
36375,0.12233763188123703,0.9526666402816772,0.009774791076779366,0.013697103158279048,0.15754194557666779
36400,0.12233055382966995,0.9526666402816772,0.009800712577998638,0.013699627093061205,0.1575832962989807
36425,0.12232346832752228,0.9526666402816772,0.009802351705729961,0.013701587195555507,0.15762470662593842
36450,0.122316375374794,0.9526666402816772,0.009762023575603962,0.01372047808548379,0.1576661914587021
36475,0.12230928242206573,0.9526666402816772,0.009756669402122498,0.01371227449980292,0.1577075719833374
36500,0.12230220437049866,0.9526666402816772,0.009794068522751331,0.013724229598836513,0.15774904191493988
36525,0.122295081615448,0.9526666402816772,0.009797723032534122,0.01372594337503851,0.15779048204421997
36550,0.12228797376155853,0.9526666402816772,0.009816288016736507,0.013733834005167584,0.15783201158046722
36575,0.12228085100650787,0.9526666402816772,0.009808397851884365,0.013740914748393443,0.15787361562252045
36600,0.12227372825145721,0.9526666402816772,0.009820874780416489,0.013738950121856466,0.15791520476341248
36625,0.12226659804582596,0.9526666402816772,0.00981379859149456,0.013755477676159679,0.1579568237066269
36650,0.1222594603896141,0.9526666402816772,0.009815117344260216,0.013732621354839013,0.1579984575510025
36675,0.12225234508514404,0.9526666402816772,0.009819800965487957,0.013725003077526004,0.15804003179073334
36700,0.12224523723125458,0.9526666402816772,0.00982689019292593,0.013731649636106557,0.15808162093162537
36725,0.12223809957504272,0.9526666402816772,0.009833334013819695,0.01373085217091256,0.15812332928180695
36750,0.12223096936941147,0.9526666402816772,0.009846845641732216,0.013739394519165843,0.15816505253314972
36775,0.12222382426261902,0.9526666402816772,0.009832039475440979,0.013755252838786104,0.15820683538913727
36800,0.12221667170524597,0.9526666402816772,0.009837462566792965,0.013771280456504791,0.15824870765209198
36825,0.12220951169729233,0.9526666402816772,0.00987434946000576,0.013787035253389333,0.15829063951969147
36850,0.1222023218870163,0.9526666402816772,0.00990388635545969,0.013777066122772599,0.15833264589309692
36875,0.12219510972499847,0.9526666402816772,0.009935851208865643,0.013782217459178897,0.15837474167346954
36900,0.12218788266181946,0.9526666402816772,0.009942613542079926,0.013793687720373385,0.15841692686080933
36925,0.12218065559864044,0.9526666402816772,0.009992478415369987,0.0138164728456676,0.1584591418504715
36950,0.12217336893081665,0.9526666402816772,0.010017720982432365,0.013827510887224875,0.1585015058517456
36975,0.12216607481241226,0.9526666402816772,0.0100252041593194,0.013841493810486171,0.15854400396347046
37000,0.12215877324342728,0.9526666402816772,0.01002228818833828,0.013849174070150226,0.15858648717403412
37025,0.12215147912502289,0.9526666402816772,0.010010512545704842,0.013855520214308461,0.15862907469272614
37050,0.1221441850066185,0.9527083039283752,0.010003732517361641,0.01386213492189823,0.15867172181606293
37075,0.12213686853647232,0.9527083039283752,0.010011673904955387,0.013862984717580877,0.15871445834636688
37100,0.12212956696748734,0.9527083039283752,0.009972645901143551,0.013877883940789574,0.15875719487667084
37125,0.12212225049734116,0.9527083039283752,0.0099736787378788,0.013890439436443315,0.158799946308136
37150,0.12211494892835617,0.9527083039283752,0.00998781155794859,0.013898554100151035,0.15884272754192352
37175,0.12210763245820999,0.9527083039283752,0.009943179786205292,0.013910454832710471,0.15888561308383942
37200,0.12210032343864441,0.9527083039283752,0.009978999383747578,0.013917776325499587,0.15892848372459412
37225,0.12209297716617584,0.9527083039283752,0.009984861128032207,0.013940361033978102,0.15897142887115479
37250,0.12208560854196548,0.9527083039283752,0.010001517832279205,0.013945633039392715,0.15901438891887665
37275,0.12207825481891632,0.9527083039283752,0.009970045648515224,0.01396781359615501,0.15905751287937164
37300,0.12207090109586716,0.9527083039283752,0.009952063672244549,0.013976181229145075,0.15910057723522186
37325,0.1220635399222374,0.9527083039283752,0.009994725696742535,0.013985575896858027,0.15914368629455566
37350,0.12205614149570465,0.9527083039283752,0.009979643858969212,0.014001345910579523,0.15918684005737305
37375,0.12204872816801071,0.9527083039283752,0.009996244683861732,0.01401431044027579,0.15922997891902924
37400,0.12204132229089737,0.9527083039283752,0.010026504285633564,0.014017570372031447,0.159273162484169
37425,0.12203390151262283,0.9527083039283752,0.009987798519432545,0.014019998192743232,0.15931648015975952
37450,0.1220264881849289,0.9527083039283752,0.010036901570856571,0.01401788829957038,0.159359872341156
37475,0.12201905995607376,0.9527083039283752,0.010043802671134472,0.014029412554424551,0.15940335392951965
37500,0.12201162427663803,0.9527083039283752,0.010015265084803104,0.014033278231025861,0.15944692492485046
37525,0.1220041885972023,0.9527083039283752,0.009999600239098072,0.014048023904616444,0.15949054062366486
37550,0.12199676036834717,0.9527083039283752,0.01003904826939106,0.014051358608019213,0.15953421592712402
37575,0.12198928743600845,0.9527083039283752,0.010077080689370632,0.014055322132019233,0.15957792103290558
37600,0.12198180705308914,0.9527083039283752,0.010098298080265522,0.014056910058932927,0.15962167084217072
37625,0.12197431176900864,0.9527499675750732,0.010107383131980896,0.014066296186872527,0.15966540575027466
37650,0.12196681648492813,0.9527916312217712,0.010107413865625858,0.014069953430698518,0.15970909595489502
37675,0.12195930629968643,0.9527916312217712,0.010109695605933666,0.014082277461370645,0.159752756357193
37700,0.12195178121328354,0.9527916312217712,0.010133099742233753,0.01410198558193055,0.15979641675949097
37725,0.12194423377513885,0.9527916312217712,0.01018238440155983,0.01409062794684774,0.15984004735946655
37750,0.12193668633699417,0.9527916312217712,0.010145178996026516,0.01409642660196648,0.15988366305828094
37775,0.12192913889884949,0.9527916312217712,0.01016463153064251,0.014106144595743027,0.15992732346057892
37800,0.12192157655954361,0.9527916312217712,0.01018496509641409,0.014113174844873141,0.15997104346752167
37825,0.12191399186849594,0.9528332948684692,0.010161801241338253,0.014143971194494905,0.16001483798027039
37850,0.12190641462802887,0.9528332948684692,0.010194261558353901,0.014136655099020068,0.16005869209766388
37875,0.12189881503582001,0.9528332948684692,0.010211708024144173,0.014136369730164688,0.16010256111621857
37900,0.12189121544361115,0.9528332948684692,0.010212418623268604,0.014157241265960028,0.16014650464057922
37925,0.12188359349966049,0.9528332948684692,0.01021196786314249,0.01415664061916226,0.16019058227539062
37950,0.12187597155570984,0.9528332948684692,0.01022703479975462,0.014162979179101545,0.16023480892181396
37975,0.12186833471059799,0.9527916312217712,0.010231115855276585,0.014168058600162119,0.1602790206670761
38000,0.12186073511838913,0.9527916312217712,0.01016998291015625,0.01417830460644819,0.16032318770885468
38025,0.12185310572385788,0.9527916312217712,0.01018683984875679,0.01418490268075952,0.1603674590587616
38050,0.12184549868106842,0.9527916312217712,0.010136911645531654,0.01419046277471803,0.1604117602109909
38075,0.12183789163827896,0.9528332948684692,0.010149666108191013,0.01419279378732017,0.16045600175857544
38100,0.1218302920460701,0.9528332948684692,0.010128986090421677,0.014200140268042925,0.1605004370212555
38125,0.12182268500328064,0.9528332948684692,0.010144827887415886,0.014207279752204859,0.16054485738277435
38150,0.1218150407075882,0.9528332948684692,0.010143274441361427,0.014228131597093217,0.16058935225009918
38175,0.12180741131305695,0.9528332948684692,0.010140287689864635,0.014233108741098816,0.16063392162322998
38200,0.1217997744679451,0.9528332948684692,0.010156803764402866,0.014241752626778263,0.1606786549091339
38225,0.12179213017225266,0.9528332948684692,0.010163679718971252,0.014240610329883718,0.16072343289852142
38250,0.12178446352481842,0.9528332948684692,0.010164272971451283,0.014250174100096347,0.16076816618442535
38275,0.12177681177854538,0.9528332948684692,0.010161587968468666,0.014256354950480716,0.16081291437149048
38300,0.12176915258169174,0.9528332948684692,0.010155082680284977,0.014257478061241866,0.16085772216320038
38325,0.1217614933848381,0.9528332948684692,0.010163560509681702,0.014265953309620532,0.16090251505374908
38350,0.12175381183624268,0.9528332948684692,0.010160068050026894,0.01426487326379975,0.16094736754894257
38375,0.12174615263938904,0.9528332948684692,0.010203142650425434,0.01427494493627576,0.16099220514297485
38400,0.12173844128847122,0.9528332948684692,0.010220048949122429,0.014277849164997483,0.16103702783584595
38425,0.12173072248697281,0.9528332948684692,0.010251402854919434,0.014294307715749311,0.16108199954032898
38450,0.1217229813337326,0.9528332948684692,0.010278401896357536,0.014306978033648733,0.16112706065177917
38475,0.12171521037817001,0.9528332948684692,0.010298164561390877,0.014316208706734607,0.16117218136787415
38500,0.12170742452144623,0.9528332948684692,0.01033326331526041,0.01433027514305651,0.1612173616886139
38525,0.12169963121414185,0.952875018119812,0.010355941951274872,0.014330066905255276,0.16126258671283722
38550,0.12169181555509567,0.952875018119812,0.010338893160223961,0.014338031672307112,0.16130788624286652
38575,0.12168397754430771,0.952875018119812,0.010379445739090443,0.01435028427263304,0.16135329008102417
38600,0.12167614698410034,0.952875018119812,0.010394408367574215,0.014352824755422327,0.1613987237215042
38625,0.12166829407215118,0.952875018119812,0.010389504954218864,0.014366763063569037,0.16144411265850067
38650,0.12166041880846024,0.952875018119812,0.010403325781226158,0.014379393751509508,0.1614895910024643
38675,0.12165254354476929,0.952875018119812,0.010405106469988823,0.014396972700672363,0.16153517365455627
38700,0.12164465337991714,0.952875018119812,0.010394011624157429,0.014405038947991151,0.16158084571361542
38725,0.1216367706656456,0.952875018119812,0.010397328995168209,0.014405991129582305,0.16162650287151337
38750,0.12162887305021286,0.95291668176651,0.010400176048278809,0.014423003256035884,0.16167224943637848
38775,0.12162096798419952,0.95291668176651,0.010421846061944962,0.014410508643163586,0.16171807050704956
38800,0.12161306291818619,0.95291668176651,0.010393408127129078,0.014418119339958402,0.16176387667655945
38825,0.12160517275333405,0.952958345413208,0.010390480048954487,0.014424102104870041,0.1618097424507141
38850,0.12159726768732071,0.952958345413208,0.010401776991784573,0.014438149724461844,0.16185566782951355
38875,0.12158934026956558,0.952958345413208,0.010388761758804321,0.014462240002425754,0.16190163791179657
38900,0.12158139795064926,0.952958345413208,0.010430686175823212,0.014463783552266692,0.16194765269756317
38925,0.12157347798347473,0.952958345413208,0.01038296427577734,0.014460053368837768,0.16199350357055664
38950,0.1215655505657196,0.953000009059906,0.010375912301242352,0.014460075056344732,0.1620393544435501
38975,0.12155764549970627,0.953000009059906,0.010361974127590656,0.014467819516317747,0.16208535432815552
39000,0.12154971063137054,0.953000009059906,0.010398105718195438,0.014473621448716827,0.1621313840150833
39025,0.12154176831245422,0.953000009059906,0.010429039597511292,0.014481400329396097,0.16217750310897827
39050,0.12153380364179611,0.953000009059906,0.010422888211905956,0.014506493716366782,0.1622237116098404
39075,0.12152581661939621,0.953000009059906,0.01045931875705719,0.014523086618986615,0.1622699797153473
39100,0.12151780724525452,0.953000009059906,0.010473708622157574,0.01453052867224903,0.16231626272201538
39125,0.12150977551937103,0.953000009059906,0.010495835915207863,0.014550221683113682,0.16236260533332825
39150,0.12150172889232635,0.953041672706604,0.010472539812326431,0.014571807531766418,0.16240909695625305
39175,0.12149368226528168,0.953041672706604,0.010465812869369984,0.014575233540896989,0.16245564818382263
39200,0.121485635638237,0.953041672706604,0.010429753921926022,0.01459258200582683,0.1625022441148758
39225,0.12147758901119232,0.953041672706604,0.010455493815243244,0.014611148470748432,0.16254891455173492
39250,0.12146952003240585,0.953041672706604,0.010469553992152214,0.01460754995072427,0.16259565949440002
39275,0.12146144360303879,0.953041672706604,0.010495557449758053,0.014602418303146993,0.16264234483242035
39300,0.12145336717367172,0.953041672706604,0.010480505414307117,0.014621233489372035,0.16268901526927948
39325,0.12144528329372406,0.953041672706604,0.010458625853061676,0.01463367640008049,0.1627357304096222
39350,0.12143716961145401,0.953041672706604,0.010505174286663532,0.014630961870207414,0.1627824604511261
39375,0.12142905592918396,0.953041672706604,0.010538889095187187,0.01464949360405247,0.16282916069030762
39400,0.12142089754343033,0.953041672706604,0.010578623972833157,0.01465694915739446,0.1628759652376175
39425,0.1214127317070961,0.953041672706604,0.010599447414278984,0.014665374064640888,0.16292276978492737
39450,0.12140452116727829,0.953041672706604,0.010641835629940033,0.014702870023882748,0.16296960413455963
39475,0.1213962659239769,0.953083336353302,0.010643649846315384,0.014723337051599755,0.16301649808883667
39500,0.1213880181312561,0.953041672706604,0.010664135217666626,0.01471856075867791,0.16306348145008087
39525,0.12137976288795471,0.953041672706604,0.010658339597284794,0.01472601571985999,0.16311050951480865
39550,0.12137150764465332,0.953041672706604,0.010619801469147205,0.01472479645413093,0.16315756738185883
39575,0.12136325985193253,0.953041672706604,0.010638614185154438,0.01473510822209386,0.16320453584194183
39600,0.12135499715805054,0.953041672706604,0.010645689442753792,0.014735566788201144,0.1632513403892517
39625,0.12134672701358795,0.953041672706604,0.010679738596081734,0.014743477415452266,0.16329818964004517
39650,0.12133842706680298,0.953041672706604,0.01070163119584322,0.014749142877247547,0.16334514319896698
39675,0.1213301345705986,0.953041672706604,0.010717661119997501,0.014751265652341685,0.16339215636253357
39700,0.12132180482149124,0.953041672706604,0.01074350904673338,0.014760620854573227,0.16343918442726135
39725,0.12131347507238388,0.953041672706604,0.010760931298136711,0.014761839223512473,0.16348618268966675
39750,0.12130513042211533,0.953041672706604,0.01076130848377943,0.01476483080442172,0.16353321075439453
39775,0.12129679322242737,0.953041672706604,0.010739394463598728,0.01478901574178454,0.16358031332492828
39800,0.12128843367099762,0.953083336353302,0.010769874788820744,0.014800516680506902,0.16362756490707397
39825,0.12128005176782608,0.953083336353302,0.01077145617455244,0.014802812317391516,0.16367487609386444
39850,0.12127167731523514,0.953083336353302,0.010778781026601791,0.014829975543954751,0.1637222021818161
39875,0.1212632805109024,0.953125,0.010776624083518982,0.014830418988382062,0.16376961767673492
39900,0.12125486135482788,0.953166663646698,0.010813414119184017,0.01485609356723977,0.16381709277629852
39925,0.12124640494585037,0.953166663646698,0.010836911387741566,0.014860860783092924,0.16386468708515167
39950,0.12123793363571167,0.953166663646698,0.010834439657628536,0.014876709742905015,0.1639123558998108
39975,0.12122947722673416,0.953208327293396,0.010819390416145325,0.014884188052918587,0.1639600396156311
