step,grad_theta_norm,grad_phi_norm,egr
0,0.033574894531576804,0.12350687001868192,0.2718463719971718
1,0.03380761285060799,0.12582219770473535,0.26869354904827686
2,0.03471440408940555,0.12325765989454568,0.28164094725491434
3,0.03587951024211085,0.12108400833453614,0.29631914846001023
4,0.03771800126756408,0.118968793296637,0.31704113509162785
5,0.0409602446994075,0.12184760693713154,0.33615961551222895
6,0.04497129375720184,0.12588295801976027,0.35724687808643085
7,0.04875666157128587,0.1324605458360873,0.36808440779982515
8,0.05305579258356697,0.13713431637529994,0.38688924833358684
9,0.05500007181677681,0.13839547052091333,0.3974123691285704
10,0.0576938164032114,0.1422377990528085,0.4056152217413449
11,0.06087866366683511,0.14152438644175402,0.43016377033692527
12,0.06442944496259928,0.14692875421378163,0.4385080735688795
13,0.06946298886424518,0.1544207122948358,0.44982948097771697
14,0.07340226482159544,0.16784305464558005,0.437326793033858
15,0.07297296316350732,0.15844273948708462,0.46056362948076335
16,0.0743899284986001,0.16025809188429876,0.4641882829345246
17,0.07699018859010318,0.16343023834063386,0.4710890063634565
18,0.07838896919461184,0.1649429741606052,0.47524891310501743
19,0.08184642917960529,0.17186646176386747,0.47622106337174935
20,0.08606491072297279,0.175036360615148,0.49169732745821765
21,0.0853960798428593,0.1742084178427893,0.490194910784581
22,0.08121793749348913,0.1677066229693107,0.48428580848513797
23,0.07934573540320107,0.16681791061294846,0.47564278386643805
24,0.07769230286324749,0.16168381866322354,0.48051996486175763
25,0.08261468581431898,0.1701231474159614,0.48561696082329964
26,0.06981848313042674,0.14471618495023666,0.48245110354417275
27,0.07177240653152422,0.15038529091864264,0.4772568254023947
28,0.06797971541095758,0.1419132674521584,0.479022973897742
29,0.06838495593316472,0.1432358567028287,0.477429028644451
30,0.05601227955491206,0.13352687733834656,0.419483183243789
31,0.05589288809958588,0.12264149922739054,0.4557420485825822
32,0.041965446995757404,0.10695930166083424,0.3923496726674285
33,0.042252380429769275,0.11564348891458856,0.36536756912108104
34,0.03478177290306592,0.09542878572979788,0.36447883766628236
35,0.0337558230728928,0.09634716912597285,0.35035614827880496
36,0.024481654775217136,0.08164970263475844,0.29983764771845484
37,0.01922198130926164,0.08055019565528664,0.23863357689760542
38,0.01760295101588457,0.07813293043221949,0.2252949034201383
39,0.010854814073549277,0.09110885654859503,0.11914115141638801
40,0.010102759572503861,0.09062620069646381,0.11147724934679501
41,0.0071875929741411345,0.06641459538590383,0.10822309361773876
42,0.006905897029602186,0.0629253463982729,0.10974746147256781
43,0.007991892738875342,0.0812927458520577,0.09831003560048572
44,0.015419588639534309,0.06819068506075403,0.22612455976311435
45,0.013092741247271139,0.0708525331031162,0.18478861197568827
46,0.01434141005068803,0.061967502460811744,0.23143437254916166
47,0.012259206134417487,0.06383993869219698,0.19203035568898302
48,0.015513297897939062,0.08062408660114954,0.1924151770486595
49,0.017883828874673994,0.059688563083104315,0.2996190216453149
50,0.015324199667203284,0.07113214417838978,0.21543283762903073
51,0.022157682120165084,0.06535860678050343,0.3390170508719555
52,0.020119438114934995,0.057218521784733266,0.3516245699299336
53,0.02119282591916264,0.07282543461495404,0.2910085745580964
54,0.020516769689658824,0.058644163589600125,0.3498518596477585
55,0.018777037351702244,0.05787904525094812,0.3244185744592986
56,0.02072614579747037,0.06600610319487137,0.3140034753447886
57,0.021107896475214022,0.062293090568300506,0.3388481175409282
58,0.011306339261135327,0.04454340635502223,0.2538274502575558
59,0.016078307748771736,0.06376770626064691,0.252138718661142
60,0.01826479281597002,0.057031989961603975,0.32025522567152737
61,0.009891221659760944,0.0560855332289833,0.1763595902565673
62,0.015740554037965083,0.051126382938314736,0.30787536948679867
63,0.011891672473225201,0.0434296999711091,0.27381429024059867
64,0.010461318144583953,0.049198928312792725,0.21263304919695097
65,0.007499299955790245,0.03881855737718881,0.1931885279179364
66,0.006219604191977833,0.048961382743748234,0.12703081169914404
67,0.005900009883972982,0.04050101817820217,0.14567559407685998
68,0.006093093198790064,0.050042433591885815,0.12175853093715804
69,0.0063848597332030604,0.03737747896407484,0.17082103742654803
70,0.006836184429068545,0.08284368908915696,0.08251907301748569
71,0.005774662336787409,0.03439737008701353,0.16788092583856312
72,0.009789595391739188,0.039790302458322185,0.24602968026561592
73,0.00942112764766941,0.046773477025055764,0.20142029728560165
74,0.01009617556436824,0.045290608240235196,0.2229198493116305
75,0.006512265048544797,0.03709904406723535,0.17553727359031004
76,0.007318304077747107,0.039698802239018165,0.1843457148530776
77,0.013719854506792691,0.046941330292322746,0.29227664450626567
78,0.008702053589732596,0.05198656099071146,0.1673904452175634
79,0.009569824824266751,0.05900993386500846,0.1621731155638401
80,0.013001633311606501,0.0400279494886808,0.3248138732402049
81,0.010622078821280198,0.0351173156752161,0.30247411047064204
82,0.009031490537321859,0.05677115367093979,0.15908590812706777
83,0.009696830640594801,0.037283689986748636,0.26008237499510284
84,0.005645041807721527,0.039780076029437283,0.1419062598925725
85,0.00842014602731871,0.03213894263905155,0.2619920052013635
86,0.005564962820033824,0.04774979828406764,0.11654421630874418
87,0.0058912015730252535,0.05021690289924583,0.11731511170109246
88,0.007355720109950909,0.04270622096123438,0.1722400143167821
89,0.006570827943655452,0.05168293763433456,0.1271372767163125
90,0.006218341511235775,0.04075552434665674,0.152576653368301
91,0.007349138038557552,0.05061189656002957,0.1452057428769876
92,0.006154362656176846,0.04159427321549769,0.14796177887622805
93,0.0058401351944895085,0.04918021315583177,0.11874969260230296
94,0.005385958087083333,0.040147421290326814,0.13415452135768632
95,0.006057456391886487,0.04352533827592213,0.13917080559712164
96,0.007959212496624287,0.03567903061938468,0.22307815986673443
97,0.006189827393348955,0.08318412827221275,0.07441115897757415
98,0.007943233932011576,0.042965490543693384,0.18487474089813774
99,0.006190773280716485,0.04773290587953164,0.1296961323957747
100,0.005882517676779281,0.042918122233441526,0.13706372437838385
101,0.005722235994360251,0.0353035760379538,0.16208658261832634
102,0.008273281623605223,0.051043628472402194,0.16208255312249722
103,0.005434890611620985,0.03982643869190565,0.13646438873253086
104,0.00713058912731729,0.044130560674854644,0.1615793911999555
105,0.006187350769919592,0.03811099898954438,0.16235078937329142
106,0.005533442908553995,0.05715776633035125,0.09680999212733196
107,0.006088962490135906,0.04168549007079368,0.14606911132984324
108,0.006226379446808379,0.05169428514803464,0.12044618527672306
109,0.006744748047499457,0.03909787444571935,0.17250932801195795
110,0.009446738290368361,0.037092395886846,0.2546812645624695
111,0.007797255674673502,0.04407962035336148,0.17689026384506962
112,0.011467783246868167,0.04365225224444007,0.26270771052978364
113,0.007548234316009682,0.03622706712714993,0.2083589678763808
114,0.006469704070142119,0.03780969526665213,0.1711123039829744
115,0.005854376632887883,0.04049217089159229,0.1445804584895421
116,0.005341881864881085,0.04026593195695665,0.13266504971147242
117,0.007876464018071728,0.03899002672349716,0.20201227543973446
118,0.005243726520919924,0.0550393506228743,0.09527231810480999
119,0.007411906231890853,0.04247736377834005,0.17449073041335544
120,0.006316646266488137,0.04742143044104287,0.1332023561416639
121,0.007120156971490429,0.045881305279081915,0.15518645182445248
122,0.005742313729694187,0.03996370803938353,0.1436882114115024
123,0.006500363348821469,0.06973850984314682,0.09321052834866454
124,0.010798124414270518,0.03589855744346084,0.30079549661505056
125,0.006305750542569474,0.06323228396719177,0.09972359286818588
126,0.006179570558423507,0.05455670210947059,0.11326877027703469
127,0.006656644542442335,0.029375424608095415,0.22660590037501144
128,0.0056248846265762546,0.031307168385673975,0.17966762618399273
129,0.007483097028576947,0.059245029170504324,0.12630759294445867
130,0.005751850706307462,0.037666563703714975,0.15270441847041824
131,0.006065515000599051,0.04406641699202798,0.13764484191121584
132,0.008615150259017443,0.07920617609606652,0.10876866784301828
133,0.008596882195142107,0.0702302850684344,0.1224099003249474
134,0.00542665708933686,0.07150245689668132,0.07589469403970697
135,0.006549136713871606,0.03723481516752613,0.17588745060852254
136,0.006847792801689613,0.032830843904308286,0.2085780317265138
137,0.006237379408450465,0.05350613755907543,0.1165731576391079
138,0.0052893965577248325,0.04728135566713554,0.11187066197616519
139,0.006156074011820846,0.032791669140330534,0.1877328654814264
140,0.005305019953274103,0.05633251159536958,0.09417332554396513
141,0.005830782552435567,0.04832929995330031,0.12064694828911438
142,0.005621209153472917,0.043105573482417524,0.13040562273543038
143,0.005774290630797747,0.039344578524302745,0.14676204059688336
144,0.006228425860131941,0.036490582112250695,0.17068584548203836
145,0.007434623797176824,0.039990346872471744,0.18591046035933997
146,0.007465517513204753,0.0462466434662747,0.16142831032672766
147,0.00608454647393293,0.035339746731443515,0.17217289416358597
148,0.006013027510803045,0.07983611170387123,0.07531713885354661
149,0.006374603394645753,0.052729419820655765,0.12089272774489601
150,0.0056344499098757665,0.06090137007927763,0.09251762156497746
151,0.0069254583895458155,0.057204088412409565,0.12106579410017093
152,0.00871156510494568,0.0343623353240455,0.25352075237436283
153,0.005658109775044088,0.04342342140852157,0.13030087430658835
154,0.005321674104889772,0.035247607973724907,0.15097972346678956
155,0.007362365969722131,0.040780003714596974,0.180538629203368
156,0.005448135623823063,0.033767967145058704,0.16134034957620935
157,0.006365817137739266,0.03286156051877475,0.19371621545205003
158,0.005365203206562318,0.049659041068685884,0.10804081373688627
159,0.005825597290740754,0.07183637257677469,0.08109537107310903
160,0.007843927597805628,0.043789946853322714,0.17912621871637
161,0.008157620173942894,0.028842409081916535,0.28283421646545753
162,0.005432893164856457,0.06839529465741705,0.07943372701279618
163,0.005788989433293688,0.04271674743762102,0.13552037035618852
164,0.005296669720526719,0.03327778393997258,0.1591653377497083
165,0.006065042954823134,0.03744957121469069,0.1619522669536465
166,0.0066423587976850934,0.04097328668315055,0.16211437585880845
167,0.004804758476250626,0.025937368355942764,0.18524464047889871
168,0.006648418730043616,0.039721565542334754,0.16737554623295092
169,0.008053417265416462,0.04646700713098856,0.17331474012390982
170,0.006069664963004026,0.046839319715031205,0.12958482317424916
171,0.009377769297756907,0.03380861207280631,0.2773781212102009
172,0.008689483486151648,0.04924273550412575,0.17646224152691817
173,0.00585059722912195,0.03864931037115576,0.15137649734979267
174,0.008408026329257532,0.040008312563677005,0.21015698464325902
175,0.0060249879778239,0.06302754673959861,0.09559293181155915
176,0.005941785612517909,0.03361217554511127,0.1767748000829818
177,0.006540042308153222,0.03280953646338645,0.19933357837140428
178,0.0069602969862789296,0.037225828735095196,0.18697493709602853
179,0.0056454787317096805,0.039196370209055864,0.14403065134488724
180,0.007433673459055166,0.035642793027989235,0.2085603519625738
181,0.006023715001082956,0.038868013524738,0.15497872040962712
182,0.005793853015102626,0.036765463368761506,0.15758955508957073
183,0.007324936454100066,0.041317901919480225,0.17728239125494616
184,0.0061736240749224285,0.04085540119923745,0.15110912862328096
185,0.0052378830470909505,0.03400275580827835,0.15404289806597637
186,0.005996414716304614,0.07804492403377732,0.07683285992606737
187,0.0061043074213467975,0.04469925059240961,0.13656397680740553
188,0.006132820232463931,0.036429856107148294,0.16834599110843587
189,0.005443171664803318,0.033206014401006505,0.16392125832705806
190,0.004562093652525137,0.041202711160284976,0.110723142335638
191,0.005683758113064113,0.036650100832916505,0.15508165008387334
192,0.005544811085381574,0.03702234960771232,0.1497692919002833
193,0.005583772814031281,0.03884573615769938,0.14374223186862717
194,0.00975239722122942,0.04043483962433273,0.2411879782780063
195,0.006484789003877862,0.04508571721104143,0.14383244639049267
196,0.006479546566291591,0.04528969009339698,0.1430689093430827
197,0.0047681367816336225,0.05383119659826139,0.08857571599474802
198,0.007065944396669377,0.06763913741160425,0.10446532387848975
199,0.007094735971248975,0.0742208428974012,0.09558953649934636
200,0.006344152077090158,0.043735917185493765,0.145055882789382
201,0.006876382803415685,0.04152323381506548,0.16560325801877188
202,0.00550168059360567,0.054845525873171916,0.10031229541362725
203,0.005374306360097976,0.058203103278303255,0.09233711017620351
204,0.008113738230791638,0.051561025827228435,0.1573618464811373
205,0.0053648172018098345,0.04661173420104063,0.11509585072625267
206,0.005729144779133259,0.06418946842352367,0.0892536567095862
207,0.004865544862783891,0.03951113440772848,0.12314363876398937
208,0.006583921874362021,0.03434993882915184,0.19167201161309658
209,0.006599407526772405,0.03111299673448166,0.21211095745227126
210,0.005719656127348157,0.04056550872623689,0.14099801301167486
211,0.007383339166699127,0.048340315542543755,0.15273667711267624
212,0.006840033559974531,0.04389984392332374,0.15580997444468475
213,0.00582646244587232,0.05445340563955859,0.1069990458325455
214,0.00737694941354077,0.07501793210807282,0.09833581393332737
215,0.0045834032136727884,0.04265972528197872,0.10744099225368363
216,0.006470122696337162,0.03547639290371845,0.1823782568231907
217,0.006693723924594373,0.05821258906061311,0.11498756596291623
218,0.00943114140228735,0.06161802707375506,0.15305815278450052
219,0.005853434807524499,0.06844697059438366,0.0855178068015077
220,0.006022982374014208,0.0700021543772319,0.08603995730575878
221,0.008868813456224062,0.05454568991229789,0.1625942117575435
222,0.005541287337446041,0.03694387774203217,0.14999203321289575
223,0.004729410070613824,0.04558606311163598,0.10374684163728279
224,0.00494631070135115,0.05850747550541098,0.08454151642227592
225,0.006076845969991135,0.05507877592326102,0.11033008392102656
226,0.00551712189324163,0.042960773645970306,0.12842231237683285
227,0.005996729884686746,0.050058792666211376,0.11979373782649412
228,0.004561452269343497,0.03570853253112148,0.12774124126328235
229,0.006502440466576016,0.04974839683004892,0.1307065328890703
230,0.005346839841965376,0.05007401783234091,0.10677872624004371
231,0.0060235392511883,0.036847694792366416,0.16347126421250918
232,0.005416014597050847,0.04194526828169195,0.12912099072890376
233,0.005145788010480264,0.048470746005461224,0.10616275659950278
234,0.006831593229386225,0.06802066401167102,0.10043408614937399
235,0.004911478283021676,0.03908939851064339,0.12564732306020812
236,0.007583988495348397,0.0885034573141535,0.08569143766149653
237,0.006796329889382601,0.10527343416589968,0.06455883141997393
238,0.0063495598744604635,0.043245072305866994,0.14682736172583993
239,0.005685907687383622,0.03898974054321887,0.14583086750564925
240,0.005601429295834822,0.08109624354666893,0.06907137804160143
241,0.010923550642661057,0.05336806983562845,0.20468326240953585
242,0.005359334698854317,0.04284562399465191,0.12508476243450667
243,0.00497224333182813,0.05178737225037352,0.09601265937366141
244,0.006180610133933482,0.06422264170649584,0.09623724545750198
245,0.006260281423833007,0.07139734416278831,0.0876822730194512
246,0.005139813019246346,0.03547171930352416,0.14489889748847895
247,0.007939290055134628,0.03444454311277975,0.23049485745562018
248,0.004799910574620143,0.03414734418120213,0.14056468195620012
249,0.005800004456648978,0.03908263490584349,0.14840361890833978
250,0.008574336378077077,0.05063978920673933,0.1693201435515978
251,0.008465695088107579,0.043939234289226144,0.19266824342432137
252,0.005199045081488369,0.0680614920843977,0.07638746848166442
253,0.00762540999314519,0.04884280980469172,0.156121443943968
254,0.005385032632574006,0.07900999714942263,0.06815634510556619
255,0.006838982512723089,0.05070265730452171,0.13488410422974612
256,0.005153905359895311,0.03323891713641297,0.15505635573471171
257,0.005485144198053655,0.06803122130393732,0.08062686650100714
258,0.005591973751619536,0.03698385426842098,0.15120040520609274
259,0.005738552444806459,0.07006034172812085,0.08190871330593592
260,0.005370322898255199,0.029638361033950737,0.18119500237959515
261,0.009154495365140805,0.05249301686785325,0.17439453685834216
262,0.006765159913542628,0.05077666464120402,0.13323364110685665
263,0.005252117808477763,0.05183962583633841,0.10131473218880434
264,0.005148261852358724,0.04746283903710653,0.10846931950752745
265,0.005572651248151111,0.04289704304521919,0.1299075845891496
266,0.006439938888040262,0.04845944457314217,0.13289336979888944
267,0.006809548229186919,0.04862837073901345,0.14003241575979306
268,0.0071675682228006625,0.04706508586480609,0.15229055872196065
269,0.0056369974590754785,0.0453706349921162,0.12424330097938335
270,0.004884779057261208,0.03995312472960249,0.12226275391971189
271,0.007746071328281225,0.041897618566533124,0.1848809453405004
272,0.005340987938946952,0.04993005366569109,0.1069694011266402
273,0.005283149481098236,0.04213179498740778,0.1253957844082326
274,0.0060090140067032465,0.0596742847569941,0.10069687522979931
275,0.00531834573659486,0.05546519211691664,0.09588618615596396
276,0.004993119604814434,0.03889825911726285,0.1283635750801544
277,0.005441550659077183,0.04883254962483911,0.11143285986029813
278,0.006200778964691262,0.03479011465433285,0.1782339330043216
279,0.007761554224903007,0.03979920771639966,0.19501780738991356
280,0.006741481043725856,0.03791900831926223,0.1777863225427103
281,0.006216219794058845,0.038310790072032724,0.16225767681138198
282,0.005409944835510318,0.04778030949768371,0.11322540377557319
283,0.0061916120875525945,0.038515605369566434,0.16075593328942495
284,0.0048933979866042756,0.04078687373437258,0.1199748237227718
285,0.0056579255619522775,0.033392832535484494,0.16943532884700677
286,0.005527130388633942,0.03890960271073318,0.14205054802492847
287,0.012047867248758705,0.0437537652599611,0.2753561248249486
288,0.00536015141673658,0.031639157338694796,0.16941511302551923
289,0.007332693104875131,0.03873777220189567,0.18929052157333426
290,0.005614585165143746,0.029557673736138074,0.18995355368880865
291,0.006379897281750607,0.05504390724815594,0.11590560337354028
292,0.005353890919330297,0.037059303395674544,0.14446820173664462
293,0.005829863748510778,0.05823232760522509,0.1001138712491987
294,0.005497557816724335,0.04622994836177299,0.11891767158345529
295,0.0058381794986934145,0.045723405360373025,0.12768470442110788
296,0.005916012526817052,0.04660799382731103,0.12693128454766264
297,0.005915050993670849,0.050375537368090556,0.11741911456611497
298,0.006954833925554985,0.08272834950850774,0.08406832684067611
299,0.005701073678125973,0.04081301399670445,0.13968764175188417
300,0.006484647349356606,0.031745479393366575,0.2042699456133381
301,0.006551007891781474,0.04421242227620963,0.14817120515829216
302,0.006008845092077299,0.09928989043542677,0.06051819642126241
303,0.008754894778631216,0.037963474370974484,0.23061363385365705
304,0.005597108631972607,0.0366429833001936,0.1527470780958571
305,0.007475320512642945,0.05160083941050306,0.14486819590335032
306,0.0049383223086685,0.04600463110791891,0.10734402579985276
307,0.006285972064042135,0.06602634477007037,0.09520399903761372
308,0.00786933676098167,0.06612219714049525,0.11901202774829203
309,0.0055670553407219355,0.06110446624519752,0.09110717567340454
310,0.005681374968755656,0.05217785747239082,0.10888478837317134
311,0.005928508698249738,0.040934595221732345,0.14482880961669897
312,0.007436325244914404,0.04173575105622629,0.17817638491081736
313,0.0065172690537278625,0.06538431580328152,0.09967633634396914
314,0.009317887878038033,0.045273585830659734,0.2058128974516097
315,0.0093449440174971,0.04005836269093984,0.23328322451325254
316,0.00611212302298487,0.04519502891542716,0.13523883421531077
317,0.005945880289878338,0.08917977185939552,0.06667297040394074
318,0.005424136171096691,0.044103141245547026,0.12298752464760918
319,0.01013938496186815,0.05102694556243225,0.19870648438605348
320,0.006812362593571472,0.048737962121992544,0.139775285974825
321,0.006978213727766954,0.03934075549570596,0.17737874221432395
322,0.005577166657204308,0.05746417518981662,0.09705467169213973
323,0.008356369290926086,0.0500039885805392,0.16711405485783878
324,0.005484382245716684,0.041452727862678646,0.13230449546656164
325,0.005865163725187056,0.055873264797265565,0.10497263308961184
326,0.0065747201004351715,0.03485276776568497,0.18864269674214537
327,0.005999317339921036,0.05998767226096299,0.10000917044625994
328,0.005987655872492467,0.03539206922392817,0.16918072335468592
329,0.006149858727855112,0.03237898599641213,0.1899336417868872
330,0.006119500328820386,0.05249650752762316,0.11656966561982803
331,0.005887142710560975,0.04407486379874773,0.1335714328536319
332,0.005868157619441675,0.0499003410112439,0.11759754543564786
333,0.005811738858155003,0.039513730025469325,0.14708150443559379
334,0.0061186887968166384,0.05546671786782918,0.110312797149571
335,0.006290316074543809,0.04571344547348451,0.13760319331114132
336,0.005876088891089732,0.03301626015503699,0.17797560545376595
337,0.006233985110951305,0.046188402133296974,0.1349686246522542
338,0.0055485371664769955,0.033744149994481526,0.16442960238204152
339,0.00887920960054661,0.05695360219460614,0.1559025111361898
340,0.0062255941185243,0.05181554205553868,0.1201491651236848
341,0.005218141770349595,0.036480563911866874,0.1430389558344829
342,0.005263749040332611,0.055051211087052764,0.09561549939225501
343,0.005405787763424302,0.051234375162653965,0.10551095326442483
344,0.004845464445307012,0.03772450446913637,0.12844342194455594
345,0.006735445156542252,0.03669054762932585,0.1835743969919708
346,0.008912211346351187,0.05395164336544315,0.16518887637618107
347,0.006280426392203756,0.0727707904067028,0.0863042211994302
348,0.005751886758032851,0.05902085179732395,0.0974551634342253
349,0.00723780930005843,0.08151208733949115,0.0887943069084313
350,0.00700502732615587,0.04276804877436576,0.16379113676541493
351,0.0054005376643155925,0.039369639231729314,0.13717518802727416
352,0.009636793980891421,0.04353947578049156,0.22133463501616113
353,0.005413892760512796,0.04150076785914122,0.13045283351762962
354,0.008095347558589237,0.037611128574101434,0.21523809216265732
355,0.005503172994680601,0.03315565428703535,0.16597992447600388
356,0.006588086269331636,0.06110563452928663,0.10781471005045029
357,0.0052061387526040346,0.04103873789437311,0.12685913406686414
358,0.0055971690792900285,0.07583353068670948,0.07380863093846657
359,0.006163376280818636,0.0479569447043758,0.12851895212848585
360,0.005469967954473607,0.05621883131808655,0.09729778841234162
361,0.008529258319210937,0.05342163708289332,0.15965924641763773
362,0.005798938055299772,0.047502300577574784,0.12207699384385812
363,0.006603715307695384,0.05979417504613716,0.11044077959917534
364,0.005151444997809992,0.02953172099511842,0.17443768341462682
365,0.005955451993925413,0.04624394401779214,0.1287833925130888
366,0.006540028123449849,0.04688785114959469,0.1394823597789659
367,0.005040642509463111,0.04240948312504841,0.11885649477220553
368,0.005127476767637912,0.03257758528056293,0.15739278167248857
369,0.005864044343090808,0.04169183463801527,0.14065210595465685
370,0.005475317422111609,0.04164258594601151,0.13148360740802043
371,0.005886672429375261,0.03718161799349037,0.15832211578978508
372,0.005503920117559419,0.049016779770114975,0.1122864485031474
373,0.00822294694988076,0.04844667432814696,0.16973191790243464
374,0.005376933016383932,0.04222806294280499,0.1273307995097783
375,0.004862524329701378,0.07484255150797468,0.06497005021425936
376,0.005934133429113612,0.04277928618927719,0.13871511092352712
377,0.0056497553214972865,0.042319314371025166,0.133502997516236
378,0.005117106241673474,0.03303752015248023,0.154887722138383
379,0.006228375627947104,0.04105344274456565,0.15171384447702274
380,0.0055008913367421385,0.0315000447162752,0.17463122310189452
381,0.006557817710347824,0.03500482396494022,0.18734039961830964
382,0.005077215173948205,0.038171545366631615,0.13301046958013754
383,0.005044692129088195,0.039615177775600675,0.12734240794112808
384,0.008083319202654796,0.03882838168253692,0.20818068773857995
385,0.007808514086733572,0.04851121981756354,0.16096305382421094
386,0.006186459930706662,0.04223115980796499,0.1464904103674031
387,0.006809585092110831,0.045113337149000114,0.15094394523440424
388,0.005444771475006649,0.07274630090986153,0.07484602525258718
389,0.006548732860316983,0.05325858592811488,0.1229610727748779
390,0.005151375082990734,0.04152262617003607,0.12406188042566667
391,0.005537124407018713,0.043638115428417494,0.12688734040256022
392,0.0070531699613383325,0.03481735346192207,0.2025762804990173
393,0.006285278399141723,0.046073947684762896,0.1364171883427282
394,0.00501267731915735,0.045149897062476615,0.11102300658869688
395,0.00828120740998198,0.03927945605467562,0.21082795541374102
396,0.005624224887531385,0.07325161565259312,0.07677953363006139
397,0.0071389712683155625,0.0509584112184288,0.14009407078205185
398,0.006772293198412155,0.05036964635925337,0.13445187107281667
399,0.005048454587204109,0.03636165511641026,0.1388400657479111
400,0.00907760978432296,0.05601499399544863,0.16205678402640697
401,0.005731770199771039,0.04137109082929329,0.1385453002262644
402,0.006754908507094046,0.0505002485639684,0.13375990612014274
403,0.004832252233648564,0.03580065944112502,0.13497662637919655
404,0.007457653152544042,0.0554494423703146,0.13449464653953086
405,0.006020538028546854,0.04520035775988012,0.13319668973411294
406,0.0070552707330666445,0.04606026298902941,0.15317478179822566
407,0.009756380414270592,0.05315204311263434,0.18355607503952986
408,0.005566812566308206,0.06775213150679135,0.08216439014421316
409,0.005889309782635226,0.050831886803210186,0.11585857131998965
410,0.006116296083155947,0.07155766756367675,0.08547366468628659
411,0.006461182555471212,0.04227406234208178,0.15284035168029209
412,0.005553005032487586,0.05111908854780118,0.10862879582030054
413,0.005698329732617922,0.08821161484753885,0.06459840625752142
414,0.0060446276606615735,0.04643285499377115,0.13017996979385105
415,0.005312734305183917,0.043293145482267384,0.1227153685850169
416,0.005411187401387589,0.04119427899754182,0.13135774027211722
417,0.005274606683824221,0.03272240114012334,0.16119253171783426
418,0.00514541223589816,0.05976260191864088,0.08609752705909428
419,0.005157299292836555,0.07639505352875015,0.06750828822743311
420,0.0059533704121580286,0.06055340898687806,0.09831602401360771
421,0.008587119100518145,0.060948465592213626,0.14089147309845135
422,0.0048540167782460016,0.0631531884983325,0.07686099298529173
423,0.005682153241693097,0.08246482514940727,0.06890396276629993
424,0.005034651122556606,0.03687440530606084,0.13653511373626284
425,0.01053093800534486,0.050863598311668236,0.2070427251451849
426,0.005425582682364473,0.037704578491736904,0.14389718435413917
427,0.005377305973655807,0.05073767305927293,0.1059825106143108
428,0.005645541883117379,0.07377307538873414,0.07652577655591382
429,0.005900346540995387,0.058439797193758296,0.10096452801387568
430,0.005596310406165123,0.03297610661159914,0.16970803957878244
431,0.008274671041772277,0.04831549627057095,0.17126329398050974
432,0.005129251291430203,0.039298967646500774,0.1305187285691053
433,0.005371264771968204,0.032730263929702755,0.1641069801129733
434,0.005395724940300333,0.04152625336919449,0.12993526991705734
435,0.005179266751299442,0.03526493987729529,0.14686730699595366
436,0.007839827037012042,0.04170866954489713,0.1879663658027961
437,0.006468141784543788,0.07162513527609181,0.09030547390271418
438,0.0061290481105278965,0.040904793622741235,0.14983691561691642
439,0.006118607934984388,0.0651111300787663,0.09397176684675274
440,0.0053973268499934056,0.028051298496332595,0.19240916246735026
441,0.005647601649419431,0.03831793975296049,0.1473879254908454
442,0.006666541737982983,0.07131045735702461,0.09348617278546724
443,0.009102533145056884,0.055545869825531974,0.1638741669449738
444,0.007048061756479221,0.05543038891947236,0.12715158406323446
445,0.006410377712008423,0.03686584230775914,0.17388393457336926
446,0.007994877439943792,0.05192020055757931,0.15398394755666475
447,0.0075535889669951055,0.08045377873981159,0.09388731126389487
448,0.0067036545631201224,0.0467102918346182,0.1435155786804217
449,0.006024655568433429,0.0386863065587756,0.15573095764839992
450,0.005438107846071602,0.06077872897439037,0.08947386590255155
451,0.005300506579420693,0.02509023243428342,0.21125777105064983
452,0.005853507834705531,0.043379979964772705,0.13493569705020647
453,0.006719912711507395,0.039534791773934555,0.16997465801167785
454,0.006968740396662743,0.039184955397804484,0.17784224393618567
455,0.005622079553873174,0.0411705335623269,0.13655590703544107
456,0.005964523459257526,0.044260089732843864,0.1347607629158669
457,0.007953903596509198,0.07978274097231788,0.09969453918823444
458,0.006012932825028702,0.04558521023159854,0.13190534373643803
459,0.006712397501216647,0.0389083809644837,0.172518036851015
460,0.013321840444730738,0.05635814736430929,0.23637825350041347
461,0.006061958457937106,0.059571785223405053,0.10175888526929146
462,0.00859622032520356,0.053358217329537105,0.16110396402399882
463,0.00652951770146448,0.04940605579607857,0.13216027056040724
464,0.006210582549820881,0.041786217931103556,0.14862753455965222
465,0.0071533899458467685,0.04105722333638686,0.17422975458091597
466,0.005902386111531738,0.03512083406152659,0.16805939463235858
467,0.004972431364233814,0.040132504516912686,0.1239003502015287
468,0.0061754205211651345,0.03576564004324962,0.17266349808153414
469,0.007658984025454789,0.03837415482158503,0.19958704135281985
470,0.006440027295676616,0.064654686249806,0.09960650447973263
471,0.00969765598374831,0.051910918223104195,0.18681341643549126
472,0.006798538387360201,0.04726279145695541,0.14384546865811185
473,0.006871406041829138,0.07285038505306118,0.09432216503358178
474,0.0063522160869113505,0.06109510719945499,0.10397258271549516
475,0.006708113957978787,0.040172408679725484,0.16698311548337172
476,0.009157172244575901,0.04737399374300736,0.19329534035188348
477,0.00793702197712259,0.033588786023392304,0.23629975704863804
478,0.0064656980586078475,0.03550410187997302,0.18211129745751647
479,0.011278670337953777,0.03961627852247077,0.28469787567935484
480,0.005349305035798774,0.0353307583317425,0.151406459646844
481,0.006018587156634043,0.06678239303501039,0.09012236433918594
482,0.0055390750721521775,0.029853346153325123,0.1855428548450902
483,0.006737111234500158,0.0634798843404085,0.10612985994534145
484,0.005409535291046517,0.06604682014742802,0.08190455314713994
485,0.005395341624908971,0.04144769289704008,0.13017230267029165
486,0.005852308830600217,0.041406732936701246,0.14133713083341648
487,0.008346951194703146,0.04414782700740322,0.18906822283946986
488,0.005920934899661595,0.04758249980787207,0.12443513736026114
489,0.005636454995052181,0.032064695217122526,0.1757838319282241
490,0.006563250389776221,0.052348971184322864,0.125374964228836
491,0.008234928188384841,0.04683607216988957,0.17582448328156708
492,0.007001804610181011,0.0447319193262142,0.15652815071409695
493,0.005979176256352318,0.04793413949402633,0.12473732332198684
494,0.005753150323131388,0.03777425310606002,0.1523034831906742
495,0.006119390941771231,0.058729598707321085,0.1041960285164388
496,0.005468204703403337,0.03272234587163851,0.16710918968605162
497,0.0059020357020013944,0.03995329937496875,0.1477233618796292
498,0.005766381482407205,0.036650266071177544,0.15733532387053145
499,0.007410827311137839,0.0576872624271659,0.12846557453417118
500,0.006252538723748695,0.03534986670451375,0.17687587836854407
501,0.006244989443513403,0.060927643020758274,0.10249845774081912
502,0.00625747805126118,0.041794525935653845,0.1497200389530765
503,0.007057965467988356,0.07139084326003678,0.0988637358180696
504,0.006023179884066693,0.027114916305587808,0.22213529320772082
505,0.0053977238410921405,0.04039720250465651,0.1336162780166854
506,0.006464301671198961,0.04324750049721022,0.14947226074872197
507,0.0071117437033533445,0.05044841707765737,0.14097060156050026
508,0.007380407345036356,0.029961375331602477,0.24633072624691446
509,0.006180957699309423,0.044825985970155684,0.13788782478285483
510,0.005965359013333967,0.03555854420089658,0.16776162093317062
511,0.005578848682023779,0.02874704005397365,0.19406689076006484
512,0.006518523221975813,0.04664061494832953,0.13976066201223014
513,0.005668408131119463,0.04166357592411606,0.13605188717616473
514,0.006181020971174257,0.046431989170305284,0.13311988311269884
515,0.006129172164028919,0.04305214205986484,0.1423662533530578
516,0.005256088244510207,0.047690243693793925,0.11021307163259442
517,0.007343830485248466,0.07436150660786606,0.09875849508908238
518,0.008324344233529702,0.04456176356801641,0.18680464072381509
519,0.010439119628061334,0.057001494083601355,0.18313764920911793
520,0.00606783031196823,0.04891824958177758,0.12404021737737121
521,0.008801675560959581,0.03946884672865969,0.2230031098006565
522,0.005919767374362249,0.04931635605076558,0.12003659329875235
523,0.00783849327792541,0.039786392743040196,0.19701442471432845
524,0.006130899748725454,0.05307436828841127,0.11551526558533931
525,0.00635181030878959,0.0504981481921899,0.12578303434988503
526,0.007171465486283649,0.03797959739872189,0.18882415763407126
527,0.006108442344667814,0.03203755312981159,0.19066507107226988
528,0.005822617751155089,0.05398142146452507,0.10786336471101768
529,0.005454953400033333,0.03714505637144818,0.1468554346865783
530,0.005926905343090588,0.07930638687203932,0.0747342752176934
531,0.007330059663005808,0.05099909142591168,0.1437292206177974
532,0.00658862216317043,0.04698089407916788,0.14024045927963077
533,0.008007547963675064,0.07491052213319281,0.1068948358059839
534,0.009924080653516581,0.053536878599404314,0.1853690561153043
535,0.008101568339241355,0.061768842413745494,0.13115946523400193
536,0.005840789854237825,0.04618601364603402,0.12646230737458133
537,0.006075716488526958,0.032194049870003016,0.18872172071769444
538,0.006828353391529134,0.045257978606679725,0.15087623445847947
539,0.006668046628163984,0.040264306278103325,0.16560689216753294
540,0.00999175026422032,0.050996114563339606,0.19593159889885647
541,0.006015306477311501,0.060434806572723994,0.09953380871623162
542,0.009500231468043812,0.059504754249146107,0.1596549987939911
543,0.006279244018064511,0.03872536357894795,0.162148097205107
544,0.006135920689686747,0.09796284023939364,0.0626351856952049
545,0.006452948592122288,0.06331587199571966,0.10191676097356141
546,0.006030397544193787,0.0461425216740056,0.1306906802074565
547,0.0074715474179899875,0.0438591075565224,0.17035338460069788
548,0.005777518634473742,0.03802924449797962,0.15192304529291298
549,0.006465531228263667,0.03301541962039718,0.1958336832427651
550,0.008221268245068096,0.049940743307740496,0.16462046217940918
551,0.005792366577569224,0.055129203571479435,0.10506893265660709
552,0.007965584808867786,0.04399060974159336,0.18107466242176698
553,0.005778351638972389,0.07307164632704805,0.079077890390358
554,0.006332750770180398,0.0540425361916318,0.11718085819672928
555,0.006289560420175746,0.03810177914856704,0.1650726176194115
556,0.00639593011878986,0.04416084472846709,0.1448326035874505
557,0.010572255742318442,0.04516097613938117,0.23410157719919492
558,0.00714928666673995,0.04605722129928086,0.155226183102287
559,0.0059885875236481995,0.0330048186299919,0.18144585463726343
560,0.00705478627278589,0.044563504975974035,0.15830860423638352
561,0.007693603216567158,0.07254043275370767,0.10605951638836707
562,0.0070419946959037055,0.08106812593177949,0.08686514724347796
563,0.007521636286234505,0.08451382561968505,0.08899888546038741
564,0.008982828839089468,0.051185808943283895,0.17549451741335845
565,0.005874669396924191,0.05893519290530961,0.0996801589546549
566,0.006250825842297929,0.031955423970421414,0.19561079358196623
567,0.007150700646051088,0.05173652700694868,0.1382137738961966
568,0.006574006821543585,0.05138649385604051,0.12793258165915664
569,0.010688857637145454,0.06228527362954625,0.17161131378418432
570,0.00913920502428219,0.054457930827486144,0.16782137854385035
571,0.005652497424523475,0.034681293703580966,0.16298404184895937
572,0.008591504508037041,0.06364084943530393,0.13499984026196885
573,0.008076569534859064,0.061788199273999755,0.13071378725430732
574,0.005686629362780466,0.042054965861334635,0.1352189746484502
575,0.0066899855647193415,0.033275271805118585,0.20104976463300298
576,0.0053417490624898,0.028480885454852025,0.18755558252463742
577,0.007147817948825438,0.05953781678468845,0.12005508993644544
578,0.005798947151905189,0.06107803507480725,0.09494324997043213
579,0.006555242866655891,0.05502567719382306,0.11913061684723117
580,0.0069657408778653635,0.04647552614563781,0.14987976372526313
581,0.01049505998015153,0.04658897028671954,0.22526919816723104
582,0.008480293813285517,0.054135076066471256,0.15665063077986816
583,0.00878827228901226,0.06746235912758654,0.1302692701905278
584,0.005897428208329959,0.032868314090210515,0.17942594171287357
585,0.0068237657196349106,0.03767289594453076,0.18113196632138479
586,0.006044296030423195,0.028124544918477188,0.21491178071426567
587,0.006519017678598832,0.05938926124254437,0.10976761694114272
588,0.007066137209462457,0.0577222730311497,0.12241612878839361
589,0.007374973817019006,0.04648839759398285,0.15864117066953784
590,0.0059343124398827385,0.034642655552997025,0.17130073734194565
591,0.008810692651956368,0.03754911846079303,0.23464446071940204
592,0.006994116880489882,0.033220098069692144,0.21053871862769488
593,0.006629676067181506,0.03833673656239945,0.17293271836578128
594,0.006514789030732819,0.052230844781859645,0.12473068467142134
595,0.005793248626755987,0.03527564584262005,0.1642279960638553
596,0.006921292517540729,0.0515422774107613,0.13428379313253586
597,0.006280713696934937,0.07164354427364818,0.08766614997239093
598,0.006652387989169249,0.04248034917657702,0.1565991833391207
599,0.0058252026049463584,0.04011887425741461,0.14519855585739846
600,0.005865632629751579,0.04451052705627926,0.13178079473656362
601,0.006733330237165629,0.042681816417547175,0.15775641249981323
602,0.005839452114915496,0.038080641655527575,0.1533443729122282
603,0.006108356582603408,0.043220543673309776,0.1413299339460694
604,0.008378621082077077,0.04854962298806832,0.17257849940387077
605,0.006204320723416134,0.05280736508102043,0.11748968564857533
606,0.008294219077329709,0.08464006580633962,0.09799400553644737
607,0.007610651836042022,0.08992220032710369,0.0846359609559447
608,0.0081337790560698,0.04180346090274393,0.19457190577590042
609,0.00730989067984782,0.09183511292701141,0.07959799304192032
610,0.006812059794094925,0.034346313864782325,0.1983345234867102
611,0.005271454431056379,0.06891319270337,0.07649412578619506
612,0.009586810484598935,0.05784116629628419,0.16574372714626717
613,0.007435992325103275,0.036101790999630505,0.20597294812806954
614,0.00960406118988532,0.03576805571844307,0.2685094561811665
615,0.0061352020544964535,0.0495984133447092,0.12369754676894751
616,0.010548212887647547,0.04910515136561798,0.21480868287921204
617,0.007235289150303006,0.05643739551083431,0.128200266590719
618,0.007153086070547953,0.04159663125084415,0.1719631098787796
619,0.0074471803917304305,0.06932641416447696,0.1074219759001896
620,0.007380066480322273,0.04052290033962956,0.18212088518557448
621,0.005576114073852955,0.03459871159410296,0.16116536763300135
622,0.00801317272530727,0.06791803220364498,0.11798299310502168
623,0.006616307315969025,0.04718362902307704,0.14022463835057772
624,0.0076646410262442835,0.04241025846574634,0.18072610975134917
625,0.0064221162058234966,0.06301829670389672,0.1019087557364031
626,0.007092437613238919,0.07143491635244754,0.09928530717593019
627,0.005796087291765253,0.04802861406152485,0.12067987812889544
628,0.006103977543517844,0.03118703496520219,0.19572163721664487
629,0.0068875861857988505,0.03933803520298279,0.17508719360496974
630,0.010238778927864355,0.04621859976542503,0.22152940546896877
631,0.006771930856989665,0.035953181136159786,0.18835414955786667
632,0.006943980830819834,0.03484710857696197,0.19926992838686622
633,0.007541125852433299,0.048690527256517735,0.15487870592465114
634,0.0064411154857993026,0.04073539822629851,0.15812084246381172
635,0.011735751068576212,0.05033455473082779,0.23315495947271
636,0.006630187474593434,0.05729854167604564,0.11571302306371879
637,0.006894747936494935,0.06049650596947334,0.11396935783134433
638,0.00778528685628884,0.07870785451139042,0.09891372220117188
639,0.005669771469194554,0.04521135747767051,0.1254059109344239
640,0.006366127447366998,0.04046732430977763,0.15731525510500607
641,0.006635608875701841,0.04132213972903795,0.16058241221420283
642,0.006420732154252296,0.05083943865067303,0.1262943164704082
643,0.00781265366671355,0.05195014473269786,0.15038752455382118
644,0.007207815216006003,0.060330985667800006,0.11947119935309633
645,0.008747119961770484,0.0443505600848924,0.19722682069471498
646,0.007665882595390157,0.04211393685322238,0.18202721398205188
647,0.00558651376695299,0.0382860415921732,0.14591515692103108
648,0.005806915003156734,0.04728602858147286,0.12280403276051687
649,0.0057422839532912774,0.0289184836029834,0.19856794816517634
650,0.007671890164329241,0.036796075569186876,0.20849751082001808
651,0.0073998898312869705,0.03764965761071869,0.1965460060115848
652,0.005791625728319733,0.03991159235004998,0.14511136707797553
653,0.007380940915817165,0.05759957662415945,0.12814227722280125
654,0.008632829321439243,0.05193773732269395,0.1662149675030405
655,0.009871343127612444,0.045396409590564124,0.2174476619720782
656,0.006159390754373522,0.03549975076036815,0.17350518305825258
657,0.0072026838491533645,0.03367242549951212,0.21390451510669525
658,0.00906286331899543,0.057571922217071324,0.15741811233377018
659,0.007689765965869745,0.03982564334159487,0.19308579398754572
660,0.0065316025357571375,0.04027662986711808,0.16216854680106646
661,0.006713962554254325,0.04859954397476738,0.13814867393821698
662,0.007559752665771849,0.10715570785594287,0.07054922987270468
663,0.008317923113904077,0.05960092420028544,0.13956030422972335
664,0.005668255059985415,0.05508522372258175,0.10289973747640167
665,0.007129299752270521,0.043122509804099644,0.1653266422685679
666,0.0077127098915471684,0.03882098285132785,0.19867374097368287
667,0.008691014826190028,0.03625020896522153,0.23975075107259225
668,0.0060096048678251095,0.05779627470814396,0.10397910415624641
669,0.006632487771457398,0.10586023743830639,0.06265324858410647
670,0.007719925673376306,0.10140525986282839,0.07612944026515955
671,0.008763214853455976,0.04759385491813357,0.18412492260493507
672,0.005910433641773746,0.04138195013562202,0.1428263680725659
673,0.006332874854603167,0.03784059707216226,0.16735663135438847
674,0.010293854371322278,0.03826567127207891,0.26901016051335613
675,0.008202290616714717,0.03404474990739178,0.2409267402106224
676,0.009026475766170767,0.08205332842098749,0.11000742979917898
677,0.006755835857850836,0.05703397122647144,0.11845283981552325
678,0.00809647680017927,0.06909019021627874,0.11718706772578004
679,0.005664350187871579,0.02727793773662586,0.20765316800538225
680,0.007028577900320826,0.05145366087614857,0.13660015206891402
681,0.009953591996067953,0.04155005550024576,0.23955664742179525
682,0.006430174944567113,0.0439731471668187,0.14622958234094674
683,0.00811886913089621,0.06950575598590249,0.11680858679425213
684,0.006941156938379255,0.0642808614544958,0.10798170374839942
685,0.006118943564058025,0.054250866670097056,0.11278978456058439
686,0.007984859401410582,0.04818537195338979,0.16571127455379422
687,0.0065048812950287424,0.05149462459898978,0.12632155968819384
688,0.006864451274952031,0.08827844916693856,0.0777590832151263
689,0.005236936809027091,0.038022454695430426,0.13773273847884257
690,0.006902854656169722,0.06905502418699007,0.09996165720509956
691,0.007295015597714848,0.045900621260780254,0.15893065054849567
692,0.006266941881773699,0.031220361009943232,0.2007325245078696
693,0.006793787073836414,0.04195075974814515,0.16194669928414956
694,0.008182832405368594,0.03728049534484423,0.21949366094677597
695,0.007172967400696393,0.042377043011269495,0.16926540623940167
696,0.008061789362973196,0.03746632927640392,0.2151742516135759
697,0.006376241375242994,0.044140190088347034,0.144454325238211
698,0.008457342997194547,0.05708523418593029,0.1481529000914717
699,0.005617190297666412,0.03649526087479184,0.15391560884532343
700,0.008854269820084597,0.05274367553985814,0.16787358350150616
701,0.0071093830417100256,0.04196146990988487,0.169426453763619
702,0.006403988861291027,0.03620721410950032,0.17687052203869588
703,0.006725725084406336,0.03625056365204197,0.185534358824844
704,0.006874658664342917,0.043016124181784375,0.15981585498337963
705,0.006806580643393005,0.08165100501661643,0.08336187217688829
706,0.006785195120575628,0.03800438492618733,0.1785371644239315
707,0.007935166795024689,0.05711727416819598,0.13892761709038662
708,0.006806156520580869,0.04582681632653645,0.14851907826054198
709,0.007660478926200521,0.033118296490635184,0.23130655068974812
710,0.0062470556752145375,0.039154962124376615,0.15954697274922852
711,0.007531627079608015,0.04868817882743103,0.15469108232920778
712,0.006165835983084019,0.037370038101216835,0.1649941048017892
713,0.005868186757135397,0.05329760205190816,0.11010226597643341
714,0.00780813716535556,0.04317663124246807,0.18084174101787537
715,0.006781533471396604,0.09740767657082176,0.06962011321968413
716,0.0071679844108190885,0.06088102710417448,0.11773757361938228
717,0.007606993930306668,0.03478019424024323,0.21871625780876472
718,0.006611420365845907,0.06064637877868132,0.10901591321493653
719,0.006506719073166892,0.046863618706404556,0.13884371827519193
720,0.00739152746296347,0.04310607827870191,0.171472974530463
721,0.0068403494808672366,0.05359856404698391,0.1276218794731784
722,0.0071188746500434295,0.05506360802031578,0.12928456572056862
723,0.007042241373802569,0.051903790266690314,0.13567874980772468
724,0.00944049176017848,0.043238010217649614,0.2183377938170375
725,0.007740071984164292,0.04034292614193935,0.19185698024829384
726,0.005597176878896338,0.03678839322976253,0.15214518459088253
727,0.00737203101950379,0.04042681338237899,0.18235498676565773
728,0.007616812105664066,0.051134152718145504,0.14895743256956717
729,0.0064976162478796685,0.041280022630209176,0.1574034080826118
730,0.006646445253429688,0.04216629998942761,0.15762457827550752
731,0.009572477910724013,0.03972912927828546,0.24094356167314868
732,0.010715515853711374,0.0403287871043756,0.2657038959716955
733,0.007366631808642249,0.03992370017106685,0.18451776205343842
734,0.00919854033427697,0.09247441271350854,0.09947119494205545
735,0.006166649274757308,0.036695921789859816,0.16804726448630297
736,0.0061978993735736666,0.03676482604468217,0.1685823119596013
737,0.006588153914182923,0.04848933255019667,0.13586810887171788
738,0.006648812151318411,0.05702006009360892,0.11660479031917116
739,0.0066903890482320144,0.03637092610843403,0.18394882297200113
740,0.012157392307231505,0.05766887361960556,0.21081376388956505
741,0.008515107132674185,0.05684991053172089,0.14978224332953305
742,0.008530944223019973,0.041250960237324864,0.20680595490948506
743,0.010479848913300052,0.04147231255065707,0.2526950697588075
744,0.006668326506825019,0.04175358024186154,0.15970669983360478
745,0.00724062250602367,0.03350427920439842,0.2161103798602841
746,0.010172540982553319,0.05229275386554413,0.19453060377188341
747,0.0061673878406338116,0.05376358357836453,0.11471310932110133
748,0.006660088903402651,0.03546758813750118,0.1877795827952822
749,0.01046078954317636,0.07394622346243372,0.1414648247499644
750,0.007013918208255656,0.038844607377800315,0.18056349855356102
751,0.009147928788666505,0.04487345552167585,0.20386058265657286
752,0.006416096836494953,0.03633020830085274,0.1766050109921266
753,0.0065665168705375705,0.061914706353734215,0.10605746610369689
754,0.0077549861152556455,0.05319339921139433,0.14578850440241645
755,0.006112232242505507,0.03233203053348437,0.18904572776480538
756,0.007295368415022984,0.04033756899822918,0.18085790978535154
757,0.010374592239933506,0.035929692944864124,0.2887470331451226
758,0.007503060549019709,0.0665757930748448,0.11269952939910208
759,0.007478085476636582,0.06360151630773068,0.11757715712840722
760,0.006365075876539835,0.0310468892680498,0.2050149314921894
761,0.007134797235444843,0.03479937155829069,0.20502661156649554
762,0.007194590340642307,0.0364939706721357,0.1971446298645288
763,0.010766891972416074,0.04321559881566119,0.24914364875733352
764,0.007550635320832203,0.039703527887497606,0.19017542577166488
765,0.007347856069462141,0.037448060519295605,0.1962145960931634
766,0.007995301069769731,0.05191143244127256,0.15401811688900713
767,0.005975489789904942,0.04362066141134454,0.1369876016646986
768,0.0072103833141093305,0.04149219341858277,0.17377686547432072
769,0.0067221411743414216,0.03052123494888743,0.22024473077116477
770,0.0072505961063063385,0.042077671425861524,0.1723145758887624
771,0.012337669851119244,0.05859255690154668,0.21056718640286878
772,0.006948915823881576,0.05303434338428827,0.13102671552655076
773,0.006421021113112195,0.03614243617764022,0.17765877987236917
774,0.010314134066774188,0.04101669454350893,0.25146185428428147
775,0.007987406764105198,0.04908404790609551,0.16272917790365354
776,0.0075040801528980594,0.034619147762424286,0.2167609729788394
777,0.007751694811015406,0.03261607630818799,0.2376648477742169
778,0.007296358456432765,0.038659138852043744,0.18873566957010224
779,0.006481317155876287,0.03736669281989876,0.17345172041158968
780,0.00932073718770753,0.04246497436880266,0.21949235401718775
781,0.006893632932595295,0.03375218553913892,0.20424256451177716
782,0.007142958239701791,0.03389919995456506,0.2107117055583835
783,0.007308585649115815,0.0382718518058522,0.19096503837860504
784,0.00648460387061558,0.049073180740515955,0.13214150321276402
785,0.007178815073851253,0.02808923018386674,0.2555717983940652
786,0.006522604156884494,0.040466111304591906,0.16118682884122726
787,0.007218091954419497,0.049041236267671595,0.14718413530350868
788,0.006415769097448843,0.03949313539821046,0.16245276635030365
789,0.007059289774503221,0.03704722788621249,0.19054839395796902
790,0.010171544226313726,0.050325266917612854,0.202116051222607
791,0.0072094331891070845,0.04863234437687044,0.14824358729429565
792,0.007117039550066954,0.040291366000707714,0.1766393214309315
793,0.0064734086319257625,0.029845811233763776,0.2168950470471941
794,0.007437190375349548,0.04268496050932506,0.1742344443202792
795,0.007517375168615218,0.04919322033444258,0.1528132355913102
796,0.00616442330861252,0.03202258133233366,0.19250238587717194
797,0.008321307202885604,0.03923522834643717,0.2120876455515557
798,0.008164053743245936,0.04404788561341588,0.18534496331360853
799,0.007336654635714275,0.037025595755609146,0.19815088686060284
800,0.007289978797284072,0.05182951087613309,0.14065305023938346
801,0.006809171040556045,0.02882996476106857,0.2361838141930314
802,0.006229046719852418,0.03395667360258696,0.18344101641317492
803,0.009128869446748417,0.041673238809778926,0.21905831433450296
804,0.00618534899502897,0.034051630530405344,0.18164619134241777
805,0.009059261901446146,0.04940400378728827,0.18337100653355828
806,0.008314529771767401,0.0447103183353431,0.1859644502913073
807,0.00850350227185478,0.04041776372213489,0.21039022173776095
808,0.005947492292544572,0.03336661806991775,0.17824678185555728
809,0.00914878853963055,0.04495084793697405,0.20352871990879043
810,0.006622344667392135,0.05008098084504767,0.13223272698571284
811,0.009702639938690102,0.05318874646782146,0.18241903753790592
812,0.011484311952709825,0.05135363877858064,0.22363190273629152
813,0.007617408396959688,0.05144261544550915,0.14807583811286562
814,0.006935910115865498,0.04617687884758648,0.15020309489968514
815,0.008712557691571182,0.055082526141037966,0.158172805457481
816,0.0067810181880292916,0.04262916018757672,0.15906994550285306
817,0.00634356226853975,0.04489540006365942,0.14129648604096637
818,0.007464625693062775,0.036116005442697524,0.20668469841438128
819,0.007212591379169038,0.04077480418175006,0.17688843695833992
820,0.008636456917518853,0.09877887330987398,0.08743222743934777
821,0.006746679558600878,0.055637422129400094,0.12126154124805354
822,0.007146334675136854,0.045270679040095435,0.15785790773426692
823,0.005932002050392159,0.03668237530765196,0.16171259359513254
824,0.007028909155320717,0.03705418498299154,0.1896927204945246
825,0.0068475035228870934,0.07293228399444575,0.09388851065345334
826,0.007313973493218854,0.057878614976461316,0.12636745879401245
827,0.007480272881203865,0.0680083017431614,0.10999058481630229
828,0.006717619064357921,0.034391053766519984,0.19533042255024638
829,0.006693664683811638,0.03800292215385469,0.17613552601392668
830,0.008787247268329716,0.047096640405890754,0.1865790678997996
831,0.00900592745583753,0.058368004951457,0.15429561903260539
832,0.007503046972759983,0.03652513293762881,0.20542148293797982
833,0.008454724661049332,0.05338302475713072,0.15837852387263987
834,0.008524207996380068,0.04703465814869146,0.18123248539940723
835,0.007198731472588693,0.05332782542274293,0.1349901559905653
836,0.00812614776827295,0.052201615706017473,0.15566851060475032
837,0.007214827257872916,0.03893687445381356,0.185295490685719
838,0.007874283182111377,0.04773181534013455,0.16496927941740025
839,0.007272028746337695,0.06272121386984468,0.11594209195810898
840,0.008325284666549542,0.03774325941536537,0.22057672801145844
841,0.00807009281933144,0.07745000817316046,0.10419744309367102
842,0.007786054106998374,0.03640157970881963,0.21389330268263113
843,0.010802745135039352,0.06750309551176925,0.160033329627022
844,0.007614036838447202,0.048618609598503636,0.15660745753874739
845,0.007409152414824904,0.047261647367888564,0.1567688141929265
846,0.009274110026581264,0.046135983022593405,0.20101685103010794
847,0.00783677075008422,0.03905545630782459,0.2006575134628116
848,0.006998451494482572,0.04553407099327221,0.15369703041405888
849,0.006789611408397787,0.03705523880726984,0.18322946030731044
850,0.007848306460843965,0.06760206462809695,0.11609566222428559
851,0.007184272895143195,0.07168982808262261,0.10021328111936742
852,0.008708729952032165,0.05195985170494998,0.16760498088632764
853,0.00833888110595124,0.048068448771481496,0.17347930542591447
854,0.00952606137013101,0.03771414384329411,0.25258591072516784
855,0.00850583742732338,0.0642632792113675,0.13235921869493436
856,0.0069810791721179564,0.04508055575230181,0.15485787731458137
857,0.008591552779957115,0.03516166605142451,0.2443443028879088
858,0.006898458392543897,0.040782300291111,0.16915324400861095
859,0.007458294605867533,0.0700027916246636,0.10654281683151134
860,0.008988762854983356,0.039745592603307324,0.22615747472863754
861,0.008267599288972818,0.04398292891057482,0.1879729134363552
862,0.0060257191535611175,0.029383626333694814,0.2050706432529817
863,0.008575874704467466,0.04946818198849922,0.17336142869143437
864,0.00889382085122288,0.06936922363633592,0.12820989460282853
865,0.009191226697499203,0.046480813515779616,0.19774238017975226
866,0.0069230470818751645,0.0330904471547456,0.20921588183111312
867,0.006590246419999902,0.028433300900477562,0.23177915370555638
868,0.00790241539319133,0.05935693375505317,0.13313382098996054
869,0.009087749460864278,0.037698612941485896,0.2410632315498932
870,0.006710142489594725,0.035138858214905,0.19096074346995984
871,0.008939434369298617,0.09051476518370812,0.09876216715644617
872,0.010734863114243124,0.0618606453339905,0.17353299591543572
873,0.008216795925519348,0.04640862452929809,0.17705320958510576
874,0.008946990430065343,0.03858814895599922,0.23185850246497802
875,0.00864761160165163,0.044280464197312255,0.1952918009829995
876,0.00903785229908526,0.04839593243570396,0.18674817994065268
877,0.009486475645459232,0.05310283414970325,0.17864349044981437
878,0.007439033058772046,0.06805364695141033,0.10931130647523024
879,0.007344003370456203,0.05685936748104309,0.12916083480484605
880,0.006154547674563694,0.036872760666794444,0.16691312402706054
881,0.007379484287403424,0.041883830808929504,0.17618933475526197
882,0.008062740567052773,0.046642194465290825,0.17286366259803373
883,0.006546760730639536,0.036374725527352124,0.17998103451080866
884,0.008351685310536693,0.047342672012676265,0.17640925100560598
885,0.007086112835687233,0.03652524965239168,0.19400586999216385
886,0.007009189105483297,0.055862233795378746,0.12547276807855948
887,0.011844868434995482,0.04132336810333516,0.2866385045161132
888,0.008747436460435026,0.0536549901285755,0.1630311819890411
889,0.00901643785651162,0.04828194470594418,0.1867455404134711
890,0.008310400073977127,0.048021456528127095,0.1730559769451497
891,0.006259171966203129,0.03838751726600932,0.16305227354680565
892,0.00858415300091886,0.053931476333587615,0.15916777333635915
893,0.008997640570112223,0.06138443180044769,0.14657854289855987
894,0.00967953479588089,0.062008592829990127,0.15609989444952113
895,0.008091964283250066,0.0475429955220056,0.1702030802694046
896,0.009268117303986356,0.039656023619732875,0.23371272401453835
897,0.007000765638264325,0.05079066859470828,0.13783566611398923
898,0.008290640513041268,0.033000725346463235,0.25122600869373224
899,0.008362152708906207,0.04476522136588582,0.18680020903665057
900,0.008280726356640034,0.035894715662282056,0.23069485866162398
901,0.010574911564538455,0.043499139006724905,0.24310622706027546
902,0.00826515897113015,0.05221003477087395,0.15830594649560875
903,0.0065266410136098005,0.04044823900852445,0.16135785323244742
904,0.008021160956086619,0.038191261426368535,0.21002608073946763
905,0.00829877987043187,0.032946777373563364,0.2518844188032473
906,0.008796316372084289,0.053127269234033624,0.16557064759285142
907,0.010490228131059256,0.04090921996888276,0.2564269897783954
908,0.008951343402518613,0.03762984308371174,0.2378788394723699
909,0.0067313049101634815,0.03998372232117492,0.16835113189124737
910,0.008073286088843957,0.05676532400873981,0.14222214405855835
911,0.00761173134836756,0.06165113441123073,0.12346457889114686
912,0.009158933225924017,0.04369320331446512,0.20961917485876416
913,0.007459387632301068,0.05540338660271794,0.13463775573243555
914,0.0074353753688999,0.037137944247641115,0.20020966478703145
915,0.007195058056086601,0.04724869403911939,0.15228056991325936
916,0.00751446901492029,0.055825891506675634,0.13460544582413175
917,0.008105348426718579,0.039251406736408416,0.20649829141012174
918,0.007630910722756525,0.04571005570106626,0.16694161942164468
919,0.007960583611724883,0.03826295780699422,0.20804935289298754
920,0.007491460618431501,0.04398025843295533,0.17033689398804566
921,0.009022119930218555,0.04346249892585202,0.20758401272331134
922,0.009906641739363543,0.05321656679502613,0.18615709986205475
923,0.006886772983775501,0.040030050780936174,0.17204007612409034
924,0.006644865393156094,0.040053868580712144,0.1658982172870567
925,0.007147738041101232,0.03931387874137245,0.18181207934075982
926,0.00890297916768102,0.05715442846693325,0.15577059217162983
927,0.00815329142185118,0.028937495764445948,0.28175525235279575
928,0.006958554689766796,0.039523173617690366,0.17606265015307682
929,0.00943527795410969,0.052274127811857835,0.18049613353451113
930,0.008719137139007994,0.048989635951568834,0.17797921885865323
931,0.007173179905571414,0.03773292918837071,0.19010397707454113
932,0.008634005823878042,0.03900628673866621,0.2213490835849792
933,0.0072177101579768855,0.03871266075319364,0.18644314333767434
934,0.009882195806510096,0.04223391330812658,0.2339872162491415
935,0.008607203988443817,0.03299002389972985,0.26090323590985326
936,0.00749948963105775,0.04627383759001179,0.16206759632389875
937,0.008289539915748328,0.04341705905489424,0.19092817652795283
938,0.01049780013659414,0.049501272008843016,0.21207132080377084
939,0.01029926334516728,0.03812110724932584,0.2701721982401035
940,0.008097317001117078,0.027818912914451602,0.2910723731630629
941,0.008261342357117023,0.057407385550889034,0.1439073087494955
942,0.005931251348049332,0.03353382546146533,0.1768736869787859
943,0.010165428864753167,0.03740276195964463,0.27178283987287577
944,0.008784335905279507,0.058808908828493406,0.14937083649601832
945,0.006922915445856455,0.04298338832075634,0.1610602541157132
946,0.00685326740335708,0.03855943109892861,0.17773258598127423
947,0.007742505123704627,0.037413893070301275,0.2069419803213047
948,0.008095204650892737,0.054076706311848986,0.14969855235005802
949,0.008257697559988408,0.05540538969642939,0.1490414128496155
950,0.009862066686321188,0.05319836687293984,0.18538288420940785
951,0.007490813020495944,0.03883058727255449,0.19291011407384895
952,0.007590388723893589,0.04989906566972858,0.1521148466783058
953,0.009231734865419049,0.0343935401010093,0.26841479062749124
954,0.007910458903350728,0.032703110762467784,0.24188704739939904
955,0.007074536063876287,0.034750454350107,0.2035811098294582
956,0.007406877700518405,0.03536366384755106,0.20944882103390663
957,0.009142661149347404,0.07031418443192018,0.13002584362006664
958,0.00878015951404737,0.05441462836913538,0.1613566016535771
959,0.007738257029053545,0.0607484636023565,0.1273819380779531
960,0.007699165793978996,0.034656960041647346,0.22215352369350164
961,0.007648081543782985,0.05016145626752399,0.15246928842817728
962,0.007181301850258377,0.034111375468510265,0.21052513278678056
963,0.010875185416008794,0.07630428492101404,0.1425239149691745
964,0.007462288911368315,0.04038367480170883,0.18478479107769966
965,0.008879126427247412,0.0509932462528659,0.17412357673883663
966,0.007672096436769673,0.05468701411354972,0.14029100986752316
967,0.009394611952607539,0.05941210907829157,0.15812621531528973
968,0.008347475500039886,0.029859386042838366,0.27955951565060494
969,0.0069819397484781375,0.03246545959361155,0.21505747448703805
970,0.007520451204964024,0.03965356692780411,0.18965383917332324
971,0.007660771222969253,0.04120692648424781,0.1859097942117044
972,0.008915998652349072,0.041029645763182666,0.21730625469187947
973,0.00831609078488047,0.04103300146150873,0.2026683520209645
974,0.0077586736536955445,0.02995556750482861,0.25900606463843157
975,0.008359251707997175,0.056183660821131846,0.14878439008204147
976,0.007588763285775967,0.033848198284459015,0.22419991816923548
977,0.008543704150488649,0.05493806443800729,0.15551520130407837
978,0.009088556063425672,0.04601046602202599,0.19753236272106642
979,0.01179471145003323,0.05670429245184057,0.20800385543726826
980,0.009233192426924098,0.04354833437093561,0.21202171242798112
981,0.009182174420567247,0.037591200749302306,0.24426392978397757
982,0.008653550991495052,0.04877978614374647,0.17740034705804117
983,0.008338353206147928,0.03949118701205215,0.21114465876632266
984,0.010188769683174458,0.04642338640681872,0.2194749343287556
985,0.007385203660841334,0.06877701545453117,0.10737894937613786
986,0.007945885751079223,0.05736362127481984,0.13851785459765956
987,0.007823150795419544,0.05841313192896988,0.13392794628438232
988,0.00871255810912695,0.033966142533513315,0.2565071409058016
989,0.008245475419601838,0.04752198578366212,0.1735086462288176
990,0.006842077746024724,0.0342997509889635,0.1994789334775869
991,0.008188618434542511,0.04568024793973821,0.17925950063068288
992,0.007915927002029763,0.037514923481011785,0.21100741431141157
993,0.008265184940432517,0.05190868076288417,0.1592254863503115
994,0.011219283421660488,0.07448617539851661,0.15062235859855003
995,0.009302118749949807,0.04133588115203727,0.22503738859492797
996,0.008200606352580596,0.05275309740005284,0.15545260385823204
997,0.00967350327837152,0.05333653581902536,0.18136729597537107
998,0.008866644878946738,0.044617071593341225,0.1987276296293568
999,0.009495131691911105,0.05511312463213928,0.1722844014944804
1000,0.007664113203516768,0.029677978732250625,0.258242425213751
1001,0.010249642567087627,0.04244012679534501,0.24150829275963281
1002,0.007179685391558347,0.041608252074582644,0.1725543620173285
1003,0.00989113449107682,0.04218051378822124,0.2344953534824981
1004,0.007793325684017003,0.05766276487975803,0.13515352064946895
1005,0.0073718743366923715,0.04452366855879832,0.16557203337347284
1006,0.010491732774987881,0.038200846316624015,0.2746466056734326
1007,0.006579026351147462,0.038169925650755665,0.17236151862519683
1008,0.011266066276370562,0.05404918090872201,0.20844101773139168
1009,0.008664766381785238,0.04015144607068696,0.21580210003682165
1010,0.010306765628679779,0.03841056363236005,0.26833153835129425
1011,0.007484137337622252,0.0290203575550073,0.257892664595134
1012,0.007741792531505251,0.03874190159286377,0.19982995704917733
1013,0.0073122955666791375,0.03980876881540216,0.18368554929200168
1014,0.012427700584038349,0.05809256773317925,0.21392926959099462
1015,0.009011991992409782,0.042232820941572824,0.21338835037006104
1016,0.008810003073667015,0.040142884300808084,0.21946612025758705
1017,0.008866702320672461,0.04519713321990368,0.1961784230282024
1018,0.011633916100063217,0.059864287879392915,0.1943381690818312
1019,0.009400284869244904,0.03486921564055649,0.26958693209152135
1020,0.009054092951611128,0.047956139318710365,0.18879945466940085
1021,0.009541744065394315,0.05231222968842326,0.18239987326182563
1022,0.008390123769848599,0.04244473996628767,0.19767169680659843
1023,0.010160652582482624,0.04057245609942308,0.2504322774380098
1024,0.007268812548827808,0.04605290315539812,0.15783614171168608
1025,0.006951413407296953,0.033880252871147994,0.20517595997671895
1026,0.007650211069021,0.04550201616113187,0.16812905700182432
1027,0.010303821438574747,0.045282512246286266,0.22754526918263562
1028,0.009072427629491312,0.047571495221531174,0.19071142471036648
1029,0.007844992863875438,0.055418339309699104,0.14155950830451677
1030,0.011057909257625023,0.051467729540505554,0.21485131277663028
1031,0.006945155062184393,0.033498514690664685,0.20732725394277052
1032,0.007712168612641146,0.045285657181727265,0.17030046801623322
1033,0.01042521588164475,0.057792447911228374,0.18039062642714027
1034,0.010549852714687028,0.03498719624552574,0.30153467115086824
1035,0.008476417412950008,0.04965224585485228,0.17071569003259762
1036,0.008773461210780573,0.06193477915041762,0.14165645427315227
1037,0.009941748058610974,0.05898175283569551,0.16855633446732213
1038,0.007719105662977152,0.04051031137524542,0.19054668800950045
1039,0.009660986494683615,0.058479261946519194,0.1652036324150882
1040,0.008879433713883675,0.04347551269191731,0.20423988502682439
1041,0.008818446073259052,0.05054920896520115,0.17445270170608115
1042,0.008501639334151222,0.054385285572486106,0.15632241781030454
1043,0.008924731075675353,0.07341700582042145,0.12156217726154278
1044,0.006934881468524457,0.03761246977884937,0.18437718950962836
1045,0.011070219916647738,0.041480303634947306,0.26687895088246555
1046,0.008627756136053827,0.044880810232964106,0.19223708509443677
1047,0.008288439172310336,0.05577042223307709,0.1486171135216168
1048,0.007416700081318716,0.03265597228208135,0.22711619231625865
1049,0.009567523873587728,0.06286049164060961,0.15220249832177005
1050,0.007198407021671577,0.03246858263032621,0.22170376524925478
1051,0.00812793474227022,0.04381317750762922,0.1855134734445906
1052,0.008060654359265635,0.052231968116002635,0.15432415529909388
1053,0.01356858056626549,0.04521215617650846,0.30010912359484876
1054,0.007366261662055452,0.0369611857094664,0.1992972227611607
1055,0.009765809772650787,0.0626550001338729,0.15586640733586515
1056,0.008104412099031377,0.061618607678437444,0.13152540124232434
1057,0.007862281704460272,0.051048247309253,0.1540166826233256
1058,0.008914370471200412,0.03906916428436217,0.22816895713687713
1059,0.007814509535669069,0.03973254485911572,0.1966778006085742
1060,0.008201598233954803,0.03878740846493525,0.21145001840372488
1061,0.011364260385543664,0.041607420196670214,0.2731306178454198
1062,0.010162154473540653,0.05256979763289819,0.19330784844010637
1063,0.00885538033967441,0.052347466462311275,0.1691654045163938
1064,0.010410315128155377,0.03989519666097175,0.26094156688488085
1065,0.01064249673263753,0.045204318507859706,0.23543097393563583
1066,0.010311915585862612,0.04605499574200019,0.22390438690747028
1067,0.009726222836163187,0.041102747724490095,0.23663193762910933
1068,0.007216723189894022,0.03950846753300128,0.1826626958811616
1069,0.010658913690194277,0.03708328821671905,0.2874317300994161
1070,0.008241830668081125,0.049461434583601395,0.166631452106062
1071,0.009106260871809126,0.06115259370226189,0.1489104602168885
1072,0.007875002495116263,0.049458517505732616,0.1592243943430829
1073,0.011034483804722701,0.04437239898501422,0.2486789999386932
1074,0.009148050876634922,0.04099630708232027,0.22314329088331208
1075,0.010716122872725655,0.04691465570490087,0.22841738283028248
1076,0.009363837072004824,0.04493237204654373,0.20839845851220104
1077,0.012655613915072536,0.03960842819950622,0.3195182058476835
1078,0.008867547491618166,0.03904871746360592,0.2270893403773321
1079,0.007954235192137093,0.06017507644193828,0.13218487889549738
1080,0.008426737493625793,0.036623692271309016,0.23008978534906505
1081,0.008132259097507085,0.036932322345199046,0.22019354811420438
1082,0.00934709386943653,0.04160523221081588,0.22466149982890754
1083,0.01104834523236472,0.04107540006993359,0.2689771788779952
1084,0.009365361864054563,0.030823150672931936,0.30384180913650505
1085,0.010100665028122372,0.04443054140940563,0.22733607801044706
1086,0.010312431710122779,0.04713800685244595,0.21877105967132984
1087,0.008263023046785552,0.042265492935773655,0.19550281973870462
1088,0.0073300120171316124,0.030947470163897692,0.23685335111642541
1089,0.01027608499435873,0.042877946198869886,0.23965898334911184
1090,0.008672721574191697,0.03510308084240283,0.24706439907315494
1091,0.009942635763924327,0.05873347627743176,0.16928396536227985
1092,0.007407032169439152,0.03538527030313268,0.2093252956887566
1093,0.012048131159257333,0.04848945851931527,0.2484690802271924
1094,0.00831387124084786,0.0323233784193794,0.2572092289587554
1095,0.008658770402315536,0.04865461179229214,0.17796402197395178
1096,0.007239133371775027,0.034743094526399294,0.2083617901700167
1097,0.012184690058306968,0.036327547276986207,0.33541185605147245
1098,0.01036697937264011,0.04705323286533418,0.2203244865680104
1099,0.007491111694666172,0.03968349909952418,0.1887714507153232
1100,0.008086212570756902,0.04193637328148433,0.19282097944636264
1101,0.00770192361204323,0.03012580024025419,0.2556587227680092
1102,0.007339075537475944,0.04185317309369831,0.17535290623892053
1103,0.009614960538596805,0.05316582213137774,0.18084852548045785
1104,0.010470115089221492,0.04673448821728639,0.22403401617062577
1105,0.007590902502757716,0.058434688468527535,0.12990404674983785
1106,0.008184818577889833,0.03547705396336856,0.230707391490575
1107,0.008347694713538948,0.0678938367764702,0.12295217224060365
1108,0.01234249883698342,0.04746294504254518,0.26004494296887215
1109,0.007791063442466604,0.03525092985994462,0.22101724616060459
1110,0.009691171771644228,0.04469939948181446,0.21680765029897517
1111,0.012496257711669219,0.053038437280720184,0.23560757729896545
1112,0.010662096600185092,0.054896981577178684,0.1942200881300044
1113,0.011021451634478067,0.03287851255632105,0.3352174650621147
1114,0.010020895692735647,0.03796952718247828,0.26391942265470325
1115,0.012682642483085703,0.05326350837321759,0.23811128613572113
1116,0.007085752422844465,0.033165788788688706,0.21364643150134985
1117,0.009141731578579611,0.041847967595108636,0.21845102889607676
1118,0.010416769034036663,0.04621755773870641,0.22538553622203653
1119,0.008960522908847387,0.040822715417087686,0.2194984536691836
1120,0.008649750975227301,0.03400819839106567,0.25434311090249767
1121,0.006955436494945669,0.03911353903578955,0.1778268258569878
1122,0.009799522933749022,0.04477691650390625,0.2188521161941841
1123,0.010471315505470197,0.05953491587862836,0.17588528262375977
1124,0.008779124429577035,0.04314970080610801,0.20345736506545736
1125,0.009141490415927015,0.038377667710334,0.23819817516496133
1126,0.010719512787997728,0.06137464059666485,0.17465703560316373
1127,0.007884037051960226,0.04782244639025835,0.16486059678873685
1128,0.009312816770347624,0.06318164007392282,0.14739751546975016
1129,0.010414655902376195,0.03366345159318033,0.30937575944163315
1130,0.008876020186566042,0.07963407090670667,0.11146008342149259
1131,0.009713985585152416,0.0514372236752524,0.1888512810546029
1132,0.010364886977360138,0.049438070311025116,0.2096539551795375
1133,0.009624088837272197,0.046529812000628556,0.20683704539651593
1134,0.011079154979060904,0.048937015783672065,0.22639621156734063
1135,0.008704802734801429,0.04566988110864463,0.19060270189674605
1136,0.008622321758396244,0.045177440390453474,0.19085458768105393
1137,0.009417906596859978,0.05476464291879347,0.17197056521765589
1138,0.009739517913894977,0.03320589331841599,0.29330690851193375
1139,0.010307750720804032,0.08463069861738294,0.12179682891764582
1140,0.014010207856265167,0.054214386689294916,0.2584223249872746
1141,0.007424994902292191,0.030190738719300076,0.2459361783453039
1142,0.009364272974208675,0.06059018127394307,0.15455099782118079
1143,0.007284608664080422,0.039381582738709085,0.18497501007584527
1144,0.008898865407835735,0.05473915894808251,0.1625685446886993
1145,0.008965389941755489,0.06205531443114617,0.144474168309285
1146,0.009556313081131845,0.05555686083569958,0.17200959408453773
1147,0.0110053143423445,0.07700668985152083,0.1429137437724086
1148,0.007777120202560715,0.033601797160919204,0.23144953125824166
1149,0.008376342970735048,0.03392569620655587,0.246902610914422
1150,0.009025235141520229,0.061974326212140746,0.14562861257225837
1151,0.007864946478911882,0.031941730553193305,0.2462279388891587
1152,0.00814497362594653,0.042771928502871155,0.1904280192839412
1153,0.00819710586245944,0.05031611389719237,0.16291214140752483
1154,0.009028410526209684,0.058411153504118275,0.1545665508115427
1155,0.00932722188745726,0.06417216851878095,0.14534683964407658
1156,0.011435379526736464,0.045050687966918516,0.25383362702207396
1157,0.008693156491411313,0.050328632956750205,0.17272784855310952
1158,0.011807337839729442,0.05051552028768722,0.23373683517961616
1159,0.008225152549662383,0.042247276443173054,0.19469071717632191
1160,0.01015276069489464,0.04989311998859483,0.2034901945801744
1161,0.01226722538850436,0.05036087755047364,0.24358641042277474
1162,0.011294695042407524,0.043972829103159236,0.25685622855089846
1163,0.009632743965702368,0.05481507012485365,0.1757316727605364
1164,0.010067167855053127,0.03605321739593084,0.2792307755565286
1165,0.008561370974246288,0.04731366415806603,0.1809492273830962
1166,0.008414215259368472,0.0376244001162067,0.22363719376672306
1167,0.0070658378196500685,0.0290650949940402,0.2431038956127897
1168,0.008121681300726075,0.03951674693341704,0.2055250477526659
1169,0.009637166197817319,0.05681641751341218,0.16961939205992235
1170,0.009059560668788448,0.03502648722182412,0.25864885082980904
1171,0.008835757081011595,0.04481641173485825,0.1971544962833778
1172,0.008623348242428146,0.0303594266644446,0.2840418673730531
1173,0.009683316158534763,0.04537492656882666,0.21340676207229298
1174,0.008635986385092569,0.04013798962308867,0.21515742233162852
1175,0.010928822059294796,0.037158273087452426,0.2941154459271983
1176,0.00954673777424472,0.038971065447873814,0.24496989405560637
1177,0.008696421337621017,0.04004728253143942,0.21715384384887224
1178,0.01147174482403402,0.0522156123317814,0.21969951728081072
1179,0.00854978295407346,0.04021996965952975,0.2125755694555849
1180,0.010243043936291352,0.06575034731987689,0.15578691753981055
1181,0.008126685871427522,0.03413377920032749,0.2380833901659348
1182,0.00773706915703772,0.03927318142202529,0.19700642720280334
1183,0.009687186927553045,0.03660998548477081,0.2646050469295641
1184,0.013988260808671174,0.03898513435777588,0.35881012182589284
1185,0.008760523904797814,0.035233869798814633,0.24863927676896574
1186,0.0100766186815216,0.048436167174939,0.20803914242263227
1187,0.011874421609106608,0.061357329869759156,0.1935289823419379
1188,0.010834710991040707,0.055745525052596855,0.19436019269033006
1189,0.010794043682483283,0.06184267520099337,0.17454037438107722
1190,0.007710422581848363,0.032020457917780916,0.24079676191407554
1191,0.009788001397208416,0.04190837565422332,0.23355716474753116
1192,0.013983024544948508,0.04720463001791086,0.2962214625842149
1193,0.009936419429047254,0.05697516769397601,0.17439912563738597
1194,0.00915061355256162,0.04995970444841405,0.18315988161673247
1195,0.011684749622220514,0.06357295667549952,0.183800632109658
1196,0.009086004712752265,0.04062516543747699,0.223654589825909
1197,0.008648795347199876,0.03358206272004692,0.2575421116636593
1198,0.008708402020502671,0.04586649581274522,0.18986412338683498
1199,0.008932701961440985,0.04883542542718507,0.1829143881336095
1200,0.010542949579591766,0.03965474183056834,0.2658685718941874
1201,0.0076303533905206205,0.04562584315570915,0.16723753168380842
1202,0.010490963314768051,0.08646572800859052,0.12133088515260547
1203,0.008658027966165927,0.04597595446175632,0.18831643774093965
1204,0.011087383314178434,0.04948272939460441,0.2240657184759767
1205,0.01065894133615425,0.049097419010715244,0.21709779354411474
1206,0.00826664569235152,0.03559712484720845,0.23222790401196033
1207,0.009761938129287271,0.04192354468673962,0.23285097197761795
1208,0.00977414065354616,0.04390875803773389,0.22260116409860536
1209,0.012167398966005704,0.06198299521343635,0.1963022103709473
1210,0.008861956789870147,0.06636803724910793,0.13352748035133033
1211,0.007932982377566991,0.038378437762974296,0.20670415055335198
1212,0.010968751224739531,0.037038401123869955,0.2961453759237574
1213,0.011176811710176048,0.03987248558518002,0.28031389430234016
1214,0.010259848672259113,0.04252067891523864,0.24129080094111288
1215,0.007925678736457102,0.035334819299497465,0.2243022291710296
1216,0.01205127771072107,0.05143640217949014,0.23429472513324673
1217,0.01113995455773318,0.059119478500445244,0.18843120474178152
1218,0.00792173668215833,0.036464172868011305,0.21724712392668957
1219,0.009188324160781166,0.03900622324746273,0.23556046690942542
1220,0.008873439295064175,0.03911024199199823,0.22688275098509378
1221,0.010080151118609408,0.04941141055811623,0.2040045205054292
1222,0.00827613319640093,0.045239392085192634,0.18294085783983957
1223,0.01019310165761252,0.05742137356106535,0.17751406880915252
1224,0.009241746775796564,0.04856695572830968,0.19028878044788097
1225,0.008066021991495191,0.03577488559156279,0.22546604574388993
1226,0.009322291273369103,0.039322446260324606,0.2370730246896668
1227,0.01283761085884147,0.042677973686434986,0.30080178953343906
1228,0.008408883855868101,0.0569077471430461,0.14776342902106732
1229,0.009418624283642799,0.04375784665528117,0.21524423625381514
1230,0.010892024547773481,0.04124058010758993,0.26410939223196817
1231,0.01296702632020165,0.06210728803388274,0.20878429457294417
1232,0.009679413773897525,0.04531664073431251,0.21359513010757977
1233,0.011066659650954637,0.04975280136387272,0.22243289518101586
1234,0.014384058498254984,0.047006562709497206,0.30600107025147
1235,0.009341719674939502,0.04150262952955088,0.22508741688434183
1236,0.008096611148324205,0.04330846238798693,0.186952172894116
1237,0.010175947885375335,0.04163851944036704,0.24438784140018519
1238,0.009089021978887193,0.05383637030149463,0.16882679734569758
1239,0.012655895622429868,0.0492180261116401,0.25713943898249103
1240,0.009684974336726423,0.042557817736806815,0.2275721559877504
1241,0.01061652008886347,0.06171023716702286,0.17203823184080647
1242,0.008747672267370063,0.04031572887817255,0.21697914215037759
1243,0.008893970560673882,0.03691567771998413,0.24092664986123893
1244,0.009156508759762946,0.039728647802632085,0.23047622473891088
1245,0.01076462012718691,0.04576541849173318,0.23521297262683527
1246,0.01149134987323819,0.058355660990111524,0.1969191964938672
1247,0.010588582674387406,0.04602481689219216,0.2300624617140766
1248,0.009022668707957739,0.03507196572288797,0.2572615626677658
1249,0.008505908425854301,0.041257218109083914,0.20616776446629403
1250,0.011553214835884186,0.0588172683793957,0.19642555926203079
1251,0.009434570402995904,0.03663666025512728,0.2575172064549203
1252,0.013114840433420608,0.09158680218403359,0.14319574568096158
1253,0.0099934912303888,0.05070355558628132,0.19709645831811462
1254,0.008325527186644748,0.03925183992182551,0.2121053994669772
1255,0.009101189766361205,0.042497020886667694,0.2141606535295348
1256,0.01095354168278906,0.05375803058415532,0.20375637953176357
1257,0.008788279740259627,0.03310819201187677,0.2654412459865402
1258,0.012124644254751463,0.05062320330148104,0.2395076459761928
1259,0.010950477372590044,0.04095783530354271,0.2673597686783878
1260,0.010909326570411769,0.06575658887700042,0.1659046911732613
1261,0.009729807331722155,0.04045133485373464,0.24053118065604026
1262,0.009677174970143252,0.05495797678320093,0.1760831736608834
1263,0.008670923942987466,0.03586978584203246,0.24173336247201915
1264,0.008519543699791516,0.04399776036010404,0.19363584941298895
1265,0.011035025475052048,0.04716107699319416,0.2339858667012743
1266,0.00941408393538872,0.029380537396174605,0.320419051841238
1267,0.009202855361612713,0.0335079860572049,0.274646627392853
1268,0.00893897449436418,0.04654115860803121,0.19206600698224974
1269,0.008320992421298894,0.043459098695079655,0.19146721103191014
1270,0.011329614915373265,0.05490034026234093,0.20636693435830095
1271,0.013242910972492188,0.043519591021214256,0.3042976889588057
1272,0.009465191406290653,0.04293620829977062,0.22044777079490674
1273,0.008912706072942114,0.0339094567450053,0.26283836216255735
1274,0.009106777414576302,0.04184089499041391,0.21765254821736216
1275,0.009162570509017828,0.0391394487311337,0.23410065307065267
1276,0.011136775268314601,0.03493957033099215,0.3187439101996426
1277,0.008761258901066162,0.05973145007560915,0.14667748547589796
1278,0.009950319189637498,0.04010754319094958,0.2480909673777958
1279,0.011102082479582422,0.04550549346209068,0.24397235662519023
1280,0.010757106748592761,0.040590860887653325,0.26501302295856893
1281,0.009238200523787913,0.03670474045715294,0.2516895749288946
1282,0.010649578225161747,0.04166875285946826,0.25557708100414867
1283,0.008290089793824635,0.05811510148964286,0.1426494935255241
1284,0.014084118544209672,0.044723112684695546,0.31491811947862036
1285,0.008576577168808898,0.031193611508383373,0.2749465917477677
1286,0.009378750725694546,0.038602290476823446,0.24295839986703707
1287,0.013474287267753361,0.04787718267358631,0.28143442272566405
1288,0.011893807037391088,0.04549473788004894,0.2614325874013995
1289,0.009594562731744326,0.036693246875297125,0.261480341712201
1290,0.008872013251940444,0.03986222753079481,0.22256692115020343
1291,0.010234833830024019,0.04526445793898786,0.22611192745516756
1292,0.009660771850872947,0.04009160156338567,0.24096747133830748
1293,0.009983364110879432,0.042955530890623476,0.23241161041793185
1294,0.009672036092054848,0.060456890801229145,0.1599823603846036
1295,0.009121761580280066,0.03457620749080316,0.2638161395359085
1296,0.010615364194986857,0.0636768886959567,0.16670670336150067
1297,0.009320094714973722,0.03380306480388877,0.27571744659158254
1298,0.01211724580707547,0.05306680717560756,0.22833945458126012
1299,0.009000232329956484,0.03882113072658394,0.23183849005102433
1300,0.008820829418488533,0.0378722560071475,0.23291005998139902
1301,0.008837181976396618,0.03839129403735851,0.23018713481152736
1302,0.008909334285384273,0.039864228394007176,0.2234919536659119
1303,0.013008744121245077,0.061237351958091296,0.2124315259408241
1304,0.008923941055793066,0.03798125305326779,0.23495646768268802
1305,0.008207552323930308,0.038750269366956594,0.21180632955076448
1306,0.009821286124003018,0.04140737284613802,0.2371868932680148
1307,0.009702934267869253,0.05832958189471249,0.1663467138375368
1308,0.012410463140296502,0.046263353197856606,0.2682568876266242
1309,0.011182974205908991,0.046051349126842,0.2428370594499678
1310,0.012039697053587529,0.047552999925948136,0.25318480583944547
1311,0.01145745704945976,0.057741130476901395,0.19842800019034512
1312,0.010312936167519611,0.04157593302747852,0.24805062487606702
1313,0.011087284878104202,0.05456423691484917,0.20319691990201186
1314,0.013741792879021622,0.07131408471093367,0.1926939528780361
1315,0.00934351050805956,0.050920037099251116,0.18349378830310167
1316,0.008070372309029223,0.03510739487000274,0.22987670656517495
1317,0.008250478095632893,0.035390051890727685,0.23312986714103737
1318,0.0085294839502403,0.0349019589060865,0.24438410385350814
1319,0.010104211381444808,0.06480747936579392,0.1559111923526223
1320,0.009379106419475588,0.034695109019371936,0.2703293543181679
1321,0.009244242549564444,0.058740525453536786,0.15737418891016186
1322,0.012680143225178313,0.04822550082457028,0.2629344020924093
1323,0.010908033280856105,0.07341106693966222,0.14858840411178073
1324,0.010384406143737139,0.05196501352836707,0.1998345701934357
1325,0.013217036449888824,0.04976469849682389,0.265590606370634
1326,0.01002034894065675,0.04055794673220725,0.24706253022548805
1327,0.01060873893709131,0.06959605671385569,0.15243304632267782
1328,0.01045384917206217,0.0515028958665438,0.2029759491378425
1329,0.009249045637563461,0.03597511820425393,0.25709562883973236
1330,0.010046609085792486,0.057086996198911874,0.17598769868028186
1331,0.009489559946327313,0.05413015182646658,0.17531005596611215
1332,0.01061387707730408,0.050340102545436236,0.21084337417694587
1333,0.009344597924139691,0.034468872889520094,0.2711025090324238
1334,0.009975045307846849,0.04181519145252819,0.23855075060298922
1335,0.010511600954126883,0.0558560436653202,0.18819093269337864
1336,0.00941983318025103,0.03820157834883202,0.24658230332759148
1337,0.011089720586090788,0.04565162742724526,0.2429205969386632
1338,0.011331299299034175,0.04227802236374416,0.2680186693993378
1339,0.012190469593429553,0.05959316881711531,0.20456152668498234
1340,0.008093329989604195,0.030973569089699775,0.26129794619097757
1341,0.007706674191720221,0.03694349682143231,0.20860705819923042
1342,0.010619642052490377,0.048882791494869036,0.2172470459954771
1343,0.01070010003272651,0.05107715125422423,0.2094889744194982
1344,0.009146838275969207,0.034024582736895514,0.2688302850451049
1345,0.00794227849241494,0.03248102513035296,0.24452056116752596
1346,0.008476236293570921,0.025318366312097863,0.3347860675033341
1347,0.009453340520672837,0.04163628562222477,0.2270457217586132
1348,0.010487107188116967,0.038525800047809325,0.272209978114162
1349,0.010814853108194722,0.05662099497068684,0.19100429290588514
1350,0.011660808881629582,0.05017550146180005,0.23240044527058423
1351,0.013327533571634123,0.05785381556583013,0.23036568013804992
1352,0.00970202238080668,0.03374965827734781,0.2874702404625839
1353,0.016979439930433094,0.08131295355667158,0.20881592892072662
1354,0.009169900653436742,0.04897958191192782,0.1872188429402745
1355,0.011079702674140244,0.06497293091204465,0.17052798016713397
1356,0.00995952256346778,0.04957934483182065,0.20088047950312468
1357,0.01289976360048327,0.047445684354726805,0.27188486741526446
1358,0.01391743665266111,0.04360178217750864,0.31919421540344806
1359,0.01166717659609824,0.05374821079429392,0.2170709763815951
1360,0.009427791031520428,0.03838659903006308,0.24560110219431794
1361,0.011310742716360985,0.03561941302458454,0.3175443320258186
1362,0.009613028783643236,0.03293494295871931,0.2918793208599249
1363,0.013757297795937998,0.041570390732998015,0.3309398240677757
1364,0.008693159420824511,0.0673412195925015,0.1290912085242871
1365,0.009627978505557253,0.034388527668776626,0.27997646767584894
1366,0.008973900390930852,0.041943097642833,0.21395416397554287
1367,0.008212982971282312,0.05415365460113192,0.1516607333636719
1368,0.009684526949600116,0.0415194059541604,0.23325302293725225
1369,0.009733565426621921,0.03450800043820022,0.2820669207933832
1370,0.009170566739669572,0.05323399967797773,0.17226897837794927
1371,0.011272589848612494,0.0470709341030904,0.2394809039413756
1372,0.013593496939959137,0.03806861667481219,0.35707882573511246
1373,0.007959553012251555,0.04407782489524127,0.18057953247439631
1374,0.013564449849962535,0.043310440561720204,0.3131912230336036
1375,0.009340340589038494,0.0346486372755921,0.2695731007969146
1376,0.01045140659632418,0.03784014065505358,0.2761989362386841
1377,0.010075662624216223,0.04328101832088652,0.2327963392469701
1378,0.009959447316239756,0.03196565371204222,0.3115671403327575
1379,0.01040509324978409,0.04175389852560758,0.2492005205969801
1380,0.009252241330472555,0.04203036121846039,0.22013232963100718
1381,0.009420398180000025,0.03846131608825169,0.24493176879697642
1382,0.012796297213662428,0.04810312287710732,0.2660180139673691
1383,0.010362645308420316,0.04932760829038663,0.2100780002794053
1384,0.009342023817570178,0.030348671067574745,0.30782315958617373
1385,0.008450814146771497,0.05042529405940227,0.16759077570571296
1386,0.008252226684623734,0.045466400460536176,0.18150164958857876
1387,0.010792077573785027,0.044506823293989625,0.24248141688872119
1388,0.009892320581333543,0.03877701364807654,0.2551078499973431
1389,0.010811567451103883,0.0416965465533439,0.2592916762785849
1390,0.01042273378573711,0.03975180545627267,0.2621952302755158
1391,0.009621844722469257,0.04706471640415104,0.20443859981309026
1392,0.009859873414878604,0.05253231806744703,0.18769157306235132
1393,0.009520901301455125,0.0532390330457735,0.17883309963744976
1394,0.009321472503121982,0.042797609574778434,0.21780357817922444
1395,0.010463524766980821,0.03729445856372782,0.28056513406195327
1396,0.009037961383221008,0.03412720928215123,0.2648315397908347
1397,0.008888103009188535,0.04114426469666433,0.21602289102746058
1398,0.010484666808687646,0.05840197256392297,0.17952590209230163
1399,0.009068941529681117,0.030360632597522145,0.29870726508256495
1400,0.010910113207657566,0.07075005164957783,0.15420643452729493
1401,0.01067240322639361,0.041359182345511905,0.2580419297697669
1402,0.010717820849563596,0.03978996464468922,0.26935989878354283
1403,0.011850102709084157,0.05262437981133508,0.22518275277244237
1404,0.011077697610521704,0.050245228232909965,0.2204726299371347
1405,0.008761322431746592,0.0328583223236817,0.2666393720645159
1406,0.010918637864673725,0.047308128360353474,0.2307983478288116
1407,0.012046293932348769,0.03823339326707418,0.31507258191513227
1408,0.010561554128749519,0.062180500842588304,0.16985315308598975
1409,0.011155519782723094,0.03489556182996944,0.3196830541591306
1410,0.011649394061664351,0.05619138599104677,0.207316368087329
1411,0.011435728195880165,0.038946924962687125,0.29362339148835176
1412,0.010322924281550683,0.04948109030872902,0.20862362201264953
1413,0.010577844614494264,0.03909254511191083,0.2705847005852989
1414,0.012524975100438271,0.038916978334675716,0.3218383244558445
1415,0.010076321909091196,0.03360393665939208,0.2998554011967248
1416,0.009875293079634927,0.044240381262249696,0.22321898676398372
1417,0.013189627339620376,0.04515513275223638,0.2920958601029701
1418,0.009602053740719423,0.0366883165812364,0.26171965996849544
1419,0.011019346502830084,0.04464099523553739,0.2468436566981164
1420,0.010425341855286888,0.051329477989799976,0.20310632921603977
1421,0.009036331021839381,0.04266145275441027,0.21181489232556444
1422,0.010646771889074938,0.03561922198107681,0.29890523421405085
1423,0.009925107760157419,0.037149684913156726,0.2671653281337854
1424,0.009005074668945543,0.030965604743274394,0.29080893925091517
1425,0.013026819740462894,0.03853048064250847,0.3380912857275147
1426,0.009436007042555487,0.05708077898005183,0.16530971039634557
1427,0.009539012638900172,0.04220327139020462,0.22602543178413775
1428,0.014741502609223052,0.05894015109717121,0.25010968473205103
1429,0.009644692012864381,0.038341576845947856,0.25154656657351687
1430,0.009857579273277111,0.03974387555872826,0.24802763028137131
1431,0.014006161671069101,0.0659482656719677,0.21238104638755115
1432,0.010579379781592823,0.04323722761788519,0.2446821955108878
1433,0.010233786974186553,0.036631550786008944,0.27937083618681724
1434,0.008596984179521119,0.03136146814290841,0.2741256927154088
1435,0.0110316177514046,0.03788998784313015,0.2911486220788957
1436,0.013257705807467287,0.0746883220089933,0.17750707809037947
1437,0.012423752766134614,0.05794464347073369,0.21440726910667965
1438,0.009227216104942197,0.028650923414451312,0.3220564995809525
1439,0.010631801149463441,0.03612482268124431,0.29430735876494896
1440,0.011393858971672334,0.03515300437209965,0.32412191147995667
1441,0.010566508294642259,0.049686427491639984,0.21266387679427082
1442,0.01119410871764992,0.05021613037280218,0.2229185848117421
1443,0.010824324317291373,0.04389079714333516,0.24661945149220044
1444,0.012477027470118267,0.048407721080947395,0.25774870601729905
1445,0.00928004046823797,0.03797744122791945,0.24435665405417867
1446,0.009510645443559118,0.03725614897052098,0.2552772013776615
1447,0.011791447070061913,0.0388067087917863,0.3038507370729105
1448,0.012479794202143096,0.05115965958626837,0.243938179081411
1449,0.010840215896756544,0.04794470059306861,0.2260983124816431
1450,0.011186456476125194,0.04265831670544422,0.2622338934071278
1451,0.010059548724427873,0.039655111093441296,0.25367596879177534
1452,0.014813707267056915,0.04859659698264861,0.3048301359875325
1453,0.011279823086589234,0.053302911222995915,0.21161739251328698
1454,0.011943526555354916,0.040025013226108144,0.29840156423148423
1455,0.009351143885691547,0.03016060134878488,0.31004500796394907
1456,0.0118548123776581,0.039260961969463805,0.3019491062541088
1457,0.01141248470858951,0.04409700924062012,0.2588040528113198
1458,0.013202385622474843,0.039995014812080044,0.3301007809142531
1459,0.008880147397279953,0.036247043468906955,0.24498956458759005
1460,0.012949451596193349,0.050321439920622296,0.257334679141985
1461,0.011323726273791235,0.07832918567229913,0.14456586234690386
1462,0.014635894292704215,0.05951609621350601,0.24591489065334515
1463,0.012029832754169868,0.07296030019913395,0.16488189770562076
1464,0.010332410173101967,0.04399222268467072,0.2348690187110612
1465,0.009855020289923475,0.03542987545160986,0.2781556571686319
1466,0.01103549195618717,0.05456018089271884,0.20226274501699124
1467,0.010681460921053569,0.048949266154967065,0.21821493476570672
1468,0.011091030082925646,0.0621305417540678,0.1785117233750981
1469,0.009200907464136283,0.04448347571647281,0.20683877138049778
1470,0.011378828879470494,0.032735666152840986,0.34759729116236043
1471,0.012146490293062176,0.06851337405920052,0.1772864124658266
1472,0.012338202960179541,0.04515594139705729,0.2732354276797418
1473,0.010456952209043904,0.03595852012064963,0.2908059668102988
1474,0.012601223498771432,0.039201303482541534,0.32144909426448004
1475,0.011524012923017258,0.039295458628435226,0.29326576975958524
1476,0.01093828638051255,0.056072654102300765,0.1950734552418602
1477,0.010574455728498293,0.06921797106112981,0.15277037980507543
1478,0.010410252924259112,0.05353546373623629,0.19445526754666587
1479,0.013727728607913672,0.0705986914425701,0.1944473520289865
1480,0.012169391298643395,0.05927203934491906,0.2053141992908545
1481,0.014075415155904802,0.05055358197568198,0.27842567441407295
1482,0.011036376732664947,0.07437875031390596,0.1483807765785114
1483,0.009247790811915159,0.043406179580600675,0.21305240177910473
1484,0.011468943632702311,0.04979385449247777,0.23032849634495692
1485,0.011111337671126612,0.0728747285483637,0.1524717538206683
1486,0.009581931059681328,0.029773569656558904,0.32182674667122657
1487,0.008503109095054112,0.03271467826607025,0.2599172464921693
1488,0.012060349864354487,0.07075427167889754,0.1704540175173767
1489,0.010376105237611738,0.03320428612195344,0.3124929474221989
1490,0.011482440275027305,0.03620634105480057,0.31713893036942814
1491,0.008348220715295349,0.036027240112086203,0.2317196845800858
1492,0.011530639809128173,0.05247305350459263,0.21974402171772273
1493,0.009294411838577177,0.038232113274607536,0.2431048415130927
1494,0.010987707554789885,0.04037938822160302,0.2721117886733939
1495,0.010403038245330249,0.04568526309830838,0.22771102844951635
1496,0.013163580096798286,0.05691035350910838,0.23130378366847046
1497,0.011098706161896064,0.0646665351687749,0.17162982573223737
1498,0.009700537756303985,0.03665883095548977,0.2646166695227548
1499,0.011163097418795126,0.03616390004619276,0.3086806844457493
1500,0.008825681153504178,0.028675090130929438,0.3077821591108747
1501,0.012102266405534528,0.054583205577492994,0.22172143019579438
1502,0.01319110896787547,0.04848515014064983,0.27206492976380436
1503,0.012156329958601874,0.051528669864400085,0.23591390948681318
1504,0.011929388477900338,0.06632352003136087,0.17986663663327424
1505,0.008527997405318639,0.03892190379126107,0.21910535134240477
1506,0.009317270588466351,0.041415860334019554,0.22496865966558346
1507,0.011366631620864771,0.03426180431094385,0.3317581151703182
1508,0.01308852706559197,0.06297479621934735,0.20783754535378754
1509,0.011167355380555083,0.05097710648368382,0.21906608967518268
1510,0.010331893990520742,0.032677925976513346,0.31617349270055956
1511,0.016374941595988915,0.0513451886527295,0.31891871517740555
1512,0.010496571209789227,0.0419052229813367,0.25048360234745903
1513,0.010814202179256941,0.03526110914061666,0.3066892234111138
1514,0.011182946879494074,0.04797324079281793,0.23310801385207156
1515,0.012165279512217847,0.04257039642565131,0.2857685277415397
1516,0.010769923731824073,0.04156172293716351,0.2591308292932854
1517,0.013236978624310902,0.07976857365266055,0.1659422754853717
1518,0.013809728349039412,0.05354139910199914,0.2579261763868598
1519,0.01304152330050554,0.040851106069941405,0.3192452923516399
1520,0.010169507135021015,0.04784734475331687,0.21254067884516215
1521,0.012023643790486808,0.0403822145362934,0.29774602329901567
1522,0.011536202089267504,0.03640547057011212,0.31688100464828284
1523,0.011668767981762484,0.04453109699160762,0.2620363918656564
1524,0.010504824369044022,0.040412468482087446,0.2599401809231296
1525,0.010315308197542596,0.04700444832393901,0.21945387224276033
1526,0.012256638342582416,0.043619106803236884,0.28099241916140943
1527,0.007722288371455118,0.03077627962192984,0.25091689008770357
1528,0.009485731643585519,0.045038836993623654,0.21061226880076508
1529,0.011469591342133819,0.0350954098605356,0.3268117223131346
1530,0.01270765039741198,0.057419363055300814,0.2213129808659124
1531,0.010968586053057755,0.03710536695939608,0.2956064567361625
1532,0.01234469159864217,0.042846385460196396,0.28811512256552135
1533,0.010272727592085121,0.05500093143025635,0.18677370227674467
1534,0.012639384458385233,0.04224317504119545,0.29920536147579174
1535,0.014183960629030684,0.042146017423492714,0.3365433200050789
1536,0.009624740500326965,0.04351579919716847,0.22117807044049556
1537,0.010273430889094876,0.031210843359907207,0.32916223282715734
1538,0.009166866750530496,0.03526340105517411,0.25995413023059816
1539,0.011093066187724225,0.04520631358505642,0.24538754230882048
1540,0.013559531788570363,0.08928623719187335,0.15186586662040066
1541,0.011232627915059891,0.05308220328656928,0.21160817033550552
1542,0.012704050743118091,0.04197155832690698,0.3026823699007416
1543,0.011590893456333276,0.03800762237468226,0.30496233996866035
1544,0.011097563447886505,0.03478251042144081,0.31905585057272445
1545,0.013531302802178874,0.04712728877103962,0.28712245399117736
1546,0.010869164711569072,0.07706267741119607,0.14104317519921644
1547,0.010706718365447801,0.04600195066290523,0.23274487735687857
1548,0.009594682548994688,0.03820753395977682,0.2511201732842643
1549,0.013401225322360842,0.06501452642580474,0.20612663136827325
1550,0.011960337084111978,0.04101395746629399,0.29161626486908954
1551,0.012909380812665005,0.047458645308787045,0.27201325972114926
1552,0.010341108161202936,0.03369625946780056,0.30689187239841237
1553,0.011546869972157578,0.04009554648809499,0.28798385315182184
1554,0.011145332526317062,0.0348434957367542,0.31986837974585564
1555,0.010367757332749266,0.03761740313403917,0.2756106607234697
1556,0.011964492544626554,0.04117996004911539,0.2905416258312526
1557,0.011444127400660762,0.037604107222045435,0.30433184685866715
1558,0.012431237447588108,0.04369669588638441,0.2844891860845961
1559,0.01337339394715011,0.05688698457567004,0.23508705983749195
1560,0.009800249795494072,0.040003724520705816,0.24498343373443907
1561,0.009714890357700635,0.03638621406792588,0.26699371193985333
1562,0.012068292653652085,0.035960076895617026,0.3356025263335135
1563,0.011525266762791754,0.032903050995268045,0.35027957632558093
1564,0.009874871261804745,0.04160610852943496,0.2373418618225556
1565,0.010889405642256371,0.037681692964007134,0.28898398095777567
1566,0.012417479467825059,0.042404082105314954,0.2928368885970016
1567,0.012006092886254191,0.044312698971640294,0.2709402307827613
1568,0.011478960957114778,0.039526994482521983,0.29040814023692413
1569,0.013334139922955615,0.043450789726671525,0.30687911558173137
1570,0.00994664152716596,0.04564812084232532,0.21789815973597432
1571,0.012210298935311685,0.04613642089340761,0.2646563972367381
1572,0.01665880523393634,0.038389964610927585,0.43393645715319384
1573,0.00949195415107963,0.042501807077581444,0.22333060176782576
1574,0.010866768953951937,0.04375458692298631,0.2483572516141105
1575,0.016723497940132198,0.087013099633497,0.19219517532854374
1576,0.010797296261668907,0.03708712701314984,0.2911332618875929
1577,0.014095349240786384,0.04462172460205831,0.31588535329314255
1578,0.011183577321923542,0.03822237888654957,0.2925923934464069
1579,0.011920380236394716,0.05851574152955082,0.20371236738358917
1580,0.010141819105928198,0.033870948354925164,0.29942530688409424
1581,0.011520157110711832,0.032266237730420824,0.35703440874030123
1582,0.00964067588160742,0.03895143775408237,0.24750500718935614
1583,0.013739053094028633,0.03769349226377065,0.3644940351379838
1584,0.009859438391886364,0.04859476772523632,0.20289094594361548
1585,0.011022273837169723,0.04436817788704432,0.24842746224518367
1586,0.013086951540331168,0.04309391411307252,0.3036844484743047
1587,0.01526203788503474,0.050037778239330685,0.3050103026503576
1588,0.013393381999366604,0.03924807049283632,0.34124943801937874
1589,0.011269638438681933,0.03881740060024895,0.2903243974126215
1590,0.014293635530940227,0.03976946226184567,0.35941234096831004
1591,0.011436338977516707,0.04525150684836336,0.25272835699343354
1592,0.011098551446748164,0.04159936122194198,0.2667961987990174
1593,0.013770300508884788,0.04399420043798884,0.3130026315168847
1594,0.011848335486633405,0.05178055862288114,0.2288182244748701
1595,0.014000775678613952,0.044785972422011336,0.3126151989371623
1596,0.01160297348492517,0.048536815401478514,0.23905510463986207
1597,0.011193802572427896,0.03969818484737976,0.28197265479972594
1598,0.013430118890928579,0.041367080278056155,0.3246571621765665
1599,0.010581496461193376,0.049376620638312524,0.21430175504495003
1600,0.010995484880695567,0.031277778086842144,0.3515430300008931
1601,0.013368770795921778,0.03951883179968524,0.33828861296679247
1602,0.012061749429248026,0.038457532914412264,0.3136381487543147
1603,0.010892969403858189,0.029418886592746288,0.3702713006879655
1604,0.012574672617606166,0.0511269652093331,0.2459499124556828
1605,0.014922823640180514,0.04461324972139415,0.33449308743563294
1606,0.012978885055519635,0.05216492325784758,0.24880483368329914
1607,0.009899262885056718,0.03752343918668933,0.2638154470740641
1608,0.011180135154991843,0.03137038226122584,0.3563914223784971
1609,0.011820779879656039,0.053639623185612516,0.22037402907420672
1610,0.01330006661049699,0.07384241483982551,0.18011418829092432
1611,0.013549933561794751,0.07134984863179056,0.189908371516398
1612,0.012207548607353352,0.059209459593267455,0.20617564644240163
1613,0.018966228268093837,0.07676801925330323,0.24705897654159786
1614,0.01130195340361674,0.03523650870406604,0.3207455511048355
1615,0.012610902217226721,0.06477859441557078,0.19467699678893882
1616,0.010635741294596004,0.04843308468984925,0.21959661174761969
1617,0.012585566207497404,0.05923615047808264,0.2124642824644994
1618,0.013579172450048275,0.1028378617661551,0.132044484557586
1619,0.009959709948511548,0.05048434626202096,0.19728313201525774
1620,0.012589535526188954,0.07230001795869896,0.17412907882272638
1621,0.010312066580458794,0.035405270650154565,0.2912579508871095
1622,0.0129657306472308,0.07584920767469873,0.1709408844805228
1623,0.012412607552910205,0.03195180040131285,0.3884791278306718
1624,0.010360650355887983,0.03942260024975329,0.2628099184221115
1625,0.014430004451591571,0.08428741413698246,0.17119998992932653
1626,0.012824308704004962,0.042874817468231116,0.29911051430617186
1627,0.01705739994809432,0.04104802423590432,0.4155474049042981
1628,0.010764520091447818,0.03597812377500701,0.29919626044053
1629,0.012340038000215959,0.05193378509333447,0.23761098825747157
1630,0.013947195751053618,0.04658727729732423,0.29937778208719884
1631,0.01079766823066237,0.04159803209371556,0.2595716116107824
1632,0.009890160871328876,0.037114833947080435,0.2664746091862925
1633,0.01347664141113564,0.03864589029401343,0.3487212044607642
1634,0.013315241651987404,0.04039652753517198,0.32961352037163666
1635,0.014036220965688863,0.034011737133743454,0.412687564592244
1636,0.011343764174813092,0.04214006892894333,0.2691918751645086
1637,0.018516836018634915,0.03750401877129131,0.4937293822046482
1638,0.02083613976249708,0.0463733227304817,0.4493130648227616
1639,0.013993495113022317,0.07952223287288927,0.17596959500890738
1640,0.012800879298592164,0.045335666718647576,0.28235780401668864
1641,0.01074806203116264,0.04642047156019982,0.23153711433096086
1642,0.010880063646428307,0.0437172388664487,0.2488735320045444
1643,0.011805288102857005,0.04852259863720808,0.24329463866680018
1644,0.011927049820205992,0.03733502372248956,0.319460084143512
1645,0.012882092028644578,0.053182387237832376,0.24222477962099478
1646,0.012547398714930783,0.044939172262156955,0.2792084963526948
1647,0.010452202288551184,0.040585599374786785,0.257534752456728
1648,0.010705324477982153,0.04077377936807132,0.26255413757652807
1649,0.010851395686987642,0.0359291894875458,0.3020217222113251
1650,0.011840669149240106,0.034748268566638,0.3407556588378519
1651,0.010730050420912822,0.02998167519435875,0.3578869543144762
1652,0.01215346205147086,0.04252730703756067,0.28578019389873394
1653,0.012062925058904462,0.046618582556787934,0.2587578685806541
1654,0.010777531466637196,0.0479464845426488,0.22478251678338815
1655,0.011540753630874296,0.04853683961128404,0.23777307552495613
1656,0.011920708616127759,0.044469183529092376,0.2680667300325178
1657,0.015860607530649207,0.041551321329540286,0.38171126748240464
1658,0.012007928992815765,0.04552699112003817,0.26375406538269697
1659,0.012824068142503009,0.04310362878519325,0.2975171349520056
1660,0.011398653742864688,0.04122705889677671,0.27648476625819635
1661,0.013687929026148479,0.03276610625566429,0.4177465860278865
1662,0.010133194545059745,0.03512972901995503,0.28845068913043004
1663,0.011559478167148647,0.043898512835305596,0.26332277383184055
1664,0.011357520405201731,0.0453896257000106,0.2502228258064013
1665,0.011053681542655468,0.0396013867345042,0.2791235977791002
1666,0.010415367429455353,0.03086044882013649,0.3374988967212237
1667,0.01172623606329283,0.04132388727533723,0.2837641092397296
1668,0.011574512552270157,0.04548010514725122,0.2544961695787815
1669,0.011375712513304997,0.043245011231290445,0.2630525970313753
1670,0.012756196504819897,0.04273022798863603,0.2985286319537972
1671,0.010714304428863891,0.047355701329122604,0.22625162605391727
1672,0.012465677740549576,0.040721378099813875,0.30612121499641565
1673,0.011675592515162793,0.04686903411121234,0.24911101191480634
1674,0.01196799850407875,0.06619031857255088,0.18081191875183186
1675,0.012509400355331579,0.04029036764350929,0.3104811667568971
1676,0.014030654640313538,0.048678084010874124,0.2882335023065209
1677,0.012092242551790535,0.03859353331712741,0.31332302362973335
1678,0.011274793864437005,0.03944677374297324,0.28582296584291866
1679,0.010138781806519389,0.0495091895086639,0.20478585706882477
1680,0.014451189008131103,0.07375326518665407,0.19593965055461923
1681,0.011453170989566781,0.04789339868429586,0.23913882296858402
1682,0.011888150736692513,0.03834769541131843,0.31000952231600554
1683,0.011398819704148432,0.03772137650149155,0.30218461681523007
1684,0.012249968830532445,0.03668354064633592,0.3339363816677297
1685,0.010535021543370913,0.03854796830732394,0.27329641497852974
1686,0.01716960617628307,0.054821681992161864,0.31319006553692946
1687,0.012362769396523017,0.05087338511883638,0.24301055193008117
1688,0.011075941814615714,0.04289385465243659,0.2582174510569039
1689,0.010836110728793417,0.0464885269699219,0.23309215057666366
1690,0.010979634802426546,0.038601224229713973,0.2844374763039339
1691,0.011620139560674718,0.05701206367607395,0.20381896060618276
1692,0.01489356792006137,0.039400732658394354,0.3780023089624016
1693,0.010904567522678424,0.033212232193681704,0.3283298592746976
1694,0.011871127050729019,0.05836910456821757,0.20338031803540052
1695,0.010994884682182559,0.039001284872170194,0.2819108323722476
1696,0.009221062318445232,0.02996533015884397,0.3077243691044733
1697,0.01206914813654642,0.05924435837151864,0.20371810022243184
1698,0.010868246238447354,0.03241971146403432,0.33523574847879506
1699,0.01376235560197744,0.045603925633667344,0.30178006411613667
1700,0.011058526431959793,0.03920864839041711,0.28204304115671935
1701,0.011382622621049897,0.04671788009825983,0.24364595732652342
1702,0.011759103027163374,0.050595779846853324,0.23241272419407702
1703,0.012061497278256943,0.04030254975580986,0.2992738015593897
1704,0.01421177894354658,0.03720402694901262,0.3819957168249971
1705,0.014128346105985736,0.06942846695768361,0.20349500320082559
1706,0.012720616962949917,0.05414882537043178,0.23491953658631254
1707,0.014137259831763236,0.045458899807230314,0.3109899247760433
1708,0.011585440962010312,0.038096587857592894,0.3041070503482677
1709,0.01253668089558008,0.04457213635377785,0.2812672203053652
1710,0.013927502555018557,0.05475152261635722,0.2543765340071709
1711,0.011758209516667624,0.05394837218573071,0.21795299913719557
1712,0.014585452967039815,0.044894724238823805,0.3248812241083287
1713,0.011094300525481103,0.051522939563599886,0.21532739822755995
1714,0.011433999379760923,0.042395431302438204,0.2696988573585674
1715,0.012572084762483629,0.03483002531939865,0.3609553724648207
1716,0.011685320613498239,0.045418805870748306,0.25727934473871356
1717,0.014193408456465275,0.04449932222811079,0.318957857007093
1718,0.01565029287623123,0.03654835323845153,0.4282078804945383
1719,0.013034547596954577,0.04114911806565532,0.3167637171674151
1720,0.011755011133127559,0.038212969392550186,0.3076183641230362
1721,0.010413681272401021,0.03704535576911275,0.28110625626121033
1722,0.011024523276253466,0.04423157238325608,0.24924556559914582
1723,0.011183290406710667,0.05687097826958653,0.19664318685537058
1724,0.012730250631380825,0.05735408388411976,0.22195892199898998
1725,0.014914956047520436,0.04077551161644367,0.36578219269086626
1726,0.012837320669923592,0.041397551480609196,0.31009854956340965
1727,0.00929749450890994,0.03601453728802082,0.25815948805051897
1728,0.012682219089746547,0.0428655091761089,0.2958606892396165
1729,0.013411002680393606,0.050632314711206154,0.26487042428578833
1730,0.010384474808375146,0.04133823907583315,0.25120747860290044
1731,0.010921674134379878,0.04446249702340351,0.24563789407476264
1732,0.011223672411903632,0.04652600152920373,0.24123440748755196
1733,0.011906114452008495,0.04354863107911967,0.2733981334592108
1734,0.014747039913776174,0.04500179374805446,0.32769893564711583
1735,0.015002277073064892,0.033311515237774536,0.4503630941291519
1736,0.011989375642550296,0.04918702347187215,0.24375078620406318
1737,0.014538826728056491,0.0558669009158361,0.2602404373512521
1738,0.01194915298970382,0.04088537604565792,0.29225982845474097
1739,0.012320189512590807,0.051903631580849305,0.23736661842558193
1740,0.01056406387322798,0.05121512250800402,0.20626844876473222
1741,0.011612652770441084,0.039368403439233285,0.2949739322822859
1742,0.012894699236715374,0.043527432878453,0.2962430445284146
1743,0.012045927298967031,0.04447851597340437,0.2708257466570824
1744,0.011334597345861938,0.0566950036782789,0.1999223319568202
1745,0.012132371036710797,0.036364094950694176,0.3336359959687532
1746,0.016826886919052843,0.041797454985378076,0.4025816147068471
1747,0.014717759572039605,0.07992032759833416,0.18415539593161306
1748,0.014270591785550877,0.05939336896197075,0.24027247544162694
1749,0.013368428458095305,0.040025942013055815,0.3339940994618127
1750,0.014408401433823105,0.03553434882037882,0.40547813346039036
1751,0.011875827156217449,0.04208863760397023,0.28216230868957937
1752,0.011549223874754853,0.0325099212994291,0.3552522864643913
1753,0.010903106837696224,0.033227696628101495,0.3281330920827976
1754,0.01573328867802915,0.039799776020734125,0.395310985404476
1755,0.012249469896294477,0.05947865896671497,0.2059473113363819
1756,0.014443650877862946,0.04886147135278109,0.29560409209300736
1757,0.0146889855539986,0.04851209943556856,0.30279014358479817
1758,0.014399511544566075,0.07881610650937261,0.1826975751799034
1759,0.011500866250267631,0.04542970845284721,0.25315738624982703
1760,0.010144872350332446,0.03656222096442345,0.2774687117592325
1761,0.010811578891740456,0.030361336288288767,0.35609693818235183
1762,0.012302356690327743,0.04831948809038012,0.25460445001118304
1763,0.012232976996482414,0.0673067444871264,0.1817496461835327
1764,0.012724911819005041,0.05262123660499404,0.24182084344166774
1765,0.013420714906123074,0.03718155470093694,0.3609508804489
1766,0.014672815383130247,0.05689786805649587,0.2578798799333434
1767,0.010630528167471613,0.036397262238807626,0.292069444603584
1768,0.01103651451933947,0.04557580474837351,0.24215731526915452
1769,0.012123757879695773,0.05746963808596931,0.21095935668411178
1770,0.009510868448064083,0.036319246810726055,0.26186854857885977
1771,0.010563300370604347,0.035985031789589346,0.2935470623473735
1772,0.011821053168548158,0.053771351302991904,0.21983924305191455
1773,0.012209330580643133,0.05773113538376015,0.2114860637898722
1774,0.013529459396400545,0.059211952264109476,0.22849203376752622
1775,0.014453023591201302,0.03886686063581647,0.37185981461828527
1776,0.012358261551884523,0.04562484594839707,0.27086692118568867
1777,0.012596481567884312,0.04805661624631862,0.26211753035331836
1778,0.010025664894047586,0.03476559024072199,0.28837896392208645
1779,0.01304859675929006,0.040355191852968285,0.32334369283904024
1780,0.012055467006823391,0.06677396313199706,0.1805414332351655
1781,0.01073333832263902,0.04472439152381625,0.23998847064656892
1782,0.012239211105121198,0.049212605861090906,0.24870073207298332
1783,0.009701061657069611,0.04491266594829322,0.21599834817247748
1784,0.013654001081474253,0.0580562339885578,0.23518578700661347
1785,0.013757617235659611,0.04580155317527466,0.3003744694576449
1786,0.012039075181316639,0.040682200086336814,0.2959297962123748
1787,0.012134331944331167,0.04753563156957282,0.255268133469862
1788,0.012216094943676988,0.07405734314222998,0.16495453962006917
1789,0.011095662597502665,0.04689216392661387,0.23662082676821508
1790,0.012427780792196707,0.04198815300563166,0.29598303098099715
1791,0.014496685807052169,0.05698882968311061,0.2543776716842121
1792,0.013580219396994523,0.04285426315555078,0.31689307893090274
1793,0.01114349010038626,0.03470932453725186,0.3210517706302649
1794,0.01149299599272379,0.03723169631072159,0.308688486726442
1795,0.012214359229691708,0.04619707331487151,0.26439681895379574
1796,0.013518529853537579,0.03889024869336693,0.3476071845098711
1797,0.012225237620724486,0.06462444095689267,0.18917359190294705
1798,0.011489572432563594,0.05438349020957057,0.211269493518648
1799,0.011082247721954947,0.029537124410759497,0.37519724559046164
1800,0.01430917097440555,0.050693238253532336,0.2822698148135409
1801,0.012001538372322838,0.035843168493912975,0.33483475028236276
1802,0.013855232538963523,0.04576891280365502,0.3027214694414666
1803,0.012851762077990686,0.058914952494199105,0.21814092235817314
1804,0.013181172364889712,0.0468756533182333,0.2811944246434943
1805,0.010733358320196463,0.03663648282003693,0.29296912513756074
1806,0.015313393166278904,0.038781737526576765,0.3948609356501863
1807,0.009979775907688702,0.03638831732467784,0.2742576915104112
1808,0.012788210322389443,0.05870688438820724,0.2178315278597964
1809,0.010201731559745639,0.03425370788078424,0.2978285327519481
1810,0.012872314249638302,0.03338682198785023,0.3855507497520161
1811,0.0112242921398494,0.04457223390490268,0.25182251720982224
1812,0.013487158221671132,0.04119530457556594,0.3273955214144318
1813,0.009905686905121879,0.03386133352181733,0.2925368222266548
1814,0.011903998597689976,0.04593968725440789,0.25912232557239867
1815,0.013627202842543547,0.05165665706842575,0.2638034208103865
1816,0.013223701855494947,0.04961662319756169,0.2665175701815653
1817,0.012970088509417303,0.03701606722830252,0.35039077568861693
1818,0.011843791569212832,0.0433316165471373,0.2733290957667252
1819,0.01182755730307853,0.04499833872424488,0.2628443102154582
1820,0.012417781811664865,0.060607208101906625,0.20488952057617266
1821,0.014250182411070473,0.03369175356404301,0.4229575757628655
1822,0.010676369618060748,0.03635660546153046,0.2936569430021166
1823,0.011513371890368681,0.038892444483430474,0.2960310683217082
1824,0.012120355806244756,0.04399750626668964,0.2754782448919283
1825,0.013777859558433253,0.04524121727436993,0.30454219378253
1826,0.010112655607426784,0.04135762286249975,0.2445173321688111
1827,0.011441700367608294,0.034548357591148465,0.3311792850670435
1828,0.014190190830009535,0.04591423541426718,0.30905863294178
1829,0.013886107965844687,0.04477315429648022,0.3101436158279825
1830,0.014009849512191292,0.04938467013218488,0.2836882270228456
1831,0.012958185226799326,0.03678148039058966,0.3523018945632842
1832,0.014069997238499962,0.03695593661366018,0.3807236002488024
1833,0.012535059227082037,0.06376468644972443,0.1965830920656809
1834,0.011395969302616951,0.03379281147558872,0.3372305767015553
1835,0.013791647441169091,0.04068515695110665,0.3389847422096517
1836,0.011287841976327071,0.03337391124542538,0.33822352714310916
1837,0.014143719464644482,0.04571308315396384,0.30940200241358384
1838,0.01187307840253055,0.0318984326363868,0.37221510340337594
1839,0.010619164498118854,0.03236822958966062,0.32807368930622205
1840,0.010590392476062853,0.04835118987846608,0.21903064852102866
1841,0.011710527883434926,0.04720124636872119,0.24809785300387818
1842,0.013676971843635474,0.03600541753317729,0.3798587207231504
1843,0.011756008245802899,0.03750302936132052,0.31346823031886106
1844,0.011651128386234949,0.045205326930474875,0.2577379520757913
1845,0.014914323319058603,0.03812492004976637,0.39119618609557716
1846,0.012198276956976083,0.041263574530966185,0.2956185230032916
1847,0.01349014495292807,0.03618339854930021,0.3728269176864301
1848,0.010467684997646212,0.03659372111383312,0.2860513956697117
1849,0.013294921046506794,0.04164882186275306,0.3192148169280475
1850,0.01358438388221901,0.037694710574175935,0.3603790472174386
1851,0.014631046462018198,0.0392771221298172,0.37250810823888086
1852,0.013586472608034885,0.05178874158386676,0.2623441348882863
1853,0.012226404076302438,0.03977838689275454,0.30736299360148417
1854,0.013419037408313515,0.04471818704523268,0.3000800858594739
1855,0.013147653935737276,0.040010116639570555,0.3286082381075955
1856,0.014607776893738244,0.03995100430504452,0.36564229479277727
1857,0.009606941121957585,0.033602887801818075,0.28589629493545815
1858,0.011019645609865684,0.03493864216842759,0.3153999390253414
1859,0.01275549833308522,0.04131511356089361,0.30873685761449937
1860,0.013059661634501432,0.045994992164512846,0.2839365987389731
1861,0.011631140203072382,0.047771564584951146,0.24347413160700446
1862,0.016948341487757375,0.0838114596128918,0.20221985830859074
1863,0.01140919068250328,0.03069906507168364,0.37164619363784146
1864,0.015768915740789008,0.04259131940709083,0.37023778459874335
1865,0.014225063901841622,0.04070707663574014,0.3494494097127771
1866,0.011127855740879383,0.04338732992026561,0.256477081237148
1867,0.012283359551233617,0.059615049018705436,0.20604461043340613
1868,0.014028357680184997,0.04354660292319701,0.32214585612119084
1869,0.012419911486559389,0.04002597005277237,0.3102963268566388
1870,0.013179049216349558,0.04682245761870324,0.28146854920327197
1871,0.011796270827309887,0.03664813429175696,0.32187916397264654
1872,0.009564673912126353,0.04295278899260799,0.22267876280512816
1873,0.012964882694133024,0.05139674103809781,0.25225106557379895
1874,0.011344726884263487,0.030548955224546787,0.37136218900135665
1875,0.010941800640761695,0.033845759149909366,0.3232842434402217
1876,0.0162258532711877,0.04350074044616934,0.3730017720248608
1877,0.01363742161410247,0.05817600872581339,0.2344165904907974
1878,0.012148489049283895,0.04474844052121983,0.2714840764842199
1879,0.014016977798313618,0.054154545989605334,0.25883289282390565
1880,0.011146118500541613,0.03990546306170385,0.2793130976334645
1881,0.015105471448901774,0.04021972686287499,0.37557369546607683
1882,0.01383063723721931,0.05561977444660268,0.2486640295574848
1883,0.012491537094033354,0.038026957971988906,0.32849162173072777
1884,0.012096866970571104,0.032978658211496176,0.366808949370396
1885,0.01196138095088172,0.041621280066603344,0.28738618637998287
1886,0.012495231743421969,0.03926807466894514,0.3182033203421996
1887,0.010514844372101706,0.03593095698678319,0.29264025379777214
1888,0.01272221726653409,0.0451302615617172,0.28189992315586554
1889,0.01142095961784719,0.03533704502882067,0.32320075456816283
1890,0.011674433972133977,0.04757500103929569,0.24539009389081914
1891,0.012109385599047114,0.03532348172948124,0.3428140434015517
1892,0.012510463546607987,0.03664003444897778,0.3414424613516043
1893,0.011742229954888033,0.04744604104383942,0.2474859797847181
1894,0.011339252911276257,0.03759612092734029,0.30160699112787
1895,0.012288981965486816,0.039137498702168684,0.31399507819062195
1896,0.013181431248585045,0.0385210029045734,0.34218816371153965
1897,0.01573095680083125,0.04483604143106746,0.350855166923372
1898,0.012206937074297979,0.034084775254935036,0.3581345918416299
1899,0.011014461919876277,0.03322345950374614,0.3315266406348444
1900,0.017679801241415685,0.050070773160422674,0.3530962300985037
1901,0.011273586388197594,0.04235217264413121,0.26618673102461493
1902,0.012438106343458506,0.03627192257571648,0.3429127947974482
1903,0.016225158209074837,0.05374244008577738,0.30190587146538633
1904,0.012871902182476365,0.041545214589647196,0.30982875667644605
1905,0.011400165177969306,0.04184911192735479,0.27241116125680903
1906,0.010411427746305704,0.032438167701479614,0.3209622640156041
1907,0.012520693599129438,0.040144018675554366,0.31189437460186314
1908,0.014496745533612018,0.044741856424931795,0.3240085837209449
1909,0.0130839750923318,0.03944923542815397,0.33166612609841395
1910,0.01014867139341006,0.038045918988693736,0.266747963064297
1911,0.013279709086715918,0.055817700517473284,0.23791214907394653
1912,0.012554093937055715,0.04548636789643969,0.27599684295220134
1913,0.01583239445750908,0.0458270112271305,0.3454817155475002
1914,0.013966964847363875,0.05819025560445784,0.24002240069304442
1915,0.011226671551332048,0.04645682796412785,0.24165815969525917
1916,0.013310544733080899,0.049137419215553965,0.27088408274801484
1917,0.015771704264782027,0.038123868120422,0.4136963283618072
1918,0.014612468626847395,0.05075697336679968,0.2878908582858405
1919,0.012565827034917137,0.035726937089291644,0.35171856471098795
1920,0.01546701359666251,0.04231174605244627,0.36554893237271
1921,0.01200971574578324,0.04186314712138681,0.2868803845700579
1922,0.011805191338591946,0.03869165753263287,0.305109475558917
1923,0.01380942117931395,0.030682792557454916,0.45007054533921953
1924,0.011923327395440735,0.03943494572703964,0.3023543503183479
1925,0.012637135739794369,0.04607779727642919,0.2742565071786659
1926,0.01049188568938219,0.030658817230298133,0.3422143003831055
1927,0.017400198717565183,0.03732013909538247,0.4662415290743605
1928,0.011870010885290688,0.03267162439438761,0.3633125412327655
1929,0.014616937843255831,0.06596097944781261,0.2215997695212962
1930,0.013161157793761659,0.0543807885245355,0.24201851702796837
1931,0.01309114510909795,0.04204786256810439,0.31133913376888184
1932,0.011662514682096897,0.035664702344804865,0.327004402532711
1933,0.011008324061538536,0.03682173848796735,0.2989626376504979
1934,0.01159935907731179,0.0347419827624774,0.3338715339386343
1935,0.013656133504680014,0.04162570882142007,0.32806969276940384
1936,0.012546234846262974,0.057268765975774835,0.2190763958725959
1937,0.014651978581303772,0.03676527137861195,0.39852768744769757
1938,0.012608500690457743,0.03691230736914913,0.3415798574719877
1939,0.012572528068854647,0.03901940288265944,0.3222122108413857
1940,0.01322858361498906,0.05174672147389263,0.2556409998149841
1941,0.012891549154951987,0.04860511509261793,0.2652302978837037
1942,0.012559672783167473,0.04402949284862069,0.2852559039474758
1943,0.01481571451775422,0.03472076161870092,0.4267105278401391
1944,0.011855315646576558,0.05365974197163906,0.22093501032154697
1945,0.014161429471291023,0.05175935980782678,0.2736013258973115
1946,0.015633513694166656,0.04647537358292533,0.33638274399097884
1947,0.012311067705728311,0.03831452349244631,0.3213159549755099
1948,0.012788178460688414,0.04067872396910086,0.31437019681560835
1949,0.014765396691946493,0.03640047673950138,0.4056374535204265
1950,0.011136771348351029,0.039786394447497236,0.27991406365729815
1951,0.012900708329636811,0.04884766716603775,0.26410080722016893
1952,0.015800360030370244,0.0414801296330531,0.3809139501193589
1953,0.01165659759320576,0.037171297144015854,0.3135913591535437
1954,0.013445555716579268,0.057258273281932864,0.23482293379928074
1955,0.01287518930867457,0.04264643563476502,0.30190540233277824
1956,0.015970072351977525,0.04830096061529976,0.33063674403585724
1957,0.012590257926635548,0.03923311111427689,0.32090898653543326
1958,0.011335833625347116,0.0436410224431193,0.25975178835148116
1959,0.015898807012284768,0.039433718032536855,0.4031779858740037
1960,0.011297681768039806,0.03331186755607756,0.33914885584490323
1961,0.015610214311994481,0.049572438189964915,0.31489704524639667
1962,0.011613251740911814,0.05344051470112016,0.217311749440375
1963,0.013182100789872088,0.04557328444003255,0.28925062021650993
1964,0.01205731490494615,0.03585425506605777,0.3362868614170202
1965,0.015482990140111917,0.05477735030628951,0.28265314136692576
1966,0.01246166079632032,0.046322870546054225,0.269017456154016
1967,0.013023941841211409,0.04610871988335141,0.28246157936888494
1968,0.014156633999557905,0.036918761341253124,0.3834536556716975
1969,0.01084161827935124,0.0371142419319286,0.2921147708996397
1970,0.012136538336084806,0.05353697733467747,0.22669450051295517
1971,0.011335430533455133,0.0502355908537605,0.22564541076520347
1972,0.013816847714312025,0.03335400987141952,0.4142484746860136
1973,0.011232939479468745,0.03832805947761958,0.2930735245215005
1974,0.014200379528836411,0.04668379859337404,0.3041821778947467
1975,0.011244667060156536,0.051294987892393014,0.21921570745910812
1976,0.010936237093591442,0.043559419863395295,0.2510648013136311
1977,0.01766784111584517,0.04345537919885084,0.4065743169468376
1978,0.01407174656610238,0.03607725137486166,0.3900448628832466
1979,0.01248732045753565,0.04555738451747462,0.27410090788841796
1980,0.012802668481463712,0.044239819736891395,0.28939241970957286
1981,0.012506139260907006,0.04647418843578337,0.26909860465704555
1982,0.011316388006231833,0.05846972950050429,0.19354267759936686
1983,0.01437793760630462,0.04260106537481348,0.33750183192525546
1984,0.01014201747099318,0.030058577797716927,0.3374084276011921
1985,0.01246434045962501,0.042686558281021234,0.29199684774948825
1986,0.012967843273936297,0.03981069954550063,0.32573763891763047
1987,0.01404411974064428,0.03616087887349624,0.3883788275552506
1988,0.012084674350153262,0.042965589567613705,0.28126401782185945
1989,0.015032516291764216,0.0424122254933491,0.3544382808623686
1990,0.012167974216787539,0.04668018086611118,0.2606668181390995
1991,0.015899063289590468,0.05848461551317667,0.2718503515806911
1992,0.012874655829428311,0.03922207010392289,0.3282502885489558
1993,0.013318363087951908,0.06032131513060105,0.2207903302322847
1994,0.011584709288669498,0.05023469749300077,0.23061170598375738
1995,0.01808442042478384,0.0420150271837631,0.4304274360041881
1996,0.015925821535028178,0.0528983025850006,0.30106488784089847
1997,0.012579293785376765,0.05090561961337173,0.24711012027099197
1998,0.0125765414214784,0.0437514414573778,0.28745433298335743
1999,0.014069040006208983,0.04687109565555534,0.3001645216339487
2000,0.011859740424675184,0.04681098731443112,0.25335377664135816
2001,0.01222735144199546,0.04014712968857655,0.3045635276180171
2002,0.013260860539120367,0.0470496892901954,0.28184799387404086
2003,0.012265533095557626,0.038878166300597934,0.31548640952887486
2004,0.013519005632591792,0.037792188044062834,0.3577195799426044
2005,0.01075415459450734,0.033944371516545675,0.31681701895551584
2006,0.013055348162032517,0.049455039684817154,0.263984181288132
2007,0.012202545772432011,0.04805296197501147,0.2539395132088558
2008,0.012890564243758682,0.03504635898420578,0.3678146494247866
2009,0.012481209692093908,0.049612156637347735,0.25157563262320576
2010,0.01195507864943517,0.04817941111367756,0.24813667026729452
2011,0.012559312446506207,0.047002651298133885,0.26720434059296644
2012,0.015016990281278732,0.0555113154886659,0.2705212468631612
2013,0.013531313018722284,0.041792009580819765,0.32377751522646653
2014,0.014135437799052346,0.04428379061501241,0.319201170505516
2015,0.013185115788162002,0.039063901266095435,0.33752685626584294
2016,0.012718113725590357,0.044549417629422966,0.28548327682077507
2017,0.013092563414210449,0.04822296608053876,0.27150058318836356
2018,0.01080248717051235,0.03582232153468351,0.30155742864827234
2019,0.01160816201395839,0.04167627312174376,0.27853167148056557
2020,0.014726453393846924,0.04448053773947267,0.3310763345481631
2021,0.014807363018471444,0.05898194564622786,0.2510490770690164
2022,0.012036569840813149,0.03314878683945005,0.363107401147044
2023,0.013329082843108625,0.04793959200943409,0.27803913809294706
2024,0.01442264342172386,0.0474879765842249,0.3037114751739333
2025,0.011789615512037444,0.039762588212120815,0.2965002038812735
2026,0.014992540644943752,0.0731042867091563,0.20508428875568052
2027,0.01426773222236917,0.03745056368230021,0.3809750994143614
2028,0.014391586385500067,0.04155135985048728,0.34635656779798357
2029,0.013733420892331035,0.038929954531468906,0.3527725900855316
2030,0.013542099536092846,0.059857409000193075,0.22623932044607753
2031,0.01244916443910922,0.04638072542949788,0.2684124563287492
2032,0.011360405432059292,0.039399339058489136,0.28834000019406913
2033,0.013959100078119523,0.035746637207473536,0.39050106998066375
2034,0.015803922003905495,0.04324167244065154,0.36547897228606574
2035,0.01274805734999834,0.04287405142494462,0.2973373620176244
2036,0.013416983895896562,0.04550432287878802,0.29485075366006774
2037,0.013075299329149498,0.04237731344997091,0.3085447911717473
2038,0.016880047038446068,0.043380928739372895,0.3891121635378102
2039,0.014421307492688374,0.034147092817939616,0.4223289979371136
2040,0.01593721716468548,0.06571610655995855,0.24251615012983227
2041,0.01380054349826767,0.044863194773619317,0.307613926462391
2042,0.013214612383075763,0.07463847178561243,0.17704827104252163
2043,0.012182896716937803,0.04164652622175279,0.2925309220696037
2044,0.013642739859559591,0.04285276024321188,0.3183631528473668
2045,0.017082199873583757,0.040270690474358856,0.42418442971659864
2046,0.012724440656598859,0.046599076341332805,0.2730620788086174
2047,0.012561251885904935,0.0478863663301852,0.2623137408052745
2048,0.013220446347704359,0.03978548379556013,0.3322932156689623
2049,0.01274362527419155,0.038450174751699484,0.33143218089787363
2050,0.01140079445799279,0.03638243167690725,0.3133598809151553
2051,0.015757240478469478,0.03990946775899162,0.3948246208952396
2052,0.01303269980540749,0.046713412148086685,0.2789926748192446
2053,0.012696917139026138,0.034970263937542816,0.363077532424115
2054,0.014872023300051754,0.051715075124128755,0.28757617124344703
2055,0.013738158600617372,0.03888021188760861,0.3533457749658631
2056,0.01536504087214749,0.05539932004589131,0.27735071223152474
2057,0.014523432739771575,0.044821168525657935,0.32403065821752475
2058,0.013253639601609066,0.045165222471009084,0.2934478980995376
2059,0.014601066605937461,0.06919060106644301,0.21102673456623366
2060,0.012567981989959023,0.04458819825987057,0.2818679040679774
2061,0.013781312837952127,0.05730173753423176,0.24050427492671994
2062,0.012732542906652735,0.04388690679144194,0.2901216749421377
2063,0.013390565494123596,0.05757464994515207,0.2325774539080552
2064,0.011716120270870723,0.03350007367887731,0.34973416425374365
2065,0.014140338224656521,0.036534404764005116,0.3870417026254935
2066,0.012046823628417495,0.037293655593364804,0.32302608678130795
2067,0.013389067897880125,0.045541845544372635,0.29399484666340114
2068,0.012197833172091008,0.034223296074864046,0.35641900607853844
2069,0.013275980649149482,0.0351625061977487,0.3775607055455542
2070,0.01140389312356741,0.046631291565184196,0.24455451994894384
2071,0.013980952388810752,0.04933254333785606,0.283402221790557
2072,0.012354865160646232,0.04442181204228989,0.2781260959955029
2073,0.011994372758589718,0.03642673494379128,0.32927389118921885
2074,0.020365960265487024,0.08068109931635853,0.2524254185652288
2075,0.01540895386333415,0.04579348212876388,0.33648792681172773
2076,0.011054477982422711,0.040529885395477125,0.2727488092868768
2077,0.013047276284776615,0.050504593507125946,0.2583384080237647
2078,0.011603149065152118,0.052790182328897324,0.2197974803845442
2079,0.01519763326022508,0.042004215974166315,0.3618120921292807
2080,0.012506459823566797,0.04701906771592102,0.2659869799814433
2081,0.013729056771391607,0.037531601753287534,0.3657999160620217
2082,0.01846540452861366,0.05662277779076563,0.3261126572864638
2083,0.012152326314469757,0.04274321372418581,0.28431007533972996
2084,0.012476068737444918,0.04387231967779001,0.28437221530085743
2085,0.014285469298378838,0.037522805611036845,0.380714316676689
2086,0.01589772511041361,0.055985073846656776,0.2839636356231939
2087,0.014344408618444002,0.043974431187393956,0.32619884398254323
2088,0.0118306124575419,0.046786511847123714,0.2528637419251494
2089,0.011755863419044232,0.03664395522752623,0.3208131694772032
2090,0.013720673301433582,0.034904837401311097,0.393088016520172
2091,0.015369046969721646,0.05154690811549167,0.298156524441561
2092,0.013920373401622091,0.04571048246068731,0.30453350417575636
2093,0.013499178796899535,0.04211306332711748,0.3205461139628517
2094,0.010643489375440372,0.04006595169672557,0.265649233936569
2095,0.014019966352538148,0.04232726016290854,0.33122782571437603
2096,0.012948489632512493,0.04351863301242353,0.2975389789591615
2097,0.012551174890635897,0.03431057910691753,0.3658106396618523
2098,0.01330918300537316,0.04351024850887781,0.30588616386209966
2099,0.011945819351864805,0.050619159540217826,0.23599402795571198
2100,0.012325175292803784,0.041562243092543326,0.29654740397585744
2101,0.012095472070666755,0.05119785387155773,0.23624959164841047
2102,0.011424427940641696,0.03794645669843601,0.3010670543268799
2103,0.018843499433109277,0.04525340309972373,0.41639961068050413
2104,0.01227073972432018,0.041980251359634055,0.29229790976970577
2105,0.014944154316809911,0.05208304470014565,0.28692935297004996
2106,0.01576746499658792,0.04901925825261413,0.32165857987917246
2107,0.011189396013595886,0.031867101380397486,0.35112688410775034
2108,0.016148204238436006,0.06208266096658927,0.26010812015397183
2109,0.013793736958407084,0.04172634453343049,0.33057621299716733
2110,0.013315259684438106,0.04046422150082195,0.32906254439711813
2111,0.015023835887483168,0.04199732696526388,0.35773314572024306
2112,0.01568336779555169,0.056766295318884545,0.27627957236198214
2113,0.01199792153366575,0.038489331586847725,0.3117207038600241
2114,0.012726511582529722,0.04132711605787637,0.30794579433994357
2115,0.01224393452065315,0.04093821483530649,0.29908325435320365
2116,0.01328321628180078,0.03896372671791771,0.3409123664588146
2117,0.014369055706837235,0.04295594028856096,0.33450683677221626
2118,0.013455488500796272,0.0398804766405374,0.33739537823832694
2119,0.016887741915912545,0.0448235215353964,0.3767607126137961
2120,0.012917411560144443,0.039408429369799824,0.3277829582753116
2121,0.01580374060945472,0.04687874780265685,0.33711951256987127
2122,0.015681381128891038,0.0625062243009074,0.2508771135039189
2123,0.014668060609914635,0.04934137022053165,0.29727712351842567
2124,0.013675456131519412,0.04296231064954448,0.3183128636342584
2125,0.014283106850125262,0.0401145956116732,0.3560576052675668
2126,0.012171108915458306,0.0400893158233608,0.30359981618998777
2127,0.013580443349577058,0.05294584770123513,0.2564968536522979
2128,0.01757506006064486,0.04330804525813826,0.40581513101047706
2129,0.012949721292810286,0.050703697722781056,0.2553999387452289
2130,0.014194003606651651,0.04370505029201399,0.32476804194229436
2131,0.017719097567779056,0.05922036856913824,0.29920613457164263
2132,0.012951247220373191,0.03924077895699262,0.3300456199974405
2133,0.011742558979219823,0.04148643496039287,0.2830457471254738
2134,0.0180456736851673,0.07342815809771944,0.24575958532019895
2135,0.012359035148481346,0.047913562900089815,0.2579443982071355
2136,0.0191712339071766,0.07435744002717425,0.25782536219526336
2137,0.02012278515981455,0.06180917487495544,0.32556307700594417
2138,0.012754760191670964,0.04593926410885127,0.2776439814353887
2139,0.015497854013901554,0.05890601182224333,0.2630946067169728
2140,0.012294275130077099,0.03871302053050866,0.3175746805928188
2141,0.012204993793207188,0.047628032520498235,0.2562565184211236
2142,0.01608486270417133,0.04487640230944476,0.3584258513617002
2143,0.01287279413015955,0.03888602118193748,0.3310391173630259
2144,0.019082987135701276,0.0771952369065668,0.24720420456188447
2145,0.015640443009943075,0.04525578645489511,0.34560095481239217
2146,0.01769122521246126,0.06147728572152336,0.28776848236778524
2147,0.017082745917339742,0.04801178630160195,0.3558031731973688
2148,0.011467028837931109,0.036718853340001925,0.3122926724165024
2149,0.014314673726816206,0.04567660380258532,0.31339181407555955
2150,0.015043938569299857,0.05741841204311258,0.2620054793180647
2151,0.012164652695544908,0.05482152485093874,0.2218955552294294
2152,0.016240957912675855,0.05157347358831308,0.3149091341414177
2153,0.013849076512976493,0.058557785192330396,0.2365027377188759
2154,0.013144798063543219,0.03916764836296756,0.3356034536818358
2155,0.014538489921222943,0.04526910872660932,0.32115697282009925
2156,0.01735842938829498,0.07479049268434168,0.23209406389827258
2157,0.011888298848103036,0.0325075672667514,0.36570865946947156
2158,0.015761823175219097,0.03504742244781459,0.449728455729908
2159,0.011661004805559125,0.03499960957577579,0.3331752824264891
2160,0.011989034578389537,0.04744333989692146,0.2527021622884267
2161,0.014730734416807419,0.059899506141000626,0.24592413803689864
2162,0.014357983359202296,0.03535477395776893,0.4061115869655032
2163,0.013314533995622959,0.03661956942882667,0.3635906757761673
2164,0.012658533593778646,0.04298457305112633,0.2944901553035773
2165,0.015070985436524886,0.03986465890710233,0.3780537912356694
2166,0.012951085983945662,0.04348632166620113,0.2978197623395178
2167,0.012574433645257546,0.03175859871196946,0.3959379240533823
2168,0.017990752929463245,0.07973393753775723,0.22563482357456963
2169,0.01297301705431416,0.04483794873925473,0.2893311897354308
2170,0.018075715868920636,0.04718740919111995,0.3830622655150812
2171,0.014274111402555635,0.06040215971024305,0.23631789775057832
2172,0.015337464636338892,0.051838971865012407,0.29586745423851113
2173,0.016274693155055885,0.04129992402099327,0.3940610918893989
2174,0.014504921734533634,0.04437598509312523,0.32686421954954836
2175,0.014781578797584611,0.041210217817065416,0.3586872280763529
2176,0.012489055521244928,0.035609648248334826,0.3507211145080103
2177,0.012061400156492938,0.03965871215075685,0.3041298998903228
2178,0.012744981776354027,0.041126718722800826,0.3098954201026074
2179,0.014439892934017989,0.03176008369559922,0.4546553803812606
2180,0.014405631351078235,0.046483160921428575,0.30991075187675926
2181,0.011295417159094042,0.056445811578415286,0.2001108114674228
2182,0.01411369167402747,0.04437400580699902,0.31806214960839274
2183,0.012992675206515073,0.04911912408509579,0.2645135769062487
2184,0.014240805970485656,0.0458137794041853,0.31084110840403295
2185,0.01232755056388818,0.04221365035077194,0.292027589681562
2186,0.015638808206419205,0.0442845016098005,0.3531440489917374
2187,0.013640375976758264,0.04331429817479021,0.31491624131595236
2188,0.011803111023237499,0.03359698981436653,0.3513145400258154
2189,0.016923895713024033,0.04589871570700679,0.3687226418422803
2190,0.013267955257294298,0.03850954196507493,0.34453682334063424
2191,0.014794435705562931,0.04697336901267211,0.31495368580560723
2192,0.012294363902264994,0.04689130105381852,0.2621885856374982
2193,0.016230964426420136,0.0426773346609624,0.38031813736687087
2194,0.015289733979730805,0.04625006984890462,0.3305883435279252
2195,0.011723390792801682,0.03327922590605095,0.35227354222556656
2196,0.0126120526184844,0.0458091534186832,0.27531730400992904
2197,0.015176625770620126,0.05394181122400094,0.2813518016166663
2198,0.014490103335584375,0.05784830568539453,0.2504844897988488
2199,0.012863364506504769,0.03952512532831929,0.3254477854106353
2200,0.012779452193976618,0.04694552412461902,0.27221875635642634
2201,0.019037817600665214,0.03775460913365856,0.5042514817929498
2202,0.01538068056002624,0.039112235910505916,0.393244727681283
2203,0.01457832265334792,0.03611436608157839,0.40367101058934324
2204,0.01725944759688442,0.03824875452584552,0.4512420812230786
2205,0.013965093503732724,0.037655095333186984,0.3708686269359633
2206,0.010290298071894443,0.037077735071503304,0.2775330815588487
2207,0.012824936752505846,0.04968792633035029,0.25810971999477533
2208,0.017175963238920375,0.05333789839297602,0.32202174731466787
2209,0.019111353097411046,0.061039337193818516,0.31309896168127727
2210,0.015938188649591,0.039084360964380366,0.4077894138708964
2211,0.015348391190926913,0.04378437608964849,0.3505449331777743
2212,0.01611558038030106,0.04766668274882901,0.33808898481316846
2213,0.01185023287627176,0.04690363811333708,0.25265061203534844
2214,0.01400140136232095,0.046446159200073125,0.30145444969317187
2215,0.01472698896031545,0.05078780021397684,0.2899709949629321
2216,0.014274230679120058,0.04005743897883959,0.3563440659874462
2217,0.01424314018711107,0.05219590899673407,0.2728784776548176
2218,0.012679974524736173,0.03883818567222889,0.32648215422370935
2219,0.012014860037076936,0.03339619697943741,0.3597673125510344
2220,0.012710771639230636,0.04167045534217671,0.3050307834303987
2221,0.01887477205240293,0.03993702434579947,0.4726133797175489
2222,0.014765892411136693,0.041563310692709333,0.3552626623021042
2223,0.012757270496699299,0.03608862921765098,0.3534983393081112
2224,0.01666436081245723,0.03759285060867463,0.4432853732078676
2225,0.013486157462140304,0.06315740508921559,0.21353248194532917
2226,0.013864300865619168,0.03766665459497141,0.3680789019978962
2227,0.013425410676514048,0.04066262240008685,0.33016588414020265
2228,0.013505427508955432,0.04715255343396586,0.28641985481406645
2229,0.016884917075965532,0.04586887699671824,0.36811272002158407
2230,0.012259228687764905,0.046584521670415914,0.26316098669501037
2231,0.015051015564012624,0.04614492699872255,0.3261683687158746
2232,0.013533120150125238,0.04229623189599256,0.3199604206607232
2233,0.017342128989356994,0.07562009027653883,0.22933229682361359
2234,0.015229621666813136,0.04098349446980852,0.37160378497399243
2235,0.013203657521492955,0.04911912023374647,0.26880891714654115
2236,0.014241055298806033,0.03633542483614487,0.39193308906210256
2237,0.014835862327461069,0.05322574862958759,0.2787346859210778
2238,0.013661235688681361,0.042273494562447785,0.3231631505689073
2239,0.013216551451886894,0.03935877454166405,0.3357968230835145
2240,0.012719864213019282,0.062322836264797336,0.20409636298917805
2241,0.014691300563849237,0.03892462625747762,0.3774294572873268
2242,0.01656464458387988,0.053628109605850856,0.3088798897689242
2243,0.01321744326195666,0.03628121664529155,0.3643054032838689
2244,0.01434244599964985,0.05844283114009621,0.24540984274056557
2245,0.013288634671717285,0.04176117177633067,0.31820550301059297
2246,0.011283193571579586,0.041803513629455356,0.2699101724157315
2247,0.018644941568804797,0.042315137604948164,0.44062107849990567
2248,0.011452458184484583,0.03692588446353299,0.31014715965665157
2249,0.013130658444405372,0.05504626196754373,0.23853860325536558
2250,0.013697822569098893,0.0383737251430889,0.3569583749731139
2251,0.013452131691937833,0.045956920271742314,0.2927117746816572
2252,0.012528352671187527,0.04263634880614673,0.29384206250530337
2253,0.011805983303047432,0.041508533065615874,0.2844230434282113
2254,0.014368366023930858,0.04501096690450387,0.31921922615205844
2255,0.013047110100729443,0.03764321628093987,0.34659923857221175
2256,0.017040948232337146,0.047174798488147665,0.36122991042044056
2257,0.013599347064986425,0.046858667965681396,0.2902205217326316
2258,0.01592341458595311,0.04236944778151725,0.3758230380459084
2259,0.01291440674201975,0.038448806828124,0.3358857610176192
2260,0.015149719477232928,0.03614754971320752,0.4191077845389461
2261,0.01525334356414331,0.05246469096567664,0.2907354123906227
2262,0.015292142654507929,0.07430819385050529,0.205793491429319
2263,0.01473974243492829,0.06256852314494303,0.23557759866806158
2264,0.012844198423003649,0.03462383630503468,0.3709640465451542
2265,0.014890513316050371,0.037728310776402874,0.3946774453779401
2266,0.014496635616475463,0.0370909637366356,0.3908400902984886
2267,0.013433759053027983,0.04278593022445658,0.31397608938826405
2268,0.015254942409122285,0.05407438825490691,0.2821103095411511
2269,0.012361826522945962,0.03875954187048496,0.3189363425381569
2270,0.013103457899218079,0.03670579458089998,0.35698608485319466
2271,0.01296742021503478,0.041735236882364336,0.3107067596447163
2272,0.01406466621364111,0.03903654869077038,0.3602948181893498
2273,0.011707938566543227,0.03968609895892834,0.29501359098975466
2274,0.013048477988969112,0.04847752398675024,0.2691655207527993
2275,0.011506062881892369,0.039167630843051644,0.29376458657161253
2276,0.01319724718154402,0.04484924260572675,0.29425797214164373
2277,0.010972359837381497,0.038468244803380396,0.2852316213848174
2278,0.015264468089916201,0.03816775952467601,0.39993094380212624
2279,0.014520855968111845,0.04263282875998179,0.3406026855389327
2280,0.01171783851019226,0.03359548826441705,0.3487920287872261
2281,0.013577041336804084,0.03294281645071877,0.4121396650071707
2282,0.013293810582254095,0.05005304148721446,0.265594461135479
2283,0.01817218319552812,0.05882660621050959,0.3089109565523887
2284,0.013686913708604722,0.0436335761066211,0.31367847720861336
2285,0.01721136619832224,0.06399389419001761,0.2689532558676212
2286,0.015567426203125295,0.054986943116548094,0.28311132280705437
2287,0.015641745519919335,0.05854836347727047,0.26715939764438645
2288,0.01516480925346753,0.038289273231916755,0.3960589474033306
2289,0.013718751390118735,0.03827655156180937,0.3584113727593026
2290,0.013485556431237021,0.04346744844236271,0.3102449514332192
2291,0.01599199351368717,0.05749296226836681,0.2781556712760992
2292,0.012958105494248683,0.04247775399711377,0.30505627710034033
2293,0.01405245004595595,0.0448785629669156,0.3131216580174876
2294,0.012078366503345983,0.03446634571342755,0.35043942875237866
2295,0.012323314422733076,0.032186553107336265,0.38287151722193447
2296,0.013517124485271469,0.043998407617791654,0.3072184930506059
2297,0.014698057771164137,0.05599064713907222,0.26250916040305616
2298,0.014327170090850428,0.03393968915002773,0.42213616120926045
2299,0.014978548105384718,0.046427217328358854,0.3226242916762715
2300,0.014782010478242064,0.044235719834821045,0.33416457408413053
2301,0.013073969308112264,0.03774677656568745,0.3463598881089729
2302,0.012713067999053812,0.04082462393667299,0.31140686117434596
2303,0.01385624970071451,0.04013753106625536,0.34521928310679256
2304,0.011442115613066139,0.0401528704689582,0.28496382647479623
2305,0.013395291387759547,0.04755154451706654,0.28170044787231246
2306,0.014001511529646767,0.04262372913600287,0.3284910028553006
2307,0.012842598589105109,0.0393666262519091,0.3262306123618117
2308,0.012205843867727526,0.03480698286361041,0.3506722750203573
2309,0.010744039825564024,0.0394239994555178,0.27252536459204313
2310,0.014673412906521572,0.04297308191325965,0.3414559126989803
2311,0.01354651690451715,0.04377125802074553,0.30948429441500747
2312,0.013947606827961851,0.03712569078264816,0.3756861228318211
2313,0.011700359955121092,0.043734109343069524,0.2675339713236368
2314,0.01771123558239719,0.049291849112135314,0.35931367763757704
2315,0.01447578044779461,0.035383446536481164,0.4091116571264653
2316,0.012282382146992305,0.03767970926818341,0.32596807101793457
2317,0.012859578726011924,0.035218269794172315,0.3651394233959416
2318,0.01434047296481357,0.04190118531270367,0.3422450428895995
2319,0.011606515929120022,0.04130643876211355,0.28098563508904056
2320,0.01655595313484589,0.040854434260891144,0.4052425014312147
2321,0.014571527398149743,0.03925944585940024,0.3711597827937653
2322,0.01692021173908993,0.04525319028090636,0.3739009699357077
2323,0.01703644909241208,0.04152239817482556,0.41029540298399103
2324,0.02437915213384039,0.05087779669343487,0.47917075262237213
2325,0.015155099948498675,0.04805801095851782,0.3153501288529135
2326,0.014169454091176651,0.05475382316848668,0.2587847436208442
2327,0.01284545027868405,0.03982951236594021,0.3225108597951651
2328,0.015470965541655494,0.06279713924027097,0.24636417723130616
2329,0.016850419006360896,0.05353629359087399,0.31474758291669525
2330,0.011823762326115901,0.03578323581350687,0.3304274210249715
2331,0.01340965440957305,0.04059529736270394,0.3303253155022473
2332,0.015093008696414225,0.04564131619791729,0.33068741117444517
2333,0.01496546868958229,0.04411193241203504,0.33926123547378323
2334,0.012356428040528788,0.04631649524300213,0.2667824492210238
2335,0.01520303171121619,0.04106712363455134,0.3701995748749031
2336,0.012504511885967635,0.03725580352782767,0.33563930184171004
2337,0.014962305734421661,0.050158158393705264,0.2983025336911312
2338,0.012707591995633614,0.036135056760389715,0.35166935199647087
2339,0.014278438363240486,0.04516205343381388,0.31616007859008743
2340,0.011226621647851848,0.03800057023084675,0.295432978488393
2341,0.014025505275082414,0.04144445677520121,0.338416916665592
2342,0.013175169142696203,0.05564419910657147,0.23677524978346692
2343,0.020150022480334037,0.06453459775957332,0.3122359661261337
2344,0.012076271188905374,0.03439876562836678,0.3510669923165983
2345,0.011956995611237382,0.0370726369223823,0.32252886774546957
2346,0.016932812528893153,0.04316970741388927,0.39223829724296466
2347,0.014928826399956982,0.032124534525782046,0.46471728290758274
2348,0.012515983941911455,0.03938602336002171,0.31777729442718683
2349,0.014135137192556161,0.043254853135978676,0.32678731211485723
2350,0.01247416971607597,0.03271360653232907,0.3813144143360383
2351,0.014124960670802813,0.04610845880245425,0.30634206905533423
2352,0.015123597637784324,0.05383839007263071,0.280907315710981
2353,0.014992308181961043,0.03874385181412438,0.3869596717822599
2354,0.01408949643204854,0.038324612200528616,0.3676357208250255
2355,0.014450602939649384,0.04186787969446817,0.3451477133487019
2356,0.012697566960137074,0.04090353911482373,0.31042709835406296
2357,0.014326368183807558,0.036762915471192,0.3896961924753827
2358,0.012677373729134255,0.03732430995129543,0.3396546043406384
2359,0.012316367919749108,0.047744702972797606,0.2579630231757512
2360,0.014217171489686858,0.04129492748684807,0.34428372574017885
2361,0.012745717058934361,0.03675884542602359,0.3467387756842938
2362,0.013271640446147315,0.0311404794210827,0.4261861311208965
2363,0.012637860025152417,0.04462235053901261,0.2832181602316113
2364,0.01667008039815892,0.04306387607676799,0.38710125321870315
2365,0.012144700896632511,0.04248005665381918,0.2858918243757744
2366,0.0192365496722704,0.03955482506435029,0.4863262482007907
2367,0.012706174811378179,0.049540221707446465,0.2564819932812657
2368,0.015510915591697212,0.03745851750285587,0.41408247376849777
2369,0.013124698087471126,0.040886227263509836,0.3210053596425528
2370,0.012373736642874235,0.04120008406523697,0.3003328008501415
2371,0.014737416767377684,0.03656760839926775,0.4030183381440328
2372,0.012138336728273,0.03839122521747257,0.31617476804132943
2373,0.014008184909756857,0.06152794399010919,0.22767191622364374
2374,0.017254428572129558,0.06253978531178213,0.2758952319045302
2375,0.016101073025753275,0.049107777921472515,0.32787215603956626
2376,0.015066052074450593,0.04199938300728915,0.35872079529066186
2377,0.013174294905491058,0.040086119019287866,0.32864979767244257
2378,0.013195117245490637,0.03760728370747269,0.3508660010592006
2379,0.013213267200281554,0.03885062054885138,0.34010440536791114
2380,0.01205652315571355,0.042409840020394086,0.2842859852720857
2381,0.015518219421715954,0.055141372970903414,0.281426061509623
2382,0.01939603447370744,0.07992354489203556,0.24268235974350016
2383,0.01640448454315665,0.04476839810966382,0.3664300094590408
2384,0.012889247901105683,0.0368508108172153,0.3497683664190788
2385,0.012754292984264642,0.035156638199299275,0.36278477229816786
2386,0.011308491017479466,0.03194569216458253,0.35399110962644736
2387,0.016339687441279546,0.04707126278427026,0.3471266006994108
2388,0.016129077768880475,0.04230547901248953,0.3812526922041837
2389,0.014358055318011993,0.05610683634063021,0.25590563029765034
2390,0.014334180168594127,0.05888612983734933,0.24342201139629074
2391,0.01497269065516719,0.049911653984340075,0.2999838606744014
2392,0.014094570280063798,0.03900928187646918,0.3613132465328587
2393,0.01961725046680589,0.04256947887511887,0.46082900201559684
2394,0.014295538176315032,0.040239177518576905,0.35526417430773927
2395,0.021346973639932404,0.047184920242059565,0.45241092980489533
2396,0.015399578979599014,0.04694036284301645,0.3280668926819346
2397,0.011961338978975779,0.0416900052829116,0.2869114287109895
2398,0.014474570064802713,0.07233422034624126,0.200106809685891
2399,0.015210253772396504,0.04340622307924702,0.3504164309407117
