step,loss,acc_train,gnorm_theta,gnorm_phi,align_u,align_V,gain_u,gain_V,h_u,h_V,w_norm,disp
0,0.699057936668396,0.5296630859375,0.0,2.284480237149992,0.004395015859915604,0.034879665316594505,0.22954524469034346,0.6466573697873307,0.060406160718731734,0.4137186334799259,3.4624864055836073,0.0
25,0.5927269458770752,0.724639892578125,0.0,1.8459566735161494,0.004395015859915604,0.034879665316594505,0.22954524469034346,0.6466573697873307,0.060406160718731734,0.4137186334799259,3.4624864055836073,0.0
50,0.521889328956604,0.807708740234375,0.0,1.526320205791931,0.004395015859915604,0.034879665316594505,0.22954524469034346,0.6466573697873307,0.060406160718731734,0.4137186334799259,3.4624864055836073,0.0
75,0.4723374843597412,0.842376708984375,0.0,1.2934258027098138,0.004395015859915604,0.034879665316594505,0.22954524469034346,0.6466573697873307,0.060406160718731734,0.4137186334799259,3.4624864055836073,0.0
100,0.4360106587409973,0.8604736328125,0.0,1.119996068816151,0.004395015859915604,0.034879665316594505,0.22954524469034346,0.6466573697873307,0.060406160718731734,0.4137186334799259,3.4624864055836073,0.0
125,0.4082973599433899,0.8711700439453125,0.0,0.9872921675288046,0.004395015859915604,0.034879665316594505,0.22954524469034346,0.6466573697873307,0.060406160718731734,0.4137186334799259,3.4624864055836073,0.0
150,0.3864547610282898,0.87890625,0.0,0.8830696248235459,0.004395015859915604,0.034879665316594505,0.22954524469034346,0.6466573697873307,0.060406160718731734,0.4137186334799259,3.4624864055836073,0.0
175,0.36877602338790894,0.88397216796875,0.0,0.7992990523636024,0.004395015859915604,0.034879665316594505,0.22954524469034346,0.6466573697873307,0.060406160718731734,0.4137186334799259,3.4624864055836073,0.0
200,0.3541524410247803,0.8879241943359375,0.0,0.7306051196809731,0.004395015859915604,0.034879665316594505,0.22954524469034346,0.6466573697873307,0.060406160718731734,0.4137186334799259,3.4624864055836073,0.0
225,0.3418360948562622,0.890625,0.0,0.6732958986719385,0.004395015859915604,0.034879665316594505,0.22954524469034346,0.6466573697873307,0.060406160718731734,0.4137186334799259,3.4624864055836073,0.0
250,0.33130526542663574,0.893157958984375,0.0,0.6247697717319776,0.004395015859915604,0.034879665316594505,0.22954524469034346,0.6466573697873307,0.060406160718731734,0.4137186334799259,3.4624864055836073,0.0
275,0.32218533754348755,0.8949127197265625,0.0,0.583150459176001,0.004395015859915604,0.034879665316594505,0.22954524469034346,0.6466573697873307,0.060406160718731734,0.4137186334799259,3.4624864055836073,0.0
300,0.3142005205154419,0.89642333984375,0.0,0.5470546111702694,0.004395015859915604,0.034879665316594505,0.22954524469034346,0.6466573697873307,0.060406160718731734,0.4137186334799259,3.4624864055836073,0.0
325,0.3071433901786804,0.89801025390625,0.0,0.5154419343114183,0.004395015859915604,0.034879665316594505,0.22954524469034346,0.6466573697873307,0.060406160718731734,0.4137186334799259,3.4624864055836073,0.0
350,0.30085474252700806,0.899261474609375,0.0,0.4875161004941264,0.004395015859915604,0.034879665316594505,0.22954524469034346,0.6466573697873307,0.060406160718731734,0.4137186334799259,3.4624864055836073,0.0
375,0.2952103614807129,0.9003753662109375,0.0,0.46265831683674086,0.004395015859915604,0.034879665316594505,0.22954524469034346,0.6466573697873307,0.060406160718731734,0.4137186334799259,3.4624864055836073,0.0
400,0.2901120185852051,0.901275634765625,0.0,0.44038019981323057,0.004395015859915604,0.034879665316594505,0.22954524469034346,0.6466573697873307,0.060406160718731734,0.4137186334799259,3.4624864055836073,0.0
425,0.2854807376861572,0.90228271484375,0.0,0.4202926507030334,0.004395015859915604,0.034879665316594505,0.22954524469034346,0.6466573697873307,0.060406160718731734,0.4137186334799259,3.4624864055836073,0.0
450,0.2812524437904358,0.9031524658203125,0.0,0.40208104350684687,0.004395015859915604,0.034879665316594505,0.22954524469034346,0.6466573697873307,0.060406160718731734,0.4137186334799259,3.4624864055836073,0.0
475,0.27737438678741455,0.904083251953125,0.0,0.38548741098429434,0.004395015859915604,0.034879665316594505,0.22954524469034346,0.6466573697873307,0.060406160718731734,0.4137186334799259,3.4624864055836073,0.0
500,0.2738030254840851,0.904815673828125,0.0,0.37030072273474823,0.004395015859915604,0.034879665316594505,0.22954524469034346,0.6466573697873307,0.060406160718731734,0.4137186334799259,3.4624864055836073,0.0
525,0.2705017328262329,0.9053802490234375,0.0,0.3563441223776846,0.004395015859915604,0.034879665316594505,0.22954524469034346,0.6466573697873307,0.060406160718731734,0.4137186334799259,3.4624864055836073,0.0
550,0.26743975281715393,0.90582275390625,0.0,0.34346988564260245,0.004395015859915604,0.034879665316594505,0.22954524469034346,0.6466573697873307,0.060406160718731734,0.4137186334799259,3.4624864055836073,0.0
575,0.264590859413147,0.9062042236328125,0.0,0.3315529907745316,0.004395015859915604,0.034879665316594505,0.22954524469034346,0.6466573697873307,0.060406160718731734,0.4137186334799259,3.4624864055836073,0.0
600,0.2619326710700989,0.9067535400390625,0.0,0.320487393092793,0.004395015859915604,0.034879665316594505,0.22954524469034346,0.6466573697873307,0.060406160718731734,0.4137186334799259,3.4624864055836073,0.0
625,0.25944584608078003,0.907135009765625,0.0,0.31018228510505635,0.004395015859915604,0.034879665316594505,0.22954524469034346,0.6466573697873307,0.060406160718731734,0.4137186334799259,3.4624864055836073,0.0
650,0.2571137547492981,0.9077301025390625,0.0,0.3005593160520903,0.004395015859915604,0.034879665316594505,0.22954524469034346,0.6466573697873307,0.060406160718731734,0.4137186334799259,3.4624864055836073,0.0
675,0.25492173433303833,0.9082794189453125,0.0,0.29155060509919223,0.004395015859915604,0.034879665316594505,0.22954524469034346,0.6466573697873307,0.060406160718731734,0.4137186334799259,3.4624864055836073,0.0
700,0.25285714864730835,0.908660888671875,0.0,0.28309770653844574,0.004395015859915604,0.034879665316594505,0.22954524469034346,0.6466573697873307,0.060406160718731734,0.4137186334799259,3.4624864055836073,0.0
725,0.2509087026119232,0.9091796875,0.0,0.27514856431272244,0.004395015859915604,0.034879665316594505,0.22954524469034346,0.6466573697873307,0.060406160718731734,0.4137186334799259,3.4624864055836073,0.0
750,0.24906659126281738,0.90960693359375,0.0,0.267657601497775,0.004395015859915604,0.034879665316594505,0.22954524469034346,0.6466573697873307,0.060406160718731734,0.4137186334799259,3.4624864055836073,0.0
775,0.2473219782114029,0.9099578857421875,0.0,0.2605855066575596,0.004395015859915604,0.034879665316594505,0.22954524469034346,0.6466573697873307,0.060406160718731734,0.4137186334799259,3.4624864055836073,0.0
800,0.24566709995269775,0.910400390625,0.0,0.2538968586544187,0.004395015859915604,0.034879665316594505,0.22954524469034346,0.6466573697873307,0.060406160718731734,0.4137186334799259,3.4624864055836073,0.0
825,0.24409493803977966,0.910736083984375,0.0,0.24756014929332096,0.004395015859915604,0.034879665316594505,0.22954524469034346,0.6466573697873307,0.060406160718731734,0.4137186334799259,3.4624864055836073,0.0
850,0.2425992786884308,0.9110107421875,0.0,0.2415471814968453,0.004395015859915604,0.034879665316594505,0.22954524469034346,0.6466573697873307,0.060406160718731734,0.4137186334799259,3.4624864055836073,0.0
875,0.24117448925971985,0.9112091064453125,0.0,0.23583323539797274,0.004395015859915604,0.034879665316594505,0.22954524469034346,0.6466573697873307,0.060406160718731734,0.4137186334799259,3.4624864055836073,0.0
900,0.23981550335884094,0.9114532470703125,0.0,0.23039554995881714,0.004395015859915604,0.034879665316594505,0.22954524469034346,0.6466573697873307,0.060406160718731734,0.4137186334799259,3.4624864055836073,0.0
925,0.23851771652698517,0.91168212890625,0.0,0.22521395295209093,0.004395015859915604,0.034879665316594505,0.22954524469034346,0.6466573697873307,0.060406160718731734,0.4137186334799259,3.4624864055836073,0.0
950,0.23727697134017944,0.91192626953125,0.0,0.22027011869654434,0.004395015859915604,0.034879665316594505,0.22954524469034346,0.6466573697873307,0.060406160718731734,0.4137186334799259,3.4624864055836073,0.0
975,0.23608949780464172,0.912109375,0.0,0.21554759560863176,0.004395015859915604,0.034879665316594505,0.22954524469034346,0.6466573697873307,0.060406160718731734,0.4137186334799259,3.4624864055836073,0.0
1000,0.23495183885097504,0.9123687744140625,0.0,0.21103113921460553,0.004395015859915604,0.034879665316594505,0.22954524469034346,0.6466573697873307,0.060406160718731734,0.4137186334799259,3.4624864055836073,0.0
1025,0.23386085033416748,0.9126129150390625,0.0,0.20670706080040602,0.004395015859915604,0.034879665316594505,0.22954524469034346,0.6466573697873307,0.060406160718731734,0.4137186334799259,3.4624864055836073,0.0
1050,0.23281365633010864,0.91278076171875,0.0,0.20256300815790648,0.004395015859915604,0.034879665316594505,0.22954524469034346,0.6466573697873307,0.060406160718731734,0.4137186334799259,3.4624864055836073,0.0
1075,0.2318076193332672,0.9129180908203125,0.0,0.19858795013829417,0.004395015859915604,0.034879665316594505,0.22954524469034346,0.6466573697873307,0.060406160718731734,0.4137186334799259,3.4624864055836073,0.0
1100,0.23084025084972382,0.912933349609375,0.0,0.19477132311056958,0.004395015859915604,0.034879665316594505,0.22954524469034346,0.6466573697873307,0.060406160718731734,0.4137186334799259,3.4624864055836073,0.0
1125,0.22990936040878296,0.91314697265625,0.0,0.19110330356204014,0.004395015859915604,0.034879665316594505,0.22954524469034346,0.6466573697873307,0.060406160718731734,0.4137186334799259,3.4624864055836073,0.0
1150,0.2290128767490387,0.9131622314453125,0.0,0.18757525380662296,0.004395015859915604,0.034879665316594505,0.22954524469034346,0.6466573697873307,0.060406160718731734,0.4137186334799259,3.4624864055836073,0.0
1175,0.22814887762069702,0.9134368896484375,0.0,0.18417879848826102,0.004395015859915604,0.034879665316594505,0.22954524469034346,0.6466573697873307,0.060406160718731734,0.4137186334799259,3.4624864055836073,0.0
1200,0.22731560468673706,0.9135894775390625,0.0,0.18090676763097693,0.004395015859915604,0.034879665316594505,0.22954524469034346,0.6466573697873307,0.060406160718731734,0.4137186334799259,3.4624864055836073,0.0
1225,0.2265114039182663,0.9138641357421875,0.0,0.17775215435680974,0.004395015859915604,0.034879665316594505,0.22954524469034346,0.6466573697873307,0.060406160718731734,0.4137186334799259,3.4624864055836073,0.0
1250,0.22573477029800415,0.914031982421875,0.0,0.17470861695297019,0.004395015859915604,0.034879665316594505,0.22954524469034346,0.6466573697873307,0.060406160718731734,0.4137186334799259,3.4624864055836073,0.0
1275,0.224984273314476,0.9142608642578125,0.0,0.1717702910486365,0.004395015859915604,0.034879665316594505,0.22954524469034346,0.6466573697873307,0.060406160718731734,0.4137186334799259,3.4624864055836073,0.0
1300,0.22425860166549683,0.91448974609375,0.0,0.1689315663724019,0.004395015859915604,0.034879665316594505,0.22954524469034346,0.6466573697873307,0.060406160718731734,0.4137186334799259,3.4624864055836073,0.0
1325,0.2235565185546875,0.9146881103515625,0.0,0.16618707670125982,0.004395015859915604,0.034879665316594505,0.22954524469034346,0.6466573697873307,0.060406160718731734,0.4137186334799259,3.4624864055836073,0.0
1350,0.2228768765926361,0.9147796630859375,0.0,0.16353252309151234,0.004395015859915604,0.034879665316594505,0.22954524469034346,0.6466573697873307,0.060406160718731734,0.4137186334799259,3.4624864055836073,0.0
1375,0.2222186028957367,0.915008544921875,0.0,0.16096349522883802,0.004395015859915604,0.034879665316594505,0.22954524469034346,0.6466573697873307,0.060406160718731734,0.4137186334799259,3.4624864055836073,0.0
1400,0.22158066928386688,0.9151611328125,0.0,0.15847522815000842,0.004395015859915604,0.034879665316594505,0.22954524469034346,0.6466573697873307,0.060406160718731734,0.4137186334799259,3.4624864055836073,0.0
1425,0.22096218168735504,0.9152984619140625,0.0,0.15606438371358433,0.004395015859915604,0.034879665316594505,0.22954524469034346,0.6466573697873307,0.060406160718731734,0.4137186334799259,3.4624864055836073,0.0
1450,0.22036221623420715,0.9153900146484375,0.0,0.1537273352494157,0.004395015859915604,0.034879665316594505,0.22954524469034346,0.6466573697873307,0.060406160718731734,0.4137186334799259,3.4624864055836073,0.0
1475,0.21977995336055756,0.9155120849609375,0.0,0.15146037140389257,0.004395015859915604,0.034879665316594505,0.22954524469034346,0.6466573697873307,0.060406160718731734,0.4137186334799259,3.4624864055836073,0.0
1500,0.21921461820602417,0.915679931640625,0.0,0.1492604845430428,0.004395015859915604,0.034879665316594505,0.22954524469034346,0.6466573697873307,0.060406160718731734,0.4137186334799259,3.4624864055836073,0.0
1525,0.2186654657125473,0.91595458984375,0.0,0.14712451416431327,0.004395015859915604,0.034879665316594505,0.22954524469034346,0.6466573697873307,0.060406160718731734,0.4137186334799259,3.4624864055836073,0.0
1550,0.21813181042671204,0.91595458984375,0.0,0.14505000958247155,0.004395015859915604,0.034879665316594505,0.22954524469034346,0.6466573697873307,0.060406160718731734,0.4137186334799259,3.4624864055836073,0.0
1575,0.21761298179626465,0.9160308837890625,0.0,0.14303383786018753,0.004395015859915604,0.034879665316594505,0.22954524469034346,0.6466573697873307,0.060406160718731734,0.4137186334799259,3.4624864055836073,0.0
1600,0.21710839867591858,0.916168212890625,0.0,0.14107371310360325,0.004395015859915604,0.034879665316594505,0.22954524469034346,0.6466573697873307,0.060406160718731734,0.4137186334799259,3.4624864055836073,0.0
1625,0.2166174352169037,0.9162445068359375,0.0,0.13916741984925035,0.004395015859915604,0.034879665316594505,0.22954524469034346,0.6466573697873307,0.060406160718731734,0.4137186334799259,3.4624864055836073,0.0
1650,0.216139554977417,0.9162750244140625,0.0,0.13731280461913956,0.004395015859915604,0.034879665316594505,0.22954524469034346,0.6466573697873307,0.060406160718731734,0.4137186334799259,3.4624864055836073,0.0
1675,0.2156742662191391,0.916290283203125,0.0,0.13550759762858666,0.004395015859915604,0.034879665316594505,0.22954524469034346,0.6466573697873307,0.060406160718731734,0.4137186334799259,3.4624864055836073,0.0
1700,0.21522104740142822,0.916351318359375,0.0,0.13374991789993565,0.004395015859915604,0.034879665316594505,0.22954524469034346,0.6466573697873307,0.060406160718731734,0.4137186334799259,3.4624864055836073,0.0
1725,0.21477943658828735,0.916534423828125,0.0,0.132037702984656,0.004395015859915604,0.034879665316594505,0.22954524469034346,0.6466573697873307,0.060406160718731734,0.4137186334799259,3.4624864055836073,0.0
1750,0.21434897184371948,0.9166412353515625,0.0,0.13036901190462793,0.004395015859915604,0.034879665316594505,0.22954524469034346,0.6466573697873307,0.060406160718731734,0.4137186334799259,3.4624864055836073,0.0
1775,0.21392928063869476,0.916778564453125,0.0,0.1287422353951764,0.004395015859915604,0.034879665316594505,0.22954524469034346,0.6466573697873307,0.060406160718731734,0.4137186334799259,3.4624864055836073,0.0
1800,0.21351991593837738,0.9168548583984375,0.0,0.1271565722716097,0.004395015859915604,0.034879665316594505,0.22954524469034346,0.6466573697873307,0.060406160718731734,0.4137186334799259,3.4624864055836073,0.0
1825,0.21312052011489868,0.916961669921875,0.0,0.12560956392202197,0.004395015859915604,0.034879665316594505,0.22954524469034346,0.6466573697873307,0.060406160718731734,0.4137186334799259,3.4624864055836073,0.0
1850,0.21273072063922882,0.9171295166015625,0.0,0.12410021892839371,0.004395015859915604,0.034879665316594505,0.22954524469034346,0.6466573697873307,0.060406160718731734,0.4137186334799259,3.4624864055836073,0.0
1875,0.21235018968582153,0.9172515869140625,0.0,0.122627240871462,0.004395015859915604,0.034879665316594505,0.22954524469034346,0.6466573697873307,0.060406160718731734,0.4137186334799259,3.4624864055836073,0.0
1900,0.21197855472564697,0.917266845703125,0.0,0.12118909480351765,0.004395015859915604,0.034879665316594505,0.22954524469034346,0.6466573697873307,0.060406160718731734,0.4137186334799259,3.4624864055836073,0.0
1925,0.21161556243896484,0.9172210693359375,0.0,0.1197847798669964,0.004395015859915604,0.034879665316594505,0.22954524469034346,0.6466573697873307,0.060406160718731734,0.4137186334799259,3.4624864055836073,0.0
1950,0.21126088500022888,0.91729736328125,0.0,0.11841294541611894,0.004395015859915604,0.034879665316594505,0.22954524469034346,0.6466573697873307,0.060406160718731734,0.4137186334799259,3.4624864055836073,0.0
1975,0.2109142243862152,0.9173431396484375,0.0,0.1170721810867792,0.004395015859915604,0.034879665316594505,0.22954524469034346,0.6466573697873307,0.060406160718731734,0.4137186334799259,3.4624864055836073,0.0
2000,0.21057534217834473,0.9173736572265625,0.0,0.1157617592849108,0.004395015859915604,0.034879665316594505,0.22954524469034346,0.6466573697873307,0.060406160718731734,0.4137186334799259,3.4624864055836073,0.0
2025,0.21024395525455475,0.9174041748046875,0.0,0.11448067007148534,0.004395015859915604,0.034879665316594505,0.22954524469034346,0.6466573697873307,0.060406160718731734,0.4137186334799259,3.4624864055836073,0.0
2050,0.20991981029510498,0.9175262451171875,0.0,0.11322788007758092,0.004395015859915604,0.034879665316594505,0.22954524469034346,0.6466573697873307,0.060406160718731734,0.4137186334799259,3.4624864055836073,0.0
2075,0.2096026986837387,0.9176177978515625,0.0,0.1120026005808861,0.004395015859915604,0.034879665316594505,0.22954524469034346,0.6466573697873307,0.060406160718731734,0.4137186334799259,3.4624864055836073,0.0
2100,0.20929238200187683,0.9176788330078125,0.0,0.11080384192387908,0.004395015859915604,0.034879665316594505,0.22954524469034346,0.6466573697873307,0.060406160718731734,0.4137186334799259,3.4624864055836073,0.0
2125,0.20898862183094025,0.9176788330078125,0.0,0.1096306175717741,0.004395015859915604,0.034879665316594505,0.22954524469034346,0.6466573697873307,0.060406160718731734,0.4137186334799259,3.4624864055836073,0.0
2150,0.20869123935699463,0.917755126953125,0.0,0.1084823163053566,0.004395015859915604,0.034879665316594505,0.22954524469034346,0.6466573697873307,0.060406160718731734,0.4137186334799259,3.4624864055836073,0.0
2175,0.20840002596378326,0.917724609375,0.0,0.10735782912488993,0.004395015859915604,0.034879665316594505,0.22954524469034346,0.6466573697873307,0.060406160718731734,0.4137186334799259,3.4624864055836073,0.0
2200,0.20811477303504944,0.917816162109375,0.0,0.10625670841498823,0.004395015859915604,0.034879665316594505,0.22954524469034346,0.6466573697873307,0.060406160718731734,0.4137186334799259,3.4624864055836073,0.0
2225,0.20783531665802002,0.9179229736328125,0.0,0.10517798124749658,0.004395015859915604,0.034879665316594505,0.22954524469034346,0.6466573697873307,0.060406160718731734,0.4137186334799259,3.4624864055836073,0.0
2250,0.20756149291992188,0.91796875,0.0,0.10412136539785086,0.004395015859915604,0.034879665316594505,0.22954524469034346,0.6466573697873307,0.060406160718731734,0.4137186334799259,3.4624864055836073,0.0
2275,0.2072930932044983,0.91796875,0.0,0.10308576225834444,0.004395015859915604,0.034879665316594505,0.22954524469034346,0.6466573697873307,0.060406160718731734,0.4137186334799259,3.4624864055836073,0.0
2300,0.20702999830245972,0.9180755615234375,0.0,0.10207059167061486,0.004395015859915604,0.034879665316594505,0.22954524469034346,0.6466573697873307,0.060406160718731734,0.4137186334799259,3.4624864055836073,0.0
2325,0.20677202939987183,0.91815185546875,0.0,0.10107564238601151,0.004395015859915604,0.034879665316594505,0.22954524469034346,0.6466573697873307,0.060406160718731734,0.4137186334799259,3.4624864055836073,0.0
2350,0.20651903748512268,0.91815185546875,0.0,0.10010011366786865,0.004395015859915604,0.034879665316594505,0.22954524469034346,0.6466573697873307,0.060406160718731734,0.4137186334799259,3.4624864055836073,0.0
2375,0.20627087354660034,0.9181976318359375,0.0,0.09914324274490531,0.004395015859915604,0.034879665316594505,0.22954524469034346,0.6466573697873307,0.060406160718731734,0.4137186334799259,3.4624864055836073,0.0
2400,0.20602743327617645,0.9182281494140625,0.0,0.09820463295892166,0.004395015859915604,0.034879665316594505,0.22954524469034346,0.6466573697873307,0.060406160718731734,0.4137186334799259,3.4624864055836073,0.0
2425,0.20578855276107788,0.91827392578125,0.0,0.0972841290247111,0.004395015859915604,0.034879665316594505,0.22954524469034346,0.6466573697873307,0.060406160718731734,0.4137186334799259,3.4624864055836073,0.0
2450,0.20555409789085388,0.918304443359375,0.0,0.09638104610211978,0.004395015859915604,0.034879665316594505,0.22954524469034346,0.6466573697873307,0.060406160718731734,0.4137186334799259,3.4624864055836073,0.0
2475,0.2053239643573761,0.9183807373046875,0.0,0.09549435995562512,0.004395015859915604,0.034879665316594505,0.22954524469034346,0.6466573697873307,0.060406160718731734,0.4137186334799259,3.4624864055836073,0.0
2500,0.2050980031490326,0.9184417724609375,0.0,0.09462438181705764,0.004395015859915604,0.034879665316594505,0.22954524469034346,0.6466573697873307,0.060406160718731734,0.4137186334799259,3.4624864055836073,0.0
2525,0.2048761397600174,0.9185028076171875,0.0,0.09377000714898118,0.004395015859915604,0.034879665316594505,0.22954524469034346,0.6466573697873307,0.060406160718731734,0.4137186334799259,3.4624864055836073,0.0
2550,0.20465824007987976,0.9185638427734375,0.0,0.09293120763791689,0.004395015859915604,0.034879665316594505,0.22954524469034346,0.6466573697873307,0.060406160718731734,0.4137186334799259,3.4624864055836073,0.0
2575,0.20444422960281372,0.91864013671875,0.0,0.09210763335072718,0.004395015859915604,0.034879665316594505,0.22954524469034346,0.6466573697873307,0.060406160718731734,0.4137186334799259,3.4624864055836073,0.0
2600,0.20423394441604614,0.9186859130859375,0.0,0.09129900714031897,0.004395015859915604,0.034879665316594505,0.22954524469034346,0.6466573697873307,0.060406160718731734,0.4137186334799259,3.4624864055836073,0.0
2625,0.20402733981609344,0.918701171875,0.0,0.09050436668742258,0.004395015859915604,0.034879665316594505,0.22954524469034346,0.6466573697873307,0.060406160718731734,0.4137186334799259,3.4624864055836073,0.0
2650,0.20382428169250488,0.918731689453125,0.0,0.08972346009969905,0.004395015859915604,0.034879665316594505,0.22954524469034346,0.6466573697873307,0.060406160718731734,0.4137186334799259,3.4624864055836073,0.0
2675,0.20362472534179688,0.9188385009765625,0.0,0.0889561992423907,0.004395015859915604,0.034879665316594505,0.22954524469034346,0.6466573697873307,0.060406160718731734,0.4137186334799259,3.4624864055836073,0.0
2700,0.20342853665351868,0.9189910888671875,0.0,0.08820220768142698,0.004395015859915604,0.034879665316594505,0.22954524469034346,0.6466573697873307,0.060406160718731734,0.4137186334799259,3.4624864055836073,0.0
2725,0.2032356560230255,0.91900634765625,0.0,0.08746095464072916,0.004395015859915604,0.034879665316594505,0.22954524469034346,0.6466573697873307,0.060406160718731734,0.4137186334799259,3.4624864055836073,0.0
2750,0.20304597914218903,0.9190216064453125,0.0,0.0867324505066596,0.004395015859915604,0.034879665316594505,0.22954524469034346,0.6466573697873307,0.060406160718731734,0.4137186334799259,3.4624864055836073,0.0
2775,0.20285944640636444,0.919097900390625,0.0,0.08601627541403768,0.004395015859915604,0.034879665316594505,0.22954524469034346,0.6466573697873307,0.060406160718731734,0.4137186334799259,3.4624864055836073,0.0
2800,0.2026759535074234,0.919097900390625,0.0,0.0853116646882457,0.004395015859915604,0.034879665316594505,0.22954524469034346,0.6466573697873307,0.060406160718731734,0.4137186334799259,3.4624864055836073,0.0
2825,0.20249545574188232,0.919281005859375,0.0,0.08461868363275067,0.004395015859915604,0.034879665316594505,0.22954524469034346,0.6466573697873307,0.060406160718731734,0.4137186334799259,3.4624864055836073,0.0
2850,0.20231786370277405,0.91925048828125,0.0,0.08393728664187405,0.004395015859915604,0.034879665316594505,0.22954524469034346,0.6466573697873307,0.060406160718731734,0.4137186334799259,3.4624864055836073,0.0
2875,0.2021430879831314,0.9193572998046875,0.0,0.08326742934632801,0.004395015859915604,0.034879665316594505,0.22954524469034346,0.6466573697873307,0.060406160718731734,0.4137186334799259,3.4624864055836073,0.0
2900,0.20197109878063202,0.9193267822265625,0.0,0.08260822246242477,0.004395015859915604,0.034879665316594505,0.22954524469034346,0.6466573697873307,0.060406160718731734,0.4137186334799259,3.4624864055836073,0.0
2925,0.20180180668830872,0.9193572998046875,0.0,0.08195942709972871,0.004395015859915604,0.034879665316594505,0.22954524469034346,0.6466573697873307,0.060406160718731734,0.4137186334799259,3.4624864055836073,0.0
2950,0.20163515210151672,0.9193572998046875,0.0,0.08132118882508152,0.004395015859915604,0.034879665316594505,0.22954524469034346,0.6466573697873307,0.060406160718731734,0.4137186334799259,3.4624864055836073,0.0
2975,0.20147109031677246,0.9194488525390625,0.0,0.08069266202330228,0.004395015859915604,0.034879665316594505,0.22954524469034346,0.6466573697873307,0.060406160718731734,0.4137186334799259,3.4624864055836073,0.0
3000,0.20130953192710876,0.919464111328125,0.0,0.0800743967157993,0.004395015859915604,0.034879665316594505,0.22954524469034346,0.6466573697873307,0.060406160718731734,0.4137186334799259,3.4624864055836073,0.0
3025,0.20115041732788086,0.91949462890625,0.0,0.07946590527205166,0.004395015859915604,0.034879665316594505,0.22954524469034346,0.6466573697873307,0.060406160718731734,0.4137186334799259,3.4624864055836073,0.0
3050,0.20099371671676636,0.9195556640625,0.0,0.0788665452408102,0.004395015859915604,0.034879665316594505,0.22954524469034346,0.6466573697873307,0.060406160718731734,0.4137186334799259,3.4624864055836073,0.0
3075,0.2008393406867981,0.9195556640625,0.0,0.07827647869438434,0.004395015859915604,0.034879665316594505,0.22954524469034346,0.6466573697873307,0.060406160718731734,0.4137186334799259,3.4624864055836073,0.0
3100,0.20068728923797607,0.919647216796875,0.0,0.07769526146241111,0.004395015859915604,0.034879665316594505,0.22954524469034346,0.6466573697873307,0.060406160718731734,0.4137186334799259,3.4624864055836073,0.0
3125,0.20053747296333313,0.919769287109375,0.0,0.07712294235120361,0.004395015859915604,0.034879665316594505,0.22954524469034346,0.6466573697873307,0.060406160718731734,0.4137186334799259,3.4624864055836073,0.0
3150,0.2003898322582245,0.9197998046875,0.0,0.07655944645817551,0.004395015859915604,0.034879665316594505,0.22954524469034346,0.6466573697873307,0.060406160718731734,0.4137186334799259,3.4624864055836073,0.0
3175,0.20024433732032776,0.9198455810546875,0.0,0.0760042940154412,0.004395015859915604,0.034879665316594505,0.22954524469034346,0.6466573697873307,0.060406160718731734,0.4137186334799259,3.4624864055836073,0.0
3200,0.20010092854499817,0.919952392578125,0.0,0.07545747931934675,0.004395015859915604,0.034879665316594505,0.22954524469034346,0.6466573697873307,0.060406160718731734,0.4137186334799259,3.4624864055836073,0.0
3225,0.19995959103107452,0.920013427734375,0.0,0.07491850332806775,0.004395015859915604,0.034879665316594505,0.22954524469034346,0.6466573697873307,0.060406160718731734,0.4137186334799259,3.4624864055836073,0.0
3250,0.19982023537158966,0.9199981689453125,0.0,0.07438755764018412,0.004395015859915604,0.034879665316594505,0.22954524469034346,0.6466573697873307,0.060406160718731734,0.4137186334799259,3.4624864055836073,0.0
3275,0.19968286156654358,0.920013427734375,0.0,0.07386444441007381,0.004395015859915604,0.034879665316594505,0.22954524469034346,0.6466573697873307,0.060406160718731734,0.4137186334799259,3.4624864055836073,0.0
3300,0.1995473951101303,0.91998291015625,0.0,0.07334900694118207,0.004395015859915604,0.034879665316594505,0.22954524469034346,0.6466573697873307,0.060406160718731734,0.4137186334799259,3.4624864055836073,0.0
3325,0.19941380620002747,0.9199676513671875,0.0,0.0728409230998364,0.004395015859915604,0.034879665316594505,0.22954524469034346,0.6466573697873307,0.060406160718731734,0.4137186334799259,3.4624864055836073,0.0
3350,0.19928205013275146,0.9199981689453125,0.0,0.07233994216674612,0.004395015859915604,0.034879665316594505,0.22954524469034346,0.6466573697873307,0.060406160718731734,0.4137186334799259,3.4624864055836073,0.0
3375,0.1991521120071411,0.9200897216796875,0.0,0.07184598628407476,0.004395015859915604,0.034879665316594505,0.22954524469034346,0.6466573697873307,0.060406160718731734,0.4137186334799259,3.4624864055836073,0.0
3400,0.19902391731739044,0.9201202392578125,0.0,0.07135935953542547,0.004395015859915604,0.034879665316594505,0.22954524469034346,0.6466573697873307,0.060406160718731734,0.4137186334799259,3.4624864055836073,0.0
3425,0.19889745116233826,0.920166015625,0.0,0.07087940020890462,0.004395015859915604,0.034879665316594505,0.22954524469034346,0.6466573697873307,0.060406160718731734,0.4137186334799259,3.4624864055836073,0.0
3450,0.19877266883850098,0.9202117919921875,0.0,0.07040617166510611,0.004395015859915604,0.034879665316594505,0.22954524469034346,0.6466573697873307,0.060406160718731734,0.4137186334799259,3.4624864055836073,0.0
3475,0.1986495554447174,0.92022705078125,0.0,0.06993964897039717,0.004395015859915604,0.034879665316594505,0.22954524469034346,0.6466573697873307,0.060406160718731734,0.4137186334799259,3.4624864055836073,0.0
3500,0.19852805137634277,0.9201812744140625,0.0,0.06947926810003963,0.004395015859915604,0.034879665316594505,0.22954524469034346,0.6466573697873307,0.060406160718731734,0.4137186334799259,3.4624864055836073,0.0
3525,0.19840814173221588,0.92022705078125,0.0,0.06902550032169145,0.004395015859915604,0.034879665316594505,0.22954524469034346,0.6466573697873307,0.060406160718731734,0.4137186334799259,3.4624864055836073,0.0
3550,0.19828978180885315,0.9202117919921875,0.0,0.06857748274424995,0.004395015859915604,0.034879665316594505,0.22954524469034346,0.6466573697873307,0.060406160718731734,0.4137186334799259,3.4624864055836073,0.0
3575,0.19817295670509338,0.9202880859375,0.0,0.0681358786262456,0.004395015859915604,0.034879665316594505,0.22954524469034346,0.6466573697873307,0.060406160718731734,0.4137186334799259,3.4624864055836073,0.0
3600,0.198057621717453,0.9203338623046875,0.0,0.0677002428931483,0.004395015859915604,0.034879665316594505,0.22954524469034346,0.6466573697873307,0.060406160718731734,0.4137186334799259,3.4624864055836073,0.0
3625,0.19794374704360962,0.92041015625,0.0,0.06727058942280303,0.004395015859915604,0.034879665316594505,0.22954524469034346,0.6466573697873307,0.060406160718731734,0.4137186334799259,3.4624864055836073,0.0
3650,0.19783131778240204,0.9204559326171875,0.0,0.06684633065289583,0.004395015859915604,0.034879665316594505,0.22954524469034346,0.6466573697873307,0.060406160718731734,0.4137186334799259,3.4624864055836073,0.0
3675,0.19772028923034668,0.9205169677734375,0.0,0.06642779718985711,0.004395015859915604,0.034879665316594505,0.22954524469034346,0.6466573697873307,0.060406160718731734,0.4137186334799259,3.4624864055836073,0.0
3700,0.19761064648628235,0.9205169677734375,0.0,0.06601455596708498,0.004395015859915604,0.034879665316594505,0.22954524469034346,0.6466573697873307,0.060406160718731734,0.4137186334799259,3.4624864055836073,0.0
3725,0.19750237464904785,0.920501708984375,0.0,0.06560713491841505,0.004395015859915604,0.034879665316594505,0.22954524469034346,0.6466573697873307,0.060406160718731734,0.4137186334799259,3.4624864055836073,0.0
3750,0.19739539921283722,0.9205169677734375,0.0,0.06520514952479621,0.004395015859915604,0.034879665316594505,0.22954524469034346,0.6466573697873307,0.060406160718731734,0.4137186334799259,3.4624864055836073,0.0
3775,0.19728974997997284,0.9205474853515625,0.0,0.06480776599659738,0.004395015859915604,0.034879665316594505,0.22954524469034346,0.6466573697873307,0.060406160718731734,0.4137186334799259,3.4624864055836073,0.0
3800,0.19718536734580994,0.920562744140625,0.0,0.06441570212410556,0.004395015859915604,0.034879665316594505,0.22954524469034346,0.6466573697873307,0.060406160718731734,0.4137186334799259,3.4624864055836073,0.0
3825,0.1970822513103485,0.920562744140625,0.0,0.06402867595152781,0.004395015859915604,0.034879665316594505,0.22954524469034346,0.6466573697873307,0.060406160718731734,0.4137186334799259,3.4624864055836073,0.0
3850,0.1969803422689438,0.9206085205078125,0.0,0.0636468718954986,0.004395015859915604,0.034879665316594505,0.22954524469034346,0.6466573697873307,0.060406160718731734,0.4137186334799259,3.4624864055836073,0.0
3875,0.19687965512275696,0.9206390380859375,0.0,0.06327015150602554,0.004395015859915604,0.034879665316594505,0.22954524469034346,0.6466573697873307,0.060406160718731734,0.4137186334799259,3.4624864055836073,0.0
3900,0.19678017497062683,0.9206695556640625,0.0,0.0628977491235821,0.004395015859915604,0.034879665316594505,0.22954524469034346,0.6466573697873307,0.060406160718731734,0.4137186334799259,3.4624864055836073,0.0
3925,0.19668182730674744,0.920654296875,0.0,0.06252967517611066,0.004395015859915604,0.034879665316594505,0.22954524469034346,0.6466573697873307,0.060406160718731734,0.4137186334799259,3.4624864055836073,0.0
3950,0.19658464193344116,0.9206085205078125,0.0,0.062166603608032174,0.004395015859915604,0.034879665316594505,0.22954524469034346,0.6466573697873307,0.060406160718731734,0.4137186334799259,3.4624864055836073,0.0
3975,0.19648855924606323,0.9206390380859375,0.0,0.06180778587336501,0.004395015859915604,0.034879665316594505,0.22954524469034346,0.6466573697873307,0.060406160718731734,0.4137186334799259,3.4624864055836073,0.0
4000,0.19639359414577484,0.9206085205078125,0.0,0.06145334423892919,0.004395015859915604,0.034879665316594505,0.22954524469034346,0.6466573697873307,0.060406160718731734,0.4137186334799259,3.4624864055836073,0.0
4025,0.1962997168302536,0.920623779296875,0.0,0.06110364926636719,0.004395015859915604,0.034879665316594505,0.22954524469034346,0.6466573697873307,0.060406160718731734,0.4137186334799259,3.4624864055836073,0.0
4050,0.19620689749717712,0.9206390380859375,0.0,0.06075799597569422,0.004395015859915604,0.034879665316594505,0.22954524469034346,0.6466573697873307,0.060406160718731734,0.4137186334799259,3.4624864055836073,0.0
4075,0.19611510634422302,0.9206695556640625,0.0,0.060416629877299614,0.004395015859915604,0.034879665316594505,0.22954524469034346,0.6466573697873307,0.060406160718731734,0.4137186334799259,3.4624864055836073,0.0
4100,0.1960243582725525,0.9207000732421875,0.0,0.060079347752922556,0.004395015859915604,0.034879665316594505,0.22954524469034346,0.6466573697873307,0.060406160718731734,0.4137186334799259,3.4624864055836073,0.0
4125,0.19593460857868195,0.920745849609375,0.0,0.05974617892198937,0.004395015859915604,0.034879665316594505,0.22954524469034346,0.6466573697873307,0.060406160718731734,0.4137186334799259,3.4624864055836073,0.0
4150,0.1958458423614502,0.9207763671875,0.0,0.05941713261943304,0.004395015859915604,0.034879665316594505,0.22954524469034346,0.6466573697873307,0.060406160718731734,0.4137186334799259,3.4624864055836073,0.0
4175,0.19575805962085724,0.9207916259765625,0.0,0.05909185661103646,0.004395015859915604,0.034879665316594505,0.22954524469034346,0.6466573697873307,0.060406160718731734,0.4137186334799259,3.4624864055836073,0.0
4200,0.1956712305545807,0.9208526611328125,0.0,0.058770719566985076,0.004395015859915604,0.034879665316594505,0.22954524469034346,0.6466573697873307,0.060406160718731734,0.4137186334799259,3.4624864055836073,0.0
4225,0.19558534026145935,0.920806884765625,0.0,0.058453374584760874,0.004395015859915604,0.034879665316594505,0.22954524469034346,0.6466573697873307,0.060406160718731734,0.4137186334799259,3.4624864055836073,0.0
4250,0.19550037384033203,0.92083740234375,0.0,0.058139936935856576,0.004395015859915604,0.034879665316594505,0.22954524469034346,0.6466573697873307,0.060406160718731734,0.4137186334799259,3.4624864055836073,0.0
4275,0.19541630148887634,0.9207763671875,0.0,0.05782968833823624,0.004395015859915604,0.034879665316594505,0.22954524469034346,0.6466573697873307,0.060406160718731734,0.4137186334799259,3.4624864055836073,0.0
4300,0.19533312320709229,0.9207916259765625,0.0,0.05752345594148513,0.004395015859915604,0.034879665316594505,0.22954524469034346,0.6466573697873307,0.060406160718731734,0.4137186334799259,3.4624864055836073,0.0
4325,0.19525083899497986,0.920806884765625,0.0,0.05722095642940553,0.004395015859915604,0.034879665316594505,0.22954524469034346,0.6466573697873307,0.060406160718731734,0.4137186334799259,3.4624864055836073,0.0
4350,0.1951693892478943,0.92083740234375,0.0,0.056921733023913526,0.004395015859915604,0.034879665316594505,0.22954524469034346,0.6466573697873307,0.060406160718731734,0.4137186334799259,3.4624864055836073,0.0
4375,0.19508880376815796,0.9208221435546875,0.0,0.05662585804790978,0.004395015859915604,0.034879665316594505,0.22954524469034346,0.6466573697873307,0.060406160718731734,0.4137186334799259,3.4624864055836073,0.0
4400,0.1950090527534485,0.92083740234375,0.0,0.05633332494716905,0.004395015859915604,0.034879665316594505,0.22954524469034346,0.6466573697873307,0.060406160718731734,0.4137186334799259,3.4624864055836073,0.0
4425,0.19493010640144348,0.92083740234375,0.0,0.056044085711160166,0.004395015859915604,0.034879665316594505,0.22954524469034346,0.6466573697873307,0.060406160718731734,0.4137186334799259,3.4624864055836073,0.0
4450,0.19485199451446533,0.920806884765625,0.0,0.05575831277805582,0.004395015859915604,0.034879665316594505,0.22954524469034346,0.6466573697873307,0.060406160718731734,0.4137186334799259,3.4624864055836073,0.0
4475,0.19477465748786926,0.92083740234375,0.0,0.055475804102298264,0.004395015859915604,0.034879665316594505,0.22954524469034346,0.6466573697873307,0.060406160718731734,0.4137186334799259,3.4624864055836073,0.0
4500,0.19469809532165527,0.9208526611328125,0.0,0.05519639905812334,0.004395015859915604,0.034879665316594505,0.22954524469034346,0.6466573697873307,0.060406160718731734,0.4137186334799259,3.4624864055836073,0.0
4525,0.19462230801582336,0.9209442138671875,0.0,0.05492007000421902,0.004395015859915604,0.034879665316594505,0.22954524469034346,0.6466573697873307,0.060406160718731734,0.4137186334799259,3.4624864055836073,0.0
4550,0.19454726576805115,0.9210205078125,0.0,0.054646741362300584,0.004395015859915604,0.034879665316594505,0.22954524469034346,0.6466573697873307,0.060406160718731734,0.4137186334799259,3.4624864055836073,0.0
4575,0.19447296857833862,0.9210205078125,0.0,0.05437652475273223,0.004395015859915604,0.034879665316594505,0.22954524469034346,0.6466573697873307,0.060406160718731734,0.4137186334799259,3.4624864055836073,0.0
4600,0.1943994164466858,0.9210357666015625,0.0,0.05410968853394696,0.004395015859915604,0.034879665316594505,0.22954524469034346,0.6466573697873307,0.060406160718731734,0.4137186334799259,3.4624864055836073,0.0
4625,0.19432654976844788,0.9210052490234375,0.0,0.05384591530510228,0.004395015859915604,0.034879665316594505,0.22954524469034346,0.6466573697873307,0.060406160718731734,0.4137186334799259,3.4624864055836073,0.0
4650,0.19425442814826965,0.9210357666015625,0.0,0.05358453812389726,0.004395015859915604,0.034879665316594505,0.22954524469034346,0.6466573697873307,0.060406160718731734,0.4137186334799259,3.4624864055836073,0.0
4675,0.19418297708034515,0.9210662841796875,0.0,0.053326182153456435,0.004395015859915604,0.034879665316594505,0.22954524469034346,0.6466573697873307,0.060406160718731734,0.4137186334799259,3.4624864055836073,0.0
4700,0.19411221146583557,0.921112060546875,0.0,0.05307064616237015,0.004395015859915604,0.034879665316594505,0.22954524469034346,0.6466573697873307,0.060406160718731734,0.4137186334799259,3.4624864055836073,0.0
4725,0.1940421313047409,0.9211273193359375,0.0,0.05281781727996999,0.004395015859915604,0.034879665316594505,0.22954524469034346,0.6466573697873307,0.060406160718731734,0.4137186334799259,3.4624864055836073,0.0
4750,0.19397270679473877,0.921112060546875,0.0,0.05256764788379726,0.004395015859915604,0.034879665316594505,0.22954524469034346,0.6466573697873307,0.060406160718731734,0.4137186334799259,3.4624864055836073,0.0
4775,0.19390395283699036,0.921142578125,0.0,0.05232008492547024,0.004395015859915604,0.034879665316594505,0.22954524469034346,0.6466573697873307,0.060406160718731734,0.4137186334799259,3.4624864055836073,0.0
4800,0.19383582472801208,0.9212188720703125,0.0,0.05207540571099285,0.004395015859915604,0.034879665316594505,0.22954524469034346,0.6466573697873307,0.060406160718731734,0.4137186334799259,3.4624864055836073,0.0
4825,0.19376835227012634,0.921234130859375,0.0,0.05183349508589108,0.004395015859915604,0.034879665316594505,0.22954524469034346,0.6466573697873307,0.060406160718731734,0.4137186334799259,3.4624864055836073,0.0
4850,0.19370147585868835,0.9212799072265625,0.0,0.05159408188857321,0.004395015859915604,0.034879665316594505,0.22954524469034346,0.6466573697873307,0.060406160718731734,0.4137186334799259,3.4624864055836073,0.0
4875,0.1936352252960205,0.9212799072265625,0.0,0.05135694474760253,0.004395015859915604,0.034879665316594505,0.22954524469034346,0.6466573697873307,0.060406160718731734,0.4137186334799259,3.4624864055836073,0.0
4900,0.19356957077980042,0.9212799072265625,0.0,0.05112230198776016,0.004395015859915604,0.034879665316594505,0.22954524469034346,0.6466573697873307,0.060406160718731734,0.4137186334799259,3.4624864055836073,0.0
4925,0.19350454211235046,0.9212799072265625,0.0,0.050890220804521505,0.004395015859915604,0.034879665316594505,0.22954524469034346,0.6466573697873307,0.060406160718731734,0.4137186334799259,3.4624864055836073,0.0
4950,0.19344006478786469,0.9213104248046875,0.0,0.050660801151687515,0.004395015859915604,0.034879665316594505,0.22954524469034346,0.6466573697873307,0.060406160718731734,0.4137186334799259,3.4624864055836073,0.0
4975,0.19337618350982666,0.921295166015625,0.0,0.05043388193114692,0.004395015859915604,0.034879665316594505,0.22954524469034346,0.6466573697873307,0.060406160718731734,0.4137186334799259,3.4624864055836073,0.0
5000,0.1933128833770752,0.9213409423828125,0.0,0.05020912776489014,0.004395015859915604,0.034879665316594505,0.22954524469034346,0.6466573697873307,0.060406160718731734,0.4137186334799259,3.4624864055836073,0.0
5025,0.1932501345872879,0.9213409423828125,0.0,0.049986569888190786,0.004395015859915604,0.034879665316594505,0.22954524469034346,0.6466573697873307,0.060406160718731734,0.4137186334799259,3.4624864055836073,0.0
5050,0.1931879222393036,0.9213409423828125,0.0,0.049766488813723274,0.004395015859915604,0.034879665316594505,0.22954524469034346,0.6466573697873307,0.060406160718731734,0.4137186334799259,3.4624864055836073,0.0
5075,0.19312629103660583,0.9213409423828125,0.0,0.049548866350716106,0.004395015859915604,0.034879665316594505,0.22954524469034346,0.6466573697873307,0.060406160718731734,0.4137186334799259,3.4624864055836073,0.0
5100,0.19306516647338867,0.9213104248046875,0.0,0.049333088951241374,0.004395015859915604,0.034879665316594505,0.22954524469034346,0.6466573697873307,0.060406160718731734,0.4137186334799259,3.4624864055836073,0.0
5125,0.1930045783519745,0.92132568359375,0.0,0.049119869234749605,0.004395015859915604,0.034879665316594505,0.22954524469034346,0.6466573697873307,0.060406160718731734,0.4137186334799259,3.4624864055836073,0.0
5150,0.1929445117712021,0.9213409423828125,0.0,0.048908638506802035,0.004395015859915604,0.034879665316594505,0.22954524469034346,0.6466573697873307,0.060406160718731734,0.4137186334799259,3.4624864055836073,0.0
5175,0.19288496673107147,0.9213409423828125,0.0,0.04869952132114569,0.004395015859915604,0.034879665316594505,0.22954524469034346,0.6466573697873307,0.060406160718731734,0.4137186334799259,3.4624864055836073,0.0
5200,0.19282591342926025,0.921417236328125,0.0,0.04849250909307397,0.004395015859915604,0.034879665316594505,0.22954524469034346,0.6466573697873307,0.060406160718731734,0.4137186334799259,3.4624864055836073,0.0
5225,0.19276736676692963,0.9214324951171875,0.0,0.04828745227595797,0.004395015859915604,0.034879665316594505,0.22954524469034346,0.6466573697873307,0.060406160718731734,0.4137186334799259,3.4624864055836073,0.0
5250,0.1927093267440796,0.92144775390625,0.0,0.0480849126023394,0.004395015859915604,0.034879665316594505,0.22954524469034346,0.6466573697873307,0.060406160718731734,0.4137186334799259,3.4624864055836073,0.0
5275,0.19265174865722656,0.92144775390625,0.0,0.04788404874686685,0.004395015859915604,0.034879665316594505,0.22954524469034346,0.6466573697873307,0.060406160718731734,0.4137186334799259,3.4624864055836073,0.0
5300,0.19259467720985413,0.9215087890625,0.0,0.047685383085377654,0.004395015859915604,0.034879665316594505,0.22954524469034346,0.6466573697873307,0.060406160718731734,0.4137186334799259,3.4624864055836073,0.0
5325,0.1925380527973175,0.9214935302734375,0.0,0.047488451742478,0.004395015859915604,0.034879665316594505,0.22954524469034346,0.6466573697873307,0.060406160718731734,0.4137186334799259,3.4624864055836073,0.0
5350,0.1924819052219391,0.9215240478515625,0.0,0.047293553930197116,0.004395015859915604,0.034879665316594505,0.22954524469034346,0.6466573697873307,0.060406160718731734,0.4137186334799259,3.4624864055836073,0.0
5375,0.19242620468139648,0.921539306640625,0.0,0.04710054075474876,0.004395015859915604,0.034879665316594505,0.22954524469034346,0.6466573697873307,0.060406160718731734,0.4137186334799259,3.4624864055836073,0.0
5400,0.1923709660768509,0.9215240478515625,0.0,0.04690924415802131,0.004395015859915604,0.034879665316594505,0.22954524469034346,0.6466573697873307,0.060406160718731734,0.4137186334799259,3.4624864055836073,0.0
5425,0.1923161745071411,0.9215087890625,0.0,0.04671985158228458,0.004395015859915604,0.034879665316594505,0.22954524469034346,0.6466573697873307,0.060406160718731734,0.4137186334799259,3.4624864055836073,0.0
5450,0.19226181507110596,0.921478271484375,0.0,0.04653281919072827,0.004395015859915604,0.034879665316594505,0.22954524469034346,0.6466573697873307,0.060406160718731734,0.4137186334799259,3.4624864055836073,0.0
5475,0.19220788776874542,0.921478271484375,0.0,0.04634721162062402,0.004395015859915604,0.034879665316594505,0.22954524469034346,0.6466573697873307,0.060406160718731734,0.4137186334799259,3.4624864055836073,0.0
5500,0.1921544075012207,0.9215087890625,0.0,0.0461637651269514,0.004395015859915604,0.034879665316594505,0.22954524469034346,0.6466573697873307,0.060406160718731734,0.4137186334799259,3.4624864055836073,0.0
5525,0.19210132956504822,0.9215240478515625,0.0,0.04598219778629868,0.004395015859915604,0.034879665316594505,0.22954524469034346,0.6466573697873307,0.060406160718731734,0.4137186334799259,3.4624864055836073,0.0
5550,0.19204866886138916,0.92156982421875,0.0,0.0458022374550727,0.004395015859915604,0.034879665316594505,0.22954524469034346,0.6466573697873307,0.060406160718731734,0.4137186334799259,3.4624864055836073,0.0
5575,0.19199642539024353,0.9215545654296875,0.0,0.04562371404627656,0.004395015859915604,0.034879665316594505,0.22954524469034346,0.6466573697873307,0.060406160718731734,0.4137186334799259,3.4624864055836073,0.0
5600,0.19194458425045013,0.921630859375,0.0,0.04544720495350324,0.004395015859915604,0.034879665316594505,0.22954524469034346,0.6466573697873307,0.060406160718731734,0.4137186334799259,3.4624864055836073,0.0
5625,0.19189314544200897,0.9216766357421875,0.0,0.045272168399451064,0.004395015859915604,0.034879665316594505,0.22954524469034346,0.6466573697873307,0.060406160718731734,0.4137186334799259,3.4624864055836073,0.0
5650,0.19184209406375885,0.92169189453125,0.0,0.04509888119215047,0.004395015859915604,0.034879665316594505,0.22954524469034346,0.6466573697873307,0.060406160718731734,0.4137186334799259,3.4624864055836073,0.0
5675,0.19179144501686096,0.9217376708984375,0.0,0.04492719543766537,0.004395015859915604,0.034879665316594505,0.22954524469034346,0.6466573697873307,0.060406160718731734,0.4137186334799259,3.4624864055836073,0.0
5700,0.19174116849899292,0.921783447265625,0.0,0.04475703772795058,0.004395015859915604,0.034879665316594505,0.22954524469034346,0.6466573697873307,0.060406160718731734,0.4137186334799259,3.4624864055836073,0.0
5725,0.19169127941131592,0.9217987060546875,0.0,0.04458861307363053,0.004395015859915604,0.034879665316594505,0.22954524469034346,0.6466573697873307,0.060406160718731734,0.4137186334799259,3.4624864055836073,0.0
5750,0.19164174795150757,0.9217987060546875,0.0,0.04442187789100934,0.004395015859915604,0.034879665316594505,0.22954524469034346,0.6466573697873307,0.060406160718731734,0.4137186334799259,3.4624864055836073,0.0
5775,0.19159260392189026,0.9217681884765625,0.0,0.0442569729575312,0.004395015859915604,0.034879665316594505,0.22954524469034346,0.6466573697873307,0.060406160718731734,0.4137186334799259,3.4624864055836073,0.0
5800,0.1915438175201416,0.9217987060546875,0.0,0.044093478402172016,0.004395015859915604,0.034879665316594505,0.22954524469034346,0.6466573697873307,0.060406160718731734,0.4137186334799259,3.4624864055836073,0.0
5825,0.1914953887462616,0.921844482421875,0.0,0.04393115912508187,0.004395015859915604,0.034879665316594505,0.22954524469034346,0.6466573697873307,0.060406160718731734,0.4137186334799259,3.4624864055836073,0.0
5850,0.19144730269908905,0.9218597412109375,0.0,0.043770453938128846,0.004395015859915604,0.034879665316594505,0.22954524469034346,0.6466573697873307,0.060406160718731734,0.4137186334799259,3.4624864055836073,0.0
5875,0.19139957427978516,0.9219207763671875,0.0,0.04361118053599423,0.004395015859915604,0.034879665316594505,0.22954524469034346,0.6466573697873307,0.060406160718731734,0.4137186334799259,3.4624864055836073,0.0
5900,0.19135218858718872,0.9219512939453125,0.0,0.04345351635239588,0.004395015859915604,0.034879665316594505,0.22954524469034346,0.6466573697873307,0.060406160718731734,0.4137186334799259,3.4624864055836073,0.0
5925,0.19130516052246094,0.921966552734375,0.0,0.04329735921905875,0.004395015859915604,0.034879665316594505,0.22954524469034346,0.6466573697873307,0.060406160718731734,0.4137186334799259,3.4624864055836073,0.0
5950,0.19125844538211823,0.92205810546875,0.0,0.04314281944484924,0.004395015859915604,0.034879665316594505,0.22954524469034346,0.6466573697873307,0.060406160718731734,0.4137186334799259,3.4624864055836073,0.0
5975,0.19121207296848297,0.9220733642578125,0.0,0.04298967300851324,0.004395015859915604,0.034879665316594505,0.22954524469034346,0.6466573697873307,0.060406160718731734,0.4137186334799259,3.4624864055836073,0.0
6000,0.19116604328155518,0.922088623046875,0.0,0.042837684277523116,0.004395015859915604,0.034879665316594505,0.22954524469034346,0.6466573697873307,0.060406160718731734,0.4137186334799259,3.4624864055836073,0.0
6025,0.19112032651901245,0.922119140625,0.0,0.04268683279295778,0.004395015859915604,0.034879665316594505,0.22954524469034346,0.6466573697873307,0.060406160718731734,0.4137186334799259,3.4624864055836073,0.0
6050,0.1910749077796936,0.922119140625,0.0,0.042537887607871784,0.004395015859915604,0.034879665316594505,0.22954524469034346,0.6466573697873307,0.060406160718731734,0.4137186334799259,3.4624864055836073,0.0
6075,0.19102983176708221,0.92218017578125,0.0,0.04239028237417576,0.004395015859915604,0.034879665316594505,0.22954524469034346,0.6466573697873307,0.060406160718731734,0.4137186334799259,3.4624864055836073,0.0
6100,0.1909850686788559,0.922210693359375,0.0,0.042244003746710744,0.004395015859915604,0.034879665316594505,0.22954524469034346,0.6466573697873307,0.060406160718731734,0.4137186334799259,3.4624864055836073,0.0
6125,0.19094060361385345,0.9222564697265625,0.0,0.04209913582722692,0.004395015859915604,0.034879665316594505,0.22954524469034346,0.6466573697873307,0.060406160718731734,0.4137186334799259,3.4624864055836073,0.0
6150,0.19089645147323608,0.9222869873046875,0.0,0.04195542533706727,0.004395015859915604,0.034879665316594505,0.22954524469034346,0.6466573697873307,0.060406160718731734,0.4137186334799259,3.4624864055836073,0.0
6175,0.1908525824546814,0.9223175048828125,0.0,0.04181274668951523,0.004395015859915604,0.034879665316594505,0.22954524469034346,0.6466573697873307,0.060406160718731734,0.4137186334799259,3.4624864055836073,0.0
6200,0.19080901145935059,0.9223785400390625,0.0,0.04167184439042583,0.004395015859915604,0.034879665316594505,0.22954524469034346,0.6466573697873307,0.060406160718731734,0.4137186334799259,3.4624864055836073,0.0
6225,0.19076575338840485,0.9223785400390625,0.0,0.041531979139631366,0.004395015859915604,0.034879665316594505,0.22954524469034346,0.6466573697873307,0.060406160718731734,0.4137186334799259,3.4624864055836073,0.0
6250,0.1907227635383606,0.9224395751953125,0.0,0.04139312649545372,0.004395015859915604,0.034879665316594505,0.22954524469034346,0.6466573697873307,0.060406160718731734,0.4137186334799259,3.4624864055836073,0.0
6275,0.19068007171154022,0.922515869140625,0.0,0.041255925499197196,0.004395015859915604,0.034879665316594505,0.22954524469034346,0.6466573697873307,0.060406160718731734,0.4137186334799259,3.4624864055836073,0.0
6300,0.19063766300678253,0.9225311279296875,0.0,0.04111951544296339,0.004395015859915604,0.034879665316594505,0.22954524469034346,0.6466573697873307,0.060406160718731734,0.4137186334799259,3.4624864055836073,0.0
6325,0.19059553742408752,0.922515869140625,0.0,0.04098465406451579,0.004395015859915604,0.034879665316594505,0.22954524469034346,0.6466573697873307,0.060406160718731734,0.4137186334799259,3.4624864055836073,0.0
6350,0.1905536651611328,0.922576904296875,0.0,0.04085093886107088,0.004395015859915604,0.034879665316594505,0.22954524469034346,0.6466573697873307,0.060406160718731734,0.4137186334799259,3.4624864055836073,0.0
6375,0.19051207602024078,0.922607421875,0.0,0.04071839459737358,0.004395015859915604,0.034879665316594505,0.22954524469034346,0.6466573697873307,0.060406160718731734,0.4137186334799259,3.4624864055836073,0.0
6400,0.19047078490257263,0.922607421875,0.0,0.04058670717048854,0.004395015859915604,0.034879665316594505,0.22954524469034346,0.6466573697873307,0.060406160718731734,0.4137186334799259,3.4624864055836073,0.0
6425,0.1904297173023224,0.9226226806640625,0.0,0.04045619274817384,0.004395015859915604,0.034879665316594505,0.22954524469034346,0.6466573697873307,0.060406160718731734,0.4137186334799259,3.4624864055836073,0.0
6450,0.19038891792297363,0.92266845703125,0.0,0.04032674344167042,0.004395015859915604,0.034879665316594505,0.22954524469034346,0.6466573697873307,0.060406160718731734,0.4137186334799259,3.4624864055836073,0.0
6475,0.19034838676452637,0.9226531982421875,0.0,0.04019813043414629,0.004395015859915604,0.034879665316594505,0.22954524469034346,0.6466573697873307,0.060406160718731734,0.4137186334799259,3.4624864055836073,0.0
6500,0.1903081238269806,0.9226837158203125,0.0,0.040071109658496015,0.004395015859915604,0.034879665316594505,0.22954524469034346,0.6466573697873307,0.060406160718731734,0.4137186334799259,3.4624864055836073,0.0
6525,0.19026809930801392,0.922698974609375,0.0,0.03994527226019723,0.004395015859915604,0.034879665316594505,0.22954524469034346,0.6466573697873307,0.060406160718731734,0.4137186334799259,3.4624864055836073,0.0
6550,0.19022834300994873,0.9227294921875,0.0,0.039820459427862075,0.004395015859915604,0.034879665316594505,0.22954524469034346,0.6466573697873307,0.060406160718731734,0.4137186334799259,3.4624864055836073,0.0
6575,0.19018882513046265,0.922760009765625,0.0,0.03969671454265386,0.004395015859915604,0.034879665316594505,0.22954524469034346,0.6466573697873307,0.060406160718731734,0.4137186334799259,3.4624864055836073,0.0
6600,0.19014954566955566,0.922821044921875,0.0,0.03957380626177025,0.004395015859915604,0.034879665316594505,0.22954524469034346,0.6466573697873307,0.060406160718731734,0.4137186334799259,3.4624864055836073,0.0
6625,0.19011050462722778,0.922821044921875,0.0,0.039452252249360345,0.004395015859915604,0.034879665316594505,0.22954524469034346,0.6466573697873307,0.060406160718731734,0.4137186334799259,3.4624864055836073,0.0
6650,0.190071702003479,0.9228515625,0.0,0.03933175557899278,0.004395015859915604,0.034879665316594505,0.22954524469034346,0.6466573697873307,0.060406160718731734,0.4137186334799259,3.4624864055836073,0.0
6675,0.19003315269947052,0.92291259765625,0.0,0.03921181028082077,0.004395015859915604,0.034879665316594505,0.22954524469034346,0.6466573697873307,0.060406160718731734,0.4137186334799259,3.4624864055836073,0.0
6700,0.18999482691287994,0.9229278564453125,0.0,0.039093178716818916,0.004395015859915604,0.034879665316594505,0.22954524469034346,0.6466573697873307,0.060406160718731734,0.4137186334799259,3.4624864055836073,0.0
6725,0.18995672464370728,0.9229583740234375,0.0,0.038975605265786015,0.004395015859915604,0.034879665316594505,0.22954524469034346,0.6466573697873307,0.060406160718731734,0.4137186334799259,3.4624864055836073,0.0
6750,0.1899188756942749,0.9229736328125,0.0,0.0388593079018463,0.004395015859915604,0.034879665316594505,0.22954524469034346,0.6466573697873307,0.060406160718731734,0.4137186334799259,3.4624864055836073,0.0
6775,0.18988123536109924,0.922943115234375,0.0,0.03874378832661144,0.004395015859915604,0.034879665316594505,0.22954524469034346,0.6466573697873307,0.060406160718731734,0.4137186334799259,3.4624864055836073,0.0
6800,0.1898438185453415,0.922943115234375,0.0,0.03862887822114531,0.004395015859915604,0.034879665316594505,0.22954524469034346,0.6466573697873307,0.060406160718731734,0.4137186334799259,3.4624864055836073,0.0
6825,0.18980661034584045,0.9229278564453125,0.0,0.038515342481824505,0.004395015859915604,0.034879665316594505,0.22954524469034346,0.6466573697873307,0.060406160718731734,0.4137186334799259,3.4624864055836073,0.0
6850,0.18976962566375732,0.922943115234375,0.0,0.038402799320806084,0.004395015859915604,0.034879665316594505,0.22954524469034346,0.6466573697873307,0.060406160718731734,0.4137186334799259,3.4624864055836073,0.0
6875,0.1897328644990921,0.9228973388671875,0.0,0.03829125686997497,0.004395015859915604,0.034879665316594505,0.22954524469034346,0.6466573697873307,0.060406160718731734,0.4137186334799259,3.4624864055836073,0.0
6900,0.1896963268518448,0.9228973388671875,0.0,0.03818052989946806,0.004395015859915604,0.034879665316594505,0.22954524469034346,0.6466573697873307,0.060406160718731734,0.4137186334799259,3.4624864055836073,0.0
6925,0.189659982919693,0.922882080078125,0.0,0.03807094705349224,0.004395015859915604,0.034879665316594505,0.22954524469034346,0.6466573697873307,0.060406160718731734,0.4137186334799259,3.4624864055836073,0.0
6950,0.1896238476037979,0.922943115234375,0.0,0.03796237320618996,0.004395015859915604,0.034879665316594505,0.22954524469034346,0.6466573697873307,0.060406160718731734,0.4137186334799259,3.4624864055836073,0.0
6975,0.18958792090415955,0.9229583740234375,0.0,0.037854393051479016,0.004395015859915604,0.034879665316594505,0.22954524469034346,0.6466573697873307,0.060406160718731734,0.4137186334799259,3.4624864055836073,0.0
7000,0.1895521879196167,0.9229583740234375,0.0,0.037747339388490314,0.004395015859915604,0.034879665316594505,0.22954524469034346,0.6466573697873307,0.060406160718731734,0.4137186334799259,3.4624864055836073,0.0
7025,0.18951666355133057,0.9229736328125,0.0,0.03764071611446935,0.004395015859915604,0.034879665316594505,0.22954524469034346,0.6466573697873307,0.060406160718731734,0.4137186334799259,3.4624864055836073,0.0
7050,0.18948133289813995,0.9229583740234375,0.0,0.03753576343388809,0.004395015859915604,0.034879665316594505,0.22954524469034346,0.6466573697873307,0.060406160718731734,0.4137186334799259,3.4624864055836073,0.0
7075,0.18944621086120605,0.922943115234375,0.0,0.03743150532839572,0.004395015859915604,0.034879665316594505,0.22954524469034346,0.6466573697873307,0.060406160718731734,0.4137186334799259,3.4624864055836073,0.0
7100,0.18941128253936768,0.9229736328125,0.0,0.03732803517128832,0.004395015859915604,0.034879665316594505,0.22954524469034346,0.6466573697873307,0.060406160718731734,0.4137186334799259,3.4624864055836073,0.0
7125,0.18937653303146362,0.923004150390625,0.0,0.037225222628184146,0.004395015859915604,0.034879665316594505,0.22954524469034346,0.6466573697873307,0.060406160718731734,0.4137186334799259,3.4624864055836073,0.0
7150,0.18934199213981628,0.9229888916015625,0.0,0.03712328639625164,0.004395015859915604,0.034879665316594505,0.22954524469034346,0.6466573697873307,0.060406160718731734,0.4137186334799259,3.4624864055836073,0.0
7175,0.18930763006210327,0.9230194091796875,0.0,0.037022594228937375,0.004395015859915604,0.034879665316594505,0.22954524469034346,0.6466573697873307,0.060406160718731734,0.4137186334799259,3.4624864055836073,0.0
7200,0.18927346169948578,0.923065185546875,0.0,0.0369222950803567,0.004395015859915604,0.034879665316594505,0.22954524469034346,0.6466573697873307,0.060406160718731734,0.4137186334799259,3.4624864055836073,0.0
7225,0.18923945724964142,0.9230499267578125,0.0,0.03682272483766362,0.004395015859915604,0.034879665316594505,0.22954524469034346,0.6466573697873307,0.060406160718731734,0.4137186334799259,3.4624864055836073,0.0
7250,0.18920564651489258,0.9230499267578125,0.0,0.036724263371608744,0.004395015859915604,0.034879665316594505,0.22954524469034346,0.6466573697873307,0.060406160718731734,0.4137186334799259,3.4624864055836073,0.0
7275,0.18917202949523926,0.9230499267578125,0.0,0.0366263442882307,0.004395015859915604,0.034879665316594505,0.22954524469034346,0.6466573697873307,0.060406160718731734,0.4137186334799259,3.4624864055836073,0.0
7300,0.18913857638835907,0.9230804443359375,0.0,0.03652951089049382,0.004395015859915604,0.034879665316594505,0.22954524469034346,0.6466573697873307,0.060406160718731734,0.4137186334799259,3.4624864055836073,0.0
7325,0.18910528719425201,0.9231719970703125,0.0,0.03643331099706902,0.004395015859915604,0.034879665316594505,0.22954524469034346,0.6466573697873307,0.060406160718731734,0.4137186334799259,3.4624864055836073,0.0
7350,0.18907219171524048,0.923187255859375,0.0,0.03633782646397318,0.004395015859915604,0.034879665316594505,0.22954524469034346,0.6466573697873307,0.060406160718731734,0.4137186334799259,3.4624864055836073,0.0
7375,0.18903926014900208,0.9232025146484375,0.0,0.036243159509522734,0.004395015859915604,0.034879665316594505,0.22954524469034346,0.6466573697873307,0.060406160718731734,0.4137186334799259,3.4624864055836073,0.0
7400,0.189006507396698,0.923187255859375,0.0,0.0361493119227514,0.004395015859915604,0.034879665316594505,0.22954524469034346,0.6466573697873307,0.060406160718731734,0.4137186334799259,3.4624864055836073,0.0
7425,0.18897391855716705,0.9232025146484375,0.0,0.03605593400227125,0.004395015859915604,0.034879665316594505,0.22954524469034346,0.6466573697873307,0.060406160718731734,0.4137186334799259,3.4624864055836073,0.0
7450,0.18894150853157043,0.9232025146484375,0.0,0.035963784560816676,0.004395015859915604,0.034879665316594505,0.22954524469034346,0.6466573697873307,0.060406160718731734,0.4137186334799259,3.4624864055836073,0.0
7475,0.18890926241874695,0.9232025146484375,0.0,0.03587228616594071,0.004395015859915604,0.034879665316594505,0.22954524469034346,0.6466573697873307,0.060406160718731734,0.4137186334799259,3.4624864055836073,0.0
7500,0.1888771653175354,0.9232177734375,0.0,0.03578123582458636,0.004395015859915604,0.034879665316594505,0.22954524469034346,0.6466573697873307,0.060406160718731734,0.4137186334799259,3.4624864055836073,0.0
7525,0.18884524703025818,0.9232177734375,0.0,0.035691017100837476,0.004395015859915604,0.034879665316594505,0.22954524469034346,0.6466573697873307,0.060406160718731734,0.4137186334799259,3.4624864055836073,0.0
7550,0.1888134628534317,0.9232635498046875,0.0,0.03560142334740775,0.004395015859915604,0.034879665316594505,0.22954524469034346,0.6466573697873307,0.060406160718731734,0.4137186334799259,3.4624864055836073,0.0
7575,0.18878185749053955,0.92327880859375,0.0,0.03551218785533033,0.004395015859915604,0.034879665316594505,0.22954524469034346,0.6466573697873307,0.060406160718731734,0.4137186334799259,3.4624864055836073,0.0
7600,0.18875041604042053,0.9232940673828125,0.0,0.035423833089982586,0.004395015859915604,0.034879665316594505,0.22954524469034346,0.6466573697873307,0.060406160718731734,0.4137186334799259,3.4624864055836073,0.0
7625,0.18871912360191345,0.923309326171875,0.0,0.03533599314302393,0.004395015859915604,0.034879665316594505,0.22954524469034346,0.6466573697873307,0.060406160718731734,0.4137186334799259,3.4624864055836073,0.0
7650,0.1886879801750183,0.92333984375,0.0,0.0352491360583695,0.004395015859915604,0.034879665316594505,0.22954524469034346,0.6466573697873307,0.060406160718731734,0.4137186334799259,3.4624864055836073,0.0
7675,0.1886569857597351,0.923370361328125,0.0,0.035162997443844365,0.004395015859915604,0.034879665316594505,0.22954524469034346,0.6466573697873307,0.060406160718731734,0.4137186334799259,3.4624864055836073,0.0
7700,0.18862615525722504,0.923431396484375,0.0,0.035077839326817156,0.004395015859915604,0.034879665316594505,0.22954524469034346,0.6466573697873307,0.060406160718731734,0.4137186334799259,3.4624864055836073,0.0
7725,0.18859544396400452,0.923431396484375,0.0,0.03499334505529271,0.004395015859915604,0.034879665316594505,0.22954524469034346,0.6466573697873307,0.060406160718731734,0.4137186334799259,3.4624864055836073,0.0
7750,0.18856491148471832,0.9234466552734375,0.0,0.03490948935573412,0.004395015859915604,0.034879665316594505,0.22954524469034346,0.6466573697873307,0.060406160718731734,0.4137186334799259,3.4624864055836073,0.0
7775,0.18853452801704407,0.923431396484375,0.0,0.0348258086671591,0.004395015859915604,0.034879665316594505,0.22954524469034346,0.6466573697873307,0.060406160718731734,0.4137186334799259,3.4624864055836073,0.0
7800,0.18850427865982056,0.9234619140625,0.0,0.034743639637397856,0.004395015859915604,0.034879665316594505,0.22954524469034346,0.6466573697873307,0.060406160718731734,0.4137186334799259,3.4624864055836073,0.0
7825,0.18847417831420898,0.9234466552734375,0.0,0.03466147763414946,0.004395015859915604,0.034879665316594505,0.22954524469034346,0.6466573697873307,0.060406160718731734,0.4137186334799259,3.4624864055836073,0.0
7850,0.18844419717788696,0.9234466552734375,0.0,0.03457962511334128,0.004395015859915604,0.034879665316594505,0.22954524469034346,0.6466573697873307,0.060406160718731734,0.4137186334799259,3.4624864055836073,0.0
7875,0.18841436505317688,0.9234619140625,0.0,0.03449834826725576,0.004395015859915604,0.034879665316594505,0.22954524469034346,0.6466573697873307,0.060406160718731734,0.4137186334799259,3.4624864055836073,0.0
7900,0.18838468194007874,0.9235076904296875,0.0,0.034418764903775635,0.004395015859915604,0.034879665316594505,0.22954524469034346,0.6466573697873307,0.060406160718731734,0.4137186334799259,3.4624864055836073,0.0
7925,0.18835514783859253,0.9235382080078125,0.0,0.03433915937943905,0.004395015859915604,0.034879665316594505,0.22954524469034346,0.6466573697873307,0.060406160718731734,0.4137186334799259,3.4624864055836073,0.0
7950,0.18832571804523468,0.92352294921875,0.0,0.03426046037875957,0.004395015859915604,0.034879665316594505,0.22954524469034346,0.6466573697873307,0.060406160718731734,0.4137186334799259,3.4624864055836073,0.0
7975,0.18829643726348877,0.9235076904296875,0.0,0.03418213733529172,0.004395015859915604,0.034879665316594505,0.22954524469034346,0.6466573697873307,0.060406160718731734,0.4137186334799259,3.4624864055836073,0.0
8000,0.1882673054933548,0.92352294921875,0.0,0.034103946251605954,0.004395015859915604,0.034879665316594505,0.22954524469034346,0.6466573697873307,0.060406160718731734,0.4137186334799259,3.4624864055836073,0.0
8025,0.18823829293251038,0.9235382080078125,0.0,0.034026849831138,0.004395015859915604,0.034879665316594505,0.22954524469034346,0.6466573697873307,0.060406160718731734,0.4137186334799259,3.4624864055836073,0.0
8050,0.1882093995809555,0.92352294921875,0.0,0.033950296988033486,0.004395015859915604,0.034879665316594505,0.22954524469034346,0.6466573697873307,0.060406160718731734,0.4137186334799259,3.4624864055836073,0.0
8075,0.18818065524101257,0.92352294921875,0.0,0.033873836606926104,0.004395015859915604,0.034879665316594505,0.22954524469034346,0.6466573697873307,0.060406160718731734,0.4137186334799259,3.4624864055836073,0.0
8100,0.1881520301103592,0.92352294921875,0.0,0.03379858561706535,0.004395015859915604,0.034879665316594505,0.22954524469034346,0.6466573697873307,0.060406160718731734,0.4137186334799259,3.4624864055836073,0.0
8125,0.18812352418899536,0.9235076904296875,0.0,0.033723381504847924,0.004395015859915604,0.034879665316594505,0.22954524469034346,0.6466573697873307,0.060406160718731734,0.4137186334799259,3.4624864055836073,0.0
8150,0.18809516727924347,0.923553466796875,0.0,0.033649008922342766,0.004395015859915604,0.034879665316594505,0.22954524469034346,0.6466573697873307,0.060406160718731734,0.4137186334799259,3.4624864055836073,0.0
8175,0.18806691467761993,0.9235992431640625,0.0,0.033574947712978774,0.004395015859915604,0.034879665316594505,0.22954524469034346,0.6466573697873307,0.060406160718731734,0.4137186334799259,3.4624864055836073,0.0
8200,0.18803879618644714,0.923583984375,0.0,0.033501737722172416,0.004395015859915604,0.034879665316594505,0.22954524469034346,0.6466573697873307,0.060406160718731734,0.4137186334799259,3.4624864055836073,0.0
8225,0.1880108118057251,0.923553466796875,0.0,0.03342870921413734,0.004395015859915604,0.034879665316594505,0.22954524469034346,0.6466573697873307,0.060406160718731734,0.4137186334799259,3.4624864055836073,0.0
8250,0.18798291683197021,0.9236297607421875,0.0,0.03335658193845337,0.004395015859915604,0.034879665316594505,0.22954524469034346,0.6466573697873307,0.060406160718731734,0.4137186334799259,3.4624864055836073,0.0
8275,0.18795515596866608,0.92364501953125,0.0,0.03328491242411357,0.004395015859915604,0.034879665316594505,0.22954524469034346,0.6466573697873307,0.060406160718731734,0.4137186334799259,3.4624864055836073,0.0
8300,0.1879275143146515,0.92364501953125,0.0,0.0332138722262853,0.004395015859915604,0.034879665316594505,0.22954524469034346,0.6466573697873307,0.060406160718731734,0.4137186334799259,3.4624864055836073,0.0
8325,0.18790000677108765,0.923614501953125,0.0,0.033143136258926766,0.004395015859915604,0.034879665316594505,0.22954524469034346,0.6466573697873307,0.060406160718731734,0.4137186334799259,3.4624864055836073,0.0
8350,0.18787258863449097,0.9236297607421875,0.0,0.033073116435890344,0.004395015859915604,0.034879665316594505,0.22954524469034346,0.6466573697873307,0.060406160718731734,0.4137186334799259,3.4624864055836073,0.0
8375,0.18784530460834503,0.9236602783203125,0.0,0.03300384363783207,0.004395015859915604,0.034879665316594505,0.22954524469034346,0.6466573697873307,0.060406160718731734,0.4137186334799259,3.4624864055836073,0.0
8400,0.18781812489032745,0.9236907958984375,0.0,0.03293481228983899,0.004395015859915604,0.034879665316594505,0.22954524469034346,0.6466573697873307,0.060406160718731734,0.4137186334799259,3.4624864055836073,0.0
8425,0.18779106438159943,0.9236907958984375,0.0,0.03286603825476835,0.004395015859915604,0.034879665316594505,0.22954524469034346,0.6466573697873307,0.060406160718731734,0.4137186334799259,3.4624864055836073,0.0
8450,0.18776410818099976,0.9237060546875,0.0,0.0327980697803872,0.004395015859915604,0.034879665316594505,0.22954524469034346,0.6466573697873307,0.060406160718731734,0.4137186334799259,3.4624864055836073,0.0
8475,0.18773727118968964,0.9237213134765625,0.0,0.03273016517304904,0.004395015859915604,0.034879665316594505,0.22954524469034346,0.6466573697873307,0.060406160718731734,0.4137186334799259,3.4624864055836073,0.0
8500,0.18771053850650787,0.9237213134765625,0.0,0.03266322278355174,0.004395015859915604,0.034879665316594505,0.22954524469034346,0.6466573697873307,0.060406160718731734,0.4137186334799259,3.4624864055836073,0.0
8525,0.18768393993377686,0.9237518310546875,0.0,0.03259695609196769,0.004395015859915604,0.034879665316594505,0.22954524469034346,0.6466573697873307,0.060406160718731734,0.4137186334799259,3.4624864055836073,0.0
8550,0.1876574158668518,0.9237823486328125,0.0,0.032531131927521474,0.004395015859915604,0.034879665316594505,0.22954524469034346,0.6466573697873307,0.060406160718731734,0.4137186334799259,3.4624864055836073,0.0
8575,0.1876310110092163,0.9238433837890625,0.0,0.032465310645160686,0.004395015859915604,0.034879665316594505,0.22954524469034346,0.6466573697873307,0.060406160718731734,0.4137186334799259,3.4624864055836073,0.0
8600,0.18760471045970917,0.9238739013671875,0.0,0.032400409125206635,0.004395015859915604,0.034879665316594505,0.22954524469034346,0.6466573697873307,0.060406160718731734,0.4137186334799259,3.4624864055836073,0.0
8625,0.18757851421833038,0.923858642578125,0.0,0.03233588000595122,0.004395015859915604,0.034879665316594505,0.22954524469034346,0.6466573697873307,0.060406160718731734,0.4137186334799259,3.4624864055836073,0.0
8650,0.18755242228507996,0.923858642578125,0.0,0.03227167210643821,0.004395015859915604,0.034879665316594505,0.22954524469034346,0.6466573697873307,0.060406160718731734,0.4137186334799259,3.4624864055836073,0.0
8675,0.18752643465995789,0.9238739013671875,0.0,0.03220815152707985,0.004395015859915604,0.034879665316594505,0.22954524469034346,0.6466573697873307,0.060406160718731734,0.4137186334799259,3.4624864055836073,0.0
8700,0.18750055134296417,0.92388916015625,0.0,0.03214496014714054,0.004395015859915604,0.034879665316594505,0.22954524469034346,0.6466573697873307,0.060406160718731734,0.4137186334799259,3.4624864055836073,0.0
8725,0.18747477233409882,0.92388916015625,0.0,0.03208218185316165,0.004395015859915604,0.034879665316594505,0.22954524469034346,0.6466573697873307,0.060406160718731734,0.4137186334799259,3.4624864055836073,0.0
8750,0.18744908273220062,0.9238739013671875,0.0,0.032019844284994825,0.004395015859915604,0.034879665316594505,0.22954524469034346,0.6466573697873307,0.060406160718731734,0.4137186334799259,3.4624864055836073,0.0
8775,0.1874234974384308,0.9238433837890625,0.0,0.03195824830851705,0.004395015859915604,0.034879665316594505,0.22954524469034346,0.6466573697873307,0.060406160718731734,0.4137186334799259,3.4624864055836073,0.0
8800,0.1873980164527893,0.923828125,0.0,0.031896973887148,0.004395015859915604,0.034879665316594505,0.22954524469034346,0.6466573697873307,0.060406160718731734,0.4137186334799259,3.4624864055836073,0.0
8825,0.187372624874115,0.923797607421875,0.0,0.03183629190707395,0.004395015859915604,0.034879665316594505,0.22954524469034346,0.6466573697873307,0.060406160718731734,0.4137186334799259,3.4624864055836073,0.0
8850,0.18734732270240784,0.9238128662109375,0.0,0.0317757018819916,0.004395015859915604,0.034879665316594505,0.22954524469034346,0.6466573697873307,0.060406160718731734,0.4137186334799259,3.4624864055836073,0.0
8875,0.18732213973999023,0.9238128662109375,0.0,0.03171577799464287,0.004395015859915604,0.034879665316594505,0.22954524469034346,0.6466573697873307,0.060406160718731734,0.4137186334799259,3.4624864055836073,0.0
8900,0.1872970312833786,0.923828125,0.0,0.0316560398908046,0.004395015859915604,0.034879665316594505,0.22954524469034346,0.6466573697873307,0.060406160718731734,0.4137186334799259,3.4624864055836073,0.0
8925,0.18727204203605652,0.923828125,0.0,0.031596696266491864,0.004395015859915604,0.034879665316594505,0.22954524469034346,0.6466573697873307,0.060406160718731734,0.4137186334799259,3.4624864055836073,0.0
8950,0.1872471123933792,0.9238433837890625,0.0,0.03153780978858398,0.004395015859915604,0.034879665316594505,0.22954524469034346,0.6466573697873307,0.060406160718731734,0.4137186334799259,3.4624864055836073,0.0
8975,0.18722230195999146,0.9238739013671875,0.0,0.031479682322262684,0.004395015859915604,0.034879665316594505,0.22954524469034346,0.6466573697873307,0.060406160718731734,0.4137186334799259,3.4624864055836073,0.0
9000,0.18719756603240967,0.9238739013671875,0.0,0.03142157593678155,0.004395015859915604,0.034879665316594505,0.22954524469034346,0.6466573697873307,0.060406160718731734,0.4137186334799259,3.4624864055836073,0.0
9025,0.18717291951179504,0.9239044189453125,0.0,0.03136344561500049,0.004395015859915604,0.034879665316594505,0.22954524469034346,0.6466573697873307,0.060406160718731734,0.4137186334799259,3.4624864055836073,0.0
9050,0.18714839220046997,0.9239044189453125,0.0,0.03130637728314942,0.004395015859915604,0.034879665316594505,0.22954524469034346,0.6466573697873307,0.060406160718731734,0.4137186334799259,3.4624864055836073,0.0
9075,0.18712392449378967,0.9239044189453125,0.0,0.03124934956609134,0.004395015859915604,0.034879665316594505,0.22954524469034346,0.6466573697873307,0.060406160718731734,0.4137186334799259,3.4624864055836073,0.0
9100,0.18709954619407654,0.923919677734375,0.0,0.031192968584919965,0.004395015859915604,0.034879665316594505,0.22954524469034346,0.6466573697873307,0.060406160718731734,0.4137186334799259,3.4624864055836073,0.0
9125,0.18707527220249176,0.9239501953125,0.0,0.031136768115401652,0.004395015859915604,0.034879665316594505,0.22954524469034346,0.6466573697873307,0.060406160718731734,0.4137186334799259,3.4624864055836073,0.0
9150,0.18705107271671295,0.9239349365234375,0.0,0.031081376213333917,0.004395015859915604,0.034879665316594505,0.22954524469034346,0.6466573697873307,0.060406160718731734,0.4137186334799259,3.4624864055836073,0.0
9175,0.1870269626379013,0.9239501953125,0.0,0.03102604775431932,0.004395015859915604,0.034879665316594505,0.22954524469034346,0.6466573697873307,0.060406160718731734,0.4137186334799259,3.4624864055836073,0.0
9200,0.18700295686721802,0.9239654541015625,0.0,0.030971384456337257,0.004395015859915604,0.034879665316594505,0.22954524469034346,0.6466573697873307,0.060406160718731734,0.4137186334799259,3.4624864055836073,0.0
9225,0.1869789958000183,0.9239654541015625,0.0,0.030916968604238322,0.004395015859915604,0.034879665316594505,0.22954524469034346,0.6466573697873307,0.060406160718731734,0.4137186334799259,3.4624864055836073,0.0
9250,0.18695515394210815,0.9239501953125,0.0,0.03086296402190388,0.004395015859915604,0.034879665316594505,0.22954524469034346,0.6466573697873307,0.060406160718731734,0.4137186334799259,3.4624864055836073,0.0
9275,0.18693137168884277,0.9239654541015625,0.0,0.03080921077869875,0.004395015859915604,0.034879665316594505,0.22954524469034346,0.6466573697873307,0.060406160718731734,0.4137186334799259,3.4624864055836073,0.0
9300,0.18690767884254456,0.9239501953125,0.0,0.03075555066077592,0.004395015859915604,0.034879665316594505,0.22954524469034346,0.6466573697873307,0.060406160718731734,0.4137186334799259,3.4624864055836073,0.0
9325,0.1868840754032135,0.923980712890625,0.0,0.03070246814663991,0.004395015859915604,0.034879665316594505,0.22954524469034346,0.6466573697873307,0.060406160718731734,0.4137186334799259,3.4624864055836073,0.0
9350,0.1868605613708496,0.9239959716796875,0.0,0.030649785454225077,0.004395015859915604,0.034879665316594505,0.22954524469034346,0.6466573697873307,0.060406160718731734,0.4137186334799259,3.4624864055836073,0.0
9375,0.1868371069431305,0.9240264892578125,0.0,0.03059770315051371,0.004395015859915604,0.034879665316594505,0.22954524469034346,0.6466573697873307,0.060406160718731734,0.4137186334799259,3.4624864055836073,0.0
9400,0.18681374192237854,0.9240570068359375,0.0,0.030545669333644946,0.004395015859915604,0.034879665316594505,0.22954524469034346,0.6466573697873307,0.060406160718731734,0.4137186334799259,3.4624864055836073,0.0
9425,0.18679045140743256,0.924041748046875,0.0,0.030494048579848335,0.004395015859915604,0.034879665316594505,0.22954524469034346,0.6466573697873307,0.060406160718731734,0.4137186334799259,3.4624864055836073,0.0
9450,0.18676723539829254,0.9240570068359375,0.0,0.03044309128637485,0.004395015859915604,0.034879665316594505,0.22954524469034346,0.6466573697873307,0.060406160718731734,0.4137186334799259,3.4624864055836073,0.0
9475,0.18674412369728088,0.9240570068359375,0.0,0.030392087979342952,0.004395015859915604,0.034879665316594505,0.22954524469034346,0.6466573697873307,0.060406160718731734,0.4137186334799259,3.4624864055836073,0.0
9500,0.1867210566997528,0.924072265625,0.0,0.03034129869534556,0.004395015859915604,0.034879665316594505,0.22954524469034346,0.6466573697873307,0.060406160718731734,0.4137186334799259,3.4624864055836073,0.0
9525,0.1866980791091919,0.9241180419921875,0.0,0.030291141262627903,0.004395015859915604,0.034879665316594505,0.22954524469034346,0.6466573697873307,0.060406160718731734,0.4137186334799259,3.4624864055836073,0.0
9550,0.18667517602443695,0.9240875244140625,0.0,0.030241573760569237,0.004395015859915604,0.034879665316594505,0.22954524469034346,0.6466573697873307,0.060406160718731734,0.4137186334799259,3.4624864055836073,0.0
9575,0.18665234744548798,0.9240875244140625,0.0,0.030192251918336587,0.004395015859915604,0.034879665316594505,0.22954524469034346,0.6466573697873307,0.060406160718731734,0.4137186334799259,3.4624864055836073,0.0
9600,0.18662959337234497,0.924102783203125,0.0,0.030143331664065767,0.004395015859915604,0.034879665316594505,0.22954524469034346,0.6466573697873307,0.060406160718731734,0.4137186334799259,3.4624864055836073,0.0
9625,0.18660691380500793,0.924102783203125,0.0,0.03009424941705705,0.004395015859915604,0.034879665316594505,0.22954524469034346,0.6466573697873307,0.060406160718731734,0.4137186334799259,3.4624864055836073,0.0
9650,0.18658430874347687,0.9241485595703125,0.0,0.03004570589482327,0.004395015859915604,0.034879665316594505,0.22954524469034346,0.6466573697873307,0.060406160718731734,0.4137186334799259,3.4624864055836073,0.0
9675,0.18656176328659058,0.92413330078125,0.0,0.029997597389113666,0.004395015859915604,0.034879665316594505,0.22954524469034346,0.6466573697873307,0.060406160718731734,0.4137186334799259,3.4624864055836073,0.0
9700,0.18653932213783264,0.924163818359375,0.0,0.029949705727116235,0.004395015859915604,0.034879665316594505,0.22954524469034346,0.6466573697873307,0.060406160718731734,0.4137186334799259,3.4624864055836073,0.0
9725,0.1865169256925583,0.9242095947265625,0.0,0.029902536667746202,0.004395015859915604,0.034879665316594505,0.22954524469034346,0.6466573697873307,0.060406160718731734,0.4137186334799259,3.4624864055836073,0.0
9750,0.1864946037530899,0.9241943359375,0.0,0.029855214849880605,0.004395015859915604,0.034879665316594505,0.22954524469034346,0.6466573697873307,0.060406160718731734,0.4137186334799259,3.4624864055836073,0.0
9775,0.1864723563194275,0.9241790771484375,0.0,0.02980788175158717,0.004395015859915604,0.034879665316594505,0.22954524469034346,0.6466573697873307,0.060406160718731734,0.4137186334799259,3.4624864055836073,0.0
9800,0.18645018339157104,0.9241790771484375,0.0,0.02976160524983776,0.004395015859915604,0.034879665316594505,0.22954524469034346,0.6466573697873307,0.060406160718731734,0.4137186334799259,3.4624864055836073,0.0
9825,0.18642807006835938,0.9242401123046875,0.0,0.029715397869612827,0.004395015859915604,0.034879665316594505,0.22954524469034346,0.6466573697873307,0.060406160718731734,0.4137186334799259,3.4624864055836073,0.0
9850,0.18640601634979248,0.9242401123046875,0.0,0.029669362933249337,0.004395015859915604,0.034879665316594505,0.22954524469034346,0.6466573697873307,0.060406160718731734,0.4137186334799259,3.4624864055836073,0.0
9875,0.18638405203819275,0.92425537109375,0.0,0.02962349561535631,0.004395015859915604,0.034879665316594505,0.22954524469034346,0.6466573697873307,0.060406160718731734,0.4137186334799259,3.4624864055836073,0.0
9900,0.1863621473312378,0.9242706298828125,0.0,0.02957842139363486,0.004395015859915604,0.034879665316594505,0.22954524469034346,0.6466573697873307,0.060406160718731734,0.4137186334799259,3.4624864055836073,0.0
9925,0.18634028732776642,0.9242706298828125,0.0,0.02953354811182775,0.004395015859915604,0.034879665316594505,0.22954524469034346,0.6466573697873307,0.060406160718731734,0.4137186334799259,3.4624864055836073,0.0
9950,0.1863185167312622,0.92425537109375,0.0,0.029488717877717487,0.004395015859915604,0.034879665316594505,0.22954524469034346,0.6466573697873307,0.060406160718731734,0.4137186334799259,3.4624864055836073,0.0
9975,0.18629682064056396,0.924285888671875,0.0,0.02944457548690049,0.004395015859915604,0.034879665316594505,0.22954524469034346,0.6466573697873307,0.060406160718731734,0.4137186334799259,3.4624864055836073,0.0
10000,0.1862751692533493,0.924285888671875,0.0,0.029400292638673733,0.004395015859915604,0.034879665316594505,0.22954524469034346,0.6466573697873307,0.060406160718731734,0.4137186334799259,3.4624864055836073,0.0
10025,0.1862536072731018,0.9243011474609375,0.0,0.029356662708613715,0.004395015859915604,0.034879665316594505,0.22954524469034346,0.6466573697873307,0.060406160718731734,0.4137186334799259,3.4624864055836073,0.0
10050,0.1862320899963379,0.9243011474609375,0.0,0.02931294890002851,0.004395015859915604,0.034879665316594505,0.22954524469034346,0.6466573697873307,0.060406160718731734,0.4137186334799259,3.4624864055836073,0.0
10075,0.18621063232421875,0.92431640625,0.0,0.02926961010570262,0.004395015859915604,0.034879665316594505,0.22954524469034346,0.6466573697873307,0.060406160718731734,0.4137186334799259,3.4624864055836073,0.0
10100,0.18618923425674438,0.9243316650390625,0.0,0.02922680063991711,0.004395015859915604,0.034879665316594505,0.22954524469034346,0.6466573697873307,0.060406160718731734,0.4137186334799259,3.4624864055836073,0.0
10125,0.18616792559623718,0.924346923828125,0.0,0.029184294047381126,0.004395015859915604,0.034879665316594505,0.22954524469034346,0.6466573697873307,0.060406160718731734,0.4137186334799259,3.4624864055836073,0.0
10150,0.18614664673805237,0.92437744140625,0.0,0.029141977304598436,0.004395015859915604,0.034879665316594505,0.22954524469034346,0.6466573697873307,0.060406160718731734,0.4137186334799259,3.4624864055836073,0.0
10175,0.18612545728683472,0.924346923828125,0.0,0.029099864272833065,0.004395015859915604,0.034879665316594505,0.22954524469034346,0.6466573697873307,0.060406160718731734,0.4137186334799259,3.4624864055836073,0.0
10200,0.18610432744026184,0.9243621826171875,0.0,0.029057950451807608,0.004395015859915604,0.034879665316594505,0.22954524469034346,0.6466573697873307,0.060406160718731734,0.4137186334799259,3.4624864055836073,0.0
10225,0.18608322739601135,0.92437744140625,0.0,0.029016251295033872,0.004395015859915604,0.034879665316594505,0.22954524469034346,0.6466573697873307,0.060406160718731734,0.4137186334799259,3.4624864055836073,0.0
10250,0.18606221675872803,0.9244232177734375,0.0,0.028974875565112884,0.004395015859915604,0.034879665316594505,0.22954524469034346,0.6466573697873307,0.060406160718731734,0.4137186334799259,3.4624864055836073,0.0
10275,0.18604126572608948,0.9244232177734375,0.0,0.02893383576819269,0.004395015859915604,0.034879665316594505,0.22954524469034346,0.6466573697873307,0.060406160718731734,0.4137186334799259,3.4624864055836073,0.0
10300,0.18602034449577332,0.9244537353515625,0.0,0.02889355079258965,0.004395015859915604,0.034879665316594505,0.22954524469034346,0.6466573697873307,0.060406160718731734,0.4137186334799259,3.4624864055836073,0.0
10325,0.18599951267242432,0.9244537353515625,0.0,0.028853317643185574,0.004395015859915604,0.034879665316594505,0.22954524469034346,0.6466573697873307,0.060406160718731734,0.4137186334799259,3.4624864055836073,0.0
10350,0.1859787255525589,0.924468994140625,0.0,0.028812899678929933,0.004395015859915604,0.034879665316594505,0.22954524469034346,0.6466573697873307,0.060406160718731734,0.4137186334799259,3.4624864055836073,0.0
10375,0.18595799803733826,0.9244842529296875,0.0,0.028773237847932565,0.004395015859915604,0.034879665316594505,0.22954524469034346,0.6466573697873307,0.060406160718731734,0.4137186334799259,3.4624864055836073,0.0
10400,0.1859373301267624,0.924468994140625,0.0,0.028733539304814638,0.004395015859915604,0.034879665316594505,0.22954524469034346,0.6466573697873307,0.060406160718731734,0.4137186334799259,3.4624864055836073,0.0
10425,0.1859167218208313,0.92449951171875,0.0,0.02869439807949586,0.004395015859915604,0.034879665316594505,0.22954524469034346,0.6466573697873307,0.060406160718731734,0.4137186334799259,3.4624864055836073,0.0
10450,0.1858961582183838,0.9244842529296875,0.0,0.028655204153371958,0.004395015859915604,0.034879665316594505,0.22954524469034346,0.6466573697873307,0.060406160718731734,0.4137186334799259,3.4624864055836073,0.0
10475,0.18587566912174225,0.92449951171875,0.0,0.028616601673108685,0.004395015859915604,0.034879665316594505,0.22954524469034346,0.6466573697873307,0.060406160718731734,0.4137186334799259,3.4624864055836073,0.0
10500,0.1858552247285843,0.9245147705078125,0.0,0.028577498745117905,0.004395015859915604,0.034879665316594505,0.22954524469034346,0.6466573697873307,0.060406160718731734,0.4137186334799259,3.4624864055836073,0.0
10525,0.1858348250389099,0.924530029296875,0.0,0.02853906003686076,0.004395015859915604,0.034879665316594505,0.22954524469034346,0.6466573697873307,0.060406160718731734,0.4137186334799259,3.4624864055836073,0.0
10550,0.1858144998550415,0.924560546875,0.0,0.028501074045074168,0.004395015859915604,0.034879665316594505,0.22954524469034346,0.6466573697873307,0.060406160718731734,0.4137186334799259,3.4624864055836073,0.0
10575,0.18579420447349548,0.924560546875,0.0,0.028462824473011874,0.004395015859915604,0.034879665316594505,0.22954524469034346,0.6466573697873307,0.060406160718731734,0.4137186334799259,3.4624864055836073,0.0
10600,0.18577398359775543,0.924560546875,0.0,0.028425018778677705,0.004395015859915604,0.034879665316594505,0.22954524469034346,0.6466573697873307,0.060406160718731734,0.4137186334799259,3.4624864055836073,0.0
10625,0.18575380742549896,0.924560546875,0.0,0.028387784075908,0.004395015859915604,0.034879665316594505,0.22954524469034346,0.6466573697873307,0.060406160718731734,0.4137186334799259,3.4624864055836073,0.0
10650,0.18573369085788727,0.924560546875,0.0,0.028350106790458438,0.004395015859915604,0.034879665316594505,0.22954524469034346,0.6466573697873307,0.060406160718731734,0.4137186334799259,3.4624864055836073,0.0
10675,0.18571363389492035,0.924591064453125,0.0,0.02831317620573732,0.004395015859915604,0.034879665316594505,0.22954524469034346,0.6466573697873307,0.060406160718731734,0.4137186334799259,3.4624864055836073,0.0
10700,0.18569360673427582,0.9246063232421875,0.0,0.028276332029575118,0.004395015859915604,0.034879665316594505,0.22954524469034346,0.6466573697873307,0.060406160718731734,0.4137186334799259,3.4624864055836073,0.0
10725,0.18567363917827606,0.9246368408203125,0.0,0.028239756450912975,0.004395015859915604,0.034879665316594505,0.22954524469034346,0.6466573697873307,0.060406160718731734,0.4137186334799259,3.4624864055836073,0.0
10750,0.18565373122692108,0.9246368408203125,0.0,0.02820296749170407,0.004395015859915604,0.034879665316594505,0.22954524469034346,0.6466573697873307,0.060406160718731734,0.4137186334799259,3.4624864055836073,0.0
10775,0.18563386797904968,0.9246826171875,0.0,0.028166963149630256,0.004395015859915604,0.034879665316594505,0.22954524469034346,0.6466573697873307,0.060406160718731734,0.4137186334799259,3.4624864055836073,0.0
10800,0.18561406433582306,0.9246826171875,0.0,0.028130921190805135,0.004395015859915604,0.034879665316594505,0.22954524469034346,0.6466573697873307,0.060406160718731734,0.4137186334799259,3.4624864055836073,0.0
10825,0.18559430539608002,0.9246978759765625,0.0,0.028095144570331035,0.004395015859915604,0.034879665316594505,0.22954524469034346,0.6466573697873307,0.060406160718731734,0.4137186334799259,3.4624864055836073,0.0
10850,0.18557459115982056,0.9247283935546875,0.0,0.028059344878842485,0.004395015859915604,0.034879665316594505,0.22954524469034346,0.6466573697873307,0.060406160718731734,0.4137186334799259,3.4624864055836073,0.0
10875,0.18555492162704468,0.9247283935546875,0.0,0.028024285767073845,0.004395015859915604,0.034879665316594505,0.22954524469034346,0.6466573697873307,0.060406160718731734,0.4137186334799259,3.4624864055836073,0.0
10900,0.18553531169891357,0.92474365234375,0.0,0.027989411546975908,0.004395015859915604,0.034879665316594505,0.22954524469034346,0.6466573697873307,0.060406160718731734,0.4137186334799259,3.4624864055836073,0.0
10925,0.18551576137542725,0.9247283935546875,0.0,0.027954569298258125,0.004395015859915604,0.034879665316594505,0.22954524469034346,0.6466573697873307,0.060406160718731734,0.4137186334799259,3.4624864055836073,0.0
10950,0.1854962557554245,0.9247589111328125,0.0,0.02791952991297932,0.004395015859915604,0.034879665316594505,0.22954524469034346,0.6466573697873307,0.060406160718731734,0.4137186334799259,3.4624864055836073,0.0
10975,0.18547677993774414,0.9247589111328125,0.0,0.02788518419700796,0.004395015859915604,0.034879665316594505,0.22954524469034346,0.6466573697873307,0.060406160718731734,0.4137186334799259,3.4624864055836073,0.0
11000,0.18545736372470856,0.924774169921875,0.0,0.02785153662084834,0.004395015859915604,0.034879665316594505,0.22954524469034346,0.6466573697873307,0.060406160718731734,0.4137186334799259,3.4624864055836073,0.0
11025,0.18543799221515656,0.9247894287109375,0.0,0.027817192298948325,0.004395015859915604,0.034879665316594505,0.22954524469034346,0.6466573697873307,0.060406160718731734,0.4137186334799259,3.4624864055836073,0.0
11050,0.18541868031024933,0.9248046875,0.0,0.027783099765108753,0.004395015859915604,0.034879665316594505,0.22954524469034346,0.6466573697873307,0.060406160718731734,0.4137186334799259,3.4624864055836073,0.0
11075,0.18539941310882568,0.9248046875,0.0,0.027749526882910658,0.004395015859915604,0.034879665316594505,0.22954524469034346,0.6466573697873307,0.060406160718731734,0.4137186334799259,3.4624864055836073,0.0
11100,0.18538016080856323,0.92486572265625,0.0,0.02771584570014259,0.004395015859915604,0.034879665316594505,0.22954524469034346,0.6466573697873307,0.060406160718731734,0.4137186334799259,3.4624864055836073,0.0
11125,0.18536098301410675,0.9248809814453125,0.0,0.02768317854887378,0.004395015859915604,0.034879665316594505,0.22954524469034346,0.6466573697873307,0.060406160718731734,0.4137186334799259,3.4624864055836073,0.0
11150,0.18534186482429504,0.92486572265625,0.0,0.027650491926977817,0.004395015859915604,0.034879665316594505,0.22954524469034346,0.6466573697873307,0.060406160718731734,0.4137186334799259,3.4624864055836073,0.0
11175,0.18532274663448334,0.9248809814453125,0.0,0.027618005128049503,0.004395015859915604,0.034879665316594505,0.22954524469034346,0.6466573697873307,0.060406160718731734,0.4137186334799259,3.4624864055836073,0.0
11200,0.1853037178516388,0.9249114990234375,0.0,0.027585175775220565,0.004395015859915604,0.034879665316594505,0.22954524469034346,0.6466573697873307,0.060406160718731734,0.4137186334799259,3.4624864055836073,0.0
11225,0.18528470396995544,0.924896240234375,0.0,0.02755300599792305,0.004395015859915604,0.034879665316594505,0.22954524469034346,0.6466573697873307,0.060406160718731734,0.4137186334799259,3.4624864055836073,0.0
11250,0.18526574969291687,0.924896240234375,0.0,0.027520938788653145,0.004395015859915604,0.034879665316594505,0.22954524469034346,0.6466573697873307,0.060406160718731734,0.4137186334799259,3.4624864055836073,0.0
11275,0.18524684011936188,0.924896240234375,0.0,0.02748853020120384,0.004395015859915604,0.034879665316594505,0.22954524469034346,0.6466573697873307,0.060406160718731734,0.4137186334799259,3.4624864055836073,0.0
11300,0.18522796034812927,0.9249114990234375,0.0,0.027456753968718557,0.004395015859915604,0.034879665316594505,0.22954524469034346,0.6466573697873307,0.060406160718731734,0.4137186334799259,3.4624864055836073,0.0
11325,0.18520915508270264,0.9249114990234375,0.0,0.027424659908806125,0.004395015859915604,0.034879665316594505,0.22954524469034346,0.6466573697873307,0.060406160718731734,0.4137186334799259,3.4624864055836073,0.0
11350,0.1851903647184372,0.9249114990234375,0.0,0.027392883197818192,0.004395015859915604,0.034879665316594505,0.22954524469034346,0.6466573697873307,0.060406160718731734,0.4137186334799259,3.4624864055836073,0.0
11375,0.18517161905765533,0.924957275390625,0.0,0.027361801454803072,0.004395015859915604,0.034879665316594505,0.22954524469034346,0.6466573697873307,0.060406160718731734,0.4137186334799259,3.4624864055836073,0.0
11400,0.18515293300151825,0.9249420166015625,0.0,0.02733074044701819,0.004395015859915604,0.034879665316594505,0.22954524469034346,0.6466573697873307,0.060406160718731734,0.4137186334799259,3.4624864055836073,0.0
11425,0.18513427674770355,0.92498779296875,0.0,0.02730010165720569,0.004395015859915604,0.034879665316594505,0.22954524469034346,0.6466573697873307,0.060406160718731734,0.4137186334799259,3.4624864055836073,0.0
11450,0.18511566519737244,0.924957275390625,0.0,0.027269328560690524,0.004395015859915604,0.034879665316594505,0.22954524469034346,0.6466573697873307,0.060406160718731734,0.4137186334799259,3.4624864055836073,0.0
11475,0.1850970983505249,0.924957275390625,0.0,0.0272387920462483,0.004395015859915604,0.034879665316594505,0.22954524469034346,0.6466573697873307,0.060406160718731734,0.4137186334799259,3.4624864055836073,0.0
11500,0.18507856130599976,0.924957275390625,0.0,0.02720882684603598,0.004395015859915604,0.034879665316594505,0.22954524469034346,0.6466573697873307,0.060406160718731734,0.4137186334799259,3.4624864055836073,0.0
11525,0.1850600689649582,0.924957275390625,0.0,0.02717849672100139,0.004395015859915604,0.034879665316594505,0.22954524469034346,0.6466573697873307,0.060406160718731734,0.4137186334799259,3.4624864055836073,0.0
11550,0.1850416362285614,0.9249725341796875,0.0,0.027148856256448074,0.004395015859915604,0.034879665316594505,0.22954524469034346,0.6466573697873307,0.060406160718731734,0.4137186334799259,3.4624864055836073,0.0
11575,0.1850232183933258,0.924957275390625,0.0,0.027118491666857123,0.004395015859915604,0.034879665316594505,0.22954524469034346,0.6466573697873307,0.060406160718731734,0.4137186334799259,3.4624864055836073,0.0
11600,0.18500486016273499,0.92498779296875,0.0,0.02708906708806407,0.004395015859915604,0.034879665316594505,0.22954524469034346,0.6466573697873307,0.060406160718731734,0.4137186334799259,3.4624864055836073,0.0
11625,0.18498653173446655,0.925018310546875,0.0,0.027059743161035987,0.004395015859915604,0.034879665316594505,0.22954524469034346,0.6466573697873307,0.060406160718731734,0.4137186334799259,3.4624864055836073,0.0
11650,0.1849682480096817,0.925018310546875,0.0,0.027030431673485674,0.004395015859915604,0.034879665316594505,0.22954524469034346,0.6466573697873307,0.060406160718731734,0.4137186334799259,3.4624864055836073,0.0
11675,0.18494999408721924,0.925018310546875,0.0,0.027002324333335725,0.004395015859915604,0.034879665316594505,0.22954524469034346,0.6466573697873307,0.060406160718731734,0.4137186334799259,3.4624864055836073,0.0
11700,0.18493178486824036,0.9250335693359375,0.0,0.026973523695098443,0.004395015859915604,0.034879665316594505,0.22954524469034346,0.6466573697873307,0.060406160718731734,0.4137186334799259,3.4624864055836073,0.0
11725,0.18491360545158386,0.9250335693359375,0.0,0.02694499448247096,0.004395015859915604,0.034879665316594505,0.22954524469034346,0.6466573697873307,0.060406160718731734,0.4137186334799259,3.4624864055836073,0.0
11750,0.18489548563957214,0.925048828125,0.0,0.026916410703172428,0.004395015859915604,0.034879665316594505,0.22954524469034346,0.6466573697873307,0.060406160718731734,0.4137186334799259,3.4624864055836073,0.0
11775,0.1848773956298828,0.925048828125,0.0,0.026887515805962024,0.004395015859915604,0.034879665316594505,0.22954524469034346,0.6466573697873307,0.060406160718731734,0.4137186334799259,3.4624864055836073,0.0
11800,0.18485933542251587,0.9250640869140625,0.0,0.026859619463059047,0.004395015859915604,0.034879665316594505,0.22954524469034346,0.6466573697873307,0.060406160718731734,0.4137186334799259,3.4624864055836073,0.0
11825,0.1848413050174713,0.9250335693359375,0.0,0.026831059258094554,0.004395015859915604,0.034879665316594505,0.22954524469034346,0.6466573697873307,0.060406160718731734,0.4137186334799259,3.4624864055836073,0.0
11850,0.18482333421707153,0.9250335693359375,0.0,0.02680307436145219,0.004395015859915604,0.034879665316594505,0.22954524469034346,0.6466573697873307,0.060406160718731734,0.4137186334799259,3.4624864055836073,0.0
11875,0.18480539321899414,0.9250640869140625,0.0,0.026775197803905405,0.004395015859915604,0.034879665316594505,0.22954524469034346,0.6466573697873307,0.060406160718731734,0.4137186334799259,3.4624864055836073,0.0
11900,0.18478748202323914,0.9250640869140625,0.0,0.026747872894043807,0.004395015859915604,0.034879665316594505,0.22954524469034346,0.6466573697873307,0.060406160718731734,0.4137186334799259,3.4624864055836073,0.0
11925,0.1847696155309677,0.925048828125,0.0,0.02672025042292541,0.004395015859915604,0.034879665316594505,0.22954524469034346,0.6466573697873307,0.060406160718731734,0.4137186334799259,3.4624864055836073,0.0
11950,0.18475179374217987,0.925048828125,0.0,0.026692444801223285,0.004395015859915604,0.034879665316594505,0.22954524469034346,0.6466573697873307,0.060406160718731734,0.4137186334799259,3.4624864055836073,0.0
11975,0.18473398685455322,0.925079345703125,0.0,0.026665486378880856,0.004395015859915604,0.034879665316594505,0.22954524469034346,0.6466573697873307,0.060406160718731734,0.4137186334799259,3.4624864055836073,0.0
12000,0.18471625447273254,0.9250946044921875,0.0,0.026638769616188027,0.004395015859915604,0.034879665316594505,0.22954524469034346,0.6466573697873307,0.060406160718731734,0.4137186334799259,3.4624864055836073,0.0
12025,0.18469852209091187,0.9250946044921875,0.0,0.026611913234577105,0.004395015859915604,0.034879665316594505,0.22954524469034346,0.6466573697873307,0.060406160718731734,0.4137186334799259,3.4624864055836073,0.0
12050,0.18468083441257477,0.9250946044921875,0.0,0.026585358496240878,0.004395015859915604,0.034879665316594505,0.22954524469034346,0.6466573697873307,0.060406160718731734,0.4137186334799259,3.4624864055836073,0.0
12075,0.18466317653656006,0.925079345703125,0.0,0.0265589932119103,0.004395015859915604,0.034879665316594505,0.22954524469034346,0.6466573697873307,0.060406160718731734,0.4137186334799259,3.4624864055836073,0.0
12100,0.18464554846286774,0.9250946044921875,0.0,0.026532802675934896,0.004395015859915604,0.034879665316594505,0.22954524469034346,0.6466573697873307,0.060406160718731734,0.4137186334799259,3.4624864055836073,0.0
12125,0.1846279799938202,0.92510986328125,0.0,0.026506759276074165,0.004395015859915604,0.034879665316594505,0.22954524469034346,0.6466573697873307,0.060406160718731734,0.4137186334799259,3.4624864055836073,0.0
12150,0.18461042642593384,0.92510986328125,0.0,0.026480767720290874,0.004395015859915604,0.034879665316594505,0.22954524469034346,0.6466573697873307,0.060406160718731734,0.4137186334799259,3.4624864055836073,0.0
12175,0.18459291756153107,0.9251251220703125,0.0,0.02645534999726377,0.004395015859915604,0.034879665316594505,0.22954524469034346,0.6466573697873307,0.060406160718731734,0.4137186334799259,3.4624864055836073,0.0
12200,0.18457543849945068,0.925140380859375,0.0,0.026429265401796517,0.004395015859915604,0.034879665316594505,0.22954524469034346,0.6466573697873307,0.060406160718731734,0.4137186334799259,3.4624864055836073,0.0
12225,0.1845579892396927,0.925140380859375,0.0,0.026403839802827424,0.004395015859915604,0.034879665316594505,0.22954524469034346,0.6466573697873307,0.060406160718731734,0.4137186334799259,3.4624864055836073,0.0
12250,0.18454056978225708,0.9251556396484375,0.0,0.02637822146154322,0.004395015859915604,0.034879665316594505,0.22954524469034346,0.6466573697873307,0.060406160718731734,0.4137186334799259,3.4624864055836073,0.0
12275,0.18452319502830505,0.9251556396484375,0.0,0.026353065814952264,0.004395015859915604,0.034879665316594505,0.22954524469034346,0.6466573697873307,0.060406160718731734,0.4137186334799259,3.4624864055836073,0.0
12300,0.18450585007667542,0.925140380859375,0.0,0.026327729570144804,0.004395015859915604,0.034879665316594505,0.22954524469034346,0.6466573697873307,0.060406160718731734,0.4137186334799259,3.4624864055836073,0.0
12325,0.18448853492736816,0.92510986328125,0.0,0.02630334370644992,0.004395015859915604,0.034879665316594505,0.22954524469034346,0.6466573697873307,0.060406160718731734,0.4137186334799259,3.4624864055836073,0.0
12350,0.1844712644815445,0.925140380859375,0.0,0.02627916609640383,0.004395015859915604,0.034879665316594505,0.22954524469034346,0.6466573697873307,0.060406160718731734,0.4137186334799259,3.4624864055836073,0.0
12375,0.18445400893688202,0.9251556396484375,0.0,0.026254659156803986,0.004395015859915604,0.034879665316594505,0.22954524469034346,0.6466573697873307,0.060406160718731734,0.4137186334799259,3.4624864055836073,0.0
12400,0.18443679809570312,0.9251861572265625,0.0,0.026229843842571047,0.004395015859915604,0.034879665316594505,0.22954524469034346,0.6466573697873307,0.060406160718731734,0.4137186334799259,3.4624864055836073,0.0
12425,0.18441960215568542,0.925201416015625,0.0,0.026205252398432844,0.004395015859915604,0.034879665316594505,0.22954524469034346,0.6466573697873307,0.060406160718731734,0.4137186334799259,3.4624864055836073,0.0
12450,0.1844024658203125,0.925201416015625,0.0,0.026181402695772585,0.004395015859915604,0.034879665316594505,0.22954524469034346,0.6466573697873307,0.060406160718731734,0.4137186334799259,3.4624864055836073,0.0
12475,0.18438532948493958,0.9252166748046875,0.0,0.026157460722120517,0.004395015859915604,0.034879665316594505,0.22954524469034346,0.6466573697873307,0.060406160718731734,0.4137186334799259,3.4624864055836073,0.0
12500,0.18436825275421143,0.9252166748046875,0.0,0.026133095203754713,0.004395015859915604,0.034879665316594505,0.22954524469034346,0.6466573697873307,0.060406160718731734,0.4137186334799259,3.4624864055836073,0.0
12525,0.18435117602348328,0.9252471923828125,0.0,0.026108674982299546,0.004395015859915604,0.034879665316594505,0.22954524469034346,0.6466573697873307,0.060406160718731734,0.4137186334799259,3.4624864055836073,0.0
12550,0.1843341588973999,0.9252471923828125,0.0,0.02608505284660173,0.004395015859915604,0.034879665316594505,0.22954524469034346,0.6466573697873307,0.060406160718731734,0.4137186334799259,3.4624864055836073,0.0
12575,0.18431717157363892,0.9252471923828125,0.0,0.0260611467302463,0.004395015859915604,0.034879665316594505,0.22954524469034346,0.6466573697873307,0.060406160718731734,0.4137186334799259,3.4624864055836073,0.0
12600,0.18430019915103912,0.9252471923828125,0.0,0.026038056207869267,0.004395015859915604,0.034879665316594505,0.22954524469034346,0.6466573697873307,0.060406160718731734,0.4137186334799259,3.4624864055836073,0.0
12625,0.1842832714319229,0.925262451171875,0.0,0.026014856116516976,0.004395015859915604,0.034879665316594505,0.22954524469034346,0.6466573697873307,0.060406160718731734,0.4137186334799259,3.4624864055836073,0.0
12650,0.1842663586139679,0.9252777099609375,0.0,0.02599161155754068,0.004395015859915604,0.034879665316594505,0.22954524469034346,0.6466573697873307,0.060406160718731734,0.4137186334799259,3.4624864055836073,0.0
12675,0.18424949049949646,0.9252777099609375,0.0,0.025968171565997917,0.004395015859915604,0.034879665316594505,0.22954524469034346,0.6466573697873307,0.060406160718731734,0.4137186334799259,3.4624864055836073,0.0
12700,0.1842326521873474,0.9252777099609375,0.0,0.025944769422933847,0.004395015859915604,0.034879665316594505,0.22954524469034346,0.6466573697873307,0.060406160718731734,0.4137186334799259,3.4624864055836073,0.0
12725,0.18421584367752075,0.9252777099609375,0.0,0.025921402500234884,0.004395015859915604,0.034879665316594505,0.22954524469034346,0.6466573697873307,0.060406160718731734,0.4137186334799259,3.4624864055836073,0.0
12750,0.1841990351676941,0.925262451171875,0.0,0.025898858486559748,0.004395015859915604,0.034879665316594505,0.22954524469034346,0.6466573697873307,0.060406160718731734,0.4137186334799259,3.4624864055836073,0.0
12775,0.1841823011636734,0.925262451171875,0.0,0.025876021398666623,0.004395015859915604,0.034879665316594505,0.22954524469034346,0.6466573697873307,0.060406160718731734,0.4137186334799259,3.4624864055836073,0.0
12800,0.1841655671596527,0.925262451171875,0.0,0.025853304041347495,0.004395015859915604,0.034879665316594505,0.22954524469034346,0.6466573697873307,0.060406160718731734,0.4137186334799259,3.4624864055836073,0.0
12825,0.1841488778591156,0.925262451171875,0.0,0.025831112452491287,0.004395015859915604,0.034879665316594505,0.22954524469034346,0.6466573697873307,0.060406160718731734,0.4137186334799259,3.4624864055836073,0.0
12850,0.18413220345973969,0.92529296875,0.0,0.0258091253314471,0.004395015859915604,0.034879665316594505,0.22954524469034346,0.6466573697873307,0.060406160718731734,0.4137186334799259,3.4624864055836073,0.0
12875,0.18411557376384735,0.92529296875,0.0,0.025786788870896634,0.004395015859915604,0.034879665316594505,0.22954524469034346,0.6466573697873307,0.060406160718731734,0.4137186334799259,3.4624864055836073,0.0
12900,0.1840989589691162,0.9253082275390625,0.0,0.025764867370649314,0.004395015859915604,0.034879665316594505,0.22954524469034346,0.6466573697873307,0.060406160718731734,0.4137186334799259,3.4624864055836073,0.0
12925,0.18408238887786865,0.9253082275390625,0.0,0.025743103933159525,0.004395015859915604,0.034879665316594505,0.22954524469034346,0.6466573697873307,0.060406160718731734,0.4137186334799259,3.4624864055836073,0.0
12950,0.1840658187866211,0.9253082275390625,0.0,0.025721048639532403,0.004395015859915604,0.034879665316594505,0.22954524469034346,0.6466573697873307,0.060406160718731734,0.4137186334799259,3.4624864055836073,0.0
12975,0.1840493083000183,0.9253082275390625,0.0,0.02569910311627138,0.004395015859915604,0.034879665316594505,0.22954524469034346,0.6466573697873307,0.060406160718731734,0.4137186334799259,3.4624864055836073,0.0
13000,0.18403279781341553,0.92529296875,0.0,0.025677506294057517,0.004395015859915604,0.034879665316594505,0.22954524469034346,0.6466573697873307,0.060406160718731734,0.4137186334799259,3.4624864055836073,0.0
13025,0.18401633203029633,0.9253082275390625,0.0,0.025656158898538232,0.004395015859915604,0.034879665316594505,0.22954524469034346,0.6466573697873307,0.060406160718731734,0.4137186334799259,3.4624864055836073,0.0
13050,0.1839998960494995,0.9252777099609375,0.0,0.025634811319157874,0.004395015859915604,0.034879665316594505,0.22954524469034346,0.6466573697873307,0.060406160718731734,0.4137186334799259,3.4624864055836073,0.0
13075,0.1839834749698639,0.92529296875,0.0,0.025613197844846277,0.004395015859915604,0.034879665316594505,0.22954524469034346,0.6466573697873307,0.060406160718731734,0.4137186334799259,3.4624864055836073,0.0
13100,0.18396708369255066,0.92529296875,0.0,0.02559174928512107,0.004395015859915604,0.034879665316594505,0.22954524469034346,0.6466573697873307,0.060406160718731734,0.4137186334799259,3.4624864055836073,0.0
13125,0.183950737118721,0.925262451171875,0.0,0.025570260555118393,0.004395015859915604,0.034879665316594505,0.22954524469034346,0.6466573697873307,0.060406160718731734,0.4137186334799259,3.4624864055836073,0.0
13150,0.18393440544605255,0.925262451171875,0.0,0.02554915287703757,0.004395015859915604,0.034879665316594505,0.22954524469034346,0.6466573697873307,0.060406160718731734,0.4137186334799259,3.4624864055836073,0.0
13175,0.1839180886745453,0.925262451171875,0.0,0.025528471489486577,0.004395015859915604,0.034879665316594505,0.22954524469034346,0.6466573697873307,0.060406160718731734,0.4137186334799259,3.4624864055836073,0.0
13200,0.1839018166065216,0.9252777099609375,0.0,0.025507853055014594,0.004395015859915604,0.034879665316594505,0.22954524469034346,0.6466573697873307,0.060406160718731734,0.4137186334799259,3.4624864055836073,0.0
13225,0.18388555943965912,0.92529296875,0.0,0.025486998519821183,0.004395015859915604,0.034879665316594505,0.22954524469034346,0.6466573697873307,0.060406160718731734,0.4137186334799259,3.4624864055836073,0.0
13250,0.18386933207511902,0.9253082275390625,0.0,0.025466475732540166,0.004395015859915604,0.034879665316594505,0.22954524469034346,0.6466573697873307,0.060406160718731734,0.4137186334799259,3.4624864055836073,0.0
13275,0.1838531196117401,0.92529296875,0.0,0.025445633509928563,0.004395015859915604,0.034879665316594505,0.22954524469034346,0.6466573697873307,0.060406160718731734,0.4137186334799259,3.4624864055836073,0.0
13300,0.1838369518518448,0.9253082275390625,0.0,0.025424953695311923,0.004395015859915604,0.034879665316594505,0.22954524469034346,0.6466573697873307,0.060406160718731734,0.4137186334799259,3.4624864055836073,0.0
13325,0.18382081389427185,0.9253082275390625,0.0,0.025405084745387194,0.004395015859915604,0.034879665316594505,0.22954524469034346,0.6466573697873307,0.060406160718731734,0.4137186334799259,3.4624864055836073,0.0
13350,0.1838046908378601,0.9252777099609375,0.0,0.02538513126769621,0.004395015859915604,0.034879665316594505,0.22954524469034346,0.6466573697873307,0.060406160718731734,0.4137186334799259,3.4624864055836073,0.0
13375,0.18378858268260956,0.9252777099609375,0.0,0.025365062867850965,0.004395015859915604,0.034879665316594505,0.22954524469034346,0.6466573697873307,0.060406160718731734,0.4137186334799259,3.4624864055836073,0.0
13400,0.1837725043296814,0.9252777099609375,0.0,0.0253455810453296,0.004395015859915604,0.034879665316594505,0.22954524469034346,0.6466573697873307,0.060406160718731734,0.4137186334799259,3.4624864055836073,0.0
13425,0.18375647068023682,0.92529296875,0.0,0.025325375254661803,0.004395015859915604,0.034879665316594505,0.22954524469034346,0.6466573697873307,0.060406160718731734,0.4137186334799259,3.4624864055836073,0.0
13450,0.18374045193195343,0.925323486328125,0.0,0.025305762984155395,0.004395015859915604,0.034879665316594505,0.22954524469034346,0.6466573697873307,0.060406160718731734,0.4137186334799259,3.4624864055836073,0.0
13475,0.18372444808483124,0.9253387451171875,0.0,0.0252859640247035,0.004395015859915604,0.034879665316594505,0.22954524469034346,0.6466573697873307,0.060406160718731734,0.4137186334799259,3.4624864055836073,0.0
13500,0.18370845913887024,0.9253387451171875,0.0,0.025266494526963425,0.004395015859915604,0.034879665316594505,0.22954524469034346,0.6466573697873307,0.060406160718731734,0.4137186334799259,3.4624864055836073,0.0
13525,0.18369252979755402,0.92535400390625,0.0,0.025247633115073928,0.004395015859915604,0.034879665316594505,0.22954524469034346,0.6466573697873307,0.060406160718731734,0.4137186334799259,3.4624864055836073,0.0
13550,0.1836766004562378,0.9253387451171875,0.0,0.025228490571053787,0.004395015859915604,0.034879665316594505,0.22954524469034346,0.6466573697873307,0.060406160718731734,0.4137186334799259,3.4624864055836073,0.0
13575,0.18366070091724396,0.925323486328125,0.0,0.025209579393311324,0.004395015859915604,0.034879665316594505,0.22954524469034346,0.6466573697873307,0.060406160718731734,0.4137186334799259,3.4624864055836073,0.0
13600,0.1836448311805725,0.925323486328125,0.0,0.025190623053745538,0.004395015859915604,0.034879665316594505,0.22954524469034346,0.6466573697873307,0.060406160718731734,0.4137186334799259,3.4624864055836073,0.0
13625,0.18362897634506226,0.925323486328125,0.0,0.02517202038555797,0.004395015859915604,0.034879665316594505,0.22954524469034346,0.6466573697873307,0.060406160718731734,0.4137186334799259,3.4624864055836073,0.0
13650,0.1836131364107132,0.925323486328125,0.0,0.02515328034619624,0.004395015859915604,0.034879665316594505,0.22954524469034346,0.6466573697873307,0.060406160718731734,0.4137186334799259,3.4624864055836073,0.0
13675,0.18359734117984772,0.9253387451171875,0.0,0.025134405724830965,0.004395015859915604,0.034879665316594505,0.22954524469034346,0.6466573697873307,0.060406160718731734,0.4137186334799259,3.4624864055836073,0.0
13700,0.18358156085014343,0.925323486328125,0.0,0.025115739566092518,0.004395015859915604,0.034879665316594505,0.22954524469034346,0.6466573697873307,0.060406160718731734,0.4137186334799259,3.4624864055836073,0.0
13725,0.18356579542160034,0.9253082275390625,0.0,0.02509693525149155,0.004395015859915604,0.034879665316594505,0.22954524469034346,0.6466573697873307,0.060406160718731734,0.4137186334799259,3.4624864055836073,0.0
13750,0.18355005979537964,0.925323486328125,0.0,0.025078649180111368,0.004395015859915604,0.034879665316594505,0.22954524469034346,0.6466573697873307,0.060406160718731734,0.4137186334799259,3.4624864055836073,0.0
13775,0.18353435397148132,0.9253387451171875,0.0,0.025060168145699956,0.004395015859915604,0.034879665316594505,0.22954524469034346,0.6466573697873307,0.060406160718731734,0.4137186334799259,3.4624864055836073,0.0
13800,0.183518648147583,0.925384521484375,0.0,0.025041962378411935,0.004395015859915604,0.034879665316594505,0.22954524469034346,0.6466573697873307,0.060406160718731734,0.4137186334799259,3.4624864055836073,0.0
13825,0.18350300192832947,0.925384521484375,0.0,0.02502339856026873,0.004395015859915604,0.034879665316594505,0.22954524469034346,0.6466573697873307,0.060406160718731734,0.4137186334799259,3.4624864055836073,0.0
13850,0.18348734080791473,0.9253692626953125,0.0,0.025004411755127274,0.004395015859915604,0.034879665316594505,0.22954524469034346,0.6466573697873307,0.060406160718731734,0.4137186334799259,3.4624864055836073,0.0
13875,0.18347173929214478,0.925384521484375,0.0,0.024986575595122396,0.004395015859915604,0.034879665316594505,0.22954524469034346,0.6466573697873307,0.060406160718731734,0.4137186334799259,3.4624864055836073,0.0
13900,0.183456152677536,0.9253997802734375,0.0,0.024968466758316713,0.004395015859915604,0.034879665316594505,0.22954524469034346,0.6466573697873307,0.060406160718731734,0.4137186334799259,3.4624864055836073,0.0
13925,0.18344056606292725,0.9254302978515625,0.0,0.02495060622101027,0.004395015859915604,0.034879665316594505,0.22954524469034346,0.6466573697873307,0.060406160718731734,0.4137186334799259,3.4624864055836073,0.0
13950,0.18342500925064087,0.925445556640625,0.0,0.024932917498736776,0.004395015859915604,0.034879665316594505,0.22954524469034346,0.6466573697873307,0.060406160718731734,0.4137186334799259,3.4624864055836073,0.0
13975,0.18340948224067688,0.925384521484375,0.0,0.024915215346171832,0.004395015859915604,0.034879665316594505,0.22954524469034346,0.6466573697873307,0.060406160718731734,0.4137186334799259,3.4624864055836073,0.0
14000,0.18339398503303528,0.925384521484375,0.0,0.02489732021690865,0.004395015859915604,0.034879665316594505,0.22954524469034346,0.6466573697873307,0.060406160718731734,0.4137186334799259,3.4624864055836073,0.0
14025,0.18337848782539368,0.925384521484375,0.0,0.024879780450551815,0.004395015859915604,0.034879665316594505,0.22954524469034346,0.6466573697873307,0.060406160718731734,0.4137186334799259,3.4624864055836073,0.0
14050,0.18336302042007446,0.9253692626953125,0.0,0.02486271856403615,0.004395015859915604,0.034879665316594505,0.22954524469034346,0.6466573697873307,0.060406160718731734,0.4137186334799259,3.4624864055836073,0.0
14075,0.18334758281707764,0.9253692626953125,0.0,0.024845102109902314,0.004395015859915604,0.034879665316594505,0.22954524469034346,0.6466573697873307,0.060406160718731734,0.4137186334799259,3.4624864055836073,0.0
14100,0.183332160115242,0.925384521484375,0.0,0.024827758560309405,0.004395015859915604,0.034879665316594505,0.22954524469034346,0.6466573697873307,0.060406160718731734,0.4137186334799259,3.4624864055836073,0.0
14125,0.18331676721572876,0.925384521484375,0.0,0.02481006535215863,0.004395015859915604,0.034879665316594505,0.22954524469034346,0.6466573697873307,0.060406160718731734,0.4137186334799259,3.4624864055836073,0.0
14150,0.1833013892173767,0.9253997802734375,0.0,0.02479280213447165,0.004395015859915604,0.034879665316594505,0.22954524469034346,0.6466573697873307,0.060406160718731734,0.4137186334799259,3.4624864055836073,0.0
14175,0.18328604102134705,0.9254302978515625,0.0,0.024775661604049856,0.004395015859915604,0.034879665316594505,0.22954524469034346,0.6466573697873307,0.060406160718731734,0.4137186334799259,3.4624864055836073,0.0
14200,0.18327069282531738,0.9254302978515625,0.0,0.02475875606441413,0.004395015859915604,0.034879665316594505,0.22954524469034346,0.6466573697873307,0.060406160718731734,0.4137186334799259,3.4624864055836073,0.0
14225,0.1832553744316101,0.9254150390625,0.0,0.024741853710451123,0.004395015859915604,0.034879665316594505,0.22954524469034346,0.6466573697873307,0.060406160718731734,0.4137186334799259,3.4624864055836073,0.0
14250,0.18324008584022522,0.9254302978515625,0.0,0.02472509623937037,0.004395015859915604,0.034879665316594505,0.22954524469034346,0.6466573697873307,0.060406160718731734,0.4137186334799259,3.4624864055836073,0.0
14275,0.18322481215000153,0.925445556640625,0.0,0.024708276730538065,0.004395015859915604,0.034879665316594505,0.22954524469034346,0.6466573697873307,0.060406160718731734,0.4137186334799259,3.4624864055836073,0.0
14300,0.18320956826210022,0.9254302978515625,0.0,0.02469184634997875,0.004395015859915604,0.034879665316594505,0.22954524469034346,0.6466573697873307,0.060406160718731734,0.4137186334799259,3.4624864055836073,0.0
14325,0.1831943392753601,0.9254608154296875,0.0,0.024675026480923515,0.004395015859915604,0.034879665316594505,0.22954524469034346,0.6466573697873307,0.060406160718731734,0.4137186334799259,3.4624864055836073,0.0
14350,0.18317911028862,0.9254608154296875,0.0,0.024658410240447935,0.004395015859915604,0.034879665316594505,0.22954524469034346,0.6466573697873307,0.060406160718731734,0.4137186334799259,3.4624864055836073,0.0
14375,0.18316392600536346,0.92547607421875,0.0,0.024641568299733334,0.004395015859915604,0.034879665316594505,0.22954524469034346,0.6466573697873307,0.060406160718731734,0.4137186334799259,3.4624864055836073,0.0
14400,0.18314875662326813,0.9254913330078125,0.0,0.024625387548000505,0.004395015859915604,0.034879665316594505,0.22954524469034346,0.6466573697873307,0.060406160718731734,0.4137186334799259,3.4624864055836073,0.0
14425,0.18313360214233398,0.9254913330078125,0.0,0.024608659111377537,0.004395015859915604,0.034879665316594505,0.22954524469034346,0.6466573697873307,0.060406160718731734,0.4137186334799259,3.4624864055836073,0.0
14450,0.18311847746372223,0.9254913330078125,0.0,0.02459223501074784,0.004395015859915604,0.034879665316594505,0.22954524469034346,0.6466573697873307,0.060406160718731734,0.4137186334799259,3.4624864055836073,0.0
14475,0.18310336768627167,0.925506591796875,0.0,0.02457595953459531,0.004395015859915604,0.034879665316594505,0.22954524469034346,0.6466573697873307,0.060406160718731734,0.4137186334799259,3.4624864055836073,0.0
14500,0.1830882728099823,0.925506591796875,0.0,0.024559889950783485,0.004395015859915604,0.034879665316594505,0.22954524469034346,0.6466573697873307,0.060406160718731734,0.4137186334799259,3.4624864055836073,0.0
14525,0.18307320773601532,0.925506591796875,0.0,0.024544199861229514,0.004395015859915604,0.034879665316594505,0.22954524469034346,0.6466573697873307,0.060406160718731734,0.4137186334799259,3.4624864055836073,0.0
14550,0.18305814266204834,0.9255218505859375,0.0,0.02452794242878188,0.004395015859915604,0.034879665316594505,0.22954524469034346,0.6466573697873307,0.060406160718731734,0.4137186334799259,3.4624864055836073,0.0
14575,0.18304312229156494,0.925537109375,0.0,0.02451247811156956,0.004395015859915604,0.034879665316594505,0.22954524469034346,0.6466573697873307,0.060406160718731734,0.4137186334799259,3.4624864055836073,0.0
14600,0.18302810192108154,0.925537109375,0.0,0.024497227560479347,0.004395015859915604,0.034879665316594505,0.22954524469034346,0.6466573697873307,0.060406160718731734,0.4137186334799259,3.4624864055836073,0.0
14625,0.18301311135292053,0.9255523681640625,0.0,0.024481010803355255,0.004395015859915604,0.034879665316594505,0.22954524469034346,0.6466573697873307,0.060406160718731734,0.4137186334799259,3.4624864055836073,0.0
14650,0.1829981505870819,0.925567626953125,0.0,0.024465414297935938,0.004395015859915604,0.034879665316594505,0.22954524469034346,0.6466573697873307,0.060406160718731734,0.4137186334799259,3.4624864055836073,0.0
14675,0.1829831898212433,0.925567626953125,0.0,0.02444984379825287,0.004395015859915604,0.034879665316594505,0.22954524469034346,0.6466573697873307,0.060406160718731734,0.4137186334799259,3.4624864055836073,0.0
14700,0.18296825885772705,0.9255523681640625,0.0,0.024433816746984863,0.004395015859915604,0.034879665316594505,0.22954524469034346,0.6466573697873307,0.060406160718731734,0.4137186334799259,3.4624864055836073,0.0
14725,0.18295332789421082,0.9255523681640625,0.0,0.024418769171319486,0.004395015859915604,0.034879665316594505,0.22954524469034346,0.6466573697873307,0.060406160718731734,0.4137186334799259,3.4624864055836073,0.0
14750,0.18293842673301697,0.9255523681640625,0.0,0.024403278117522024,0.004395015859915604,0.034879665316594505,0.22954524469034346,0.6466573697873307,0.060406160718731734,0.4137186334799259,3.4624864055836073,0.0
14775,0.1829235702753067,0.9255523681640625,0.0,0.024387677205374863,0.004395015859915604,0.034879665316594505,0.22954524469034346,0.6466573697873307,0.060406160718731734,0.4137186334799259,3.4624864055836073,0.0
14800,0.18290869891643524,0.925567626953125,0.0,0.024372556505974672,0.004395015859915604,0.034879665316594505,0.22954524469034346,0.6466573697873307,0.060406160718731734,0.4137186334799259,3.4624864055836073,0.0
14825,0.18289385735988617,0.92559814453125,0.0,0.024357584332214608,0.004395015859915604,0.034879665316594505,0.22954524469034346,0.6466573697873307,0.060406160718731734,0.4137186334799259,3.4624864055836073,0.0
14850,0.1828790307044983,0.9256134033203125,0.0,0.02434232599937156,0.004395015859915604,0.034879665316594505,0.22954524469034346,0.6466573697873307,0.060406160718731734,0.4137186334799259,3.4624864055836073,0.0
14875,0.1828642189502716,0.925628662109375,0.0,0.024327371831903498,0.004395015859915604,0.034879665316594505,0.22954524469034346,0.6466573697873307,0.060406160718731734,0.4137186334799259,3.4624864055836073,0.0
14900,0.1828494518995285,0.925628662109375,0.0,0.024312373488651517,0.004395015859915604,0.034879665316594505,0.22954524469034346,0.6466573697873307,0.060406160718731734,0.4137186334799259,3.4624864055836073,0.0
14925,0.1828346848487854,0.925628662109375,0.0,0.024298118766176435,0.004395015859915604,0.034879665316594505,0.22954524469034346,0.6466573697873307,0.060406160718731734,0.4137186334799259,3.4624864055836073,0.0
14950,0.1828199177980423,0.925628662109375,0.0,0.024283706902941616,0.004395015859915604,0.034879665316594505,0.22954524469034346,0.6466573697873307,0.060406160718731734,0.4137186334799259,3.4624864055836073,0.0
14975,0.18280518054962158,0.9256439208984375,0.0,0.02426884600661653,0.004395015859915604,0.034879665316594505,0.22954524469034346,0.6466573697873307,0.060406160718731734,0.4137186334799259,3.4624864055836073,0.0
15000,0.18279047310352325,0.925628662109375,0.0,0.024253668272110705,0.004395015859915604,0.034879665316594505,0.22954524469034346,0.6466573697873307,0.060406160718731734,0.4137186334799259,3.4624864055836073,0.0
15025,0.18277578055858612,0.925628662109375,0.0,0.024239513354660437,0.004395015859915604,0.034879665316594505,0.22954524469034346,0.6466573697873307,0.060406160718731734,0.4137186334799259,3.4624864055836073,0.0
15050,0.18276110291481018,0.925628662109375,0.0,0.02422508267765953,0.004395015859915604,0.034879665316594505,0.22954524469034346,0.6466573697873307,0.060406160718731734,0.4137186334799259,3.4624864055836073,0.0
15075,0.18274644017219543,0.925628662109375,0.0,0.02421067702939741,0.004395015859915604,0.034879665316594505,0.22954524469034346,0.6466573697873307,0.060406160718731734,0.4137186334799259,3.4624864055836073,0.0
15100,0.18273179233074188,0.9256439208984375,0.0,0.024196498339460665,0.004395015859915604,0.034879665316594505,0.22954524469034346,0.6466573697873307,0.060406160718731734,0.4137186334799259,3.4624864055836073,0.0
15125,0.18271715939044952,0.9256591796875,0.0,0.024182362727355182,0.004395015859915604,0.034879665316594505,0.22954524469034346,0.6466573697873307,0.060406160718731734,0.4137186334799259,3.4624864055836073,0.0
15150,0.18270254135131836,0.9256439208984375,0.0,0.024168261497234573,0.004395015859915604,0.034879665316594505,0.22954524469034346,0.6466573697873307,0.060406160718731734,0.4137186334799259,3.4624864055836073,0.0
15175,0.18268796801567078,0.9256591796875,0.0,0.02415411022078019,0.004395015859915604,0.034879665316594505,0.22954524469034346,0.6466573697873307,0.060406160718731734,0.4137186334799259,3.4624864055836073,0.0
15200,0.1826733946800232,0.9256591796875,0.0,0.024139817836880215,0.004395015859915604,0.034879665316594505,0.22954524469034346,0.6466573697873307,0.060406160718731734,0.4137186334799259,3.4624864055836073,0.0
15225,0.1826588213443756,0.9256744384765625,0.0,0.024125700563912944,0.004395015859915604,0.034879665316594505,0.22954524469034346,0.6466573697873307,0.060406160718731734,0.4137186334799259,3.4624864055836073,0.0
15250,0.18264427781105042,0.92572021484375,0.0,0.024111725140707217,0.004395015859915604,0.034879665316594505,0.22954524469034346,0.6466573697873307,0.060406160718731734,0.4137186334799259,3.4624864055836073,0.0
15275,0.1826297640800476,0.9257354736328125,0.0,0.024097952283443917,0.004395015859915604,0.034879665316594505,0.22954524469034346,0.6466573697873307,0.060406160718731734,0.4137186334799259,3.4624864055836073,0.0
15300,0.1826152503490448,0.9257354736328125,0.0,0.02408360214776038,0.004395015859915604,0.034879665316594505,0.22954524469034346,0.6466573697873307,0.060406160718731734,0.4137186334799259,3.4624864055836073,0.0
15325,0.18260075151920319,0.9257354736328125,0.0,0.024069463541005674,0.004395015859915604,0.034879665316594505,0.22954524469034346,0.6466573697873307,0.060406160718731734,0.4137186334799259,3.4624864055836073,0.0
15350,0.18258628249168396,0.9257354736328125,0.0,0.024055837309175064,0.004395015859915604,0.034879665316594505,0.22954524469034346,0.6466573697873307,0.060406160718731734,0.4137186334799259,3.4624864055836073,0.0
15375,0.18257182836532593,0.9257354736328125,0.0,0.0240424433505455,0.004395015859915604,0.034879665316594505,0.22954524469034346,0.6466573697873307,0.060406160718731734,0.4137186334799259,3.4624864055836073,0.0
15400,0.1825573891401291,0.925750732421875,0.0,0.024028782147432162,0.004395015859915604,0.034879665316594505,0.22954524469034346,0.6466573697873307,0.060406160718731734,0.4137186334799259,3.4624864055836073,0.0
15425,0.18254294991493225,0.9257354736328125,0.0,0.02401490394124383,0.004395015859915604,0.034879665316594505,0.22954524469034346,0.6466573697873307,0.060406160718731734,0.4137186334799259,3.4624864055836073,0.0
15450,0.182528555393219,0.925750732421875,0.0,0.024001943908370314,0.004395015859915604,0.034879665316594505,0.22954524469034346,0.6466573697873307,0.060406160718731734,0.4137186334799259,3.4624864055836073,0.0
15475,0.18251416087150574,0.925750732421875,0.0,0.023988142038797667,0.004395015859915604,0.034879665316594505,0.22954524469034346,0.6466573697873307,0.060406160718731734,0.4137186334799259,3.4624864055836073,0.0
15500,0.18249976634979248,0.925750732421875,0.0,0.023975175549002314,0.004395015859915604,0.034879665316594505,0.22954524469034346,0.6466573697873307,0.060406160718731734,0.4137186334799259,3.4624864055836073,0.0
15525,0.1824854016304016,0.92578125,0.0,0.02396192765875183,0.004395015859915604,0.034879665316594505,0.22954524469034346,0.6466573697873307,0.060406160718731734,0.4137186334799259,3.4624864055836073,0.0
15550,0.18247106671333313,0.9257965087890625,0.0,0.023948925165222016,0.004395015859915604,0.034879665316594505,0.22954524469034346,0.6466573697873307,0.060406160718731734,0.4137186334799259,3.4624864055836073,0.0
15575,0.18245673179626465,0.9257965087890625,0.0,0.023935528877418837,0.004395015859915604,0.034879665316594505,0.22954524469034346,0.6466573697873307,0.060406160718731734,0.4137186334799259,3.4624864055836073,0.0
15600,0.18244241178035736,0.925811767578125,0.0,0.02392247019003935,0.004395015859915604,0.034879665316594505,0.22954524469034346,0.6466573697873307,0.060406160718731734,0.4137186334799259,3.4624864055836073,0.0
15625,0.18242812156677246,0.925811767578125,0.0,0.02390906394661112,0.004395015859915604,0.034879665316594505,0.22954524469034346,0.6466573697873307,0.060406160718731734,0.4137186334799259,3.4624864055836073,0.0
15650,0.18241384625434875,0.925811767578125,0.0,0.02389594313226706,0.004395015859915604,0.034879665316594505,0.22954524469034346,0.6466573697873307,0.060406160718731734,0.4137186334799259,3.4624864055836073,0.0
15675,0.18239957094192505,0.9258270263671875,0.0,0.023882701281568653,0.004395015859915604,0.034879665316594505,0.22954524469034346,0.6466573697873307,0.060406160718731734,0.4137186334799259,3.4624864055836073,0.0
15700,0.18238531053066254,0.92584228515625,0.0,0.02386941039210752,0.004395015859915604,0.034879665316594505,0.22954524469034346,0.6466573697873307,0.060406160718731734,0.4137186334799259,3.4624864055836073,0.0
15725,0.1823710799217224,0.92584228515625,0.0,0.02385653930945107,0.004395015859915604,0.034879665316594505,0.22954524469034346,0.6466573697873307,0.060406160718731734,0.4137186334799259,3.4624864055836073,0.0
15750,0.1823568493127823,0.92584228515625,0.0,0.023843640108212695,0.004395015859915604,0.034879665316594505,0.22954524469034346,0.6466573697873307,0.060406160718731734,0.4137186334799259,3.4624864055836073,0.0
15775,0.18234264850616455,0.9258575439453125,0.0,0.023830607957187548,0.004395015859915604,0.034879665316594505,0.22954524469034346,0.6466573697873307,0.060406160718731734,0.4137186334799259,3.4624864055836073,0.0
15800,0.182328462600708,0.9258575439453125,0.0,0.023818131780840416,0.004395015859915604,0.034879665316594505,0.22954524469034346,0.6466573697873307,0.060406160718731734,0.4137186334799259,3.4624864055836073,0.0
15825,0.18231427669525146,0.9258880615234375,0.0,0.02380562192865796,0.004395015859915604,0.034879665316594505,0.22954524469034346,0.6466573697873307,0.060406160718731734,0.4137186334799259,3.4624864055836073,0.0
15850,0.1823001205921173,0.9258880615234375,0.0,0.023793401217961786,0.004395015859915604,0.034879665316594505,0.22954524469034346,0.6466573697873307,0.060406160718731734,0.4137186334799259,3.4624864055836073,0.0
15875,0.18228597939014435,0.9259033203125,0.0,0.023781061079298234,0.004395015859915604,0.034879665316594505,0.22954524469034346,0.6466573697873307,0.060406160718731734,0.4137186334799259,3.4624864055836073,0.0
15900,0.18227185308933258,0.9259033203125,0.0,0.023768558133156856,0.004395015859915604,0.034879665316594505,0.22954524469034346,0.6466573697873307,0.060406160718731734,0.4137186334799259,3.4624864055836073,0.0
15925,0.1822577267885208,0.9259185791015625,0.0,0.023756003994781626,0.004395015859915604,0.034879665316594505,0.22954524469034346,0.6466573697873307,0.060406160718731734,0.4137186334799259,3.4624864055836073,0.0
15950,0.18224364519119263,0.9259490966796875,0.0,0.02374330828932185,0.004395015859915604,0.034879665316594505,0.22954524469034346,0.6466573697873307,0.060406160718731734,0.4137186334799259,3.4624864055836073,0.0
15975,0.18222954869270325,0.92596435546875,0.0,0.023731470668863174,0.004395015859915604,0.034879665316594505,0.22954524469034346,0.6466573697873307,0.060406160718731734,0.4137186334799259,3.4624864055836073,0.0
16000,0.18221548199653625,0.92596435546875,0.0,0.023719059549464343,0.004395015859915604,0.034879665316594505,0.22954524469034346,0.6466573697873307,0.060406160718731734,0.4137186334799259,3.4624864055836073,0.0
16025,0.18220141530036926,0.9259796142578125,0.0,0.023706525472367408,0.004395015859915604,0.034879665316594505,0.22954524469034346,0.6466573697873307,0.060406160718731734,0.4137186334799259,3.4624864055836073,0.0
16050,0.18218737840652466,0.92596435546875,0.0,0.023694387875126406,0.004395015859915604,0.034879665316594505,0.22954524469034346,0.6466573697873307,0.060406160718731734,0.4137186334799259,3.4624864055836073,0.0
16075,0.18217334151268005,0.9259796142578125,0.0,0.023682908262282438,0.004395015859915604,0.034879665316594505,0.22954524469034346,0.6466573697873307,0.060406160718731734,0.4137186334799259,3.4624864055836073,0.0
16100,0.18215933442115784,0.9259796142578125,0.0,0.02367056890581985,0.004395015859915604,0.034879665316594505,0.22954524469034346,0.6466573697873307,0.060406160718731734,0.4137186334799259,3.4624864055836073,0.0
16125,0.18214532732963562,0.9259796142578125,0.0,0.023658614454283473,0.004395015859915604,0.034879665316594505,0.22954524469034346,0.6466573697873307,0.060406160718731734,0.4137186334799259,3.4624864055836073,0.0
16150,0.1821313500404358,0.9259796142578125,0.0,0.02364626690779339,0.004395015859915604,0.034879665316594505,0.22954524469034346,0.6466573697873307,0.060406160718731734,0.4137186334799259,3.4624864055836073,0.0
16175,0.18211737275123596,0.92596435546875,0.0,0.023634704649275126,0.004395015859915604,0.034879665316594505,0.22954524469034346,0.6466573697873307,0.060406160718731734,0.4137186334799259,3.4624864055836073,0.0
16200,0.18210341036319733,0.92596435546875,0.0,0.023622740618177273,0.004395015859915604,0.034879665316594505,0.22954524469034346,0.6466573697873307,0.060406160718731734,0.4137186334799259,3.4624864055836073,0.0
16225,0.18208946287631989,0.92596435546875,0.0,0.023611110868388907,0.004395015859915604,0.034879665316594505,0.22954524469034346,0.6466573697873307,0.060406160718731734,0.4137186334799259,3.4624864055836073,0.0
16250,0.18207554519176483,0.925994873046875,0.0,0.02359864746421769,0.004395015859915604,0.034879665316594505,0.22954524469034346,0.6466573697873307,0.060406160718731734,0.4137186334799259,3.4624864055836073,0.0
16275,0.18206162750720978,0.925994873046875,0.0,0.02358692807674468,0.004395015859915604,0.034879665316594505,0.22954524469034346,0.6466573697873307,0.060406160718731734,0.4137186334799259,3.4624864055836073,0.0
16300,0.18204772472381592,0.9260101318359375,0.0,0.02357503409453548,0.004395015859915604,0.034879665316594505,0.22954524469034346,0.6466573697873307,0.060406160718731734,0.4137186334799259,3.4624864055836073,0.0
16325,0.18203383684158325,0.925994873046875,0.0,0.023563616282779306,0.004395015859915604,0.034879665316594505,0.22954524469034346,0.6466573697873307,0.060406160718731734,0.4137186334799259,3.4624864055836073,0.0
16350,0.18201996386051178,0.9260101318359375,0.0,0.023552173792735283,0.004395015859915604,0.034879665316594505,0.22954524469034346,0.6466573697873307,0.060406160718731734,0.4137186334799259,3.4624864055836073,0.0
16375,0.1820060908794403,0.9260101318359375,0.0,0.02354064022479079,0.004395015859915604,0.034879665316594505,0.22954524469034346,0.6466573697873307,0.060406160718731734,0.4137186334799259,3.4624864055836073,0.0
16400,0.18199226260185242,0.9260101318359375,0.0,0.0235282597630261,0.004395015859915604,0.034879665316594505,0.22954524469034346,0.6466573697873307,0.060406160718731734,0.4137186334799259,3.4624864055836073,0.0
16425,0.18197841942310333,0.925994873046875,0.0,0.02351689092910637,0.004395015859915604,0.034879665316594505,0.22954524469034346,0.6466573697873307,0.060406160718731734,0.4137186334799259,3.4624864055836073,0.0
16450,0.18196459114551544,0.925994873046875,0.0,0.023505752832451838,0.004395015859915604,0.034879665316594505,0.22954524469034346,0.6466573697873307,0.060406160718731734,0.4137186334799259,3.4624864055836073,0.0
16475,0.18195079267024994,0.9259796142578125,0.0,0.023494223713537484,0.004395015859915604,0.034879665316594505,0.22954524469034346,0.6466573697873307,0.060406160718731734,0.4137186334799259,3.4624864055836073,0.0
16500,0.18193699419498444,0.92596435546875,0.0,0.023483088328098613,0.004395015859915604,0.034879665316594505,0.22954524469034346,0.6466573697873307,0.060406160718731734,0.4137186334799259,3.4624864055836073,0.0
16525,0.18192322552204132,0.9259796142578125,0.0,0.023471884144332236,0.004395015859915604,0.034879665316594505,0.22954524469034346,0.6466573697873307,0.060406160718731734,0.4137186334799259,3.4624864055836073,0.0
16550,0.181909441947937,0.9259796142578125,0.0,0.02346059727381868,0.004395015859915604,0.034879665316594505,0.22954524469034346,0.6466573697873307,0.060406160718731734,0.4137186334799259,3.4624864055836073,0.0
16575,0.18189570307731628,0.9259796142578125,0.0,0.02344878780352129,0.004395015859915604,0.034879665316594505,0.22954524469034346,0.6466573697873307,0.060406160718731734,0.4137186334799259,3.4624864055836073,0.0
16600,0.18188196420669556,0.9259796142578125,0.0,0.023437166486507833,0.004395015859915604,0.034879665316594505,0.22954524469034346,0.6466573697873307,0.060406160718731734,0.4137186334799259,3.4624864055836073,0.0
16625,0.18186822533607483,0.926025390625,0.0,0.023426050406828033,0.004395015859915604,0.034879665316594505,0.22954524469034346,0.6466573697873307,0.060406160718731734,0.4137186334799259,3.4624864055836073,0.0
16650,0.1818545162677765,0.9260406494140625,0.0,0.02341499871812893,0.004395015859915604,0.034879665316594505,0.22954524469034346,0.6466573697873307,0.060406160718731734,0.4137186334799259,3.4624864055836073,0.0
16675,0.18184082210063934,0.9260406494140625,0.0,0.023403696981481956,0.004395015859915604,0.034879665316594505,0.22954524469034346,0.6466573697873307,0.060406160718731734,0.4137186334799259,3.4624864055836073,0.0
16700,0.1818271279335022,0.926055908203125,0.0,0.023393074749114697,0.004395015859915604,0.034879665316594505,0.22954524469034346,0.6466573697873307,0.060406160718731734,0.4137186334799259,3.4624864055836073,0.0
16725,0.18181344866752625,0.926055908203125,0.0,0.023382359026009266,0.004395015859915604,0.034879665316594505,0.22954524469034346,0.6466573697873307,0.060406160718731734,0.4137186334799259,3.4624864055836073,0.0
16750,0.1817997843027115,0.926055908203125,0.0,0.023370857918768143,0.004395015859915604,0.034879665316594505,0.22954524469034346,0.6466573697873307,0.060406160718731734,0.4137186334799259,3.4624864055836073,0.0
16775,0.18178614974021912,0.9260406494140625,0.0,0.023359919756142836,0.004395015859915604,0.034879665316594505,0.22954524469034346,0.6466573697873307,0.060406160718731734,0.4137186334799259,3.4624864055836073,0.0
16800,0.18177251517772675,0.926055908203125,0.0,0.023348992054364293,0.004395015859915604,0.034879665316594505,0.22954524469034346,0.6466573697873307,0.060406160718731734,0.4137186334799259,3.4624864055836073,0.0
16825,0.18175888061523438,0.9260711669921875,0.0,0.023338082901738146,0.004395015859915604,0.034879665316594505,0.22954524469034346,0.6466573697873307,0.060406160718731734,0.4137186334799259,3.4624864055836073,0.0
16850,0.1817452609539032,0.9261016845703125,0.0,0.02332731924183265,0.004395015859915604,0.034879665316594505,0.22954524469034346,0.6466573697873307,0.060406160718731734,0.4137186334799259,3.4624864055836073,0.0
16875,0.1817316859960556,0.926116943359375,0.0,0.023315860299267178,0.004395015859915604,0.034879665316594505,0.22954524469034346,0.6466573697873307,0.060406160718731734,0.4137186334799259,3.4624864055836073,0.0
16900,0.18171809613704681,0.9260711669921875,0.0,0.023304796501927197,0.004395015859915604,0.034879665316594505,0.22954524469034346,0.6466573697873307,0.060406160718731734,0.4137186334799259,3.4624864055836073,0.0
16925,0.18170452117919922,0.9260711669921875,0.0,0.023294141538981857,0.004395015859915604,0.034879665316594505,0.22954524469034346,0.6466573697873307,0.060406160718731734,0.4137186334799259,3.4624864055836073,0.0
16950,0.18169096112251282,0.9260711669921875,0.0,0.023283598929035504,0.004395015859915604,0.034879665316594505,0.22954524469034346,0.6466573697873307,0.060406160718731734,0.4137186334799259,3.4624864055836073,0.0
16975,0.1816774159669876,0.92608642578125,0.0,0.02327288090690001,0.004395015859915604,0.034879665316594505,0.22954524469034346,0.6466573697873307,0.060406160718731734,0.4137186334799259,3.4624864055836073,0.0
17000,0.1816638857126236,0.926116943359375,0.0,0.023262929553284403,0.004395015859915604,0.034879665316594505,0.22954524469034346,0.6466573697873307,0.060406160718731734,0.4137186334799259,3.4624864055836073,0.0
17025,0.18165037035942078,0.926116943359375,0.0,0.023252863028103456,0.004395015859915604,0.034879665316594505,0.22954524469034346,0.6466573697873307,0.060406160718731734,0.4137186334799259,3.4624864055836073,0.0
17050,0.18163685500621796,0.9261016845703125,0.0,0.023242680093441517,0.004395015859915604,0.034879665316594505,0.22954524469034346,0.6466573697873307,0.060406160718731734,0.4137186334799259,3.4624864055836073,0.0
17075,0.18162335455417633,0.926116943359375,0.0,0.0232325054254871,0.004395015859915604,0.034879665316594505,0.22954524469034346,0.6466573697873307,0.060406160718731734,0.4137186334799259,3.4624864055836073,0.0
17100,0.1816098690032959,0.9261322021484375,0.0,0.023221979173485965,0.004395015859915604,0.034879665316594505,0.22954524469034346,0.6466573697873307,0.060406160718731734,0.4137186334799259,3.4624864055836073,0.0
17125,0.18159639835357666,0.9261322021484375,0.0,0.023211366131640116,0.004395015859915604,0.034879665316594505,0.22954524469034346,0.6466573697873307,0.060406160718731734,0.4137186334799259,3.4624864055836073,0.0
17150,0.18158292770385742,0.9261474609375,0.0,0.023200796539348974,0.004395015859915604,0.034879665316594505,0.22954524469034346,0.6466573697873307,0.060406160718731734,0.4137186334799259,3.4624864055836073,0.0
17175,0.18156945705413818,0.926177978515625,0.0,0.02319101952278443,0.004395015859915604,0.034879665316594505,0.22954524469034346,0.6466573697873307,0.060406160718731734,0.4137186334799259,3.4624864055836073,0.0
17200,0.18155603110790253,0.926177978515625,0.0,0.023180539155806718,0.004395015859915604,0.034879665316594505,0.22954524469034346,0.6466573697873307,0.060406160718731734,0.4137186334799259,3.4624864055836073,0.0
17225,0.18154259026050568,0.926177978515625,0.0,0.02317032816152832,0.004395015859915604,0.034879665316594505,0.22954524469034346,0.6466573697873307,0.060406160718731734,0.4137186334799259,3.4624864055836073,0.0
17250,0.1815291792154312,0.926177978515625,0.0,0.023160024719468233,0.004395015859915604,0.034879665316594505,0.22954524469034346,0.6466573697873307,0.060406160718731734,0.4137186334799259,3.4624864055836073,0.0
17275,0.18151578307151794,0.92620849609375,0.0,0.02315046196364909,0.004395015859915604,0.034879665316594505,0.22954524469034346,0.6466573697873307,0.060406160718731734,0.4137186334799259,3.4624864055836073,0.0
17300,0.18150240182876587,0.9262237548828125,0.0,0.023140299502065167,0.004395015859915604,0.034879665316594505,0.22954524469034346,0.6466573697873307,0.060406160718731734,0.4137186334799259,3.4624864055836073,0.0
17325,0.1814890205860138,0.926239013671875,0.0,0.023130339367538572,0.004395015859915604,0.034879665316594505,0.22954524469034346,0.6466573697873307,0.060406160718731734,0.4137186334799259,3.4624864055836073,0.0
17350,0.18147563934326172,0.926239013671875,0.0,0.023120001394156608,0.004395015859915604,0.034879665316594505,0.22954524469034346,0.6466573697873307,0.060406160718731734,0.4137186334799259,3.4624864055836073,0.0
17375,0.18146228790283203,0.9262237548828125,0.0,0.023110205178263656,0.004395015859915604,0.034879665316594505,0.22954524469034346,0.6466573697873307,0.060406160718731734,0.4137186334799259,3.4624864055836073,0.0
17400,0.18144893646240234,0.9262237548828125,0.0,0.02310067107443413,0.004395015859915604,0.034879665316594505,0.22954524469034346,0.6466573697873307,0.060406160718731734,0.4137186334799259,3.4624864055836073,0.0
17425,0.18143561482429504,0.9262237548828125,0.0,0.023090311674802327,0.004395015859915604,0.034879665316594505,0.22954524469034346,0.6466573697873307,0.060406160718731734,0.4137186334799259,3.4624864055836073,0.0
17450,0.18142229318618774,0.9262237548828125,0.0,0.023081168230185183,0.004395015859915604,0.034879665316594505,0.22954524469034346,0.6466573697873307,0.060406160718731734,0.4137186334799259,3.4624864055836073,0.0
17475,0.18140895664691925,0.926239013671875,0.0,0.02307047620652057,0.004395015859915604,0.034879665316594505,0.22954524469034346,0.6466573697873307,0.060406160718731734,0.4137186334799259,3.4624864055836073,0.0
17500,0.18139566481113434,0.926239013671875,0.0,0.023060637265598108,0.004395015859915604,0.034879665316594505,0.22954524469034346,0.6466573697873307,0.060406160718731734,0.4137186334799259,3.4624864055836073,0.0
17525,0.18138235807418823,0.9262542724609375,0.0,0.023050969412120745,0.004395015859915604,0.034879665316594505,0.22954524469034346,0.6466573697873307,0.060406160718731734,0.4137186334799259,3.4624864055836073,0.0
17550,0.1813690960407257,0.9262542724609375,0.0,0.023041792265268445,0.004395015859915604,0.034879665316594505,0.22954524469034346,0.6466573697873307,0.060406160718731734,0.4137186334799259,3.4624864055836073,0.0
17575,0.181355819106102,0.92626953125,0.0,0.023032295994675708,0.004395015859915604,0.034879665316594505,0.22954524469034346,0.6466573697873307,0.060406160718731734,0.4137186334799259,3.4624864055836073,0.0
17600,0.18134257197380066,0.9262847900390625,0.0,0.02302226317457447,0.004395015859915604,0.034879665316594505,0.22954524469034346,0.6466573697873307,0.060406160718731734,0.4137186334799259,3.4624864055836073,0.0
17625,0.18132930994033813,0.9263153076171875,0.0,0.023012574558162885,0.004395015859915604,0.034879665316594505,0.22954524469034346,0.6466573697873307,0.060406160718731734,0.4137186334799259,3.4624864055836073,0.0
17650,0.181316077709198,0.9263458251953125,0.0,0.02300285763045052,0.004395015859915604,0.034879665316594505,0.22954524469034346,0.6466573697873307,0.060406160718731734,0.4137186334799259,3.4624864055836073,0.0
17675,0.18130286037921906,0.9263763427734375,0.0,0.022992721322624324,0.004395015859915604,0.034879665316594505,0.22954524469034346,0.6466573697873307,0.060406160718731734,0.4137186334799259,3.4624864055836073,0.0
17700,0.1812896430492401,0.9263763427734375,0.0,0.022983024596036305,0.004395015859915604,0.034879665316594505,0.22954524469034346,0.6466573697873307,0.060406160718731734,0.4137186334799259,3.4624864055836073,0.0
17725,0.18127644062042236,0.9263763427734375,0.0,0.022974495148442096,0.004395015859915604,0.034879665316594505,0.22954524469034346,0.6466573697873307,0.060406160718731734,0.4137186334799259,3.4624864055836073,0.0
17750,0.1812632530927658,0.9263763427734375,0.0,0.022965186907847743,0.004395015859915604,0.034879665316594505,0.22954524469034346,0.6466573697873307,0.060406160718731734,0.4137186334799259,3.4624864055836073,0.0
17775,0.18125008046627045,0.9263763427734375,0.0,0.022955612906668636,0.004395015859915604,0.034879665316594505,0.22954524469034346,0.6466573697873307,0.060406160718731734,0.4137186334799259,3.4624864055836073,0.0
17800,0.18123692274093628,0.9263916015625,0.0,0.022946164787675784,0.004395015859915604,0.034879665316594505,0.22954524469034346,0.6466573697873307,0.060406160718731734,0.4137186334799259,3.4624864055836073,0.0
17825,0.18122375011444092,0.9263763427734375,0.0,0.022937134837596317,0.004395015859915604,0.034879665316594505,0.22954524469034346,0.6466573697873307,0.060406160718731734,0.4137186334799259,3.4624864055836073,0.0
17850,0.18121060729026794,0.9263763427734375,0.0,0.022927988216110255,0.004395015859915604,0.034879665316594505,0.22954524469034346,0.6466573697873307,0.060406160718731734,0.4137186334799259,3.4624864055836073,0.0
17875,0.18119747936725616,0.9263763427734375,0.0,0.022919300491970284,0.004395015859915604,0.034879665316594505,0.22954524469034346,0.6466573697873307,0.060406160718731734,0.4137186334799259,3.4624864055836073,0.0
17900,0.18118435144424438,0.9263763427734375,0.0,0.022910123198307333,0.004395015859915604,0.034879665316594505,0.22954524469034346,0.6466573697873307,0.060406160718731734,0.4137186334799259,3.4624864055836073,0.0
17925,0.1811712235212326,0.9263763427734375,0.0,0.02290106962568937,0.004395015859915604,0.034879665316594505,0.22954524469034346,0.6466573697873307,0.060406160718731734,0.4137186334799259,3.4624864055836073,0.0
17950,0.1811581254005432,0.9263763427734375,0.0,0.02289206591193682,0.004395015859915604,0.034879665316594505,0.22954524469034346,0.6466573697873307,0.060406160718731734,0.4137186334799259,3.4624864055836073,0.0
17975,0.18114501237869263,0.9263763427734375,0.0,0.02288264216213026,0.004395015859915604,0.034879665316594505,0.22954524469034346,0.6466573697873307,0.060406160718731734,0.4137186334799259,3.4624864055836073,0.0
18000,0.18113192915916443,0.9263763427734375,0.0,0.022873642728952634,0.004395015859915604,0.034879665316594505,0.22954524469034346,0.6466573697873307,0.060406160718731734,0.4137186334799259,3.4624864055836073,0.0
18025,0.18111886084079742,0.9263763427734375,0.0,0.022864689899272036,0.004395015859915604,0.034879665316594505,0.22954524469034346,0.6466573697873307,0.060406160718731734,0.4137186334799259,3.4624864055836073,0.0
18050,0.18110579252243042,0.926361083984375,0.0,0.02285513542206252,0.004395015859915604,0.034879665316594505,0.22954524469034346,0.6466573697873307,0.060406160718731734,0.4137186334799259,3.4624864055836073,0.0
18075,0.1810927391052246,0.926361083984375,0.0,0.022846311963397953,0.004395015859915604,0.034879665316594505,0.22954524469034346,0.6466573697873307,0.060406160718731734,0.4137186334799259,3.4624864055836073,0.0
18100,0.1810796856880188,0.926361083984375,0.0,0.02283762535512654,0.004395015859915604,0.034879665316594505,0.22954524469034346,0.6466573697873307,0.060406160718731734,0.4137186334799259,3.4624864055836073,0.0
18125,0.18106666207313538,0.926361083984375,0.0,0.022828310615854525,0.004395015859915604,0.034879665316594505,0.22954524469034346,0.6466573697873307,0.060406160718731734,0.4137186334799259,3.4624864055836073,0.0
18150,0.18105363845825195,0.926361083984375,0.0,0.022819681101854117,0.004395015859915604,0.034879665316594505,0.22954524469034346,0.6466573697873307,0.060406160718731734,0.4137186334799259,3.4624864055836073,0.0
18175,0.18104062974452972,0.926361083984375,0.0,0.02281095260696568,0.004395015859915604,0.034879665316594505,0.22954524469034346,0.6466573697873307,0.060406160718731734,0.4137186334799259,3.4624864055836073,0.0
18200,0.1810276210308075,0.926361083984375,0.0,0.02280197822846015,0.004395015859915604,0.034879665316594505,0.22954524469034346,0.6466573697873307,0.060406160718731734,0.4137186334799259,3.4624864055836073,0.0
18225,0.18101462721824646,0.9263763427734375,0.0,0.022793154361725142,0.004395015859915604,0.034879665316594505,0.22954524469034346,0.6466573697873307,0.060406160718731734,0.4137186334799259,3.4624864055836073,0.0
18250,0.18100163340568542,0.9263763427734375,0.0,0.022784387869242646,0.004395015859915604,0.034879665316594505,0.22954524469034346,0.6466573697873307,0.060406160718731734,0.4137186334799259,3.4624864055836073,0.0
18275,0.18098866939544678,0.9263763427734375,0.0,0.022776078498013632,0.004395015859915604,0.034879665316594505,0.22954524469034346,0.6466573697873307,0.060406160718731734,0.4137186334799259,3.4624864055836073,0.0
18300,0.18097570538520813,0.9263916015625,0.0,0.022767018260378313,0.004395015859915604,0.034879665316594505,0.22954524469034346,0.6466573697873307,0.060406160718731734,0.4137186334799259,3.4624864055836073,0.0
18325,0.18096275627613068,0.9263916015625,0.0,0.022758115479229884,0.004395015859915604,0.034879665316594505,0.22954524469034346,0.6466573697873307,0.060406160718731734,0.4137186334799259,3.4624864055836073,0.0
18350,0.18094980716705322,0.926422119140625,0.0,0.022749210852077477,0.004395015859915604,0.034879665316594505,0.22954524469034346,0.6466573697873307,0.060406160718731734,0.4137186334799259,3.4624864055836073,0.0
18375,0.18093687295913696,0.926422119140625,0.0,0.022740402934040366,0.004395015859915604,0.034879665316594505,0.22954524469034346,0.6466573697873307,0.060406160718731734,0.4137186334799259,3.4624864055836073,0.0
18400,0.1809239387512207,0.926422119140625,0.0,0.022731850915851018,0.004395015859915604,0.034879665316594505,0.22954524469034346,0.6466573697873307,0.060406160718731734,0.4137186334799259,3.4624864055836073,0.0
18425,0.18091104924678802,0.926422119140625,0.0,0.02272342540627896,0.004395015859915604,0.034879665316594505,0.22954524469034346,0.6466573697873307,0.060406160718731734,0.4137186334799259,3.4624864055836073,0.0
18450,0.18089812994003296,0.9264373779296875,0.0,0.022715037092356772,0.004395015859915604,0.034879665316594505,0.22954524469034346,0.6466573697873307,0.060406160718731734,0.4137186334799259,3.4624864055836073,0.0
18475,0.18088524043560028,0.92645263671875,0.0,0.022706016107297916,0.004395015859915604,0.034879665316594505,0.22954524469034346,0.6466573697873307,0.060406160718731734,0.4137186334799259,3.4624864055836073,0.0
18500,0.1808723509311676,0.92645263671875,0.0,0.02269802988620506,0.004395015859915604,0.034879665316594505,0.22954524469034346,0.6466573697873307,0.060406160718731734,0.4137186334799259,3.4624864055836073,0.0
18525,0.18085947632789612,0.9264373779296875,0.0,0.02268914257472865,0.004395015859915604,0.034879665316594505,0.22954524469034346,0.6466573697873307,0.060406160718731734,0.4137186334799259,3.4624864055836073,0.0
18550,0.18084661662578583,0.9264373779296875,0.0,0.022680882765118218,0.004395015859915604,0.034879665316594505,0.22954524469034346,0.6466573697873307,0.060406160718731734,0.4137186334799259,3.4624864055836073,0.0
18575,0.18083375692367554,0.9264373779296875,0.0,0.022673019983802126,0.004395015859915604,0.034879665316594505,0.22954524469034346,0.6466573697873307,0.060406160718731734,0.4137186334799259,3.4624864055836073,0.0
18600,0.18082091212272644,0.9264373779296875,0.0,0.022665214867767045,0.004395015859915604,0.034879665316594505,0.22954524469034346,0.6466573697873307,0.060406160718731734,0.4137186334799259,3.4624864055836073,0.0
18625,0.18080806732177734,0.9264373779296875,0.0,0.02265813791220621,0.004395015859915604,0.034879665316594505,0.22954524469034346,0.6466573697873307,0.060406160718731734,0.4137186334799259,3.4624864055836073,0.0
18650,0.18079525232315063,0.926483154296875,0.0,0.02265013191375592,0.004395015859915604,0.034879665316594505,0.22954524469034346,0.6466573697873307,0.060406160718731734,0.4137186334799259,3.4624864055836073,0.0
18675,0.18078240752220154,0.926483154296875,0.0,0.022641294867309675,0.004395015859915604,0.034879665316594505,0.22954524469034346,0.6466573697873307,0.060406160718731734,0.4137186334799259,3.4624864055836073,0.0
18700,0.18076960742473602,0.926483154296875,0.0,0.02263325750489275,0.004395015859915604,0.034879665316594505,0.22954524469034346,0.6466573697873307,0.060406160718731734,0.4137186334799259,3.4624864055836073,0.0
18725,0.1807568073272705,0.9264678955078125,0.0,0.022624714583024067,0.004395015859915604,0.034879665316594505,0.22954524469034346,0.6466573697873307,0.060406160718731734,0.4137186334799259,3.4624864055836073,0.0
18750,0.180744007229805,0.9264678955078125,0.0,0.02261657664422696,0.004395015859915604,0.034879665316594505,0.22954524469034346,0.6466573697873307,0.060406160718731734,0.4137186334799259,3.4624864055836073,0.0
18775,0.18073122203350067,0.9264678955078125,0.0,0.0226080966642228,0.004395015859915604,0.034879665316594505,0.22954524469034346,0.6466573697873307,0.060406160718731734,0.4137186334799259,3.4624864055836073,0.0
18800,0.18071845173835754,0.9264678955078125,0.0,0.022599908688503534,0.004395015859915604,0.034879665316594505,0.22954524469034346,0.6466573697873307,0.060406160718731734,0.4137186334799259,3.4624864055836073,0.0
18825,0.1807056963443756,0.926483154296875,0.0,0.022591921827489373,0.004395015859915604,0.034879665316594505,0.22954524469034346,0.6466573697873307,0.060406160718731734,0.4137186334799259,3.4624864055836073,0.0
18850,0.18069294095039368,0.926483154296875,0.0,0.02258373300775564,0.004395015859915604,0.034879665316594505,0.22954524469034346,0.6466573697873307,0.060406160718731734,0.4137186334799259,3.4624864055836073,0.0
18875,0.18068018555641174,0.926483154296875,0.0,0.022576007951984008,0.004395015859915604,0.034879665316594505,0.22954524469034346,0.6466573697873307,0.060406160718731734,0.4137186334799259,3.4624864055836073,0.0
18900,0.1806674599647522,0.926483154296875,0.0,0.022568134600882268,0.004395015859915604,0.034879665316594505,0.22954524469034346,0.6466573697873307,0.060406160718731734,0.4137186334799259,3.4624864055836073,0.0
18925,0.18065473437309265,0.926513671875,0.0,0.022559960275430096,0.004395015859915604,0.034879665316594505,0.22954524469034346,0.6466573697873307,0.060406160718731734,0.4137186334799259,3.4624864055836073,0.0
18950,0.1806420087814331,0.9265289306640625,0.0,0.02255166709705423,0.004395015859915604,0.034879665316594505,0.22954524469034346,0.6466573697873307,0.060406160718731734,0.4137186334799259,3.4624864055836073,0.0
18975,0.18062931299209595,0.9265289306640625,0.0,0.02254379377656136,0.004395015859915604,0.034879665316594505,0.22954524469034346,0.6466573697873307,0.060406160718731734,0.4137186334799259,3.4624864055836073,0.0
19000,0.1806166172027588,0.9265289306640625,0.0,0.02253578649437762,0.004395015859915604,0.034879665316594505,0.22954524469034346,0.6466573697873307,0.060406160718731734,0.4137186334799259,3.4624864055836073,0.0
19025,0.18060390651226044,0.9265289306640625,0.0,0.022527994491132013,0.004395015859915604,0.034879665316594505,0.22954524469034346,0.6466573697873307,0.060406160718731734,0.4137186334799259,3.4624864055836073,0.0
19050,0.18059122562408447,0.9265289306640625,0.0,0.02251961423238581,0.004395015859915604,0.034879665316594505,0.22954524469034346,0.6466573697873307,0.060406160718731734,0.4137186334799259,3.4624864055836073,0.0
19075,0.1805785447359085,0.9265289306640625,0.0,0.02251223929924748,0.004395015859915604,0.034879665316594505,0.22954524469034346,0.6466573697873307,0.060406160718731734,0.4137186334799259,3.4624864055836073,0.0
19100,0.18056589365005493,0.926513671875,0.0,0.02250437614162693,0.004395015859915604,0.034879665316594505,0.22954524469034346,0.6466573697873307,0.060406160718731734,0.4137186334799259,3.4624864055836073,0.0
19125,0.18055322766304016,0.926513671875,0.0,0.02249627388717087,0.004395015859915604,0.034879665316594505,0.22954524469034346,0.6466573697873307,0.060406160718731734,0.4137186334799259,3.4624864055836073,0.0
19150,0.18054059147834778,0.926513671875,0.0,0.02248817006460001,0.004395015859915604,0.034879665316594505,0.22954524469034346,0.6466573697873307,0.060406160718731734,0.4137186334799259,3.4624864055836073,0.0
19175,0.1805279403924942,0.926513671875,0.0,0.022480392385786592,0.004395015859915604,0.034879665316594505,0.22954524469034346,0.6466573697873307,0.060406160718731734,0.4137186334799259,3.4624864055836073,0.0
19200,0.180515319108963,0.926513671875,0.0,0.022473000166950904,0.004395015859915604,0.034879665316594505,0.22954524469034346,0.6466573697873307,0.060406160718731734,0.4137186334799259,3.4624864055836073,0.0
19225,0.18050268292427063,0.926544189453125,0.0,0.022465028156320965,0.004395015859915604,0.034879665316594505,0.22954524469034346,0.6466573697873307,0.060406160718731734,0.4137186334799259,3.4624864055836073,0.0
19250,0.18049009144306183,0.9265289306640625,0.0,0.022457037321856745,0.004395015859915604,0.034879665316594505,0.22954524469034346,0.6466573697873307,0.060406160718731734,0.4137186334799259,3.4624864055836073,0.0
19275,0.18047748506069183,0.926544189453125,0.0,0.022449645793796384,0.004395015859915604,0.034879665316594505,0.22954524469034346,0.6466573697873307,0.060406160718731734,0.4137186334799259,3.4624864055836073,0.0
19300,0.18046489357948303,0.9265289306640625,0.0,0.02244200869464252,0.004395015859915604,0.034879665316594505,0.22954524469034346,0.6466573697873307,0.060406160718731734,0.4137186334799259,3.4624864055836073,0.0
19325,0.18045228719711304,0.926544189453125,0.0,0.022434264510695447,0.004395015859915604,0.034879665316594505,0.22954524469034346,0.6466573697873307,0.060406160718731734,0.4137186334799259,3.4624864055836073,0.0
19350,0.18043971061706543,0.926544189453125,0.0,0.022426245314200614,0.004395015859915604,0.034879665316594505,0.22954524469034346,0.6466573697873307,0.060406160718731734,0.4137186334799259,3.4624864055836073,0.0
19375,0.1804271638393402,0.926544189453125,0.0,0.022418289337336788,0.004395015859915604,0.034879665316594505,0.22954524469034346,0.6466573697873307,0.060406160718731734,0.4137186334799259,3.4624864055836073,0.0
19400,0.1804145872592926,0.9265289306640625,0.0,0.022411172298707184,0.004395015859915604,0.034879665316594505,0.22954524469034346,0.6466573697873307,0.060406160718731734,0.4137186334799259,3.4624864055836073,0.0
19425,0.18040204048156738,0.9265289306640625,0.0,0.02240372880221662,0.004395015859915604,0.034879665316594505,0.22954524469034346,0.6466573697873307,0.060406160718731734,0.4137186334799259,3.4624864055836073,0.0
19450,0.18038949370384216,0.9265289306640625,0.0,0.022395977242610342,0.004395015859915604,0.034879665316594505,0.22954524469034346,0.6466573697873307,0.060406160718731734,0.4137186334799259,3.4624864055836073,0.0
19475,0.18037694692611694,0.9265289306640625,0.0,0.02238865235735087,0.004395015859915604,0.034879665316594505,0.22954524469034346,0.6466573697873307,0.060406160718731734,0.4137186334799259,3.4624864055836073,0.0
19500,0.1803644299507141,0.926544189453125,0.0,0.0223812073875159,0.004395015859915604,0.034879665316594505,0.22954524469034346,0.6466573697873307,0.060406160718731734,0.4137186334799259,3.4624864055836073,0.0
19525,0.18035191297531128,0.926544189453125,0.0,0.02237380550757287,0.004395015859915604,0.034879665316594505,0.22954524469034346,0.6466573697873307,0.060406160718731734,0.4137186334799259,3.4624864055836073,0.0
19550,0.18033939599990845,0.9265594482421875,0.0,0.022366939303122897,0.004395015859915604,0.034879665316594505,0.22954524469034346,0.6466573697873307,0.060406160718731734,0.4137186334799259,3.4624864055836073,0.0
19575,0.180326908826828,0.92657470703125,0.0,0.02235935545322166,0.004395015859915604,0.034879665316594505,0.22954524469034346,0.6466573697873307,0.060406160718731734,0.4137186334799259,3.4624864055836073,0.0
19600,0.18031440675258636,0.9265594482421875,0.0,0.02235171678698242,0.004395015859915604,0.034879665316594505,0.22954524469034346,0.6466573697873307,0.060406160718731734,0.4137186334799259,3.4624864055836073,0.0
19625,0.18030191957950592,0.9265594482421875,0.0,0.022344279980294417,0.004395015859915604,0.034879665316594505,0.22954524469034346,0.6466573697873307,0.060406160718731734,0.4137186334799259,3.4624864055836073,0.0
19650,0.18028944730758667,0.9265899658203125,0.0,0.022337403641646436,0.004395015859915604,0.034879665316594505,0.22954524469034346,0.6466573697873307,0.060406160718731734,0.4137186334799259,3.4624864055836073,0.0
19675,0.1802769899368286,0.9265899658203125,0.0,0.02233069933291735,0.004395015859915604,0.034879665316594505,0.22954524469034346,0.6466573697873307,0.060406160718731734,0.4137186334799259,3.4624864055836073,0.0
19700,0.18026450276374817,0.9265899658203125,0.0,0.022323466897755703,0.004395015859915604,0.034879665316594505,0.22954524469034346,0.6466573697873307,0.060406160718731734,0.4137186334799259,3.4624864055836073,0.0
19725,0.1802520602941513,0.9265899658203125,0.0,0.02231621058744444,0.004395015859915604,0.034879665316594505,0.22954524469034346,0.6466573697873307,0.060406160718731734,0.4137186334799259,3.4624864055836073,0.0
19750,0.18023960292339325,0.9265899658203125,0.0,0.02230958946911009,0.004395015859915604,0.034879665316594505,0.22954524469034346,0.6466573697873307,0.060406160718731734,0.4137186334799259,3.4624864055836073,0.0
19775,0.1802271604537964,0.926605224609375,0.0,0.02230195941842091,0.004395015859915604,0.034879665316594505,0.22954524469034346,0.6466573697873307,0.060406160718731734,0.4137186334799259,3.4624864055836073,0.0
19800,0.1802147477865219,0.926605224609375,0.0,0.022294243401943817,0.004395015859915604,0.034879665316594505,0.22954524469034346,0.6466573697873307,0.060406160718731734,0.4137186334799259,3.4624864055836073,0.0
19825,0.18020232021808624,0.926605224609375,0.0,0.022286717116087405,0.004395015859915604,0.034879665316594505,0.22954524469034346,0.6466573697873307,0.060406160718731734,0.4137186334799259,3.4624864055836073,0.0
19850,0.18018990755081177,0.9266204833984375,0.0,0.022279964893306022,0.004395015859915604,0.034879665316594505,0.22954524469034346,0.6466573697873307,0.060406160718731734,0.4137186334799259,3.4624864055836073,0.0
19875,0.1801774948835373,0.9266204833984375,0.0,0.022272909497286598,0.004395015859915604,0.034879665316594505,0.22954524469034346,0.6466573697873307,0.060406160718731734,0.4137186334799259,3.4624864055836073,0.0
19900,0.180165097117424,0.9266204833984375,0.0,0.022265853966367873,0.004395015859915604,0.034879665316594505,0.22954524469034346,0.6466573697873307,0.060406160718731734,0.4137186334799259,3.4624864055836073,0.0
19925,0.18015271425247192,0.9266510009765625,0.0,0.022259213389312398,0.004395015859915604,0.034879665316594505,0.22954524469034346,0.6466573697873307,0.060406160718731734,0.4137186334799259,3.4624864055836073,0.0
19950,0.18014033138751984,0.926666259765625,0.0,0.022252506827539903,0.004395015859915604,0.034879665316594505,0.22954524469034346,0.6466573697873307,0.060406160718731734,0.4137186334799259,3.4624864055836073,0.0
19975,0.18012794852256775,0.9266815185546875,0.0,0.02224536546487551,0.004395015859915604,0.034879665316594505,0.22954524469034346,0.6466573697873307,0.060406160718731734,0.4137186334799259,3.4624864055836073,0.0
20000,0.18011558055877686,0.9266815185546875,0.0,0.02223822945544722,0.004395015859915604,0.034879665316594505,0.22954524469034346,0.6466573697873307,0.060406160718731734,0.4137186334799259,3.4624864055836073,0.0
20025,0.18010321259498596,0.9266815185546875,0.0,0.02223049122108466,0.004395015859915604,0.034879665316594505,0.22954524469034346,0.6466573697873307,0.060406160718731734,0.4137186334799259,3.4624864055836073,0.0
20050,0.18009087443351746,0.92669677734375,0.0,0.022223832835880416,0.004395015859915604,0.034879665316594505,0.22954524469034346,0.6466573697873307,0.060406160718731734,0.4137186334799259,3.4624864055836073,0.0
20075,0.18007853627204895,0.92669677734375,0.0,0.022216385167759388,0.004395015859915604,0.034879665316594505,0.22954524469034346,0.6466573697873307,0.060406160718731734,0.4137186334799259,3.4624864055836073,0.0
20100,0.18006619811058044,0.92669677734375,0.0,0.022209351594502328,0.004395015859915604,0.034879665316594505,0.22954524469034346,0.6466573697873307,0.060406160718731734,0.4137186334799259,3.4624864055836073,0.0
20125,0.18005387485027313,0.92669677734375,0.0,0.022202673707804287,0.004395015859915604,0.034879665316594505,0.22954524469034346,0.6466573697873307,0.060406160718731734,0.4137186334799259,3.4624864055836073,0.0
20150,0.18004155158996582,0.9267120361328125,0.0,0.022195317109133677,0.004395015859915604,0.034879665316594505,0.22954524469034346,0.6466573697873307,0.060406160718731734,0.4137186334799259,3.4624864055836073,0.0
20175,0.1800292432308197,0.926727294921875,0.0,0.02218816969991688,0.004395015859915604,0.034879665316594505,0.22954524469034346,0.6466573697873307,0.060406160718731734,0.4137186334799259,3.4624864055836073,0.0
20200,0.18001693487167358,0.9267578125,0.0,0.02218100693744836,0.004395015859915604,0.034879665316594505,0.22954524469034346,0.6466573697873307,0.060406160718731734,0.4137186334799259,3.4624864055836073,0.0
20225,0.18000464141368866,0.9267578125,0.0,0.02217441477832994,0.004395015859915604,0.034879665316594505,0.22954524469034346,0.6466573697873307,0.060406160718731734,0.4137186334799259,3.4624864055836073,0.0
20250,0.17999234795570374,0.9267578125,0.0,0.022167546753833967,0.004395015859915604,0.034879665316594505,0.22954524469034346,0.6466573697873307,0.060406160718731734,0.4137186334799259,3.4624864055836073,0.0
20275,0.17998006939888,0.9267578125,0.0,0.022160886892820815,0.004395015859915604,0.034879665316594505,0.22954524469034346,0.6466573697873307,0.060406160718731734,0.4137186334799259,3.4624864055836073,0.0
20300,0.17996779084205627,0.9267578125,0.0,0.02215471422934803,0.004395015859915604,0.034879665316594505,0.22954524469034346,0.6466573697873307,0.060406160718731734,0.4137186334799259,3.4624864055836073,0.0
20325,0.17995552718639374,0.926788330078125,0.0,0.022148742691237136,0.004395015859915604,0.034879665316594505,0.22954524469034346,0.6466573697873307,0.060406160718731734,0.4137186334799259,3.4624864055836073,0.0
20350,0.1799432635307312,0.926788330078125,0.0,0.022142518659743645,0.004395015859915604,0.034879665316594505,0.22954524469034346,0.6466573697873307,0.060406160718731734,0.4137186334799259,3.4624864055836073,0.0
20375,0.17993099987506866,0.9267578125,0.0,0.022135576494368755,0.004395015859915604,0.034879665316594505,0.22954524469034346,0.6466573697873307,0.060406160718731734,0.4137186334799259,3.4624864055836073,0.0
20400,0.17991875112056732,0.9267578125,0.0,0.02212854307105239,0.004395015859915604,0.034879665316594505,0.22954524469034346,0.6466573697873307,0.060406160718731734,0.4137186334799259,3.4624864055836073,0.0
20425,0.17990651726722717,0.9267578125,0.0,0.0221219125501936,0.004395015859915604,0.034879665316594505,0.22954524469034346,0.6466573697873307,0.060406160718731734,0.4137186334799259,3.4624864055836073,0.0
20450,0.17989429831504822,0.9267578125,0.0,0.022115359864046173,0.004395015859915604,0.034879665316594505,0.22954524469034346,0.6466573697873307,0.060406160718731734,0.4137186334799259,3.4624864055836073,0.0
20475,0.17988207936286926,0.9267425537109375,0.0,0.022108379843425698,0.004395015859915604,0.034879665316594505,0.22954524469034346,0.6466573697873307,0.060406160718731734,0.4137186334799259,3.4624864055836073,0.0
20500,0.1798698604106903,0.9267425537109375,0.0,0.022102225739457023,0.004395015859915604,0.034879665316594505,0.22954524469034346,0.6466573697873307,0.060406160718731734,0.4137186334799259,3.4624864055836073,0.0
20525,0.17985764145851135,0.9267425537109375,0.0,0.02209511517476076,0.004395015859915604,0.034879665316594505,0.22954524469034346,0.6466573697873307,0.060406160718731734,0.4137186334799259,3.4624864055836073,0.0
20550,0.1798454374074936,0.9267425537109375,0.0,0.022088735789949555,0.004395015859915604,0.034879665316594505,0.22954524469034346,0.6466573697873307,0.060406160718731734,0.4137186334799259,3.4624864055836073,0.0
20575,0.17983326315879822,0.9267425537109375,0.0,0.02208223859141092,0.004395015859915604,0.034879665316594505,0.22954524469034346,0.6466573697873307,0.060406160718731734,0.4137186334799259,3.4624864055836073,0.0
20600,0.17982107400894165,0.9267425537109375,0.0,0.022075619565860682,0.004395015859915604,0.034879665316594505,0.22954524469034346,0.6466573697873307,0.060406160718731734,0.4137186334799259,3.4624864055836073,0.0
20625,0.17980888485908508,0.926727294921875,0.0,0.022069518718241397,0.004395015859915604,0.034879665316594505,0.22954524469034346,0.6466573697873307,0.060406160718731734,0.4137186334799259,3.4624864055836073,0.0
20650,0.1797967106103897,0.926727294921875,0.0,0.022063080236447898,0.004395015859915604,0.034879665316594505,0.22954524469034346,0.6466573697873307,0.060406160718731734,0.4137186334799259,3.4624864055836073,0.0
20675,0.17978453636169434,0.9267425537109375,0.0,0.02205671439255347,0.004395015859915604,0.034879665316594505,0.22954524469034346,0.6466573697873307,0.060406160718731734,0.4137186334799259,3.4624864055836073,0.0
20700,0.17977237701416016,0.9267578125,0.0,0.02205047572776403,0.004395015859915604,0.034879665316594505,0.22954524469034346,0.6466573697873307,0.060406160718731734,0.4137186334799259,3.4624864055836073,0.0
20725,0.17976023256778717,0.9267730712890625,0.0,0.022043752661792683,0.004395015859915604,0.034879665316594505,0.22954524469034346,0.6466573697873307,0.060406160718731734,0.4137186334799259,3.4624864055836073,0.0
20750,0.17974808812141418,0.926788330078125,0.0,0.02203669391740588,0.004395015859915604,0.034879665316594505,0.22954524469034346,0.6466573697873307,0.060406160718731734,0.4137186334799259,3.4624864055836073,0.0
20775,0.1797359585762024,0.9268035888671875,0.0,0.022030176782923752,0.004395015859915604,0.034879665316594505,0.22954524469034346,0.6466573697873307,0.060406160718731734,0.4137186334799259,3.4624864055836073,0.0
20800,0.1797238141298294,0.926788330078125,0.0,0.02202388243808764,0.004395015859915604,0.034879665316594505,0.22954524469034346,0.6466573697873307,0.060406160718731734,0.4137186334799259,3.4624864055836073,0.0
20825,0.1797116994857788,0.926788330078125,0.0,0.022017470550110052,0.004395015859915604,0.034879665316594505,0.22954524469034346,0.6466573697873307,0.060406160718731734,0.4137186334799259,3.4624864055836073,0.0
20850,0.17969956994056702,0.9268035888671875,0.0,0.0220109022736307,0.004395015859915604,0.034879665316594505,0.22954524469034346,0.6466573697873307,0.060406160718731734,0.4137186334799259,3.4624864055836073,0.0
20875,0.1796874701976776,0.92681884765625,0.0,0.022003886570163632,0.004395015859915604,0.034879665316594505,0.22954524469034346,0.6466573697873307,0.060406160718731734,0.4137186334799259,3.4624864055836073,0.0
20900,0.1796753704547882,0.92681884765625,0.0,0.021997881504970035,0.004395015859915604,0.034879665316594505,0.22954524469034346,0.6466573697873307,0.060406160718731734,0.4137186334799259,3.4624864055836073,0.0
20925,0.1796632707118988,0.92681884765625,0.0,0.021991145217038943,0.004395015859915604,0.034879665316594505,0.22954524469034346,0.6466573697873307,0.060406160718731734,0.4137186334799259,3.4624864055836073,0.0
20950,0.1796512007713318,0.9268035888671875,0.0,0.021984854746360957,0.004395015859915604,0.034879665316594505,0.22954524469034346,0.6466573697873307,0.060406160718731734,0.4137186334799259,3.4624864055836073,0.0
20975,0.17963911592960358,0.9268035888671875,0.0,0.021978245406283556,0.004395015859915604,0.034879665316594505,0.22954524469034346,0.6466573697873307,0.060406160718731734,0.4137186334799259,3.4624864055836073,0.0
21000,0.17962703108787537,0.92681884765625,0.0,0.021972193612160244,0.004395015859915604,0.034879665316594505,0.22954524469034346,0.6466573697873307,0.060406160718731734,0.4137186334799259,3.4624864055836073,0.0
21025,0.17961497604846954,0.926849365234375,0.0,0.021965925971732896,0.004395015859915604,0.034879665316594505,0.22954524469034346,0.6466573697873307,0.060406160718731734,0.4137186334799259,3.4624864055836073,0.0
21050,0.17960290610790253,0.926849365234375,0.0,0.021959786838381148,0.004395015859915604,0.034879665316594505,0.22954524469034346,0.6466573697873307,0.060406160718731734,0.4137186334799259,3.4624864055836073,0.0
21075,0.1795908510684967,0.926849365234375,0.0,0.02195414742855704,0.004395015859915604,0.034879665316594505,0.22954524469034346,0.6466573697873307,0.060406160718731734,0.4137186334799259,3.4624864055836073,0.0
21100,0.17957881093025208,0.9268646240234375,0.0,0.021947849013075192,0.004395015859915604,0.034879665316594505,0.22954524469034346,0.6466573697873307,0.060406160718731734,0.4137186334799259,3.4624864055836073,0.0
21125,0.17956677079200745,0.926849365234375,0.0,0.02194184416193286,0.004395015859915604,0.034879665316594505,0.22954524469034346,0.6466573697873307,0.060406160718731734,0.4137186334799259,3.4624864055836073,0.0
21150,0.17955473065376282,0.926849365234375,0.0,0.021935651930773323,0.004395015859915604,0.034879665316594505,0.22954524469034346,0.6466573697873307,0.060406160718731734,0.4137186334799259,3.4624864055836073,0.0
21175,0.17954270541667938,0.9268646240234375,0.0,0.021929371091932423,0.004395015859915604,0.034879665316594505,0.22954524469034346,0.6466573697873307,0.060406160718731734,0.4137186334799259,3.4624864055836073,0.0
21200,0.17953068017959595,0.9268646240234375,0.0,0.021923161411401867,0.004395015859915604,0.034879665316594505,0.22954524469034346,0.6466573697873307,0.060406160718731734,0.4137186334799259,3.4624864055836073,0.0
21225,0.1795186698436737,0.9268646240234375,0.0,0.021916715455233635,0.004395015859915604,0.034879665316594505,0.22954524469034346,0.6466573697873307,0.060406160718731734,0.4137186334799259,3.4624864055836073,0.0
21250,0.17950665950775146,0.9268646240234375,0.0,0.02191042925293536,0.004395015859915604,0.034879665316594505,0.22954524469034346,0.6466573697873307,0.060406160718731734,0.4137186334799259,3.4624864055836073,0.0
21275,0.1794946789741516,0.9268646240234375,0.0,0.021903545431024712,0.004395015859915604,0.034879665316594505,0.22954524469034346,0.6466573697873307,0.060406160718731734,0.4137186334799259,3.4624864055836073,0.0
21300,0.17948269844055176,0.9268646240234375,0.0,0.021897660201781365,0.004395015859915604,0.034879665316594505,0.22954524469034346,0.6466573697873307,0.060406160718731734,0.4137186334799259,3.4624864055836073,0.0
21325,0.17947068810462952,0.9268646240234375,0.0,0.021891620093681043,0.004395015859915604,0.034879665316594505,0.22954524469034346,0.6466573697873307,0.060406160718731734,0.4137186334799259,3.4624864055836073,0.0
21350,0.17945870757102966,0.9268798828125,0.0,0.021885252205019624,0.004395015859915604,0.034879665316594505,0.22954524469034346,0.6466573697873307,0.060406160718731734,0.4137186334799259,3.4624864055836073,0.0
21375,0.1794467568397522,0.9268798828125,0.0,0.021879744695163555,0.004395015859915604,0.034879665316594505,0.22954524469034346,0.6466573697873307,0.060406160718731734,0.4137186334799259,3.4624864055836073,0.0
21400,0.17943477630615234,0.9268951416015625,0.0,0.021873077554211796,0.004395015859915604,0.034879665316594505,0.22954524469034346,0.6466573697873307,0.060406160718731734,0.4137186334799259,3.4624864055836073,0.0
21425,0.17942282557487488,0.9268951416015625,0.0,0.021867674163228934,0.004395015859915604,0.034879665316594505,0.22954524469034346,0.6466573697873307,0.060406160718731734,0.4137186334799259,3.4624864055836073,0.0
21450,0.17941085994243622,0.926910400390625,0.0,0.021862052571106412,0.004395015859915604,0.034879665316594505,0.22954524469034346,0.6466573697873307,0.060406160718731734,0.4137186334799259,3.4624864055836073,0.0
21475,0.17939892411231995,0.9269256591796875,0.0,0.02185587000940785,0.004395015859915604,0.034879665316594505,0.22954524469034346,0.6466573697873307,0.060406160718731734,0.4137186334799259,3.4624864055836073,0.0
21500,0.17938698828220367,0.92694091796875,0.0,0.021850420781574793,0.004395015859915604,0.034879665316594505,0.22954524469034346,0.6466573697873307,0.060406160718731734,0.4137186334799259,3.4624864055836073,0.0
21525,0.1793750524520874,0.92694091796875,0.0,0.02184421638967572,0.004395015859915604,0.034879665316594505,0.22954524469034346,0.6466573697873307,0.060406160718731734,0.4137186334799259,3.4624864055836073,0.0
21550,0.17936313152313232,0.92694091796875,0.0,0.02183821464823107,0.004395015859915604,0.034879665316594505,0.22954524469034346,0.6466573697873307,0.060406160718731734,0.4137186334799259,3.4624864055836073,0.0
21575,0.17935121059417725,0.92694091796875,0.0,0.021832457855937785,0.004395015859915604,0.034879665316594505,0.22954524469034346,0.6466573697873307,0.060406160718731734,0.4137186334799259,3.4624864055836073,0.0
21600,0.17933930456638336,0.9269561767578125,0.0,0.021826064559972408,0.004395015859915604,0.034879665316594505,0.22954524469034346,0.6466573697873307,0.060406160718731734,0.4137186334799259,3.4624864055836073,0.0
21625,0.17932738363742828,0.9269561767578125,0.0,0.021819901461514486,0.004395015859915604,0.034879665316594505,0.22954524469034346,0.6466573697873307,0.060406160718731734,0.4137186334799259,3.4624864055836073,0.0
21650,0.1793154925107956,0.9269866943359375,0.0,0.02181364350122338,0.004395015859915604,0.034879665316594505,0.22954524469034346,0.6466573697873307,0.060406160718731734,0.4137186334799259,3.4624864055836073,0.0
21675,0.1793036162853241,0.927001953125,0.0,0.02180817418711702,0.004395015859915604,0.034879665316594505,0.22954524469034346,0.6466573697873307,0.060406160718731734,0.4137186334799259,3.4624864055836073,0.0
21700,0.1792917251586914,0.9269866943359375,0.0,0.021802395321312378,0.004395015859915604,0.034879665316594505,0.22954524469034346,0.6466573697873307,0.060406160718731734,0.4137186334799259,3.4624864055836073,0.0
21725,0.17927983403205872,0.9269866943359375,0.0,0.021796683221904978,0.004395015859915604,0.034879665316594505,0.22954524469034346,0.6466573697873307,0.060406160718731734,0.4137186334799259,3.4624864055836073,0.0
21750,0.1792679727077484,0.927001953125,0.0,0.02179121780595513,0.004395015859915604,0.034879665316594505,0.22954524469034346,0.6466573697873307,0.060406160718731734,0.4137186334799259,3.4624864055836073,0.0
21775,0.17925609648227692,0.927001953125,0.0,0.021785914712623308,0.004395015859915604,0.034879665316594505,0.22954524469034346,0.6466573697873307,0.060406160718731734,0.4137186334799259,3.4624864055836073,0.0
21800,0.17924422025680542,0.927001953125,0.0,0.02178017694416727,0.004395015859915604,0.034879665316594505,0.22954524469034346,0.6466573697873307,0.060406160718731734,0.4137186334799259,3.4624864055836073,0.0
21825,0.17923235893249512,0.9270172119140625,0.0,0.021774388796743385,0.004395015859915604,0.034879665316594505,0.22954524469034346,0.6466573697873307,0.060406160718731734,0.4137186334799259,3.4624864055836073,0.0
21850,0.179220512509346,0.927032470703125,0.0,0.021768772371836827,0.004395015859915604,0.034879665316594505,0.22954524469034346,0.6466573697873307,0.060406160718731734,0.4137186334799259,3.4624864055836073,0.0
21875,0.1792086809873581,0.927032470703125,0.0,0.021762854564251255,0.004395015859915604,0.034879665316594505,0.22954524469034346,0.6466573697873307,0.060406160718731734,0.4137186334799259,3.4624864055836073,0.0
21900,0.17919683456420898,0.927032470703125,0.0,0.021757423487841765,0.004395015859915604,0.034879665316594505,0.22954524469034346,0.6466573697873307,0.060406160718731734,0.4137186334799259,3.4624864055836073,0.0
21925,0.17918500304222107,0.927032470703125,0.0,0.021751775751237108,0.004395015859915604,0.034879665316594505,0.22954524469034346,0.6466573697873307,0.060406160718731734,0.4137186334799259,3.4624864055836073,0.0
21950,0.17917318642139435,0.927032470703125,0.0,0.021745649297908034,0.004395015859915604,0.034879665316594505,0.22954524469034346,0.6466573697873307,0.060406160718731734,0.4137186334799259,3.4624864055836073,0.0
21975,0.17916136980056763,0.927032470703125,0.0,0.021739499681409494,0.004395015859915604,0.034879665316594505,0.22954524469034346,0.6466573697873307,0.060406160718731734,0.4137186334799259,3.4624864055836073,0.0
22000,0.1791495531797409,0.927032470703125,0.0,0.021733834588117677,0.004395015859915604,0.034879665316594505,0.22954524469034346,0.6466573697873307,0.060406160718731734,0.4137186334799259,3.4624864055836073,0.0
22025,0.17913775146007538,0.9270477294921875,0.0,0.021728491533858203,0.004395015859915604,0.034879665316594505,0.22954524469034346,0.6466573697873307,0.060406160718731734,0.4137186334799259,3.4624864055836073,0.0
22050,0.17912594974040985,0.9270477294921875,0.0,0.021722516065635626,0.004395015859915604,0.034879665316594505,0.22954524469034346,0.6466573697873307,0.060406160718731734,0.4137186334799259,3.4624864055836073,0.0
22075,0.17911416292190552,0.9270477294921875,0.0,0.02171669011267968,0.004395015859915604,0.034879665316594505,0.22954524469034346,0.6466573697873307,0.060406160718731734,0.4137186334799259,3.4624864055836073,0.0
22100,0.17910236120224,0.92706298828125,0.0,0.02171097896065026,0.004395015859915604,0.034879665316594505,0.22954524469034346,0.6466573697873307,0.060406160718731734,0.4137186334799259,3.4624864055836073,0.0
22125,0.17909058928489685,0.92706298828125,0.0,0.021705019979785654,0.004395015859915604,0.034879665316594505,0.22954524469034346,0.6466573697873307,0.060406160718731734,0.4137186334799259,3.4624864055836073,0.0
22150,0.1790788173675537,0.9270782470703125,0.0,0.021698945856712594,0.004395015859915604,0.034879665316594505,0.22954524469034346,0.6466573697873307,0.060406160718731734,0.4137186334799259,3.4624864055836073,0.0
22175,0.17906704545021057,0.9270782470703125,0.0,0.021694010383942842,0.004395015859915604,0.034879665316594505,0.22954524469034346,0.6466573697873307,0.060406160718731734,0.4137186334799259,3.4624864055836073,0.0
22200,0.17905527353286743,0.9270782470703125,0.0,0.021688856295006907,0.004395015859915604,0.034879665316594505,0.22954524469034346,0.6466573697873307,0.060406160718731734,0.4137186334799259,3.4624864055836073,0.0
22225,0.17904351651668549,0.9270782470703125,0.0,0.02168369070119671,0.004395015859915604,0.034879665316594505,0.22954524469034346,0.6466573697873307,0.060406160718731734,0.4137186334799259,3.4624864055836073,0.0
22250,0.17903175950050354,0.9270782470703125,0.0,0.021678706348690506,0.004395015859915604,0.034879665316594505,0.22954524469034346,0.6466573697873307,0.060406160718731734,0.4137186334799259,3.4624864055836073,0.0
22275,0.1790200173854828,0.9271240234375,0.0,0.021673026162210403,0.004395015859915604,0.034879665316594505,0.22954524469034346,0.6466573697873307,0.060406160718731734,0.4137186334799259,3.4624864055836073,0.0
22300,0.17900829017162323,0.9271240234375,0.0,0.021667823541066566,0.004395015859915604,0.034879665316594505,0.22954524469034346,0.6466573697873307,0.060406160718731734,0.4137186334799259,3.4624864055836073,0.0
22325,0.17899656295776367,0.9271392822265625,0.0,0.021662149509931224,0.004395015859915604,0.034879665316594505,0.22954524469034346,0.6466573697873307,0.060406160718731734,0.4137186334799259,3.4624864055836073,0.0
22350,0.17898482084274292,0.927154541015625,0.0,0.021656527899704694,0.004395015859915604,0.034879665316594505,0.22954524469034346,0.6466573697873307,0.060406160718731734,0.4137186334799259,3.4624864055836073,0.0
22375,0.17897309362888336,0.927154541015625,0.0,0.021650814117750952,0.004395015859915604,0.034879665316594505,0.22954524469034346,0.6466573697873307,0.060406160718731734,0.4137186334799259,3.4624864055836073,0.0
22400,0.1789613962173462,0.927154541015625,0.0,0.02164535401629803,0.004395015859915604,0.034879665316594505,0.22954524469034346,0.6466573697873307,0.060406160718731734,0.4137186334799259,3.4624864055836073,0.0
22425,0.17894968390464783,0.92718505859375,0.0,0.021640132297676532,0.004395015859915604,0.034879665316594505,0.22954524469034346,0.6466573697873307,0.060406160718731734,0.4137186334799259,3.4624864055836073,0.0
22450,0.17893797159194946,0.92718505859375,0.0,0.021634618719310265,0.004395015859915604,0.034879665316594505,0.22954524469034346,0.6466573697873307,0.060406160718731734,0.4137186334799259,3.4624864055836073,0.0
22475,0.1789262592792511,0.9272003173828125,0.0,0.02162900610698355,0.004395015859915604,0.034879665316594505,0.22954524469034346,0.6466573697873307,0.060406160718731734,0.4137186334799259,3.4624864055836073,0.0
22500,0.17891457676887512,0.9272003173828125,0.0,0.021623255405269902,0.004395015859915604,0.034879665316594505,0.22954524469034346,0.6466573697873307,0.060406160718731734,0.4137186334799259,3.4624864055836073,0.0
22525,0.17890289425849915,0.92718505859375,0.0,0.021617758688065633,0.004395015859915604,0.034879665316594505,0.22954524469034346,0.6466573697873307,0.060406160718731734,0.4137186334799259,3.4624864055836073,0.0
22550,0.17889121174812317,0.92718505859375,0.0,0.021611957184588745,0.004395015859915604,0.034879665316594505,0.22954524469034346,0.6466573697873307,0.060406160718731734,0.4137186334799259,3.4624864055836073,0.0
22575,0.1788795292377472,0.92718505859375,0.0,0.02160672591421984,0.004395015859915604,0.034879665316594505,0.22954524469034346,0.6466573697873307,0.060406160718731734,0.4137186334799259,3.4624864055836073,0.0
22600,0.1788678765296936,0.92718505859375,0.0,0.021601280188630192,0.004395015859915604,0.034879665316594505,0.22954524469034346,0.6466573697873307,0.060406160718731734,0.4137186334799259,3.4624864055836073,0.0
22625,0.17885620892047882,0.9272003173828125,0.0,0.02159639570803357,0.004395015859915604,0.034879665316594505,0.22954524469034346,0.6466573697873307,0.060406160718731734,0.4137186334799259,3.4624864055836073,0.0
22650,0.17884454131126404,0.927215576171875,0.0,0.02159108188981682,0.004395015859915604,0.034879665316594505,0.22954524469034346,0.6466573697873307,0.060406160718731734,0.4137186334799259,3.4624864055836073,0.0
22675,0.17883288860321045,0.927215576171875,0.0,0.02158539637249866,0.004395015859915604,0.034879665316594505,0.22954524469034346,0.6466573697873307,0.060406160718731734,0.4137186334799259,3.4624864055836073,0.0
22700,0.17882125079631805,0.9272308349609375,0.0,0.021580174090560195,0.004395015859915604,0.034879665316594505,0.22954524469034346,0.6466573697873307,0.060406160718731734,0.4137186334799259,3.4624864055836073,0.0
22725,0.17880959808826447,0.9272308349609375,0.0,0.021575669998867935,0.004395015859915604,0.034879665316594505,0.22954524469034346,0.6466573697873307,0.060406160718731734,0.4137186334799259,3.4624864055836073,0.0
22750,0.17879799008369446,0.9272308349609375,0.0,0.021570169509681228,0.004395015859915604,0.034879665316594505,0.22954524469034346,0.6466573697873307,0.060406160718731734,0.4137186334799259,3.4624864055836073,0.0
22775,0.17878633737564087,0.927215576171875,0.0,0.021565187088466168,0.004395015859915604,0.034879665316594505,0.22954524469034346,0.6466573697873307,0.060406160718731734,0.4137186334799259,3.4624864055836073,0.0
22800,0.17877471446990967,0.92724609375,0.0,0.02156029662831172,0.004395015859915604,0.034879665316594505,0.22954524469034346,0.6466573697873307,0.060406160718731734,0.4137186334799259,3.4624864055836073,0.0
22825,0.17876309156417847,0.92724609375,0.0,0.021554945791968975,0.004395015859915604,0.034879665316594505,0.22954524469034346,0.6466573697873307,0.060406160718731734,0.4137186334799259,3.4624864055836073,0.0
22850,0.17875148355960846,0.9272613525390625,0.0,0.0215498128255853,0.004395015859915604,0.034879665316594505,0.22954524469034346,0.6466573697873307,0.060406160718731734,0.4137186334799259,3.4624864055836073,0.0
22875,0.17873987555503845,0.927276611328125,0.0,0.021544491975656013,0.004395015859915604,0.034879665316594505,0.22954524469034346,0.6466573697873307,0.060406160718731734,0.4137186334799259,3.4624864055836073,0.0
22900,0.17872828245162964,0.9272613525390625,0.0,0.02153911138969042,0.004395015859915604,0.034879665316594505,0.22954524469034346,0.6466573697873307,0.060406160718731734,0.4137186334799259,3.4624864055836073,0.0
22925,0.17871667444705963,0.9272613525390625,0.0,0.021533490547299527,0.004395015859915604,0.034879665316594505,0.22954524469034346,0.6466573697873307,0.060406160718731734,0.4137186334799259,3.4624864055836073,0.0
22950,0.178705096244812,0.92724609375,0.0,0.021528513559458052,0.004395015859915604,0.034879665316594505,0.22954524469034346,0.6466573697873307,0.060406160718731734,0.4137186334799259,3.4624864055836073,0.0
22975,0.1786935031414032,0.9272613525390625,0.0,0.021523144646434077,0.004395015859915604,0.034879665316594505,0.22954524469034346,0.6466573697873307,0.060406160718731734,0.4137186334799259,3.4624864055836073,0.0
23000,0.17868193984031677,0.9272613525390625,0.0,0.02151772398359207,0.004395015859915604,0.034879665316594505,0.22954524469034346,0.6466573697873307,0.060406160718731734,0.4137186334799259,3.4624864055836073,0.0
23025,0.17867034673690796,0.9272613525390625,0.0,0.021512641817584704,0.004395015859915604,0.034879665316594505,0.22954524469034346,0.6466573697873307,0.060406160718731734,0.4137186334799259,3.4624864055836073,0.0
23050,0.17865878343582153,0.927276611328125,0.0,0.021507344210066764,0.004395015859915604,0.034879665316594505,0.22954524469034346,0.6466573697873307,0.060406160718731734,0.4137186334799259,3.4624864055836073,0.0
23075,0.1786472201347351,0.927276611328125,0.0,0.02150195442755745,0.004395015859915604,0.034879665316594505,0.22954524469034346,0.6466573697873307,0.060406160718731734,0.4137186334799259,3.4624864055836073,0.0
23100,0.17863567173480988,0.927276611328125,0.0,0.021496700698460876,0.004395015859915604,0.034879665316594505,0.22954524469034346,0.6466573697873307,0.060406160718731734,0.4137186334799259,3.4624864055836073,0.0
23125,0.17862412333488464,0.927276611328125,0.0,0.021492206764557268,0.004395015859915604,0.034879665316594505,0.22954524469034346,0.6466573697873307,0.060406160718731734,0.4137186334799259,3.4624864055836073,0.0
23150,0.1786125749349594,0.9272613525390625,0.0,0.021487091093613016,0.004395015859915604,0.034879665316594505,0.22954524469034346,0.6466573697873307,0.060406160718731734,0.4137186334799259,3.4624864055836073,0.0
23175,0.17860102653503418,0.9272613525390625,0.0,0.021482122127860468,0.004395015859915604,0.034879665316594505,0.22954524469034346,0.6466573697873307,0.060406160718731734,0.4137186334799259,3.4624864055836073,0.0
23200,0.17858950793743134,0.92724609375,0.0,0.021477193894501867,0.004395015859915604,0.034879665316594505,0.22954524469034346,0.6466573697873307,0.060406160718731734,0.4137186334799259,3.4624864055836073,0.0
23225,0.1785779595375061,0.9272308349609375,0.0,0.021471879766681076,0.004395015859915604,0.034879665316594505,0.22954524469034346,0.6466573697873307,0.060406160718731734,0.4137186334799259,3.4624864055836073,0.0
23250,0.17856645584106445,0.9272308349609375,0.0,0.02146663151183995,0.004395015859915604,0.034879665316594505,0.22954524469034346,0.6466573697873307,0.060406160718731734,0.4137186334799259,3.4624864055836073,0.0
23275,0.1785549372434616,0.92724609375,0.0,0.02146148133922222,0.004395015859915604,0.034879665316594505,0.22954524469034346,0.6466573697873307,0.060406160718731734,0.4137186334799259,3.4624864055836073,0.0
23300,0.17854341864585876,0.927276611328125,0.0,0.021456319747359922,0.004395015859915604,0.034879665316594505,0.22954524469034346,0.6466573697873307,0.060406160718731734,0.4137186334799259,3.4624864055836073,0.0
23325,0.17853191494941711,0.9272918701171875,0.0,0.021450393862110274,0.004395015859915604,0.034879665316594505,0.22954524469034346,0.6466573697873307,0.060406160718731734,0.4137186334799259,3.4624864055836073,0.0
23350,0.17852041125297546,0.9272918701171875,0.0,0.021445104116064012,0.004395015859915604,0.034879665316594505,0.22954524469034346,0.6466573697873307,0.060406160718731734,0.4137186334799259,3.4624864055836073,0.0
23375,0.1785089075565338,0.927276611328125,0.0,0.021441053740367696,0.004395015859915604,0.034879665316594505,0.22954524469034346,0.6466573697873307,0.060406160718731734,0.4137186334799259,3.4624864055836073,0.0
23400,0.17849741876125336,0.927276611328125,0.0,0.021435957005790388,0.004395015859915604,0.034879665316594505,0.22954524469034346,0.6466573697873307,0.060406160718731734,0.4137186334799259,3.4624864055836073,0.0
23425,0.1784859448671341,0.9272918701171875,0.0,0.021431447095117843,0.004395015859915604,0.034879665316594505,0.22954524469034346,0.6466573697873307,0.060406160718731734,0.4137186334799259,3.4624864055836073,0.0
23450,0.17847445607185364,0.9272918701171875,0.0,0.021426553690463947,0.004395015859915604,0.034879665316594505,0.22954524469034346,0.6466573697873307,0.060406160718731734,0.4137186334799259,3.4624864055836073,0.0
23475,0.17846298217773438,0.92730712890625,0.0,0.021421547907270903,0.004395015859915604,0.034879665316594505,0.22954524469034346,0.6466573697873307,0.060406160718731734,0.4137186334799259,3.4624864055836073,0.0
23500,0.1784515082836151,0.92730712890625,0.0,0.021416607327447882,0.004395015859915604,0.034879665316594505,0.22954524469034346,0.6466573697873307,0.060406160718731734,0.4137186334799259,3.4624864055836073,0.0
23525,0.17844004929065704,0.92730712890625,0.0,0.021411803461198687,0.004395015859915604,0.034879665316594505,0.22954524469034346,0.6466573697873307,0.060406160718731734,0.4137186334799259,3.4624864055836073,0.0
23550,0.17842860519886017,0.9273223876953125,0.0,0.021407420844962693,0.004395015859915604,0.034879665316594505,0.22954524469034346,0.6466573697873307,0.060406160718731734,0.4137186334799259,3.4624864055836073,0.0
23575,0.1784171462059021,0.9273223876953125,0.0,0.021402744484221622,0.004395015859915604,0.034879665316594505,0.22954524469034346,0.6466573697873307,0.060406160718731734,0.4137186334799259,3.4624864055836073,0.0
23600,0.17840568721294403,0.9273223876953125,0.0,0.02139821270398686,0.004395015859915604,0.034879665316594505,0.22954524469034346,0.6466573697873307,0.060406160718731734,0.4137186334799259,3.4624864055836073,0.0
23625,0.17839424312114716,0.92730712890625,0.0,0.021393373095820224,0.004395015859915604,0.034879665316594505,0.22954524469034346,0.6466573697873307,0.060406160718731734,0.4137186334799259,3.4624864055836073,0.0
23650,0.17838279902935028,0.927337646484375,0.0,0.02138854085732361,0.004395015859915604,0.034879665316594505,0.22954524469034346,0.6466573697873307,0.060406160718731734,0.4137186334799259,3.4624864055836073,0.0
23675,0.1783713698387146,0.9273529052734375,0.0,0.021383637827652825,0.004395015859915604,0.034879665316594505,0.22954524469034346,0.6466573697873307,0.060406160718731734,0.4137186334799259,3.4624864055836073,0.0
23700,0.17835994064807892,0.9273529052734375,0.0,0.021379252630432697,0.004395015859915604,0.034879665316594505,0.22954524469034346,0.6466573697873307,0.060406160718731734,0.4137186334799259,3.4624864055836073,0.0
23725,0.17834851145744324,0.9273834228515625,0.0,0.021374127505390472,0.004395015859915604,0.034879665316594505,0.22954524469034346,0.6466573697873307,0.060406160718731734,0.4137186334799259,3.4624864055836073,0.0
23750,0.17833709716796875,0.927398681640625,0.0,0.021368433920352304,0.004395015859915604,0.034879665316594505,0.22954524469034346,0.6466573697873307,0.060406160718731734,0.4137186334799259,3.4624864055836073,0.0
23775,0.17832568287849426,0.927398681640625,0.0,0.021363631215575406,0.004395015859915604,0.034879665316594505,0.22954524469034346,0.6466573697873307,0.060406160718731734,0.4137186334799259,3.4624864055836073,0.0
23800,0.17831428349018097,0.9274444580078125,0.0,0.02135891621126198,0.004395015859915604,0.034879665316594505,0.22954524469034346,0.6466573697873307,0.060406160718731734,0.4137186334799259,3.4624864055836073,0.0
23825,0.17830286920070648,0.9274444580078125,0.0,0.021354475311189197,0.004395015859915604,0.034879665316594505,0.22954524469034346,0.6466573697873307,0.060406160718731734,0.4137186334799259,3.4624864055836073,0.0
23850,0.1782914698123932,0.9274749755859375,0.0,0.021349678745978762,0.004395015859915604,0.034879665316594505,0.22954524469034346,0.6466573697873307,0.060406160718731734,0.4137186334799259,3.4624864055836073,0.0
23875,0.1782800853252411,0.9274749755859375,0.0,0.021345169301834624,0.004395015859915604,0.034879665316594505,0.22954524469034346,0.6466573697873307,0.060406160718731734,0.4137186334799259,3.4624864055836073,0.0
23900,0.178268700838089,0.9274749755859375,0.0,0.021340605964752655,0.004395015859915604,0.034879665316594505,0.22954524469034346,0.6466573697873307,0.060406160718731734,0.4137186334799259,3.4624864055836073,0.0
23925,0.1782573163509369,0.927490234375,0.0,0.021336421746155874,0.004395015859915604,0.034879665316594505,0.22954524469034346,0.6466573697873307,0.060406160718731734,0.4137186334799259,3.4624864055836073,0.0
23950,0.1782459318637848,0.927490234375,0.0,0.021331550620143688,0.004395015859915604,0.034879665316594505,0.22954524469034346,0.6466573697873307,0.060406160718731734,0.4137186334799259,3.4624864055836073,0.0
23975,0.17823456227779388,0.927490234375,0.0,0.02132645684515618,0.004395015859915604,0.034879665316594505,0.22954524469034346,0.6466573697873307,0.060406160718731734,0.4137186334799259,3.4624864055836073,0.0
24000,0.17822319269180298,0.927520751953125,0.0,0.021321946894117337,0.004395015859915604,0.034879665316594505,0.22954524469034346,0.6466573697873307,0.060406160718731734,0.4137186334799259,3.4624864055836073,0.0
24025,0.17821183800697327,0.927520751953125,0.0,0.021317647917497663,0.004395015859915604,0.034879665316594505,0.22954524469034346,0.6466573697873307,0.060406160718731734,0.4137186334799259,3.4624864055836073,0.0
24050,0.17820046842098236,0.927520751953125,0.0,0.02131321442743928,0.004395015859915604,0.034879665316594505,0.22954524469034346,0.6466573697873307,0.060406160718731734,0.4137186334799259,3.4624864055836073,0.0
24075,0.17818911373615265,0.9275360107421875,0.0,0.02130840866389099,0.004395015859915604,0.034879665316594505,0.22954524469034346,0.6466573697873307,0.060406160718731734,0.4137186334799259,3.4624864055836073,0.0
24100,0.17817777395248413,0.927520751953125,0.0,0.021303462227294876,0.004395015859915604,0.034879665316594505,0.22954524469034346,0.6466573697873307,0.060406160718731734,0.4137186334799259,3.4624864055836073,0.0
24125,0.1781664341688156,0.9275360107421875,0.0,0.021299102620802906,0.004395015859915604,0.034879665316594505,0.22954524469034346,0.6466573697873307,0.060406160718731734,0.4137186334799259,3.4624864055836073,0.0
24150,0.1781550794839859,0.9275360107421875,0.0,0.021294908520604644,0.004395015859915604,0.034879665316594505,0.22954524469034346,0.6466573697873307,0.060406160718731734,0.4137186334799259,3.4624864055836073,0.0
24175,0.17814375460147858,0.92755126953125,0.0,0.021290759319413106,0.004395015859915604,0.034879665316594505,0.22954524469034346,0.6466573697873307,0.060406160718731734,0.4137186334799259,3.4624864055836073,0.0
24200,0.17813242971897125,0.92755126953125,0.0,0.02128602196444185,0.004395015859915604,0.034879665316594505,0.22954524469034346,0.6466573697873307,0.060406160718731734,0.4137186334799259,3.4624864055836073,0.0
24225,0.17812108993530273,0.9275665283203125,0.0,0.02128133234385687,0.004395015859915604,0.034879665316594505,0.22954524469034346,0.6466573697873307,0.060406160718731734,0.4137186334799259,3.4624864055836073,0.0
24250,0.1781097650527954,0.92755126953125,0.0,0.021276391363925885,0.004395015859915604,0.034879665316594505,0.22954524469034346,0.6466573697873307,0.060406160718731734,0.4137186334799259,3.4624864055836073,0.0
24275,0.17809846997261047,0.92755126953125,0.0,0.021272012131682828,0.004395015859915604,0.034879665316594505,0.22954524469034346,0.6466573697873307,0.060406160718731734,0.4137186334799259,3.4624864055836073,0.0
24300,0.17808714509010315,0.92755126953125,0.0,0.021267494390242166,0.004395015859915604,0.034879665316594505,0.22954524469034346,0.6466573697873307,0.060406160718731734,0.4137186334799259,3.4624864055836073,0.0
24325,0.1780758500099182,0.927581787109375,0.0,0.0212626845800741,0.004395015859915604,0.034879665316594505,0.22954524469034346,0.6466573697873307,0.060406160718731734,0.4137186334799259,3.4624864055836073,0.0
24350,0.17806455492973328,0.9275970458984375,0.0,0.02125794267456213,0.004395015859915604,0.034879665316594505,0.22954524469034346,0.6466573697873307,0.060406160718731734,0.4137186334799259,3.4624864055836073,0.0
24375,0.17805324494838715,0.9275970458984375,0.0,0.02125353561141114,0.004395015859915604,0.034879665316594505,0.22954524469034346,0.6466573697873307,0.060406160718731734,0.4137186334799259,3.4624864055836073,0.0
24400,0.1780419647693634,0.9276123046875,0.0,0.021249137414124944,0.004395015859915604,0.034879665316594505,0.22954524469034346,0.6466573697873307,0.060406160718731734,0.4137186334799259,3.4624864055836073,0.0
24425,0.17803066968917847,0.9276123046875,0.0,0.021244243622383953,0.004395015859915604,0.034879665316594505,0.22954524469034346,0.6466573697873307,0.060406160718731734,0.4137186334799259,3.4624864055836073,0.0
24450,0.17801938951015472,0.9276123046875,0.0,0.02123991494490593,0.004395015859915604,0.034879665316594505,0.22954524469034346,0.6466573697873307,0.060406160718731734,0.4137186334799259,3.4624864055836073,0.0
24475,0.17800810933113098,0.927642822265625,0.0,0.02123523462474985,0.004395015859915604,0.034879665316594505,0.22954524469034346,0.6466573697873307,0.060406160718731734,0.4137186334799259,3.4624864055836073,0.0
24500,0.17799684405326843,0.927642822265625,0.0,0.021230644486330556,0.004395015859915604,0.034879665316594505,0.22954524469034346,0.6466573697873307,0.060406160718731734,0.4137186334799259,3.4624864055836073,0.0
24525,0.17798557877540588,0.927642822265625,0.0,0.02122661376207223,0.004395015859915604,0.034879665316594505,0.22954524469034346,0.6466573697873307,0.060406160718731734,0.4137186334799259,3.4624864055836073,0.0
24550,0.17797431349754333,0.927642822265625,0.0,0.021222473390224723,0.004395015859915604,0.034879665316594505,0.22954524469034346,0.6466573697873307,0.060406160718731734,0.4137186334799259,3.4624864055836073,0.0
24575,0.17796306312084198,0.927642822265625,0.0,0.021218023040347863,0.004395015859915604,0.034879665316594505,0.22954524469034346,0.6466573697873307,0.060406160718731734,0.4137186334799259,3.4624864055836073,0.0
24600,0.17795181274414062,0.9276275634765625,0.0,0.02121355204878565,0.004395015859915604,0.034879665316594505,0.22954524469034346,0.6466573697873307,0.060406160718731734,0.4137186334799259,3.4624864055836073,0.0
24625,0.17794056236743927,0.92767333984375,0.0,0.021208888011630764,0.004395015859915604,0.034879665316594505,0.22954524469034346,0.6466573697873307,0.060406160718731734,0.4137186334799259,3.4624864055836073,0.0
24650,0.17792931199073792,0.92767333984375,0.0,0.02120507741594231,0.004395015859915604,0.034879665316594505,0.22954524469034346,0.6466573697873307,0.060406160718731734,0.4137186334799259,3.4624864055836073,0.0
24675,0.17791807651519775,0.927703857421875,0.0,0.021200426995523255,0.004395015859915604,0.034879665316594505,0.22954524469034346,0.6466573697873307,0.060406160718731734,0.4137186334799259,3.4624864055836073,0.0
24700,0.1779068410396576,0.9277191162109375,0.0,0.02119559380963708,0.004395015859915604,0.034879665316594505,0.22954524469034346,0.6466573697873307,0.060406160718731734,0.4137186334799259,3.4624864055836073,0.0
24725,0.17789562046527863,0.9277191162109375,0.0,0.02119090605122095,0.004395015859915604,0.034879665316594505,0.22954524469034346,0.6466573697873307,0.060406160718731734,0.4137186334799259,3.4624864055836073,0.0
24750,0.17788439989089966,0.927703857421875,0.0,0.02118636360442379,0.004395015859915604,0.034879665316594505,0.22954524469034346,0.6466573697873307,0.060406160718731734,0.4137186334799259,3.4624864055836073,0.0
24775,0.1778731644153595,0.927703857421875,0.0,0.02118214390915105,0.004395015859915604,0.034879665316594505,0.22954524469034346,0.6466573697873307,0.060406160718731734,0.4137186334799259,3.4624864055836073,0.0
24800,0.17786195874214172,0.9277191162109375,0.0,0.02117789102149161,0.004395015859915604,0.034879665316594505,0.22954524469034346,0.6466573697873307,0.060406160718731734,0.4137186334799259,3.4624864055836073,0.0
24825,0.17785073816776276,0.9277191162109375,0.0,0.02117321860446164,0.004395015859915604,0.034879665316594505,0.22954524469034346,0.6466573697873307,0.060406160718731734,0.4137186334799259,3.4624864055836073,0.0
24850,0.17783954739570618,0.9277191162109375,0.0,0.021168488913467422,0.004395015859915604,0.034879665316594505,0.22954524469034346,0.6466573697873307,0.060406160718731734,0.4137186334799259,3.4624864055836073,0.0
24875,0.1778283417224884,0.9277191162109375,0.0,0.021164127753652832,0.004395015859915604,0.034879665316594505,0.22954524469034346,0.6466573697873307,0.060406160718731734,0.4137186334799259,3.4624864055836073,0.0
24900,0.17781715095043182,0.9277191162109375,0.0,0.021160154518055672,0.004395015859915604,0.034879665316594505,0.22954524469034346,0.6466573697873307,0.060406160718731734,0.4137186334799259,3.4624864055836073,0.0
24925,0.17780596017837524,0.927703857421875,0.0,0.02115538505526117,0.004395015859915604,0.034879665316594505,0.22954524469034346,0.6466573697873307,0.060406160718731734,0.4137186334799259,3.4624864055836073,0.0
24950,0.17779478430747986,0.927703857421875,0.0,0.02115108304574141,0.004395015859915604,0.034879665316594505,0.22954524469034346,0.6466573697873307,0.060406160718731734,0.4137186334799259,3.4624864055836073,0.0
24975,0.17778359353542328,0.927703857421875,0.0,0.021146315019938106,0.004395015859915604,0.034879665316594505,0.22954524469034346,0.6466573697873307,0.060406160718731734,0.4137186334799259,3.4624864055836073,0.0
25000,0.1777724176645279,0.927703857421875,0.0,0.021141571103830713,0.004395015859915604,0.034879665316594505,0.22954524469034346,0.6466573697873307,0.060406160718731734,0.4137186334799259,3.4624864055836073,0.0
25025,0.1777612417936325,0.927734375,0.0,0.021136247540257336,0.004395015859915604,0.034879665316594505,0.22954524469034346,0.6466573697873307,0.060406160718731734,0.4137186334799259,3.4624864055836073,0.0
25050,0.17775008082389832,0.9277191162109375,0.0,0.02113230213800419,0.004395015859915604,0.034879665316594505,0.22954524469034346,0.6466573697873307,0.060406160718731734,0.4137186334799259,3.4624864055836073,0.0
25075,0.17773890495300293,0.9277191162109375,0.0,0.021128276494649646,0.004395015859915604,0.034879665316594505,0.22954524469034346,0.6466573697873307,0.060406160718731734,0.4137186334799259,3.4624864055836073,0.0
25100,0.17772775888442993,0.927703857421875,0.0,0.02112383302086796,0.004395015859915604,0.034879665316594505,0.22954524469034346,0.6466573697873307,0.060406160718731734,0.4137186334799259,3.4624864055836073,0.0
25125,0.17771661281585693,0.927703857421875,0.0,0.02111915475280291,0.004395015859915604,0.034879665316594505,0.22954524469034346,0.6466573697873307,0.060406160718731734,0.4137186334799259,3.4624864055836073,0.0
25150,0.17770545184612274,0.927703857421875,0.0,0.021114569412776153,0.004395015859915604,0.034879665316594505,0.22954524469034346,0.6466573697873307,0.060406160718731734,0.4137186334799259,3.4624864055836073,0.0
25175,0.17769432067871094,0.927703857421875,0.0,0.021110344579552357,0.004395015859915604,0.034879665316594505,0.22954524469034346,0.6466573697873307,0.060406160718731734,0.4137186334799259,3.4624864055836073,0.0
25200,0.17768318951129913,0.927703857421875,0.0,0.021106524951386083,0.004395015859915604,0.034879665316594505,0.22954524469034346,0.6466573697873307,0.060406160718731734,0.4137186334799259,3.4624864055836073,0.0
25225,0.17767204344272614,0.927703857421875,0.0,0.021102190617647034,0.004395015859915604,0.034879665316594505,0.22954524469034346,0.6466573697873307,0.060406160718731734,0.4137186334799259,3.4624864055836073,0.0
25250,0.17766091227531433,0.927703857421875,0.0,0.021097644330824977,0.004395015859915604,0.034879665316594505,0.22954524469034346,0.6466573697873307,0.060406160718731734,0.4137186334799259,3.4624864055836073,0.0
25275,0.17764979600906372,0.927703857421875,0.0,0.02109327877621203,0.004395015859915604,0.034879665316594505,0.22954524469034346,0.6466573697873307,0.060406160718731734,0.4137186334799259,3.4624864055836073,0.0
25300,0.1776386797428131,0.927703857421875,0.0,0.02108923022079225,0.004395015859915604,0.034879665316594505,0.22954524469034346,0.6466573697873307,0.060406160718731734,0.4137186334799259,3.4624864055836073,0.0
25325,0.1776275634765625,0.927703857421875,0.0,0.02108564205229724,0.004395015859915604,0.034879665316594505,0.22954524469034346,0.6466573697873307,0.060406160718731734,0.4137186334799259,3.4624864055836073,0.0
25350,0.1776164472103119,0.9277191162109375,0.0,0.021081462165817556,0.004395015859915604,0.034879665316594505,0.22954524469034346,0.6466573697873307,0.060406160718731734,0.4137186334799259,3.4624864055836073,0.0
25375,0.17760533094406128,0.927734375,0.0,0.021077258681149888,0.004395015859915604,0.034879665316594505,0.22954524469034346,0.6466573697873307,0.060406160718731734,0.4137186334799259,3.4624864055836073,0.0
25400,0.17759424448013306,0.9277191162109375,0.0,0.021072749436162237,0.004395015859915604,0.034879665316594505,0.22954524469034346,0.6466573697873307,0.060406160718731734,0.4137186334799259,3.4624864055836073,0.0
25425,0.17758312821388245,0.9277191162109375,0.0,0.021068942152443104,0.004395015859915604,0.034879665316594505,0.22954524469034346,0.6466573697873307,0.060406160718731734,0.4137186334799259,3.4624864055836073,0.0
25450,0.17757204174995422,0.9277191162109375,0.0,0.02106502848253676,0.004395015859915604,0.034879665316594505,0.22954524469034346,0.6466573697873307,0.060406160718731734,0.4137186334799259,3.4624864055836073,0.0
25475,0.1775609403848648,0.9277191162109375,0.0,0.02106101116205425,0.004395015859915604,0.034879665316594505,0.22954524469034346,0.6466573697873307,0.060406160718731734,0.4137186334799259,3.4624864055836073,0.0
25500,0.17754985392093658,0.9277191162109375,0.0,0.021057290669279458,0.004395015859915604,0.034879665316594505,0.22954524469034346,0.6466573697873307,0.060406160718731734,0.4137186334799259,3.4624864055836073,0.0
25525,0.17753878235816956,0.9277191162109375,0.0,0.021053313218272515,0.004395015859915604,0.034879665316594505,0.22954524469034346,0.6466573697873307,0.060406160718731734,0.4137186334799259,3.4624864055836073,0.0
25550,0.17752769589424133,0.9277191162109375,0.0,0.021048910212233807,0.004395015859915604,0.034879665316594505,0.22954524469034346,0.6466573697873307,0.060406160718731734,0.4137186334799259,3.4624864055836073,0.0
25575,0.1775166243314743,0.9277191162109375,0.0,0.02104465610327717,0.004395015859915604,0.034879665316594505,0.22954524469034346,0.6466573697873307,0.060406160718731734,0.4137186334799259,3.4624864055836073,0.0
25600,0.17750555276870728,0.9277191162109375,0.0,0.021040693350005007,0.004395015859915604,0.034879665316594505,0.22954524469034346,0.6466573697873307,0.060406160718731734,0.4137186334799259,3.4624864055836073,0.0
25625,0.17749448120594025,0.927734375,0.0,0.02103660717871108,0.004395015859915604,0.034879665316594505,0.22954524469034346,0.6466573697873307,0.060406160718731734,0.4137186334799259,3.4624864055836073,0.0
25650,0.1774834394454956,0.927734375,0.0,0.021032322776114474,0.004395015859915604,0.034879665316594505,0.22954524469034346,0.6466573697873307,0.060406160718731734,0.4137186334799259,3.4624864055836073,0.0
25675,0.17747235298156738,0.9277496337890625,0.0,0.02102870046550603,0.004395015859915604,0.034879665316594505,0.22954524469034346,0.6466573697873307,0.060406160718731734,0.4137186334799259,3.4624864055836073,0.0
25700,0.17746132612228394,0.927764892578125,0.0,0.021024846792100354,0.004395015859915604,0.034879665316594505,0.22954524469034346,0.6466573697873307,0.060406160718731734,0.4137186334799259,3.4624864055836073,0.0
25725,0.1774502694606781,0.9277801513671875,0.0,0.021020696797386437,0.004395015859915604,0.034879665316594505,0.22954524469034346,0.6466573697873307,0.060406160718731734,0.4137186334799259,3.4624864055836073,0.0
25750,0.17743921279907227,0.9277801513671875,0.0,0.02101695779525651,0.004395015859915604,0.034879665316594505,0.22954524469034346,0.6466573697873307,0.060406160718731734,0.4137186334799259,3.4624864055836073,0.0
25775,0.17742818593978882,0.9277801513671875,0.0,0.02101306451408325,0.004395015859915604,0.034879665316594505,0.22954524469034346,0.6466573697873307,0.060406160718731734,0.4137186334799259,3.4624864055836073,0.0
25800,0.17741715908050537,0.9277801513671875,0.0,0.02100880190652262,0.004395015859915604,0.034879665316594505,0.22954524469034346,0.6466573697873307,0.060406160718731734,0.4137186334799259,3.4624864055836073,0.0
25825,0.17740611732006073,0.927764892578125,0.0,0.0210051334420933,0.004395015859915604,0.034879665316594505,0.22954524469034346,0.6466573697873307,0.060406160718731734,0.4137186334799259,3.4624864055836073,0.0
25850,0.1773950755596161,0.927764892578125,0.0,0.021001736304284126,0.004395015859915604,0.034879665316594505,0.22954524469034346,0.6466573697873307,0.060406160718731734,0.4137186334799259,3.4624864055836073,0.0
25875,0.17738404870033264,0.927764892578125,0.0,0.02099783213595067,0.004395015859915604,0.034879665316594505,0.22954524469034346,0.6466573697873307,0.060406160718731734,0.4137186334799259,3.4624864055836073,0.0
25900,0.1773730367422104,0.927764892578125,0.0,0.020993875717061367,0.004395015859915604,0.034879665316594505,0.22954524469034346,0.6466573697873307,0.060406160718731734,0.4137186334799259,3.4624864055836073,0.0
25925,0.17736202478408813,0.927764892578125,0.0,0.020989565778445393,0.004395015859915604,0.034879665316594505,0.22954524469034346,0.6466573697873307,0.060406160718731734,0.4137186334799259,3.4624864055836073,0.0
25950,0.17735101282596588,0.92779541015625,0.0,0.020985612080519293,0.004395015859915604,0.034879665316594505,0.22954524469034346,0.6466573697873307,0.060406160718731734,0.4137186334799259,3.4624864055836073,0.0
25975,0.17734000086784363,0.92779541015625,0.0,0.020981407308221012,0.004395015859915604,0.034879665316594505,0.22954524469034346,0.6466573697873307,0.060406160718731734,0.4137186334799259,3.4624864055836073,0.0
26000,0.17732900381088257,0.927825927734375,0.0,0.020977415094606704,0.004395015859915604,0.034879665316594505,0.22954524469034346,0.6466573697873307,0.060406160718731734,0.4137186334799259,3.4624864055836073,0.0
26025,0.1773180067539215,0.927825927734375,0.0,0.020973864545418705,0.004395015859915604,0.034879665316594505,0.22954524469034346,0.6466573697873307,0.060406160718731734,0.4137186334799259,3.4624864055836073,0.0
26050,0.17730700969696045,0.927825927734375,0.0,0.02096932521280444,0.004395015859915604,0.034879665316594505,0.22954524469034346,0.6466573697873307,0.060406160718731734,0.4137186334799259,3.4624864055836073,0.0
26075,0.1772960126399994,0.9278411865234375,0.0,0.02096505832532495,0.004395015859915604,0.034879665316594505,0.22954524469034346,0.6466573697873307,0.060406160718731734,0.4137186334799259,3.4624864055836073,0.0
26100,0.17728503048419952,0.9278411865234375,0.0,0.020960924458788308,0.004395015859915604,0.034879665316594505,0.22954524469034346,0.6466573697873307,0.060406160718731734,0.4137186334799259,3.4624864055836073,0.0
26125,0.17727404832839966,0.9278564453125,0.0,0.020956913378361693,0.004395015859915604,0.034879665316594505,0.22954524469034346,0.6466573697873307,0.060406160718731734,0.4137186334799259,3.4624864055836073,0.0
26150,0.1772630661725998,0.9278564453125,0.0,0.02095336843909611,0.004395015859915604,0.034879665316594505,0.22954524469034346,0.6466573697873307,0.060406160718731734,0.4137186334799259,3.4624864055836073,0.0
26175,0.17725208401679993,0.927886962890625,0.0,0.020949410149568658,0.004395015859915604,0.034879665316594505,0.22954524469034346,0.6466573697873307,0.060406160718731734,0.4137186334799259,3.4624864055836073,0.0
26200,0.17724111676216125,0.9279022216796875,0.0,0.020945658562613833,0.004395015859915604,0.034879665316594505,0.22954524469034346,0.6466573697873307,0.060406160718731734,0.4137186334799259,3.4624864055836073,0.0
26225,0.17723014950752258,0.9279022216796875,0.0,0.020942219613129125,0.004395015859915604,0.034879665316594505,0.22954524469034346,0.6466573697873307,0.060406160718731734,0.4137186334799259,3.4624864055836073,0.0
26250,0.1772191971540451,0.92791748046875,0.0,0.02093854760803909,0.004395015859915604,0.034879665316594505,0.22954524469034346,0.6466573697873307,0.060406160718731734,0.4137186334799259,3.4624864055836073,0.0
26275,0.17720824480056763,0.92791748046875,0.0,0.020934714696674614,0.004395015859915604,0.034879665316594505,0.22954524469034346,0.6466573697873307,0.060406160718731734,0.4137186334799259,3.4624864055836073,0.0
26300,0.17719727754592896,0.9279327392578125,0.0,0.0209302982293025,0.004395015859915604,0.034879665316594505,0.22954524469034346,0.6466573697873307,0.060406160718731734,0.4137186334799259,3.4624864055836073,0.0
26325,0.17718632519245148,0.9279327392578125,0.0,0.02092579297985151,0.004395015859915604,0.034879665316594505,0.22954524469034346,0.6466573697873307,0.060406160718731734,0.4137186334799259,3.4624864055836073,0.0
26350,0.177175372838974,0.9279327392578125,0.0,0.020922140038393138,0.004395015859915604,0.034879665316594505,0.22954524469034346,0.6466573697873307,0.060406160718731734,0.4137186334799259,3.4624864055836073,0.0
26375,0.17716443538665771,0.9279327392578125,0.0,0.02091854402235275,0.004395015859915604,0.034879665316594505,0.22954524469034346,0.6466573697873307,0.060406160718731734,0.4137186334799259,3.4624864055836073,0.0
26400,0.17715349793434143,0.9279327392578125,0.0,0.020914499212363127,0.004395015859915604,0.034879665316594505,0.22954524469034346,0.6466573697873307,0.060406160718731734,0.4137186334799259,3.4624864055836073,0.0
26425,0.17714256048202515,0.92791748046875,0.0,0.020910484655619125,0.004395015859915604,0.034879665316594505,0.22954524469034346,0.6466573697873307,0.060406160718731734,0.4137186334799259,3.4624864055836073,0.0
26450,0.17713163793087006,0.92791748046875,0.0,0.020906762582799325,0.004395015859915604,0.034879665316594505,0.22954524469034346,0.6466573697873307,0.060406160718731734,0.4137186334799259,3.4624864055836073,0.0
26475,0.17712071537971497,0.927947998046875,0.0,0.02090359300421621,0.004395015859915604,0.034879665316594505,0.22954524469034346,0.6466573697873307,0.060406160718731734,0.4137186334799259,3.4624864055836073,0.0
26500,0.17710979282855988,0.927947998046875,0.0,0.020899447781019938,0.004395015859915604,0.034879665316594505,0.22954524469034346,0.6466573697873307,0.060406160718731734,0.4137186334799259,3.4624864055836073,0.0
26525,0.17709887027740479,0.927978515625,0.0,0.020895398778318926,0.004395015859915604,0.034879665316594505,0.22954524469034346,0.6466573697873307,0.060406160718731734,0.4137186334799259,3.4624864055836073,0.0
26550,0.1770879626274109,0.927978515625,0.0,0.020891468684128247,0.004395015859915604,0.034879665316594505,0.22954524469034346,0.6466573697873307,0.060406160718731734,0.4137186334799259,3.4624864055836073,0.0
26575,0.1770770400762558,0.9279937744140625,0.0,0.020888059324406558,0.004395015859915604,0.034879665316594505,0.22954524469034346,0.6466573697873307,0.060406160718731734,0.4137186334799259,3.4624864055836073,0.0
26600,0.1770661473274231,0.92803955078125,0.0,0.02088424999404186,0.004395015859915604,0.034879665316594505,0.22954524469034346,0.6466573697873307,0.060406160718731734,0.4137186334799259,3.4624864055836073,0.0
26625,0.1770552396774292,0.928070068359375,0.0,0.020880918145455243,0.004395015859915604,0.034879665316594505,0.22954524469034346,0.6466573697873307,0.060406160718731734,0.4137186334799259,3.4624864055836073,0.0
26650,0.1770443469285965,0.928070068359375,0.0,0.020877474248981367,0.004395015859915604,0.034879665316594505,0.22954524469034346,0.6466573697873307,0.060406160718731734,0.4137186334799259,3.4624864055836073,0.0
26675,0.1770334541797638,0.928070068359375,0.0,0.020873833583272813,0.004395015859915604,0.034879665316594505,0.22954524469034346,0.6466573697873307,0.060406160718731734,0.4137186334799259,3.4624864055836073,0.0
26700,0.1770225614309311,0.9280853271484375,0.0,0.02087067584063651,0.004395015859915604,0.034879665316594505,0.22954524469034346,0.6466573697873307,0.060406160718731734,0.4137186334799259,3.4624864055836073,0.0
26725,0.1770116686820984,0.9280853271484375,0.0,0.02086644418501321,0.004395015859915604,0.034879665316594505,0.22954524469034346,0.6466573697873307,0.060406160718731734,0.4137186334799259,3.4624864055836073,0.0
26750,0.17700079083442688,0.9280853271484375,0.0,0.020863041997202212,0.004395015859915604,0.034879665316594505,0.22954524469034346,0.6466573697873307,0.060406160718731734,0.4137186334799259,3.4624864055836073,0.0
26775,0.17698991298675537,0.9280853271484375,0.0,0.020858686622586727,0.004395015859915604,0.034879665316594505,0.22954524469034346,0.6466573697873307,0.060406160718731734,0.4137186334799259,3.4624864055836073,0.0
26800,0.17697903513908386,0.9280853271484375,0.0,0.02085504015437635,0.004395015859915604,0.034879665316594505,0.22954524469034346,0.6466573697873307,0.060406160718731734,0.4137186334799259,3.4624864055836073,0.0
26825,0.17696815729141235,0.9281005859375,0.0,0.020852030233551522,0.004395015859915604,0.034879665316594505,0.22954524469034346,0.6466573697873307,0.060406160718731734,0.4137186334799259,3.4624864055836073,0.0
26850,0.17695729434490204,0.9281005859375,0.0,0.020848420121779437,0.004395015859915604,0.034879665316594505,0.22954524469034346,0.6466573697873307,0.060406160718731734,0.4137186334799259,3.4624864055836073,0.0
26875,0.17694643139839172,0.9281005859375,0.0,0.020844495741071268,0.004395015859915604,0.034879665316594505,0.22954524469034346,0.6466573697873307,0.060406160718731734,0.4137186334799259,3.4624864055836073,0.0
26900,0.1769355684518814,0.9281005859375,0.0,0.020840936617288225,0.004395015859915604,0.034879665316594505,0.22954524469034346,0.6466573697873307,0.060406160718731734,0.4137186334799259,3.4624864055836073,0.0
26925,0.1769247055053711,0.928131103515625,0.0,0.020837345666163156,0.004395015859915604,0.034879665316594505,0.22954524469034346,0.6466573697873307,0.060406160718731734,0.4137186334799259,3.4624864055836073,0.0
26950,0.17691385746002197,0.928131103515625,0.0,0.020833807708452903,0.004395015859915604,0.034879665316594505,0.22954524469034346,0.6466573697873307,0.060406160718731734,0.4137186334799259,3.4624864055836073,0.0
26975,0.17690300941467285,0.9281158447265625,0.0,0.020829922211892022,0.004395015859915604,0.034879665316594505,0.22954524469034346,0.6466573697873307,0.060406160718731734,0.4137186334799259,3.4624864055836073,0.0
27000,0.17689216136932373,0.928131103515625,0.0,0.020825690082444778,0.004395015859915604,0.034879665316594505,0.22954524469034346,0.6466573697873307,0.060406160718731734,0.4137186334799259,3.4624864055836073,0.0
27025,0.1768813282251358,0.928131103515625,0.0,0.020821736905201126,0.004395015859915604,0.034879665316594505,0.22954524469034346,0.6466573697873307,0.060406160718731734,0.4137186334799259,3.4624864055836073,0.0
27050,0.17687049508094788,0.9281463623046875,0.0,0.020817305130886917,0.004395015859915604,0.034879665316594505,0.22954524469034346,0.6466573697873307,0.060406160718731734,0.4137186334799259,3.4624864055836073,0.0
27075,0.17685967683792114,0.9281463623046875,0.0,0.020812886583726445,0.004395015859915604,0.034879665316594505,0.22954524469034346,0.6466573697873307,0.060406160718731734,0.4137186334799259,3.4624864055836073,0.0
27100,0.17684884369373322,0.9281463623046875,0.0,0.020809300048254264,0.004395015859915604,0.034879665316594505,0.22954524469034346,0.6466573697873307,0.060406160718731734,0.4137186334799259,3.4624864055836073,0.0
27125,0.1768380105495453,0.928131103515625,0.0,0.020805574238336132,0.004395015859915604,0.034879665316594505,0.22954524469034346,0.6466573697873307,0.060406160718731734,0.4137186334799259,3.4624864055836073,0.0
27150,0.17682719230651855,0.928131103515625,0.0,0.020801560865857768,0.004395015859915604,0.034879665316594505,0.22954524469034346,0.6466573697873307,0.060406160718731734,0.4137186334799259,3.4624864055836073,0.0
27175,0.17681637406349182,0.9281768798828125,0.0,0.020798017812955823,0.004395015859915604,0.034879665316594505,0.22954524469034346,0.6466573697873307,0.060406160718731734,0.4137186334799259,3.4624864055836073,0.0
27200,0.1768055558204651,0.928192138671875,0.0,0.020794499692015675,0.004395015859915604,0.034879665316594505,0.22954524469034346,0.6466573697873307,0.060406160718731734,0.4137186334799259,3.4624864055836073,0.0
27225,0.17679475247859955,0.928192138671875,0.0,0.02079123791094096,0.004395015859915604,0.034879665316594505,0.22954524469034346,0.6466573697873307,0.060406160718731734,0.4137186334799259,3.4624864055836073,0.0
27250,0.176783949136734,0.928192138671875,0.0,0.020787371501740006,0.004395015859915604,0.034879665316594505,0.22954524469034346,0.6466573697873307,0.060406160718731734,0.4137186334799259,3.4624864055836073,0.0
27275,0.17677314579486847,0.928192138671875,0.0,0.020782813450822384,0.004395015859915604,0.034879665316594505,0.22954524469034346,0.6466573697873307,0.060406160718731734,0.4137186334799259,3.4624864055836073,0.0
27300,0.17676235735416412,0.928192138671875,0.0,0.020779279598257913,0.004395015859915604,0.034879665316594505,0.22954524469034346,0.6466573697873307,0.060406160718731734,0.4137186334799259,3.4624864055836073,0.0
27325,0.17675155401229858,0.928192138671875,0.0,0.02077619723830262,0.004395015859915604,0.034879665316594505,0.22954524469034346,0.6466573697873307,0.060406160718731734,0.4137186334799259,3.4624864055836073,0.0
27350,0.17674076557159424,0.9282073974609375,0.0,0.020772704207020196,0.004395015859915604,0.034879665316594505,0.22954524469034346,0.6466573697873307,0.060406160718731734,0.4137186334799259,3.4624864055836073,0.0
27375,0.1767299771308899,0.9282073974609375,0.0,0.020768988385427612,0.004395015859915604,0.034879665316594505,0.22954524469034346,0.6466573697873307,0.060406160718731734,0.4137186334799259,3.4624864055836073,0.0
27400,0.17671920359134674,0.9282073974609375,0.0,0.02076462646741724,0.004395015859915604,0.034879665316594505,0.22954524469034346,0.6466573697873307,0.060406160718731734,0.4137186334799259,3.4624864055836073,0.0
27425,0.1767084300518036,0.9282073974609375,0.0,0.020760900099569986,0.004395015859915604,0.034879665316594505,0.22954524469034346,0.6466573697873307,0.060406160718731734,0.4137186334799259,3.4624864055836073,0.0
27450,0.17669764161109924,0.9282073974609375,0.0,0.020757209873779714,0.004395015859915604,0.034879665316594505,0.22954524469034346,0.6466573697873307,0.060406160718731734,0.4137186334799259,3.4624864055836073,0.0
27475,0.17668688297271729,0.92822265625,0.0,0.020753956252674385,0.004395015859915604,0.034879665316594505,0.22954524469034346,0.6466573697873307,0.060406160718731734,0.4137186334799259,3.4624864055836073,0.0
27500,0.17667612433433533,0.92822265625,0.0,0.02074999785191766,0.004395015859915604,0.034879665316594505,0.22954524469034346,0.6466573697873307,0.060406160718731734,0.4137186334799259,3.4624864055836073,0.0
27525,0.17666535079479218,0.92822265625,0.0,0.020746450474312634,0.004395015859915604,0.034879665316594505,0.22954524469034346,0.6466573697873307,0.060406160718731734,0.4137186334799259,3.4624864055836073,0.0
27550,0.17665459215641022,0.9282073974609375,0.0,0.020743114576211204,0.004395015859915604,0.034879665316594505,0.22954524469034346,0.6466573697873307,0.060406160718731734,0.4137186334799259,3.4624864055836073,0.0
27575,0.17664383351802826,0.9282073974609375,0.0,0.020739361984302682,0.004395015859915604,0.034879665316594505,0.22954524469034346,0.6466573697873307,0.060406160718731734,0.4137186334799259,3.4624864055836073,0.0
27600,0.1766330748796463,0.9282073974609375,0.0,0.020735907336805644,0.004395015859915604,0.034879665316594505,0.22954524469034346,0.6466573697873307,0.060406160718731734,0.4137186334799259,3.4624864055836073,0.0
27625,0.17662233114242554,0.9282073974609375,0.0,0.02073205122998397,0.004395015859915604,0.034879665316594505,0.22954524469034346,0.6466573697873307,0.060406160718731734,0.4137186334799259,3.4624864055836073,0.0
27650,0.17661160230636597,0.9282073974609375,0.0,0.020728239707503125,0.004395015859915604,0.034879665316594505,0.22954524469034346,0.6466573697873307,0.060406160718731734,0.4137186334799259,3.4624864055836073,0.0
27675,0.1766008585691452,0.92822265625,0.0,0.02072417157606622,0.004395015859915604,0.034879665316594505,0.22954524469034346,0.6466573697873307,0.060406160718731734,0.4137186334799259,3.4624864055836073,0.0
27700,0.17659011483192444,0.9282379150390625,0.0,0.020720892703524424,0.004395015859915604,0.034879665316594505,0.22954524469034346,0.6466573697873307,0.060406160718731734,0.4137186334799259,3.4624864055836073,0.0
27725,0.17657938599586487,0.9282379150390625,0.0,0.020716613201982422,0.004395015859915604,0.034879665316594505,0.22954524469034346,0.6466573697873307,0.060406160718731734,0.4137186334799259,3.4624864055836073,0.0
27750,0.1765686571598053,0.928253173828125,0.0,0.02071279973172356,0.004395015859915604,0.034879665316594505,0.22954524469034346,0.6466573697873307,0.060406160718731734,0.4137186334799259,3.4624864055836073,0.0
27775,0.17655792832374573,0.928253173828125,0.0,0.020709561901782973,0.004395015859915604,0.034879665316594505,0.22954524469034346,0.6466573697873307,0.060406160718731734,0.4137186334799259,3.4624864055836073,0.0
27800,0.17654721438884735,0.9282684326171875,0.0,0.020705681597654808,0.004395015859915604,0.034879665316594505,0.22954524469034346,0.6466573697873307,0.060406160718731734,0.4137186334799259,3.4624864055836073,0.0
27825,0.17653648555278778,0.92828369140625,0.0,0.02070202673900283,0.004395015859915604,0.034879665316594505,0.22954524469034346,0.6466573697873307,0.060406160718731734,0.4137186334799259,3.4624864055836073,0.0
27850,0.1765257716178894,0.9282989501953125,0.0,0.02069868276759985,0.004395015859915604,0.034879665316594505,0.22954524469034346,0.6466573697873307,0.060406160718731734,0.4137186334799259,3.4624864055836073,0.0
27875,0.17651505768299103,0.9282989501953125,0.0,0.02069583868757522,0.004395015859915604,0.034879665316594505,0.22954524469034346,0.6466573697873307,0.060406160718731734,0.4137186334799259,3.4624864055836073,0.0
27900,0.17650435864925385,0.9282989501953125,0.0,0.020692522898841714,0.004395015859915604,0.034879665316594505,0.22954524469034346,0.6466573697873307,0.060406160718731734,0.4137186334799259,3.4624864055836073,0.0
27925,0.17649364471435547,0.9282989501953125,0.0,0.02068883548787727,0.004395015859915604,0.034879665316594505,0.22954524469034346,0.6466573697873307,0.060406160718731734,0.4137186334799259,3.4624864055836073,0.0
27950,0.1764829456806183,0.928314208984375,0.0,0.02068521043571477,0.004395015859915604,0.034879665316594505,0.22954524469034346,0.6466573697873307,0.060406160718731734,0.4137186334799259,3.4624864055836073,0.0
27975,0.1764722764492035,0.9282989501953125,0.0,0.02068153682139577,0.004395015859915604,0.034879665316594505,0.22954524469034346,0.6466573697873307,0.060406160718731734,0.4137186334799259,3.4624864055836073,0.0
28000,0.1764615774154663,0.9283294677734375,0.0,0.020677739236565237,0.004395015859915604,0.034879665316594505,0.22954524469034346,0.6466573697873307,0.060406160718731734,0.4137186334799259,3.4624864055836073,0.0
28025,0.17645087838172913,0.9283447265625,0.0,0.020674291796207306,0.004395015859915604,0.034879665316594505,0.22954524469034346,0.6466573697873307,0.060406160718731734,0.4137186334799259,3.4624864055836073,0.0
28050,0.17644020915031433,0.9283447265625,0.0,0.02067119741457858,0.004395015859915604,0.034879665316594505,0.22954524469034346,0.6466573697873307,0.060406160718731734,0.4137186334799259,3.4624864055836073,0.0
28075,0.17642951011657715,0.9283447265625,0.0,0.020668235132960098,0.004395015859915604,0.034879665316594505,0.22954524469034346,0.6466573697873307,0.060406160718731734,0.4137186334799259,3.4624864055836073,0.0
28100,0.17641884088516235,0.9283447265625,0.0,0.020664565566771223,0.004395015859915604,0.034879665316594505,0.22954524469034346,0.6466573697873307,0.060406160718731734,0.4137186334799259,3.4624864055836073,0.0
28125,0.17640817165374756,0.9283599853515625,0.0,0.02066135407154933,0.004395015859915604,0.034879665316594505,0.22954524469034346,0.6466573697873307,0.060406160718731734,0.4137186334799259,3.4624864055836073,0.0
28150,0.17639748752117157,0.928375244140625,0.0,0.020657749193674878,0.004395015859915604,0.034879665316594505,0.22954524469034346,0.6466573697873307,0.060406160718731734,0.4137186334799259,3.4624864055836073,0.0
28175,0.17638683319091797,0.928375244140625,0.0,0.020654343637640463,0.004395015859915604,0.034879665316594505,0.22954524469034346,0.6466573697873307,0.060406160718731734,0.4137186334799259,3.4624864055836073,0.0
28200,0.17637616395950317,0.9283905029296875,0.0,0.020651274115970356,0.004395015859915604,0.034879665316594505,0.22954524469034346,0.6466573697873307,0.060406160718731734,0.4137186334799259,3.4624864055836073,0.0
28225,0.17636550962924957,0.9283905029296875,0.0,0.02064802736904833,0.004395015859915604,0.034879665316594505,0.22954524469034346,0.6466573697873307,0.060406160718731734,0.4137186334799259,3.4624864055836073,0.0
28250,0.17635485529899597,0.9283905029296875,0.0,0.020644353410901147,0.004395015859915604,0.034879665316594505,0.22954524469034346,0.6466573697873307,0.060406160718731734,0.4137186334799259,3.4624864055836073,0.0
28275,0.17634418606758118,0.9283905029296875,0.0,0.020641018068213366,0.004395015859915604,0.034879665316594505,0.22954524469034346,0.6466573697873307,0.060406160718731734,0.4137186334799259,3.4624864055836073,0.0
28300,0.17633354663848877,0.92840576171875,0.0,0.020637802461590596,0.004395015859915604,0.034879665316594505,0.22954524469034346,0.6466573697873307,0.060406160718731734,0.4137186334799259,3.4624864055836073,0.0
28325,0.17632290720939636,0.92840576171875,0.0,0.02063432356058138,0.004395015859915604,0.034879665316594505,0.22954524469034346,0.6466573697873307,0.060406160718731734,0.4137186334799259,3.4624864055836073,0.0
28350,0.17631226778030396,0.928436279296875,0.0,0.0206308182735365,0.004395015859915604,0.034879665316594505,0.22954524469034346,0.6466573697873307,0.060406160718731734,0.4137186334799259,3.4624864055836073,0.0
28375,0.17630162835121155,0.928436279296875,0.0,0.02062734596611892,0.004395015859915604,0.034879665316594505,0.22954524469034346,0.6466573697873307,0.060406160718731734,0.4137186334799259,3.4624864055836073,0.0
28400,0.17629098892211914,0.9284515380859375,0.0,0.020624048469328714,0.004395015859915604,0.034879665316594505,0.22954524469034346,0.6466573697873307,0.060406160718731734,0.4137186334799259,3.4624864055836073,0.0
28425,0.17628034949302673,0.928466796875,0.0,0.02062072985241974,0.004395015859915604,0.034879665316594505,0.22954524469034346,0.6466573697873307,0.060406160718731734,0.4137186334799259,3.4624864055836073,0.0
28450,0.17626972496509552,0.9284820556640625,0.0,0.020616781666279,0.004395015859915604,0.034879665316594505,0.22954524469034346,0.6466573697873307,0.060406160718731734,0.4137186334799259,3.4624864055836073,0.0
28475,0.1762591004371643,0.9284820556640625,0.0,0.020613333249984638,0.004395015859915604,0.034879665316594505,0.22954524469034346,0.6466573697873307,0.060406160718731734,0.4137186334799259,3.4624864055836073,0.0
28500,0.1762484908103943,0.928497314453125,0.0,0.02060991926773577,0.004395015859915604,0.034879665316594505,0.22954524469034346,0.6466573697873307,0.060406160718731734,0.4137186334799259,3.4624864055836073,0.0
28525,0.17623785138130188,0.928497314453125,0.0,0.020606961230373755,0.004395015859915604,0.034879665316594505,0.22954524469034346,0.6466573697873307,0.060406160718731734,0.4137186334799259,3.4624864055836073,0.0
28550,0.17622724175453186,0.928497314453125,0.0,0.020603850560678795,0.004395015859915604,0.034879665316594505,0.22954524469034346,0.6466573697873307,0.060406160718731734,0.4137186334799259,3.4624864055836073,0.0
28575,0.17621663212776184,0.928497314453125,0.0,0.02060030107396207,0.004395015859915604,0.034879665316594505,0.22954524469034346,0.6466573697873307,0.060406160718731734,0.4137186334799259,3.4624864055836073,0.0
28600,0.17620602250099182,0.9285125732421875,0.0,0.020596941426682988,0.004395015859915604,0.034879665316594505,0.22954524469034346,0.6466573697873307,0.060406160718731734,0.4137186334799259,3.4624864055836073,0.0
28625,0.1761954128742218,0.92852783203125,0.0,0.020593660915638988,0.004395015859915604,0.034879665316594505,0.22954524469034346,0.6466573697873307,0.060406160718731734,0.4137186334799259,3.4624864055836073,0.0
28650,0.17618481814861298,0.92852783203125,0.0,0.02059044189164675,0.004395015859915604,0.034879665316594505,0.22954524469034346,0.6466573697873307,0.060406160718731734,0.4137186334799259,3.4624864055836073,0.0
28675,0.17617422342300415,0.92852783203125,0.0,0.02058727607987998,0.004395015859915604,0.034879665316594505,0.22954524469034346,0.6466573697873307,0.060406160718731734,0.4137186334799259,3.4624864055836073,0.0
28700,0.17616362869739532,0.9285125732421875,0.0,0.02058435359759826,0.004395015859915604,0.034879665316594505,0.22954524469034346,0.6466573697873307,0.060406160718731734,0.4137186334799259,3.4624864055836073,0.0
28725,0.1761530339717865,0.9285125732421875,0.0,0.020581480838094725,0.004395015859915604,0.034879665316594505,0.22954524469034346,0.6466573697873307,0.060406160718731734,0.4137186334799259,3.4624864055836073,0.0
28750,0.17614245414733887,0.92852783203125,0.0,0.020577545741662324,0.004395015859915604,0.034879665316594505,0.22954524469034346,0.6466573697873307,0.060406160718731734,0.4137186334799259,3.4624864055836073,0.0
28775,0.17613185942173004,0.92852783203125,0.0,0.020574186704010105,0.004395015859915604,0.034879665316594505,0.22954524469034346,0.6466573697873307,0.060406160718731734,0.4137186334799259,3.4624864055836073,0.0
28800,0.1761212944984436,0.92852783203125,0.0,0.02057090425815459,0.004395015859915604,0.034879665316594505,0.22954524469034346,0.6466573697873307,0.060406160718731734,0.4137186334799259,3.4624864055836073,0.0
28825,0.17611071467399597,0.92852783203125,0.0,0.020568261753736588,0.004395015859915604,0.034879665316594505,0.22954524469034346,0.6466573697873307,0.060406160718731734,0.4137186334799259,3.4624864055836073,0.0
28850,0.17610011994838715,0.92852783203125,0.0,0.020565218732907453,0.004395015859915604,0.034879665316594505,0.22954524469034346,0.6466573697873307,0.060406160718731734,0.4137186334799259,3.4624864055836073,0.0
28875,0.1760895550251007,0.92852783203125,0.0,0.02056215944805962,0.004395015859915604,0.034879665316594505,0.22954524469034346,0.6466573697873307,0.060406160718731734,0.4137186334799259,3.4624864055836073,0.0
28900,0.17607897520065308,0.9285430908203125,0.0,0.020558895536153275,0.004395015859915604,0.034879665316594505,0.22954524469034346,0.6466573697873307,0.060406160718731734,0.4137186334799259,3.4624864055836073,0.0
28925,0.17606842517852783,0.9285430908203125,0.0,0.02055576600797909,0.004395015859915604,0.034879665316594505,0.22954524469034346,0.6466573697873307,0.060406160718731734,0.4137186334799259,3.4624864055836073,0.0
28950,0.1760578602552414,0.9285430908203125,0.0,0.02055234155022127,0.004395015859915604,0.034879665316594505,0.22954524469034346,0.6466573697873307,0.060406160718731734,0.4137186334799259,3.4624864055836073,0.0
28975,0.17604731023311615,0.9285430908203125,0.0,0.02054889926913036,0.004395015859915604,0.034879665316594505,0.22954524469034346,0.6466573697873307,0.060406160718731734,0.4137186334799259,3.4624864055836073,0.0
29000,0.1760367453098297,0.9285430908203125,0.0,0.0205455293056796,0.004395015859915604,0.034879665316594505,0.22954524469034346,0.6466573697873307,0.060406160718731734,0.4137186334799259,3.4624864055836073,0.0
29025,0.17602619528770447,0.928558349609375,0.0,0.020542613312372393,0.004395015859915604,0.034879665316594505,0.22954524469034346,0.6466573697873307,0.060406160718731734,0.4137186334799259,3.4624864055836073,0.0
29050,0.17601564526557922,0.928558349609375,0.0,0.020539212418961166,0.004395015859915604,0.034879665316594505,0.22954524469034346,0.6466573697873307,0.060406160718731734,0.4137186334799259,3.4624864055836073,0.0
29075,0.17600509524345398,0.928558349609375,0.0,0.020536394156950393,0.004395015859915604,0.034879665316594505,0.22954524469034346,0.6466573697873307,0.060406160718731734,0.4137186334799259,3.4624864055836073,0.0
29100,0.17599456012248993,0.928558349609375,0.0,0.020533112947035713,0.004395015859915604,0.034879665316594505,0.22954524469034346,0.6466573697873307,0.060406160718731734,0.4137186334799259,3.4624864055836073,0.0
29125,0.17598402500152588,0.9285736083984375,0.0,0.0205300905104498,0.004395015859915604,0.034879665316594505,0.22954524469034346,0.6466573697873307,0.060406160718731734,0.4137186334799259,3.4624864055836073,0.0
29150,0.17597348988056183,0.928558349609375,0.0,0.02052682607159986,0.004395015859915604,0.034879665316594505,0.22954524469034346,0.6466573697873307,0.060406160718731734,0.4137186334799259,3.4624864055836073,0.0
29175,0.17596295475959778,0.928558349609375,0.0,0.020524604293798154,0.004395015859915604,0.034879665316594505,0.22954524469034346,0.6466573697873307,0.060406160718731734,0.4137186334799259,3.4624864055836073,0.0
29200,0.17595241963863373,0.9285888671875,0.0,0.020521378556278273,0.004395015859915604,0.034879665316594505,0.22954524469034346,0.6466573697873307,0.060406160718731734,0.4137186334799259,3.4624864055836073,0.0
29225,0.17594188451766968,0.9285888671875,0.0,0.020518694457492662,0.004395015859915604,0.034879665316594505,0.22954524469034346,0.6466573697873307,0.060406160718731734,0.4137186334799259,3.4624864055836073,0.0
29250,0.17593137919902802,0.9286041259765625,0.0,0.02051544052529932,0.004395015859915604,0.034879665316594505,0.22954524469034346,0.6466573697873307,0.060406160718731734,0.4137186334799259,3.4624864055836073,0.0
29275,0.17592085897922516,0.928619384765625,0.0,0.020512086776387706,0.004395015859915604,0.034879665316594505,0.22954524469034346,0.6466573697873307,0.060406160718731734,0.4137186334799259,3.4624864055836073,0.0
29300,0.1759103238582611,0.92864990234375,0.0,0.02050856255789045,0.004395015859915604,0.034879665316594505,0.22954524469034346,0.6466573697873307,0.060406160718731734,0.4137186334799259,3.4624864055836073,0.0
29325,0.17589981853961945,0.92864990234375,0.0,0.02050534999069836,0.004395015859915604,0.034879665316594505,0.22954524469034346,0.6466573697873307,0.060406160718731734,0.4137186334799259,3.4624864055836073,0.0
29350,0.17588931322097778,0.9286651611328125,0.0,0.02050197452396905,0.004395015859915604,0.034879665316594505,0.22954524469034346,0.6466573697873307,0.060406160718731734,0.4137186334799259,3.4624864055836073,0.0
29375,0.17587879300117493,0.92864990234375,0.0,0.020498510682825963,0.004395015859915604,0.034879665316594505,0.22954524469034346,0.6466573697873307,0.060406160718731734,0.4137186334799259,3.4624864055836073,0.0
29400,0.17586830258369446,0.92864990234375,0.0,0.020495457911529017,0.004395015859915604,0.034879665316594505,0.22954524469034346,0.6466573697873307,0.060406160718731734,0.4137186334799259,3.4624864055836073,0.0
29425,0.175857812166214,0.92864990234375,0.0,0.020492434929030013,0.004395015859915604,0.034879665316594505,0.22954524469034346,0.6466573697873307,0.060406160718731734,0.4137186334799259,3.4624864055836073,0.0
29450,0.17584730684757233,0.9286346435546875,0.0,0.020489599208083215,0.004395015859915604,0.034879665316594505,0.22954524469034346,0.6466573697873307,0.060406160718731734,0.4137186334799259,3.4624864055836073,0.0
29475,0.17583680152893066,0.9286346435546875,0.0,0.020485928550699188,0.004395015859915604,0.034879665316594505,0.22954524469034346,0.6466573697873307,0.060406160718731734,0.4137186334799259,3.4624864055836073,0.0
29500,0.17582634091377258,0.9286346435546875,0.0,0.02048337995059294,0.004395015859915604,0.034879665316594505,0.22954524469034346,0.6466573697873307,0.060406160718731734,0.4137186334799259,3.4624864055836073,0.0
29525,0.17581582069396973,0.9286651611328125,0.0,0.020480736927950452,0.004395015859915604,0.034879665316594505,0.22954524469034346,0.6466573697873307,0.060406160718731734,0.4137186334799259,3.4624864055836073,0.0
29550,0.17580534517765045,0.928680419921875,0.0,0.020477929823861696,0.004395015859915604,0.034879665316594505,0.22954524469034346,0.6466573697873307,0.060406160718731734,0.4137186334799259,3.4624864055836073,0.0
29575,0.17579486966133118,0.9286651611328125,0.0,0.02047462383540438,0.004395015859915604,0.034879665316594505,0.22954524469034346,0.6466573697873307,0.060406160718731734,0.4137186334799259,3.4624864055836073,0.0
29600,0.1757844090461731,0.928680419921875,0.0,0.020470972375125775,0.004395015859915604,0.034879665316594505,0.22954524469034346,0.6466573697873307,0.060406160718731734,0.4137186334799259,3.4624864055836073,0.0
29625,0.17577391862869263,0.928680419921875,0.0,0.020468369962655827,0.004395015859915604,0.034879665316594505,0.22954524469034346,0.6466573697873307,0.060406160718731734,0.4137186334799259,3.4624864055836073,0.0
29650,0.17576345801353455,0.9286956787109375,0.0,0.020466011389109123,0.004395015859915604,0.034879665316594505,0.22954524469034346,0.6466573697873307,0.060406160718731734,0.4137186334799259,3.4624864055836073,0.0
29675,0.17575296759605408,0.9286956787109375,0.0,0.020462449793235873,0.004395015859915604,0.034879665316594505,0.22954524469034346,0.6466573697873307,0.060406160718731734,0.4137186334799259,3.4624864055836073,0.0
29700,0.175742506980896,0.9286956787109375,0.0,0.020459634571613202,0.004395015859915604,0.034879665316594505,0.22954524469034346,0.6466573697873307,0.060406160718731734,0.4137186334799259,3.4624864055836073,0.0
29725,0.17573204636573792,0.9286956787109375,0.0,0.020456532918163624,0.004395015859915604,0.034879665316594505,0.22954524469034346,0.6466573697873307,0.060406160718731734,0.4137186334799259,3.4624864055836073,0.0
29750,0.17572160065174103,0.9286956787109375,0.0,0.020454116493601234,0.004395015859915604,0.034879665316594505,0.22954524469034346,0.6466573697873307,0.060406160718731734,0.4137186334799259,3.4624864055836073,0.0
29775,0.17571112513542175,0.9286956787109375,0.0,0.020450891851957448,0.004395015859915604,0.034879665316594505,0.22954524469034346,0.6466573697873307,0.060406160718731734,0.4137186334799259,3.4624864055836073,0.0
29800,0.17570069432258606,0.9287109375,0.0,0.02044829925168602,0.004395015859915604,0.034879665316594505,0.22954524469034346,0.6466573697873307,0.060406160718731734,0.4137186334799259,3.4624864055836073,0.0
29825,0.17569023370742798,0.9287261962890625,0.0,0.020445799289938116,0.004395015859915604,0.034879665316594505,0.22954524469034346,0.6466573697873307,0.060406160718731734,0.4137186334799259,3.4624864055836073,0.0
29850,0.1756797730922699,0.9287261962890625,0.0,0.02044246839446099,0.004395015859915604,0.034879665316594505,0.22954524469034346,0.6466573697873307,0.060406160718731734,0.4137186334799259,3.4624864055836073,0.0
29875,0.1756693422794342,0.9287567138671875,0.0,0.020438865529080315,0.004395015859915604,0.034879665316594505,0.22954524469034346,0.6466573697873307,0.060406160718731734,0.4137186334799259,3.4624864055836073,0.0
29900,0.17565888166427612,0.9287567138671875,0.0,0.020436250716886102,0.004395015859915604,0.034879665316594505,0.22954524469034346,0.6466573697873307,0.060406160718731734,0.4137186334799259,3.4624864055836073,0.0
29925,0.17564845085144043,0.92877197265625,0.0,0.020433114547476223,0.004395015859915604,0.034879665316594505,0.22954524469034346,0.6466573697873307,0.060406160718731734,0.4137186334799259,3.4624864055836073,0.0
29950,0.17563802003860474,0.92877197265625,0.0,0.02042997066989256,0.004395015859915604,0.034879665316594505,0.22954524469034346,0.6466573697873307,0.060406160718731734,0.4137186334799259,3.4624864055836073,0.0
29975,0.17562758922576904,0.92877197265625,0.0,0.020427033131156278,0.004395015859915604,0.034879665316594505,0.22954524469034346,0.6466573697873307,0.060406160718731734,0.4137186334799259,3.4624864055836073,0.0
30000,0.17561715841293335,0.9287872314453125,0.0,0.020423947559441318,0.004395015859915604,0.034879665316594505,0.22954524469034346,0.6466573697873307,0.060406160718731734,0.4137186334799259,3.4624864055836073,0.0
30025,0.17560672760009766,0.9287872314453125,0.0,0.020420663724901582,0.004395015859915604,0.034879665316594505,0.22954524469034346,0.6466573697873307,0.060406160718731734,0.4137186334799259,3.4624864055836073,0.0
30050,0.17559629678726196,0.928802490234375,0.0,0.020417811313469456,0.004395015859915604,0.034879665316594505,0.22954524469034346,0.6466573697873307,0.060406160718731734,0.4137186334799259,3.4624864055836073,0.0
30075,0.17558588087558746,0.928802490234375,0.0,0.020415022742093017,0.004395015859915604,0.034879665316594505,0.22954524469034346,0.6466573697873307,0.060406160718731734,0.4137186334799259,3.4624864055836073,0.0
30100,0.17557546496391296,0.928802490234375,0.0,0.020411223597471915,0.004395015859915604,0.034879665316594505,0.22954524469034346,0.6466573697873307,0.060406160718731734,0.4137186334799259,3.4624864055836073,0.0
30125,0.17556506395339966,0.928802490234375,0.0,0.020408158677801165,0.004395015859915604,0.034879665316594505,0.22954524469034346,0.6466573697873307,0.060406160718731734,0.4137186334799259,3.4624864055836073,0.0
30150,0.17555463314056396,0.9288177490234375,0.0,0.020405389880835366,0.004395015859915604,0.034879665316594505,0.22954524469034346,0.6466573697873307,0.060406160718731734,0.4137186334799259,3.4624864055836073,0.0
30175,0.17554423213005066,0.9288177490234375,0.0,0.02040278549189779,0.004395015859915604,0.034879665316594505,0.22954524469034346,0.6466573697873307,0.060406160718731734,0.4137186334799259,3.4624864055836073,0.0
30200,0.17553383111953735,0.9288177490234375,0.0,0.020399853246198436,0.004395015859915604,0.034879665316594505,0.22954524469034346,0.6466573697873307,0.060406160718731734,0.4137186334799259,3.4624864055836073,0.0
30225,0.17552343010902405,0.9288177490234375,0.0,0.020397134645493392,0.004395015859915604,0.034879665316594505,0.22954524469034346,0.6466573697873307,0.060406160718731734,0.4137186334799259,3.4624864055836073,0.0
30250,0.17551302909851074,0.9288177490234375,0.0,0.020394381174391674,0.004395015859915604,0.034879665316594505,0.22954524469034346,0.6466573697873307,0.060406160718731734,0.4137186334799259,3.4624864055836073,0.0
30275,0.17550262808799744,0.9288330078125,0.0,0.020391648797414952,0.004395015859915604,0.034879665316594505,0.22954524469034346,0.6466573697873307,0.060406160718731734,0.4137186334799259,3.4624864055836073,0.0
30300,0.17549224197864532,0.9288482666015625,0.0,0.020388439262277024,0.004395015859915604,0.034879665316594505,0.22954524469034346,0.6466573697873307,0.060406160718731734,0.4137186334799259,3.4624864055836073,0.0
30325,0.1754818558692932,0.9288787841796875,0.0,0.020385413566827784,0.004395015859915604,0.034879665316594505,0.22954524469034346,0.6466573697873307,0.060406160718731734,0.4137186334799259,3.4624864055836073,0.0
30350,0.1754714697599411,0.9288787841796875,0.0,0.02038198599983814,0.004395015859915604,0.034879665316594505,0.22954524469034346,0.6466573697873307,0.060406160718731734,0.4137186334799259,3.4624864055836073,0.0
30375,0.175461083650589,0.9288787841796875,0.0,0.02037889529591274,0.004395015859915604,0.034879665316594505,0.22954524469034346,0.6466573697873307,0.060406160718731734,0.4137186334799259,3.4624864055836073,0.0
30400,0.17545071244239807,0.9288787841796875,0.0,0.020375850211347295,0.004395015859915604,0.034879665316594505,0.22954524469034346,0.6466573697873307,0.060406160718731734,0.4137186334799259,3.4624864055836073,0.0
30425,0.17544032633304596,0.9288787841796875,0.0,0.020373151214869507,0.004395015859915604,0.034879665316594505,0.22954524469034346,0.6466573697873307,0.060406160718731734,0.4137186334799259,3.4624864055836073,0.0
30450,0.17542994022369385,0.9289093017578125,0.0,0.020370174962391335,0.004395015859915604,0.034879665316594505,0.22954524469034346,0.6466573697873307,0.060406160718731734,0.4137186334799259,3.4624864055836073,0.0
30475,0.17541956901550293,0.9289093017578125,0.0,0.020366950833378743,0.004395015859915604,0.034879665316594505,0.22954524469034346,0.6466573697873307,0.060406160718731734,0.4137186334799259,3.4624864055836073,0.0
30500,0.175409197807312,0.9289093017578125,0.0,0.02036410468491287,0.004395015859915604,0.034879665316594505,0.22954524469034346,0.6466573697873307,0.060406160718731734,0.4137186334799259,3.4624864055836073,0.0
30525,0.1753988415002823,0.928924560546875,0.0,0.020361756148153876,0.004395015859915604,0.034879665316594505,0.22954524469034346,0.6466573697873307,0.060406160718731734,0.4137186334799259,3.4624864055836073,0.0
30550,0.17538848519325256,0.928924560546875,0.0,0.02035838131971847,0.004395015859915604,0.034879665316594505,0.22954524469034346,0.6466573697873307,0.060406160718731734,0.4137186334799259,3.4624864055836073,0.0
30575,0.17537811398506165,0.928924560546875,0.0,0.020355226091196367,0.004395015859915604,0.034879665316594505,0.22954524469034346,0.6466573697873307,0.060406160718731734,0.4137186334799259,3.4624864055836073,0.0
30600,0.17536777257919312,0.9289398193359375,0.0,0.02035250126068501,0.004395015859915604,0.034879665316594505,0.22954524469034346,0.6466573697873307,0.060406160718731734,0.4137186334799259,3.4624864055836073,0.0
30625,0.1753574013710022,0.9289398193359375,0.0,0.02034982946544325,0.004395015859915604,0.034879665316594505,0.22954524469034346,0.6466573697873307,0.060406160718731734,0.4137186334799259,3.4624864055836073,0.0
30650,0.17534705996513367,0.928955078125,0.0,0.02034696414007874,0.004395015859915604,0.034879665316594505,0.22954524469034346,0.6466573697873307,0.060406160718731734,0.4137186334799259,3.4624864055836073,0.0
30675,0.17533670365810394,0.928985595703125,0.0,0.020343331757819254,0.004395015859915604,0.034879665316594505,0.22954524469034346,0.6466573697873307,0.060406160718731734,0.4137186334799259,3.4624864055836073,0.0
30700,0.1753263771533966,0.9289703369140625,0.0,0.020340230205293797,0.004395015859915604,0.034879665316594505,0.22954524469034346,0.6466573697873307,0.060406160718731734,0.4137186334799259,3.4624864055836073,0.0
30725,0.17531602084636688,0.9289703369140625,0.0,0.02033741792122115,0.004395015859915604,0.034879665316594505,0.22954524469034346,0.6466573697873307,0.060406160718731734,0.4137186334799259,3.4624864055836073,0.0
30750,0.17530567944049835,0.928985595703125,0.0,0.020334314486063605,0.004395015859915604,0.034879665316594505,0.22954524469034346,0.6466573697873307,0.060406160718731734,0.4137186334799259,3.4624864055836073,0.0
30775,0.17529535293579102,0.9290008544921875,0.0,0.02033136779813791,0.004395015859915604,0.034879665316594505,0.22954524469034346,0.6466573697873307,0.060406160718731734,0.4137186334799259,3.4624864055836073,0.0
30800,0.17528501152992249,0.9290008544921875,0.0,0.020328253783761414,0.004395015859915604,0.034879665316594505,0.22954524469034346,0.6466573697873307,0.060406160718731734,0.4137186334799259,3.4624864055836073,0.0
30825,0.17527468502521515,0.9290008544921875,0.0,0.020325699336527604,0.004395015859915604,0.034879665316594505,0.22954524469034346,0.6466573697873307,0.060406160718731734,0.4137186334799259,3.4624864055836073,0.0
30850,0.1752643585205078,0.9290008544921875,0.0,0.020322549079905744,0.004395015859915604,0.034879665316594505,0.22954524469034346,0.6466573697873307,0.060406160718731734,0.4137186334799259,3.4624864055836073,0.0
30875,0.17525404691696167,0.9290008544921875,0.0,0.020319743777082663,0.004395015859915604,0.034879665316594505,0.22954524469034346,0.6466573697873307,0.060406160718731734,0.4137186334799259,3.4624864055836073,0.0
30900,0.17524372041225433,0.92901611328125,0.0,0.02031646365744231,0.004395015859915604,0.034879665316594505,0.22954524469034346,0.6466573697873307,0.060406160718731734,0.4137186334799259,3.4624864055836073,0.0
30925,0.175233393907547,0.9290313720703125,0.0,0.020313847426795827,0.004395015859915604,0.034879665316594505,0.22954524469034346,0.6466573697873307,0.060406160718731734,0.4137186334799259,3.4624864055836073,0.0
30950,0.17522308230400085,0.9290313720703125,0.0,0.020311077450755475,0.004395015859915604,0.034879665316594505,0.22954524469034346,0.6466573697873307,0.060406160718731734,0.4137186334799259,3.4624864055836073,0.0
30975,0.1752127707004547,0.929046630859375,0.0,0.020307892972225038,0.004395015859915604,0.034879665316594505,0.22954524469034346,0.6466573697873307,0.060406160718731734,0.4137186334799259,3.4624864055836073,0.0
31000,0.17520245909690857,0.929046630859375,0.0,0.020305239334688113,0.004395015859915604,0.034879665316594505,0.22954524469034346,0.6466573697873307,0.060406160718731734,0.4137186334799259,3.4624864055836073,0.0
31025,0.17519216239452362,0.929046630859375,0.0,0.020302802566024018,0.004395015859915604,0.034879665316594505,0.22954524469034346,0.6466573697873307,0.060406160718731734,0.4137186334799259,3.4624864055836073,0.0
31050,0.17518186569213867,0.9290618896484375,0.0,0.02030076506816412,0.004395015859915604,0.034879665316594505,0.22954524469034346,0.6466573697873307,0.060406160718731734,0.4137186334799259,3.4624864055836073,0.0
31075,0.17517155408859253,0.9290618896484375,0.0,0.02029736054885009,0.004395015859915604,0.034879665316594505,0.22954524469034346,0.6466573697873307,0.060406160718731734,0.4137186334799259,3.4624864055836073,0.0
31100,0.1751612424850464,0.9290771484375,0.0,0.020294500324654914,0.004395015859915604,0.034879665316594505,0.22954524469034346,0.6466573697873307,0.060406160718731734,0.4137186334799259,3.4624864055836073,0.0
31125,0.17515096068382263,0.9290924072265625,0.0,0.020292165007028733,0.004395015859915604,0.034879665316594505,0.22954524469034346,0.6466573697873307,0.060406160718731734,0.4137186334799259,3.4624864055836073,0.0
31150,0.17514067888259888,0.9290924072265625,0.0,0.020289119492808556,0.004395015859915604,0.034879665316594505,0.22954524469034346,0.6466573697873307,0.060406160718731734,0.4137186334799259,3.4624864055836073,0.0
31175,0.17513036727905273,0.9290771484375,0.0,0.02028715797693299,0.004395015859915604,0.034879665316594505,0.22954524469034346,0.6466573697873307,0.060406160718731734,0.4137186334799259,3.4624864055836073,0.0
31200,0.17512008547782898,0.9290924072265625,0.0,0.020284317204582906,0.004395015859915604,0.034879665316594505,0.22954524469034346,0.6466573697873307,0.060406160718731734,0.4137186334799259,3.4624864055836073,0.0
31225,0.17510980367660522,0.9290924072265625,0.0,0.020280619297356868,0.004395015859915604,0.034879665316594505,0.22954524469034346,0.6466573697873307,0.060406160718731734,0.4137186334799259,3.4624864055836073,0.0
31250,0.17509952187538147,0.9290924072265625,0.0,0.020278584622848095,0.004395015859915604,0.034879665316594505,0.22954524469034346,0.6466573697873307,0.060406160718731734,0.4137186334799259,3.4624864055836073,0.0
31275,0.1750892549753189,0.929107666015625,0.0,0.020275869059688884,0.004395015859915604,0.034879665316594505,0.22954524469034346,0.6466573697873307,0.060406160718731734,0.4137186334799259,3.4624864055836073,0.0
31300,0.17507897317409515,0.929107666015625,0.0,0.020273705897745204,0.004395015859915604,0.034879665316594505,0.22954524469034346,0.6466573697873307,0.060406160718731734,0.4137186334799259,3.4624864055836073,0.0
31325,0.1750686913728714,0.929107666015625,0.0,0.020271472749939554,0.004395015859915604,0.034879665316594505,0.22954524469034346,0.6466573697873307,0.060406160718731734,0.4137186334799259,3.4624864055836073,0.0
31350,0.17505842447280884,0.9290924072265625,0.0,0.020268456795797037,0.004395015859915604,0.034879665316594505,0.22954524469034346,0.6466573697873307,0.060406160718731734,0.4137186334799259,3.4624864055836073,0.0
31375,0.17504815757274628,0.929107666015625,0.0,0.020265045485550456,0.004395015859915604,0.034879665316594505,0.22954524469034346,0.6466573697873307,0.060406160718731734,0.4137186334799259,3.4624864055836073,0.0
31400,0.17503789067268372,0.9291229248046875,0.0,0.02026229316680099,0.004395015859915604,0.034879665316594505,0.22954524469034346,0.6466573697873307,0.060406160718731734,0.4137186334799259,3.4624864055836073,0.0
31425,0.17502763867378235,0.929107666015625,0.0,0.020259237600353384,0.004395015859915604,0.034879665316594505,0.22954524469034346,0.6466573697873307,0.060406160718731734,0.4137186334799259,3.4624864055836073,0.0
31450,0.1750173717737198,0.9290924072265625,0.0,0.020256419260413865,0.004395015859915604,0.034879665316594505,0.22954524469034346,0.6466573697873307,0.060406160718731734,0.4137186334799259,3.4624864055836073,0.0
31475,0.17500710487365723,0.9290924072265625,0.0,0.02025342253892076,0.004395015859915604,0.034879665316594505,0.22954524469034346,0.6466573697873307,0.060406160718731734,0.4137186334799259,3.4624864055836073,0.0
31500,0.17499686777591705,0.929107666015625,0.0,0.02025073831211206,0.004395015859915604,0.034879665316594505,0.22954524469034346,0.6466573697873307,0.060406160718731734,0.4137186334799259,3.4624864055836073,0.0
31525,0.17498661577701569,0.929107666015625,0.0,0.020248131087806057,0.004395015859915604,0.034879665316594505,0.22954524469034346,0.6466573697873307,0.060406160718731734,0.4137186334799259,3.4624864055836073,0.0
31550,0.17497636377811432,0.929107666015625,0.0,0.020246312858818116,0.004395015859915604,0.034879665316594505,0.22954524469034346,0.6466573697873307,0.060406160718731734,0.4137186334799259,3.4624864055836073,0.0
31575,0.17496611177921295,0.9291229248046875,0.0,0.020243382960073768,0.004395015859915604,0.034879665316594505,0.22954524469034346,0.6466573697873307,0.060406160718731734,0.4137186334799259,3.4624864055836073,0.0
31600,0.17495587468147278,0.929107666015625,0.0,0.02024057218188223,0.004395015859915604,0.034879665316594505,0.22954524469034346,0.6466573697873307,0.060406160718731734,0.4137186334799259,3.4624864055836073,0.0
31625,0.1749456226825714,0.92913818359375,0.0,0.02023699859054896,0.004395015859915604,0.034879665316594505,0.22954524469034346,0.6466573697873307,0.060406160718731734,0.4137186334799259,3.4624864055836073,0.0
31650,0.17493540048599243,0.92913818359375,0.0,0.020234176714564227,0.004395015859915604,0.034879665316594505,0.22954524469034346,0.6466573697873307,0.060406160718731734,0.4137186334799259,3.4624864055836073,0.0
31675,0.17492516338825226,0.92913818359375,0.0,0.020231674156591283,0.004395015859915604,0.034879665316594505,0.22954524469034346,0.6466573697873307,0.060406160718731734,0.4137186334799259,3.4624864055836073,0.0
31700,0.17491492629051208,0.92913818359375,0.0,0.02022837146679697,0.004395015859915604,0.034879665316594505,0.22954524469034346,0.6466573697873307,0.060406160718731734,0.4137186334799259,3.4624864055836073,0.0
31725,0.1749047040939331,0.9291534423828125,0.0,0.020225844374183424,0.004395015859915604,0.034879665316594505,0.22954524469034346,0.6466573697873307,0.060406160718731734,0.4137186334799259,3.4624864055836073,0.0
31750,0.17489446699619293,0.9291534423828125,0.0,0.020223078316081822,0.004395015859915604,0.034879665316594505,0.22954524469034346,0.6466573697873307,0.060406160718731734,0.4137186334799259,3.4624864055836073,0.0
31775,0.17488425970077515,0.929168701171875,0.0,0.020219415379802885,0.004395015859915604,0.034879665316594505,0.22954524469034346,0.6466573697873307,0.060406160718731734,0.4137186334799259,3.4624864055836073,0.0
31800,0.17487402260303497,0.929168701171875,0.0,0.020216938089060266,0.004395015859915604,0.034879665316594505,0.22954524469034346,0.6466573697873307,0.060406160718731734,0.4137186334799259,3.4624864055836073,0.0
31825,0.174863800406456,0.9291839599609375,0.0,0.020213506581166836,0.004395015859915604,0.034879665316594505,0.22954524469034346,0.6466573697873307,0.060406160718731734,0.4137186334799259,3.4624864055836073,0.0
31850,0.1748535931110382,0.9291839599609375,0.0,0.020210761738334297,0.004395015859915604,0.034879665316594505,0.22954524469034346,0.6466573697873307,0.060406160718731734,0.4137186334799259,3.4624864055836073,0.0
31875,0.17484338581562042,0.9291839599609375,0.0,0.020208093756401535,0.004395015859915604,0.034879665316594505,0.22954524469034346,0.6466573697873307,0.060406160718731734,0.4137186334799259,3.4624864055836073,0.0
31900,0.17483317852020264,0.92919921875,0.0,0.02020561672604932,0.004395015859915604,0.034879665316594505,0.22954524469034346,0.6466573697873307,0.060406160718731734,0.4137186334799259,3.4624864055836073,0.0
31925,0.17482298612594604,0.92919921875,0.0,0.020202422929725596,0.004395015859915604,0.034879665316594505,0.22954524469034346,0.6466573697873307,0.060406160718731734,0.4137186334799259,3.4624864055836073,0.0
31950,0.17481276392936707,0.92919921875,0.0,0.020199957051852898,0.004395015859915604,0.034879665316594505,0.22954524469034346,0.6466573697873307,0.060406160718731734,0.4137186334799259,3.4624864055836073,0.0
31975,0.17480257153511047,0.929229736328125,0.0,0.020198180985657184,0.004395015859915604,0.034879665316594505,0.22954524469034346,0.6466573697873307,0.060406160718731734,0.4137186334799259,3.4624864055836073,0.0
32000,0.17479237914085388,0.929229736328125,0.0,0.020195588200135114,0.004395015859915604,0.034879665316594505,0.22954524469034346,0.6466573697873307,0.060406160718731734,0.4137186334799259,3.4624864055836073,0.0
32025,0.1747821718454361,0.929229736328125,0.0,0.020192458399128674,0.004395015859915604,0.034879665316594505,0.22954524469034346,0.6466573697873307,0.060406160718731734,0.4137186334799259,3.4624864055836073,0.0
32050,0.1747719794511795,0.929229736328125,0.0,0.020189496509874835,0.004395015859915604,0.034879665316594505,0.22954524469034346,0.6466573697873307,0.060406160718731734,0.4137186334799259,3.4624864055836073,0.0
32075,0.1747618019580841,0.9292449951171875,0.0,0.02018694588365936,0.004395015859915604,0.034879665316594505,0.22954524469034346,0.6466573697873307,0.060406160718731734,0.4137186334799259,3.4624864055836073,0.0
32100,0.1747516244649887,0.9292449951171875,0.0,0.020184493833268605,0.004395015859915604,0.034879665316594505,0.22954524469034346,0.6466573697873307,0.060406160718731734,0.4137186334799259,3.4624864055836073,0.0
32125,0.17474143207073212,0.92926025390625,0.0,0.020181895401657216,0.004395015859915604,0.034879665316594505,0.22954524469034346,0.6466573697873307,0.060406160718731734,0.4137186334799259,3.4624864055836073,0.0
32150,0.17473125457763672,0.9292755126953125,0.0,0.02017925445202741,0.004395015859915604,0.034879665316594505,0.22954524469034346,0.6466573697873307,0.060406160718731734,0.4137186334799259,3.4624864055836073,0.0
32175,0.17472107708454132,0.9292755126953125,0.0,0.020175799684542046,0.004395015859915604,0.034879665316594505,0.22954524469034346,0.6466573697873307,0.060406160718731734,0.4137186334799259,3.4624864055836073,0.0
32200,0.17471089959144592,0.9292755126953125,0.0,0.020172861514497997,0.004395015859915604,0.034879665316594505,0.22954524469034346,0.6466573697873307,0.060406160718731734,0.4137186334799259,3.4624864055836073,0.0
32225,0.17470073699951172,0.9292755126953125,0.0,0.02016966859892674,0.004395015859915604,0.034879665316594505,0.22954524469034346,0.6466573697873307,0.060406160718731734,0.4137186334799259,3.4624864055836073,0.0
32250,0.17469055950641632,0.929290771484375,0.0,0.02016724076943094,0.004395015859915604,0.034879665316594505,0.22954524469034346,0.6466573697873307,0.060406160718731734,0.4137186334799259,3.4624864055836073,0.0
32275,0.17468039691448212,0.929290771484375,0.0,0.02016453215543694,0.004395015859915604,0.034879665316594505,0.22954524469034346,0.6466573697873307,0.060406160718731734,0.4137186334799259,3.4624864055836073,0.0
32300,0.1746702343225479,0.9293060302734375,0.0,0.0201617173410286,0.004395015859915604,0.034879665316594505,0.22954524469034346,0.6466573697873307,0.060406160718731734,0.4137186334799259,3.4624864055836073,0.0
32325,0.17466005682945251,0.9293212890625,0.0,0.02016003493544069,0.004395015859915604,0.034879665316594505,0.22954524469034346,0.6466573697873307,0.060406160718731734,0.4137186334799259,3.4624864055836073,0.0
32350,0.1746499091386795,0.9293365478515625,0.0,0.02015723575189855,0.004395015859915604,0.034879665316594505,0.22954524469034346,0.6466573697873307,0.060406160718731734,0.4137186334799259,3.4624864055836073,0.0
32375,0.1746397465467453,0.9293365478515625,0.0,0.020154296646719447,0.004395015859915604,0.034879665316594505,0.22954524469034346,0.6466573697873307,0.060406160718731734,0.4137186334799259,3.4624864055836073,0.0
32400,0.1746295988559723,0.9293365478515625,0.0,0.02015229328843131,0.004395015859915604,0.034879665316594505,0.22954524469034346,0.6466573697873307,0.060406160718731734,0.4137186334799259,3.4624864055836073,0.0
32425,0.17461943626403809,0.9293365478515625,0.0,0.020149779579465517,0.004395015859915604,0.034879665316594505,0.22954524469034346,0.6466573697873307,0.060406160718731734,0.4137186334799259,3.4624864055836073,0.0
32450,0.17460930347442627,0.9293365478515625,0.0,0.0201475077118254,0.004395015859915604,0.034879665316594505,0.22954524469034346,0.6466573697873307,0.060406160718731734,0.4137186334799259,3.4624864055836073,0.0
32475,0.17459914088249207,0.9293365478515625,0.0,0.020145211672154495,0.004395015859915604,0.034879665316594505,0.22954524469034346,0.6466573697873307,0.060406160718731734,0.4137186334799259,3.4624864055836073,0.0
32500,0.17458900809288025,0.929351806640625,0.0,0.020142384039934395,0.004395015859915604,0.034879665316594505,0.22954524469034346,0.6466573697873307,0.060406160718731734,0.4137186334799259,3.4624864055836073,0.0
32525,0.17457886040210724,0.929351806640625,0.0,0.02014007413814384,0.004395015859915604,0.034879665316594505,0.22954524469034346,0.6466573697873307,0.060406160718731734,0.4137186334799259,3.4624864055836073,0.0
32550,0.17456874251365662,0.929351806640625,0.0,0.02013688090743507,0.004395015859915604,0.034879665316594505,0.22954524469034346,0.6466573697873307,0.060406160718731734,0.4137186334799259,3.4624864055836073,0.0
32575,0.1745585948228836,0.929351806640625,0.0,0.020133750905879468,0.004395015859915604,0.034879665316594505,0.22954524469034346,0.6466573697873307,0.060406160718731734,0.4137186334799259,3.4624864055836073,0.0
32600,0.1745484620332718,0.9293670654296875,0.0,0.02013126700144844,0.004395015859915604,0.034879665316594505,0.22954524469034346,0.6466573697873307,0.060406160718731734,0.4137186334799259,3.4624864055836073,0.0
32625,0.17453832924365997,0.9293670654296875,0.0,0.020128010005061866,0.004395015859915604,0.034879665316594505,0.22954524469034346,0.6466573697873307,0.060406160718731734,0.4137186334799259,3.4624864055836073,0.0
32650,0.17452821135520935,0.9293670654296875,0.0,0.020125506356277335,0.004395015859915604,0.034879665316594505,0.22954524469034346,0.6466573697873307,0.060406160718731734,0.4137186334799259,3.4624864055836073,0.0
32675,0.17451807856559753,0.92938232421875,0.0,0.020123260096336085,0.004395015859915604,0.034879665316594505,0.22954524469034346,0.6466573697873307,0.060406160718731734,0.4137186334799259,3.4624864055836073,0.0
32700,0.17450794577598572,0.92938232421875,0.0,0.020120360131416114,0.004395015859915604,0.034879665316594505,0.22954524469034346,0.6466573697873307,0.060406160718731734,0.4137186334799259,3.4624864055836073,0.0
32725,0.1744978427886963,0.929412841796875,0.0,0.0201176053117564,0.004395015859915604,0.034879665316594505,0.22954524469034346,0.6466573697873307,0.060406160718731734,0.4137186334799259,3.4624864055836073,0.0
32750,0.17448772490024567,0.929412841796875,0.0,0.02011508007303954,0.004395015859915604,0.034879665316594505,0.22954524469034346,0.6466573697873307,0.060406160718731734,0.4137186334799259,3.4624864055836073,0.0
32775,0.17447760701179504,0.929412841796875,0.0,0.020111993145434763,0.004395015859915604,0.034879665316594505,0.22954524469034346,0.6466573697873307,0.060406160718731734,0.4137186334799259,3.4624864055836073,0.0
32800,0.17446750402450562,0.9294281005859375,0.0,0.020110145642016637,0.004395015859915604,0.034879665316594505,0.22954524469034346,0.6466573697873307,0.060406160718731734,0.4137186334799259,3.4624864055836073,0.0
32825,0.174457386136055,0.9294281005859375,0.0,0.020107604618849417,0.004395015859915604,0.034879665316594505,0.22954524469034346,0.6466573697873307,0.060406160718731734,0.4137186334799259,3.4624864055836073,0.0
32850,0.17444726824760437,0.9294586181640625,0.0,0.02010591583169164,0.004395015859915604,0.034879665316594505,0.22954524469034346,0.6466573697873307,0.060406160718731734,0.4137186334799259,3.4624864055836073,0.0
32875,0.17443716526031494,0.9294586181640625,0.0,0.020103354468358578,0.004395015859915604,0.034879665316594505,0.22954524469034346,0.6466573697873307,0.060406160718731734,0.4137186334799259,3.4624864055836073,0.0
32900,0.1744270920753479,0.9294586181640625,0.0,0.020099495839751808,0.004395015859915604,0.034879665316594505,0.22954524469034346,0.6466573697873307,0.060406160718731734,0.4137186334799259,3.4624864055836073,0.0
32925,0.17441697418689728,0.929473876953125,0.0,0.020096998346154037,0.004395015859915604,0.034879665316594505,0.22954524469034346,0.6466573697873307,0.060406160718731734,0.4137186334799259,3.4624864055836073,0.0
32950,0.17440687119960785,0.9294586181640625,0.0,0.020094791962453496,0.004395015859915604,0.034879665316594505,0.22954524469034346,0.6466573697873307,0.060406160718731734,0.4137186334799259,3.4624864055836073,0.0
32975,0.17439678311347961,0.9294586181640625,0.0,0.0200913155634239,0.004395015859915604,0.034879665316594505,0.22954524469034346,0.6466573697873307,0.060406160718731734,0.4137186334799259,3.4624864055836073,0.0
33000,0.17438670992851257,0.929473876953125,0.0,0.02008901108465398,0.004395015859915604,0.034879665316594505,0.22954524469034346,0.6466573697873307,0.060406160718731734,0.4137186334799259,3.4624864055836073,0.0
33025,0.17437660694122314,0.929473876953125,0.0,0.020086357475548166,0.004395015859915604,0.034879665316594505,0.22954524469034346,0.6466573697873307,0.060406160718731734,0.4137186334799259,3.4624864055836073,0.0
33050,0.1743665337562561,0.9294586181640625,0.0,0.020083507291933526,0.004395015859915604,0.034879665316594505,0.22954524469034346,0.6466573697873307,0.060406160718731734,0.4137186334799259,3.4624864055836073,0.0
33075,0.17435644567012787,0.929473876953125,0.0,0.02008135901194075,0.004395015859915604,0.034879665316594505,0.22954524469034346,0.6466573697873307,0.060406160718731734,0.4137186334799259,3.4624864055836073,0.0
33100,0.17434637248516083,0.929473876953125,0.0,0.02007801701433228,0.004395015859915604,0.034879665316594505,0.22954524469034346,0.6466573697873307,0.060406160718731734,0.4137186334799259,3.4624864055836073,0.0
33125,0.1743362843990326,0.929473876953125,0.0,0.020075941218835235,0.004395015859915604,0.034879665316594505,0.22954524469034346,0.6466573697873307,0.060406160718731734,0.4137186334799259,3.4624864055836073,0.0
33150,0.17432621121406555,0.929473876953125,0.0,0.020072935920582218,0.004395015859915604,0.034879665316594505,0.22954524469034346,0.6466573697873307,0.060406160718731734,0.4137186334799259,3.4624864055836073,0.0
33175,0.1743161380290985,0.929473876953125,0.0,0.020070609728167974,0.004395015859915604,0.034879665316594505,0.22954524469034346,0.6466573697873307,0.060406160718731734,0.4137186334799259,3.4624864055836073,0.0
33200,0.17430606484413147,0.929473876953125,0.0,0.02006720994734581,0.004395015859915604,0.034879665316594505,0.22954524469034346,0.6466573697873307,0.060406160718731734,0.4137186334799259,3.4624864055836073,0.0
33225,0.17429600656032562,0.9294891357421875,0.0,0.020064516015144456,0.004395015859915604,0.034879665316594505,0.22954524469034346,0.6466573697873307,0.060406160718731734,0.4137186334799259,3.4624864055836073,0.0
33250,0.17428593337535858,0.9294891357421875,0.0,0.020062379231746943,0.004395015859915604,0.034879665316594505,0.22954524469034346,0.6466573697873307,0.060406160718731734,0.4137186334799259,3.4624864055836073,0.0
33275,0.17427587509155273,0.9294891357421875,0.0,0.020059620781651914,0.004395015859915604,0.034879665316594505,0.22954524469034346,0.6466573697873307,0.060406160718731734,0.4137186334799259,3.4624864055836073,0.0
33300,0.17426583170890808,0.9294891357421875,0.0,0.02005708566235776,0.004395015859915604,0.034879665316594505,0.22954524469034346,0.6466573697873307,0.060406160718731734,0.4137186334799259,3.4624864055836073,0.0
33325,0.17425575852394104,0.9294891357421875,0.0,0.020054903254266322,0.004395015859915604,0.034879665316594505,0.22954524469034346,0.6466573697873307,0.060406160718731734,0.4137186334799259,3.4624864055836073,0.0
33350,0.1742457151412964,0.9294891357421875,0.0,0.020052872841622636,0.004395015859915604,0.034879665316594505,0.22954524469034346,0.6466573697873307,0.060406160718731734,0.4137186334799259,3.4624864055836073,0.0
33375,0.17423567175865173,0.92950439453125,0.0,0.020050499178903607,0.004395015859915604,0.034879665316594505,0.22954524469034346,0.6466573697873307,0.060406160718731734,0.4137186334799259,3.4624864055836073,0.0
33400,0.17422562837600708,0.92950439453125,0.0,0.020048950634763463,0.004395015859915604,0.034879665316594505,0.22954524469034346,0.6466573697873307,0.060406160718731734,0.4137186334799259,3.4624864055836073,0.0
33425,0.17421557009220123,0.9295196533203125,0.0,0.020046487932381528,0.004395015859915604,0.034879665316594505,0.22954524469034346,0.6466573697873307,0.060406160718731734,0.4137186334799259,3.4624864055836073,0.0
33450,0.17420551180839539,0.9295196533203125,0.0,0.020044294042775943,0.004395015859915604,0.034879665316594505,0.22954524469034346,0.6466573697873307,0.060406160718731734,0.4137186334799259,3.4624864055836073,0.0
33475,0.17419546842575073,0.9295196533203125,0.0,0.020041856501402784,0.004395015859915604,0.034879665316594505,0.22954524469034346,0.6466573697873307,0.060406160718731734,0.4137186334799259,3.4624864055836073,0.0
33500,0.17418543994426727,0.929534912109375,0.0,0.02003953348784547,0.004395015859915604,0.034879665316594505,0.22954524469034346,0.6466573697873307,0.060406160718731734,0.4137186334799259,3.4624864055836073,0.0
33525,0.17417538166046143,0.929534912109375,0.0,0.02003740420175253,0.004395015859915604,0.034879665316594505,0.22954524469034346,0.6466573697873307,0.060406160718731734,0.4137186334799259,3.4624864055836073,0.0
33550,0.17416535317897797,0.929534912109375,0.0,0.020034855189923713,0.004395015859915604,0.034879665316594505,0.22954524469034346,0.6466573697873307,0.060406160718731734,0.4137186334799259,3.4624864055836073,0.0
33575,0.1741553246974945,0.929534912109375,0.0,0.02003190570313596,0.004395015859915604,0.034879665316594505,0.22954524469034346,0.6466573697873307,0.060406160718731734,0.4137186334799259,3.4624864055836073,0.0
33600,0.17414529621601105,0.929534912109375,0.0,0.020029307881274692,0.004395015859915604,0.034879665316594505,0.22954524469034346,0.6466573697873307,0.060406160718731734,0.4137186334799259,3.4624864055836073,0.0
33625,0.1741352677345276,0.929534912109375,0.0,0.020027288006110203,0.004395015859915604,0.034879665316594505,0.22954524469034346,0.6466573697873307,0.060406160718731734,0.4137186334799259,3.4624864055836073,0.0
33650,0.17412523925304413,0.929534912109375,0.0,0.02002457035514248,0.004395015859915604,0.034879665316594505,0.22954524469034346,0.6466573697873307,0.060406160718731734,0.4137186334799259,3.4624864055836073,0.0
33675,0.17411521077156067,0.929534912109375,0.0,0.020022101338570433,0.004395015859915604,0.034879665316594505,0.22954524469034346,0.6466573697873307,0.060406160718731734,0.4137186334799259,3.4624864055836073,0.0
33700,0.1741051971912384,0.929534912109375,0.0,0.02001947954118709,0.004395015859915604,0.034879665316594505,0.22954524469034346,0.6466573697873307,0.060406160718731734,0.4137186334799259,3.4624864055836073,0.0
33725,0.17409518361091614,0.9295501708984375,0.0,0.02001654341182924,0.004395015859915604,0.034879665316594505,0.22954524469034346,0.6466573697873307,0.060406160718731734,0.4137186334799259,3.4624864055836073,0.0
33750,0.17408517003059387,0.9295501708984375,0.0,0.020013851473812842,0.004395015859915604,0.034879665316594505,0.22954524469034346,0.6466573697873307,0.060406160718731734,0.4137186334799259,3.4624864055836073,0.0
33775,0.1740751564502716,0.9295501708984375,0.0,0.020011131247267437,0.004395015859915604,0.034879665316594505,0.22954524469034346,0.6466573697873307,0.060406160718731734,0.4137186334799259,3.4624864055836073,0.0
33800,0.17406514286994934,0.9295654296875,0.0,0.020008640328247153,0.004395015859915604,0.034879665316594505,0.22954524469034346,0.6466573697873307,0.060406160718731734,0.4137186334799259,3.4624864055836073,0.0
33825,0.17405512928962708,0.9295654296875,0.0,0.020006901469893167,0.004395015859915604,0.034879665316594505,0.22954524469034346,0.6466573697873307,0.060406160718731734,0.4137186334799259,3.4624864055836073,0.0
33850,0.174045130610466,0.9295806884765625,0.0,0.02000508533953865,0.004395015859915604,0.034879665316594505,0.22954524469034346,0.6466573697873307,0.060406160718731734,0.4137186334799259,3.4624864055836073,0.0
33875,0.17403513193130493,0.929595947265625,0.0,0.02000262271278499,0.004395015859915604,0.034879665316594505,0.22954524469034346,0.6466573697873307,0.060406160718731734,0.4137186334799259,3.4624864055836073,0.0
33900,0.17402511835098267,0.929595947265625,0.0,0.02000089399059702,0.004395015859915604,0.034879665316594505,0.22954524469034346,0.6466573697873307,0.060406160718731734,0.4137186334799259,3.4624864055836073,0.0
33925,0.1740151345729828,0.929595947265625,0.0,0.01999932876496199,0.004395015859915604,0.034879665316594505,0.22954524469034346,0.6466573697873307,0.060406160718731734,0.4137186334799259,3.4624864055836073,0.0
33950,0.17400512099266052,0.929595947265625,0.0,0.01999748778689258,0.004395015859915604,0.034879665316594505,0.22954524469034346,0.6466573697873307,0.060406160718731734,0.4137186334799259,3.4624864055836073,0.0
33975,0.17399513721466064,0.92962646484375,0.0,0.01999438695775948,0.004395015859915604,0.034879665316594505,0.22954524469034346,0.6466573697873307,0.060406160718731734,0.4137186334799259,3.4624864055836073,0.0
34000,0.17398515343666077,0.929656982421875,0.0,0.019991635793545983,0.004395015859915604,0.034879665316594505,0.22954524469034346,0.6466573697873307,0.060406160718731734,0.4137186334799259,3.4624864055836073,0.0
34025,0.1739751398563385,0.9296722412109375,0.0,0.019988812070984952,0.004395015859915604,0.034879665316594505,0.22954524469034346,0.6466573697873307,0.060406160718731734,0.4137186334799259,3.4624864055836073,0.0
34050,0.17396515607833862,0.9296875,0.0,0.019986492322957974,0.004395015859915604,0.034879665316594505,0.22954524469034346,0.6466573697873307,0.060406160718731734,0.4137186334799259,3.4624864055836073,0.0
34075,0.17395518720149994,0.9296875,0.0,0.019984067307341095,0.004395015859915604,0.034879665316594505,0.22954524469034346,0.6466573697873307,0.060406160718731734,0.4137186334799259,3.4624864055836073,0.0
34100,0.17394518852233887,0.9296875,0.0,0.01998145581494945,0.004395015859915604,0.034879665316594505,0.22954524469034346,0.6466573697873307,0.060406160718731734,0.4137186334799259,3.4624864055836073,0.0
34125,0.17393523454666138,0.9297027587890625,0.0,0.019978588446240227,0.004395015859915604,0.034879665316594505,0.22954524469034346,0.6466573697873307,0.060406160718731734,0.4137186334799259,3.4624864055836073,0.0
34150,0.1739252358675003,0.9297027587890625,0.0,0.0199764855529009,0.004395015859915604,0.034879665316594505,0.22954524469034346,0.6466573697873307,0.060406160718731734,0.4137186334799259,3.4624864055836073,0.0
34175,0.17391526699066162,0.929718017578125,0.0,0.019974395866342504,0.004395015859915604,0.034879665316594505,0.22954524469034346,0.6466573697873307,0.060406160718731734,0.4137186334799259,3.4624864055836073,0.0
34200,0.17390529811382294,0.929718017578125,0.0,0.019972017340760057,0.004395015859915604,0.034879665316594505,0.22954524469034346,0.6466573697873307,0.060406160718731734,0.4137186334799259,3.4624864055836073,0.0
34225,0.17389531433582306,0.92974853515625,0.0,0.019969688976690568,0.004395015859915604,0.034879665316594505,0.22954524469034346,0.6466573697873307,0.060406160718731734,0.4137186334799259,3.4624864055836073,0.0
34250,0.17388534545898438,0.9297637939453125,0.0,0.019967545687493978,0.004395015859915604,0.034879665316594505,0.22954524469034346,0.6466573697873307,0.060406160718731734,0.4137186334799259,3.4624864055836073,0.0
34275,0.17387539148330688,0.9297637939453125,0.0,0.019965178525937287,0.004395015859915604,0.034879665316594505,0.22954524469034346,0.6466573697873307,0.060406160718731734,0.4137186334799259,3.4624864055836073,0.0
34300,0.173865407705307,0.9297943115234375,0.0,0.019962350863399893,0.004395015859915604,0.034879665316594505,0.22954524469034346,0.6466573697873307,0.060406160718731734,0.4137186334799259,3.4624864055836073,0.0
34325,0.17385545372962952,0.9297943115234375,0.0,0.019959759908325932,0.004395015859915604,0.034879665316594505,0.22954524469034346,0.6466573697873307,0.060406160718731734,0.4137186334799259,3.4624864055836073,0.0
34350,0.17384549975395203,0.9297943115234375,0.0,0.019957736836213408,0.004395015859915604,0.034879665316594505,0.22954524469034346,0.6466573697873307,0.060406160718731734,0.4137186334799259,3.4624864055836073,0.0
34375,0.17383554577827454,0.9297943115234375,0.0,0.01995484889720393,0.004395015859915604,0.034879665316594505,0.22954524469034346,0.6466573697873307,0.060406160718731734,0.4137186334799259,3.4624864055836073,0.0
34400,0.17382559180259705,0.9297943115234375,0.0,0.019952497060459727,0.004395015859915604,0.034879665316594505,0.22954524469034346,0.6466573697873307,0.060406160718731734,0.4137186334799259,3.4624864055836073,0.0
34425,0.17381563782691956,0.9298248291015625,0.0,0.019950429492768044,0.004395015859915604,0.034879665316594505,0.22954524469034346,0.6466573697873307,0.060406160718731734,0.4137186334799259,3.4624864055836073,0.0
34450,0.17380568385124207,0.9298248291015625,0.0,0.01994793525048146,0.004395015859915604,0.034879665316594505,0.22954524469034346,0.6466573697873307,0.060406160718731734,0.4137186334799259,3.4624864055836073,0.0
34475,0.17379572987556458,0.929840087890625,0.0,0.019945099215082203,0.004395015859915604,0.034879665316594505,0.22954524469034346,0.6466573697873307,0.060406160718731734,0.4137186334799259,3.4624864055836073,0.0
34500,0.17378580570220947,0.92987060546875,0.0,0.01994255725870101,0.004395015859915604,0.034879665316594505,0.22954524469034346,0.6466573697873307,0.060406160718731734,0.4137186334799259,3.4624864055836073,0.0
34525,0.17377585172653198,0.929901123046875,0.0,0.019941100676912467,0.004395015859915604,0.034879665316594505,0.22954524469034346,0.6466573697873307,0.060406160718731734,0.4137186334799259,3.4624864055836073,0.0
34550,0.17376591265201569,0.929901123046875,0.0,0.019938818498632795,0.004395015859915604,0.034879665316594505,0.22954524469034346,0.6466573697873307,0.060406160718731734,0.4137186334799259,3.4624864055836073,0.0
34575,0.1737559735774994,0.929901123046875,0.0,0.019936633125299325,0.004395015859915604,0.034879665316594505,0.22954524469034346,0.6466573697873307,0.060406160718731734,0.4137186334799259,3.4624864055836073,0.0
34600,0.1737460494041443,0.929901123046875,0.0,0.019934943739460944,0.004395015859915604,0.034879665316594505,0.22954524469034346,0.6466573697873307,0.060406160718731734,0.4137186334799259,3.4624864055836073,0.0
34625,0.173736110329628,0.929901123046875,0.0,0.019932524463953563,0.004395015859915604,0.034879665316594505,0.22954524469034346,0.6466573697873307,0.060406160718731734,0.4137186334799259,3.4624864055836073,0.0
34650,0.1737261712551117,0.929901123046875,0.0,0.019930811561120292,0.004395015859915604,0.034879665316594505,0.22954524469034346,0.6466573697873307,0.060406160718731734,0.4137186334799259,3.4624864055836073,0.0
34675,0.1737162470817566,0.929901123046875,0.0,0.01992889997420325,0.004395015859915604,0.034879665316594505,0.22954524469034346,0.6466573697873307,0.060406160718731734,0.4137186334799259,3.4624864055836073,0.0
34700,0.1737063229084015,0.929901123046875,0.0,0.01992672893927429,0.004395015859915604,0.034879665316594505,0.22954524469034346,0.6466573697873307,0.060406160718731734,0.4137186334799259,3.4624864055836073,0.0
34725,0.1736963838338852,0.9299163818359375,0.0,0.019925390241449164,0.004395015859915604,0.034879665316594505,0.22954524469034346,0.6466573697873307,0.060406160718731734,0.4137186334799259,3.4624864055836073,0.0
34750,0.17368647456169128,0.929931640625,0.0,0.01992318750096495,0.004395015859915604,0.034879665316594505,0.22954524469034346,0.6466573697873307,0.060406160718731734,0.4137186334799259,3.4624864055836073,0.0
34775,0.173676535487175,0.9299468994140625,0.0,0.01992073323811162,0.004395015859915604,0.034879665316594505,0.22954524469034346,0.6466573697873307,0.060406160718731734,0.4137186334799259,3.4624864055836073,0.0
34800,0.17366662621498108,0.9299468994140625,0.0,0.019918138617641884,0.004395015859915604,0.034879665316594505,0.22954524469034346,0.6466573697873307,0.060406160718731734,0.4137186334799259,3.4624864055836073,0.0
34825,0.17365670204162598,0.9299468994140625,0.0,0.01991601419324689,0.004395015859915604,0.034879665316594505,0.22954524469034346,0.6466573697873307,0.060406160718731734,0.4137186334799259,3.4624864055836073,0.0
34850,0.17364679276943207,0.9299468994140625,0.0,0.019913528752997227,0.004395015859915604,0.034879665316594505,0.22954524469034346,0.6466573697873307,0.060406160718731734,0.4137186334799259,3.4624864055836073,0.0
34875,0.17363688349723816,0.929931640625,0.0,0.019911339212183358,0.004395015859915604,0.034879665316594505,0.22954524469034346,0.6466573697873307,0.060406160718731734,0.4137186334799259,3.4624864055836073,0.0
34900,0.17362695932388306,0.929931640625,0.0,0.01990877968997092,0.004395015859915604,0.034879665316594505,0.22954524469034346,0.6466573697873307,0.060406160718731734,0.4137186334799259,3.4624864055836073,0.0
34925,0.17361706495285034,0.929931640625,0.0,0.019905569864983153,0.004395015859915604,0.034879665316594505,0.22954524469034346,0.6466573697873307,0.060406160718731734,0.4137186334799259,3.4624864055836073,0.0
34950,0.17360715568065643,0.9299468994140625,0.0,0.019902780643113516,0.004395015859915604,0.034879665316594505,0.22954524469034346,0.6466573697873307,0.060406160718731734,0.4137186334799259,3.4624864055836073,0.0
34975,0.17359724640846252,0.9299468994140625,0.0,0.019900033026635306,0.004395015859915604,0.034879665316594505,0.22954524469034346,0.6466573697873307,0.060406160718731734,0.4137186334799259,3.4624864055836073,0.0
35000,0.1735873520374298,0.9299468994140625,0.0,0.019898503803903858,0.004395015859915604,0.034879665316594505,0.22954524469034346,0.6466573697873307,0.060406160718731734,0.4137186334799259,3.4624864055836073,0.0
35025,0.1735774576663971,0.9299468994140625,0.0,0.0198961735898705,0.004395015859915604,0.034879665316594505,0.22954524469034346,0.6466573697873307,0.060406160718731734,0.4137186334799259,3.4624864055836073,0.0
35050,0.17356756329536438,0.929962158203125,0.0,0.01989319214516929,0.004395015859915604,0.034879665316594505,0.22954524469034346,0.6466573697873307,0.060406160718731734,0.4137186334799259,3.4624864055836073,0.0
35075,0.17355766892433167,0.929962158203125,0.0,0.019890802252401755,0.004395015859915604,0.034879665316594505,0.22954524469034346,0.6466573697873307,0.060406160718731734,0.4137186334799259,3.4624864055836073,0.0
35100,0.17354777455329895,0.92999267578125,0.0,0.0198891947383923,0.004395015859915604,0.034879665316594505,0.22954524469034346,0.6466573697873307,0.060406160718731734,0.4137186334799259,3.4624864055836073,0.0
35125,0.17353788018226624,0.92999267578125,0.0,0.01988726610764514,0.004395015859915604,0.034879665316594505,0.22954524469034346,0.6466573697873307,0.060406160718731734,0.4137186334799259,3.4624864055836073,0.0
35150,0.1735280156135559,0.92999267578125,0.0,0.019885397041829345,0.004395015859915604,0.034879665316594505,0.22954524469034346,0.6466573697873307,0.060406160718731734,0.4137186334799259,3.4624864055836073,0.0
35175,0.1735181212425232,0.9300079345703125,0.0,0.019883278215153354,0.004395015859915604,0.034879665316594505,0.22954524469034346,0.6466573697873307,0.060406160718731734,0.4137186334799259,3.4624864055836073,0.0
35200,0.17350822687149048,0.9300079345703125,0.0,0.019880915657222057,0.004395015859915604,0.034879665316594505,0.22954524469034346,0.6466573697873307,0.060406160718731734,0.4137186334799259,3.4624864055836073,0.0
35225,0.17349836230278015,0.9300079345703125,0.0,0.019878796035008334,0.004395015859915604,0.034879665316594505,0.22954524469034346,0.6466573697873307,0.060406160718731734,0.4137186334799259,3.4624864055836073,0.0
35250,0.17348846793174744,0.9300079345703125,0.0,0.019876339179720492,0.004395015859915604,0.034879665316594505,0.22954524469034346,0.6466573697873307,0.060406160718731734,0.4137186334799259,3.4624864055836073,0.0
35275,0.1734786033630371,0.9300079345703125,0.0,0.01987411663507497,0.004395015859915604,0.034879665316594505,0.22954524469034346,0.6466573697873307,0.060406160718731734,0.4137186334799259,3.4624864055836073,0.0
35300,0.1734687089920044,0.9300079345703125,0.0,0.019872549470285668,0.004395015859915604,0.034879665316594505,0.22954524469034346,0.6466573697873307,0.060406160718731734,0.4137186334799259,3.4624864055836073,0.0
35325,0.17345884442329407,0.9300079345703125,0.0,0.0198702308430385,0.004395015859915604,0.034879665316594505,0.22954524469034346,0.6466573697873307,0.060406160718731734,0.4137186334799259,3.4624864055836073,0.0
35350,0.17344899475574493,0.930023193359375,0.0,0.01986689226129163,0.004395015859915604,0.034879665316594505,0.22954524469034346,0.6466573697873307,0.060406160718731734,0.4137186334799259,3.4624864055836073,0.0
35375,0.1734391152858734,0.9300384521484375,0.0,0.01986517275359264,0.004395015859915604,0.034879665316594505,0.22954524469034346,0.6466573697873307,0.060406160718731734,0.4137186334799259,3.4624864055836073,0.0
35400,0.17342926561832428,0.9300537109375,0.0,0.01986404124851852,0.004395015859915604,0.034879665316594505,0.22954524469034346,0.6466573697873307,0.060406160718731734,0.4137186334799259,3.4624864055836073,0.0
35425,0.17341938614845276,0.9300537109375,0.0,0.019861581959862956,0.004395015859915604,0.034879665316594505,0.22954524469034346,0.6466573697873307,0.060406160718731734,0.4137186334799259,3.4624864055836073,0.0
35450,0.17340953648090363,0.9300537109375,0.0,0.019859325578874914,0.004395015859915604,0.034879665316594505,0.22954524469034346,0.6466573697873307,0.060406160718731734,0.4137186334799259,3.4624864055836073,0.0
35475,0.1733996719121933,0.9300537109375,0.0,0.019857346265264038,0.004395015859915604,0.034879665316594505,0.22954524469034346,0.6466573697873307,0.060406160718731734,0.4137186334799259,3.4624864055836073,0.0
35500,0.17338982224464417,0.9300537109375,0.0,0.01985499116295617,0.004395015859915604,0.034879665316594505,0.22954524469034346,0.6466573697873307,0.060406160718731734,0.4137186334799259,3.4624864055836073,0.0
35525,0.17337995767593384,0.9300537109375,0.0,0.019853092850393474,0.004395015859915604,0.034879665316594505,0.22954524469034346,0.6466573697873307,0.060406160718731734,0.4137186334799259,3.4624864055836073,0.0
35550,0.1733701229095459,0.9300384521484375,0.0,0.019851740407293535,0.004395015859915604,0.034879665316594505,0.22954524469034346,0.6466573697873307,0.060406160718731734,0.4137186334799259,3.4624864055836073,0.0
35575,0.17336025834083557,0.9300384521484375,0.0,0.019849722589989856,0.004395015859915604,0.034879665316594505,0.22954524469034346,0.6466573697873307,0.060406160718731734,0.4137186334799259,3.4624864055836073,0.0
35600,0.17335040867328644,0.930023193359375,0.0,0.01984751278168793,0.004395015859915604,0.034879665316594505,0.22954524469034346,0.6466573697873307,0.060406160718731734,0.4137186334799259,3.4624864055836073,0.0
35625,0.1733405590057373,0.930023193359375,0.0,0.01984517592428567,0.004395015859915604,0.034879665316594505,0.22954524469034346,0.6466573697873307,0.060406160718731734,0.4137186334799259,3.4624864055836073,0.0
35650,0.17333072423934937,0.930023193359375,0.0,0.01984270587178346,0.004395015859915604,0.034879665316594505,0.22954524469034346,0.6466573697873307,0.060406160718731734,0.4137186334799259,3.4624864055836073,0.0
35675,0.17332087457180023,0.9300384521484375,0.0,0.019840334108361602,0.004395015859915604,0.034879665316594505,0.22954524469034346,0.6466573697873307,0.060406160718731734,0.4137186334799259,3.4624864055836073,0.0
35700,0.1733110249042511,0.9300384521484375,0.0,0.019837814939424665,0.004395015859915604,0.034879665316594505,0.22954524469034346,0.6466573697873307,0.060406160718731734,0.4137186334799259,3.4624864055836073,0.0
35725,0.17330119013786316,0.9300384521484375,0.0,0.019835146814804028,0.004395015859915604,0.034879665316594505,0.22954524469034346,0.6466573697873307,0.060406160718731734,0.4137186334799259,3.4624864055836073,0.0
35750,0.1732913702726364,0.9300537109375,0.0,0.019833193869863812,0.004395015859915604,0.034879665316594505,0.22954524469034346,0.6466573697873307,0.060406160718731734,0.4137186334799259,3.4624864055836073,0.0
35775,0.17328152060508728,0.9300384521484375,0.0,0.019830849259472823,0.004395015859915604,0.034879665316594505,0.22954524469034346,0.6466573697873307,0.060406160718731734,0.4137186334799259,3.4624864055836073,0.0
35800,0.17327170073986053,0.9300537109375,0.0,0.019827734313122753,0.004395015859915604,0.034879665316594505,0.22954524469034346,0.6466573697873307,0.060406160718731734,0.4137186334799259,3.4624864055836073,0.0
35825,0.1732618808746338,0.9300689697265625,0.0,0.01982490259372313,0.004395015859915604,0.034879665316594505,0.22954524469034346,0.6466573697873307,0.060406160718731734,0.4137186334799259,3.4624864055836073,0.0
35850,0.17325204610824585,0.9300994873046875,0.0,0.019822406332526514,0.004395015859915604,0.034879665316594505,0.22954524469034346,0.6466573697873307,0.060406160718731734,0.4137186334799259,3.4624864055836073,0.0
35875,0.1732422262430191,0.9300994873046875,0.0,0.01982013237062094,0.004395015859915604,0.034879665316594505,0.22954524469034346,0.6466573697873307,0.060406160718731734,0.4137186334799259,3.4624864055836073,0.0
35900,0.17323240637779236,0.9300994873046875,0.0,0.01981818348150384,0.004395015859915604,0.034879665316594505,0.22954524469034346,0.6466573697873307,0.060406160718731734,0.4137186334799259,3.4624864055836073,0.0
35925,0.1732225865125656,0.930084228515625,0.0,0.01981659672940461,0.004395015859915604,0.034879665316594505,0.22954524469034346,0.6466573697873307,0.060406160718731734,0.4137186334799259,3.4624864055836073,0.0
35950,0.17321276664733887,0.9301300048828125,0.0,0.0198147721589221,0.004395015859915604,0.034879665316594505,0.22954524469034346,0.6466573697873307,0.060406160718731734,0.4137186334799259,3.4624864055836073,0.0
35975,0.17320296168327332,0.930145263671875,0.0,0.019813101976906677,0.004395015859915604,0.034879665316594505,0.22954524469034346,0.6466573697873307,0.060406160718731734,0.4137186334799259,3.4624864055836073,0.0
36000,0.17319315671920776,0.9301605224609375,0.0,0.019811015133536534,0.004395015859915604,0.034879665316594505,0.22954524469034346,0.6466573697873307,0.060406160718731734,0.4137186334799259,3.4624864055836073,0.0
36025,0.17318333685398102,0.9301910400390625,0.0,0.019808812712190853,0.004395015859915604,0.034879665316594505,0.22954524469034346,0.6466573697873307,0.060406160718731734,0.4137186334799259,3.4624864055836073,0.0
36050,0.17317351698875427,0.9301910400390625,0.0,0.019806048331421956,0.004395015859915604,0.034879665316594505,0.22954524469034346,0.6466573697873307,0.060406160718731734,0.4137186334799259,3.4624864055836073,0.0
36075,0.17316372692584991,0.9301910400390625,0.0,0.019804053654759787,0.004395015859915604,0.034879665316594505,0.22954524469034346,0.6466573697873307,0.060406160718731734,0.4137186334799259,3.4624864055836073,0.0
36100,0.17315393686294556,0.930206298828125,0.0,0.019802222380140927,0.004395015859915604,0.034879665316594505,0.22954524469034346,0.6466573697873307,0.060406160718731734,0.4137186334799259,3.4624864055836073,0.0
36125,0.1731441169977188,0.930206298828125,0.0,0.0198004799990928,0.004395015859915604,0.034879665316594505,0.22954524469034346,0.6466573697873307,0.060406160718731734,0.4137186334799259,3.4624864055836073,0.0
36150,0.17313432693481445,0.930206298828125,0.0,0.019798661728295086,0.004395015859915604,0.034879665316594505,0.22954524469034346,0.6466573697873307,0.060406160718731734,0.4137186334799259,3.4624864055836073,0.0
36175,0.1731245219707489,0.9301910400390625,0.0,0.019797265511437383,0.004395015859915604,0.034879665316594505,0.22954524469034346,0.6466573697873307,0.060406160718731734,0.4137186334799259,3.4624864055836073,0.0
36200,0.17311471700668335,0.930206298828125,0.0,0.019794921539760056,0.004395015859915604,0.034879665316594505,0.22954524469034346,0.6466573697873307,0.060406160718731734,0.4137186334799259,3.4624864055836073,0.0
36225,0.17310494184494019,0.9301910400390625,0.0,0.019792200432776227,0.004395015859915604,0.034879665316594505,0.22954524469034346,0.6466573697873307,0.060406160718731734,0.4137186334799259,3.4624864055836073,0.0
36250,0.17309513688087463,0.9301910400390625,0.0,0.01979057652723253,0.004395015859915604,0.034879665316594505,0.22954524469034346,0.6466573697873307,0.060406160718731734,0.4137186334799259,3.4624864055836073,0.0
36275,0.17308536171913147,0.9301910400390625,0.0,0.019788107204787225,0.004395015859915604,0.034879665316594505,0.22954524469034346,0.6466573697873307,0.060406160718731734,0.4137186334799259,3.4624864055836073,0.0
36300,0.17307555675506592,0.9301910400390625,0.0,0.019786185701462428,0.004395015859915604,0.034879665316594505,0.22954524469034346,0.6466573697873307,0.060406160718731734,0.4137186334799259,3.4624864055836073,0.0
36325,0.17306578159332275,0.9301910400390625,0.0,0.019783808928516593,0.004395015859915604,0.034879665316594505,0.22954524469034346,0.6466573697873307,0.060406160718731734,0.4137186334799259,3.4624864055836073,0.0
36350,0.1730560064315796,0.9301910400390625,0.0,0.01978174468027888,0.004395015859915604,0.034879665316594505,0.22954524469034346,0.6466573697873307,0.060406160718731734,0.4137186334799259,3.4624864055836073,0.0
36375,0.17304620146751404,0.9301910400390625,0.0,0.01977955307027467,0.004395015859915604,0.034879665316594505,0.22954524469034346,0.6466573697873307,0.060406160718731734,0.4137186334799259,3.4624864055836073,0.0
36400,0.17303644120693207,0.9301910400390625,0.0,0.01977753206793105,0.004395015859915604,0.034879665316594505,0.22954524469034346,0.6466573697873307,0.060406160718731734,0.4137186334799259,3.4624864055836073,0.0
36425,0.1730266511440277,0.930206298828125,0.0,0.019775856734314028,0.004395015859915604,0.034879665316594505,0.22954524469034346,0.6466573697873307,0.060406160718731734,0.4137186334799259,3.4624864055836073,0.0
36450,0.17301687598228455,0.9302215576171875,0.0,0.01977358365589216,0.004395015859915604,0.034879665316594505,0.22954524469034346,0.6466573697873307,0.060406160718731734,0.4137186334799259,3.4624864055836073,0.0
36475,0.17300711572170258,0.9302215576171875,0.0,0.01977103305861886,0.004395015859915604,0.034879665316594505,0.22954524469034346,0.6466573697873307,0.060406160718731734,0.4137186334799259,3.4624864055836073,0.0
36500,0.17299732565879822,0.9302520751953125,0.0,0.019769306761045536,0.004395015859915604,0.034879665316594505,0.22954524469034346,0.6466573697873307,0.060406160718731734,0.4137186334799259,3.4624864055836073,0.0
36525,0.17298758029937744,0.930267333984375,0.0,0.019767233751096652,0.004395015859915604,0.034879665316594505,0.22954524469034346,0.6466573697873307,0.060406160718731734,0.4137186334799259,3.4624864055836073,0.0
36550,0.17297780513763428,0.9302978515625,0.0,0.019764833778734833,0.004395015859915604,0.034879665316594505,0.22954524469034346,0.6466573697873307,0.060406160718731734,0.4137186334799259,3.4624864055836073,0.0
36575,0.1729680299758911,0.9302978515625,0.0,0.019763302249300167,0.004395015859915604,0.034879665316594505,0.22954524469034346,0.6466573697873307,0.060406160718731734,0.4137186334799259,3.4624864055836073,0.0
36600,0.17295826971530914,0.9303131103515625,0.0,0.01976077053631454,0.004395015859915604,0.034879665316594505,0.22954524469034346,0.6466573697873307,0.060406160718731734,0.4137186334799259,3.4624864055836073,0.0
36625,0.17294850945472717,0.9303131103515625,0.0,0.019758742540976055,0.004395015859915604,0.034879665316594505,0.22954524469034346,0.6466573697873307,0.060406160718731734,0.4137186334799259,3.4624864055836073,0.0
36650,0.1729387491941452,0.9303131103515625,0.0,0.01975662326089479,0.004395015859915604,0.034879665316594505,0.22954524469034346,0.6466573697873307,0.060406160718731734,0.4137186334799259,3.4624864055836073,0.0
36675,0.17292898893356323,0.930328369140625,0.0,0.019754655797352482,0.004395015859915604,0.034879665316594505,0.22954524469034346,0.6466573697873307,0.060406160718731734,0.4137186334799259,3.4624864055836073,0.0
36700,0.17291924357414246,0.9303436279296875,0.0,0.019752826485393876,0.004395015859915604,0.034879665316594505,0.22954524469034346,0.6466573697873307,0.060406160718731734,0.4137186334799259,3.4624864055836073,0.0
36725,0.17290949821472168,0.9303436279296875,0.0,0.019750641575066723,0.004395015859915604,0.034879665316594505,0.22954524469034346,0.6466573697873307,0.060406160718731734,0.4137186334799259,3.4624864055836073,0.0
36750,0.1728997379541397,0.93035888671875,0.0,0.019747872600523728,0.004395015859915604,0.034879665316594505,0.22954524469034346,0.6466573697873307,0.060406160718731734,0.4137186334799259,3.4624864055836073,0.0
36775,0.17288999259471893,0.930389404296875,0.0,0.019744620879743335,0.004395015859915604,0.034879665316594505,0.22954524469034346,0.6466573697873307,0.060406160718731734,0.4137186334799259,3.4624864055836073,0.0
36800,0.17288024723529816,0.930389404296875,0.0,0.01974216703169224,0.004395015859915604,0.034879665316594505,0.22954524469034346,0.6466573697873307,0.060406160718731734,0.4137186334799259,3.4624864055836073,0.0
36825,0.17287050187587738,0.930389404296875,0.0,0.019739804545568642,0.004395015859915604,0.034879665316594505,0.22954524469034346,0.6466573697873307,0.060406160718731734,0.4137186334799259,3.4624864055836073,0.0
36850,0.1728607714176178,0.930389404296875,0.0,0.019738278737584977,0.004395015859915604,0.034879665316594505,0.22954524469034346,0.6466573697873307,0.060406160718731734,0.4137186334799259,3.4624864055836073,0.0
36875,0.17285102605819702,0.930389404296875,0.0,0.01973607165185417,0.004395015859915604,0.034879665316594505,0.22954524469034346,0.6466573697873307,0.060406160718731734,0.4137186334799259,3.4624864055836073,0.0
36900,0.17284129559993744,0.9304046630859375,0.0,0.019733586198411816,0.004395015859915604,0.034879665316594505,0.22954524469034346,0.6466573697873307,0.060406160718731734,0.4137186334799259,3.4624864055836073,0.0
36925,0.17283156514167786,0.9304046630859375,0.0,0.01973163354059966,0.004395015859915604,0.034879665316594505,0.22954524469034346,0.6466573697873307,0.060406160718731734,0.4137186334799259,3.4624864055836073,0.0
36950,0.17282181978225708,0.9304046630859375,0.0,0.01973034411570683,0.004395015859915604,0.034879665316594505,0.22954524469034346,0.6466573697873307,0.060406160718731734,0.4137186334799259,3.4624864055836073,0.0
36975,0.1728120893239975,0.9304046630859375,0.0,0.019728734591958345,0.004395015859915604,0.034879665316594505,0.22954524469034346,0.6466573697873307,0.060406160718731734,0.4137186334799259,3.4624864055836073,0.0
37000,0.17280235886573792,0.9304046630859375,0.0,0.019726580694590927,0.004395015859915604,0.034879665316594505,0.22954524469034346,0.6466573697873307,0.060406160718731734,0.4137186334799259,3.4624864055836073,0.0
37025,0.17279264330863953,0.9304046630859375,0.0,0.01972475874169076,0.004395015859915604,0.034879665316594505,0.22954524469034346,0.6466573697873307,0.060406160718731734,0.4137186334799259,3.4624864055836073,0.0
37050,0.17278291285037994,0.930389404296875,0.0,0.01972235694061387,0.004395015859915604,0.034879665316594505,0.22954524469034346,0.6466573697873307,0.060406160718731734,0.4137186334799259,3.4624864055836073,0.0
37075,0.17277318239212036,0.930389404296875,0.0,0.01972029780068391,0.004395015859915604,0.034879665316594505,0.22954524469034346,0.6466573697873307,0.060406160718731734,0.4137186334799259,3.4624864055836073,0.0
37100,0.17276346683502197,0.930389404296875,0.0,0.019719431819322248,0.004395015859915604,0.034879665316594505,0.22954524469034346,0.6466573697873307,0.060406160718731734,0.4137186334799259,3.4624864055836073,0.0
37125,0.17275375127792358,0.930389404296875,0.0,0.01971704026459295,0.004395015859915604,0.034879665316594505,0.22954524469034346,0.6466573697873307,0.060406160718731734,0.4137186334799259,3.4624864055836073,0.0
37150,0.172744020819664,0.9304046630859375,0.0,0.019714994756850145,0.004395015859915604,0.034879665316594505,0.22954524469034346,0.6466573697873307,0.060406160718731734,0.4137186334799259,3.4624864055836073,0.0
37175,0.1727343201637268,0.930419921875,0.0,0.019713363425328936,0.004395015859915604,0.034879665316594505,0.22954524469034346,0.6466573697873307,0.060406160718731734,0.4137186334799259,3.4624864055836073,0.0
37200,0.17272458970546722,0.930419921875,0.0,0.019712114767806457,0.004395015859915604,0.034879665316594505,0.22954524469034346,0.6466573697873307,0.060406160718731734,0.4137186334799259,3.4624864055836073,0.0
37225,0.17271488904953003,0.930419921875,0.0,0.01971008813042296,0.004395015859915604,0.034879665316594505,0.22954524469034346,0.6466573697873307,0.060406160718731734,0.4137186334799259,3.4624864055836073,0.0
37250,0.17270517349243164,0.930419921875,0.0,0.019708510403649092,0.004395015859915604,0.034879665316594505,0.22954524469034346,0.6466573697873307,0.060406160718731734,0.4137186334799259,3.4624864055836073,0.0
37275,0.17269545793533325,0.930419921875,0.0,0.019706148247273986,0.004395015859915604,0.034879665316594505,0.22954524469034346,0.6466573697873307,0.060406160718731734,0.4137186334799259,3.4624864055836073,0.0
37300,0.17268575727939606,0.930419921875,0.0,0.019704861362237817,0.004395015859915604,0.034879665316594505,0.22954524469034346,0.6466573697873307,0.060406160718731734,0.4137186334799259,3.4624864055836073,0.0
37325,0.17267605662345886,0.9304656982421875,0.0,0.019702622637502807,0.004395015859915604,0.034879665316594505,0.22954524469034346,0.6466573697873307,0.060406160718731734,0.4137186334799259,3.4624864055836073,0.0
37350,0.17266634106636047,0.9304656982421875,0.0,0.01970073677111337,0.004395015859915604,0.034879665316594505,0.22954524469034346,0.6466573697873307,0.060406160718731734,0.4137186334799259,3.4624864055836073,0.0
37375,0.17265664041042328,0.9304656982421875,0.0,0.01969870603620693,0.004395015859915604,0.034879665316594505,0.22954524469034346,0.6466573697873307,0.060406160718731734,0.4137186334799259,3.4624864055836073,0.0
37400,0.17264693975448608,0.9304656982421875,0.0,0.019697110999613018,0.004395015859915604,0.034879665316594505,0.22954524469034346,0.6466573697873307,0.060406160718731734,0.4137186334799259,3.4624864055836073,0.0
37425,0.17263725399971008,0.9304656982421875,0.0,0.019694940685745184,0.004395015859915604,0.034879665316594505,0.22954524469034346,0.6466573697873307,0.060406160718731734,0.4137186334799259,3.4624864055836073,0.0
37450,0.1726275384426117,0.9304656982421875,0.0,0.01969319168973885,0.004395015859915604,0.034879665316594505,0.22954524469034346,0.6466573697873307,0.060406160718731734,0.4137186334799259,3.4624864055836073,0.0
37475,0.1726178675889969,0.9304656982421875,0.0,0.01969157714242012,0.004395015859915604,0.034879665316594505,0.22954524469034346,0.6466573697873307,0.060406160718731734,0.4137186334799259,3.4624864055836073,0.0
37500,0.1726081669330597,0.9304962158203125,0.0,0.019689496784061327,0.004395015859915604,0.034879665316594505,0.22954524469034346,0.6466573697873307,0.060406160718731734,0.4137186334799259,3.4624864055836073,0.0
37525,0.1725984811782837,0.930511474609375,0.0,0.019687400715199133,0.004395015859915604,0.034879665316594505,0.22954524469034346,0.6466573697873307,0.060406160718731734,0.4137186334799259,3.4624864055836073,0.0
37550,0.1725887954235077,0.930511474609375,0.0,0.019684814243004025,0.004395015859915604,0.034879665316594505,0.22954524469034346,0.6466573697873307,0.060406160718731734,0.4137186334799259,3.4624864055836073,0.0
37575,0.1725791096687317,0.9305267333984375,0.0,0.0196829995769477,0.004395015859915604,0.034879665316594505,0.22954524469034346,0.6466573697873307,0.060406160718731734,0.4137186334799259,3.4624864055836073,0.0
37600,0.1725694239139557,0.9305419921875,0.0,0.019680645805039854,0.004395015859915604,0.034879665316594505,0.22954524469034346,0.6466573697873307,0.060406160718731734,0.4137186334799259,3.4624864055836073,0.0
37625,0.1725597381591797,0.9305572509765625,0.0,0.019678271914620626,0.004395015859915604,0.034879665316594505,0.22954524469034346,0.6466573697873307,0.060406160718731734,0.4137186334799259,3.4624864055836073,0.0
37650,0.1725500524044037,0.9305877685546875,0.0,0.01967629944643639,0.004395015859915604,0.034879665316594505,0.22954524469034346,0.6466573697873307,0.060406160718731734,0.4137186334799259,3.4624864055836073,0.0
37675,0.17254039645195007,0.9305877685546875,0.0,0.019674795546949914,0.004395015859915604,0.034879665316594505,0.22954524469034346,0.6466573697873307,0.060406160718731734,0.4137186334799259,3.4624864055836073,0.0
37700,0.17253071069717407,0.9305877685546875,0.0,0.019673547723498882,0.004395015859915604,0.034879665316594505,0.22954524469034346,0.6466573697873307,0.060406160718731734,0.4137186334799259,3.4624864055836073,0.0
37725,0.17252103984355927,0.93060302734375,0.0,0.019672415825660643,0.004395015859915604,0.034879665316594505,0.22954524469034346,0.6466573697873307,0.060406160718731734,0.4137186334799259,3.4624864055836073,0.0
37750,0.17251136898994446,0.93060302734375,0.0,0.01967034495335737,0.004395015859915604,0.034879665316594505,0.22954524469034346,0.6466573697873307,0.060406160718731734,0.4137186334799259,3.4624864055836073,0.0
37775,0.17250168323516846,0.93060302734375,0.0,0.019668642000898528,0.004395015859915604,0.034879665316594505,0.22954524469034346,0.6466573697873307,0.060406160718731734,0.4137186334799259,3.4624864055836073,0.0
37800,0.17249202728271484,0.93060302734375,0.0,0.019666705318784013,0.004395015859915604,0.034879665316594505,0.22954524469034346,0.6466573697873307,0.060406160718731734,0.4137186334799259,3.4624864055836073,0.0
37825,0.17248234152793884,0.9306182861328125,0.0,0.019665041873738777,0.004395015859915604,0.034879665316594505,0.22954524469034346,0.6466573697873307,0.060406160718731734,0.4137186334799259,3.4624864055836073,0.0
37850,0.17247268557548523,0.9306793212890625,0.0,0.019663360876251285,0.004395015859915604,0.034879665316594505,0.22954524469034346,0.6466573697873307,0.060406160718731734,0.4137186334799259,3.4624864055836073,0.0
37875,0.17246302962303162,0.9306793212890625,0.0,0.01966178264115496,0.004395015859915604,0.034879665316594505,0.22954524469034346,0.6466573697873307,0.060406160718731734,0.4137186334799259,3.4624864055836073,0.0
37900,0.1724533587694168,0.9306793212890625,0.0,0.01965944078061959,0.004395015859915604,0.034879665316594505,0.22954524469034346,0.6466573697873307,0.060406160718731734,0.4137186334799259,3.4624864055836073,0.0
37925,0.1724437028169632,0.930694580078125,0.0,0.01965732234124191,0.004395015859915604,0.034879665316594505,0.22954524469034346,0.6466573697873307,0.060406160718731734,0.4137186334799259,3.4624864055836073,0.0
37950,0.17243404686450958,0.9307098388671875,0.0,0.019654707378788237,0.004395015859915604,0.034879665316594505,0.22954524469034346,0.6466573697873307,0.060406160718731734,0.4137186334799259,3.4624864055836073,0.0
37975,0.17242439091205597,0.9307098388671875,0.0,0.019653325824981888,0.004395015859915604,0.034879665316594505,0.22954524469034346,0.6466573697873307,0.060406160718731734,0.4137186334799259,3.4624864055836073,0.0
38000,0.17241473495960236,0.93072509765625,0.0,0.019651331038411612,0.004395015859915604,0.034879665316594505,0.22954524469034346,0.6466573697873307,0.060406160718731734,0.4137186334799259,3.4624864055836073,0.0
38025,0.17240509390830994,0.93072509765625,0.0,0.019649939976134605,0.004395015859915604,0.034879665316594505,0.22954524469034346,0.6466573697873307,0.060406160718731734,0.4137186334799259,3.4624864055836073,0.0
38050,0.17239543795585632,0.9307403564453125,0.0,0.019648715665292183,0.004395015859915604,0.034879665316594505,0.22954524469034346,0.6466573697873307,0.060406160718731734,0.4137186334799259,3.4624864055836073,0.0
38075,0.1723857820034027,0.9307403564453125,0.0,0.019647009732810826,0.004395015859915604,0.034879665316594505,0.22954524469034346,0.6466573697873307,0.060406160718731734,0.4137186334799259,3.4624864055836073,0.0
38100,0.1723761260509491,0.930755615234375,0.0,0.019645344545136584,0.004395015859915604,0.034879665316594505,0.22954524469034346,0.6466573697873307,0.060406160718731734,0.4137186334799259,3.4624864055836073,0.0
38125,0.17236648499965668,0.930755615234375,0.0,0.019643298459086352,0.004395015859915604,0.034879665316594505,0.22954524469034346,0.6466573697873307,0.060406160718731734,0.4137186334799259,3.4624864055836073,0.0
38150,0.17235684394836426,0.930755615234375,0.0,0.019641765248876702,0.004395015859915604,0.034879665316594505,0.22954524469034346,0.6466573697873307,0.060406160718731734,0.4137186334799259,3.4624864055836073,0.0
38175,0.17234718799591064,0.930755615234375,0.0,0.019639372251708805,0.004395015859915604,0.034879665316594505,0.22954524469034346,0.6466573697873307,0.060406160718731734,0.4137186334799259,3.4624864055836073,0.0
38200,0.17233754694461823,0.930755615234375,0.0,0.019637741221292356,0.004395015859915604,0.034879665316594505,0.22954524469034346,0.6466573697873307,0.060406160718731734,0.4137186334799259,3.4624864055836073,0.0
38225,0.1723279058933258,0.930755615234375,0.0,0.01963472859767602,0.004395015859915604,0.034879665316594505,0.22954524469034346,0.6466573697873307,0.060406160718731734,0.4137186334799259,3.4624864055836073,0.0
38250,0.17231827974319458,0.930755615234375,0.0,0.019632640830946284,0.004395015859915604,0.034879665316594505,0.22954524469034346,0.6466573697873307,0.060406160718731734,0.4137186334799259,3.4624864055836073,0.0
38275,0.17230863869190216,0.930755615234375,0.0,0.019630835897289863,0.004395015859915604,0.034879665316594505,0.22954524469034346,0.6466573697873307,0.060406160718731734,0.4137186334799259,3.4624864055836073,0.0
38300,0.17229899764060974,0.930755615234375,0.0,0.019629877124006042,0.004395015859915604,0.034879665316594505,0.22954524469034346,0.6466573697873307,0.060406160718731734,0.4137186334799259,3.4624864055836073,0.0
38325,0.1722893863916397,0.9307403564453125,0.0,0.019628712877992106,0.004395015859915604,0.034879665316594505,0.22954524469034346,0.6466573697873307,0.060406160718731734,0.4137186334799259,3.4624864055836073,0.0
38350,0.1722797453403473,0.9307403564453125,0.0,0.019626207892604462,0.004395015859915604,0.034879665316594505,0.22954524469034346,0.6466573697873307,0.060406160718731734,0.4137186334799259,3.4624864055836073,0.0
38375,0.17227011919021606,0.9307403564453125,0.0,0.0196242745016488,0.004395015859915604,0.034879665316594505,0.22954524469034346,0.6466573697873307,0.060406160718731734,0.4137186334799259,3.4624864055836073,0.0
38400,0.17226047813892365,0.9307403564453125,0.0,0.019622569351035093,0.004395015859915604,0.034879665316594505,0.22954524469034346,0.6466573697873307,0.060406160718731734,0.4137186334799259,3.4624864055836073,0.0
38425,0.1722508668899536,0.930755615234375,0.0,0.019620894153298134,0.004395015859915604,0.034879665316594505,0.22954524469034346,0.6466573697873307,0.060406160718731734,0.4137186334799259,3.4624864055836073,0.0
38450,0.1722412407398224,0.930755615234375,0.0,0.01961919947513005,0.004395015859915604,0.034879665316594505,0.22954524469034346,0.6466573697873307,0.060406160718731734,0.4137186334799259,3.4624864055836073,0.0
38475,0.17223161458969116,0.9307708740234375,0.0,0.01961710169570166,0.004395015859915604,0.034879665316594505,0.22954524469034346,0.6466573697873307,0.060406160718731734,0.4137186334799259,3.4624864055836073,0.0
38500,0.17222201824188232,0.9307861328125,0.0,0.019615194197434026,0.004395015859915604,0.034879665316594505,0.22954524469034346,0.6466573697873307,0.060406160718731734,0.4137186334799259,3.4624864055836073,0.0
38525,0.1722123920917511,0.9307861328125,0.0,0.019613905834277964,0.004395015859915604,0.034879665316594505,0.22954524469034346,0.6466573697873307,0.060406160718731734,0.4137186334799259,3.4624864055836073,0.0
38550,0.17220276594161987,0.9307861328125,0.0,0.019611292452123008,0.004395015859915604,0.034879665316594505,0.22954524469034346,0.6466573697873307,0.060406160718731734,0.4137186334799259,3.4624864055836073,0.0
38575,0.17219315469264984,0.9307861328125,0.0,0.019609344454210947,0.004395015859915604,0.034879665316594505,0.22954524469034346,0.6466573697873307,0.060406160718731734,0.4137186334799259,3.4624864055836073,0.0
38600,0.1721835434436798,0.9307861328125,0.0,0.019607429543751068,0.004395015859915604,0.034879665316594505,0.22954524469034346,0.6466573697873307,0.060406160718731734,0.4137186334799259,3.4624864055836073,0.0
38625,0.17217393219470978,0.9307861328125,0.0,0.01960528004530888,0.004395015859915604,0.034879665316594505,0.22954524469034346,0.6466573697873307,0.060406160718731734,0.4137186334799259,3.4624864055836073,0.0
38650,0.17216432094573975,0.9308013916015625,0.0,0.019603498844772606,0.004395015859915604,0.034879665316594505,0.22954524469034346,0.6466573697873307,0.060406160718731734,0.4137186334799259,3.4624864055836073,0.0
38675,0.17215470969676971,0.9308013916015625,0.0,0.019602071460136792,0.004395015859915604,0.034879665316594505,0.22954524469034346,0.6466573697873307,0.060406160718731734,0.4137186334799259,3.4624864055836073,0.0
38700,0.17214512825012207,0.9308013916015625,0.0,0.019599825636584824,0.004395015859915604,0.034879665316594505,0.22954524469034346,0.6466573697873307,0.060406160718731734,0.4137186334799259,3.4624864055836073,0.0
38725,0.17213550209999084,0.9308013916015625,0.0,0.019598449939121996,0.004395015859915604,0.034879665316594505,0.22954524469034346,0.6466573697873307,0.060406160718731734,0.4137186334799259,3.4624864055836073,0.0
38750,0.172125905752182,0.9308013916015625,0.0,0.019597106713513477,0.004395015859915604,0.034879665316594505,0.22954524469034346,0.6466573697873307,0.060406160718731734,0.4137186334799259,3.4624864055836073,0.0
38775,0.17211630940437317,0.9307708740234375,0.0,0.019595420548180892,0.004395015859915604,0.034879665316594505,0.22954524469034346,0.6466573697873307,0.060406160718731734,0.4137186334799259,3.4624864055836073,0.0
38800,0.17210669815540314,0.9307708740234375,0.0,0.019594111328862143,0.004395015859915604,0.034879665316594505,0.22954524469034346,0.6466573697873307,0.060406160718731734,0.4137186334799259,3.4624864055836073,0.0
38825,0.1720971167087555,0.9307861328125,0.0,0.01959212833792941,0.004395015859915604,0.034879665316594505,0.22954524469034346,0.6466573697873307,0.060406160718731734,0.4137186334799259,3.4624864055836073,0.0
38850,0.17208752036094666,0.9307861328125,0.0,0.019590427765618885,0.004395015859915604,0.034879665316594505,0.22954524469034346,0.6466573697873307,0.060406160718731734,0.4137186334799259,3.4624864055836073,0.0
38875,0.17207792401313782,0.9307861328125,0.0,0.019588336420817306,0.004395015859915604,0.034879665316594505,0.22954524469034346,0.6466573697873307,0.060406160718731734,0.4137186334799259,3.4624864055836073,0.0
38900,0.17206832766532898,0.9307861328125,0.0,0.019586384666009267,0.004395015859915604,0.034879665316594505,0.22954524469034346,0.6466573697873307,0.060406160718731734,0.4137186334799259,3.4624864055836073,0.0
38925,0.17205873131752014,0.9307861328125,0.0,0.019585129657400707,0.004395015859915604,0.034879665316594505,0.22954524469034346,0.6466573697873307,0.060406160718731734,0.4137186334799259,3.4624864055836073,0.0
38950,0.1720491498708725,0.9307861328125,0.0,0.019582800000993536,0.004395015859915604,0.034879665316594505,0.22954524469034346,0.6466573697873307,0.060406160718731734,0.4137186334799259,3.4624864055836073,0.0
38975,0.17203956842422485,0.9307861328125,0.0,0.019580140124152053,0.004395015859915604,0.034879665316594505,0.22954524469034346,0.6466573697873307,0.060406160718731734,0.4137186334799259,3.4624864055836073,0.0
39000,0.1720299869775772,0.9307861328125,0.0,0.0195777622888701,0.004395015859915604,0.034879665316594505,0.22954524469034346,0.6466573697873307,0.060406160718731734,0.4137186334799259,3.4624864055836073,0.0
39025,0.17202040553092957,0.9307861328125,0.0,0.01957595547591586,0.004395015859915604,0.034879665316594505,0.22954524469034346,0.6466573697873307,0.060406160718731734,0.4137186334799259,3.4624864055836073,0.0
39050,0.17201082408428192,0.9307708740234375,0.0,0.019574535654723463,0.004395015859915604,0.034879665316594505,0.22954524469034346,0.6466573697873307,0.060406160718731734,0.4137186334799259,3.4624864055836073,0.0
39075,0.17200124263763428,0.930755615234375,0.0,0.01957289855232691,0.004395015859915604,0.034879665316594505,0.22954524469034346,0.6466573697873307,0.060406160718731734,0.4137186334799259,3.4624864055836073,0.0
39100,0.17199167609214783,0.930755615234375,0.0,0.019571176100235666,0.004395015859915604,0.034879665316594505,0.22954524469034346,0.6466573697873307,0.060406160718731734,0.4137186334799259,3.4624864055836073,0.0
39125,0.17198210954666138,0.930755615234375,0.0,0.019568878704991705,0.004395015859915604,0.034879665316594505,0.22954524469034346,0.6466573697873307,0.060406160718731734,0.4137186334799259,3.4624864055836073,0.0
39150,0.17197251319885254,0.930755615234375,0.0,0.019567395314201402,0.004395015859915604,0.034879665316594505,0.22954524469034346,0.6466573697873307,0.060406160718731734,0.4137186334799259,3.4624864055836073,0.0
39175,0.1719629466533661,0.930755615234375,0.0,0.019565148479168723,0.004395015859915604,0.034879665316594505,0.22954524469034346,0.6466573697873307,0.060406160718731734,0.4137186334799259,3.4624864055836073,0.0
39200,0.17195338010787964,0.9307708740234375,0.0,0.01956356232845703,0.004395015859915604,0.034879665316594505,0.22954524469034346,0.6466573697873307,0.060406160718731734,0.4137186334799259,3.4624864055836073,0.0
39225,0.1719438135623932,0.9307861328125,0.0,0.019562082444418125,0.004395015859915604,0.034879665316594505,0.22954524469034346,0.6466573697873307,0.060406160718731734,0.4137186334799259,3.4624864055836073,0.0
39250,0.17193424701690674,0.9307861328125,0.0,0.01955964919329227,0.004395015859915604,0.034879665316594505,0.22954524469034346,0.6466573697873307,0.060406160718731734,0.4137186334799259,3.4624864055836073,0.0
39275,0.17192469537258148,0.9307861328125,0.0,0.019557607284622528,0.004395015859915604,0.034879665316594505,0.22954524469034346,0.6466573697873307,0.060406160718731734,0.4137186334799259,3.4624864055836073,0.0
39300,0.17191511392593384,0.9308013916015625,0.0,0.01955607763597718,0.004395015859915604,0.034879665316594505,0.22954524469034346,0.6466573697873307,0.060406160718731734,0.4137186334799259,3.4624864055836073,0.0
39325,0.17190556228160858,0.9308013916015625,0.0,0.019554160345495834,0.004395015859915604,0.034879665316594505,0.22954524469034346,0.6466573697873307,0.060406160718731734,0.4137186334799259,3.4624864055836073,0.0
39350,0.17189599573612213,0.9308013916015625,0.0,0.01955138843089235,0.004395015859915604,0.034879665316594505,0.22954524469034346,0.6466573697873307,0.060406160718731734,0.4137186334799259,3.4624864055836073,0.0
39375,0.17188644409179688,0.9308013916015625,0.0,0.01954978928544479,0.004395015859915604,0.034879665316594505,0.22954524469034346,0.6466573697873307,0.060406160718731734,0.4137186334799259,3.4624864055836073,0.0
39400,0.1718769073486328,0.9308013916015625,0.0,0.019548450694176663,0.004395015859915604,0.034879665316594505,0.22954524469034346,0.6466573697873307,0.060406160718731734,0.4137186334799259,3.4624864055836073,0.0
39425,0.17186734080314636,0.9308013916015625,0.0,0.019546281871396228,0.004395015859915604,0.034879665316594505,0.22954524469034346,0.6466573697873307,0.060406160718731734,0.4137186334799259,3.4624864055836073,0.0
39450,0.1718578040599823,0.9308013916015625,0.0,0.019543959920531782,0.004395015859915604,0.034879665316594505,0.22954524469034346,0.6466573697873307,0.060406160718731734,0.4137186334799259,3.4624864055836073,0.0
39475,0.17184825241565704,0.9308013916015625,0.0,0.019541705257051477,0.004395015859915604,0.034879665316594505,0.22954524469034346,0.6466573697873307,0.060406160718731734,0.4137186334799259,3.4624864055836073,0.0
39500,0.1718387007713318,0.9308013916015625,0.0,0.019540120367067062,0.004395015859915604,0.034879665316594505,0.22954524469034346,0.6466573697873307,0.060406160718731734,0.4137186334799259,3.4624864055836073,0.0
39525,0.17182916402816772,0.930816650390625,0.0,0.01953846493480416,0.004395015859915604,0.034879665316594505,0.22954524469034346,0.6466573697873307,0.060406160718731734,0.4137186334799259,3.4624864055836073,0.0
39550,0.17181962728500366,0.930816650390625,0.0,0.019536541759229566,0.004395015859915604,0.034879665316594505,0.22954524469034346,0.6466573697873307,0.060406160718731734,0.4137186334799259,3.4624864055836073,0.0
39575,0.1718100756406784,0.930816650390625,0.0,0.019534902722633928,0.004395015859915604,0.034879665316594505,0.22954524469034346,0.6466573697873307,0.060406160718731734,0.4137186334799259,3.4624864055836073,0.0
39600,0.17180053889751434,0.930816650390625,0.0,0.019532096955630403,0.004395015859915604,0.034879665316594505,0.22954524469034346,0.6466573697873307,0.060406160718731734,0.4137186334799259,3.4624864055836073,0.0
39625,0.17179101705551147,0.930816650390625,0.0,0.019530071646969634,0.004395015859915604,0.034879665316594505,0.22954524469034346,0.6466573697873307,0.060406160718731734,0.4137186334799259,3.4624864055836073,0.0
39650,0.1717814803123474,0.9308319091796875,0.0,0.0195285090624255,0.004395015859915604,0.034879665316594505,0.22954524469034346,0.6466573697873307,0.060406160718731734,0.4137186334799259,3.4624864055836073,0.0
39675,0.17177194356918335,0.9308319091796875,0.0,0.01952573677376329,0.004395015859915604,0.034879665316594505,0.22954524469034346,0.6466573697873307,0.060406160718731734,0.4137186334799259,3.4624864055836073,0.0
39700,0.1717624068260193,0.9308319091796875,0.0,0.019524331773684223,0.004395015859915604,0.034879665316594505,0.22954524469034346,0.6466573697873307,0.060406160718731734,0.4137186334799259,3.4624864055836073,0.0
39725,0.17175287008285522,0.9308319091796875,0.0,0.019522637605590313,0.004395015859915604,0.034879665316594505,0.22954524469034346,0.6466573697873307,0.060406160718731734,0.4137186334799259,3.4624864055836073,0.0
39750,0.17174336314201355,0.93084716796875,0.0,0.019521127437262562,0.004395015859915604,0.034879665316594505,0.22954524469034346,0.6466573697873307,0.060406160718731734,0.4137186334799259,3.4624864055836073,0.0
39775,0.1717338263988495,0.9308624267578125,0.0,0.019519041770632732,0.004395015859915604,0.034879665316594505,0.22954524469034346,0.6466573697873307,0.060406160718731734,0.4137186334799259,3.4624864055836073,0.0
39800,0.17172430455684662,0.930877685546875,0.0,0.019517219710760498,0.004395015859915604,0.034879665316594505,0.22954524469034346,0.6466573697873307,0.060406160718731734,0.4137186334799259,3.4624864055836073,0.0
39825,0.17171478271484375,0.930877685546875,0.0,0.01951467590746109,0.004395015859915604,0.034879665316594505,0.22954524469034346,0.6466573697873307,0.060406160718731734,0.4137186334799259,3.4624864055836073,0.0
39850,0.17170527577400208,0.9308929443359375,0.0,0.019513168899584377,0.004395015859915604,0.034879665316594505,0.22954524469034346,0.6466573697873307,0.060406160718731734,0.4137186334799259,3.4624864055836073,0.0
39875,0.171695739030838,0.9308929443359375,0.0,0.019511521330507414,0.004395015859915604,0.034879665316594505,0.22954524469034346,0.6466573697873307,0.060406160718731734,0.4137186334799259,3.4624864055836073,0.0
39900,0.17168623208999634,0.9308929443359375,0.0,0.019510009942993938,0.004395015859915604,0.034879665316594505,0.22954524469034346,0.6466573697873307,0.060406160718731734,0.4137186334799259,3.4624864055836073,0.0
39925,0.17167671024799347,0.9308929443359375,0.0,0.019509119639183524,0.004395015859915604,0.034879665316594505,0.22954524469034346,0.6466573697873307,0.060406160718731734,0.4137186334799259,3.4624864055836073,0.0
39950,0.1716671884059906,0.9309234619140625,0.0,0.019507397100162135,0.004395015859915604,0.034879665316594505,0.22954524469034346,0.6466573697873307,0.060406160718731734,0.4137186334799259,3.4624864055836073,0.0
39975,0.17165768146514893,0.9309234619140625,0.0,0.01950532800948778,0.004395015859915604,0.034879665316594505,0.22954524469034346,0.6466573697873307,0.060406160718731734,0.4137186334799259,3.4624864055836073,0.0
