step,loss,acc_train,gnorm_theta,gnorm_phi,align_u,align_V,gain_u,gain_V,h_u,h_V,w_norm,disp
0,0.7214664816856384,0.4998626708984375,0.0,3.3263990118777027,0.004407218006131267,0.038078032095115545,0.23032517543984132,0.67701203892871,0.05474612045832117,0.4642450934845632,3.469438102796015,0.0
25,0.5889126062393188,0.7301025390625,0.0,1.9459487094541201,0.004407218006131267,0.038078032095115545,0.23032517543984132,0.67701203892871,0.05474612045832117,0.4642450934845632,3.469438102796015,0.0
50,0.5128976702690125,0.8141632080078125,0.0,1.5515022363363522,0.004407218006131267,0.038078032095115545,0.23032517543984132,0.67701203892871,0.05474612045832117,0.4642450934845632,3.469438102796015,0.0
75,0.4629753828048706,0.844512939453125,0.0,1.2813966083069328,0.004407218006131267,0.038078032095115545,0.23032517543984132,0.67701203892871,0.05474612045832117,0.4642450934845632,3.469438102796015,0.0
100,0.42793208360671997,0.858612060546875,0.0,1.090487338699228,0.004407218006131267,0.038078032095115545,0.23032517543984132,0.67701203892871,0.05474612045832117,0.4642450934845632,3.469438102796015,0.0
125,0.40196242928504944,0.8667449951171875,0.0,0.9502640592430638,0.004407218006131267,0.038078032095115545,0.23032517543984132,0.67701203892871,0.05474612045832117,0.4642450934845632,3.469438102796015,0.0
150,0.3818815350532532,0.8724212646484375,0.0,0.8435686102397089,0.004407218006131267,0.038078032095115545,0.23032517543984132,0.67701203892871,0.05474612045832117,0.4642450934845632,3.469438102796015,0.0
175,0.3658279478549957,0.8765869140625,0.0,0.7598970893030872,0.004407218006131267,0.038078032095115545,0.23032517543984132,0.67701203892871,0.05474612045832117,0.4642450934845632,3.469438102796015,0.0
200,0.35265016555786133,0.880218505859375,0.0,0.6925953214490799,0.004407218006131267,0.038078032095115545,0.23032517543984132,0.67701203892871,0.05474612045832117,0.4642450934845632,3.469438102796015,0.0
225,0.34160012006759644,0.882598876953125,0.0,0.6372972847652829,0.004407218006131267,0.038078032095115545,0.23032517543984132,0.67701203892871,0.05474612045832117,0.4642450934845632,3.469438102796015,0.0
250,0.33217155933380127,0.88470458984375,0.0,0.5910370291205299,0.004407218006131267,0.038078032095115545,0.23032517543984132,0.67701203892871,0.05474612045832117,0.4642450934845632,3.469438102796015,0.0
275,0.3240095376968384,0.886993408203125,0.0,0.5517418992487014,0.004407218006131267,0.038078032095115545,0.23032517543984132,0.67701203892871,0.05474612045832117,0.4642450934845632,3.469438102796015,0.0
300,0.31685781478881836,0.888702392578125,0.0,0.5179212705620186,0.004407218006131267,0.038078032095115545,0.23032517543984132,0.67701203892871,0.05474612045832117,0.4642450934845632,3.469438102796015,0.0
325,0.310526579618454,0.8901519775390625,0.0,0.48847970318656453,0.004407218006131267,0.038078032095115545,0.23032517543984132,0.67701203892871,0.05474612045832117,0.4642450934845632,3.469438102796015,0.0
350,0.30487197637557983,0.8914642333984375,0.0,0.46259578660694595,0.004407218006131267,0.038078032095115545,0.23032517543984132,0.67701203892871,0.05474612045832117,0.4642450934845632,3.469438102796015,0.0
375,0.29978299140930176,0.8926239013671875,0.0,0.4396411926230362,0.004407218006131267,0.038078032095115545,0.23032517543984132,0.67701203892871,0.05474612045832117,0.4642450934845632,3.469438102796015,0.0
400,0.29517245292663574,0.8939361572265625,0.0,0.4191278019151669,0.004407218006131267,0.038078032095115545,0.23032517543984132,0.67701203892871,0.05474612045832117,0.4642450934845632,3.469438102796015,0.0
425,0.29097074270248413,0.8947601318359375,0.0,0.40067075848011047,0.004407218006131267,0.038078032095115545,0.23032517543984132,0.67701203892871,0.05474612045832117,0.4642450934845632,3.469438102796015,0.0
450,0.2871217131614685,0.8956146240234375,0.0,0.3839626621512465,0.004407218006131267,0.038078032095115545,0.23032517543984132,0.67701203892871,0.05474612045832117,0.4642450934845632,3.469438102796015,0.0
475,0.28357937932014465,0.896453857421875,0.0,0.36875477327835854,0.004407218006131267,0.038078032095115545,0.23032517543984132,0.67701203892871,0.05474612045832117,0.4642450934845632,3.469438102796015,0.0
500,0.28030580282211304,0.897064208984375,0.0,0.35484546831277525,0.004407218006131267,0.038078032095115545,0.23032517543984132,0.67701203892871,0.05474612045832117,0.4642450934845632,3.469438102796015,0.0
525,0.27726924419403076,0.8977203369140625,0.0,0.34206600363861306,0.004407218006131267,0.038078032095115545,0.23032517543984132,0.67701203892871,0.05474612045832117,0.4642450934845632,3.469438102796015,0.0
550,0.27444297075271606,0.8986053466796875,0.0,0.3302776540815648,0.004407218006131267,0.038078032095115545,0.23032517543984132,0.67701203892871,0.05474612045832117,0.4642450934845632,3.469438102796015,0.0
575,0.2718043327331543,0.899261474609375,0.0,0.3193637643882704,0.004407218006131267,0.038078032095115545,0.23032517543984132,0.67701203892871,0.05474612045832117,0.4642450934845632,3.469438102796015,0.0
600,0.26933398842811584,0.9000701904296875,0.0,0.3092248495009342,0.004407218006131267,0.038078032095115545,0.23032517543984132,0.67701203892871,0.05474612045832117,0.4642450934845632,3.469438102796015,0.0
625,0.26701515913009644,0.9005584716796875,0.0,0.29977732511005245,0.004407218006131267,0.038078032095115545,0.23032517543984132,0.67701203892871,0.05474612045832117,0.4642450934845632,3.469438102796015,0.0
650,0.2648334503173828,0.9013671875,0.0,0.29094872309771713,0.004407218006131267,0.038078032095115545,0.23032517543984132,0.67701203892871,0.05474612045832117,0.4642450934845632,3.469438102796015,0.0
675,0.2627761960029602,0.9019927978515625,0.0,0.2826768496245924,0.004407218006131267,0.038078032095115545,0.23032517543984132,0.67701203892871,0.05474612045832117,0.4642450934845632,3.469438102796015,0.0
700,0.26083242893218994,0.9026641845703125,0.0,0.274907754415885,0.004407218006131267,0.038078032095115545,0.23032517543984132,0.67701203892871,0.05474612045832117,0.4642450934845632,3.469438102796015,0.0
725,0.25899237394332886,0.903045654296875,0.0,0.2675949345326317,0.004407218006131267,0.038078032095115545,0.23032517543984132,0.67701203892871,0.05474612045832117,0.4642450934845632,3.469438102796015,0.0
750,0.2572474479675293,0.9031829833984375,0.0,0.2606965220871409,0.004407218006131267,0.038078032095115545,0.23032517543984132,0.67701203892871,0.05474612045832117,0.4642450934845632,3.469438102796015,0.0
775,0.2555900812149048,0.903564453125,0.0,0.25417660449841006,0.004407218006131267,0.038078032095115545,0.23032517543984132,0.67701203892871,0.05474612045832117,0.4642450934845632,3.469438102796015,0.0
800,0.25401341915130615,0.9040374755859375,0.0,0.24800350309747773,0.004407218006131267,0.038078032095115545,0.23032517543984132,0.67701203892871,0.05474612045832117,0.4642450934845632,3.469438102796015,0.0
825,0.2525113821029663,0.9044036865234375,0.0,0.24214837690523056,0.004407218006131267,0.038078032095115545,0.23032517543984132,0.67701203892871,0.05474612045832117,0.4642450934845632,3.469438102796015,0.0
850,0.2510785162448883,0.9046783447265625,0.0,0.23658661250015614,0.004407218006131267,0.038078032095115545,0.23032517543984132,0.67701203892871,0.05474612045832117,0.4642450934845632,3.469438102796015,0.0
875,0.24970988929271698,0.9048614501953125,0.0,0.23129484960658492,0.004407218006131267,0.038078032095115545,0.23032517543984132,0.67701203892871,0.05474612045832117,0.4642450934845632,3.469438102796015,0.0
900,0.24840104579925537,0.9052886962890625,0.0,0.22625319640479002,0.004407218006131267,0.038078032095115545,0.23032517543984132,0.67701203892871,0.05474612045832117,0.4642450934845632,3.469438102796015,0.0
925,0.24714797735214233,0.905609130859375,0.0,0.22144335323697023,0.004407218006131267,0.038078032095115545,0.23032517543984132,0.67701203892871,0.05474612045832117,0.4642450934845632,3.469438102796015,0.0
950,0.245947003364563,0.90582275390625,0.0,0.21684892707437128,0.004407218006131267,0.038078032095115545,0.23032517543984132,0.67701203892871,0.05474612045832117,0.4642450934845632,3.469438102796015,0.0
975,0.24479477107524872,0.9061737060546875,0.0,0.2124548670364817,0.004407218006131267,0.038078032095115545,0.23032517543984132,0.67701203892871,0.05474612045832117,0.4642450934845632,3.469438102796015,0.0
1000,0.24368825554847717,0.9065093994140625,0.0,0.20824816183853598,0.004407218006131267,0.038078032095115545,0.23032517543984132,0.67701203892871,0.05474612045832117,0.4642450934845632,3.469438102796015,0.0
1025,0.24262464046478271,0.90692138671875,0.0,0.2042159795149315,0.004407218006131267,0.038078032095115545,0.23032517543984132,0.67701203892871,0.05474612045832117,0.4642450934845632,3.469438102796015,0.0
1050,0.24160140752792358,0.9070892333984375,0.0,0.20034767487436764,0.004407218006131267,0.038078032095115545,0.23032517543984132,0.67701203892871,0.05474612045832117,0.4642450934845632,3.469438102796015,0.0
1075,0.24061618745326996,0.907257080078125,0.0,0.19663244678626704,0.004407218006131267,0.038078032095115545,0.23032517543984132,0.67701203892871,0.05474612045832117,0.4642450934845632,3.469438102796015,0.0
1100,0.23966678977012634,0.907623291015625,0.0,0.1930611879598205,0.004407218006131267,0.038078032095115545,0.23032517543984132,0.67701203892871,0.05474612045832117,0.4642450934845632,3.469438102796015,0.0
1125,0.23875123262405396,0.9080810546875,0.0,0.18962539347298352,0.004407218006131267,0.038078032095115545,0.23032517543984132,0.67701203892871,0.05474612045832117,0.4642450934845632,3.469438102796015,0.0
1150,0.23786768317222595,0.9082794189453125,0.0,0.1863171292108948,0.004407218006131267,0.038078032095115545,0.23032517543984132,0.67701203892871,0.05474612045832117,0.4642450934845632,3.469438102796015,0.0
1175,0.23701438307762146,0.9083251953125,0.0,0.18312891547165266,0.004407218006131267,0.038078032095115545,0.23032517543984132,0.67701203892871,0.05474612045832117,0.4642450934845632,3.469438102796015,0.0
1200,0.23618978261947632,0.9085235595703125,0.0,0.18005396211715285,0.004407218006131267,0.038078032095115545,0.23032517543984132,0.67701203892871,0.05474612045832117,0.4642450934845632,3.469438102796015,0.0
1225,0.23539239168167114,0.9088287353515625,0.0,0.1770861734429347,0.004407218006131267,0.038078032095115545,0.23032517543984132,0.67701203892871,0.05474612045832117,0.4642450934845632,3.469438102796015,0.0
1250,0.2346208393573761,0.9088592529296875,0.0,0.17421992809676257,0.004407218006131267,0.038078032095115545,0.23032517543984132,0.67701203892871,0.05474612045832117,0.4642450934845632,3.469438102796015,0.0
1275,0.2338738590478897,0.909149169921875,0.0,0.1714497610681791,0.004407218006131267,0.038078032095115545,0.23032517543984132,0.67701203892871,0.05474612045832117,0.4642450934845632,3.469438102796015,0.0
1300,0.23315024375915527,0.9094390869140625,0.0,0.16877102792300544,0.004407218006131267,0.038078032095115545,0.23032517543984132,0.67701203892871,0.05474612045832117,0.4642450934845632,3.469438102796015,0.0
1325,0.23244887590408325,0.9095306396484375,0.0,0.16617869819022174,0.004407218006131267,0.038078032095115545,0.23032517543984132,0.67701203892871,0.05474612045832117,0.4642450934845632,3.469438102796015,0.0
1350,0.23176871240139008,0.9096832275390625,0.0,0.16366874416921423,0.004407218006131267,0.038078032095115545,0.23032517543984132,0.67701203892871,0.05474612045832117,0.4642450934845632,3.469438102796015,0.0
1375,0.23110876977443695,0.90985107421875,0.0,0.16123688151364685,0.004407218006131267,0.038078032095115545,0.23032517543984132,0.67701203892871,0.05474612045832117,0.4642450934845632,3.469438102796015,0.0
1400,0.23046815395355225,0.909942626953125,0.0,0.15887952347792889,0.004407218006131267,0.038078032095115545,0.23032517543984132,0.67701203892871,0.05474612045832117,0.4642450934845632,3.469438102796015,0.0
1425,0.22984600067138672,0.91015625,0.0,0.15659305235516105,0.004407218006131267,0.038078032095115545,0.23032517543984132,0.67701203892871,0.05474612045832117,0.4642450934845632,3.469438102796015,0.0
1450,0.2292414754629135,0.9101715087890625,0.0,0.15437430709636404,0.004407218006131267,0.038078032095115545,0.23032517543984132,0.67701203892871,0.05474612045832117,0.4642450934845632,3.469438102796015,0.0
1475,0.22865384817123413,0.9103240966796875,0.0,0.15222026236150007,0.004407218006131267,0.038078032095115545,0.23032517543984132,0.67701203892871,0.05474612045832117,0.4642450934845632,3.469438102796015,0.0
1500,0.22808238863945007,0.9103851318359375,0.0,0.1501276290283516,0.004407218006131267,0.038078032095115545,0.23032517543984132,0.67701203892871,0.05474612045832117,0.4642450934845632,3.469438102796015,0.0
1525,0.22752639651298523,0.91058349609375,0.0,0.14809454235934325,0.004407218006131267,0.038078032095115545,0.23032517543984132,0.67701203892871,0.05474612045832117,0.4642450934845632,3.469438102796015,0.0
1550,0.22698526084423065,0.910736083984375,0.0,0.14611725667363828,0.004407218006131267,0.038078032095115545,0.23032517543984132,0.67701203892871,0.05474612045832117,0.4642450934845632,3.469438102796015,0.0
1575,0.22645840048789978,0.9109344482421875,0.0,0.14419431608688574,0.004407218006131267,0.038078032095115545,0.23032517543984132,0.67701203892871,0.05474612045832117,0.4642450934845632,3.469438102796015,0.0
1600,0.22594521939754486,0.9110107421875,0.0,0.14232311972964187,0.004407218006131267,0.038078032095115545,0.23032517543984132,0.67701203892871,0.05474612045832117,0.4642450934845632,3.469438102796015,0.0
1625,0.22544518113136292,0.9111328125,0.0,0.14050118068122625,0.004407218006131267,0.038078032095115545,0.23032517543984132,0.67701203892871,0.05474612045832117,0.4642450934845632,3.469438102796015,0.0
1650,0.22495776414871216,0.9113006591796875,0.0,0.13872725815555115,0.004407218006131267,0.038078032095115545,0.23032517543984132,0.67701203892871,0.05474612045832117,0.4642450934845632,3.469438102796015,0.0
1675,0.22448250651359558,0.9114227294921875,0.0,0.13699880943159673,0.004407218006131267,0.038078032095115545,0.23032517543984132,0.67701203892871,0.05474612045832117,0.4642450934845632,3.469438102796015,0.0
1700,0.22401896119117737,0.911346435546875,0.0,0.13531456282869345,0.004407218006131267,0.038078032095115545,0.23032517543984132,0.67701203892871,0.05474612045832117,0.4642450934845632,3.469438102796015,0.0
1725,0.22356665134429932,0.91156005859375,0.0,0.13367225524993076,0.004407218006131267,0.038078032095115545,0.23032517543984132,0.67701203892871,0.05474612045832117,0.4642450934845632,3.469438102796015,0.0
1750,0.2231251746416092,0.9116058349609375,0.0,0.1320705731249775,0.004407218006131267,0.038078032095115545,0.23032517543984132,0.67701203892871,0.05474612045832117,0.4642450934845632,3.469438102796015,0.0
1775,0.22269417345523834,0.9117431640625,0.0,0.13050791974084683,0.004407218006131267,0.038078032095115545,0.23032517543984132,0.67701203892871,0.05474612045832117,0.4642450934845632,3.469438102796015,0.0
1800,0.22227323055267334,0.91180419921875,0.0,0.12898257739298613,0.004407218006131267,0.038078032095115545,0.23032517543984132,0.67701203892871,0.05474612045832117,0.4642450934845632,3.469438102796015,0.0
1825,0.2218620330095291,0.9119110107421875,0.0,0.12749380028608923,0.004407218006131267,0.038078032095115545,0.23032517543984132,0.67701203892871,0.05474612045832117,0.4642450934845632,3.469438102796015,0.0
1850,0.221460223197937,0.9119720458984375,0.0,0.1260396601815922,0.004407218006131267,0.038078032095115545,0.23032517543984132,0.67701203892871,0.05474612045832117,0.4642450934845632,3.469438102796015,0.0
1875,0.22106745839118958,0.9119720458984375,0.0,0.12461944173623289,0.004407218006131267,0.038078032095115545,0.23032517543984132,0.67701203892871,0.05474612045832117,0.4642450934845632,3.469438102796015,0.0
1900,0.22068342566490173,0.9119873046875,0.0,0.12323153620868986,0.004407218006131267,0.038078032095115545,0.23032517543984132,0.67701203892871,0.05474612045832117,0.4642450934845632,3.469438102796015,0.0
1925,0.22030788660049438,0.912139892578125,0.0,0.12187491453474693,0.004407218006131267,0.038078032095115545,0.23032517543984132,0.67701203892871,0.05474612045832117,0.4642450934845632,3.469438102796015,0.0
1950,0.21994051337242126,0.912384033203125,0.0,0.1205483946690119,0.004407218006131267,0.038078032095115545,0.23032517543984132,0.67701203892871,0.05474612045832117,0.4642450934845632,3.469438102796015,0.0
1975,0.21958103775978088,0.91259765625,0.0,0.11925120700031205,0.004407218006131267,0.038078032095115545,0.23032517543984132,0.67701203892871,0.05474612045832117,0.4642450934845632,3.469438102796015,0.0
2000,0.21922923624515533,0.912750244140625,0.0,0.11798257912630654,0.004407218006131267,0.038078032095115545,0.23032517543984132,0.67701203892871,0.05474612045832117,0.4642450934845632,3.469438102796015,0.0
2025,0.21888482570648193,0.9128570556640625,0.0,0.11674087067090826,0.004407218006131267,0.038078032095115545,0.23032517543984132,0.67701203892871,0.05474612045832117,0.4642450934845632,3.469438102796015,0.0
2050,0.21854758262634277,0.912994384765625,0.0,0.11552564761779126,0.004407218006131267,0.038078032095115545,0.23032517543984132,0.67701203892871,0.05474612045832117,0.4642450934845632,3.469438102796015,0.0
2075,0.21821729838848114,0.9130706787109375,0.0,0.11433589421951655,0.004407218006131267,0.038078032095115545,0.23032517543984132,0.67701203892871,0.05474612045832117,0.4642450934845632,3.469438102796015,0.0
2100,0.21789374947547913,0.9132232666015625,0.0,0.11317051626261862,0.004407218006131267,0.038078032095115545,0.23032517543984132,0.67701203892871,0.05474612045832117,0.4642450934845632,3.469438102796015,0.0
2125,0.21757671236991882,0.91326904296875,0.0,0.11202957103481109,0.004407218006131267,0.038078032095115545,0.23032517543984132,0.67701203892871,0.05474612045832117,0.4642450934845632,3.469438102796015,0.0
2150,0.2172660231590271,0.9132843017578125,0.0,0.1109116302688535,0.004407218006131267,0.038078032095115545,0.23032517543984132,0.67701203892871,0.05474612045832117,0.4642450934845632,3.469438102796015,0.0
2175,0.21696147322654724,0.913330078125,0.0,0.10981575580835262,0.004407218006131267,0.038078032095115545,0.23032517543984132,0.67701203892871,0.05474612045832117,0.4642450934845632,3.469438102796015,0.0
2200,0.21666288375854492,0.9134063720703125,0.0,0.10874213812329778,0.004407218006131267,0.038078032095115545,0.23032517543984132,0.67701203892871,0.05474612045832117,0.4642450934845632,3.469438102796015,0.0
2225,0.21637004613876343,0.9134368896484375,0.0,0.10768934171386253,0.004407218006131267,0.038078032095115545,0.23032517543984132,0.67701203892871,0.05474612045832117,0.4642450934845632,3.469438102796015,0.0
2250,0.2160828411579132,0.91351318359375,0.0,0.10665723618229822,0.004407218006131267,0.038078032095115545,0.23032517543984132,0.67701203892871,0.05474612045832117,0.4642450934845632,3.469438102796015,0.0
2275,0.21580110490322113,0.9136505126953125,0.0,0.10564468723422529,0.004407218006131267,0.038078032095115545,0.23032517543984132,0.67701203892871,0.05474612045832117,0.4642450934845632,3.469438102796015,0.0
2300,0.21552464365959167,0.9137115478515625,0.0,0.10465175567550583,0.004407218006131267,0.038078032095115545,0.23032517543984132,0.67701203892871,0.05474612045832117,0.4642450934845632,3.469438102796015,0.0
2325,0.21525335311889648,0.913726806640625,0.0,0.10367760294810213,0.004407218006131267,0.038078032095115545,0.23032517543984132,0.67701203892871,0.05474612045832117,0.4642450934845632,3.469438102796015,0.0
2350,0.21498705446720123,0.9137725830078125,0.0,0.10272196659985586,0.004407218006131267,0.038078032095115545,0.23032517543984132,0.67701203892871,0.05474612045832117,0.4642450934845632,3.469438102796015,0.0
2375,0.21472561359405518,0.913848876953125,0.0,0.10178361966754257,0.004407218006131267,0.038078032095115545,0.23032517543984132,0.67701203892871,0.05474612045832117,0.4642450934845632,3.469438102796015,0.0
2400,0.21446891129016876,0.9139862060546875,0.0,0.1008623234533079,0.004407218006131267,0.038078032095115545,0.23032517543984132,0.67701203892871,0.05474612045832117,0.4642450934845632,3.469438102796015,0.0
2425,0.21421682834625244,0.9139556884765625,0.0,0.09995804394549457,0.004407218006131267,0.038078032095115545,0.23032517543984132,0.67701203892871,0.05474612045832117,0.4642450934845632,3.469438102796015,0.0
2450,0.21396920084953308,0.913970947265625,0.0,0.09907005907800404,0.004407218006131267,0.038078032095115545,0.23032517543984132,0.67701203892871,0.05474612045832117,0.4642450934845632,3.469438102796015,0.0
2475,0.2137259542942047,0.9139862060546875,0.0,0.09819772928615882,0.004407218006131267,0.038078032095115545,0.23032517543984132,0.67701203892871,0.05474612045832117,0.4642450934845632,3.469438102796015,0.0
2500,0.2134869396686554,0.9141998291015625,0.0,0.09734085670274059,0.004407218006131267,0.038078032095115545,0.23032517543984132,0.67701203892871,0.05474612045832117,0.4642450934845632,3.469438102796015,0.0
2525,0.21325206756591797,0.9142913818359375,0.0,0.09649891437699956,0.004407218006131267,0.038078032095115545,0.23032517543984132,0.67701203892871,0.05474612045832117,0.4642450934845632,3.469438102796015,0.0
2550,0.21302121877670288,0.9143524169921875,0.0,0.09567164237980914,0.004407218006131267,0.038078032095115545,0.23032517543984132,0.67701203892871,0.05474612045832117,0.4642450934845632,3.469438102796015,0.0
2575,0.21279430389404297,0.9144287109375,0.0,0.09485874852785939,0.004407218006131267,0.038078032095115545,0.23032517543984132,0.67701203892871,0.05474612045832117,0.4642450934845632,3.469438102796015,0.0
2600,0.21257120370864868,0.9145355224609375,0.0,0.09405967291305307,0.004407218006131267,0.038078032095115545,0.23032517543984132,0.67701203892871,0.05474612045832117,0.4642450934845632,3.469438102796015,0.0
2625,0.21235184371471405,0.9145660400390625,0.0,0.09327382821578879,0.004407218006131267,0.038078032095115545,0.23032517543984132,0.67701203892871,0.05474612045832117,0.4642450934845632,3.469438102796015,0.0
2650,0.21213610470294952,0.9146575927734375,0.0,0.09250143968678823,0.004407218006131267,0.038078032095115545,0.23032517543984132,0.67701203892871,0.05474612045832117,0.4642450934845632,3.469438102796015,0.0
2675,0.21192389726638794,0.914825439453125,0.0,0.09174195577842548,0.004407218006131267,0.038078032095115545,0.23032517543984132,0.67701203892871,0.05474612045832117,0.4642450934845632,3.469438102796015,0.0
2700,0.21171516180038452,0.914794921875,0.0,0.09099499552015643,0.004407218006131267,0.038078032095115545,0.23032517543984132,0.67701203892871,0.05474612045832117,0.4642450934845632,3.469438102796015,0.0
2725,0.2115098088979721,0.9149169921875,0.0,0.09026011078859059,0.004407218006131267,0.038078032095115545,0.23032517543984132,0.67701203892871,0.05474612045832117,0.4642450934845632,3.469438102796015,0.0
2750,0.21130773425102234,0.915008544921875,0.0,0.0895373128593295,0.004407218006131267,0.038078032095115545,0.23032517543984132,0.67701203892871,0.05474612045832117,0.4642450934845632,3.469438102796015,0.0
2775,0.21110887825489044,0.9151153564453125,0.0,0.08882579156091933,0.004407218006131267,0.038078032095115545,0.23032517543984132,0.67701203892871,0.05474612045832117,0.4642450934845632,3.469438102796015,0.0
2800,0.21091313660144806,0.9151763916015625,0.0,0.08812564393527299,0.004407218006131267,0.038078032095115545,0.23032517543984132,0.67701203892871,0.05474612045832117,0.4642450934845632,3.469438102796015,0.0
2825,0.2107204794883728,0.9152069091796875,0.0,0.08743677537326791,0.004407218006131267,0.038078032095115545,0.23032517543984132,0.67701203892871,0.05474612045832117,0.4642450934845632,3.469438102796015,0.0
2850,0.21053080260753632,0.9153289794921875,0.0,0.0867588388562297,0.004407218006131267,0.038078032095115545,0.23032517543984132,0.67701203892871,0.05474612045832117,0.4642450934845632,3.469438102796015,0.0
2875,0.21034404635429382,0.9154052734375,0.0,0.08609154988507788,0.004407218006131267,0.038078032095115545,0.23032517543984132,0.67701203892871,0.05474612045832117,0.4642450934845632,3.469438102796015,0.0
2900,0.21016013622283936,0.9154510498046875,0.0,0.08543448936174496,0.004407218006131267,0.038078032095115545,0.23032517543984132,0.67701203892871,0.05474612045832117,0.4642450934845632,3.469438102796015,0.0
2925,0.20997901260852814,0.91552734375,0.0,0.08478763609591239,0.004407218006131267,0.038078032095115545,0.23032517543984132,0.67701203892871,0.05474612045832117,0.4642450934845632,3.469438102796015,0.0
2950,0.2098006159067154,0.91558837890625,0.0,0.08415039886752035,0.004407218006131267,0.038078032095115545,0.23032517543984132,0.67701203892871,0.05474612045832117,0.4642450934845632,3.469438102796015,0.0
2975,0.20962488651275635,0.9156341552734375,0.0,0.08352272978932979,0.004407218006131267,0.038078032095115545,0.23032517543984132,0.67701203892871,0.05474612045832117,0.4642450934845632,3.469438102796015,0.0
3000,0.20945173501968384,0.915740966796875,0.0,0.08290480748970715,0.004407218006131267,0.038078032095115545,0.23032517543984132,0.67701203892871,0.05474612045832117,0.4642450934845632,3.469438102796015,0.0
3025,0.20928114652633667,0.9158172607421875,0.0,0.08229556086657129,0.004407218006131267,0.038078032095115545,0.23032517543984132,0.67701203892871,0.05474612045832117,0.4642450934845632,3.469438102796015,0.0
3050,0.20911303162574768,0.9158477783203125,0.0,0.08169565930828865,0.004407218006131267,0.038078032095115545,0.23032517543984132,0.67701203892871,0.05474612045832117,0.4642450934845632,3.469438102796015,0.0
3075,0.20894737541675568,0.9159088134765625,0.0,0.08110436356892937,0.004407218006131267,0.038078032095115545,0.23032517543984132,0.67701203892871,0.05474612045832117,0.4642450934845632,3.469438102796015,0.0
3100,0.2087840735912323,0.9159393310546875,0.0,0.08052193436807234,0.004407218006131267,0.038078032095115545,0.23032517543984132,0.67701203892871,0.05474612045832117,0.4642450934845632,3.469438102796015,0.0
3125,0.20862311124801636,0.916015625,0.0,0.0799478728445968,0.004407218006131267,0.038078032095115545,0.23032517543984132,0.67701203892871,0.05474612045832117,0.4642450934845632,3.469438102796015,0.0
3150,0.20846444368362427,0.9161529541015625,0.0,0.07938185338280924,0.004407218006131267,0.038078032095115545,0.23032517543984132,0.67701203892871,0.05474612045832117,0.4642450934845632,3.469438102796015,0.0
3175,0.20830798149108887,0.91619873046875,0.0,0.07882439024532385,0.004407218006131267,0.038078032095115545,0.23032517543984132,0.67701203892871,0.05474612045832117,0.4642450934845632,3.469438102796015,0.0
3200,0.20815370976924896,0.916168212890625,0.0,0.0782744829199337,0.004407218006131267,0.038078032095115545,0.23032517543984132,0.67701203892871,0.05474612045832117,0.4642450934845632,3.469438102796015,0.0
3225,0.20800158381462097,0.916168212890625,0.0,0.07773248946194011,0.004407218006131267,0.038078032095115545,0.23032517543984132,0.67701203892871,0.05474612045832117,0.4642450934845632,3.469438102796015,0.0
3250,0.20785152912139893,0.91619873046875,0.0,0.0771979535418966,0.004407218006131267,0.038078032095115545,0.23032517543984132,0.67701203892871,0.05474612045832117,0.4642450934845632,3.469438102796015,0.0
3275,0.20770353078842163,0.91632080078125,0.0,0.0766710499458953,0.004407218006131267,0.038078032095115545,0.23032517543984132,0.67701203892871,0.05474612045832117,0.4642450934845632,3.469438102796015,0.0
3300,0.2075575590133667,0.9163665771484375,0.0,0.07615131234653198,0.004407218006131267,0.038078032095115545,0.23032517543984132,0.67701203892871,0.05474612045832117,0.4642450934845632,3.469438102796015,0.0
3325,0.20741355419158936,0.9163970947265625,0.0,0.0756389112799666,0.004407218006131267,0.038078032095115545,0.23032517543984132,0.67701203892871,0.05474612045832117,0.4642450934845632,3.469438102796015,0.0
3350,0.20727144181728363,0.9164581298828125,0.0,0.07513352749292433,0.004407218006131267,0.038078032095115545,0.23032517543984132,0.67701203892871,0.05474612045832117,0.4642450934845632,3.469438102796015,0.0
3375,0.20713123679161072,0.9164581298828125,0.0,0.07463489997269972,0.004407218006131267,0.038078032095115545,0.23032517543984132,0.67701203892871,0.05474612045832117,0.4642450934845632,3.469438102796015,0.0
3400,0.20699287950992584,0.916412353515625,0.0,0.07414284780207979,0.004407218006131267,0.038078032095115545,0.23032517543984132,0.67701203892871,0.05474612045832117,0.4642450934845632,3.469438102796015,0.0
3425,0.20685634016990662,0.9163818359375,0.0,0.0736575034985409,0.004407218006131267,0.038078032095115545,0.23032517543984132,0.67701203892871,0.05474612045832117,0.4642450934845632,3.469438102796015,0.0
3450,0.20672155916690826,0.91644287109375,0.0,0.0731787365703285,0.004407218006131267,0.038078032095115545,0.23032517543984132,0.67701203892871,0.05474612045832117,0.4642450934845632,3.469438102796015,0.0
3475,0.2065885365009308,0.9165191650390625,0.0,0.07270617737050757,0.004407218006131267,0.038078032095115545,0.23032517543984132,0.67701203892871,0.05474612045832117,0.4642450934845632,3.469438102796015,0.0
3500,0.2064572125673294,0.916595458984375,0.0,0.07224002269533343,0.004407218006131267,0.038078032095115545,0.23032517543984132,0.67701203892871,0.05474612045832117,0.4642450934845632,3.469438102796015,0.0
3525,0.20632755756378174,0.9166717529296875,0.0,0.07177997546139574,0.004407218006131267,0.038078032095115545,0.23032517543984132,0.67701203892871,0.05474612045832117,0.4642450934845632,3.469438102796015,0.0
3550,0.2061995416879654,0.916717529296875,0.0,0.07132532633853549,0.004407218006131267,0.038078032095115545,0.23032517543984132,0.67701203892871,0.05474612045832117,0.4642450934845632,3.469438102796015,0.0
3575,0.20607313513755798,0.91680908203125,0.0,0.07087706593318145,0.004407218006131267,0.038078032095115545,0.23032517543984132,0.67701203892871,0.05474612045832117,0.4642450934845632,3.469438102796015,0.0
3600,0.20594832301139832,0.91680908203125,0.0,0.07043507871485336,0.004407218006131267,0.038078032095115545,0.23032517543984132,0.67701203892871,0.05474612045832117,0.4642450934845632,3.469438102796015,0.0
3625,0.2058250606060028,0.9168548583984375,0.0,0.06999844986543363,0.004407218006131267,0.038078032095115545,0.23032517543984132,0.67701203892871,0.05474612045832117,0.4642450934845632,3.469438102796015,0.0
3650,0.20570328831672668,0.916839599609375,0.0,0.06956729299150298,0.004407218006131267,0.038078032095115545,0.23032517543984132,0.67701203892871,0.05474612045832117,0.4642450934845632,3.469438102796015,0.0
3675,0.20558303594589233,0.916961669921875,0.0,0.06914169638345087,0.004407218006131267,0.038078032095115545,0.23032517543984132,0.67701203892871,0.05474612045832117,0.4642450934845632,3.469438102796015,0.0
3700,0.20546424388885498,0.9170074462890625,0.0,0.06872144139637867,0.004407218006131267,0.038078032095115545,0.23032517543984132,0.67701203892871,0.05474612045832117,0.4642450934845632,3.469438102796015,0.0
3725,0.20534686744213104,0.9170074462890625,0.0,0.0683063897152169,0.004407218006131267,0.038078032095115545,0.23032517543984132,0.67701203892871,0.05474612045832117,0.4642450934845632,3.469438102796015,0.0
3750,0.2052309215068817,0.9170074462890625,0.0,0.06789636095485499,0.004407218006131267,0.038078032095115545,0.23032517543984132,0.67701203892871,0.05474612045832117,0.4642450934845632,3.469438102796015,0.0
3775,0.20511633157730103,0.9170989990234375,0.0,0.0674916129627987,0.004407218006131267,0.038078032095115545,0.23032517543984132,0.67701203892871,0.05474612045832117,0.4642450934845632,3.469438102796015,0.0
3800,0.20500311255455017,0.917083740234375,0.0,0.067091849565841,0.004407218006131267,0.038078032095115545,0.23032517543984132,0.67701203892871,0.05474612045832117,0.4642450934845632,3.469438102796015,0.0
3825,0.20489123463630676,0.9171142578125,0.0,0.06669673095998935,0.004407218006131267,0.038078032095115545,0.23032517543984132,0.67701203892871,0.05474612045832117,0.4642450934845632,3.469438102796015,0.0
3850,0.2047806680202484,0.9171142578125,0.0,0.06630649685733973,0.004407218006131267,0.038078032095115545,0.23032517543984132,0.67701203892871,0.05474612045832117,0.4642450934845632,3.469438102796015,0.0
3875,0.20467138290405273,0.9171295166015625,0.0,0.06592095546965725,0.004407218006131267,0.038078032095115545,0.23032517543984132,0.67701203892871,0.05474612045832117,0.4642450934845632,3.469438102796015,0.0
3900,0.20456334948539734,0.917083740234375,0.0,0.06554017037801935,0.004407218006131267,0.038078032095115545,0.23032517543984132,0.67701203892871,0.05474612045832117,0.4642450934845632,3.469438102796015,0.0
3925,0.20445656776428223,0.9171295166015625,0.0,0.06516388208535619,0.004407218006131267,0.038078032095115545,0.23032517543984132,0.67701203892871,0.05474612045832117,0.4642450934845632,3.469438102796015,0.0
3950,0.204351007938385,0.9171295166015625,0.0,0.06479219293775994,0.004407218006131267,0.038078032095115545,0.23032517543984132,0.67701203892871,0.05474612045832117,0.4642450934845632,3.469438102796015,0.0
3975,0.2042466253042221,0.9171295166015625,0.0,0.06442458972185076,0.004407218006131267,0.038078032095115545,0.23032517543984132,0.67701203892871,0.05474612045832117,0.4642450934845632,3.469438102796015,0.0
4000,0.2041434347629547,0.9171295166015625,0.0,0.06406163981159964,0.004407218006131267,0.038078032095115545,0.23032517543984132,0.67701203892871,0.05474612045832117,0.4642450934845632,3.469438102796015,0.0
4025,0.20404139161109924,0.91717529296875,0.0,0.06370302575108344,0.004407218006131267,0.038078032095115545,0.23032517543984132,0.67701203892871,0.05474612045832117,0.4642450934845632,3.469438102796015,0.0
4050,0.2039405107498169,0.91717529296875,0.0,0.0633487992848673,0.004407218006131267,0.038078032095115545,0.23032517543984132,0.67701203892871,0.05474612045832117,0.4642450934845632,3.469438102796015,0.0
4075,0.2038407325744629,0.9171142578125,0.0,0.06299848972634,0.004407218006131267,0.038078032095115545,0.23032517543984132,0.67701203892871,0.05474612045832117,0.4642450934845632,3.469438102796015,0.0
4100,0.20374202728271484,0.9171600341796875,0.0,0.06265237001378392,0.004407218006131267,0.038078032095115545,0.23032517543984132,0.67701203892871,0.05474612045832117,0.4642450934845632,3.469438102796015,0.0
4125,0.20364442467689514,0.91717529296875,0.0,0.062309949933039475,0.004407218006131267,0.038078032095115545,0.23032517543984132,0.67701203892871,0.05474612045832117,0.4642450934845632,3.469438102796015,0.0
4150,0.2035478800535202,0.9172210693359375,0.0,0.061971760935349375,0.004407218006131267,0.038078032095115545,0.23032517543984132,0.67701203892871,0.05474612045832117,0.4642450934845632,3.469438102796015,0.0
4175,0.20345237851142883,0.9171905517578125,0.0,0.06163757478359894,0.004407218006131267,0.038078032095115545,0.23032517543984132,0.67701203892871,0.05474612045832117,0.4642450934845632,3.469438102796015,0.0
4200,0.20335789024829865,0.917236328125,0.0,0.06130738067135683,0.004407218006131267,0.038078032095115545,0.23032517543984132,0.67701203892871,0.05474612045832117,0.4642450934845632,3.469438102796015,0.0
4225,0.20326441526412964,0.9172210693359375,0.0,0.060980665224079224,0.004407218006131267,0.038078032095115545,0.23032517543984132,0.67701203892871,0.05474612045832117,0.4642450934845632,3.469438102796015,0.0
4250,0.20317193865776062,0.917266845703125,0.0,0.06065771690211842,0.004407218006131267,0.038078032095115545,0.23032517543984132,0.67701203892871,0.05474612045832117,0.4642450934845632,3.469438102796015,0.0
4275,0.2030804306268692,0.917266845703125,0.0,0.06033833001857003,0.004407218006131267,0.038078032095115545,0.23032517543984132,0.67701203892871,0.05474612045832117,0.4642450934845632,3.469438102796015,0.0
4300,0.2029898762702942,0.91729736328125,0.0,0.06002246496316249,0.004407218006131267,0.038078032095115545,0.23032517543984132,0.67701203892871,0.05474612045832117,0.4642450934845632,3.469438102796015,0.0
4325,0.2029002606868744,0.9173126220703125,0.0,0.059710102482519574,0.004407218006131267,0.038078032095115545,0.23032517543984132,0.67701203892871,0.05474612045832117,0.4642450934845632,3.469438102796015,0.0
4350,0.202811598777771,0.9173583984375,0.0,0.05940138129750223,0.004407218006131267,0.038078032095115545,0.23032517543984132,0.67701203892871,0.05474612045832117,0.4642450934845632,3.469438102796015,0.0
4375,0.20272383093833923,0.91741943359375,0.0,0.0590959847859303,0.004407218006131267,0.038078032095115545,0.23032517543984132,0.67701203892871,0.05474612045832117,0.4642450934845632,3.469438102796015,0.0
4400,0.2026369571685791,0.91741943359375,0.0,0.05879390632991932,0.004407218006131267,0.038078032095115545,0.23032517543984132,0.67701203892871,0.05474612045832117,0.4642450934845632,3.469438102796015,0.0
4425,0.2025509774684906,0.917449951171875,0.0,0.0584953275945667,0.004407218006131267,0.038078032095115545,0.23032517543984132,0.67701203892871,0.05474612045832117,0.4642450934845632,3.469438102796015,0.0
4450,0.20246584713459015,0.91754150390625,0.0,0.05819992315837759,0.004407218006131267,0.038078032095115545,0.23032517543984132,0.67701203892871,0.05474612045832117,0.4642450934845632,3.469438102796015,0.0
4475,0.20238158106803894,0.9175872802734375,0.0,0.05790746517361424,0.004407218006131267,0.038078032095115545,0.23032517543984132,0.67701203892871,0.05474612045832117,0.4642450934845632,3.469438102796015,0.0
4500,0.20229816436767578,0.91766357421875,0.0,0.057618178364567785,0.004407218006131267,0.038078032095115545,0.23032517543984132,0.67701203892871,0.05474612045832117,0.4642450934845632,3.469438102796015,0.0
4525,0.2022155523300171,0.917724609375,0.0,0.05733227684081188,0.004407218006131267,0.038078032095115545,0.23032517543984132,0.67701203892871,0.05474612045832117,0.4642450934845632,3.469438102796015,0.0
4550,0.20213378965854645,0.917755126953125,0.0,0.057049326813183,0.004407218006131267,0.038078032095115545,0.23032517543984132,0.67701203892871,0.05474612045832117,0.4642450934845632,3.469438102796015,0.0
4575,0.20205281674861908,0.9177703857421875,0.0,0.05676991146924282,0.004407218006131267,0.038078032095115545,0.23032517543984132,0.67701203892871,0.05474612045832117,0.4642450934845632,3.469438102796015,0.0
4600,0.20197263360023499,0.917816162109375,0.0,0.0564931356994973,0.004407218006131267,0.038078032095115545,0.23032517543984132,0.67701203892871,0.05474612045832117,0.4642450934845632,3.469438102796015,0.0
4625,0.20189322531223297,0.91778564453125,0.0,0.0562194560308215,0.004407218006131267,0.038078032095115545,0.23032517543984132,0.67701203892871,0.05474612045832117,0.4642450934845632,3.469438102796015,0.0
4650,0.20181459188461304,0.9178314208984375,0.0,0.05594869768868582,0.004407218006131267,0.038078032095115545,0.23032517543984132,0.67701203892871,0.05474612045832117,0.4642450934845632,3.469438102796015,0.0
4675,0.2017366886138916,0.917816162109375,0.0,0.055680949812395214,0.004407218006131267,0.038078032095115545,0.23032517543984132,0.67701203892871,0.05474612045832117,0.4642450934845632,3.469438102796015,0.0
4700,0.20165953040122986,0.9178314208984375,0.0,0.05541568103731636,0.004407218006131267,0.038078032095115545,0.23032517543984132,0.67701203892871,0.05474612045832117,0.4642450934845632,3.469438102796015,0.0
4725,0.201583132147789,0.9178924560546875,0.0,0.055153539250868674,0.004407218006131267,0.038078032095115545,0.23032517543984132,0.67701203892871,0.05474612045832117,0.4642450934845632,3.469438102796015,0.0
4750,0.20150741934776306,0.9179534912109375,0.0,0.054893916151933876,0.004407218006131267,0.038078032095115545,0.23032517543984132,0.67701203892871,0.05474612045832117,0.4642450934845632,3.469438102796015,0.0
4775,0.20143243670463562,0.917999267578125,0.0,0.054636914656615805,0.004407218006131267,0.038078032095115545,0.23032517543984132,0.67701203892871,0.05474612045832117,0.4642450934845632,3.469438102796015,0.0
4800,0.2013581395149231,0.918060302734375,0.0,0.054382862283317616,0.004407218006131267,0.038078032095115545,0.23032517543984132,0.67701203892871,0.05474612045832117,0.4642450934845632,3.469438102796015,0.0
4825,0.20128455758094788,0.9180908203125,0.0,0.054131247171832084,0.004407218006131267,0.038078032095115545,0.23032517543984132,0.67701203892871,0.05474612045832117,0.4642450934845632,3.469438102796015,0.0
4850,0.20121163129806519,0.9180908203125,0.0,0.05388212882109422,0.004407218006131267,0.038078032095115545,0.23032517543984132,0.67701203892871,0.05474612045832117,0.4642450934845632,3.469438102796015,0.0
4875,0.20113937556743622,0.9181060791015625,0.0,0.053635374177057334,0.004407218006131267,0.038078032095115545,0.23032517543984132,0.67701203892871,0.05474612045832117,0.4642450934845632,3.469438102796015,0.0
4900,0.20106777548789978,0.918121337890625,0.0,0.053391428825107085,0.004407218006131267,0.038078032095115545,0.23032517543984132,0.67701203892871,0.05474612045832117,0.4642450934845632,3.469438102796015,0.0
4925,0.20099681615829468,0.91815185546875,0.0,0.053149936388545684,0.004407218006131267,0.038078032095115545,0.23032517543984132,0.67701203892871,0.05474612045832117,0.4642450934845632,3.469438102796015,0.0
4950,0.2009265124797821,0.918182373046875,0.0,0.05291084462086086,0.004407218006131267,0.038078032095115545,0.23032517543984132,0.67701203892871,0.05474612045832117,0.4642450934845632,3.469438102796015,0.0
4975,0.20085683465003967,0.918212890625,0.0,0.05267483337639357,0.004407218006131267,0.038078032095115545,0.23032517543984132,0.67701203892871,0.05474612045832117,0.4642450934845632,3.469438102796015,0.0
5000,0.200787752866745,0.9182281494140625,0.0,0.05244059700296503,0.004407218006131267,0.038078032095115545,0.23032517543984132,0.67701203892871,0.05474612045832117,0.4642450934845632,3.469438102796015,0.0
5025,0.20071931183338165,0.918243408203125,0.0,0.052208901825616785,0.004407218006131267,0.038078032095115545,0.23032517543984132,0.67701203892871,0.05474612045832117,0.4642450934845632,3.469438102796015,0.0
5050,0.20065145194530487,0.918243408203125,0.0,0.0519795336068898,0.004407218006131267,0.038078032095115545,0.23032517543984132,0.67701203892871,0.05474612045832117,0.4642450934845632,3.469438102796015,0.0
5075,0.20058420300483704,0.9182891845703125,0.0,0.05175256276141504,0.004407218006131267,0.038078032095115545,0.23032517543984132,0.67701203892871,0.05474612045832117,0.4642450934845632,3.469438102796015,0.0
5100,0.20051753520965576,0.918365478515625,0.0,0.051527262277183974,0.004407218006131267,0.038078032095115545,0.23032517543984132,0.67701203892871,0.05474612045832117,0.4642450934845632,3.469438102796015,0.0
5125,0.20045143365859985,0.91839599609375,0.0,0.05130470295326756,0.004407218006131267,0.038078032095115545,0.23032517543984132,0.67701203892871,0.05474612045832117,0.4642450934845632,3.469438102796015,0.0
5150,0.2003859132528305,0.91845703125,0.0,0.05108415728576139,0.004407218006131267,0.038078032095115545,0.23032517543984132,0.67701203892871,0.05474612045832117,0.4642450934845632,3.469438102796015,0.0
5175,0.20032092928886414,0.918487548828125,0.0,0.05086538784967321,0.004407218006131267,0.038078032095115545,0.23032517543984132,0.67701203892871,0.05474612045832117,0.4642450934845632,3.469438102796015,0.0
5200,0.20025652647018433,0.9184722900390625,0.0,0.05064926515341438,0.004407218006131267,0.038078032095115545,0.23032517543984132,0.67701203892871,0.05474612045832117,0.4642450934845632,3.469438102796015,0.0
5225,0.2001926600933075,0.9185028076171875,0.0,0.05043524782314411,0.004407218006131267,0.038078032095115545,0.23032517543984132,0.67701203892871,0.05474612045832117,0.4642450934845632,3.469438102796015,0.0
5250,0.20012933015823364,0.9184722900390625,0.0,0.05022321728598368,0.004407218006131267,0.038078032095115545,0.23032517543984132,0.67701203892871,0.05474612045832117,0.4642450934845632,3.469438102796015,0.0
5275,0.20006653666496277,0.9184722900390625,0.0,0.050013640354298027,0.004407218006131267,0.038078032095115545,0.23032517543984132,0.67701203892871,0.05474612045832117,0.4642450934845632,3.469438102796015,0.0
5300,0.20000424981117249,0.91845703125,0.0,0.04980563628638012,0.004407218006131267,0.038078032095115545,0.23032517543984132,0.67701203892871,0.05474612045832117,0.4642450934845632,3.469438102796015,0.0
5325,0.199942484498024,0.918426513671875,0.0,0.049599668251198915,0.004407218006131267,0.038078032095115545,0.23032517543984132,0.67701203892871,0.05474612045832117,0.4642450934845632,3.469438102796015,0.0
5350,0.19988122582435608,0.918365478515625,0.0,0.049395837529929834,0.004407218006131267,0.038078032095115545,0.23032517543984132,0.67701203892871,0.05474612045832117,0.4642450934845632,3.469438102796015,0.0
5375,0.19982047379016876,0.918365478515625,0.0,0.04919421745664472,0.004407218006131267,0.038078032095115545,0.23032517543984132,0.67701203892871,0.05474612045832117,0.4642450934845632,3.469438102796015,0.0
5400,0.19976021349430084,0.918426513671875,0.0,0.04899429310243939,0.004407218006131267,0.038078032095115545,0.23032517543984132,0.67701203892871,0.05474612045832117,0.4642450934845632,3.469438102796015,0.0
5425,0.19970044493675232,0.9184112548828125,0.0,0.04879613800637796,0.004407218006131267,0.038078032095115545,0.23032517543984132,0.67701203892871,0.05474612045832117,0.4642450934845632,3.469438102796015,0.0
5450,0.199641153216362,0.91845703125,0.0,0.048599939189364505,0.004407218006131267,0.038078032095115545,0.23032517543984132,0.67701203892871,0.05474612045832117,0.4642450934845632,3.469438102796015,0.0
5475,0.1995823234319687,0.918487548828125,0.0,0.048405532585041586,0.004407218006131267,0.038078032095115545,0.23032517543984132,0.67701203892871,0.05474612045832117,0.4642450934845632,3.469438102796015,0.0
5500,0.19952398538589478,0.9185028076171875,0.0,0.04821326726041454,0.004407218006131267,0.038078032095115545,0.23032517543984132,0.67701203892871,0.05474612045832117,0.4642450934845632,3.469438102796015,0.0
5525,0.19946610927581787,0.918548583984375,0.0,0.04802236763692188,0.004407218006131267,0.038078032095115545,0.23032517543984132,0.67701203892871,0.05474612045832117,0.4642450934845632,3.469438102796015,0.0
5550,0.1994086503982544,0.9185638427734375,0.0,0.04783361153192213,0.004407218006131267,0.038078032095115545,0.23032517543984132,0.67701203892871,0.05474612045832117,0.4642450934845632,3.469438102796015,0.0
5575,0.19935168325901031,0.918548583984375,0.0,0.04764648272610599,0.004407218006131267,0.038078032095115545,0.23032517543984132,0.67701203892871,0.05474612045832117,0.4642450934845632,3.469438102796015,0.0
5600,0.19929514825344086,0.9185943603515625,0.0,0.04746164453748806,0.004407218006131267,0.038078032095115545,0.23032517543984132,0.67701203892871,0.05474612045832117,0.4642450934845632,3.469438102796015,0.0
5625,0.19923904538154602,0.9185943603515625,0.0,0.047277920911205515,0.004407218006131267,0.038078032095115545,0.23032517543984132,0.67701203892871,0.05474612045832117,0.4642450934845632,3.469438102796015,0.0
5650,0.1991833597421646,0.918609619140625,0.0,0.04709649793826871,0.004407218006131267,0.038078032095115545,0.23032517543984132,0.67701203892871,0.05474612045832117,0.4642450934845632,3.469438102796015,0.0
5675,0.19912812113761902,0.9186553955078125,0.0,0.04691622251703791,0.004407218006131267,0.038078032095115545,0.23032517543984132,0.67701203892871,0.05474612045832117,0.4642450934845632,3.469438102796015,0.0
5700,0.19907331466674805,0.918731689453125,0.0,0.046737770626485264,0.004407218006131267,0.038078032095115545,0.23032517543984132,0.67701203892871,0.05474612045832117,0.4642450934845632,3.469438102796015,0.0
5725,0.19901889562606812,0.9187164306640625,0.0,0.046560845377443136,0.004407218006131267,0.038078032095115545,0.23032517543984132,0.67701203892871,0.05474612045832117,0.4642450934845632,3.469438102796015,0.0
5750,0.1989648938179016,0.9187164306640625,0.0,0.04638588756907392,0.004407218006131267,0.038078032095115545,0.23032517543984132,0.67701203892871,0.05474612045832117,0.4642450934845632,3.469438102796015,0.0
5775,0.19891130924224854,0.9187774658203125,0.0,0.04621209712560005,0.004407218006131267,0.038078032095115545,0.23032517543984132,0.67701203892871,0.05474612045832117,0.4642450934845632,3.469438102796015,0.0
5800,0.1988581120967865,0.918792724609375,0.0,0.0460400210885405,0.004407218006131267,0.038078032095115545,0.23032517543984132,0.67701203892871,0.05474612045832117,0.4642450934845632,3.469438102796015,0.0
5825,0.1988053172826767,0.918853759765625,0.0,0.04586952983271689,0.004407218006131267,0.038078032095115545,0.23032517543984132,0.67701203892871,0.05474612045832117,0.4642450934845632,3.469438102796015,0.0
5850,0.19875289499759674,0.918853759765625,0.0,0.04570069185610456,0.004407218006131267,0.038078032095115545,0.23032517543984132,0.67701203892871,0.05474612045832117,0.4642450934845632,3.469438102796015,0.0
5875,0.19870087504386902,0.918853759765625,0.0,0.04553349606961349,0.004407218006131267,0.038078032095115545,0.23032517543984132,0.67701203892871,0.05474612045832117,0.4642450934845632,3.469438102796015,0.0
5900,0.19864922761917114,0.9188690185546875,0.0,0.04536751694274837,0.004407218006131267,0.038078032095115545,0.23032517543984132,0.67701203892871,0.05474612045832117,0.4642450934845632,3.469438102796015,0.0
5925,0.1985979676246643,0.91888427734375,0.0,0.04520331215519061,0.004407218006131267,0.038078032095115545,0.23032517543984132,0.67701203892871,0.05474612045832117,0.4642450934845632,3.469438102796015,0.0
5950,0.19854706525802612,0.9188995361328125,0.0,0.04504082982414342,0.004407218006131267,0.038078032095115545,0.23032517543984132,0.67701203892871,0.05474612045832117,0.4642450934845632,3.469438102796015,0.0
5975,0.1984965205192566,0.918914794921875,0.0,0.04487951153682152,0.004407218006131267,0.038078032095115545,0.23032517543984132,0.67701203892871,0.05474612045832117,0.4642450934845632,3.469438102796015,0.0
6000,0.1984463334083557,0.9189605712890625,0.0,0.04471971142854456,0.004407218006131267,0.038078032095115545,0.23032517543984132,0.67701203892871,0.05474612045832117,0.4642450934845632,3.469438102796015,0.0
6025,0.19839651882648468,0.9189605712890625,0.0,0.044561148010844945,0.004407218006131267,0.038078032095115545,0.23032517543984132,0.67701203892871,0.05474612045832117,0.4642450934845632,3.469438102796015,0.0
6050,0.1983470469713211,0.918975830078125,0.0,0.0444033976278148,0.004407218006131267,0.038078032095115545,0.23032517543984132,0.67701203892871,0.05474612045832117,0.4642450934845632,3.469438102796015,0.0
6075,0.198297917842865,0.9189910888671875,0.0,0.044247541606492996,0.004407218006131267,0.038078032095115545,0.23032517543984132,0.67701203892871,0.05474612045832117,0.4642450934845632,3.469438102796015,0.0
6100,0.19824914634227753,0.918975830078125,0.0,0.04409339944514198,0.004407218006131267,0.038078032095115545,0.23032517543984132,0.67701203892871,0.05474612045832117,0.4642450934845632,3.469438102796015,0.0
6125,0.19820070266723633,0.919036865234375,0.0,0.04394073136515598,0.004407218006131267,0.038078032095115545,0.23032517543984132,0.67701203892871,0.05474612045832117,0.4642450934845632,3.469438102796015,0.0
6150,0.1981526017189026,0.9190673828125,0.0,0.0437894944011205,0.004407218006131267,0.038078032095115545,0.23032517543984132,0.67701203892871,0.05474612045832117,0.4642450934845632,3.469438102796015,0.0
6175,0.1981048285961151,0.9190826416015625,0.0,0.04363932603424681,0.004407218006131267,0.038078032095115545,0.23032517543984132,0.67701203892871,0.05474612045832117,0.4642450934845632,3.469438102796015,0.0
6200,0.1980573683977127,0.9190673828125,0.0,0.04349079461790402,0.004407218006131267,0.038078032095115545,0.23032517543984132,0.67701203892871,0.05474612045832117,0.4642450934845632,3.469438102796015,0.0
6225,0.19801023602485657,0.9191436767578125,0.0,0.043343559890604025,0.004407218006131267,0.038078032095115545,0.23032517543984132,0.67701203892871,0.05474612045832117,0.4642450934845632,3.469438102796015,0.0
6250,0.1979634314775467,0.9191741943359375,0.0,0.04319707463080404,0.004407218006131267,0.038078032095115545,0.23032517543984132,0.67701203892871,0.05474612045832117,0.4642450934845632,3.469438102796015,0.0
6275,0.1979169249534607,0.919189453125,0.0,0.043052601144835514,0.004407218006131267,0.038078032095115545,0.23032517543984132,0.67701203892871,0.05474612045832117,0.4642450934845632,3.469438102796015,0.0
6300,0.19787076115608215,0.919281005859375,0.0,0.042908738703763966,0.004407218006131267,0.038078032095115545,0.23032517543984132,0.67701203892871,0.05474612045832117,0.4642450934845632,3.469438102796015,0.0
6325,0.1978248655796051,0.9193115234375,0.0,0.042766547585704896,0.004407218006131267,0.038078032095115545,0.23032517543984132,0.67701203892871,0.05474612045832117,0.4642450934845632,3.469438102796015,0.0
6350,0.19777929782867432,0.9192962646484375,0.0,0.042625274308416145,0.004407218006131267,0.038078032095115545,0.23032517543984132,0.67701203892871,0.05474612045832117,0.4642450934845632,3.469438102796015,0.0
6375,0.1977340131998062,0.91925048828125,0.0,0.04248482781431867,0.004407218006131267,0.038078032095115545,0.23032517543984132,0.67701203892871,0.05474612045832117,0.4642450934845632,3.469438102796015,0.0
6400,0.19768904149532318,0.9192657470703125,0.0,0.04234585235653714,0.004407218006131267,0.038078032095115545,0.23032517543984132,0.67701203892871,0.05474612045832117,0.4642450934845632,3.469438102796015,0.0
6425,0.19764435291290283,0.9192657470703125,0.0,0.04220812913241746,0.004407218006131267,0.038078032095115545,0.23032517543984132,0.67701203892871,0.05474612045832117,0.4642450934845632,3.469438102796015,0.0
6450,0.19759994745254517,0.9192962646484375,0.0,0.0420716667850365,0.004407218006131267,0.038078032095115545,0.23032517543984132,0.67701203892871,0.05474612045832117,0.4642450934845632,3.469438102796015,0.0
6475,0.19755584001541138,0.9192962646484375,0.0,0.04193604981495791,0.004407218006131267,0.038078032095115545,0.23032517543984132,0.67701203892871,0.05474612045832117,0.4642450934845632,3.469438102796015,0.0
6500,0.19751201570034027,0.9193115234375,0.0,0.041802446012735486,0.004407218006131267,0.038078032095115545,0.23032517543984132,0.67701203892871,0.05474612045832117,0.4642450934845632,3.469438102796015,0.0
6525,0.19746845960617065,0.9193572998046875,0.0,0.04166959409334807,0.004407218006131267,0.038078032095115545,0.23032517543984132,0.67701203892871,0.05474612045832117,0.4642450934845632,3.469438102796015,0.0
6550,0.19742520153522491,0.9193878173828125,0.0,0.041537946474209775,0.004407218006131267,0.038078032095115545,0.23032517543984132,0.67701203892871,0.05474612045832117,0.4642450934845632,3.469438102796015,0.0
6575,0.19738218188285828,0.91937255859375,0.0,0.04140709461092916,0.004407218006131267,0.038078032095115545,0.23032517543984132,0.67701203892871,0.05474612045832117,0.4642450934845632,3.469438102796015,0.0
6600,0.19733946025371552,0.9193878173828125,0.0,0.04127753752342337,0.004407218006131267,0.038078032095115545,0.23032517543984132,0.67701203892871,0.05474612045832117,0.4642450934845632,3.469438102796015,0.0
6625,0.19729699194431305,0.9193878173828125,0.0,0.04114896237197064,0.004407218006131267,0.038078032095115545,0.23032517543984132,0.67701203892871,0.05474612045832117,0.4642450934845632,3.469438102796015,0.0
6650,0.19725479185581207,0.9193878173828125,0.0,0.041021227325362064,0.004407218006131267,0.038078032095115545,0.23032517543984132,0.67701203892871,0.05474612045832117,0.4642450934845632,3.469438102796015,0.0
6675,0.1972128450870514,0.91943359375,0.0,0.040894930729086065,0.004407218006131267,0.038078032095115545,0.23032517543984132,0.67701203892871,0.05474612045832117,0.4642450934845632,3.469438102796015,0.0
6700,0.1971711665391922,0.9194183349609375,0.0,0.04076934878214165,0.004407218006131267,0.038078032095115545,0.23032517543984132,0.67701203892871,0.05474612045832117,0.4642450934845632,3.469438102796015,0.0
6725,0.1971297413110733,0.919464111328125,0.0,0.04064517434959701,0.004407218006131267,0.038078032095115545,0.23032517543984132,0.67701203892871,0.05474612045832117,0.4642450934845632,3.469438102796015,0.0
6750,0.1970885694026947,0.9195098876953125,0.0,0.0405221403999468,0.004407218006131267,0.038078032095115545,0.23032517543984132,0.67701203892871,0.05474612045832117,0.4642450934845632,3.469438102796015,0.0
6775,0.197047621011734,0.9194793701171875,0.0,0.040400145390113835,0.004407218006131267,0.038078032095115545,0.23032517543984132,0.67701203892871,0.05474612045832117,0.4642450934845632,3.469438102796015,0.0
6800,0.1970069408416748,0.9195098876953125,0.0,0.04027904024802366,0.004407218006131267,0.038078032095115545,0.23032517543984132,0.67701203892871,0.05474612045832117,0.4642450934845632,3.469438102796015,0.0
6825,0.1969664990901947,0.9195709228515625,0.0,0.040159030026642194,0.004407218006131267,0.038078032095115545,0.23032517543984132,0.67701203892871,0.05474612045832117,0.4642450934845632,3.469438102796015,0.0
6850,0.1969263106584549,0.919586181640625,0.0,0.04003995214753289,0.004407218006131267,0.038078032095115545,0.23032517543984132,0.67701203892871,0.05474612045832117,0.4642450934845632,3.469438102796015,0.0
6875,0.1968863308429718,0.919586181640625,0.0,0.03992196373195538,0.004407218006131267,0.038078032095115545,0.23032517543984132,0.67701203892871,0.05474612045832117,0.4642450934845632,3.469438102796015,0.0
6900,0.196846604347229,0.91961669921875,0.0,0.039805094492041546,0.004407218006131267,0.038078032095115545,0.23032517543984132,0.67701203892871,0.05474612045832117,0.4642450934845632,3.469438102796015,0.0
6925,0.1968071162700653,0.919586181640625,0.0,0.03968935770076781,0.004407218006131267,0.038078032095115545,0.23032517543984132,0.67701203892871,0.05474612045832117,0.4642450934845632,3.469438102796015,0.0
6950,0.19676783680915833,0.9196014404296875,0.0,0.039574169793626546,0.004407218006131267,0.038078032095115545,0.23032517543984132,0.67701203892871,0.05474612045832117,0.4642450934845632,3.469438102796015,0.0
6975,0.19672879576683044,0.9196014404296875,0.0,0.039460139078276744,0.004407218006131267,0.038078032095115545,0.23032517543984132,0.67701203892871,0.05474612045832117,0.4642450934845632,3.469438102796015,0.0
7000,0.19668997824192047,0.9196319580078125,0.0,0.039346701314757364,0.004407218006131267,0.038078032095115545,0.23032517543984132,0.67701203892871,0.05474612045832117,0.4642450934845632,3.469438102796015,0.0
7025,0.1966513842344284,0.9196624755859375,0.0,0.03923429678404214,0.004407218006131267,0.038078032095115545,0.23032517543984132,0.67701203892871,0.05474612045832117,0.4642450934845632,3.469438102796015,0.0
7050,0.19661301374435425,0.919677734375,0.0,0.03912312022395188,0.004407218006131267,0.038078032095115545,0.23032517543984132,0.67701203892871,0.05474612045832117,0.4642450934845632,3.469438102796015,0.0
7075,0.1965748518705368,0.9196929931640625,0.0,0.03901293124353541,0.004407218006131267,0.038078032095115545,0.23032517543984132,0.67701203892871,0.05474612045832117,0.4642450934845632,3.469438102796015,0.0
7100,0.19653689861297607,0.9196929931640625,0.0,0.03890331896551056,0.004407218006131267,0.038078032095115545,0.23032517543984132,0.67701203892871,0.05474612045832117,0.4642450934845632,3.469438102796015,0.0
7125,0.19649916887283325,0.9196929931640625,0.0,0.03879459288294018,0.004407218006131267,0.038078032095115545,0.23032517543984132,0.67701203892871,0.05474612045832117,0.4642450934845632,3.469438102796015,0.0
7150,0.19646164774894714,0.9196929931640625,0.0,0.038686218554242764,0.004407218006131267,0.038078032095115545,0.23032517543984132,0.67701203892871,0.05474612045832117,0.4642450934845632,3.469438102796015,0.0
7175,0.19642433524131775,0.9196929931640625,0.0,0.038579079353975795,0.004407218006131267,0.038078032095115545,0.23032517543984132,0.67701203892871,0.05474612045832117,0.4642450934845632,3.469438102796015,0.0
7200,0.19638723134994507,0.9197235107421875,0.0,0.03847290038769882,0.004407218006131267,0.038078032095115545,0.23032517543984132,0.67701203892871,0.05474612045832117,0.4642450934845632,3.469438102796015,0.0
7225,0.1963503360748291,0.919708251953125,0.0,0.03836777934073178,0.004407218006131267,0.038078032095115545,0.23032517543984132,0.67701203892871,0.05474612045832117,0.4642450934845632,3.469438102796015,0.0
7250,0.19631361961364746,0.9196929931640625,0.0,0.03826333847965111,0.004407218006131267,0.038078032095115545,0.23032517543984132,0.67701203892871,0.05474612045832117,0.4642450934845632,3.469438102796015,0.0
7275,0.19627711176872253,0.919708251953125,0.0,0.03816000802384008,0.004407218006131267,0.038078032095115545,0.23032517543984132,0.67701203892871,0.05474612045832117,0.4642450934845632,3.469438102796015,0.0
7300,0.19624081254005432,0.919708251953125,0.0,0.03805743865464638,0.004407218006131267,0.038078032095115545,0.23032517543984132,0.67701203892871,0.05474612045832117,0.4642450934845632,3.469438102796015,0.0
7325,0.19620470702648163,0.919708251953125,0.0,0.037955316398277046,0.004407218006131267,0.038078032095115545,0.23032517543984132,0.67701203892871,0.05474612045832117,0.4642450934845632,3.469438102796015,0.0
7350,0.19616876542568207,0.9197235107421875,0.0,0.03785456292324015,0.004407218006131267,0.038078032095115545,0.23032517543984132,0.67701203892871,0.05474612045832117,0.4642450934845632,3.469438102796015,0.0
7375,0.19613304734230042,0.91973876953125,0.0,0.03775387302707376,0.004407218006131267,0.038078032095115545,0.23032517543984132,0.67701203892871,0.05474612045832117,0.4642450934845632,3.469438102796015,0.0
7400,0.1960974931716919,0.9197845458984375,0.0,0.03765415555370734,0.004407218006131267,0.038078032095115545,0.23032517543984132,0.67701203892871,0.05474612045832117,0.4642450934845632,3.469438102796015,0.0
7425,0.1960621476173401,0.919769287109375,0.0,0.037555237908590736,0.004407218006131267,0.038078032095115545,0.23032517543984132,0.67701203892871,0.05474612045832117,0.4642450934845632,3.469438102796015,0.0
7450,0.1960269808769226,0.919769287109375,0.0,0.037456977441955815,0.004407218006131267,0.038078032095115545,0.23032517543984132,0.67701203892871,0.05474612045832117,0.4642450934845632,3.469438102796015,0.0
7475,0.19599199295043945,0.9198150634765625,0.0,0.037360125254667115,0.004407218006131267,0.038078032095115545,0.23032517543984132,0.67701203892871,0.05474612045832117,0.4642450934845632,3.469438102796015,0.0
7500,0.19595718383789062,0.9198150634765625,0.0,0.03726372206086489,0.004407218006131267,0.038078032095115545,0.23032517543984132,0.67701203892871,0.05474612045832117,0.4642450934845632,3.469438102796015,0.0
7525,0.19592255353927612,0.9197845458984375,0.0,0.037168279191028546,0.004407218006131267,0.038078032095115545,0.23032517543984132,0.67701203892871,0.05474612045832117,0.4642450934845632,3.469438102796015,0.0
7550,0.19588810205459595,0.919830322265625,0.0,0.03707377747177859,0.004407218006131267,0.038078032095115545,0.23032517543984132,0.67701203892871,0.05474612045832117,0.4642450934845632,3.469438102796015,0.0
7575,0.1958538293838501,0.9198455810546875,0.0,0.03698004362132503,0.004407218006131267,0.038078032095115545,0.23032517543984132,0.67701203892871,0.05474612045832117,0.4642450934845632,3.469438102796015,0.0
7600,0.19581973552703857,0.91986083984375,0.0,0.03688659063835886,0.004407218006131267,0.038078032095115545,0.23032517543984132,0.67701203892871,0.05474612045832117,0.4642450934845632,3.469438102796015,0.0
7625,0.195785790681839,0.9198760986328125,0.0,0.03679327564975463,0.004407218006131267,0.038078032095115545,0.23032517543984132,0.67701203892871,0.05474612045832117,0.4642450934845632,3.469438102796015,0.0
7650,0.19575202465057373,0.9199066162109375,0.0,0.036701759806278225,0.004407218006131267,0.038078032095115545,0.23032517543984132,0.67701203892871,0.05474612045832117,0.4642450934845632,3.469438102796015,0.0
7675,0.1957184374332428,0.919921875,0.0,0.03661071826937213,0.004407218006131267,0.038078032095115545,0.23032517543984132,0.67701203892871,0.05474612045832117,0.4642450934845632,3.469438102796015,0.0
7700,0.195685014128685,0.9199676513671875,0.0,0.03652030215404323,0.004407218006131267,0.038078032095115545,0.23032517543984132,0.67701203892871,0.05474612045832117,0.4642450934845632,3.469438102796015,0.0
7725,0.19565175473690033,0.9200286865234375,0.0,0.03643054880771446,0.004407218006131267,0.038078032095115545,0.23032517543984132,0.67701203892871,0.05474612045832117,0.4642450934845632,3.469438102796015,0.0
7750,0.1956186592578888,0.9200286865234375,0.0,0.03634104217705066,0.004407218006131267,0.038078032095115545,0.23032517543984132,0.67701203892871,0.05474612045832117,0.4642450934845632,3.469438102796015,0.0
7775,0.195585697889328,0.9200286865234375,0.0,0.036252502105424446,0.004407218006131267,0.038078032095115545,0.23032517543984132,0.67701203892871,0.05474612045832117,0.4642450934845632,3.469438102796015,0.0
7800,0.19555294513702393,0.9200286865234375,0.0,0.03616512961321524,0.004407218006131267,0.038078032095115545,0.23032517543984132,0.67701203892871,0.05474612045832117,0.4642450934845632,3.469438102796015,0.0
7825,0.1955203115940094,0.9200439453125,0.0,0.03607738256507195,0.004407218006131267,0.038078032095115545,0.23032517543984132,0.67701203892871,0.05474612045832117,0.4642450934845632,3.469438102796015,0.0
7850,0.1954878568649292,0.920135498046875,0.0,0.03599126627488976,0.004407218006131267,0.038078032095115545,0.23032517543984132,0.67701203892871,0.05474612045832117,0.4642450934845632,3.469438102796015,0.0
7875,0.19545553624629974,0.920135498046875,0.0,0.03590491277626027,0.004407218006131267,0.038078032095115545,0.23032517543984132,0.67701203892871,0.05474612045832117,0.4642450934845632,3.469438102796015,0.0
7900,0.19542337954044342,0.920135498046875,0.0,0.0358192357032692,0.004407218006131267,0.038078032095115545,0.23032517543984132,0.67701203892871,0.05474612045832117,0.4642450934845632,3.469438102796015,0.0
7925,0.19539138674736023,0.920166015625,0.0,0.03573419755533238,0.004407218006131267,0.038078032095115545,0.23032517543984132,0.67701203892871,0.05474612045832117,0.4642450934845632,3.469438102796015,0.0
7950,0.19535952806472778,0.920135498046875,0.0,0.035650656955767204,0.004407218006131267,0.038078032095115545,0.23032517543984132,0.67701203892871,0.05474612045832117,0.4642450934845632,3.469438102796015,0.0
7975,0.19532781839370728,0.920135498046875,0.0,0.035567448540299126,0.004407218006131267,0.038078032095115545,0.23032517543984132,0.67701203892871,0.05474612045832117,0.4642450934845632,3.469438102796015,0.0
8000,0.1952962726354599,0.9201507568359375,0.0,0.03548518219753874,0.004407218006131267,0.038078032095115545,0.23032517543984132,0.67701203892871,0.05474612045832117,0.4642450934845632,3.469438102796015,0.0
8025,0.19526486098766327,0.920196533203125,0.0,0.0354025539782439,0.004407218006131267,0.038078032095115545,0.23032517543984132,0.67701203892871,0.05474612045832117,0.4642450934845632,3.469438102796015,0.0
8050,0.19523359835147858,0.920196533203125,0.0,0.035321359642180444,0.004407218006131267,0.038078032095115545,0.23032517543984132,0.67701203892871,0.05474612045832117,0.4642450934845632,3.469438102796015,0.0
8075,0.19520248472690582,0.9201812744140625,0.0,0.03524067646290969,0.004407218006131267,0.038078032095115545,0.23032517543984132,0.67701203892871,0.05474612045832117,0.4642450934845632,3.469438102796015,0.0
8100,0.1951715052127838,0.920166015625,0.0,0.03516058761090343,0.004407218006131267,0.038078032095115545,0.23032517543984132,0.67701203892871,0.05474612045832117,0.4642450934845632,3.469438102796015,0.0
8125,0.19514065980911255,0.920166015625,0.0,0.035081459339461114,0.004407218006131267,0.038078032095115545,0.23032517543984132,0.67701203892871,0.05474612045832117,0.4642450934845632,3.469438102796015,0.0
8150,0.19510996341705322,0.920196533203125,0.0,0.03500202570951573,0.004407218006131267,0.038078032095115545,0.23032517543984132,0.67701203892871,0.05474612045832117,0.4642450934845632,3.469438102796015,0.0
8175,0.19507940113544464,0.92022705078125,0.0,0.03492340781417684,0.004407218006131267,0.038078032095115545,0.23032517543984132,0.67701203892871,0.05474612045832117,0.4642450934845632,3.469438102796015,0.0
8200,0.195048987865448,0.92022705078125,0.0,0.03484558731917771,0.004407218006131267,0.038078032095115545,0.23032517543984132,0.67701203892871,0.05474612045832117,0.4642450934845632,3.469438102796015,0.0
8225,0.1950186938047409,0.9202117919921875,0.0,0.03476829538656942,0.004407218006131267,0.038078032095115545,0.23032517543984132,0.67701203892871,0.05474612045832117,0.4642450934845632,3.469438102796015,0.0
8250,0.19498853385448456,0.9202880859375,0.0,0.03469210257597087,0.004407218006131267,0.038078032095115545,0.23032517543984132,0.67701203892871,0.05474612045832117,0.4642450934845632,3.469438102796015,0.0
8275,0.19495850801467896,0.920318603515625,0.0,0.03461637022020954,0.004407218006131267,0.038078032095115545,0.23032517543984132,0.67701203892871,0.05474612045832117,0.4642450934845632,3.469438102796015,0.0
8300,0.1949286162853241,0.920318603515625,0.0,0.03454118897401851,0.004407218006131267,0.038078032095115545,0.23032517543984132,0.67701203892871,0.05474612045832117,0.4642450934845632,3.469438102796015,0.0
8325,0.19489885866641998,0.9203033447265625,0.0,0.034466348967578546,0.004407218006131267,0.038078032095115545,0.23032517543984132,0.67701203892871,0.05474612045832117,0.4642450934845632,3.469438102796015,0.0
8350,0.19486920535564423,0.920318603515625,0.0,0.03439183910590535,0.004407218006131267,0.038078032095115545,0.23032517543984132,0.67701203892871,0.05474612045832117,0.4642450934845632,3.469438102796015,0.0
8375,0.1948397159576416,0.92034912109375,0.0,0.034318039386617274,0.004407218006131267,0.038078032095115545,0.23032517543984132,0.67701203892871,0.05474612045832117,0.4642450934845632,3.469438102796015,0.0
8400,0.19481033086776733,0.9203948974609375,0.0,0.03424472513303142,0.004407218006131267,0.038078032095115545,0.23032517543984132,0.67701203892871,0.05474612045832117,0.4642450934845632,3.469438102796015,0.0
8425,0.19478106498718262,0.9203948974609375,0.0,0.034171694589294754,0.004407218006131267,0.038078032095115545,0.23032517543984132,0.67701203892871,0.05474612045832117,0.4642450934845632,3.469438102796015,0.0
8450,0.19475193321704865,0.920379638671875,0.0,0.03409934012528931,0.004407218006131267,0.038078032095115545,0.23032517543984132,0.67701203892871,0.05474612045832117,0.4642450934845632,3.469438102796015,0.0
8475,0.19472293555736542,0.9203948974609375,0.0,0.03402782927775404,0.004407218006131267,0.038078032095115545,0.23032517543984132,0.67701203892871,0.05474612045832117,0.4642450934845632,3.469438102796015,0.0
8500,0.19469404220581055,0.9203948974609375,0.0,0.033957094807029145,0.004407218006131267,0.038078032095115545,0.23032517543984132,0.67701203892871,0.05474612045832117,0.4642450934845632,3.469438102796015,0.0
8525,0.19466526806354523,0.9204254150390625,0.0,0.03388654350114126,0.004407218006131267,0.038078032095115545,0.23032517543984132,0.67701203892871,0.05474612045832117,0.4642450934845632,3.469438102796015,0.0
8550,0.19463661313056946,0.92047119140625,0.0,0.03381597983710994,0.004407218006131267,0.038078032095115545,0.23032517543984132,0.67701203892871,0.05474612045832117,0.4642450934845632,3.469438102796015,0.0
8575,0.19460809230804443,0.920501708984375,0.0,0.03374655729088489,0.004407218006131267,0.038078032095115545,0.23032517543984132,0.67701203892871,0.05474612045832117,0.4642450934845632,3.469438102796015,0.0
8600,0.19457969069480896,0.9204559326171875,0.0,0.03367741313927178,0.004407218006131267,0.038078032095115545,0.23032517543984132,0.67701203892871,0.05474612045832117,0.4642450934845632,3.469438102796015,0.0
8625,0.19455137848854065,0.92047119140625,0.0,0.033608986972178276,0.004407218006131267,0.038078032095115545,0.23032517543984132,0.67701203892871,0.05474612045832117,0.4642450934845632,3.469438102796015,0.0
8650,0.19452320039272308,0.9205169677734375,0.0,0.03354101779855833,0.004407218006131267,0.038078032095115545,0.23032517543984132,0.67701203892871,0.05474612045832117,0.4642450934845632,3.469438102796015,0.0
8675,0.19449511170387268,0.9205169677734375,0.0,0.03347365741964917,0.004407218006131267,0.038078032095115545,0.23032517543984132,0.67701203892871,0.05474612045832117,0.4642450934845632,3.469438102796015,0.0
8700,0.19446717202663422,0.9205474853515625,0.0,0.03340633395221323,0.004407218006131267,0.038078032095115545,0.23032517543984132,0.67701203892871,0.05474612045832117,0.4642450934845632,3.469438102796015,0.0
8725,0.19443932175636292,0.9205474853515625,0.0,0.033339361815916714,0.004407218006131267,0.038078032095115545,0.23032517543984132,0.67701203892871,0.05474612045832117,0.4642450934845632,3.469438102796015,0.0
8750,0.19441159069538116,0.9205474853515625,0.0,0.033273366596716585,0.004407218006131267,0.038078032095115545,0.23032517543984132,0.67701203892871,0.05474612045832117,0.4642450934845632,3.469438102796015,0.0
8775,0.19438397884368896,0.920562744140625,0.0,0.03320749855405748,0.004407218006131267,0.038078032095115545,0.23032517543984132,0.67701203892871,0.05474612045832117,0.4642450934845632,3.469438102796015,0.0
8800,0.19435645639896393,0.92059326171875,0.0,0.033142460987716095,0.004407218006131267,0.038078032095115545,0.23032517543984132,0.67701203892871,0.05474612045832117,0.4642450934845632,3.469438102796015,0.0
8825,0.19432905316352844,0.9205780029296875,0.0,0.03307786085613405,0.004407218006131267,0.038078032095115545,0.23032517543984132,0.67701203892871,0.05474612045832117,0.4642450934845632,3.469438102796015,0.0
8850,0.19430173933506012,0.9205474853515625,0.0,0.03301405112639435,0.004407218006131267,0.038078032095115545,0.23032517543984132,0.67701203892871,0.05474612045832117,0.4642450934845632,3.469438102796015,0.0
8875,0.19427454471588135,0.9205474853515625,0.0,0.03295013666743742,0.004407218006131267,0.038078032095115545,0.23032517543984132,0.67701203892871,0.05474612045832117,0.4642450934845632,3.469438102796015,0.0
8900,0.19424745440483093,0.9205780029296875,0.0,0.03288677697500741,0.004407218006131267,0.038078032095115545,0.23032517543984132,0.67701203892871,0.05474612045832117,0.4642450934845632,3.469438102796015,0.0
8925,0.19422045350074768,0.9205474853515625,0.0,0.03282367548783127,0.004407218006131267,0.038078032095115545,0.23032517543984132,0.67701203892871,0.05474612045832117,0.4642450934845632,3.469438102796015,0.0
8950,0.19419357180595398,0.9205474853515625,0.0,0.03276162833286786,0.004407218006131267,0.038078032095115545,0.23032517543984132,0.67701203892871,0.05474612045832117,0.4642450934845632,3.469438102796015,0.0
8975,0.19416680932044983,0.9205322265625,0.0,0.03270012342255492,0.004407218006131267,0.038078032095115545,0.23032517543984132,0.67701203892871,0.05474612045832117,0.4642450934845632,3.469438102796015,0.0
9000,0.19414012134075165,0.9205322265625,0.0,0.032638505368433525,0.004407218006131267,0.038078032095115545,0.23032517543984132,0.67701203892871,0.05474612045832117,0.4642450934845632,3.469438102796015,0.0
9025,0.19411352276802063,0.9205322265625,0.0,0.03257762325423104,0.004407218006131267,0.038078032095115545,0.23032517543984132,0.67701203892871,0.05474612045832117,0.4642450934845632,3.469438102796015,0.0
9050,0.19408704340457916,0.9205474853515625,0.0,0.0325169635971153,0.004407218006131267,0.038078032095115545,0.23032517543984132,0.67701203892871,0.05474612045832117,0.4642450934845632,3.469438102796015,0.0
9075,0.19406066834926605,0.920562744140625,0.0,0.03245659659969753,0.004407218006131267,0.038078032095115545,0.23032517543984132,0.67701203892871,0.05474612045832117,0.4642450934845632,3.469438102796015,0.0
9100,0.1940343677997589,0.920562744140625,0.0,0.032396575637915405,0.004407218006131267,0.038078032095115545,0.23032517543984132,0.67701203892871,0.05474612045832117,0.4642450934845632,3.469438102796015,0.0
9125,0.19400818645954132,0.9205474853515625,0.0,0.03233761419511352,0.004407218006131267,0.038078032095115545,0.23032517543984132,0.67701203892871,0.05474612045832117,0.4642450934845632,3.469438102796015,0.0
9150,0.1939820945262909,0.9205322265625,0.0,0.032278465804683125,0.004407218006131267,0.038078032095115545,0.23032517543984132,0.67701203892871,0.05474612045832117,0.4642450934845632,3.469438102796015,0.0
9175,0.19395607709884644,0.9205169677734375,0.0,0.03221939047221397,0.004407218006131267,0.038078032095115545,0.23032517543984132,0.67701203892871,0.05474612045832117,0.4642450934845632,3.469438102796015,0.0
9200,0.19393017888069153,0.920562744140625,0.0,0.03216103213423967,0.004407218006131267,0.038078032095115545,0.23032517543984132,0.67701203892871,0.05474612045832117,0.4642450934845632,3.469438102796015,0.0
9225,0.19390437006950378,0.920562744140625,0.0,0.032103181192138654,0.004407218006131267,0.038078032095115545,0.23032517543984132,0.67701203892871,0.05474612045832117,0.4642450934845632,3.469438102796015,0.0
9250,0.1938786506652832,0.92059326171875,0.0,0.03204558733697938,0.004407218006131267,0.038078032095115545,0.23032517543984132,0.67701203892871,0.05474612045832117,0.4642450934845632,3.469438102796015,0.0
9275,0.19385302066802979,0.92059326171875,0.0,0.03198874272294524,0.004407218006131267,0.038078032095115545,0.23032517543984132,0.67701203892871,0.05474612045832117,0.4642450934845632,3.469438102796015,0.0
9300,0.19382746517658234,0.92059326171875,0.0,0.03193230428443819,0.004407218006131267,0.038078032095115545,0.23032517543984132,0.67701203892871,0.05474612045832117,0.4642450934845632,3.469438102796015,0.0
9325,0.19380202889442444,0.9206085205078125,0.0,0.031876514768028295,0.004407218006131267,0.038078032095115545,0.23032517543984132,0.67701203892871,0.05474612045832117,0.4642450934845632,3.469438102796015,0.0
9350,0.1937766820192337,0.9206390380859375,0.0,0.03182066821555303,0.004407218006131267,0.038078032095115545,0.23032517543984132,0.67701203892871,0.05474612045832117,0.4642450934845632,3.469438102796015,0.0
9375,0.19375140964984894,0.92059326171875,0.0,0.03176504046342523,0.004407218006131267,0.038078032095115545,0.23032517543984132,0.67701203892871,0.05474612045832117,0.4642450934845632,3.469438102796015,0.0
9400,0.19372622668743134,0.9206085205078125,0.0,0.03170992659305552,0.004407218006131267,0.038078032095115545,0.23032517543984132,0.67701203892871,0.05474612045832117,0.4642450934845632,3.469438102796015,0.0
9425,0.1937011331319809,0.920623779296875,0.0,0.03165521875053155,0.004407218006131267,0.038078032095115545,0.23032517543984132,0.67701203892871,0.05474612045832117,0.4642450934845632,3.469438102796015,0.0
9450,0.19367611408233643,0.92059326171875,0.0,0.031601447056861534,0.004407218006131267,0.038078032095115545,0.23032517543984132,0.67701203892871,0.05474612045832117,0.4642450934845632,3.469438102796015,0.0
9475,0.1936511993408203,0.9206085205078125,0.0,0.03154757226309898,0.004407218006131267,0.038078032095115545,0.23032517543984132,0.67701203892871,0.05474612045832117,0.4642450934845632,3.469438102796015,0.0
9500,0.19362634420394897,0.920623779296875,0.0,0.031494050916775373,0.004407218006131267,0.038078032095115545,0.23032517543984132,0.67701203892871,0.05474612045832117,0.4642450934845632,3.469438102796015,0.0
9525,0.1936016082763672,0.920654296875,0.0,0.031440912643437936,0.004407218006131267,0.038078032095115545,0.23032517543984132,0.67701203892871,0.05474612045832117,0.4642450934845632,3.469438102796015,0.0
9550,0.19357691705226898,0.920654296875,0.0,0.03138803104511835,0.004407218006131267,0.038078032095115545,0.23032517543984132,0.67701203892871,0.05474612045832117,0.4642450934845632,3.469438102796015,0.0
9575,0.19355234503746033,0.920654296875,0.0,0.03133545101051318,0.004407218006131267,0.038078032095115545,0.23032517543984132,0.67701203892871,0.05474612045832117,0.4642450934845632,3.469438102796015,0.0
9600,0.19352783262729645,0.920684814453125,0.0,0.031283662108210965,0.004407218006131267,0.038078032095115545,0.23032517543984132,0.67701203892871,0.05474612045832117,0.4642450934845632,3.469438102796015,0.0
9625,0.19350339472293854,0.9207000732421875,0.0,0.031231996324142298,0.004407218006131267,0.038078032095115545,0.23032517543984132,0.67701203892871,0.05474612045832117,0.4642450934845632,3.469438102796015,0.0
9650,0.19347906112670898,0.920684814453125,0.0,0.031180627685455677,0.004407218006131267,0.038078032095115545,0.23032517543984132,0.67701203892871,0.05474612045832117,0.4642450934845632,3.469438102796015,0.0
9675,0.1934548020362854,0.9207305908203125,0.0,0.03112949881202083,0.004407218006131267,0.038078032095115545,0.23032517543984132,0.67701203892871,0.05474612045832117,0.4642450934845632,3.469438102796015,0.0
9700,0.1934306025505066,0.9207305908203125,0.0,0.031079103086272715,0.004407218006131267,0.038078032095115545,0.23032517543984132,0.67701203892871,0.05474612045832117,0.4642450934845632,3.469438102796015,0.0
9725,0.19340649247169495,0.920745849609375,0.0,0.031028846878298072,0.004407218006131267,0.038078032095115545,0.23032517543984132,0.67701203892871,0.05474612045832117,0.4642450934845632,3.469438102796015,0.0
9750,0.19338245689868927,0.9207763671875,0.0,0.030979195644828903,0.004407218006131267,0.038078032095115545,0.23032517543984132,0.67701203892871,0.05474612045832117,0.4642450934845632,3.469438102796015,0.0
9775,0.19335851073265076,0.9207763671875,0.0,0.03092971579338948,0.004407218006131267,0.038078032095115545,0.23032517543984132,0.67701203892871,0.05474612045832117,0.4642450934845632,3.469438102796015,0.0
9800,0.1933346390724182,0.9207611083984375,0.0,0.030880353034009142,0.004407218006131267,0.038078032095115545,0.23032517543984132,0.67701203892871,0.05474612045832117,0.4642450934845632,3.469438102796015,0.0
9825,0.19331082701683044,0.9207611083984375,0.0,0.030831533926414575,0.004407218006131267,0.038078032095115545,0.23032517543984132,0.67701203892871,0.05474612045832117,0.4642450934845632,3.469438102796015,0.0
9850,0.19328708946704865,0.9207763671875,0.0,0.030782777836030947,0.004407218006131267,0.038078032095115545,0.23032517543984132,0.67701203892871,0.05474612045832117,0.4642450934845632,3.469438102796015,0.0
9875,0.193263441324234,0.9207763671875,0.0,0.030734309384566564,0.004407218006131267,0.038078032095115545,0.23032517543984132,0.67701203892871,0.05474612045832117,0.4642450934845632,3.469438102796015,0.0
9900,0.19323985278606415,0.9207611083984375,0.0,0.03068621445058197,0.004407218006131267,0.038078032095115545,0.23032517543984132,0.67701203892871,0.05474612045832117,0.4642450934845632,3.469438102796015,0.0
9925,0.19321635365486145,0.9207305908203125,0.0,0.030638457025937784,0.004407218006131267,0.038078032095115545,0.23032517543984132,0.67701203892871,0.05474612045832117,0.4642450934845632,3.469438102796015,0.0
9950,0.19319292902946472,0.92071533203125,0.0,0.030591085728777837,0.004407218006131267,0.038078032095115545,0.23032517543984132,0.67701203892871,0.05474612045832117,0.4642450934845632,3.469438102796015,0.0
9975,0.19316956400871277,0.920684814453125,0.0,0.030543963377995045,0.004407218006131267,0.038078032095115545,0.23032517543984132,0.67701203892871,0.05474612045832117,0.4642450934845632,3.469438102796015,0.0
10000,0.19314628839492798,0.920684814453125,0.0,0.03049731300187824,0.004407218006131267,0.038078032095115545,0.23032517543984132,0.67701203892871,0.05474612045832117,0.4642450934845632,3.469438102796015,0.0
10025,0.19312305748462677,0.9207305908203125,0.0,0.03045040458370054,0.004407218006131267,0.038078032095115545,0.23032517543984132,0.67701203892871,0.05474612045832117,0.4642450934845632,3.469438102796015,0.0
10050,0.19309991598129272,0.92071533203125,0.0,0.03040438242947438,0.004407218006131267,0.038078032095115545,0.23032517543984132,0.67701203892871,0.05474612045832117,0.4642450934845632,3.469438102796015,0.0
10075,0.19307683408260345,0.9207305908203125,0.0,0.03035873442638252,0.004407218006131267,0.038078032095115545,0.23032517543984132,0.67701203892871,0.05474612045832117,0.4642450934845632,3.469438102796015,0.0
10100,0.19305382668972015,0.92071533203125,0.0,0.030312994142739677,0.004407218006131267,0.038078032095115545,0.23032517543984132,0.67701203892871,0.05474612045832117,0.4642450934845632,3.469438102796015,0.0
10125,0.19303089380264282,0.9207000732421875,0.0,0.03026764696751379,0.004407218006131267,0.038078032095115545,0.23032517543984132,0.67701203892871,0.05474612045832117,0.4642450934845632,3.469438102796015,0.0
10150,0.19300803542137146,0.9207916259765625,0.0,0.030222656641307688,0.004407218006131267,0.038078032095115545,0.23032517543984132,0.67701203892871,0.05474612045832117,0.4642450934845632,3.469438102796015,0.0
10175,0.19298523664474487,0.9207611083984375,0.0,0.030178448898945734,0.004407218006131267,0.038078032095115545,0.23032517543984132,0.67701203892871,0.05474612045832117,0.4642450934845632,3.469438102796015,0.0
10200,0.19296249747276306,0.920745849609375,0.0,0.03013438919794307,0.004407218006131267,0.038078032095115545,0.23032517543984132,0.67701203892871,0.05474612045832117,0.4642450934845632,3.469438102796015,0.0
10225,0.19293981790542603,0.9207916259765625,0.0,0.030089422501336463,0.004407218006131267,0.038078032095115545,0.23032517543984132,0.67701203892871,0.05474612045832117,0.4642450934845632,3.469438102796015,0.0
10250,0.19291722774505615,0.9207916259765625,0.0,0.030045763412621922,0.004407218006131267,0.038078032095115545,0.23032517543984132,0.67701203892871,0.05474612045832117,0.4642450934845632,3.469438102796015,0.0
10275,0.19289468228816986,0.92083740234375,0.0,0.03000222255341995,0.004407218006131267,0.038078032095115545,0.23032517543984132,0.67701203892871,0.05474612045832117,0.4642450934845632,3.469438102796015,0.0
10300,0.19287221133708954,0.920867919921875,0.0,0.02995885261438863,0.004407218006131267,0.038078032095115545,0.23032517543984132,0.67701203892871,0.05474612045832117,0.4642450934845632,3.469438102796015,0.0
10325,0.1928497850894928,0.9208831787109375,0.0,0.02991582064733586,0.004407218006131267,0.038078032095115545,0.23032517543984132,0.67701203892871,0.05474612045832117,0.4642450934845632,3.469438102796015,0.0
10350,0.19282746315002441,0.9208831787109375,0.0,0.029873249245767546,0.004407218006131267,0.038078032095115545,0.23032517543984132,0.67701203892871,0.05474612045832117,0.4642450934845632,3.469438102796015,0.0
10375,0.19280517101287842,0.9208831787109375,0.0,0.02983087027568457,0.004407218006131267,0.038078032095115545,0.23032517543984132,0.67701203892871,0.05474612045832117,0.4642450934845632,3.469438102796015,0.0
10400,0.19278296828269958,0.9209136962890625,0.0,0.029788299200975168,0.004407218006131267,0.038078032095115545,0.23032517543984132,0.67701203892871,0.05474612045832117,0.4642450934845632,3.469438102796015,0.0
10425,0.19276081025600433,0.920928955078125,0.0,0.029746535931274607,0.004407218006131267,0.038078032095115545,0.23032517543984132,0.67701203892871,0.05474612045832117,0.4642450934845632,3.469438102796015,0.0
10450,0.19273871183395386,0.920928955078125,0.0,0.029704818487851573,0.004407218006131267,0.038078032095115545,0.23032517543984132,0.67701203892871,0.05474612045832117,0.4642450934845632,3.469438102796015,0.0
10475,0.19271668791770935,0.920928955078125,0.0,0.02966302929958887,0.004407218006131267,0.038078032095115545,0.23032517543984132,0.67701203892871,0.05474612045832117,0.4642450934845632,3.469438102796015,0.0
10500,0.19269472360610962,0.9209442138671875,0.0,0.029621959981687415,0.004407218006131267,0.038078032095115545,0.23032517543984132,0.67701203892871,0.05474612045832117,0.4642450934845632,3.469438102796015,0.0
10525,0.19267281889915466,0.9209136962890625,0.0,0.029580993133931865,0.004407218006131267,0.038078032095115545,0.23032517543984132,0.67701203892871,0.05474612045832117,0.4642450934845632,3.469438102796015,0.0
10550,0.19265097379684448,0.9209136962890625,0.0,0.02953991581106977,0.004407218006131267,0.038078032095115545,0.23032517543984132,0.67701203892871,0.05474612045832117,0.4642450934845632,3.469438102796015,0.0
10575,0.19262918829917908,0.9209442138671875,0.0,0.029500105540879656,0.004407218006131267,0.038078032095115545,0.23032517543984132,0.67701203892871,0.05474612045832117,0.4642450934845632,3.469438102796015,0.0
10600,0.19260746240615845,0.9209747314453125,0.0,0.029460295375487566,0.004407218006131267,0.038078032095115545,0.23032517543984132,0.67701203892871,0.05474612045832117,0.4642450934845632,3.469438102796015,0.0
10625,0.1925857812166214,0.920989990234375,0.0,0.029420909236806608,0.004407218006131267,0.038078032095115545,0.23032517543984132,0.67701203892871,0.05474612045832117,0.4642450934845632,3.469438102796015,0.0
10650,0.19256417453289032,0.920989990234375,0.0,0.02938117713518753,0.004407218006131267,0.038078032095115545,0.23032517543984132,0.67701203892871,0.05474612045832117,0.4642450934845632,3.469438102796015,0.0
10675,0.19254261255264282,0.9210052490234375,0.0,0.029341980695608266,0.004407218006131267,0.038078032095115545,0.23032517543984132,0.67701203892871,0.05474612045832117,0.4642450934845632,3.469438102796015,0.0
10700,0.1925211250782013,0.9210205078125,0.0,0.029303227235487297,0.004407218006131267,0.038078032095115545,0.23032517543984132,0.67701203892871,0.05474612045832117,0.4642450934845632,3.469438102796015,0.0
10725,0.19249968230724335,0.9210205078125,0.0,0.029264902134439698,0.004407218006131267,0.038078032095115545,0.23032517543984132,0.67701203892871,0.05474612045832117,0.4642450934845632,3.469438102796015,0.0
10750,0.19247829914093018,0.9210205078125,0.0,0.029226741266601294,0.004407218006131267,0.038078032095115545,0.23032517543984132,0.67701203892871,0.05474612045832117,0.4642450934845632,3.469438102796015,0.0
10775,0.19245696067810059,0.9210205078125,0.0,0.029188611837932112,0.004407218006131267,0.038078032095115545,0.23032517543984132,0.67701203892871,0.05474612045832117,0.4642450934845632,3.469438102796015,0.0
10800,0.19243569672107697,0.9210357666015625,0.0,0.029150255315000723,0.004407218006131267,0.038078032095115545,0.23032517543984132,0.67701203892871,0.05474612045832117,0.4642450934845632,3.469438102796015,0.0
10825,0.19241447746753693,0.9210205078125,0.0,0.029112358753321164,0.004407218006131267,0.038078032095115545,0.23032517543984132,0.67701203892871,0.05474612045832117,0.4642450934845632,3.469438102796015,0.0
10850,0.19239331781864166,0.9210205078125,0.0,0.029074826813661622,0.004407218006131267,0.038078032095115545,0.23032517543984132,0.67701203892871,0.05474612045832117,0.4642450934845632,3.469438102796015,0.0
10875,0.19237220287322998,0.9210357666015625,0.0,0.02903727285187876,0.004407218006131267,0.038078032095115545,0.23032517543984132,0.67701203892871,0.05474612045832117,0.4642450934845632,3.469438102796015,0.0
10900,0.19235116243362427,0.921051025390625,0.0,0.02900028149815575,0.004407218006131267,0.038078032095115545,0.23032517543984132,0.67701203892871,0.05474612045832117,0.4642450934845632,3.469438102796015,0.0
10925,0.19233015179634094,0.9210662841796875,0.0,0.02896342187949657,0.004407218006131267,0.038078032095115545,0.23032517543984132,0.67701203892871,0.05474612045832117,0.4642450934845632,3.469438102796015,0.0
10950,0.1923092156648636,0.9210357666015625,0.0,0.028927512140457787,0.004407218006131267,0.038078032095115545,0.23032517543984132,0.67701203892871,0.05474612045832117,0.4642450934845632,3.469438102796015,0.0
10975,0.19228830933570862,0.921051025390625,0.0,0.02889096623006092,0.004407218006131267,0.038078032095115545,0.23032517543984132,0.67701203892871,0.05474612045832117,0.4642450934845632,3.469438102796015,0.0
11000,0.19226747751235962,0.9210662841796875,0.0,0.028855354076223916,0.004407218006131267,0.038078032095115545,0.23032517543984132,0.67701203892871,0.05474612045832117,0.4642450934845632,3.469438102796015,0.0
11025,0.192246675491333,0.9210662841796875,0.0,0.028819287433488994,0.004407218006131267,0.038078032095115545,0.23032517543984132,0.67701203892871,0.05474612045832117,0.4642450934845632,3.469438102796015,0.0
11050,0.19222594797611237,0.9210662841796875,0.0,0.028783618931367074,0.004407218006131267,0.038078032095115545,0.23032517543984132,0.67701203892871,0.05474612045832117,0.4642450934845632,3.469438102796015,0.0
11075,0.1922052502632141,0.9210662841796875,0.0,0.028748636062779692,0.004407218006131267,0.038078032095115545,0.23032517543984132,0.67701203892871,0.05474612045832117,0.4642450934845632,3.469438102796015,0.0
11100,0.19218462705612183,0.92108154296875,0.0,0.028713521111991394,0.004407218006131267,0.038078032095115545,0.23032517543984132,0.67701203892871,0.05474612045832117,0.4642450934845632,3.469438102796015,0.0
11125,0.19216401875019073,0.9210662841796875,0.0,0.02867918480677741,0.004407218006131267,0.038078032095115545,0.23032517543984132,0.67701203892871,0.05474612045832117,0.4642450934845632,3.469438102796015,0.0
11150,0.1921434849500656,0.9210662841796875,0.0,0.02864333426377654,0.004407218006131267,0.038078032095115545,0.23032517543984132,0.67701203892871,0.05474612045832117,0.4642450934845632,3.469438102796015,0.0
11175,0.19212301075458527,0.9210662841796875,0.0,0.028609086834505793,0.004407218006131267,0.038078032095115545,0.23032517543984132,0.67701203892871,0.05474612045832117,0.4642450934845632,3.469438102796015,0.0
11200,0.1921025663614273,0.921051025390625,0.0,0.028574374715263882,0.004407218006131267,0.038078032095115545,0.23032517543984132,0.67701203892871,0.05474612045832117,0.4642450934845632,3.469438102796015,0.0
11225,0.19208218157291412,0.9210357666015625,0.0,0.02854072959160058,0.004407218006131267,0.038078032095115545,0.23032517543984132,0.67701203892871,0.05474612045832117,0.4642450934845632,3.469438102796015,0.0
11250,0.19206184148788452,0.9210662841796875,0.0,0.028507447907184867,0.004407218006131267,0.038078032095115545,0.23032517543984132,0.67701203892871,0.05474612045832117,0.4642450934845632,3.469438102796015,0.0
11275,0.1920415461063385,0.9210662841796875,0.0,0.028473844714167577,0.004407218006131267,0.038078032095115545,0.23032517543984132,0.67701203892871,0.05474612045832117,0.4642450934845632,3.469438102796015,0.0
11300,0.19202131032943726,0.921051025390625,0.0,0.028440509239412645,0.004407218006131267,0.038078032095115545,0.23032517543984132,0.67701203892871,0.05474612045832117,0.4642450934845632,3.469438102796015,0.0
11325,0.1920011043548584,0.921051025390625,0.0,0.028407599077678165,0.004407218006131267,0.038078032095115545,0.23032517543984132,0.67701203892871,0.05474612045832117,0.4642450934845632,3.469438102796015,0.0
11350,0.19198094308376312,0.9210662841796875,0.0,0.028374826605583534,0.004407218006131267,0.038078032095115545,0.23032517543984132,0.67701203892871,0.05474612045832117,0.4642450934845632,3.469438102796015,0.0
11375,0.19196084141731262,0.92108154296875,0.0,0.02834191437424449,0.004407218006131267,0.038078032095115545,0.23032517543984132,0.67701203892871,0.05474612045832117,0.4642450934845632,3.469438102796015,0.0
11400,0.1919407844543457,0.92108154296875,0.0,0.028309040348906963,0.004407218006131267,0.038078032095115545,0.23032517543984132,0.67701203892871,0.05474612045832117,0.4642450934845632,3.469438102796015,0.0
11425,0.19192077219486237,0.9210968017578125,0.0,0.028276789150610583,0.004407218006131267,0.038078032095115545,0.23032517543984132,0.67701203892871,0.05474612045832117,0.4642450934845632,3.469438102796015,0.0
11450,0.1919008046388626,0.921112060546875,0.0,0.02824422418350533,0.004407218006131267,0.038078032095115545,0.23032517543984132,0.67701203892871,0.05474612045832117,0.4642450934845632,3.469438102796015,0.0
11475,0.19188088178634644,0.92108154296875,0.0,0.0282120451225064,0.004407218006131267,0.038078032095115545,0.23032517543984132,0.67701203892871,0.05474612045832117,0.4642450934845632,3.469438102796015,0.0
11500,0.19186100363731384,0.9210968017578125,0.0,0.02817960173194757,0.004407218006131267,0.038078032095115545,0.23032517543984132,0.67701203892871,0.05474612045832117,0.4642450934845632,3.469438102796015,0.0
11525,0.19184118509292603,0.921112060546875,0.0,0.028147969687090213,0.004407218006131267,0.038078032095115545,0.23032517543984132,0.67701203892871,0.05474612045832117,0.4642450934845632,3.469438102796015,0.0
11550,0.1918213963508606,0.9210968017578125,0.0,0.028115777753575384,0.004407218006131267,0.038078032095115545,0.23032517543984132,0.67701203892871,0.05474612045832117,0.4642450934845632,3.469438102796015,0.0
11575,0.19180165231227875,0.92108154296875,0.0,0.02808425433202726,0.004407218006131267,0.038078032095115545,0.23032517543984132,0.67701203892871,0.05474612045832117,0.4642450934845632,3.469438102796015,0.0
11600,0.19178195297718048,0.9210968017578125,0.0,0.02805310943377936,0.004407218006131267,0.038078032095115545,0.23032517543984132,0.67701203892871,0.05474612045832117,0.4642450934845632,3.469438102796015,0.0
11625,0.1917622983455658,0.92108154296875,0.0,0.028021899324767004,0.004407218006131267,0.038078032095115545,0.23032517543984132,0.67701203892871,0.05474612045832117,0.4642450934845632,3.469438102796015,0.0
11650,0.1917426884174347,0.92108154296875,0.0,0.027991310286658938,0.004407218006131267,0.038078032095115545,0.23032517543984132,0.67701203892871,0.05474612045832117,0.4642450934845632,3.469438102796015,0.0
11675,0.19172312319278717,0.92108154296875,0.0,0.0279607864327038,0.004407218006131267,0.038078032095115545,0.23032517543984132,0.67701203892871,0.05474612045832117,0.4642450934845632,3.469438102796015,0.0
11700,0.19170360267162323,0.921051025390625,0.0,0.02793037865692133,0.004407218006131267,0.038078032095115545,0.23032517543984132,0.67701203892871,0.05474612045832117,0.4642450934845632,3.469438102796015,0.0
11725,0.19168411195278168,0.9210357666015625,0.0,0.02790061498082086,0.004407218006131267,0.038078032095115545,0.23032517543984132,0.67701203892871,0.05474612045832117,0.4642450934845632,3.469438102796015,0.0
11750,0.1916646808385849,0.9210205078125,0.0,0.027870580456302155,0.004407218006131267,0.038078032095115545,0.23032517543984132,0.67701203892871,0.05474612045832117,0.4642450934845632,3.469438102796015,0.0
11775,0.1916452944278717,0.9210205078125,0.0,0.02784069658783908,0.004407218006131267,0.038078032095115545,0.23032517543984132,0.67701203892871,0.05474612045832117,0.4642450934845632,3.469438102796015,0.0
11800,0.1916259229183197,0.9210357666015625,0.0,0.02781034731193099,0.004407218006131267,0.038078032095115545,0.23032517543984132,0.67701203892871,0.05474612045832117,0.4642450934845632,3.469438102796015,0.0
11825,0.19160661101341248,0.9210662841796875,0.0,0.027781029514561368,0.004407218006131267,0.038078032095115545,0.23032517543984132,0.67701203892871,0.05474612045832117,0.4642450934845632,3.469438102796015,0.0
11850,0.19158732891082764,0.921051025390625,0.0,0.0277517062855172,0.004407218006131267,0.038078032095115545,0.23032517543984132,0.67701203892871,0.05474612045832117,0.4642450934845632,3.469438102796015,0.0
11875,0.19156810641288757,0.921051025390625,0.0,0.027722343054250618,0.004407218006131267,0.038078032095115545,0.23032517543984132,0.67701203892871,0.05474612045832117,0.4642450934845632,3.469438102796015,0.0
11900,0.1915489137172699,0.9210357666015625,0.0,0.027693064580570432,0.004407218006131267,0.038078032095115545,0.23032517543984132,0.67701203892871,0.05474612045832117,0.4642450934845632,3.469438102796015,0.0
11925,0.1915297508239746,0.9210357666015625,0.0,0.0276644173429531,0.004407218006131267,0.038078032095115545,0.23032517543984132,0.67701203892871,0.05474612045832117,0.4642450934845632,3.469438102796015,0.0
11950,0.1915106326341629,0.9210357666015625,0.0,0.02763497338601333,0.004407218006131267,0.038078032095115545,0.23032517543984132,0.67701203892871,0.05474612045832117,0.4642450934845632,3.469438102796015,0.0
11975,0.19149157404899597,0.921051025390625,0.0,0.02760646778400322,0.004407218006131267,0.038078032095115545,0.23032517543984132,0.67701203892871,0.05474612045832117,0.4642450934845632,3.469438102796015,0.0
12000,0.19147253036499023,0.9210662841796875,0.0,0.02757791189056132,0.004407218006131267,0.038078032095115545,0.23032517543984132,0.67701203892871,0.05474612045832117,0.4642450934845632,3.469438102796015,0.0
12025,0.19145354628562927,0.9210662841796875,0.0,0.027549636225471772,0.004407218006131267,0.038078032095115545,0.23032517543984132,0.67701203892871,0.05474612045832117,0.4642450934845632,3.469438102796015,0.0
12050,0.1914345920085907,0.9210968017578125,0.0,0.027522018844003338,0.004407218006131267,0.038078032095115545,0.23032517543984132,0.67701203892871,0.05474612045832117,0.4642450934845632,3.469438102796015,0.0
12075,0.1914156675338745,0.921112060546875,0.0,0.027494449922227653,0.004407218006131267,0.038078032095115545,0.23032517543984132,0.67701203892871,0.05474612045832117,0.4642450934845632,3.469438102796015,0.0
12100,0.1913967877626419,0.921112060546875,0.0,0.02746622564559178,0.004407218006131267,0.038078032095115545,0.23032517543984132,0.67701203892871,0.05474612045832117,0.4642450934845632,3.469438102796015,0.0
12125,0.19137795269489288,0.921142578125,0.0,0.027438861100646833,0.004407218006131267,0.038078032095115545,0.23032517543984132,0.67701203892871,0.05474612045832117,0.4642450934845632,3.469438102796015,0.0
12150,0.19135914742946625,0.9211578369140625,0.0,0.027411279018279253,0.004407218006131267,0.038078032095115545,0.23032517543984132,0.67701203892871,0.05474612045832117,0.4642450934845632,3.469438102796015,0.0
12175,0.1913403868675232,0.9211883544921875,0.0,0.027383825458191045,0.004407218006131267,0.038078032095115545,0.23032517543984132,0.67701203892871,0.05474612045832117,0.4642450934845632,3.469438102796015,0.0
12200,0.19132165610790253,0.92120361328125,0.0,0.027356016490342597,0.004407218006131267,0.038078032095115545,0.23032517543984132,0.67701203892871,0.05474612045832117,0.4642450934845632,3.469438102796015,0.0
12225,0.19130295515060425,0.92120361328125,0.0,0.027328691865251116,0.004407218006131267,0.038078032095115545,0.23032517543984132,0.67701203892871,0.05474612045832117,0.4642450934845632,3.469438102796015,0.0
12250,0.19128429889678955,0.92120361328125,0.0,0.027301763859386395,0.004407218006131267,0.038078032095115545,0.23032517543984132,0.67701203892871,0.05474612045832117,0.4642450934845632,3.469438102796015,0.0
12275,0.19126568734645844,0.9212188720703125,0.0,0.02727509519423137,0.004407218006131267,0.038078032095115545,0.23032517543984132,0.67701203892871,0.05474612045832117,0.4642450934845632,3.469438102796015,0.0
12300,0.1912471204996109,0.9212188720703125,0.0,0.027248205419393847,0.004407218006131267,0.038078032095115545,0.23032517543984132,0.67701203892871,0.05474612045832117,0.4642450934845632,3.469438102796015,0.0
12325,0.19122856855392456,0.921234130859375,0.0,0.027221876327969203,0.004407218006131267,0.038078032095115545,0.23032517543984132,0.67701203892871,0.05474612045832117,0.4642450934845632,3.469438102796015,0.0
12350,0.1912100613117218,0.9212493896484375,0.0,0.027195558810936143,0.004407218006131267,0.038078032095115545,0.23032517543984132,0.67701203892871,0.05474612045832117,0.4642450934845632,3.469438102796015,0.0
12375,0.19119158387184143,0.9212799072265625,0.0,0.027169793783089327,0.004407218006131267,0.038078032095115545,0.23032517543984132,0.67701203892871,0.05474612045832117,0.4642450934845632,3.469438102796015,0.0
12400,0.19117315113544464,0.921295166015625,0.0,0.027144187804714493,0.004407218006131267,0.038078032095115545,0.23032517543984132,0.67701203892871,0.05474612045832117,0.4642450934845632,3.469438102796015,0.0
12425,0.19115474820137024,0.92132568359375,0.0,0.027118157802586623,0.004407218006131267,0.038078032095115545,0.23032517543984132,0.67701203892871,0.05474612045832117,0.4642450934845632,3.469438102796015,0.0
12450,0.19113638997077942,0.92132568359375,0.0,0.02709275293190125,0.004407218006131267,0.038078032095115545,0.23032517543984132,0.67701203892871,0.05474612045832117,0.4642450934845632,3.469438102796015,0.0
12475,0.191118061542511,0.92132568359375,0.0,0.02706691094255289,0.004407218006131267,0.038078032095115545,0.23032517543984132,0.67701203892871,0.05474612045832117,0.4642450934845632,3.469438102796015,0.0
12500,0.19109974801540375,0.9213104248046875,0.0,0.02704179346192486,0.004407218006131267,0.038078032095115545,0.23032517543984132,0.67701203892871,0.05474612045832117,0.4642450934845632,3.469438102796015,0.0
12525,0.19108149409294128,0.92132568359375,0.0,0.027015747890017774,0.004407218006131267,0.038078032095115545,0.23032517543984132,0.67701203892871,0.05474612045832117,0.4642450934845632,3.469438102796015,0.0
12550,0.19106325507164001,0.92132568359375,0.0,0.026990488584332607,0.004407218006131267,0.038078032095115545,0.23032517543984132,0.67701203892871,0.05474612045832117,0.4642450934845632,3.469438102796015,0.0
12575,0.19104507565498352,0.92132568359375,0.0,0.026965367597048914,0.004407218006131267,0.038078032095115545,0.23032517543984132,0.67701203892871,0.05474612045832117,0.4642450934845632,3.469438102796015,0.0
12600,0.19102691113948822,0.9213409423828125,0.0,0.026940364254726023,0.004407218006131267,0.038078032095115545,0.23032517543984132,0.67701203892871,0.05474612045832117,0.4642450934845632,3.469438102796015,0.0
12625,0.1910087764263153,0.9213409423828125,0.0,0.026915911157672254,0.004407218006131267,0.038078032095115545,0.23032517543984132,0.67701203892871,0.05474612045832117,0.4642450934845632,3.469438102796015,0.0
12650,0.19099068641662598,0.9213104248046875,0.0,0.026891406205626307,0.004407218006131267,0.038078032095115545,0.23032517543984132,0.67701203892871,0.05474612045832117,0.4642450934845632,3.469438102796015,0.0
12675,0.19097262620925903,0.92132568359375,0.0,0.026866468333120647,0.004407218006131267,0.038078032095115545,0.23032517543984132,0.67701203892871,0.05474612045832117,0.4642450934845632,3.469438102796015,0.0
12700,0.19095459580421448,0.92132568359375,0.0,0.026841890020019958,0.004407218006131267,0.038078032095115545,0.23032517543984132,0.67701203892871,0.05474612045832117,0.4642450934845632,3.469438102796015,0.0
12725,0.1909365952014923,0.92132568359375,0.0,0.026817474062532876,0.004407218006131267,0.038078032095115545,0.23032517543984132,0.67701203892871,0.05474612045832117,0.4642450934845632,3.469438102796015,0.0
12750,0.19091862440109253,0.92132568359375,0.0,0.026793938942890238,0.004407218006131267,0.038078032095115545,0.23032517543984132,0.67701203892871,0.05474612045832117,0.4642450934845632,3.469438102796015,0.0
12775,0.19090068340301514,0.921356201171875,0.0,0.02676991078468852,0.004407218006131267,0.038078032095115545,0.23032517543984132,0.67701203892871,0.05474612045832117,0.4642450934845632,3.469438102796015,0.0
12800,0.19088280200958252,0.921356201171875,0.0,0.026746578765496867,0.004407218006131267,0.038078032095115545,0.23032517543984132,0.67701203892871,0.05474612045832117,0.4642450934845632,3.469438102796015,0.0
12825,0.1908649206161499,0.921356201171875,0.0,0.026722842113628475,0.004407218006131267,0.038078032095115545,0.23032517543984132,0.67701203892871,0.05474612045832117,0.4642450934845632,3.469438102796015,0.0
12850,0.19084709882736206,0.92138671875,0.0,0.026698932839219574,0.004407218006131267,0.038078032095115545,0.23032517543984132,0.67701203892871,0.05474612045832117,0.4642450934845632,3.469438102796015,0.0
12875,0.1908292919397354,0.92138671875,0.0,0.026675135995602083,0.004407218006131267,0.038078032095115545,0.23032517543984132,0.67701203892871,0.05474612045832117,0.4642450934845632,3.469438102796015,0.0
12900,0.19081151485443115,0.9214324951171875,0.0,0.02665116267081938,0.004407218006131267,0.038078032095115545,0.23032517543984132,0.67701203892871,0.05474612045832117,0.4642450934845632,3.469438102796015,0.0
12925,0.19079378247261047,0.9214630126953125,0.0,0.026628557260544486,0.004407218006131267,0.038078032095115545,0.23032517543984132,0.67701203892871,0.05474612045832117,0.4642450934845632,3.469438102796015,0.0
12950,0.190776064991951,0.9214630126953125,0.0,0.02660543531402185,0.004407218006131267,0.038078032095115545,0.23032517543984132,0.67701203892871,0.05474612045832117,0.4642450934845632,3.469438102796015,0.0
12975,0.1907583773136139,0.9215087890625,0.0,0.026582086294969862,0.004407218006131267,0.038078032095115545,0.23032517543984132,0.67701203892871,0.05474612045832117,0.4642450934845632,3.469438102796015,0.0
13000,0.19074073433876038,0.9215087890625,0.0,0.026559396823538903,0.004407218006131267,0.038078032095115545,0.23032517543984132,0.67701203892871,0.05474612045832117,0.4642450934845632,3.469438102796015,0.0
13025,0.19072310626506805,0.9215240478515625,0.0,0.026535919391401794,0.004407218006131267,0.038078032095115545,0.23032517543984132,0.67701203892871,0.05474612045832117,0.4642450934845632,3.469438102796015,0.0
13050,0.19070552289485931,0.921539306640625,0.0,0.02651347217810073,0.004407218006131267,0.038078032095115545,0.23032517543984132,0.67701203892871,0.05474612045832117,0.4642450934845632,3.469438102796015,0.0
13075,0.19068796932697296,0.9215545654296875,0.0,0.02649126183859821,0.004407218006131267,0.038078032095115545,0.23032517543984132,0.67701203892871,0.05474612045832117,0.4642450934845632,3.469438102796015,0.0
13100,0.1906704306602478,0.9215545654296875,0.0,0.02646891450387175,0.004407218006131267,0.038078032095115545,0.23032517543984132,0.67701203892871,0.05474612045832117,0.4642450934845632,3.469438102796015,0.0
13125,0.19065293669700623,0.9215545654296875,0.0,0.026446590515167453,0.004407218006131267,0.038078032095115545,0.23032517543984132,0.67701203892871,0.05474612045832117,0.4642450934845632,3.469438102796015,0.0
13150,0.19063547253608704,0.92156982421875,0.0,0.026424128956124174,0.004407218006131267,0.038078032095115545,0.23032517543984132,0.67701203892871,0.05474612045832117,0.4642450934845632,3.469438102796015,0.0
13175,0.19061802327632904,0.921600341796875,0.0,0.026402982195018715,0.004407218006131267,0.038078032095115545,0.23032517543984132,0.67701203892871,0.05474612045832117,0.4642450934845632,3.469438102796015,0.0
13200,0.19060060381889343,0.92156982421875,0.0,0.026380549972790858,0.004407218006131267,0.038078032095115545,0.23032517543984132,0.67701203892871,0.05474612045832117,0.4642450934845632,3.469438102796015,0.0
13225,0.1905832290649414,0.921600341796875,0.0,0.026358511111381086,0.004407218006131267,0.038078032095115545,0.23032517543984132,0.67701203892871,0.05474612045832117,0.4642450934845632,3.469438102796015,0.0
13250,0.19056586921215057,0.9216461181640625,0.0,0.02633676281487496,0.004407218006131267,0.038078032095115545,0.23032517543984132,0.67701203892871,0.05474612045832117,0.4642450934845632,3.469438102796015,0.0
13275,0.19054853916168213,0.921661376953125,0.0,0.026314829296465943,0.004407218006131267,0.038078032095115545,0.23032517543984132,0.67701203892871,0.05474612045832117,0.4642450934845632,3.469438102796015,0.0
13300,0.19053125381469727,0.9216766357421875,0.0,0.02629353265890924,0.004407218006131267,0.038078032095115545,0.23032517543984132,0.67701203892871,0.05474612045832117,0.4642450934845632,3.469438102796015,0.0
13325,0.1905139684677124,0.92169189453125,0.0,0.02627167267791841,0.004407218006131267,0.038078032095115545,0.23032517543984132,0.67701203892871,0.05474612045832117,0.4642450934845632,3.469438102796015,0.0
13350,0.19049672782421112,0.921722412109375,0.0,0.026250417429561284,0.004407218006131267,0.038078032095115545,0.23032517543984132,0.67701203892871,0.05474612045832117,0.4642450934845632,3.469438102796015,0.0
13375,0.19047951698303223,0.9217376708984375,0.0,0.026229251088218167,0.004407218006131267,0.038078032095115545,0.23032517543984132,0.67701203892871,0.05474612045832117,0.4642450934845632,3.469438102796015,0.0
13400,0.19046232104301453,0.9217376708984375,0.0,0.02620805987571931,0.004407218006131267,0.038078032095115545,0.23032517543984132,0.67701203892871,0.05474612045832117,0.4642450934845632,3.469438102796015,0.0
13425,0.1904451698064804,0.921783447265625,0.0,0.026187570045277407,0.004407218006131267,0.038078032095115545,0.23032517543984132,0.67701203892871,0.05474612045832117,0.4642450934845632,3.469438102796015,0.0
13450,0.19042804837226868,0.9217987060546875,0.0,0.02616650352378254,0.004407218006131267,0.038078032095115545,0.23032517543984132,0.67701203892871,0.05474612045832117,0.4642450934845632,3.469438102796015,0.0
13475,0.19041092693805695,0.9217987060546875,0.0,0.026145700735022138,0.004407218006131267,0.038078032095115545,0.23032517543984132,0.67701203892871,0.05474612045832117,0.4642450934845632,3.469438102796015,0.0
13500,0.19039386510849,0.92181396484375,0.0,0.02612572447329174,0.004407218006131267,0.038078032095115545,0.23032517543984132,0.67701203892871,0.05474612045832117,0.4642450934845632,3.469438102796015,0.0
13525,0.19037680327892303,0.9217987060546875,0.0,0.026105921244511467,0.004407218006131267,0.038078032095115545,0.23032517543984132,0.67701203892871,0.05474612045832117,0.4642450934845632,3.469438102796015,0.0
13550,0.19035978615283966,0.9217987060546875,0.0,0.026085373156213867,0.004407218006131267,0.038078032095115545,0.23032517543984132,0.67701203892871,0.05474612045832117,0.4642450934845632,3.469438102796015,0.0
13575,0.19034278392791748,0.9217987060546875,0.0,0.02606518308979002,0.004407218006131267,0.038078032095115545,0.23032517543984132,0.67701203892871,0.05474612045832117,0.4642450934845632,3.469438102796015,0.0
13600,0.1903258115053177,0.92181396484375,0.0,0.026044673410228026,0.004407218006131267,0.038078032095115545,0.23032517543984132,0.67701203892871,0.05474612045832117,0.4642450934845632,3.469438102796015,0.0
13625,0.19030886888504028,0.92181396484375,0.0,0.02602468283791213,0.004407218006131267,0.038078032095115545,0.23032517543984132,0.67701203892871,0.05474612045832117,0.4642450934845632,3.469438102796015,0.0
13650,0.19029194116592407,0.921844482421875,0.0,0.026005016689523187,0.004407218006131267,0.038078032095115545,0.23032517543984132,0.67701203892871,0.05474612045832117,0.4642450934845632,3.469438102796015,0.0
13675,0.19027505815029144,0.921844482421875,0.0,0.025984895013815366,0.004407218006131267,0.038078032095115545,0.23032517543984132,0.67701203892871,0.05474612045832117,0.4642450934845632,3.469438102796015,0.0
13700,0.1902582049369812,0.921844482421875,0.0,0.02596497231961173,0.004407218006131267,0.038078032095115545,0.23032517543984132,0.67701203892871,0.05474612045832117,0.4642450934845632,3.469438102796015,0.0
13725,0.19024135172367096,0.921844482421875,0.0,0.025945038745826626,0.004407218006131267,0.038078032095115545,0.23032517543984132,0.67701203892871,0.05474612045832117,0.4642450934845632,3.469438102796015,0.0
13750,0.1902245283126831,0.921844482421875,0.0,0.025925037034917716,0.004407218006131267,0.038078032095115545,0.23032517543984132,0.67701203892871,0.05474612045832117,0.4642450934845632,3.469438102796015,0.0
13775,0.19020773470401764,0.921844482421875,0.0,0.025905462939114585,0.004407218006131267,0.038078032095115545,0.23032517543984132,0.67701203892871,0.05474612045832117,0.4642450934845632,3.469438102796015,0.0
13800,0.19019098579883575,0.9218597412109375,0.0,0.02588577518783394,0.004407218006131267,0.038078032095115545,0.23032517543984132,0.67701203892871,0.05474612045832117,0.4642450934845632,3.469438102796015,0.0
13825,0.19017423689365387,0.9218597412109375,0.0,0.025866405426623683,0.004407218006131267,0.038078032095115545,0.23032517543984132,0.67701203892871,0.05474612045832117,0.4642450934845632,3.469438102796015,0.0
13850,0.19015751779079437,0.9218597412109375,0.0,0.025846571336339608,0.004407218006131267,0.038078032095115545,0.23032517543984132,0.67701203892871,0.05474612045832117,0.4642450934845632,3.469438102796015,0.0
13875,0.19014084339141846,0.9218597412109375,0.0,0.025827686236580973,0.004407218006131267,0.038078032095115545,0.23032517543984132,0.67701203892871,0.05474612045832117,0.4642450934845632,3.469438102796015,0.0
13900,0.19012416899204254,0.921875,0.0,0.02580822213157867,0.004407218006131267,0.038078032095115545,0.23032517543984132,0.67701203892871,0.05474612045832117,0.4642450934845632,3.469438102796015,0.0
13925,0.190107524394989,0.921905517578125,0.0,0.025790033973706075,0.004407218006131267,0.038078032095115545,0.23032517543984132,0.67701203892871,0.05474612045832117,0.4642450934845632,3.469438102796015,0.0
13950,0.19009092450141907,0.9219207763671875,0.0,0.025771311403858858,0.004407218006131267,0.038078032095115545,0.23032517543984132,0.67701203892871,0.05474612045832117,0.4642450934845632,3.469438102796015,0.0
13975,0.19007432460784912,0.9219207763671875,0.0,0.025752240068238407,0.004407218006131267,0.038078032095115545,0.23032517543984132,0.67701203892871,0.05474612045832117,0.4642450934845632,3.469438102796015,0.0
14000,0.19005775451660156,0.9219207763671875,0.0,0.025734149835709524,0.004407218006131267,0.038078032095115545,0.23032517543984132,0.67701203892871,0.05474612045832117,0.4642450934845632,3.469438102796015,0.0
14025,0.1900412142276764,0.92193603515625,0.0,0.02571587523437285,0.004407218006131267,0.038078032095115545,0.23032517543984132,0.67701203892871,0.05474612045832117,0.4642450934845632,3.469438102796015,0.0
14050,0.19002467393875122,0.9219512939453125,0.0,0.025696931395746858,0.004407218006131267,0.038078032095115545,0.23032517543984132,0.67701203892871,0.05474612045832117,0.4642450934845632,3.469438102796015,0.0
14075,0.19000819325447083,0.921966552734375,0.0,0.025678630118788688,0.004407218006131267,0.038078032095115545,0.23032517543984132,0.67701203892871,0.05474612045832117,0.4642450934845632,3.469438102796015,0.0
14100,0.18999171257019043,0.921966552734375,0.0,0.02565985274610006,0.004407218006131267,0.038078032095115545,0.23032517543984132,0.67701203892871,0.05474612045832117,0.4642450934845632,3.469438102796015,0.0
14125,0.18997527658939362,0.9220123291015625,0.0,0.025641146292988783,0.004407218006131267,0.038078032095115545,0.23032517543984132,0.67701203892871,0.05474612045832117,0.4642450934845632,3.469438102796015,0.0
14150,0.1899588406085968,0.922027587890625,0.0,0.02562308823986488,0.004407218006131267,0.038078032095115545,0.23032517543984132,0.67701203892871,0.05474612045832117,0.4642450934845632,3.469438102796015,0.0
14175,0.18994244933128357,0.922027587890625,0.0,0.02560498790535598,0.004407218006131267,0.038078032095115545,0.23032517543984132,0.67701203892871,0.05474612045832117,0.4642450934845632,3.469438102796015,0.0
14200,0.18992605805397034,0.9220428466796875,0.0,0.02558690691817043,0.004407218006131267,0.038078032095115545,0.23032517543984132,0.67701203892871,0.05474612045832117,0.4642450934845632,3.469438102796015,0.0
14225,0.18990971148014069,0.9220428466796875,0.0,0.02556920950769417,0.004407218006131267,0.038078032095115545,0.23032517543984132,0.67701203892871,0.05474612045832117,0.4642450934845632,3.469438102796015,0.0
14250,0.18989336490631104,0.9220733642578125,0.0,0.025551477262422056,0.004407218006131267,0.038078032095115545,0.23032517543984132,0.67701203892871,0.05474612045832117,0.4642450934845632,3.469438102796015,0.0
14275,0.18987706303596497,0.9220733642578125,0.0,0.0255339172704666,0.004407218006131267,0.038078032095115545,0.23032517543984132,0.67701203892871,0.05474612045832117,0.4642450934845632,3.469438102796015,0.0
14300,0.1898607760667801,0.9220733642578125,0.0,0.025516393311481558,0.004407218006131267,0.038078032095115545,0.23032517543984132,0.67701203892871,0.05474612045832117,0.4642450934845632,3.469438102796015,0.0
14325,0.1898445039987564,0.92205810546875,0.0,0.025499227859213654,0.004407218006131267,0.038078032095115545,0.23032517543984132,0.67701203892871,0.05474612045832117,0.4642450934845632,3.469438102796015,0.0
14350,0.18982826173305511,0.92205810546875,0.0,0.025481963539047924,0.004407218006131267,0.038078032095115545,0.23032517543984132,0.67701203892871,0.05474612045832117,0.4642450934845632,3.469438102796015,0.0
14375,0.18981203436851501,0.922088623046875,0.0,0.025464825026887496,0.004407218006131267,0.038078032095115545,0.23032517543984132,0.67701203892871,0.05474612045832117,0.4642450934845632,3.469438102796015,0.0
14400,0.1897958219051361,0.9221038818359375,0.0,0.02544797713206051,0.004407218006131267,0.038078032095115545,0.23032517543984132,0.67701203892871,0.05474612045832117,0.4642450934845632,3.469438102796015,0.0
14425,0.18977965414524078,0.9221038818359375,0.0,0.02543054882866995,0.004407218006131267,0.038078032095115545,0.23032517543984132,0.67701203892871,0.05474612045832117,0.4642450934845632,3.469438102796015,0.0
14450,0.18976350128650665,0.9221038818359375,0.0,0.025413388302395097,0.004407218006131267,0.038078032095115545,0.23032517543984132,0.67701203892871,0.05474612045832117,0.4642450934845632,3.469438102796015,0.0
14475,0.18974736332893372,0.9221038818359375,0.0,0.025396934645448847,0.004407218006131267,0.038078032095115545,0.23032517543984132,0.67701203892871,0.05474612045832117,0.4642450934845632,3.469438102796015,0.0
14500,0.18973125517368317,0.922119140625,0.0,0.02537971516770429,0.004407218006131267,0.038078032095115545,0.23032517543984132,0.67701203892871,0.05474612045832117,0.4642450934845632,3.469438102796015,0.0
14525,0.18971514701843262,0.922119140625,0.0,0.02536267128317286,0.004407218006131267,0.038078032095115545,0.23032517543984132,0.67701203892871,0.05474612045832117,0.4642450934845632,3.469438102796015,0.0
14550,0.18969908356666565,0.9221038818359375,0.0,0.025346161173122207,0.004407218006131267,0.038078032095115545,0.23032517543984132,0.67701203892871,0.05474612045832117,0.4642450934845632,3.469438102796015,0.0
14575,0.18968302011489868,0.922119140625,0.0,0.025329230032807452,0.004407218006131267,0.038078032095115545,0.23032517543984132,0.67701203892871,0.05474612045832117,0.4642450934845632,3.469438102796015,0.0
14600,0.1896669864654541,0.922119140625,0.0,0.025312614696322507,0.004407218006131267,0.038078032095115545,0.23032517543984132,0.67701203892871,0.05474612045832117,0.4642450934845632,3.469438102796015,0.0
14625,0.1896509826183319,0.922119140625,0.0,0.025295765887232206,0.004407218006131267,0.038078032095115545,0.23032517543984132,0.67701203892871,0.05474612045832117,0.4642450934845632,3.469438102796015,0.0
14650,0.1896350085735321,0.922119140625,0.0,0.02527875869004185,0.004407218006131267,0.038078032095115545,0.23032517543984132,0.67701203892871,0.05474612045832117,0.4642450934845632,3.469438102796015,0.0
14675,0.1896190345287323,0.9221038818359375,0.0,0.02526261600563854,0.004407218006131267,0.038078032095115545,0.23032517543984132,0.67701203892871,0.05474612045832117,0.4642450934845632,3.469438102796015,0.0
14700,0.18960309028625488,0.9221038818359375,0.0,0.02524608321378043,0.004407218006131267,0.038078032095115545,0.23032517543984132,0.67701203892871,0.05474612045832117,0.4642450934845632,3.469438102796015,0.0
14725,0.18958717584609985,0.922119140625,0.0,0.02522936386874928,0.004407218006131267,0.038078032095115545,0.23032517543984132,0.67701203892871,0.05474612045832117,0.4642450934845632,3.469438102796015,0.0
14750,0.18957126140594482,0.9221038818359375,0.0,0.025212987185654952,0.004407218006131267,0.038078032095115545,0.23032517543984132,0.67701203892871,0.05474612045832117,0.4642450934845632,3.469438102796015,0.0
14775,0.18955537676811218,0.922119140625,0.0,0.0251967310702607,0.004407218006131267,0.038078032095115545,0.23032517543984132,0.67701203892871,0.05474612045832117,0.4642450934845632,3.469438102796015,0.0
14800,0.18953952193260193,0.9221343994140625,0.0,0.025180546051486993,0.004407218006131267,0.038078032095115545,0.23032517543984132,0.67701203892871,0.05474612045832117,0.4642450934845632,3.469438102796015,0.0
14825,0.18952368199825287,0.9221649169921875,0.0,0.025164362339985813,0.004407218006131267,0.038078032095115545,0.23032517543984132,0.67701203892871,0.05474612045832117,0.4642450934845632,3.469438102796015,0.0
14850,0.1895078718662262,0.9221649169921875,0.0,0.025148011480876364,0.004407218006131267,0.038078032095115545,0.23032517543984132,0.67701203892871,0.05474612045832117,0.4642450934845632,3.469438102796015,0.0
14875,0.18949204683303833,0.9221343994140625,0.0,0.025131691367207578,0.004407218006131267,0.038078032095115545,0.23032517543984132,0.67701203892871,0.05474612045832117,0.4642450934845632,3.469438102796015,0.0
14900,0.18947628140449524,0.922149658203125,0.0,0.025115881844159433,0.004407218006131267,0.038078032095115545,0.23032517543984132,0.67701203892871,0.05474612045832117,0.4642450934845632,3.469438102796015,0.0
14925,0.18946051597595215,0.92218017578125,0.0,0.025100580665942993,0.004407218006131267,0.038078032095115545,0.23032517543984132,0.67701203892871,0.05474612045832117,0.4642450934845632,3.469438102796015,0.0
14950,0.18944478034973145,0.922210693359375,0.0,0.025084923240194065,0.004407218006131267,0.038078032095115545,0.23032517543984132,0.67701203892871,0.05474612045832117,0.4642450934845632,3.469438102796015,0.0
14975,0.18942905962467194,0.9222259521484375,0.0,0.025069330010890543,0.004407218006131267,0.038078032095115545,0.23032517543984132,0.67701203892871,0.05474612045832117,0.4642450934845632,3.469438102796015,0.0
15000,0.18941333889961243,0.9222259521484375,0.0,0.02505333851102808,0.004407218006131267,0.038078032095115545,0.23032517543984132,0.67701203892871,0.05474612045832117,0.4642450934845632,3.469438102796015,0.0
15025,0.1893976628780365,0.9222564697265625,0.0,0.02503847146167534,0.004407218006131267,0.038078032095115545,0.23032517543984132,0.67701203892871,0.05474612045832117,0.4642450934845632,3.469438102796015,0.0
15050,0.18938201665878296,0.922271728515625,0.0,0.02502343498852832,0.004407218006131267,0.038078032095115545,0.23032517543984132,0.67701203892871,0.05474612045832117,0.4642450934845632,3.469438102796015,0.0
15075,0.18936637043952942,0.9222869873046875,0.0,0.0250076077171369,0.004407218006131267,0.038078032095115545,0.23032517543984132,0.67701203892871,0.05474612045832117,0.4642450934845632,3.469438102796015,0.0
15100,0.18935073912143707,0.9222869873046875,0.0,0.024991904008879726,0.004407218006131267,0.038078032095115545,0.23032517543984132,0.67701203892871,0.05474612045832117,0.4642450934845632,3.469438102796015,0.0
15125,0.18933513760566711,0.9223175048828125,0.0,0.024975819183151705,0.004407218006131267,0.038078032095115545,0.23032517543984132,0.67701203892871,0.05474612045832117,0.4642450934845632,3.469438102796015,0.0
15150,0.18931955099105835,0.9223175048828125,0.0,0.024960641479011177,0.004407218006131267,0.038078032095115545,0.23032517543984132,0.67701203892871,0.05474612045832117,0.4642450934845632,3.469438102796015,0.0
15175,0.18930397927761078,0.9223480224609375,0.0,0.02494544789301853,0.004407218006131267,0.038078032095115545,0.23032517543984132,0.67701203892871,0.05474612045832117,0.4642450934845632,3.469438102796015,0.0
15200,0.1892884373664856,0.9223480224609375,0.0,0.024930427932758598,0.004407218006131267,0.038078032095115545,0.23032517543984132,0.67701203892871,0.05474612045832117,0.4642450934845632,3.469438102796015,0.0
15225,0.1892728954553604,0.92236328125,0.0,0.02491547729692296,0.004407218006131267,0.038078032095115545,0.23032517543984132,0.67701203892871,0.05474612045832117,0.4642450934845632,3.469438102796015,0.0
15250,0.1892573982477188,0.92236328125,0.0,0.024900429488452513,0.004407218006131267,0.038078032095115545,0.23032517543984132,0.67701203892871,0.05474612045832117,0.4642450934845632,3.469438102796015,0.0
15275,0.18924188613891602,0.9223480224609375,0.0,0.024885846527421464,0.004407218006131267,0.038078032095115545,0.23032517543984132,0.67701203892871,0.05474612045832117,0.4642450934845632,3.469438102796015,0.0
15300,0.1892264187335968,0.9223480224609375,0.0,0.024871580106651164,0.004407218006131267,0.038078032095115545,0.23032517543984132,0.67701203892871,0.05474612045832117,0.4642450934845632,3.469438102796015,0.0
15325,0.18921096622943878,0.9224090576171875,0.0,0.02485655498701857,0.004407218006131267,0.038078032095115545,0.23032517543984132,0.67701203892871,0.05474612045832117,0.4642450934845632,3.469438102796015,0.0
15350,0.18919552862644196,0.9224090576171875,0.0,0.024841986229656953,0.004407218006131267,0.038078032095115545,0.23032517543984132,0.67701203892871,0.05474612045832117,0.4642450934845632,3.469438102796015,0.0
15375,0.18918010592460632,0.92242431640625,0.0,0.024827755829828095,0.004407218006131267,0.038078032095115545,0.23032517543984132,0.67701203892871,0.05474612045832117,0.4642450934845632,3.469438102796015,0.0
15400,0.18916471302509308,0.92242431640625,0.0,0.024813596401759223,0.004407218006131267,0.038078032095115545,0.23032517543984132,0.67701203892871,0.05474612045832117,0.4642450934845632,3.469438102796015,0.0
15425,0.18914932012557983,0.92242431640625,0.0,0.02479929545298362,0.004407218006131267,0.038078032095115545,0.23032517543984132,0.67701203892871,0.05474612045832117,0.4642450934845632,3.469438102796015,0.0
15450,0.18913395702838898,0.92242431640625,0.0,0.02478486030496112,0.004407218006131267,0.038078032095115545,0.23032517543984132,0.67701203892871,0.05474612045832117,0.4642450934845632,3.469438102796015,0.0
15475,0.18911860883235931,0.92242431640625,0.0,0.024771588642950215,0.004407218006131267,0.038078032095115545,0.23032517543984132,0.67701203892871,0.05474612045832117,0.4642450934845632,3.469438102796015,0.0
15500,0.18910327553749084,0.92242431640625,0.0,0.024757592467006807,0.004407218006131267,0.038078032095115545,0.23032517543984132,0.67701203892871,0.05474612045832117,0.4642450934845632,3.469438102796015,0.0
15525,0.18908795714378357,0.9224395751953125,0.0,0.024743138539085864,0.004407218006131267,0.038078032095115545,0.23032517543984132,0.67701203892871,0.05474612045832117,0.4642450934845632,3.469438102796015,0.0
15550,0.18907266855239868,0.9224395751953125,0.0,0.024729316903576035,0.004407218006131267,0.038078032095115545,0.23032517543984132,0.67701203892871,0.05474612045832117,0.4642450934845632,3.469438102796015,0.0
15575,0.1890573799610138,0.9224395751953125,0.0,0.02471572932177667,0.004407218006131267,0.038078032095115545,0.23032517543984132,0.67701203892871,0.05474612045832117,0.4642450934845632,3.469438102796015,0.0
15600,0.1890421211719513,0.9224395751953125,0.0,0.024702375330537218,0.004407218006131267,0.038078032095115545,0.23032517543984132,0.67701203892871,0.05474612045832117,0.4642450934845632,3.469438102796015,0.0
15625,0.1890268623828888,0.9224395751953125,0.0,0.02468820509933735,0.004407218006131267,0.038078032095115545,0.23032517543984132,0.67701203892871,0.05474612045832117,0.4642450934845632,3.469438102796015,0.0
15650,0.18901163339614868,0.922454833984375,0.0,0.024674096743185884,0.004407218006131267,0.038078032095115545,0.23032517543984132,0.67701203892871,0.05474612045832117,0.4642450934845632,3.469438102796015,0.0
15675,0.18899643421173096,0.922454833984375,0.0,0.02466063266637166,0.004407218006131267,0.038078032095115545,0.23032517543984132,0.67701203892871,0.05474612045832117,0.4642450934845632,3.469438102796015,0.0
15700,0.18898123502731323,0.9224700927734375,0.0,0.02464733615886161,0.004407218006131267,0.038078032095115545,0.23032517543984132,0.67701203892871,0.05474612045832117,0.4642450934845632,3.469438102796015,0.0
15725,0.1889660656452179,0.9224700927734375,0.0,0.024633727707480825,0.004407218006131267,0.038078032095115545,0.23032517543984132,0.67701203892871,0.05474612045832117,0.4642450934845632,3.469438102796015,0.0
15750,0.18895089626312256,0.9224853515625,0.0,0.02462021621023514,0.004407218006131267,0.038078032095115545,0.23032517543984132,0.67701203892871,0.05474612045832117,0.4642450934845632,3.469438102796015,0.0
15775,0.1889357566833496,0.9224853515625,0.0,0.024606983000964838,0.004407218006131267,0.038078032095115545,0.23032517543984132,0.67701203892871,0.05474612045832117,0.4642450934845632,3.469438102796015,0.0
15800,0.18892061710357666,0.9224853515625,0.0,0.024593142146298846,0.004407218006131267,0.038078032095115545,0.23032517543984132,0.67701203892871,0.05474612045832117,0.4642450934845632,3.469438102796015,0.0
15825,0.1889055073261261,0.9225006103515625,0.0,0.02457986327798069,0.004407218006131267,0.038078032095115545,0.23032517543984132,0.67701203892871,0.05474612045832117,0.4642450934845632,3.469438102796015,0.0
15850,0.18889042735099792,0.9225006103515625,0.0,0.024566930058152185,0.004407218006131267,0.038078032095115545,0.23032517543984132,0.67701203892871,0.05474612045832117,0.4642450934845632,3.469438102796015,0.0
15875,0.18887533247470856,0.9224853515625,0.0,0.024554301065854177,0.004407218006131267,0.038078032095115545,0.23032517543984132,0.67701203892871,0.05474612045832117,0.4642450934845632,3.469438102796015,0.0
15900,0.18886028230190277,0.9224853515625,0.0,0.024541640184124216,0.004407218006131267,0.038078032095115545,0.23032517543984132,0.67701203892871,0.05474612045832117,0.4642450934845632,3.469438102796015,0.0
15925,0.1888452172279358,0.9224853515625,0.0,0.024527723710880283,0.004407218006131267,0.038078032095115545,0.23032517543984132,0.67701203892871,0.05474612045832117,0.4642450934845632,3.469438102796015,0.0
15950,0.1888301819562912,0.9225006103515625,0.0,0.024514368442849866,0.004407218006131267,0.038078032095115545,0.23032517543984132,0.67701203892871,0.05474612045832117,0.4642450934845632,3.469438102796015,0.0
15975,0.188815176486969,0.9225006103515625,0.0,0.024501579457563125,0.004407218006131267,0.038078032095115545,0.23032517543984132,0.67701203892871,0.05474612045832117,0.4642450934845632,3.469438102796015,0.0
16000,0.18880018591880798,0.9225006103515625,0.0,0.024488489967881687,0.004407218006131267,0.038078032095115545,0.23032517543984132,0.67701203892871,0.05474612045832117,0.4642450934845632,3.469438102796015,0.0
16025,0.18878519535064697,0.9225006103515625,0.0,0.02447555533515661,0.004407218006131267,0.038078032095115545,0.23032517543984132,0.67701203892871,0.05474612045832117,0.4642450934845632,3.469438102796015,0.0
16050,0.18877021968364716,0.9224853515625,0.0,0.024462546779659873,0.004407218006131267,0.038078032095115545,0.23032517543984132,0.67701203892871,0.05474612045832117,0.4642450934845632,3.469438102796015,0.0
16075,0.18875527381896973,0.922515869140625,0.0,0.02444943438827475,0.004407218006131267,0.038078032095115545,0.23032517543984132,0.67701203892871,0.05474612045832117,0.4642450934845632,3.469438102796015,0.0
16100,0.1887403428554535,0.9225006103515625,0.0,0.024436739570362062,0.004407218006131267,0.038078032095115545,0.23032517543984132,0.67701203892871,0.05474612045832117,0.4642450934845632,3.469438102796015,0.0
16125,0.18872541189193726,0.9225311279296875,0.0,0.0244237650729047,0.004407218006131267,0.038078032095115545,0.23032517543984132,0.67701203892871,0.05474612045832117,0.4642450934845632,3.469438102796015,0.0
16150,0.1887105107307434,0.92254638671875,0.0,0.024410832027743568,0.004407218006131267,0.038078032095115545,0.23032517543984132,0.67701203892871,0.05474612045832117,0.4642450934845632,3.469438102796015,0.0
16175,0.18869562447071075,0.92254638671875,0.0,0.024397907647142066,0.004407218006131267,0.038078032095115545,0.23032517543984132,0.67701203892871,0.05474612045832117,0.4642450934845632,3.469438102796015,0.0
16200,0.1886807382106781,0.9225616455078125,0.0,0.02438484033549021,0.004407218006131267,0.038078032095115545,0.23032517543984132,0.67701203892871,0.05474612045832117,0.4642450934845632,3.469438102796015,0.0
16225,0.18866589665412903,0.9225921630859375,0.0,0.024371697272622988,0.004407218006131267,0.038078032095115545,0.23032517543984132,0.67701203892871,0.05474612045832117,0.4642450934845632,3.469438102796015,0.0
16250,0.18865105509757996,0.922576904296875,0.0,0.024359501944808005,0.004407218006131267,0.038078032095115545,0.23032517543984132,0.67701203892871,0.05474612045832117,0.4642450934845632,3.469438102796015,0.0
16275,0.18863622844219208,0.92254638671875,0.0,0.024347421955411015,0.004407218006131267,0.038078032095115545,0.23032517543984132,0.67701203892871,0.05474612045832117,0.4642450934845632,3.469438102796015,0.0
16300,0.1886214017868042,0.92254638671875,0.0,0.024335030224623518,0.004407218006131267,0.038078032095115545,0.23032517543984132,0.67701203892871,0.05474612045832117,0.4642450934845632,3.469438102796015,0.0
16325,0.1886066198348999,0.92254638671875,0.0,0.02432285367999379,0.004407218006131267,0.038078032095115545,0.23032517543984132,0.67701203892871,0.05474612045832117,0.4642450934845632,3.469438102796015,0.0
16350,0.1885918378829956,0.92254638671875,0.0,0.024310512648718627,0.004407218006131267,0.038078032095115545,0.23032517543984132,0.67701203892871,0.05474612045832117,0.4642450934845632,3.469438102796015,0.0
16375,0.1885770559310913,0.9225311279296875,0.0,0.024298607393437057,0.004407218006131267,0.038078032095115545,0.23032517543984132,0.67701203892871,0.05474612045832117,0.4642450934845632,3.469438102796015,0.0
16400,0.1885623186826706,0.92254638671875,0.0,0.024285972692059725,0.004407218006131267,0.038078032095115545,0.23032517543984132,0.67701203892871,0.05474612045832117,0.4642450934845632,3.469438102796015,0.0
16425,0.18854758143424988,0.9225616455078125,0.0,0.02427342848476077,0.004407218006131267,0.038078032095115545,0.23032517543984132,0.67701203892871,0.05474612045832117,0.4642450934845632,3.469438102796015,0.0
16450,0.18853284418582916,0.922576904296875,0.0,0.024261290737444718,0.004407218006131267,0.038078032095115545,0.23032517543984132,0.67701203892871,0.05474612045832117,0.4642450934845632,3.469438102796015,0.0
16475,0.18851813673973083,0.9225921630859375,0.0,0.024248872389674044,0.004407218006131267,0.038078032095115545,0.23032517543984132,0.67701203892871,0.05474612045832117,0.4642450934845632,3.469438102796015,0.0
16500,0.1885034441947937,0.9225921630859375,0.0,0.024237212763238418,0.004407218006131267,0.038078032095115545,0.23032517543984132,0.67701203892871,0.05474612045832117,0.4642450934845632,3.469438102796015,0.0
16525,0.18848878145217896,0.9225921630859375,0.0,0.02422466403991043,0.004407218006131267,0.038078032095115545,0.23032517543984132,0.67701203892871,0.05474612045832117,0.4642450934845632,3.469438102796015,0.0
16550,0.18847410380840302,0.9225921630859375,0.0,0.024213265778707027,0.004407218006131267,0.038078032095115545,0.23032517543984132,0.67701203892871,0.05474612045832117,0.4642450934845632,3.469438102796015,0.0
16575,0.18845945596694946,0.922607421875,0.0,0.02420159658534934,0.004407218006131267,0.038078032095115545,0.23032517543984132,0.67701203892871,0.05474612045832117,0.4642450934845632,3.469438102796015,0.0
16600,0.1884448230266571,0.922607421875,0.0,0.024189384345864207,0.004407218006131267,0.038078032095115545,0.23032517543984132,0.67701203892871,0.05474612045832117,0.4642450934845632,3.469438102796015,0.0
16625,0.18843019008636475,0.9225921630859375,0.0,0.024177978465183235,0.004407218006131267,0.038078032095115545,0.23032517543984132,0.67701203892871,0.05474612045832117,0.4642450934845632,3.469438102796015,0.0
16650,0.18841558694839478,0.922607421875,0.0,0.024166055005153567,0.004407218006131267,0.038078032095115545,0.23032517543984132,0.67701203892871,0.05474612045832117,0.4642450934845632,3.469438102796015,0.0
16675,0.188400998711586,0.922576904296875,0.0,0.024154139947217455,0.004407218006131267,0.038078032095115545,0.23032517543984132,0.67701203892871,0.05474612045832117,0.4642450934845632,3.469438102796015,0.0
16700,0.18838641047477722,0.922576904296875,0.0,0.024142021258413124,0.004407218006131267,0.038078032095115545,0.23032517543984132,0.67701203892871,0.05474612045832117,0.4642450934845632,3.469438102796015,0.0
16725,0.18837185204029083,0.922576904296875,0.0,0.024130329498689485,0.004407218006131267,0.038078032095115545,0.23032517543984132,0.67701203892871,0.05474612045832117,0.4642450934845632,3.469438102796015,0.0
16750,0.18835730850696564,0.9225616455078125,0.0,0.024118868143926265,0.004407218006131267,0.038078032095115545,0.23032517543984132,0.67701203892871,0.05474612045832117,0.4642450934845632,3.469438102796015,0.0
16775,0.18834276497364044,0.9225616455078125,0.0,0.024106760173952822,0.004407218006131267,0.038078032095115545,0.23032517543984132,0.67701203892871,0.05474612045832117,0.4642450934845632,3.469438102796015,0.0
16800,0.18832825124263763,0.9225921630859375,0.0,0.024095028892599433,0.004407218006131267,0.038078032095115545,0.23032517543984132,0.67701203892871,0.05474612045832117,0.4642450934845632,3.469438102796015,0.0
16825,0.18831373751163483,0.9225921630859375,0.0,0.024082992315666154,0.004407218006131267,0.038078032095115545,0.23032517543984132,0.67701203892871,0.05474612045832117,0.4642450934845632,3.469438102796015,0.0
16850,0.1882992386817932,0.9225921630859375,0.0,0.024070965869168903,0.004407218006131267,0.038078032095115545,0.23032517543984132,0.67701203892871,0.05474612045832117,0.4642450934845632,3.469438102796015,0.0
16875,0.1882847547531128,0.922607421875,0.0,0.02405979796613867,0.004407218006131267,0.038078032095115545,0.23032517543984132,0.67701203892871,0.05474612045832117,0.4642450934845632,3.469438102796015,0.0
16900,0.18827030062675476,0.922607421875,0.0,0.02404863449300868,0.004407218006131267,0.038078032095115545,0.23032517543984132,0.67701203892871,0.05474612045832117,0.4642450934845632,3.469438102796015,0.0
16925,0.18825584650039673,0.922607421875,0.0,0.024037868140888638,0.004407218006131267,0.038078032095115545,0.23032517543984132,0.67701203892871,0.05474612045832117,0.4642450934845632,3.469438102796015,0.0
16950,0.18824142217636108,0.922607421875,0.0,0.02402633200061595,0.004407218006131267,0.038078032095115545,0.23032517543984132,0.67701203892871,0.05474612045832117,0.4642450934845632,3.469438102796015,0.0
16975,0.18822696805000305,0.922607421875,0.0,0.024015113319804677,0.004407218006131267,0.038078032095115545,0.23032517543984132,0.67701203892871,0.05474612045832117,0.4642450934845632,3.469438102796015,0.0
17000,0.1882125735282898,0.922607421875,0.0,0.024004880785759335,0.004407218006131267,0.038078032095115545,0.23032517543984132,0.67701203892871,0.05474612045832117,0.4642450934845632,3.469438102796015,0.0
17025,0.18819816410541534,0.9226226806640625,0.0,0.023993295436354218,0.004407218006131267,0.038078032095115545,0.23032517543984132,0.67701203892871,0.05474612045832117,0.4642450934845632,3.469438102796015,0.0
17050,0.18818378448486328,0.922637939453125,0.0,0.023981640921211782,0.004407218006131267,0.038078032095115545,0.23032517543984132,0.67701203892871,0.05474612045832117,0.4642450934845632,3.469438102796015,0.0
17075,0.1881694197654724,0.922637939453125,0.0,0.023970832359867356,0.004407218006131267,0.038078032095115545,0.23032517543984132,0.67701203892871,0.05474612045832117,0.4642450934845632,3.469438102796015,0.0
17100,0.18815505504608154,0.922637939453125,0.0,0.023960250242863617,0.004407218006131267,0.038078032095115545,0.23032517543984132,0.67701203892871,0.05474612045832117,0.4642450934845632,3.469438102796015,0.0
17125,0.18814072012901306,0.922637939453125,0.0,0.023949977409616373,0.004407218006131267,0.038078032095115545,0.23032517543984132,0.67701203892871,0.05474612045832117,0.4642450934845632,3.469438102796015,0.0
17150,0.18812638521194458,0.9226226806640625,0.0,0.023939076660916107,0.004407218006131267,0.038078032095115545,0.23032517543984132,0.67701203892871,0.05474612045832117,0.4642450934845632,3.469438102796015,0.0
17175,0.1881120502948761,0.9226837158203125,0.0,0.023928246232004655,0.004407218006131267,0.038078032095115545,0.23032517543984132,0.67701203892871,0.05474612045832117,0.4642450934845632,3.469438102796015,0.0
17200,0.18809774518013,0.9226837158203125,0.0,0.0239174573970116,0.004407218006131267,0.038078032095115545,0.23032517543984132,0.67701203892871,0.05474612045832117,0.4642450934845632,3.469438102796015,0.0
17225,0.1880834698677063,0.9226837158203125,0.0,0.02390645990090616,0.004407218006131267,0.038078032095115545,0.23032517543984132,0.67701203892871,0.05474612045832117,0.4642450934845632,3.469438102796015,0.0
17250,0.1880691647529602,0.922698974609375,0.0,0.023896193869904835,0.004407218006131267,0.038078032095115545,0.23032517543984132,0.67701203892871,0.05474612045832117,0.4642450934845632,3.469438102796015,0.0
17275,0.1880548894405365,0.922698974609375,0.0,0.023885929385116557,0.004407218006131267,0.038078032095115545,0.23032517543984132,0.67701203892871,0.05474612045832117,0.4642450934845632,3.469438102796015,0.0
17300,0.18804064393043518,0.922698974609375,0.0,0.023875221561042777,0.004407218006131267,0.038078032095115545,0.23032517543984132,0.67701203892871,0.05474612045832117,0.4642450934845632,3.469438102796015,0.0
17325,0.18802639842033386,0.922698974609375,0.0,0.023864727301176333,0.004407218006131267,0.038078032095115545,0.23032517543984132,0.67701203892871,0.05474612045832117,0.4642450934845632,3.469438102796015,0.0
17350,0.18801216781139374,0.922698974609375,0.0,0.023853736373186496,0.004407218006131267,0.038078032095115545,0.23032517543984132,0.67701203892871,0.05474612045832117,0.4642450934845632,3.469438102796015,0.0
17375,0.1879979372024536,0.9227294921875,0.0,0.023843664191504476,0.004407218006131267,0.038078032095115545,0.23032517543984132,0.67701203892871,0.05474612045832117,0.4642450934845632,3.469438102796015,0.0
17400,0.18798375129699707,0.9227752685546875,0.0,0.023833104038315272,0.004407218006131267,0.038078032095115545,0.23032517543984132,0.67701203892871,0.05474612045832117,0.4642450934845632,3.469438102796015,0.0
17425,0.18796953558921814,0.92279052734375,0.0,0.02382303851781578,0.004407218006131267,0.038078032095115545,0.23032517543984132,0.67701203892871,0.05474612045832117,0.4642450934845632,3.469438102796015,0.0
17450,0.1879553496837616,0.92279052734375,0.0,0.02381287665142905,0.004407218006131267,0.038078032095115545,0.23032517543984132,0.67701203892871,0.05474612045832117,0.4642450934845632,3.469438102796015,0.0
17475,0.18794119358062744,0.92279052734375,0.0,0.02380361096487401,0.004407218006131267,0.038078032095115545,0.23032517543984132,0.67701203892871,0.05474612045832117,0.4642450934845632,3.469438102796015,0.0
17500,0.1879270374774933,0.92279052734375,0.0,0.023793174566698508,0.004407218006131267,0.038078032095115545,0.23032517543984132,0.67701203892871,0.05474612045832117,0.4642450934845632,3.469438102796015,0.0
17525,0.18791289627552032,0.9228057861328125,0.0,0.023783502490643964,0.004407218006131267,0.038078032095115545,0.23032517543984132,0.67701203892871,0.05474612045832117,0.4642450934845632,3.469438102796015,0.0
17550,0.18789875507354736,0.9228057861328125,0.0,0.023772869495933498,0.004407218006131267,0.038078032095115545,0.23032517543984132,0.67701203892871,0.05474612045832117,0.4642450934845632,3.469438102796015,0.0
17575,0.1878846287727356,0.9228057861328125,0.0,0.023762579666011162,0.004407218006131267,0.038078032095115545,0.23032517543984132,0.67701203892871,0.05474612045832117,0.4642450934845632,3.469438102796015,0.0
17600,0.18787053227424622,0.9228057861328125,0.0,0.02375226692491347,0.004407218006131267,0.038078032095115545,0.23032517543984132,0.67701203892871,0.05474612045832117,0.4642450934845632,3.469438102796015,0.0
17625,0.18785643577575684,0.9228057861328125,0.0,0.023741740845825955,0.004407218006131267,0.038078032095115545,0.23032517543984132,0.67701203892871,0.05474612045832117,0.4642450934845632,3.469438102796015,0.0
17650,0.18784233927726746,0.9228057861328125,0.0,0.023731656456832485,0.004407218006131267,0.038078032095115545,0.23032517543984132,0.67701203892871,0.05474612045832117,0.4642450934845632,3.469438102796015,0.0
17675,0.18782827258110046,0.9228363037109375,0.0,0.02372144961766362,0.004407218006131267,0.038078032095115545,0.23032517543984132,0.67701203892871,0.05474612045832117,0.4642450934845632,3.469438102796015,0.0
17700,0.18781420588493347,0.9228363037109375,0.0,0.023711405861403443,0.004407218006131267,0.038078032095115545,0.23032517543984132,0.67701203892871,0.05474612045832117,0.4642450934845632,3.469438102796015,0.0
17725,0.18780015408992767,0.9228363037109375,0.0,0.023701620900938258,0.004407218006131267,0.038078032095115545,0.23032517543984132,0.67701203892871,0.05474612045832117,0.4642450934845632,3.469438102796015,0.0
17750,0.18778611719608307,0.922882080078125,0.0,0.023691967252658055,0.004407218006131267,0.038078032095115545,0.23032517543984132,0.67701203892871,0.05474612045832117,0.4642450934845632,3.469438102796015,0.0
17775,0.18777209520339966,0.922882080078125,0.0,0.02368194117148765,0.004407218006131267,0.038078032095115545,0.23032517543984132,0.67701203892871,0.05474612045832117,0.4642450934845632,3.469438102796015,0.0
17800,0.18775807321071625,0.92291259765625,0.0,0.023672141866832197,0.004407218006131267,0.038078032095115545,0.23032517543984132,0.67701203892871,0.05474612045832117,0.4642450934845632,3.469438102796015,0.0
17825,0.18774406611919403,0.922943115234375,0.0,0.02366160161826132,0.004407218006131267,0.038078032095115545,0.23032517543984132,0.67701203892871,0.05474612045832117,0.4642450934845632,3.469438102796015,0.0
17850,0.1877300888299942,0.922943115234375,0.0,0.023651144493342248,0.004407218006131267,0.038078032095115545,0.23032517543984132,0.67701203892871,0.05474612045832117,0.4642450934845632,3.469438102796015,0.0
17875,0.18771609663963318,0.922943115234375,0.0,0.023641046356703617,0.004407218006131267,0.038078032095115545,0.23032517543984132,0.67701203892871,0.05474612045832117,0.4642450934845632,3.469438102796015,0.0
17900,0.18770213425159454,0.9229278564453125,0.0,0.0236317868023248,0.004407218006131267,0.038078032095115545,0.23032517543984132,0.67701203892871,0.05474612045832117,0.4642450934845632,3.469438102796015,0.0
17925,0.1876881718635559,0.9229278564453125,0.0,0.023621677134655794,0.004407218006131267,0.038078032095115545,0.23032517543984132,0.67701203892871,0.05474612045832117,0.4642450934845632,3.469438102796015,0.0
17950,0.18767422437667847,0.9229278564453125,0.0,0.023611506932131387,0.004407218006131267,0.038078032095115545,0.23032517543984132,0.67701203892871,0.05474612045832117,0.4642450934845632,3.469438102796015,0.0
17975,0.1876603066921234,0.9229278564453125,0.0,0.023601404228417666,0.004407218006131267,0.038078032095115545,0.23032517543984132,0.67701203892871,0.05474612045832117,0.4642450934845632,3.469438102796015,0.0
18000,0.18764638900756836,0.9229278564453125,0.0,0.02359198120710287,0.004407218006131267,0.038078032095115545,0.23032517543984132,0.67701203892871,0.05474612045832117,0.4642450934845632,3.469438102796015,0.0
18025,0.1876324713230133,0.9229278564453125,0.0,0.023582624810598075,0.004407218006131267,0.038078032095115545,0.23032517543984132,0.67701203892871,0.05474612045832117,0.4642450934845632,3.469438102796015,0.0
18050,0.18761858344078064,0.92291259765625,0.0,0.023572687884787936,0.004407218006131267,0.038078032095115545,0.23032517543984132,0.67701203892871,0.05474612045832117,0.4642450934845632,3.469438102796015,0.0
18075,0.18760469555854797,0.9229278564453125,0.0,0.023563289067788436,0.004407218006131267,0.038078032095115545,0.23032517543984132,0.67701203892871,0.05474612045832117,0.4642450934845632,3.469438102796015,0.0
18100,0.1875908076763153,0.922943115234375,0.0,0.023553321087097838,0.004407218006131267,0.038078032095115545,0.23032517543984132,0.67701203892871,0.05474612045832117,0.4642450934845632,3.469438102796015,0.0
18125,0.18757694959640503,0.9229583740234375,0.0,0.02354355444683786,0.004407218006131267,0.038078032095115545,0.23032517543984132,0.67701203892871,0.05474612045832117,0.4642450934845632,3.469438102796015,0.0
18150,0.18756310641765594,0.9229583740234375,0.0,0.02353376061826609,0.004407218006131267,0.038078032095115545,0.23032517543984132,0.67701203892871,0.05474612045832117,0.4642450934845632,3.469438102796015,0.0
18175,0.18754926323890686,0.9229583740234375,0.0,0.023523956301537384,0.004407218006131267,0.038078032095115545,0.23032517543984132,0.67701203892871,0.05474612045832117,0.4642450934845632,3.469438102796015,0.0
18200,0.18753543496131897,0.9229583740234375,0.0,0.023514783867094265,0.004407218006131267,0.038078032095115545,0.23032517543984132,0.67701203892871,0.05474612045832117,0.4642450934845632,3.469438102796015,0.0
18225,0.18752162158489227,0.9229736328125,0.0,0.02350613853238253,0.004407218006131267,0.038078032095115545,0.23032517543984132,0.67701203892871,0.05474612045832117,0.4642450934845632,3.469438102796015,0.0
18250,0.18750780820846558,0.9229736328125,0.0,0.023496815916124906,0.004407218006131267,0.038078032095115545,0.23032517543984132,0.67701203892871,0.05474612045832117,0.4642450934845632,3.469438102796015,0.0
18275,0.18749400973320007,0.9229583740234375,0.0,0.023488437322631697,0.004407218006131267,0.038078032095115545,0.23032517543984132,0.67701203892871,0.05474612045832117,0.4642450934845632,3.469438102796015,0.0
18300,0.18748022615909576,0.923004150390625,0.0,0.02347920502719647,0.004407218006131267,0.038078032095115545,0.23032517543984132,0.67701203892871,0.05474612045832117,0.4642450934845632,3.469438102796015,0.0
18325,0.18746645748615265,0.923004150390625,0.0,0.023469270590589043,0.004407218006131267,0.038078032095115545,0.23032517543984132,0.67701203892871,0.05474612045832117,0.4642450934845632,3.469438102796015,0.0
18350,0.18745267391204834,0.923004150390625,0.0,0.02345945439659694,0.004407218006131267,0.038078032095115545,0.23032517543984132,0.67701203892871,0.05474612045832117,0.4642450934845632,3.469438102796015,0.0
18375,0.1874389350414276,0.9230194091796875,0.0,0.023450725241969814,0.004407218006131267,0.038078032095115545,0.23032517543984132,0.67701203892871,0.05474612045832117,0.4642450934845632,3.469438102796015,0.0
18400,0.18742519617080688,0.92303466796875,0.0,0.023441058733976963,0.004407218006131267,0.038078032095115545,0.23032517543984132,0.67701203892871,0.05474612045832117,0.4642450934845632,3.469438102796015,0.0
18425,0.18741145730018616,0.9230194091796875,0.0,0.023432122771905206,0.004407218006131267,0.038078032095115545,0.23032517543984132,0.67701203892871,0.05474612045832117,0.4642450934845632,3.469438102796015,0.0
18450,0.18739773333072662,0.92303466796875,0.0,0.023422563245607483,0.004407218006131267,0.038078032095115545,0.23032517543984132,0.67701203892871,0.05474612045832117,0.4642450934845632,3.469438102796015,0.0
18475,0.18738402426242828,0.92303466796875,0.0,0.02341428086917775,0.004407218006131267,0.038078032095115545,0.23032517543984132,0.67701203892871,0.05474612045832117,0.4642450934845632,3.469438102796015,0.0
18500,0.18737033009529114,0.9230194091796875,0.0,0.02340597548506303,0.004407218006131267,0.038078032095115545,0.23032517543984132,0.67701203892871,0.05474612045832117,0.4642450934845632,3.469438102796015,0.0
18525,0.1873566210269928,0.92303466796875,0.0,0.02339676045272589,0.004407218006131267,0.038078032095115545,0.23032517543984132,0.67701203892871,0.05474612045832117,0.4642450934845632,3.469438102796015,0.0
18550,0.18734294176101685,0.92303466796875,0.0,0.023387685270775182,0.004407218006131267,0.038078032095115545,0.23032517543984132,0.67701203892871,0.05474612045832117,0.4642450934845632,3.469438102796015,0.0
18575,0.18732929229736328,0.92303466796875,0.0,0.02337864216213818,0.004407218006131267,0.038078032095115545,0.23032517543984132,0.67701203892871,0.05474612045832117,0.4642450934845632,3.469438102796015,0.0
18600,0.18731561303138733,0.92303466796875,0.0,0.02336979808460614,0.004407218006131267,0.038078032095115545,0.23032517543984132,0.67701203892871,0.05474612045832117,0.4642450934845632,3.469438102796015,0.0
18625,0.18730197846889496,0.9230499267578125,0.0,0.0233601381229169,0.004407218006131267,0.038078032095115545,0.23032517543984132,0.67701203892871,0.05474612045832117,0.4642450934845632,3.469438102796015,0.0
18650,0.1872883439064026,0.9230499267578125,0.0,0.023351044258136375,0.004407218006131267,0.038078032095115545,0.23032517543984132,0.67701203892871,0.05474612045832117,0.4642450934845632,3.469438102796015,0.0
18675,0.18727470934391022,0.92303466796875,0.0,0.023342090849899248,0.004407218006131267,0.038078032095115545,0.23032517543984132,0.67701203892871,0.05474612045832117,0.4642450934845632,3.469438102796015,0.0
18700,0.18726108968257904,0.923065185546875,0.0,0.02333331176007056,0.004407218006131267,0.038078032095115545,0.23032517543984132,0.67701203892871,0.05474612045832117,0.4642450934845632,3.469438102796015,0.0
18725,0.18724748492240906,0.923065185546875,0.0,0.02332347396906902,0.004407218006131267,0.038078032095115545,0.23032517543984132,0.67701203892871,0.05474612045832117,0.4642450934845632,3.469438102796015,0.0
18750,0.18723389506340027,0.923065185546875,0.0,0.023314771424572,0.004407218006131267,0.038078032095115545,0.23032517543984132,0.67701203892871,0.05474612045832117,0.4642450934845632,3.469438102796015,0.0
18775,0.18722030520439148,0.923065185546875,0.0,0.023306227822999057,0.004407218006131267,0.038078032095115545,0.23032517543984132,0.67701203892871,0.05474612045832117,0.4642450934845632,3.469438102796015,0.0
18800,0.18720674514770508,0.923065185546875,0.0,0.023296896063885093,0.004407218006131267,0.038078032095115545,0.23032517543984132,0.67701203892871,0.05474612045832117,0.4642450934845632,3.469438102796015,0.0
18825,0.18719317018985748,0.923065185546875,0.0,0.023287928324520393,0.004407218006131267,0.038078032095115545,0.23032517543984132,0.67701203892871,0.05474612045832117,0.4642450934845632,3.469438102796015,0.0
18850,0.18717961013317108,0.9230499267578125,0.0,0.023279456951578514,0.004407218006131267,0.038078032095115545,0.23032517543984132,0.67701203892871,0.05474612045832117,0.4642450934845632,3.469438102796015,0.0
18875,0.18716607987880707,0.9230499267578125,0.0,0.023270950248124665,0.004407218006131267,0.038078032095115545,0.23032517543984132,0.67701203892871,0.05474612045832117,0.4642450934845632,3.469438102796015,0.0
18900,0.18715256452560425,0.923065185546875,0.0,0.023261999501607584,0.004407218006131267,0.038078032095115545,0.23032517543984132,0.67701203892871,0.05474612045832117,0.4642450934845632,3.469438102796015,0.0
18925,0.18713901937007904,0.9230804443359375,0.0,0.02325375425983369,0.004407218006131267,0.038078032095115545,0.23032517543984132,0.67701203892871,0.05474612045832117,0.4642450934845632,3.469438102796015,0.0
18950,0.18712550401687622,0.923095703125,0.0,0.023244753258819282,0.004407218006131267,0.038078032095115545,0.23032517543984132,0.67701203892871,0.05474612045832117,0.4642450934845632,3.469438102796015,0.0
18975,0.1871120035648346,0.923095703125,0.0,0.023236424431018105,0.004407218006131267,0.038078032095115545,0.23032517543984132,0.67701203892871,0.05474612045832117,0.4642450934845632,3.469438102796015,0.0
19000,0.18709851801395416,0.923095703125,0.0,0.023227696852929802,0.004407218006131267,0.038078032095115545,0.23032517543984132,0.67701203892871,0.05474612045832117,0.4642450934845632,3.469438102796015,0.0
19025,0.18708501756191254,0.9230804443359375,0.0,0.02321919497958902,0.004407218006131267,0.038078032095115545,0.23032517543984132,0.67701203892871,0.05474612045832117,0.4642450934845632,3.469438102796015,0.0
19050,0.1870715618133545,0.9231109619140625,0.0,0.023210724788453315,0.004407218006131267,0.038078032095115545,0.23032517543984132,0.67701203892871,0.05474612045832117,0.4642450934845632,3.469438102796015,0.0
19075,0.18705809116363525,0.9231109619140625,0.0,0.023201799989399138,0.004407218006131267,0.038078032095115545,0.23032517543984132,0.67701203892871,0.05474612045832117,0.4642450934845632,3.469438102796015,0.0
19100,0.1870446503162384,0.9231414794921875,0.0,0.023193322763096953,0.004407218006131267,0.038078032095115545,0.23032517543984132,0.67701203892871,0.05474612045832117,0.4642450934845632,3.469438102796015,0.0
19125,0.18703120946884155,0.9231414794921875,0.0,0.02318504829960128,0.004407218006131267,0.038078032095115545,0.23032517543984132,0.67701203892871,0.05474612045832117,0.4642450934845632,3.469438102796015,0.0
19150,0.1870177686214447,0.9231414794921875,0.0,0.023176268888476025,0.004407218006131267,0.038078032095115545,0.23032517543984132,0.67701203892871,0.05474612045832117,0.4642450934845632,3.469438102796015,0.0
19175,0.18700434267520905,0.9231719970703125,0.0,0.023167758670227506,0.004407218006131267,0.038078032095115545,0.23032517543984132,0.67701203892871,0.05474612045832117,0.4642450934845632,3.469438102796015,0.0
19200,0.18699093163013458,0.923187255859375,0.0,0.02315888054139534,0.004407218006131267,0.038078032095115545,0.23032517543984132,0.67701203892871,0.05474612045832117,0.4642450934845632,3.469438102796015,0.0
19225,0.18697752058506012,0.923187255859375,0.0,0.02315048642389806,0.004407218006131267,0.038078032095115545,0.23032517543984132,0.67701203892871,0.05474612045832117,0.4642450934845632,3.469438102796015,0.0
19250,0.18696412444114685,0.923187255859375,0.0,0.02314200130197629,0.004407218006131267,0.038078032095115545,0.23032517543984132,0.67701203892871,0.05474612045832117,0.4642450934845632,3.469438102796015,0.0
19275,0.18695074319839478,0.923187255859375,0.0,0.023133296043858848,0.004407218006131267,0.038078032095115545,0.23032517543984132,0.67701203892871,0.05474612045832117,0.4642450934845632,3.469438102796015,0.0
19300,0.1869373619556427,0.9232025146484375,0.0,0.023124658290328615,0.004407218006131267,0.038078032095115545,0.23032517543984132,0.67701203892871,0.05474612045832117,0.4642450934845632,3.469438102796015,0.0
19325,0.186924010515213,0.9232025146484375,0.0,0.023117375733732154,0.004407218006131267,0.038078032095115545,0.23032517543984132,0.67701203892871,0.05474612045832117,0.4642450934845632,3.469438102796015,0.0
19350,0.18691065907478333,0.9232025146484375,0.0,0.023109313786195115,0.004407218006131267,0.038078032095115545,0.23032517543984132,0.67701203892871,0.05474612045832117,0.4642450934845632,3.469438102796015,0.0
19375,0.18689730763435364,0.9232025146484375,0.0,0.02310147079523832,0.004407218006131267,0.038078032095115545,0.23032517543984132,0.67701203892871,0.05474612045832117,0.4642450934845632,3.469438102796015,0.0
19400,0.18688397109508514,0.9232025146484375,0.0,0.023093223883449088,0.004407218006131267,0.038078032095115545,0.23032517543984132,0.67701203892871,0.05474612045832117,0.4642450934845632,3.469438102796015,0.0
19425,0.18687064945697784,0.923187255859375,0.0,0.023085146079006996,0.004407218006131267,0.038078032095115545,0.23032517543984132,0.67701203892871,0.05474612045832117,0.4642450934845632,3.469438102796015,0.0
19450,0.18685731291770935,0.923187255859375,0.0,0.023076672162919205,0.004407218006131267,0.038078032095115545,0.23032517543984132,0.67701203892871,0.05474612045832117,0.4642450934845632,3.469438102796015,0.0
19475,0.18684402108192444,0.9231719970703125,0.0,0.023069193604433273,0.004407218006131267,0.038078032095115545,0.23032517543984132,0.67701203892871,0.05474612045832117,0.4642450934845632,3.469438102796015,0.0
19500,0.18683071434497833,0.923187255859375,0.0,0.023060662253167778,0.004407218006131267,0.038078032095115545,0.23032517543984132,0.67701203892871,0.05474612045832117,0.4642450934845632,3.469438102796015,0.0
19525,0.18681743741035461,0.923187255859375,0.0,0.02305285137515345,0.004407218006131267,0.038078032095115545,0.23032517543984132,0.67701203892871,0.05474612045832117,0.4642450934845632,3.469438102796015,0.0
19550,0.1868041455745697,0.923187255859375,0.0,0.023044597794988485,0.004407218006131267,0.038078032095115545,0.23032517543984132,0.67701203892871,0.05474612045832117,0.4642450934845632,3.469438102796015,0.0
19575,0.18679086863994598,0.923187255859375,0.0,0.023036067428419165,0.004407218006131267,0.038078032095115545,0.23032517543984132,0.67701203892871,0.05474612045832117,0.4642450934845632,3.469438102796015,0.0
19600,0.18677760660648346,0.923187255859375,0.0,0.02302831215670218,0.004407218006131267,0.038078032095115545,0.23032517543984132,0.67701203892871,0.05474612045832117,0.4642450934845632,3.469438102796015,0.0
19625,0.18676435947418213,0.92315673828125,0.0,0.023019875613986357,0.004407218006131267,0.038078032095115545,0.23032517543984132,0.67701203892871,0.05474612045832117,0.4642450934845632,3.469438102796015,0.0
19650,0.1867511123418808,0.92315673828125,0.0,0.023012398728588134,0.004407218006131267,0.038078032095115545,0.23032517543984132,0.67701203892871,0.05474612045832117,0.4642450934845632,3.469438102796015,0.0
19675,0.18673788011074066,0.92315673828125,0.0,0.02300456508520836,0.004407218006131267,0.038078032095115545,0.23032517543984132,0.67701203892871,0.05474612045832117,0.4642450934845632,3.469438102796015,0.0
19700,0.18672464787960052,0.9231719970703125,0.0,0.022996833030300153,0.004407218006131267,0.038078032095115545,0.23032517543984132,0.67701203892871,0.05474612045832117,0.4642450934845632,3.469438102796015,0.0
19725,0.18671143054962158,0.923187255859375,0.0,0.022989061180483703,0.004407218006131267,0.038078032095115545,0.23032517543984132,0.67701203892871,0.05474612045832117,0.4642450934845632,3.469438102796015,0.0
19750,0.18669822812080383,0.923187255859375,0.0,0.02298152501470302,0.004407218006131267,0.038078032095115545,0.23032517543984132,0.67701203892871,0.05474612045832117,0.4642450934845632,3.469438102796015,0.0
19775,0.18668502569198608,0.9232025146484375,0.0,0.022973719477018678,0.004407218006131267,0.038078032095115545,0.23032517543984132,0.67701203892871,0.05474612045832117,0.4642450934845632,3.469438102796015,0.0
19800,0.18667183816432953,0.9232025146484375,0.0,0.022966319181813615,0.004407218006131267,0.038078032095115545,0.23032517543984132,0.67701203892871,0.05474612045832117,0.4642450934845632,3.469438102796015,0.0
19825,0.18665865063667297,0.923187255859375,0.0,0.022958125349668488,0.004407218006131267,0.038078032095115545,0.23032517543984132,0.67701203892871,0.05474612045832117,0.4642450934845632,3.469438102796015,0.0
19850,0.1866454780101776,0.9232025146484375,0.0,0.0229506956472579,0.004407218006131267,0.038078032095115545,0.23032517543984132,0.67701203892871,0.05474612045832117,0.4642450934845632,3.469438102796015,0.0
19875,0.18663230538368225,0.9232177734375,0.0,0.022942275880002652,0.004407218006131267,0.038078032095115545,0.23032517543984132,0.67701203892871,0.05474612045832117,0.4642450934845632,3.469438102796015,0.0
19900,0.18661916255950928,0.9232330322265625,0.0,0.022934207429480487,0.004407218006131267,0.038078032095115545,0.23032517543984132,0.67701203892871,0.05474612045832117,0.4642450934845632,3.469438102796015,0.0
19925,0.1866060197353363,0.9232177734375,0.0,0.022927003844837517,0.004407218006131267,0.038078032095115545,0.23032517543984132,0.67701203892871,0.05474612045832117,0.4642450934845632,3.469438102796015,0.0
19950,0.18659287691116333,0.9232177734375,0.0,0.02291935681037182,0.004407218006131267,0.038078032095115545,0.23032517543984132,0.67701203892871,0.05474612045832117,0.4642450934845632,3.469438102796015,0.0
19975,0.18657976388931274,0.9232177734375,0.0,0.02291148017685347,0.004407218006131267,0.038078032095115545,0.23032517543984132,0.67701203892871,0.05474612045832117,0.4642450934845632,3.469438102796015,0.0
20000,0.18656663596630096,0.9232177734375,0.0,0.022903470525953373,0.004407218006131267,0.038078032095115545,0.23032517543984132,0.67701203892871,0.05474612045832117,0.4642450934845632,3.469438102796015,0.0
20025,0.18655352294445038,0.9232330322265625,0.0,0.022896610653606878,0.004407218006131267,0.038078032095115545,0.23032517543984132,0.67701203892871,0.05474612045832117,0.4642450934845632,3.469438102796015,0.0
20050,0.186540424823761,0.9232177734375,0.0,0.022888388423894672,0.004407218006131267,0.038078032095115545,0.23032517543984132,0.67701203892871,0.05474612045832117,0.4642450934845632,3.469438102796015,0.0
20075,0.1865273267030716,0.9232330322265625,0.0,0.022880569730847806,0.004407218006131267,0.038078032095115545,0.23032517543984132,0.67701203892871,0.05474612045832117,0.4642450934845632,3.469438102796015,0.0
20100,0.1865142583847046,0.9232177734375,0.0,0.022872749568542048,0.004407218006131267,0.038078032095115545,0.23032517543984132,0.67701203892871,0.05474612045832117,0.4642450934845632,3.469438102796015,0.0
20125,0.1865011751651764,0.9232177734375,0.0,0.02286473752761706,0.004407218006131267,0.038078032095115545,0.23032517543984132,0.67701203892871,0.05474612045832117,0.4642450934845632,3.469438102796015,0.0
20150,0.1864881068468094,0.9232330322265625,0.0,0.022857555440679394,0.004407218006131267,0.038078032095115545,0.23032517543984132,0.67701203892871,0.05474612045832117,0.4642450934845632,3.469438102796015,0.0
20175,0.18647505342960358,0.923248291015625,0.0,0.02285003142398249,0.004407218006131267,0.038078032095115545,0.23032517543984132,0.67701203892871,0.05474612045832117,0.4642450934845632,3.469438102796015,0.0
20200,0.18646200001239777,0.923248291015625,0.0,0.022842376615600013,0.004407218006131267,0.038078032095115545,0.23032517543984132,0.67701203892871,0.05474612045832117,0.4642450934845632,3.469438102796015,0.0
20225,0.18644896149635315,0.923248291015625,0.0,0.022834948941720258,0.004407218006131267,0.038078032095115545,0.23032517543984132,0.67701203892871,0.05474612045832117,0.4642450934845632,3.469438102796015,0.0
20250,0.18643592298030853,0.9232330322265625,0.0,0.022827774212608846,0.004407218006131267,0.038078032095115545,0.23032517543984132,0.67701203892871,0.05474612045832117,0.4642450934845632,3.469438102796015,0.0
20275,0.1864229142665863,0.9232635498046875,0.0,0.0228202363574911,0.004407218006131267,0.038078032095115545,0.23032517543984132,0.67701203892871,0.05474612045832117,0.4642450934845632,3.469438102796015,0.0
20300,0.18640989065170288,0.9232635498046875,0.0,0.022813998536042934,0.004407218006131267,0.038078032095115545,0.23032517543984132,0.67701203892871,0.05474612045832117,0.4642450934845632,3.469438102796015,0.0
20325,0.18639688193798065,0.92327880859375,0.0,0.02280676972878537,0.004407218006131267,0.038078032095115545,0.23032517543984132,0.67701203892871,0.05474612045832117,0.4642450934845632,3.469438102796015,0.0
20350,0.18638387322425842,0.92327880859375,0.0,0.022799103682810625,0.004407218006131267,0.038078032095115545,0.23032517543984132,0.67701203892871,0.05474612045832117,0.4642450934845632,3.469438102796015,0.0
20375,0.18637089431285858,0.9232940673828125,0.0,0.022791754401754502,0.004407218006131267,0.038078032095115545,0.23032517543984132,0.67701203892871,0.05474612045832117,0.4642450934845632,3.469438102796015,0.0
20400,0.18635790050029755,0.9232940673828125,0.0,0.022785022082765588,0.004407218006131267,0.038078032095115545,0.23032517543984132,0.67701203892871,0.05474612045832117,0.4642450934845632,3.469438102796015,0.0
20425,0.1863449215888977,0.9232940673828125,0.0,0.02277801857228246,0.004407218006131267,0.038078032095115545,0.23032517543984132,0.67701203892871,0.05474612045832117,0.4642450934845632,3.469438102796015,0.0
20450,0.18633195757865906,0.923309326171875,0.0,0.022771235014917127,0.004407218006131267,0.038078032095115545,0.23032517543984132,0.67701203892871,0.05474612045832117,0.4642450934845632,3.469438102796015,0.0
20475,0.1863190084695816,0.9232940673828125,0.0,0.022763630193647858,0.004407218006131267,0.038078032095115545,0.23032517543984132,0.67701203892871,0.05474612045832117,0.4642450934845632,3.469438102796015,0.0
20500,0.18630605936050415,0.9233551025390625,0.0,0.022756517199792582,0.004407218006131267,0.038078032095115545,0.23032517543984132,0.67701203892871,0.05474612045832117,0.4642450934845632,3.469438102796015,0.0
20525,0.1862931102514267,0.9233551025390625,0.0,0.022749475402496215,0.004407218006131267,0.038078032095115545,0.23032517543984132,0.67701203892871,0.05474612045832117,0.4642450934845632,3.469438102796015,0.0
20550,0.18628019094467163,0.9233551025390625,0.0,0.022742069654268216,0.004407218006131267,0.038078032095115545,0.23032517543984132,0.67701203892871,0.05474612045832117,0.4642450934845632,3.469438102796015,0.0
20575,0.18626725673675537,0.923370361328125,0.0,0.02273492389308059,0.004407218006131267,0.038078032095115545,0.23032517543984132,0.67701203892871,0.05474612045832117,0.4642450934845632,3.469438102796015,0.0
20600,0.1862543225288391,0.923370361328125,0.0,0.022728496784502332,0.004407218006131267,0.038078032095115545,0.23032517543984132,0.67701203892871,0.05474612045832117,0.4642450934845632,3.469438102796015,0.0
20625,0.18624143302440643,0.9233551025390625,0.0,0.022721635013101708,0.004407218006131267,0.038078032095115545,0.23032517543984132,0.67701203892871,0.05474612045832117,0.4642450934845632,3.469438102796015,0.0
20650,0.18622851371765137,0.9233551025390625,0.0,0.022715047603923032,0.004407218006131267,0.038078032095115545,0.23032517543984132,0.67701203892871,0.05474612045832117,0.4642450934845632,3.469438102796015,0.0
20675,0.1862156093120575,0.9233551025390625,0.0,0.022708065044275284,0.004407218006131267,0.038078032095115545,0.23032517543984132,0.67701203892871,0.05474612045832117,0.4642450934845632,3.469438102796015,0.0
20700,0.186202734708786,0.923370361328125,0.0,0.02270147563887546,0.004407218006131267,0.038078032095115545,0.23032517543984132,0.67701203892871,0.05474612045832117,0.4642450934845632,3.469438102796015,0.0
20725,0.18618986010551453,0.923370361328125,0.0,0.0226940821739671,0.004407218006131267,0.038078032095115545,0.23032517543984132,0.67701203892871,0.05474612045832117,0.4642450934845632,3.469438102796015,0.0
20750,0.18617698550224304,0.923370361328125,0.0,0.022687400526780276,0.004407218006131267,0.038078032095115545,0.23032517543984132,0.67701203892871,0.05474612045832117,0.4642450934845632,3.469438102796015,0.0
20775,0.18616412580013275,0.923370361328125,0.0,0.0226803649395041,0.004407218006131267,0.038078032095115545,0.23032517543984132,0.67701203892871,0.05474612045832117,0.4642450934845632,3.469438102796015,0.0
20800,0.18615126609802246,0.923370361328125,0.0,0.022672668770256907,0.004407218006131267,0.038078032095115545,0.23032517543984132,0.67701203892871,0.05474612045832117,0.4642450934845632,3.469438102796015,0.0
20825,0.18613842129707336,0.9233856201171875,0.0,0.022666230338124243,0.004407218006131267,0.038078032095115545,0.23032517543984132,0.67701203892871,0.05474612045832117,0.4642450934845632,3.469438102796015,0.0
20850,0.18612557649612427,0.92340087890625,0.0,0.02265914216757069,0.004407218006131267,0.038078032095115545,0.23032517543984132,0.67701203892871,0.05474612045832117,0.4642450934845632,3.469438102796015,0.0
20875,0.18611274659633636,0.9233856201171875,0.0,0.022652192028794076,0.004407218006131267,0.038078032095115545,0.23032517543984132,0.67701203892871,0.05474612045832117,0.4642450934845632,3.469438102796015,0.0
20900,0.18609993159770966,0.9234161376953125,0.0,0.022644926387343816,0.004407218006131267,0.038078032095115545,0.23032517543984132,0.67701203892871,0.05474612045832117,0.4642450934845632,3.469438102796015,0.0
20925,0.18608711659908295,0.9234161376953125,0.0,0.02263769080367736,0.004407218006131267,0.038078032095115545,0.23032517543984132,0.67701203892871,0.05474612045832117,0.4642450934845632,3.469438102796015,0.0
20950,0.18607431650161743,0.923431396484375,0.0,0.022630588818805378,0.004407218006131267,0.038078032095115545,0.23032517543984132,0.67701203892871,0.05474612045832117,0.4642450934845632,3.469438102796015,0.0
20975,0.18606150150299072,0.923431396484375,0.0,0.022624525839327857,0.004407218006131267,0.038078032095115545,0.23032517543984132,0.67701203892871,0.05474612045832117,0.4642450934845632,3.469438102796015,0.0
21000,0.1860487163066864,0.9234466552734375,0.0,0.02261722227919147,0.004407218006131267,0.038078032095115545,0.23032517543984132,0.67701203892871,0.05474612045832117,0.4642450934845632,3.469438102796015,0.0
21025,0.18603593111038208,0.9234466552734375,0.0,0.02261053236473143,0.004407218006131267,0.038078032095115545,0.23032517543984132,0.67701203892871,0.05474612045832117,0.4642450934845632,3.469438102796015,0.0
21050,0.18602314591407776,0.9234619140625,0.0,0.02260364036938905,0.004407218006131267,0.038078032095115545,0.23032517543984132,0.67701203892871,0.05474612045832117,0.4642450934845632,3.469438102796015,0.0
21075,0.18601039052009583,0.9234466552734375,0.0,0.022596824276847505,0.004407218006131267,0.038078032095115545,0.23032517543984132,0.67701203892871,0.05474612045832117,0.4642450934845632,3.469438102796015,0.0
21100,0.1859976202249527,0.9234466552734375,0.0,0.022590084539710512,0.004407218006131267,0.038078032095115545,0.23032517543984132,0.67701203892871,0.05474612045832117,0.4642450934845632,3.469438102796015,0.0
21125,0.18598487973213196,0.923431396484375,0.0,0.02258337648732935,0.004407218006131267,0.038078032095115545,0.23032517543984132,0.67701203892871,0.05474612045832117,0.4642450934845632,3.469438102796015,0.0
21150,0.18597212433815002,0.923431396484375,0.0,0.02257742547789545,0.004407218006131267,0.038078032095115545,0.23032517543984132,0.67701203892871,0.05474612045832117,0.4642450934845632,3.469438102796015,0.0
21175,0.18595939874649048,0.9234619140625,0.0,0.02257077681644051,0.004407218006131267,0.038078032095115545,0.23032517543984132,0.67701203892871,0.05474612045832117,0.4642450934845632,3.469438102796015,0.0
21200,0.18594665825366974,0.9234619140625,0.0,0.022564303980959714,0.004407218006131267,0.038078032095115545,0.23032517543984132,0.67701203892871,0.05474612045832117,0.4642450934845632,3.469438102796015,0.0
21225,0.1859339326620102,0.923492431640625,0.0,0.022557250390701503,0.004407218006131267,0.038078032095115545,0.23032517543984132,0.67701203892871,0.05474612045832117,0.4642450934845632,3.469438102796015,0.0
21250,0.18592122197151184,0.923492431640625,0.0,0.022549606534048885,0.004407218006131267,0.038078032095115545,0.23032517543984132,0.67701203892871,0.05474612045832117,0.4642450934845632,3.469438102796015,0.0
21275,0.1859084963798523,0.923492431640625,0.0,0.02254279843708163,0.004407218006131267,0.038078032095115545,0.23032517543984132,0.67701203892871,0.05474612045832117,0.4642450934845632,3.469438102796015,0.0
21300,0.18589581549167633,0.9235076904296875,0.0,0.0225359652291752,0.004407218006131267,0.038078032095115545,0.23032517543984132,0.67701203892871,0.05474612045832117,0.4642450934845632,3.469438102796015,0.0
21325,0.18588310480117798,0.92352294921875,0.0,0.022529436228569552,0.004407218006131267,0.038078032095115545,0.23032517543984132,0.67701203892871,0.05474612045832117,0.4642450934845632,3.469438102796015,0.0
21350,0.18587042391300201,0.9235382080078125,0.0,0.02252304395798217,0.004407218006131267,0.038078032095115545,0.23032517543984132,0.67701203892871,0.05474612045832117,0.4642450934845632,3.469438102796015,0.0
21375,0.18585775792598724,0.923583984375,0.0,0.02251696719641309,0.004407218006131267,0.038078032095115545,0.23032517543984132,0.67701203892871,0.05474612045832117,0.4642450934845632,3.469438102796015,0.0
21400,0.18584507703781128,0.9235992431640625,0.0,0.02251105010529536,0.004407218006131267,0.038078032095115545,0.23032517543984132,0.67701203892871,0.05474612045832117,0.4642450934845632,3.469438102796015,0.0
21425,0.1858324110507965,0.9236297607421875,0.0,0.022504723229175457,0.004407218006131267,0.038078032095115545,0.23032517543984132,0.67701203892871,0.05474612045832117,0.4642450934845632,3.469438102796015,0.0
21450,0.18581975996494293,0.9235992431640625,0.0,0.022498265543567843,0.004407218006131267,0.038078032095115545,0.23032517543984132,0.67701203892871,0.05474612045832117,0.4642450934845632,3.469438102796015,0.0
21475,0.18580710887908936,0.9235992431640625,0.0,0.02249119081128134,0.004407218006131267,0.038078032095115545,0.23032517543984132,0.67701203892871,0.05474612045832117,0.4642450934845632,3.469438102796015,0.0
21500,0.18579447269439697,0.923614501953125,0.0,0.022484724128142033,0.004407218006131267,0.038078032095115545,0.23032517543984132,0.67701203892871,0.05474612045832117,0.4642450934845632,3.469438102796015,0.0
21525,0.1857818216085434,0.9236297607421875,0.0,0.022477692497856513,0.004407218006131267,0.038078032095115545,0.23032517543984132,0.67701203892871,0.05474612045832117,0.4642450934845632,3.469438102796015,0.0
21550,0.1857692003250122,0.9236297607421875,0.0,0.022471566055548908,0.004407218006131267,0.038078032095115545,0.23032517543984132,0.67701203892871,0.05474612045832117,0.4642450934845632,3.469438102796015,0.0
21575,0.18575657904148102,0.9236297607421875,0.0,0.02246543282129372,0.004407218006131267,0.038078032095115545,0.23032517543984132,0.67701203892871,0.05474612045832117,0.4642450934845632,3.469438102796015,0.0
21600,0.18574397265911102,0.9236297607421875,0.0,0.02245939483170149,0.004407218006131267,0.038078032095115545,0.23032517543984132,0.67701203892871,0.05474612045832117,0.4642450934845632,3.469438102796015,0.0
21625,0.18573135137557983,0.92364501953125,0.0,0.022452866231602833,0.004407218006131267,0.038078032095115545,0.23032517543984132,0.67701203892871,0.05474612045832117,0.4642450934845632,3.469438102796015,0.0
21650,0.18571875989437103,0.9236297607421875,0.0,0.02244663610120351,0.004407218006131267,0.038078032095115545,0.23032517543984132,0.67701203892871,0.05474612045832117,0.4642450934845632,3.469438102796015,0.0
21675,0.18570616841316223,0.92364501953125,0.0,0.022440387992937846,0.004407218006131267,0.038078032095115545,0.23032517543984132,0.67701203892871,0.05474612045832117,0.4642450934845632,3.469438102796015,0.0
21700,0.18569359183311462,0.9236602783203125,0.0,0.02243403342164314,0.004407218006131267,0.038078032095115545,0.23032517543984132,0.67701203892871,0.05474612045832117,0.4642450934845632,3.469438102796015,0.0
21725,0.18568100035190582,0.9236602783203125,0.0,0.02242780964193509,0.004407218006131267,0.038078032095115545,0.23032517543984132,0.67701203892871,0.05474612045832117,0.4642450934845632,3.469438102796015,0.0
21750,0.1856684386730194,0.923675537109375,0.0,0.02242115010978795,0.004407218006131267,0.038078032095115545,0.23032517543984132,0.67701203892871,0.05474612045832117,0.4642450934845632,3.469438102796015,0.0
21775,0.1856558620929718,0.923675537109375,0.0,0.022414794879534163,0.004407218006131267,0.038078032095115545,0.23032517543984132,0.67701203892871,0.05474612045832117,0.4642450934845632,3.469438102796015,0.0
21800,0.18564331531524658,0.923675537109375,0.0,0.0224083423836606,0.004407218006131267,0.038078032095115545,0.23032517543984132,0.67701203892871,0.05474612045832117,0.4642450934845632,3.469438102796015,0.0
21825,0.18563076853752136,0.9236907958984375,0.0,0.02240179266894891,0.004407218006131267,0.038078032095115545,0.23032517543984132,0.67701203892871,0.05474612045832117,0.4642450934845632,3.469438102796015,0.0
21850,0.18561822175979614,0.923675537109375,0.0,0.02239513249798142,0.004407218006131267,0.038078032095115545,0.23032517543984132,0.67701203892871,0.05474612045832117,0.4642450934845632,3.469438102796015,0.0
21875,0.18560567498207092,0.923675537109375,0.0,0.022389729293932095,0.004407218006131267,0.038078032095115545,0.23032517543984132,0.67701203892871,0.05474612045832117,0.4642450934845632,3.469438102796015,0.0
21900,0.1855931580066681,0.923675537109375,0.0,0.022383829743299898,0.004407218006131267,0.038078032095115545,0.23032517543984132,0.67701203892871,0.05474612045832117,0.4642450934845632,3.469438102796015,0.0
21925,0.18558064103126526,0.9236907958984375,0.0,0.022378152260966455,0.004407218006131267,0.038078032095115545,0.23032517543984132,0.67701203892871,0.05474612045832117,0.4642450934845632,3.469438102796015,0.0
21950,0.18556812405586243,0.9236907958984375,0.0,0.02237237954521843,0.004407218006131267,0.038078032095115545,0.23032517543984132,0.67701203892871,0.05474612045832117,0.4642450934845632,3.469438102796015,0.0
21975,0.1855556070804596,0.9236907958984375,0.0,0.022365707671569795,0.004407218006131267,0.038078032095115545,0.23032517543984132,0.67701203892871,0.05474612045832117,0.4642450934845632,3.469438102796015,0.0
22000,0.18554310500621796,0.9236907958984375,0.0,0.0223598206176943,0.004407218006131267,0.038078032095115545,0.23032517543984132,0.67701203892871,0.05474612045832117,0.4642450934845632,3.469438102796015,0.0
22025,0.18553060293197632,0.9236907958984375,0.0,0.022353799868044432,0.004407218006131267,0.038078032095115545,0.23032517543984132,0.67701203892871,0.05474612045832117,0.4642450934845632,3.469438102796015,0.0
22050,0.18551811575889587,0.9237060546875,0.0,0.02234772447356707,0.004407218006131267,0.038078032095115545,0.23032517543984132,0.67701203892871,0.05474612045832117,0.4642450934845632,3.469438102796015,0.0
22075,0.18550562858581543,0.9237213134765625,0.0,0.022340834999219794,0.004407218006131267,0.038078032095115545,0.23032517543984132,0.67701203892871,0.05474612045832117,0.4642450934845632,3.469438102796015,0.0
22100,0.18549317121505737,0.9237518310546875,0.0,0.022334622668627166,0.004407218006131267,0.038078032095115545,0.23032517543984132,0.67701203892871,0.05474612045832117,0.4642450934845632,3.469438102796015,0.0
22125,0.18548069894313812,0.92376708984375,0.0,0.022328860450284913,0.004407218006131267,0.038078032095115545,0.23032517543984132,0.67701203892871,0.05474612045832117,0.4642450934845632,3.469438102796015,0.0
22150,0.18546822667121887,0.923797607421875,0.0,0.022323001463597603,0.004407218006131267,0.038078032095115545,0.23032517543984132,0.67701203892871,0.05474612045832117,0.4642450934845632,3.469438102796015,0.0
22175,0.18545576930046082,0.923797607421875,0.0,0.02231686763644393,0.004407218006131267,0.038078032095115545,0.23032517543984132,0.67701203892871,0.05474612045832117,0.4642450934845632,3.469438102796015,0.0
22200,0.18544334173202515,0.923797607421875,0.0,0.022310687315366198,0.004407218006131267,0.038078032095115545,0.23032517543984132,0.67701203892871,0.05474612045832117,0.4642450934845632,3.469438102796015,0.0
22225,0.1854308843612671,0.9238128662109375,0.0,0.022304758747233287,0.004407218006131267,0.038078032095115545,0.23032517543984132,0.67701203892871,0.05474612045832117,0.4642450934845632,3.469438102796015,0.0
22250,0.18541845679283142,0.923828125,0.0,0.022298602948784836,0.004407218006131267,0.038078032095115545,0.23032517543984132,0.67701203892871,0.05474612045832117,0.4642450934845632,3.469438102796015,0.0
22275,0.18540602922439575,0.923828125,0.0,0.02229278900356206,0.004407218006131267,0.038078032095115545,0.23032517543984132,0.67701203892871,0.05474612045832117,0.4642450934845632,3.469438102796015,0.0
22300,0.18539360165596008,0.9238433837890625,0.0,0.02228696135356523,0.004407218006131267,0.038078032095115545,0.23032517543984132,0.67701203892871,0.05474612045832117,0.4642450934845632,3.469438102796015,0.0
22325,0.1853811889886856,0.923858642578125,0.0,0.022281281630767452,0.004407218006131267,0.038078032095115545,0.23032517543984132,0.67701203892871,0.05474612045832117,0.4642450934845632,3.469438102796015,0.0
22350,0.18536877632141113,0.923858642578125,0.0,0.022274451515648466,0.004407218006131267,0.038078032095115545,0.23032517543984132,0.67701203892871,0.05474612045832117,0.4642450934845632,3.469438102796015,0.0
22375,0.18535637855529785,0.923858642578125,0.0,0.022268661286933715,0.004407218006131267,0.038078032095115545,0.23032517543984132,0.67701203892871,0.05474612045832117,0.4642450934845632,3.469438102796015,0.0
22400,0.18534399569034576,0.923858642578125,0.0,0.022262619316439566,0.004407218006131267,0.038078032095115545,0.23032517543984132,0.67701203892871,0.05474612045832117,0.4642450934845632,3.469438102796015,0.0
22425,0.18533161282539368,0.9238739013671875,0.0,0.022257495328244167,0.004407218006131267,0.038078032095115545,0.23032517543984132,0.67701203892871,0.05474612045832117,0.4642450934845632,3.469438102796015,0.0
22450,0.1853192299604416,0.9238739013671875,0.0,0.022251940974099934,0.004407218006131267,0.038078032095115545,0.23032517543984132,0.67701203892871,0.05474612045832117,0.4642450934845632,3.469438102796015,0.0
22475,0.1853068470954895,0.92388916015625,0.0,0.022245499431976824,0.004407218006131267,0.038078032095115545,0.23032517543984132,0.67701203892871,0.05474612045832117,0.4642450934845632,3.469438102796015,0.0
22500,0.1852944791316986,0.923919677734375,0.0,0.02223960635579159,0.004407218006131267,0.038078032095115545,0.23032517543984132,0.67701203892871,0.05474612045832117,0.4642450934845632,3.469438102796015,0.0
22525,0.1852821260690689,0.9239349365234375,0.0,0.02223432348271725,0.004407218006131267,0.038078032095115545,0.23032517543984132,0.67701203892871,0.05474612045832117,0.4642450934845632,3.469438102796015,0.0
22550,0.1852697730064392,0.9239501953125,0.0,0.022228158664649632,0.004407218006131267,0.038078032095115545,0.23032517543984132,0.67701203892871,0.05474612045832117,0.4642450934845632,3.469438102796015,0.0
22575,0.18525740504264832,0.9239501953125,0.0,0.022222062759572902,0.004407218006131267,0.038078032095115545,0.23032517543984132,0.67701203892871,0.05474612045832117,0.4642450934845632,3.469438102796015,0.0
22600,0.1852450668811798,0.9239654541015625,0.0,0.022216083851062676,0.004407218006131267,0.038078032095115545,0.23032517543984132,0.67701203892871,0.05474612045832117,0.4642450934845632,3.469438102796015,0.0
22625,0.1852327436208725,0.9239654541015625,0.0,0.02220994240283897,0.004407218006131267,0.038078032095115545,0.23032517543984132,0.67701203892871,0.05474612045832117,0.4642450934845632,3.469438102796015,0.0
22650,0.18522042036056519,0.923980712890625,0.0,0.022203774481827306,0.004407218006131267,0.038078032095115545,0.23032517543984132,0.67701203892871,0.05474612045832117,0.4642450934845632,3.469438102796015,0.0
22675,0.18520808219909668,0.923980712890625,0.0,0.022197719489004147,0.004407218006131267,0.038078032095115545,0.23032517543984132,0.67701203892871,0.05474612045832117,0.4642450934845632,3.469438102796015,0.0
22700,0.18519577383995056,0.9239654541015625,0.0,0.022191365302809057,0.004407218006131267,0.038078032095115545,0.23032517543984132,0.67701203892871,0.05474612045832117,0.4642450934845632,3.469438102796015,0.0
22725,0.18518346548080444,0.9239654541015625,0.0,0.02218515997095391,0.004407218006131267,0.038078032095115545,0.23032517543984132,0.67701203892871,0.05474612045832117,0.4642450934845632,3.469438102796015,0.0
22750,0.18517115712165833,0.923980712890625,0.0,0.022178957596926153,0.004407218006131267,0.038078032095115545,0.23032517543984132,0.67701203892871,0.05474612045832117,0.4642450934845632,3.469438102796015,0.0
22775,0.1851588785648346,0.923980712890625,0.0,0.022172891418662976,0.004407218006131267,0.038078032095115545,0.23032517543984132,0.67701203892871,0.05474612045832117,0.4642450934845632,3.469438102796015,0.0
22800,0.18514657020568848,0.923980712890625,0.0,0.022167118945868352,0.004407218006131267,0.038078032095115545,0.23032517543984132,0.67701203892871,0.05474612045832117,0.4642450934845632,3.469438102796015,0.0
22825,0.18513429164886475,0.923980712890625,0.0,0.022161130896208827,0.004407218006131267,0.038078032095115545,0.23032517543984132,0.67701203892871,0.05474612045832117,0.4642450934845632,3.469438102796015,0.0
22850,0.1851220279932022,0.9239959716796875,0.0,0.022155030179651865,0.004407218006131267,0.038078032095115545,0.23032517543984132,0.67701203892871,0.05474612045832117,0.4642450934845632,3.469438102796015,0.0
22875,0.18510976433753967,0.9239959716796875,0.0,0.02214948377288081,0.004407218006131267,0.038078032095115545,0.23032517543984132,0.67701203892871,0.05474612045832117,0.4642450934845632,3.469438102796015,0.0
22900,0.18509748578071594,0.9239959716796875,0.0,0.02214429054298152,0.004407218006131267,0.038078032095115545,0.23032517543984132,0.67701203892871,0.05474612045832117,0.4642450934845632,3.469438102796015,0.0
22925,0.1850852370262146,0.9239959716796875,0.0,0.022138802555456423,0.004407218006131267,0.038078032095115545,0.23032517543984132,0.67701203892871,0.05474612045832117,0.4642450934845632,3.469438102796015,0.0
22950,0.18507298827171326,0.9239959716796875,0.0,0.0221328134384979,0.004407218006131267,0.038078032095115545,0.23032517543984132,0.67701203892871,0.05474612045832117,0.4642450934845632,3.469438102796015,0.0
22975,0.18506073951721191,0.9240264892578125,0.0,0.022127163276202073,0.004407218006131267,0.038078032095115545,0.23032517543984132,0.67701203892871,0.05474612045832117,0.4642450934845632,3.469438102796015,0.0
23000,0.18504850566387177,0.924041748046875,0.0,0.022122067378984384,0.004407218006131267,0.038078032095115545,0.23032517543984132,0.67701203892871,0.05474612045832117,0.4642450934845632,3.469438102796015,0.0
23025,0.18503627181053162,0.9240570068359375,0.0,0.022116788302179113,0.004407218006131267,0.038078032095115545,0.23032517543984132,0.67701203892871,0.05474612045832117,0.4642450934845632,3.469438102796015,0.0
23050,0.18502405285835266,0.9240570068359375,0.0,0.022111146772482302,0.004407218006131267,0.038078032095115545,0.23032517543984132,0.67701203892871,0.05474612045832117,0.4642450934845632,3.469438102796015,0.0
23075,0.1850118339061737,0.9240570068359375,0.0,0.0221055208362482,0.004407218006131267,0.038078032095115545,0.23032517543984132,0.67701203892871,0.05474612045832117,0.4642450934845632,3.469438102796015,0.0
23100,0.18499961495399475,0.9240875244140625,0.0,0.022099472758919308,0.004407218006131267,0.038078032095115545,0.23032517543984132,0.67701203892871,0.05474612045832117,0.4642450934845632,3.469438102796015,0.0
23125,0.184987410902977,0.924102783203125,0.0,0.022093513371238594,0.004407218006131267,0.038078032095115545,0.23032517543984132,0.67701203892871,0.05474612045832117,0.4642450934845632,3.469438102796015,0.0
23150,0.18497520685195923,0.9241485595703125,0.0,0.02208791656114135,0.004407218006131267,0.038078032095115545,0.23032517543984132,0.67701203892871,0.05474612045832117,0.4642450934845632,3.469438102796015,0.0
23175,0.18496301770210266,0.924163818359375,0.0,0.02208270691921906,0.004407218006131267,0.038078032095115545,0.23032517543984132,0.67701203892871,0.05474612045832117,0.4642450934845632,3.469438102796015,0.0
23200,0.1849508285522461,0.9241485595703125,0.0,0.02207706589983601,0.004407218006131267,0.038078032095115545,0.23032517543984132,0.67701203892871,0.05474612045832117,0.4642450934845632,3.469438102796015,0.0
23225,0.18493865430355072,0.924163818359375,0.0,0.022071704018435105,0.004407218006131267,0.038078032095115545,0.23032517543984132,0.67701203892871,0.05474612045832117,0.4642450934845632,3.469438102796015,0.0
23250,0.18492648005485535,0.924163818359375,0.0,0.022066467628050552,0.004407218006131267,0.038078032095115545,0.23032517543984132,0.67701203892871,0.05474612045832117,0.4642450934845632,3.469438102796015,0.0
23275,0.18491430580615997,0.924163818359375,0.0,0.022061343647925877,0.004407218006131267,0.038078032095115545,0.23032517543984132,0.67701203892871,0.05474612045832117,0.4642450934845632,3.469438102796015,0.0
23300,0.1849021315574646,0.924163818359375,0.0,0.02205618437077695,0.004407218006131267,0.038078032095115545,0.23032517543984132,0.67701203892871,0.05474612045832117,0.4642450934845632,3.469438102796015,0.0
23325,0.18488997220993042,0.9241790771484375,0.0,0.022051019504295732,0.004407218006131267,0.038078032095115545,0.23032517543984132,0.67701203892871,0.05474612045832117,0.4642450934845632,3.469438102796015,0.0
23350,0.18487782776355743,0.9241790771484375,0.0,0.022045420297787627,0.004407218006131267,0.038078032095115545,0.23032517543984132,0.67701203892871,0.05474612045832117,0.4642450934845632,3.469438102796015,0.0
23375,0.18486568331718445,0.9241790771484375,0.0,0.022039847084878425,0.004407218006131267,0.038078032095115545,0.23032517543984132,0.67701203892871,0.05474612045832117,0.4642450934845632,3.469438102796015,0.0
23400,0.18485353887081146,0.9241790771484375,0.0,0.022034068088881528,0.004407218006131267,0.038078032095115545,0.23032517543984132,0.67701203892871,0.05474612045832117,0.4642450934845632,3.469438102796015,0.0
23425,0.18484140932559967,0.9241790771484375,0.0,0.022028532371361497,0.004407218006131267,0.038078032095115545,0.23032517543984132,0.67701203892871,0.05474612045832117,0.4642450934845632,3.469438102796015,0.0
23450,0.18482927978038788,0.9241943359375,0.0,0.022022752146232682,0.004407218006131267,0.038078032095115545,0.23032517543984132,0.67701203892871,0.05474612045832117,0.4642450934845632,3.469438102796015,0.0
23475,0.18481716513633728,0.9241943359375,0.0,0.022017557086570678,0.004407218006131267,0.038078032095115545,0.23032517543984132,0.67701203892871,0.05474612045832117,0.4642450934845632,3.469438102796015,0.0
23500,0.1848050355911255,0.9241943359375,0.0,0.02201152676941509,0.004407218006131267,0.038078032095115545,0.23032517543984132,0.67701203892871,0.05474612045832117,0.4642450934845632,3.469438102796015,0.0
23525,0.18479293584823608,0.9242095947265625,0.0,0.022005939914674037,0.004407218006131267,0.038078032095115545,0.23032517543984132,0.67701203892871,0.05474612045832117,0.4642450934845632,3.469438102796015,0.0
23550,0.18478083610534668,0.9242095947265625,0.0,0.022000999524232474,0.004407218006131267,0.038078032095115545,0.23032517543984132,0.67701203892871,0.05474612045832117,0.4642450934845632,3.469438102796015,0.0
23575,0.18476873636245728,0.9242095947265625,0.0,0.021995058356248143,0.004407218006131267,0.038078032095115545,0.23032517543984132,0.67701203892871,0.05474612045832117,0.4642450934845632,3.469438102796015,0.0
23600,0.18475663661956787,0.9242095947265625,0.0,0.021989442361214005,0.004407218006131267,0.038078032095115545,0.23032517543984132,0.67701203892871,0.05474612045832117,0.4642450934845632,3.469438102796015,0.0
23625,0.18474456667900085,0.9242095947265625,0.0,0.02198431944387236,0.004407218006131267,0.038078032095115545,0.23032517543984132,0.67701203892871,0.05474612045832117,0.4642450934845632,3.469438102796015,0.0
23650,0.18473246693611145,0.9241943359375,0.0,0.02197858598396089,0.004407218006131267,0.038078032095115545,0.23032517543984132,0.67701203892871,0.05474612045832117,0.4642450934845632,3.469438102796015,0.0
23675,0.18472039699554443,0.9242095947265625,0.0,0.021974351554205337,0.004407218006131267,0.038078032095115545,0.23032517543984132,0.67701203892871,0.05474612045832117,0.4642450934845632,3.469438102796015,0.0
23700,0.18470832705497742,0.9242095947265625,0.0,0.021969188462087175,0.004407218006131267,0.038078032095115545,0.23032517543984132,0.67701203892871,0.05474612045832117,0.4642450934845632,3.469438102796015,0.0
23725,0.1846962571144104,0.924224853515625,0.0,0.021964227409639173,0.004407218006131267,0.038078032095115545,0.23032517543984132,0.67701203892871,0.05474612045832117,0.4642450934845632,3.469438102796015,0.0
23750,0.18468421697616577,0.924224853515625,0.0,0.021958789294582535,0.004407218006131267,0.038078032095115545,0.23032517543984132,0.67701203892871,0.05474612045832117,0.4642450934845632,3.469438102796015,0.0
23775,0.18467216193675995,0.924224853515625,0.0,0.02195367003098796,0.004407218006131267,0.038078032095115545,0.23032517543984132,0.67701203892871,0.05474612045832117,0.4642450934845632,3.469438102796015,0.0
23800,0.18466010689735413,0.92425537109375,0.0,0.021948816526828344,0.004407218006131267,0.038078032095115545,0.23032517543984132,0.67701203892871,0.05474612045832117,0.4642450934845632,3.469438102796015,0.0
23825,0.1846480667591095,0.9242401123046875,0.0,0.021943880605744828,0.004407218006131267,0.038078032095115545,0.23032517543984132,0.67701203892871,0.05474612045832117,0.4642450934845632,3.469438102796015,0.0
23850,0.18463602662086487,0.9242401123046875,0.0,0.021939053126327594,0.004407218006131267,0.038078032095115545,0.23032517543984132,0.67701203892871,0.05474612045832117,0.4642450934845632,3.469438102796015,0.0
23875,0.18462401628494263,0.9242401123046875,0.0,0.02193425466015838,0.004407218006131267,0.038078032095115545,0.23032517543984132,0.67701203892871,0.05474612045832117,0.4642450934845632,3.469438102796015,0.0
23900,0.184611976146698,0.92425537109375,0.0,0.0219293755419889,0.004407218006131267,0.038078032095115545,0.23032517543984132,0.67701203892871,0.05474612045832117,0.4642450934845632,3.469438102796015,0.0
23925,0.18459996581077576,0.92425537109375,0.0,0.021924501389775006,0.004407218006131267,0.038078032095115545,0.23032517543984132,0.67701203892871,0.05474612045832117,0.4642450934845632,3.469438102796015,0.0
23950,0.18458795547485352,0.9242706298828125,0.0,0.02191984725146376,0.004407218006131267,0.038078032095115545,0.23032517543984132,0.67701203892871,0.05474612045832117,0.4642450934845632,3.469438102796015,0.0
23975,0.18457593023777008,0.9242706298828125,0.0,0.02191448874849349,0.004407218006131267,0.038078032095115545,0.23032517543984132,0.67701203892871,0.05474612045832117,0.4642450934845632,3.469438102796015,0.0
24000,0.18456393480300903,0.9242706298828125,0.0,0.021908976121942238,0.004407218006131267,0.038078032095115545,0.23032517543984132,0.67701203892871,0.05474612045832117,0.4642450934845632,3.469438102796015,0.0
24025,0.1845519244670868,0.924285888671875,0.0,0.02190363487608313,0.004407218006131267,0.038078032095115545,0.23032517543984132,0.67701203892871,0.05474612045832117,0.4642450934845632,3.469438102796015,0.0
24050,0.18453994393348694,0.9243011474609375,0.0,0.02189877368622179,0.004407218006131267,0.038078032095115545,0.23032517543984132,0.67701203892871,0.05474612045832117,0.4642450934845632,3.469438102796015,0.0
24075,0.18452796339988708,0.9243316650390625,0.0,0.021893233691066074,0.004407218006131267,0.038078032095115545,0.23032517543984132,0.67701203892871,0.05474612045832117,0.4642450934845632,3.469438102796015,0.0
24100,0.18451598286628723,0.92431640625,0.0,0.021888223614499273,0.004407218006131267,0.038078032095115545,0.23032517543984132,0.67701203892871,0.05474612045832117,0.4642450934845632,3.469438102796015,0.0
24125,0.18450400233268738,0.92431640625,0.0,0.02188356896716374,0.004407218006131267,0.038078032095115545,0.23032517543984132,0.67701203892871,0.05474612045832117,0.4642450934845632,3.469438102796015,0.0
24150,0.18449202179908752,0.92431640625,0.0,0.02187820150281758,0.004407218006131267,0.038078032095115545,0.23032517543984132,0.67701203892871,0.05474612045832117,0.4642450934845632,3.469438102796015,0.0
24175,0.18448007106781006,0.92431640625,0.0,0.02187255153625702,0.004407218006131267,0.038078032095115545,0.23032517543984132,0.67701203892871,0.05474612045832117,0.4642450934845632,3.469438102796015,0.0
24200,0.1844681203365326,0.92431640625,0.0,0.021867250541007296,0.004407218006131267,0.038078032095115545,0.23032517543984132,0.67701203892871,0.05474612045832117,0.4642450934845632,3.469438102796015,0.0
24225,0.18445616960525513,0.92431640625,0.0,0.02186224568652738,0.004407218006131267,0.038078032095115545,0.23032517543984132,0.67701203892871,0.05474612045832117,0.4642450934845632,3.469438102796015,0.0
24250,0.18444421887397766,0.92431640625,0.0,0.021855820711977638,0.004407218006131267,0.038078032095115545,0.23032517543984132,0.67701203892871,0.05474612045832117,0.4642450934845632,3.469438102796015,0.0
24275,0.1844322681427002,0.92431640625,0.0,0.021850754827221677,0.004407218006131267,0.038078032095115545,0.23032517543984132,0.67701203892871,0.05474612045832117,0.4642450934845632,3.469438102796015,0.0
24300,0.18442034721374512,0.9243316650390625,0.0,0.02184481726991449,0.004407218006131267,0.038078032095115545,0.23032517543984132,0.67701203892871,0.05474612045832117,0.4642450934845632,3.469438102796015,0.0
24325,0.18440842628479004,0.9243316650390625,0.0,0.021839909110832827,0.004407218006131267,0.038078032095115545,0.23032517543984132,0.67701203892871,0.05474612045832117,0.4642450934845632,3.469438102796015,0.0
24350,0.18439650535583496,0.924346923828125,0.0,0.021834644028800174,0.004407218006131267,0.038078032095115545,0.23032517543984132,0.67701203892871,0.05474612045832117,0.4642450934845632,3.469438102796015,0.0
24375,0.18438458442687988,0.924346923828125,0.0,0.021829770460548015,0.004407218006131267,0.038078032095115545,0.23032517543984132,0.67701203892871,0.05474612045832117,0.4642450934845632,3.469438102796015,0.0
24400,0.1843726634979248,0.924346923828125,0.0,0.021825261206075787,0.004407218006131267,0.038078032095115545,0.23032517543984132,0.67701203892871,0.05474612045832117,0.4642450934845632,3.469438102796015,0.0
24425,0.18436077237129211,0.924346923828125,0.0,0.021820241842597836,0.004407218006131267,0.038078032095115545,0.23032517543984132,0.67701203892871,0.05474612045832117,0.4642450934845632,3.469438102796015,0.0
24450,0.18434886634349823,0.924346923828125,0.0,0.021816152647747205,0.004407218006131267,0.038078032095115545,0.23032517543984132,0.67701203892871,0.05474612045832117,0.4642450934845632,3.469438102796015,0.0
24475,0.18433696031570435,0.924346923828125,0.0,0.02181082006815951,0.004407218006131267,0.038078032095115545,0.23032517543984132,0.67701203892871,0.05474612045832117,0.4642450934845632,3.469438102796015,0.0
24500,0.18432508409023285,0.924346923828125,0.0,0.02180612888109266,0.004407218006131267,0.038078032095115545,0.23032517543984132,0.67701203892871,0.05474612045832117,0.4642450934845632,3.469438102796015,0.0
24525,0.18431320786476135,0.924346923828125,0.0,0.021800725576444774,0.004407218006131267,0.038078032095115545,0.23032517543984132,0.67701203892871,0.05474612045832117,0.4642450934845632,3.469438102796015,0.0
24550,0.18430131673812866,0.924346923828125,0.0,0.02179582146736317,0.004407218006131267,0.038078032095115545,0.23032517543984132,0.67701203892871,0.05474612045832117,0.4642450934845632,3.469438102796015,0.0
24575,0.18428942561149597,0.92437744140625,0.0,0.021790438864680056,0.004407218006131267,0.038078032095115545,0.23032517543984132,0.67701203892871,0.05474612045832117,0.4642450934845632,3.469438102796015,0.0
24600,0.18427756428718567,0.9243927001953125,0.0,0.021785384504384185,0.004407218006131267,0.038078032095115545,0.23032517543984132,0.67701203892871,0.05474612045832117,0.4642450934845632,3.469438102796015,0.0
24625,0.18426570296287537,0.924407958984375,0.0,0.0217805731897613,0.004407218006131267,0.038078032095115545,0.23032517543984132,0.67701203892871,0.05474612045832117,0.4642450934845632,3.469438102796015,0.0
24650,0.18425384163856506,0.924407958984375,0.0,0.02177547397562459,0.004407218006131267,0.038078032095115545,0.23032517543984132,0.67701203892871,0.05474612045832117,0.4642450934845632,3.469438102796015,0.0
24675,0.18424199521541595,0.9244232177734375,0.0,0.021770940500327088,0.004407218006131267,0.038078032095115545,0.23032517543984132,0.67701203892871,0.05474612045832117,0.4642450934845632,3.469438102796015,0.0
24700,0.18423014879226685,0.9244232177734375,0.0,0.021764966492799957,0.004407218006131267,0.038078032095115545,0.23032517543984132,0.67701203892871,0.05474612045832117,0.4642450934845632,3.469438102796015,0.0
24725,0.18421831727027893,0.9244232177734375,0.0,0.02175962103173411,0.004407218006131267,0.038078032095115545,0.23032517543984132,0.67701203892871,0.05474612045832117,0.4642450934845632,3.469438102796015,0.0
24750,0.18420648574829102,0.924407958984375,0.0,0.021755460463259123,0.004407218006131267,0.038078032095115545,0.23032517543984132,0.67701203892871,0.05474612045832117,0.4642450934845632,3.469438102796015,0.0
24775,0.1841946542263031,0.9244232177734375,0.0,0.02175061010054973,0.004407218006131267,0.038078032095115545,0.23032517543984132,0.67701203892871,0.05474612045832117,0.4642450934845632,3.469438102796015,0.0
24800,0.18418282270431519,0.9244384765625,0.0,0.021745592082524346,0.004407218006131267,0.038078032095115545,0.23032517543984132,0.67701203892871,0.05474612045832117,0.4642450934845632,3.469438102796015,0.0
24825,0.18417102098464966,0.9244384765625,0.0,0.021740522839083582,0.004407218006131267,0.038078032095115545,0.23032517543984132,0.67701203892871,0.05474612045832117,0.4642450934845632,3.469438102796015,0.0
24850,0.18415918946266174,0.924468994140625,0.0,0.021736188392047412,0.004407218006131267,0.038078032095115545,0.23032517543984132,0.67701203892871,0.05474612045832117,0.4642450934845632,3.469438102796015,0.0
24875,0.18414737284183502,0.9244842529296875,0.0,0.02173217784595301,0.004407218006131267,0.038078032095115545,0.23032517543984132,0.67701203892871,0.05474612045832117,0.4642450934845632,3.469438102796015,0.0
24900,0.1841355860233307,0.9244842529296875,0.0,0.021727164068551835,0.004407218006131267,0.038078032095115545,0.23032517543984132,0.67701203892871,0.05474612045832117,0.4642450934845632,3.469438102796015,0.0
24925,0.18412378430366516,0.92449951171875,0.0,0.021721213775907803,0.004407218006131267,0.038078032095115545,0.23032517543984132,0.67701203892871,0.05474612045832117,0.4642450934845632,3.469438102796015,0.0
24950,0.18411198258399963,0.92449951171875,0.0,0.021716056672257712,0.004407218006131267,0.038078032095115545,0.23032517543984132,0.67701203892871,0.05474612045832117,0.4642450934845632,3.469438102796015,0.0
24975,0.1841002106666565,0.9245147705078125,0.0,0.021711150180649487,0.004407218006131267,0.038078032095115545,0.23032517543984132,0.67701203892871,0.05474612045832117,0.4642450934845632,3.469438102796015,0.0
25000,0.18408840894699097,0.924530029296875,0.0,0.021706922967228717,0.004407218006131267,0.038078032095115545,0.23032517543984132,0.67701203892871,0.05474612045832117,0.4642450934845632,3.469438102796015,0.0
25025,0.18407663702964783,0.9245452880859375,0.0,0.02170270771104403,0.004407218006131267,0.038078032095115545,0.23032517543984132,0.67701203892871,0.05474612045832117,0.4642450934845632,3.469438102796015,0.0
25050,0.1840648651123047,0.924560546875,0.0,0.021697770064845058,0.004407218006131267,0.038078032095115545,0.23032517543984132,0.67701203892871,0.05474612045832117,0.4642450934845632,3.469438102796015,0.0
25075,0.18405309319496155,0.924560546875,0.0,0.021693526659164863,0.004407218006131267,0.038078032095115545,0.23032517543984132,0.67701203892871,0.05474612045832117,0.4642450934845632,3.469438102796015,0.0
25100,0.1840413510799408,0.924560546875,0.0,0.02168830630018302,0.004407218006131267,0.038078032095115545,0.23032517543984132,0.67701203892871,0.05474612045832117,0.4642450934845632,3.469438102796015,0.0
25125,0.18402957916259766,0.924560546875,0.0,0.021683324954046446,0.004407218006131267,0.038078032095115545,0.23032517543984132,0.67701203892871,0.05474612045832117,0.4642450934845632,3.469438102796015,0.0
25150,0.1840178370475769,0.9245452880859375,0.0,0.02167856163220273,0.004407218006131267,0.038078032095115545,0.23032517543984132,0.67701203892871,0.05474612045832117,0.4642450934845632,3.469438102796015,0.0
25175,0.18400609493255615,0.9245452880859375,0.0,0.021674111367466563,0.004407218006131267,0.038078032095115545,0.23032517543984132,0.67701203892871,0.05474612045832117,0.4642450934845632,3.469438102796015,0.0
25200,0.1839943528175354,0.9245452880859375,0.0,0.02166983937118535,0.004407218006131267,0.038078032095115545,0.23032517543984132,0.67701203892871,0.05474612045832117,0.4642450934845632,3.469438102796015,0.0
25225,0.18398261070251465,0.9245452880859375,0.0,0.02166552719449495,0.004407218006131267,0.038078032095115545,0.23032517543984132,0.67701203892871,0.05474612045832117,0.4642450934845632,3.469438102796015,0.0
25250,0.1839708685874939,0.9245452880859375,0.0,0.02166073739093591,0.004407218006131267,0.038078032095115545,0.23032517543984132,0.67701203892871,0.05474612045832117,0.4642450934845632,3.469438102796015,0.0
25275,0.18395915627479553,0.924560546875,0.0,0.021655930126956578,0.004407218006131267,0.038078032095115545,0.23032517543984132,0.67701203892871,0.05474612045832117,0.4642450934845632,3.469438102796015,0.0
25300,0.18394742906093597,0.9245452880859375,0.0,0.021651437562543067,0.004407218006131267,0.038078032095115545,0.23032517543984132,0.67701203892871,0.05474612045832117,0.4642450934845632,3.469438102796015,0.0
25325,0.1839357167482376,0.9245452880859375,0.0,0.021646640729514492,0.004407218006131267,0.038078032095115545,0.23032517543984132,0.67701203892871,0.05474612045832117,0.4642450934845632,3.469438102796015,0.0
25350,0.18392400443553925,0.924530029296875,0.0,0.021641468476479624,0.004407218006131267,0.038078032095115545,0.23032517543984132,0.67701203892871,0.05474612045832117,0.4642450934845632,3.469438102796015,0.0
25375,0.18391229212284088,0.9245452880859375,0.0,0.021636587462443034,0.004407218006131267,0.038078032095115545,0.23032517543984132,0.67701203892871,0.05474612045832117,0.4642450934845632,3.469438102796015,0.0
25400,0.1839005947113037,0.924560546875,0.0,0.021631571640376428,0.004407218006131267,0.038078032095115545,0.23032517543984132,0.67701203892871,0.05474612045832117,0.4642450934845632,3.469438102796015,0.0
25425,0.18388891220092773,0.924560546875,0.0,0.02162675629767457,0.004407218006131267,0.038078032095115545,0.23032517543984132,0.67701203892871,0.05474612045832117,0.4642450934845632,3.469438102796015,0.0
25450,0.18387719988822937,0.924560546875,0.0,0.021622326037042002,0.004407218006131267,0.038078032095115545,0.23032517543984132,0.67701203892871,0.05474612045832117,0.4642450934845632,3.469438102796015,0.0
25475,0.1838655322790146,0.924560546875,0.0,0.021618214864287458,0.004407218006131267,0.038078032095115545,0.23032517543984132,0.67701203892871,0.05474612045832117,0.4642450934845632,3.469438102796015,0.0
25500,0.1838538497686386,0.9245758056640625,0.0,0.0216138300616843,0.004407218006131267,0.038078032095115545,0.23032517543984132,0.67701203892871,0.05474612045832117,0.4642450934845632,3.469438102796015,0.0
25525,0.18384216725826263,0.9245758056640625,0.0,0.021609598895414518,0.004407218006131267,0.038078032095115545,0.23032517543984132,0.67701203892871,0.05474612045832117,0.4642450934845632,3.469438102796015,0.0
25550,0.18383049964904785,0.924591064453125,0.0,0.021605111161426955,0.004407218006131267,0.038078032095115545,0.23032517543984132,0.67701203892871,0.05474612045832117,0.4642450934845632,3.469438102796015,0.0
25575,0.18381883203983307,0.924591064453125,0.0,0.02160066812220563,0.004407218006131267,0.038078032095115545,0.23032517543984132,0.67701203892871,0.05474612045832117,0.4642450934845632,3.469438102796015,0.0
25600,0.1838071644306183,0.92462158203125,0.0,0.021595393791248325,0.004407218006131267,0.038078032095115545,0.23032517543984132,0.67701203892871,0.05474612045832117,0.4642450934845632,3.469438102796015,0.0
25625,0.1837955117225647,0.9246368408203125,0.0,0.02159142571199097,0.004407218006131267,0.038078032095115545,0.23032517543984132,0.67701203892871,0.05474612045832117,0.4642450934845632,3.469438102796015,0.0
25650,0.1837838590145111,0.9246673583984375,0.0,0.021586444893053235,0.004407218006131267,0.038078032095115545,0.23032517543984132,0.67701203892871,0.05474612045832117,0.4642450934845632,3.469438102796015,0.0
25675,0.18377220630645752,0.9246673583984375,0.0,0.02158223038073322,0.004407218006131267,0.038078032095115545,0.23032517543984132,0.67701203892871,0.05474612045832117,0.4642450934845632,3.469438102796015,0.0
25700,0.18376056849956512,0.9246826171875,0.0,0.021577735919405833,0.004407218006131267,0.038078032095115545,0.23032517543984132,0.67701203892871,0.05474612045832117,0.4642450934845632,3.469438102796015,0.0
25725,0.18374893069267273,0.9246826171875,0.0,0.0215737919430945,0.004407218006131267,0.038078032095115545,0.23032517543984132,0.67701203892871,0.05474612045832117,0.4642450934845632,3.469438102796015,0.0
25750,0.18373730778694153,0.9246826171875,0.0,0.02156894400996944,0.004407218006131267,0.038078032095115545,0.23032517543984132,0.67701203892871,0.05474612045832117,0.4642450934845632,3.469438102796015,0.0
25775,0.18372566998004913,0.9246978759765625,0.0,0.021564973247816466,0.004407218006131267,0.038078032095115545,0.23032517543984132,0.67701203892871,0.05474612045832117,0.4642450934845632,3.469438102796015,0.0
25800,0.18371404707431793,0.9246978759765625,0.0,0.021561049666821288,0.004407218006131267,0.038078032095115545,0.23032517543984132,0.67701203892871,0.05474612045832117,0.4642450934845632,3.469438102796015,0.0
25825,0.18370242416858673,0.9246978759765625,0.0,0.021556171502793257,0.004407218006131267,0.038078032095115545,0.23032517543984132,0.67701203892871,0.05474612045832117,0.4642450934845632,3.469438102796015,0.0
25850,0.18369081616401672,0.924713134765625,0.0,0.021551959442990307,0.004407218006131267,0.038078032095115545,0.23032517543984132,0.67701203892871,0.05474612045832117,0.4642450934845632,3.469438102796015,0.0
25875,0.18367920815944672,0.924713134765625,0.0,0.021547056504398525,0.004407218006131267,0.038078032095115545,0.23032517543984132,0.67701203892871,0.05474612045832117,0.4642450934845632,3.469438102796015,0.0
25900,0.1836676001548767,0.9246978759765625,0.0,0.021542826120542414,0.004407218006131267,0.038078032095115545,0.23032517543984132,0.67701203892871,0.05474612045832117,0.4642450934845632,3.469438102796015,0.0
25925,0.1836559921503067,0.9246978759765625,0.0,0.021538188819735238,0.004407218006131267,0.038078032095115545,0.23032517543984132,0.67701203892871,0.05474612045832117,0.4642450934845632,3.469438102796015,0.0
25950,0.18364441394805908,0.9246978759765625,0.0,0.021533683836401852,0.004407218006131267,0.038078032095115545,0.23032517543984132,0.67701203892871,0.05474612045832117,0.4642450934845632,3.469438102796015,0.0
25975,0.18363282084465027,0.9247283935546875,0.0,0.021528571978518856,0.004407218006131267,0.038078032095115545,0.23032517543984132,0.67701203892871,0.05474612045832117,0.4642450934845632,3.469438102796015,0.0
26000,0.18362122774124146,0.92474365234375,0.0,0.021523982253512503,0.004407218006131267,0.038078032095115545,0.23032517543984132,0.67701203892871,0.05474612045832117,0.4642450934845632,3.469438102796015,0.0
26025,0.18360966444015503,0.9247589111328125,0.0,0.021519097768964768,0.004407218006131267,0.038078032095115545,0.23032517543984132,0.67701203892871,0.05474612045832117,0.4642450934845632,3.469438102796015,0.0
26050,0.18359807133674622,0.9247589111328125,0.0,0.021514901667306137,0.004407218006131267,0.038078032095115545,0.23032517543984132,0.67701203892871,0.05474612045832117,0.4642450934845632,3.469438102796015,0.0
26075,0.1835865080356598,0.924774169921875,0.0,0.02151026211915853,0.004407218006131267,0.038078032095115545,0.23032517543984132,0.67701203892871,0.05474612045832117,0.4642450934845632,3.469438102796015,0.0
26100,0.18357494473457336,0.924774169921875,0.0,0.021505768076647308,0.004407218006131267,0.038078032095115545,0.23032517543984132,0.67701203892871,0.05474612045832117,0.4642450934845632,3.469438102796015,0.0
26125,0.18356338143348694,0.924774169921875,0.0,0.021501346865526308,0.004407218006131267,0.038078032095115545,0.23032517543984132,0.67701203892871,0.05474612045832117,0.4642450934845632,3.469438102796015,0.0
26150,0.1835518330335617,0.9248046875,0.0,0.021497626619589934,0.004407218006131267,0.038078032095115545,0.23032517543984132,0.67701203892871,0.05474612045832117,0.4642450934845632,3.469438102796015,0.0
26175,0.18354028463363647,0.9247894287109375,0.0,0.021493362925335616,0.004407218006131267,0.038078032095115545,0.23032517543984132,0.67701203892871,0.05474612045832117,0.4642450934845632,3.469438102796015,0.0
26200,0.18352873623371124,0.924774169921875,0.0,0.021488741858589473,0.004407218006131267,0.038078032095115545,0.23032517543984132,0.67701203892871,0.05474612045832117,0.4642450934845632,3.469438102796015,0.0
26225,0.183517187833786,0.924774169921875,0.0,0.021484366603298433,0.004407218006131267,0.038078032095115545,0.23032517543984132,0.67701203892871,0.05474612045832117,0.4642450934845632,3.469438102796015,0.0
26250,0.18350565433502197,0.924774169921875,0.0,0.021479417263158492,0.004407218006131267,0.038078032095115545,0.23032517543984132,0.67701203892871,0.05474612045832117,0.4642450934845632,3.469438102796015,0.0
26275,0.18349412083625793,0.924774169921875,0.0,0.021475125431965135,0.004407218006131267,0.038078032095115545,0.23032517543984132,0.67701203892871,0.05474612045832117,0.4642450934845632,3.469438102796015,0.0
26300,0.1834825873374939,0.924774169921875,0.0,0.021471370390288545,0.004407218006131267,0.038078032095115545,0.23032517543984132,0.67701203892871,0.05474612045832117,0.4642450934845632,3.469438102796015,0.0
26325,0.18347106873989105,0.924774169921875,0.0,0.021466821586258497,0.004407218006131267,0.038078032095115545,0.23032517543984132,0.67701203892871,0.05474612045832117,0.4642450934845632,3.469438102796015,0.0
26350,0.1834595501422882,0.9247894287109375,0.0,0.02146215975061343,0.004407218006131267,0.038078032095115545,0.23032517543984132,0.67701203892871,0.05474612045832117,0.4642450934845632,3.469438102796015,0.0
26375,0.18344804644584656,0.9248046875,0.0,0.021457919473822733,0.004407218006131267,0.038078032095115545,0.23032517543984132,0.67701203892871,0.05474612045832117,0.4642450934845632,3.469438102796015,0.0
26400,0.1834365427494049,0.9248046875,0.0,0.02145353466268253,0.004407218006131267,0.038078032095115545,0.23032517543984132,0.67701203892871,0.05474612045832117,0.4642450934845632,3.469438102796015,0.0
26425,0.18342503905296326,0.9247894287109375,0.0,0.021449895138197995,0.004407218006131267,0.038078032095115545,0.23032517543984132,0.67701203892871,0.05474612045832117,0.4642450934845632,3.469438102796015,0.0
26450,0.1834135353565216,0.9247894287109375,0.0,0.021445908867860713,0.004407218006131267,0.038078032095115545,0.23032517543984132,0.67701203892871,0.05474612045832117,0.4642450934845632,3.469438102796015,0.0
26475,0.18340203166007996,0.9248046875,0.0,0.02144208147447023,0.004407218006131267,0.038078032095115545,0.23032517543984132,0.67701203892871,0.05474612045832117,0.4642450934845632,3.469438102796015,0.0
26500,0.1833905577659607,0.9248046875,0.0,0.021437706356975905,0.004407218006131267,0.038078032095115545,0.23032517543984132,0.67701203892871,0.05474612045832117,0.4642450934845632,3.469438102796015,0.0
26525,0.18337905406951904,0.9248504638671875,0.0,0.021433238685310173,0.004407218006131267,0.038078032095115545,0.23032517543984132,0.67701203892871,0.05474612045832117,0.4642450934845632,3.469438102796015,0.0
26550,0.18336758017539978,0.924835205078125,0.0,0.0214288337674939,0.004407218006131267,0.038078032095115545,0.23032517543984132,0.67701203892871,0.05474612045832117,0.4642450934845632,3.469438102796015,0.0
26575,0.18335609138011932,0.9248504638671875,0.0,0.021424028953223727,0.004407218006131267,0.038078032095115545,0.23032517543984132,0.67701203892871,0.05474612045832117,0.4642450934845632,3.469438102796015,0.0
26600,0.18334463238716125,0.924835205078125,0.0,0.02141968919343776,0.004407218006131267,0.038078032095115545,0.23032517543984132,0.67701203892871,0.05474612045832117,0.4642450934845632,3.469438102796015,0.0
26625,0.183333158493042,0.9248199462890625,0.0,0.02141545900167978,0.004407218006131267,0.038078032095115545,0.23032517543984132,0.67701203892871,0.05474612045832117,0.4642450934845632,3.469438102796015,0.0
26650,0.18332168459892273,0.9248199462890625,0.0,0.021411433412831048,0.004407218006131267,0.038078032095115545,0.23032517543984132,0.67701203892871,0.05474612045832117,0.4642450934845632,3.469438102796015,0.0
26675,0.18331024050712585,0.924835205078125,0.0,0.02140736703273186,0.004407218006131267,0.038078032095115545,0.23032517543984132,0.67701203892871,0.05474612045832117,0.4642450934845632,3.469438102796015,0.0
26700,0.1832987666130066,0.924835205078125,0.0,0.021403033132387016,0.004407218006131267,0.038078032095115545,0.23032517543984132,0.67701203892871,0.05474612045832117,0.4642450934845632,3.469438102796015,0.0
26725,0.18328732252120972,0.924835205078125,0.0,0.02139915678933645,0.004407218006131267,0.038078032095115545,0.23032517543984132,0.67701203892871,0.05474612045832117,0.4642450934845632,3.469438102796015,0.0
26750,0.18327587842941284,0.9248199462890625,0.0,0.021394738061618887,0.004407218006131267,0.038078032095115545,0.23032517543984132,0.67701203892871,0.05474612045832117,0.4642450934845632,3.469438102796015,0.0
26775,0.18326444923877716,0.9248199462890625,0.0,0.021391270672234664,0.004407218006131267,0.038078032095115545,0.23032517543984132,0.67701203892871,0.05474612045832117,0.4642450934845632,3.469438102796015,0.0
26800,0.1832529902458191,0.9248504638671875,0.0,0.021386284962934998,0.004407218006131267,0.038078032095115545,0.23032517543984132,0.67701203892871,0.05474612045832117,0.4642450934845632,3.469438102796015,0.0
26825,0.1832415759563446,0.9248504638671875,0.0,0.021382177099185436,0.004407218006131267,0.038078032095115545,0.23032517543984132,0.67701203892871,0.05474612045832117,0.4642450934845632,3.469438102796015,0.0
26850,0.18323016166687012,0.9248504638671875,0.0,0.021377687089855744,0.004407218006131267,0.038078032095115545,0.23032517543984132,0.67701203892871,0.05474612045832117,0.4642450934845632,3.469438102796015,0.0
26875,0.18321871757507324,0.92486572265625,0.0,0.02137312289803954,0.004407218006131267,0.038078032095115545,0.23032517543984132,0.67701203892871,0.05474612045832117,0.4642450934845632,3.469438102796015,0.0
26900,0.18320730328559875,0.9248504638671875,0.0,0.02136911960304714,0.004407218006131267,0.038078032095115545,0.23032517543984132,0.67701203892871,0.05474612045832117,0.4642450934845632,3.469438102796015,0.0
26925,0.18319588899612427,0.92486572265625,0.0,0.02136417876828637,0.004407218006131267,0.038078032095115545,0.23032517543984132,0.67701203892871,0.05474612045832117,0.4642450934845632,3.469438102796015,0.0
26950,0.18318447470664978,0.9248809814453125,0.0,0.02136031907181565,0.004407218006131267,0.038078032095115545,0.23032517543984132,0.67701203892871,0.05474612045832117,0.4642450934845632,3.469438102796015,0.0
26975,0.1831730604171753,0.9248809814453125,0.0,0.02135602612048609,0.004407218006131267,0.038078032095115545,0.23032517543984132,0.67701203892871,0.05474612045832117,0.4642450934845632,3.469438102796015,0.0
27000,0.1831616759300232,0.924896240234375,0.0,0.02135108947211957,0.004407218006131267,0.038078032095115545,0.23032517543984132,0.67701203892871,0.05474612045832117,0.4642450934845632,3.469438102796015,0.0
27025,0.1831502765417099,0.924896240234375,0.0,0.021347041523257306,0.004407218006131267,0.038078032095115545,0.23032517543984132,0.67701203892871,0.05474612045832117,0.4642450934845632,3.469438102796015,0.0
27050,0.1831388920545578,0.924896240234375,0.0,0.021342923575764786,0.004407218006131267,0.038078032095115545,0.23032517543984132,0.67701203892871,0.05474612045832117,0.4642450934845632,3.469438102796015,0.0
27075,0.1831275075674057,0.9249114990234375,0.0,0.021339296811888463,0.004407218006131267,0.038078032095115545,0.23032517543984132,0.67701203892871,0.05474612045832117,0.4642450934845632,3.469438102796015,0.0
27100,0.1831161230802536,0.9249114990234375,0.0,0.0213354412320683,0.004407218006131267,0.038078032095115545,0.23032517543984132,0.67701203892871,0.05474612045832117,0.4642450934845632,3.469438102796015,0.0
27125,0.1831047385931015,0.9249114990234375,0.0,0.021330697292773343,0.004407218006131267,0.038078032095115545,0.23032517543984132,0.67701203892871,0.05474612045832117,0.4642450934845632,3.469438102796015,0.0
27150,0.1830933690071106,0.924896240234375,0.0,0.021327074648521717,0.004407218006131267,0.038078032095115545,0.23032517543984132,0.67701203892871,0.05474612045832117,0.4642450934845632,3.469438102796015,0.0
27175,0.1830819994211197,0.924896240234375,0.0,0.021322860715940813,0.004407218006131267,0.038078032095115545,0.23032517543984132,0.67701203892871,0.05474612045832117,0.4642450934845632,3.469438102796015,0.0
27200,0.18307062983512878,0.924896240234375,0.0,0.021318338806521696,0.004407218006131267,0.038078032095115545,0.23032517543984132,0.67701203892871,0.05474612045832117,0.4642450934845632,3.469438102796015,0.0
27225,0.18305927515029907,0.924896240234375,0.0,0.02131409060733772,0.004407218006131267,0.038078032095115545,0.23032517543984132,0.67701203892871,0.05474612045832117,0.4642450934845632,3.469438102796015,0.0
27250,0.18304792046546936,0.924896240234375,0.0,0.0213100065609429,0.004407218006131267,0.038078032095115545,0.23032517543984132,0.67701203892871,0.05474612045832117,0.4642450934845632,3.469438102796015,0.0
27275,0.18303656578063965,0.924896240234375,0.0,0.021305842242517522,0.004407218006131267,0.038078032095115545,0.23032517543984132,0.67701203892871,0.05474612045832117,0.4642450934845632,3.469438102796015,0.0
27300,0.18302522599697113,0.9249267578125,0.0,0.021301563147501652,0.004407218006131267,0.038078032095115545,0.23032517543984132,0.67701203892871,0.05474612045832117,0.4642450934845632,3.469438102796015,0.0
27325,0.1830138862133026,0.9249267578125,0.0,0.02129810406686452,0.004407218006131267,0.038078032095115545,0.23032517543984132,0.67701203892871,0.05474612045832117,0.4642450934845632,3.469438102796015,0.0
27350,0.1830025315284729,0.9249267578125,0.0,0.02129480310325076,0.004407218006131267,0.038078032095115545,0.23032517543984132,0.67701203892871,0.05474612045832117,0.4642450934845632,3.469438102796015,0.0
27375,0.18299119174480438,0.9249114990234375,0.0,0.021290788394893335,0.004407218006131267,0.038078032095115545,0.23032517543984132,0.67701203892871,0.05474612045832117,0.4642450934845632,3.469438102796015,0.0
27400,0.18297988176345825,0.9249114990234375,0.0,0.021285960307104265,0.004407218006131267,0.038078032095115545,0.23032517543984132,0.67701203892871,0.05474612045832117,0.4642450934845632,3.469438102796015,0.0
27425,0.18296855688095093,0.9249114990234375,0.0,0.02128100725661394,0.004407218006131267,0.038078032095115545,0.23032517543984132,0.67701203892871,0.05474612045832117,0.4642450934845632,3.469438102796015,0.0
27450,0.1829572319984436,0.9249267578125,0.0,0.02127682182173921,0.004407218006131267,0.038078032095115545,0.23032517543984132,0.67701203892871,0.05474612045832117,0.4642450934845632,3.469438102796015,0.0
27475,0.18294590711593628,0.9249114990234375,0.0,0.021272847392032303,0.004407218006131267,0.038078032095115545,0.23032517543984132,0.67701203892871,0.05474612045832117,0.4642450934845632,3.469438102796015,0.0
27500,0.18293461203575134,0.9249420166015625,0.0,0.02126868513869026,0.004407218006131267,0.038078032095115545,0.23032517543984132,0.67701203892871,0.05474612045832117,0.4642450934845632,3.469438102796015,0.0
27525,0.18292328715324402,0.9249420166015625,0.0,0.021264729076335108,0.004407218006131267,0.038078032095115545,0.23032517543984132,0.67701203892871,0.05474612045832117,0.4642450934845632,3.469438102796015,0.0
27550,0.18291199207305908,0.924957275390625,0.0,0.02126002551153942,0.004407218006131267,0.038078032095115545,0.23032517543984132,0.67701203892871,0.05474612045832117,0.4642450934845632,3.469438102796015,0.0
27575,0.18290069699287415,0.9249725341796875,0.0,0.021256074383785493,0.004407218006131267,0.038078032095115545,0.23032517543984132,0.67701203892871,0.05474612045832117,0.4642450934845632,3.469438102796015,0.0
27600,0.1828894019126892,0.9249725341796875,0.0,0.021252013767014088,0.004407218006131267,0.038078032095115545,0.23032517543984132,0.67701203892871,0.05474612045832117,0.4642450934845632,3.469438102796015,0.0
27625,0.18287810683250427,0.9249725341796875,0.0,0.021248249164278536,0.004407218006131267,0.038078032095115545,0.23032517543984132,0.67701203892871,0.05474612045832117,0.4642450934845632,3.469438102796015,0.0
27650,0.18286682665348053,0.9249725341796875,0.0,0.02124396102500524,0.004407218006131267,0.038078032095115545,0.23032517543984132,0.67701203892871,0.05474612045832117,0.4642450934845632,3.469438102796015,0.0
27675,0.1828555464744568,0.9249420166015625,0.0,0.02123888955941955,0.004407218006131267,0.038078032095115545,0.23032517543984132,0.67701203892871,0.05474612045832117,0.4642450934845632,3.469438102796015,0.0
27700,0.18284426629543304,0.9249420166015625,0.0,0.021234902142875944,0.004407218006131267,0.038078032095115545,0.23032517543984132,0.67701203892871,0.05474612045832117,0.4642450934845632,3.469438102796015,0.0
27725,0.1828330010175705,0.924957275390625,0.0,0.021230752406308256,0.004407218006131267,0.038078032095115545,0.23032517543984132,0.67701203892871,0.05474612045832117,0.4642450934845632,3.469438102796015,0.0
27750,0.18282173573970795,0.92498779296875,0.0,0.021226840384841954,0.004407218006131267,0.038078032095115545,0.23032517543984132,0.67701203892871,0.05474612045832117,0.4642450934845632,3.469438102796015,0.0
27775,0.1828104555606842,0.92498779296875,0.0,0.021222946959367734,0.004407218006131267,0.038078032095115545,0.23032517543984132,0.67701203892871,0.05474612045832117,0.4642450934845632,3.469438102796015,0.0
27800,0.18279922008514404,0.92498779296875,0.0,0.02121890120206247,0.004407218006131267,0.038078032095115545,0.23032517543984132,0.67701203892871,0.05474612045832117,0.4642450934845632,3.469438102796015,0.0
27825,0.1827879548072815,0.92498779296875,0.0,0.021216068497733807,0.004407218006131267,0.038078032095115545,0.23032517543984132,0.67701203892871,0.05474612045832117,0.4642450934845632,3.469438102796015,0.0
27850,0.18277671933174133,0.92498779296875,0.0,0.021213078754995757,0.004407218006131267,0.038078032095115545,0.23032517543984132,0.67701203892871,0.05474612045832117,0.4642450934845632,3.469438102796015,0.0
27875,0.18276545405387878,0.92498779296875,0.0,0.02120980309484202,0.004407218006131267,0.038078032095115545,0.23032517543984132,0.67701203892871,0.05474612045832117,0.4642450934845632,3.469438102796015,0.0
27900,0.18275421857833862,0.9250030517578125,0.0,0.021206573542253106,0.004407218006131267,0.038078032095115545,0.23032517543984132,0.67701203892871,0.05474612045832117,0.4642450934845632,3.469438102796015,0.0
27925,0.18274298310279846,0.9250030517578125,0.0,0.021202701395148116,0.004407218006131267,0.038078032095115545,0.23032517543984132,0.67701203892871,0.05474612045832117,0.4642450934845632,3.469438102796015,0.0
27950,0.1827317327260971,0.9250030517578125,0.0,0.021199348739678617,0.004407218006131267,0.038078032095115545,0.23032517543984132,0.67701203892871,0.05474612045832117,0.4642450934845632,3.469438102796015,0.0
27975,0.18272051215171814,0.9250030517578125,0.0,0.021195229340672417,0.004407218006131267,0.038078032095115545,0.23032517543984132,0.67701203892871,0.05474612045832117,0.4642450934845632,3.469438102796015,0.0
28000,0.18270929157733917,0.9250030517578125,0.0,0.02119197246292345,0.004407218006131267,0.038078032095115545,0.23032517543984132,0.67701203892871,0.05474612045832117,0.4642450934845632,3.469438102796015,0.0
28025,0.182698056101799,0.9250030517578125,0.0,0.021188078448032686,0.004407218006131267,0.038078032095115545,0.23032517543984132,0.67701203892871,0.05474612045832117,0.4642450934845632,3.469438102796015,0.0
28050,0.18268682062625885,0.925018310546875,0.0,0.02118346362467099,0.004407218006131267,0.038078032095115545,0.23032517543984132,0.67701203892871,0.05474612045832117,0.4642450934845632,3.469438102796015,0.0
28075,0.18267561495304108,0.9250335693359375,0.0,0.02117941404153701,0.004407218006131267,0.038078032095115545,0.23032517543984132,0.67701203892871,0.05474612045832117,0.4642450934845632,3.469438102796015,0.0
28100,0.1826643943786621,0.925048828125,0.0,0.02117537478264042,0.004407218006131267,0.038078032095115545,0.23032517543984132,0.67701203892871,0.05474612045832117,0.4642450934845632,3.469438102796015,0.0
28125,0.18265320360660553,0.925048828125,0.0,0.02117193086794864,0.004407218006131267,0.038078032095115545,0.23032517543984132,0.67701203892871,0.05474612045832117,0.4642450934845632,3.469438102796015,0.0
28150,0.18264199793338776,0.925048828125,0.0,0.021166875716806328,0.004407218006131267,0.038078032095115545,0.23032517543984132,0.67701203892871,0.05474612045832117,0.4642450934845632,3.469438102796015,0.0
28175,0.18263080716133118,0.925079345703125,0.0,0.02116332130402636,0.004407218006131267,0.038078032095115545,0.23032517543984132,0.67701203892871,0.05474612045832117,0.4642450934845632,3.469438102796015,0.0
28200,0.1826196014881134,0.9250946044921875,0.0,0.02115954793090874,0.004407218006131267,0.038078032095115545,0.23032517543984132,0.67701203892871,0.05474612045832117,0.4642450934845632,3.469438102796015,0.0
28225,0.18260841071605682,0.9250946044921875,0.0,0.02115521729961127,0.004407218006131267,0.038078032095115545,0.23032517543984132,0.67701203892871,0.05474612045832117,0.4642450934845632,3.469438102796015,0.0
28250,0.18259721994400024,0.9250946044921875,0.0,0.021151432080716567,0.004407218006131267,0.038078032095115545,0.23032517543984132,0.67701203892871,0.05474612045832117,0.4642450934845632,3.469438102796015,0.0
28275,0.18258604407310486,0.9250946044921875,0.0,0.021148450344987475,0.004407218006131267,0.038078032095115545,0.23032517543984132,0.67701203892871,0.05474612045832117,0.4642450934845632,3.469438102796015,0.0
28300,0.18257486820220947,0.9250946044921875,0.0,0.021143801552178813,0.004407218006131267,0.038078032095115545,0.23032517543984132,0.67701203892871,0.05474612045832117,0.4642450934845632,3.469438102796015,0.0
28325,0.1825636923313141,0.92510986328125,0.0,0.021140399488614698,0.004407218006131267,0.038078032095115545,0.23032517543984132,0.67701203892871,0.05474612045832117,0.4642450934845632,3.469438102796015,0.0
28350,0.1825525164604187,0.925140380859375,0.0,0.02113595591125577,0.004407218006131267,0.038078032095115545,0.23032517543984132,0.67701203892871,0.05474612045832117,0.4642450934845632,3.469438102796015,0.0
28375,0.1825413554906845,0.925140380859375,0.0,0.021131940500288816,0.004407218006131267,0.038078032095115545,0.23032517543984132,0.67701203892871,0.05474612045832117,0.4642450934845632,3.469438102796015,0.0
28400,0.18253019452095032,0.9251556396484375,0.0,0.021128272156157746,0.004407218006131267,0.038078032095115545,0.23032517543984132,0.67701203892871,0.05474612045832117,0.4642450934845632,3.469438102796015,0.0
28425,0.18251903355121613,0.9251556396484375,0.0,0.021125152596736536,0.004407218006131267,0.038078032095115545,0.23032517543984132,0.67701203892871,0.05474612045832117,0.4642450934845632,3.469438102796015,0.0
28450,0.18250787258148193,0.9251556396484375,0.0,0.021121947453796218,0.004407218006131267,0.038078032095115545,0.23032517543984132,0.67701203892871,0.05474612045832117,0.4642450934845632,3.469438102796015,0.0
28475,0.18249672651290894,0.9251556396484375,0.0,0.021118036430121334,0.004407218006131267,0.038078032095115545,0.23032517543984132,0.67701203892871,0.05474612045832117,0.4642450934845632,3.469438102796015,0.0
28500,0.18248558044433594,0.9251556396484375,0.0,0.021115097426623913,0.004407218006131267,0.038078032095115545,0.23032517543984132,0.67701203892871,0.05474612045832117,0.4642450934845632,3.469438102796015,0.0
28525,0.18247443437576294,0.9251556396484375,0.0,0.021111029732610295,0.004407218006131267,0.038078032095115545,0.23032517543984132,0.67701203892871,0.05474612045832117,0.4642450934845632,3.469438102796015,0.0
28550,0.18246328830718994,0.9251708984375,0.0,0.021106766400366562,0.004407218006131267,0.038078032095115545,0.23032517543984132,0.67701203892871,0.05474612045832117,0.4642450934845632,3.469438102796015,0.0
28575,0.18245214223861694,0.9251708984375,0.0,0.02110352726624237,0.004407218006131267,0.038078032095115545,0.23032517543984132,0.67701203892871,0.05474612045832117,0.4642450934845632,3.469438102796015,0.0
28600,0.18244102597236633,0.925201416015625,0.0,0.021099714456701044,0.004407218006131267,0.038078032095115545,0.23032517543984132,0.67701203892871,0.05474612045832117,0.4642450934845632,3.469438102796015,0.0
28625,0.18242990970611572,0.925201416015625,0.0,0.021096557106400956,0.004407218006131267,0.038078032095115545,0.23032517543984132,0.67701203892871,0.05474612045832117,0.4642450934845632,3.469438102796015,0.0
28650,0.1824187934398651,0.9252166748046875,0.0,0.021092844899613272,0.004407218006131267,0.038078032095115545,0.23032517543984132,0.67701203892871,0.05474612045832117,0.4642450934845632,3.469438102796015,0.0
28675,0.1824076622724533,0.92523193359375,0.0,0.021088880223562787,0.004407218006131267,0.038078032095115545,0.23032517543984132,0.67701203892871,0.05474612045832117,0.4642450934845632,3.469438102796015,0.0
28700,0.1823965460062027,0.9252471923828125,0.0,0.02108575925253602,0.004407218006131267,0.038078032095115545,0.23032517543984132,0.67701203892871,0.05474612045832117,0.4642450934845632,3.469438102796015,0.0
28725,0.18238544464111328,0.925262451171875,0.0,0.021082365204896907,0.004407218006131267,0.038078032095115545,0.23032517543984132,0.67701203892871,0.05474612045832117,0.4642450934845632,3.469438102796015,0.0
28750,0.18237432837486267,0.925262451171875,0.0,0.021078558271848905,0.004407218006131267,0.038078032095115545,0.23032517543984132,0.67701203892871,0.05474612045832117,0.4642450934845632,3.469438102796015,0.0
28775,0.18236321210861206,0.9252777099609375,0.0,0.02107431459267435,0.004407218006131267,0.038078032095115545,0.23032517543984132,0.67701203892871,0.05474612045832117,0.4642450934845632,3.469438102796015,0.0
28800,0.18235211074352264,0.9252777099609375,0.0,0.021070228114139136,0.004407218006131267,0.038078032095115545,0.23032517543984132,0.67701203892871,0.05474612045832117,0.4642450934845632,3.469438102796015,0.0
28825,0.18234100937843323,0.9252777099609375,0.0,0.021066131116726637,0.004407218006131267,0.038078032095115545,0.23032517543984132,0.67701203892871,0.05474612045832117,0.4642450934845632,3.469438102796015,0.0
28850,0.182329922914505,0.9252777099609375,0.0,0.02106283906511498,0.004407218006131267,0.038078032095115545,0.23032517543984132,0.67701203892871,0.05474612045832117,0.4642450934845632,3.469438102796015,0.0
28875,0.18231883645057678,0.9252777099609375,0.0,0.0210590371377123,0.004407218006131267,0.038078032095115545,0.23032517543984132,0.67701203892871,0.05474612045832117,0.4642450934845632,3.469438102796015,0.0
28900,0.18230774998664856,0.92529296875,0.0,0.021054834310138038,0.004407218006131267,0.038078032095115545,0.23032517543984132,0.67701203892871,0.05474612045832117,0.4642450934845632,3.469438102796015,0.0
28925,0.18229666352272034,0.92529296875,0.0,0.021050475460757632,0.004407218006131267,0.038078032095115545,0.23032517543984132,0.67701203892871,0.05474612045832117,0.4642450934845632,3.469438102796015,0.0
28950,0.18228557705879211,0.9253082275390625,0.0,0.021046814100770046,0.004407218006131267,0.038078032095115545,0.23032517543984132,0.67701203892871,0.05474612045832117,0.4642450934845632,3.469438102796015,0.0
28975,0.18227452039718628,0.9253082275390625,0.0,0.021042654229869562,0.004407218006131267,0.038078032095115545,0.23032517543984132,0.67701203892871,0.05474612045832117,0.4642450934845632,3.469438102796015,0.0
29000,0.18226343393325806,0.9253082275390625,0.0,0.021038317156184018,0.004407218006131267,0.038078032095115545,0.23032517543984132,0.67701203892871,0.05474612045832117,0.4642450934845632,3.469438102796015,0.0
29025,0.18225239217281342,0.9253082275390625,0.0,0.021034905592457628,0.004407218006131267,0.038078032095115545,0.23032517543984132,0.67701203892871,0.05474612045832117,0.4642450934845632,3.469438102796015,0.0
29050,0.1822413206100464,0.9253082275390625,0.0,0.021031662736971376,0.004407218006131267,0.038078032095115545,0.23032517543984132,0.67701203892871,0.05474612045832117,0.4642450934845632,3.469438102796015,0.0
29075,0.18223027884960175,0.9253387451171875,0.0,0.02102838858988618,0.004407218006131267,0.038078032095115545,0.23032517543984132,0.67701203892871,0.05474612045832117,0.4642450934845632,3.469438102796015,0.0
29100,0.18221920728683472,0.9253692626953125,0.0,0.021024035604382412,0.004407218006131267,0.038078032095115545,0.23032517543984132,0.67701203892871,0.05474612045832117,0.4642450934845632,3.469438102796015,0.0
29125,0.18220816552639008,0.9253997802734375,0.0,0.021019949900931336,0.004407218006131267,0.038078032095115545,0.23032517543984132,0.67701203892871,0.05474612045832117,0.4642450934845632,3.469438102796015,0.0
29150,0.18219712376594543,0.9253997802734375,0.0,0.02101704383514486,0.004407218006131267,0.038078032095115545,0.23032517543984132,0.67701203892871,0.05474612045832117,0.4642450934845632,3.469438102796015,0.0
29175,0.1821860820055008,0.9254150390625,0.0,0.021013007982330835,0.004407218006131267,0.038078032095115545,0.23032517543984132,0.67701203892871,0.05474612045832117,0.4642450934845632,3.469438102796015,0.0
29200,0.18217504024505615,0.9254150390625,0.0,0.02100957526171517,0.004407218006131267,0.038078032095115545,0.23032517543984132,0.67701203892871,0.05474612045832117,0.4642450934845632,3.469438102796015,0.0
29225,0.1821640133857727,0.9253997802734375,0.0,0.021006263380076214,0.004407218006131267,0.038078032095115545,0.23032517543984132,0.67701203892871,0.05474612045832117,0.4642450934845632,3.469438102796015,0.0
29250,0.18215298652648926,0.9254150390625,0.0,0.021003873080712426,0.004407218006131267,0.038078032095115545,0.23032517543984132,0.67701203892871,0.05474612045832117,0.4642450934845632,3.469438102796015,0.0
29275,0.18214194476604462,0.9254150390625,0.0,0.021000172340450075,0.004407218006131267,0.038078032095115545,0.23032517543984132,0.67701203892871,0.05474612045832117,0.4642450934845632,3.469438102796015,0.0
29300,0.18213093280792236,0.9254302978515625,0.0,0.020996473216978225,0.004407218006131267,0.038078032095115545,0.23032517543984132,0.67701203892871,0.05474612045832117,0.4642450934845632,3.469438102796015,0.0
29325,0.18211990594863892,0.9254608154296875,0.0,0.020993002945459343,0.004407218006131267,0.038078032095115545,0.23032517543984132,0.67701203892871,0.05474612045832117,0.4642450934845632,3.469438102796015,0.0
29350,0.18210889399051666,0.9254608154296875,0.0,0.020988778924640166,0.004407218006131267,0.038078032095115545,0.23032517543984132,0.67701203892871,0.05474612045832117,0.4642450934845632,3.469438102796015,0.0
29375,0.1820978820323944,0.9254608154296875,0.0,0.020985042581190144,0.004407218006131267,0.038078032095115545,0.23032517543984132,0.67701203892871,0.05474612045832117,0.4642450934845632,3.469438102796015,0.0
29400,0.18208687007427216,0.9254608154296875,0.0,0.020981073424178785,0.004407218006131267,0.038078032095115545,0.23032517543984132,0.67701203892871,0.05474612045832117,0.4642450934845632,3.469438102796015,0.0
29425,0.1820758581161499,0.9254608154296875,0.0,0.020977298719305447,0.004407218006131267,0.038078032095115545,0.23032517543984132,0.67701203892871,0.05474612045832117,0.4642450934845632,3.469438102796015,0.0
29450,0.18206487596035004,0.92547607421875,0.0,0.020973709127447386,0.004407218006131267,0.038078032095115545,0.23032517543984132,0.67701203892871,0.05474612045832117,0.4642450934845632,3.469438102796015,0.0
29475,0.18205389380455017,0.9254913330078125,0.0,0.02097015361644632,0.004407218006131267,0.038078032095115545,0.23032517543984132,0.67701203892871,0.05474612045832117,0.4642450934845632,3.469438102796015,0.0
29500,0.1820428967475891,0.9254913330078125,0.0,0.020966194197303285,0.004407218006131267,0.038078032095115545,0.23032517543984132,0.67701203892871,0.05474612045832117,0.4642450934845632,3.469438102796015,0.0
29525,0.18203189969062805,0.9254913330078125,0.0,0.020963019092357923,0.004407218006131267,0.038078032095115545,0.23032517543984132,0.67701203892871,0.05474612045832117,0.4642450934845632,3.469438102796015,0.0
29550,0.18202091753482819,0.925506591796875,0.0,0.02095939299987099,0.004407218006131267,0.038078032095115545,0.23032517543984132,0.67701203892871,0.05474612045832117,0.4642450934845632,3.469438102796015,0.0
29575,0.18200993537902832,0.925506591796875,0.0,0.020955597446817114,0.004407218006131267,0.038078032095115545,0.23032517543984132,0.67701203892871,0.05474612045832117,0.4642450934845632,3.469438102796015,0.0
29600,0.18199895322322845,0.925506591796875,0.0,0.02095126253136724,0.004407218006131267,0.038078032095115545,0.23032517543984132,0.67701203892871,0.05474612045832117,0.4642450934845632,3.469438102796015,0.0
29625,0.18198798596858978,0.925506591796875,0.0,0.02094888175063947,0.004407218006131267,0.038078032095115545,0.23032517543984132,0.67701203892871,0.05474612045832117,0.4642450934845632,3.469438102796015,0.0
29650,0.18197700381278992,0.9255218505859375,0.0,0.02094549734646349,0.004407218006131267,0.038078032095115545,0.23032517543984132,0.67701203892871,0.05474612045832117,0.4642450934845632,3.469438102796015,0.0
29675,0.18196606636047363,0.925537109375,0.0,0.02094193408123771,0.004407218006131267,0.038078032095115545,0.23032517543984132,0.67701203892871,0.05474612045832117,0.4642450934845632,3.469438102796015,0.0
29700,0.18195509910583496,0.925567626953125,0.0,0.020938682209679954,0.004407218006131267,0.038078032095115545,0.23032517543984132,0.67701203892871,0.05474612045832117,0.4642450934845632,3.469438102796015,0.0
29725,0.1819441318511963,0.925567626953125,0.0,0.02093479339331689,0.004407218006131267,0.038078032095115545,0.23032517543984132,0.67701203892871,0.05474612045832117,0.4642450934845632,3.469438102796015,0.0
29750,0.18193316459655762,0.9255828857421875,0.0,0.02093029629463866,0.004407218006131267,0.038078032095115545,0.23032517543984132,0.67701203892871,0.05474612045832117,0.4642450934845632,3.469438102796015,0.0
29775,0.18192222714424133,0.9255828857421875,0.0,0.020927442211894083,0.004407218006131267,0.038078032095115545,0.23032517543984132,0.67701203892871,0.05474612045832117,0.4642450934845632,3.469438102796015,0.0
29800,0.18191127479076385,0.9256134033203125,0.0,0.02092386489720047,0.004407218006131267,0.038078032095115545,0.23032517543984132,0.67701203892871,0.05474612045832117,0.4642450934845632,3.469438102796015,0.0
29825,0.18190033733844757,0.9256134033203125,0.0,0.02092034253453225,0.004407218006131267,0.038078032095115545,0.23032517543984132,0.67701203892871,0.05474612045832117,0.4642450934845632,3.469438102796015,0.0
29850,0.1818893998861313,0.9256134033203125,0.0,0.020917217975057086,0.004407218006131267,0.038078032095115545,0.23032517543984132,0.67701203892871,0.05474612045832117,0.4642450934845632,3.469438102796015,0.0
29875,0.1818784475326538,0.925628662109375,0.0,0.020913682040818317,0.004407218006131267,0.038078032095115545,0.23032517543984132,0.67701203892871,0.05474612045832117,0.4642450934845632,3.469438102796015,0.0
29900,0.18186752498149872,0.925628662109375,0.0,0.020910445895640346,0.004407218006131267,0.038078032095115545,0.23032517543984132,0.67701203892871,0.05474612045832117,0.4642450934845632,3.469438102796015,0.0
29925,0.18185658752918243,0.925628662109375,0.0,0.020906625410928283,0.004407218006131267,0.038078032095115545,0.23032517543984132,0.67701203892871,0.05474612045832117,0.4642450934845632,3.469438102796015,0.0
29950,0.18184567987918854,0.9256439208984375,0.0,0.020903204922881207,0.004407218006131267,0.038078032095115545,0.23032517543984132,0.67701203892871,0.05474612045832117,0.4642450934845632,3.469438102796015,0.0
29975,0.18183474242687225,0.9256591796875,0.0,0.020900158475695863,0.004407218006131267,0.038078032095115545,0.23032517543984132,0.67701203892871,0.05474612045832117,0.4642450934845632,3.469438102796015,0.0
30000,0.18182383477687836,0.9256591796875,0.0,0.020896409271776002,0.004407218006131267,0.038078032095115545,0.23032517543984132,0.67701203892871,0.05474612045832117,0.4642450934845632,3.469438102796015,0.0
30025,0.18181294202804565,0.9256591796875,0.0,0.020892020129496536,0.004407218006131267,0.038078032095115545,0.23032517543984132,0.67701203892871,0.05474612045832117,0.4642450934845632,3.469438102796015,0.0
30050,0.18180200457572937,0.9256591796875,0.0,0.02088782934588688,0.004407218006131267,0.038078032095115545,0.23032517543984132,0.67701203892871,0.05474612045832117,0.4642450934845632,3.469438102796015,0.0
30075,0.18179109692573547,0.925689697265625,0.0,0.02088497683705201,0.004407218006131267,0.038078032095115545,0.23032517543984132,0.67701203892871,0.05474612045832117,0.4642450934845632,3.469438102796015,0.0
30100,0.18178020417690277,0.925689697265625,0.0,0.02088156501844128,0.004407218006131267,0.038078032095115545,0.23032517543984132,0.67701203892871,0.05474612045832117,0.4642450934845632,3.469438102796015,0.0
30125,0.18176931142807007,0.925689697265625,0.0,0.020878254078712508,0.004407218006131267,0.038078032095115545,0.23032517543984132,0.67701203892871,0.05474612045832117,0.4642450934845632,3.469438102796015,0.0
30150,0.18175840377807617,0.925689697265625,0.0,0.020875171431900586,0.004407218006131267,0.038078032095115545,0.23032517543984132,0.67701203892871,0.05474612045832117,0.4642450934845632,3.469438102796015,0.0
30175,0.18174752593040466,0.925689697265625,0.0,0.020871511122486676,0.004407218006131267,0.038078032095115545,0.23032517543984132,0.67701203892871,0.05474612045832117,0.4642450934845632,3.469438102796015,0.0
30200,0.18173661828041077,0.925689697265625,0.0,0.020868611214293686,0.004407218006131267,0.038078032095115545,0.23032517543984132,0.67701203892871,0.05474612045832117,0.4642450934845632,3.469438102796015,0.0
30225,0.18172575533390045,0.9257049560546875,0.0,0.020864595909208097,0.004407218006131267,0.038078032095115545,0.23032517543984132,0.67701203892871,0.05474612045832117,0.4642450934845632,3.469438102796015,0.0
30250,0.18171486258506775,0.9257049560546875,0.0,0.02086083939667975,0.004407218006131267,0.038078032095115545,0.23032517543984132,0.67701203892871,0.05474612045832117,0.4642450934845632,3.469438102796015,0.0
30275,0.18170398473739624,0.9257049560546875,0.0,0.020856956800860405,0.004407218006131267,0.038078032095115545,0.23032517543984132,0.67701203892871,0.05474612045832117,0.4642450934845632,3.469438102796015,0.0
30300,0.18169312179088593,0.9257049560546875,0.0,0.020853272254864667,0.004407218006131267,0.038078032095115545,0.23032517543984132,0.67701203892871,0.05474612045832117,0.4642450934845632,3.469438102796015,0.0
30325,0.18168224394321442,0.9257354736328125,0.0,0.020849934537431954,0.004407218006131267,0.038078032095115545,0.23032517543984132,0.67701203892871,0.05474612045832117,0.4642450934845632,3.469438102796015,0.0
30350,0.1816713809967041,0.925750732421875,0.0,0.020845661063590246,0.004407218006131267,0.038078032095115545,0.23032517543984132,0.67701203892871,0.05474612045832117,0.4642450934845632,3.469438102796015,0.0
30375,0.1816605031490326,0.92578125,0.0,0.020841448636116033,0.004407218006131267,0.038078032095115545,0.23032517543984132,0.67701203892871,0.05474612045832117,0.4642450934845632,3.469438102796015,0.0
30400,0.18164965510368347,0.92578125,0.0,0.020838015078866474,0.004407218006131267,0.038078032095115545,0.23032517543984132,0.67701203892871,0.05474612045832117,0.4642450934845632,3.469438102796015,0.0
30425,0.18163880705833435,0.92578125,0.0,0.02083447465601853,0.004407218006131267,0.038078032095115545,0.23032517543984132,0.67701203892871,0.05474612045832117,0.4642450934845632,3.469438102796015,0.0
30450,0.18162795901298523,0.92578125,0.0,0.0208303921818076,0.004407218006131267,0.038078032095115545,0.23032517543984132,0.67701203892871,0.05474612045832117,0.4642450934845632,3.469438102796015,0.0
30475,0.1816171109676361,0.92578125,0.0,0.020827350281012617,0.004407218006131267,0.038078032095115545,0.23032517543984132,0.67701203892871,0.05474612045832117,0.4642450934845632,3.469438102796015,0.0
30500,0.181606262922287,0.92578125,0.0,0.02082315339035251,0.004407218006131267,0.038078032095115545,0.23032517543984132,0.67701203892871,0.05474612045832117,0.4642450934845632,3.469438102796015,0.0
30525,0.18159542977809906,0.9257965087890625,0.0,0.020820032443070333,0.004407218006131267,0.038078032095115545,0.23032517543984132,0.67701203892871,0.05474612045832117,0.4642450934845632,3.469438102796015,0.0
30550,0.18158459663391113,0.925811767578125,0.0,0.020817095658635647,0.004407218006131267,0.038078032095115545,0.23032517543984132,0.67701203892871,0.05474612045832117,0.4642450934845632,3.469438102796015,0.0
30575,0.1815737634897232,0.925811767578125,0.0,0.020813194917687152,0.004407218006131267,0.038078032095115545,0.23032517543984132,0.67701203892871,0.05474612045832117,0.4642450934845632,3.469438102796015,0.0
30600,0.18156293034553528,0.925811767578125,0.0,0.020809912630880553,0.004407218006131267,0.038078032095115545,0.23032517543984132,0.67701203892871,0.05474612045832117,0.4642450934845632,3.469438102796015,0.0
30625,0.18155211210250854,0.9258270263671875,0.0,0.020806271111641714,0.004407218006131267,0.038078032095115545,0.23032517543984132,0.67701203892871,0.05474612045832117,0.4642450934845632,3.469438102796015,0.0
30650,0.1815412938594818,0.9258270263671875,0.0,0.02080299263136371,0.004407218006131267,0.038078032095115545,0.23032517543984132,0.67701203892871,0.05474612045832117,0.4642450934845632,3.469438102796015,0.0
30675,0.18153047561645508,0.92584228515625,0.0,0.020798839043977516,0.004407218006131267,0.038078032095115545,0.23032517543984132,0.67701203892871,0.05474612045832117,0.4642450934845632,3.469438102796015,0.0
30700,0.18151965737342834,0.925872802734375,0.0,0.020794963156429126,0.004407218006131267,0.038078032095115545,0.23032517543984132,0.67701203892871,0.05474612045832117,0.4642450934845632,3.469438102796015,0.0
30725,0.1815088391304016,0.9258575439453125,0.0,0.020792303881410217,0.004407218006131267,0.038078032095115545,0.23032517543984132,0.67701203892871,0.05474612045832117,0.4642450934845632,3.469438102796015,0.0
30750,0.18149803578853607,0.9258575439453125,0.0,0.020789484997485973,0.004407218006131267,0.038078032095115545,0.23032517543984132,0.67701203892871,0.05474612045832117,0.4642450934845632,3.469438102796015,0.0
30775,0.18148723244667053,0.9258575439453125,0.0,0.020785987040381596,0.004407218006131267,0.038078032095115545,0.23032517543984132,0.67701203892871,0.05474612045832117,0.4642450934845632,3.469438102796015,0.0
30800,0.1814764440059662,0.9258575439453125,0.0,0.020783031678843468,0.004407218006131267,0.038078032095115545,0.23032517543984132,0.67701203892871,0.05474612045832117,0.4642450934845632,3.469438102796015,0.0
30825,0.18146564066410065,0.9259033203125,0.0,0.020780078519375585,0.004407218006131267,0.038078032095115545,0.23032517543984132,0.67701203892871,0.05474612045832117,0.4642450934845632,3.469438102796015,0.0
30850,0.1814548522233963,0.925933837890625,0.0,0.020776857843583393,0.004407218006131267,0.038078032095115545,0.23032517543984132,0.67701203892871,0.05474612045832117,0.4642450934845632,3.469438102796015,0.0
30875,0.18144404888153076,0.925933837890625,0.0,0.020774211763957374,0.004407218006131267,0.038078032095115545,0.23032517543984132,0.67701203892871,0.05474612045832117,0.4642450934845632,3.469438102796015,0.0
30900,0.1814332753419876,0.925933837890625,0.0,0.02077046842199061,0.004407218006131267,0.038078032095115545,0.23032517543984132,0.67701203892871,0.05474612045832117,0.4642450934845632,3.469438102796015,0.0
30925,0.18142248690128326,0.925933837890625,0.0,0.020766941483434016,0.004407218006131267,0.038078032095115545,0.23032517543984132,0.67701203892871,0.05474612045832117,0.4642450934845632,3.469438102796015,0.0
30950,0.1814117133617401,0.925933837890625,0.0,0.020763762415066053,0.004407218006131267,0.038078032095115545,0.23032517543984132,0.67701203892871,0.05474612045832117,0.4642450934845632,3.469438102796015,0.0
30975,0.18140092492103577,0.9259490966796875,0.0,0.020760222106740556,0.004407218006131267,0.038078032095115545,0.23032517543984132,0.67701203892871,0.05474612045832117,0.4642450934845632,3.469438102796015,0.0
31000,0.18139015138149261,0.9259490966796875,0.0,0.02075795150101893,0.004407218006131267,0.038078032095115545,0.23032517543984132,0.67701203892871,0.05474612045832117,0.4642450934845632,3.469438102796015,0.0
31025,0.18137939274311066,0.9259490966796875,0.0,0.020754695811078406,0.004407218006131267,0.038078032095115545,0.23032517543984132,0.67701203892871,0.05474612045832117,0.4642450934845632,3.469438102796015,0.0
31050,0.1813686192035675,0.92596435546875,0.0,0.020751433805930697,0.004407218006131267,0.038078032095115545,0.23032517543984132,0.67701203892871,0.05474612045832117,0.4642450934845632,3.469438102796015,0.0
31075,0.18135786056518555,0.9259490966796875,0.0,0.02074814245774446,0.004407218006131267,0.038078032095115545,0.23032517543984132,0.67701203892871,0.05474612045832117,0.4642450934845632,3.469438102796015,0.0
31100,0.1813471019268036,0.9259490966796875,0.0,0.020745269779905654,0.004407218006131267,0.038078032095115545,0.23032517543984132,0.67701203892871,0.05474612045832117,0.4642450934845632,3.469438102796015,0.0
31125,0.18133634328842163,0.92596435546875,0.0,0.02074217125600991,0.004407218006131267,0.038078032095115545,0.23032517543984132,0.67701203892871,0.05474612045832117,0.4642450934845632,3.469438102796015,0.0
31150,0.18132558465003967,0.9259796142578125,0.0,0.020738990840432046,0.004407218006131267,0.038078032095115545,0.23032517543984132,0.67701203892871,0.05474612045832117,0.4642450934845632,3.469438102796015,0.0
31175,0.18131482601165771,0.9259796142578125,0.0,0.02073583720290598,0.004407218006131267,0.038078032095115545,0.23032517543984132,0.67701203892871,0.05474612045832117,0.4642450934845632,3.469438102796015,0.0
31200,0.18130409717559814,0.9259796142578125,0.0,0.020731813028254845,0.004407218006131267,0.038078032095115545,0.23032517543984132,0.67701203892871,0.05474612045832117,0.4642450934845632,3.469438102796015,0.0
31225,0.1812933385372162,0.9259796142578125,0.0,0.020728473246772676,0.004407218006131267,0.038078032095115545,0.23032517543984132,0.67701203892871,0.05474612045832117,0.4642450934845632,3.469438102796015,0.0
31250,0.18128260970115662,0.9259796142578125,0.0,0.02072483452083182,0.004407218006131267,0.038078032095115545,0.23032517543984132,0.67701203892871,0.05474612045832117,0.4642450934845632,3.469438102796015,0.0
31275,0.18127188086509705,0.92596435546875,0.0,0.02072184972723839,0.004407218006131267,0.038078032095115545,0.23032517543984132,0.67701203892871,0.05474612045832117,0.4642450934845632,3.469438102796015,0.0
31300,0.18126113712787628,0.92596435546875,0.0,0.020718990388459785,0.004407218006131267,0.038078032095115545,0.23032517543984132,0.67701203892871,0.05474612045832117,0.4642450934845632,3.469438102796015,0.0
31325,0.1812504082918167,0.92596435546875,0.0,0.020716290806214323,0.004407218006131267,0.038078032095115545,0.23032517543984132,0.67701203892871,0.05474612045832117,0.4642450934845632,3.469438102796015,0.0
31350,0.18123967945575714,0.92596435546875,0.0,0.020713652951456905,0.004407218006131267,0.038078032095115545,0.23032517543984132,0.67701203892871,0.05474612045832117,0.4642450934845632,3.469438102796015,0.0
31375,0.18122895061969757,0.92596435546875,0.0,0.020710932734213622,0.004407218006131267,0.038078032095115545,0.23032517543984132,0.67701203892871,0.05474612045832117,0.4642450934845632,3.469438102796015,0.0
31400,0.1812182366847992,0.9259490966796875,0.0,0.02070789817210272,0.004407218006131267,0.038078032095115545,0.23032517543984132,0.67701203892871,0.05474612045832117,0.4642450934845632,3.469438102796015,0.0
31425,0.18120750784873962,0.92596435546875,0.0,0.020704819620631715,0.004407218006131267,0.038078032095115545,0.23032517543984132,0.67701203892871,0.05474612045832117,0.4642450934845632,3.469438102796015,0.0
31450,0.18119680881500244,0.92596435546875,0.0,0.0207015975235666,0.004407218006131267,0.038078032095115545,0.23032517543984132,0.67701203892871,0.05474612045832117,0.4642450934845632,3.469438102796015,0.0
31475,0.18118607997894287,0.92596435546875,0.0,0.020698869674655045,0.004407218006131267,0.038078032095115545,0.23032517543984132,0.67701203892871,0.05474612045832117,0.4642450934845632,3.469438102796015,0.0
31500,0.1811753809452057,0.92596435546875,0.0,0.02069625178206059,0.004407218006131267,0.038078032095115545,0.23032517543984132,0.67701203892871,0.05474612045832117,0.4642450934845632,3.469438102796015,0.0
31525,0.1811646670103073,0.92596435546875,0.0,0.02069307207842969,0.004407218006131267,0.038078032095115545,0.23032517543984132,0.67701203892871,0.05474612045832117,0.4642450934845632,3.469438102796015,0.0
31550,0.18115395307540894,0.9259796142578125,0.0,0.020689584552142284,0.004407218006131267,0.038078032095115545,0.23032517543984132,0.67701203892871,0.05474612045832117,0.4642450934845632,3.469438102796015,0.0
31575,0.18114326894283295,0.925994873046875,0.0,0.020686425849507438,0.004407218006131267,0.038078032095115545,0.23032517543984132,0.67701203892871,0.05474612045832117,0.4642450934845632,3.469438102796015,0.0
31600,0.18113258481025696,0.9260101318359375,0.0,0.020682683762474383,0.004407218006131267,0.038078032095115545,0.23032517543984132,0.67701203892871,0.05474612045832117,0.4642450934845632,3.469438102796015,0.0
31625,0.18112188577651978,0.926025390625,0.0,0.0206796249944147,0.004407218006131267,0.038078032095115545,0.23032517543984132,0.67701203892871,0.05474612045832117,0.4642450934845632,3.469438102796015,0.0
31650,0.1811111867427826,0.926025390625,0.0,0.0206757269824125,0.004407218006131267,0.038078032095115545,0.23032517543984132,0.67701203892871,0.05474612045832117,0.4642450934845632,3.469438102796015,0.0
31675,0.1811005175113678,0.9260711669921875,0.0,0.020672984801609173,0.004407218006131267,0.038078032095115545,0.23032517543984132,0.67701203892871,0.05474612045832117,0.4642450934845632,3.469438102796015,0.0
31700,0.18108981847763062,0.92608642578125,0.0,0.02067005954338148,0.004407218006131267,0.038078032095115545,0.23032517543984132,0.67701203892871,0.05474612045832117,0.4642450934845632,3.469438102796015,0.0
31725,0.18107914924621582,0.92608642578125,0.0,0.020667085989184663,0.004407218006131267,0.038078032095115545,0.23032517543984132,0.67701203892871,0.05474612045832117,0.4642450934845632,3.469438102796015,0.0
31750,0.18106848001480103,0.92608642578125,0.0,0.0206640791967755,0.004407218006131267,0.038078032095115545,0.23032517543984132,0.67701203892871,0.05474612045832117,0.4642450934845632,3.469438102796015,0.0
31775,0.18105781078338623,0.9261016845703125,0.0,0.020660621970122795,0.004407218006131267,0.038078032095115545,0.23032517543984132,0.67701203892871,0.05474612045832117,0.4642450934845632,3.469438102796015,0.0
31800,0.18104712665081024,0.9261016845703125,0.0,0.020657414175377396,0.004407218006131267,0.038078032095115545,0.23032517543984132,0.67701203892871,0.05474612045832117,0.4642450934845632,3.469438102796015,0.0
31825,0.18103647232055664,0.926116943359375,0.0,0.020655657709548293,0.004407218006131267,0.038078032095115545,0.23032517543984132,0.67701203892871,0.05474612045832117,0.4642450934845632,3.469438102796015,0.0
31850,0.18102580308914185,0.9261322021484375,0.0,0.020651844732338553,0.004407218006131267,0.038078032095115545,0.23032517543984132,0.67701203892871,0.05474612045832117,0.4642450934845632,3.469438102796015,0.0
31875,0.18101513385772705,0.926116943359375,0.0,0.020649267782676138,0.004407218006131267,0.038078032095115545,0.23032517543984132,0.67701203892871,0.05474612045832117,0.4642450934845632,3.469438102796015,0.0
31900,0.18100447952747345,0.9261322021484375,0.0,0.02064611843668193,0.004407218006131267,0.038078032095115545,0.23032517543984132,0.67701203892871,0.05474612045832117,0.4642450934845632,3.469438102796015,0.0
31925,0.18099382519721985,0.9261322021484375,0.0,0.020642858154428675,0.004407218006131267,0.038078032095115545,0.23032517543984132,0.67701203892871,0.05474612045832117,0.4642450934845632,3.469438102796015,0.0
31950,0.18098315596580505,0.9261322021484375,0.0,0.020640219288748485,0.004407218006131267,0.038078032095115545,0.23032517543984132,0.67701203892871,0.05474612045832117,0.4642450934845632,3.469438102796015,0.0
31975,0.18097253143787384,0.9261474609375,0.0,0.020637321780063497,0.004407218006131267,0.038078032095115545,0.23032517543984132,0.67701203892871,0.05474612045832117,0.4642450934845632,3.469438102796015,0.0
32000,0.18096187710762024,0.9261474609375,0.0,0.020634267325724254,0.004407218006131267,0.038078032095115545,0.23032517543984132,0.67701203892871,0.05474612045832117,0.4642450934845632,3.469438102796015,0.0
32025,0.18095123767852783,0.926177978515625,0.0,0.020631177609016456,0.004407218006131267,0.038078032095115545,0.23032517543984132,0.67701203892871,0.05474612045832117,0.4642450934845632,3.469438102796015,0.0
32050,0.18094059824943542,0.926177978515625,0.0,0.020627878621668823,0.004407218006131267,0.038078032095115545,0.23032517543984132,0.67701203892871,0.05474612045832117,0.4642450934845632,3.469438102796015,0.0
32075,0.18092995882034302,0.926177978515625,0.0,0.020624374344772614,0.004407218006131267,0.038078032095115545,0.23032517543984132,0.67701203892871,0.05474612045832117,0.4642450934845632,3.469438102796015,0.0
32100,0.1809193342924118,0.9261932373046875,0.0,0.02062236454251726,0.004407218006131267,0.038078032095115545,0.23032517543984132,0.67701203892871,0.05474612045832117,0.4642450934845632,3.469438102796015,0.0
32125,0.1809086948633194,0.9261932373046875,0.0,0.020618966663197753,0.004407218006131267,0.038078032095115545,0.23032517543984132,0.67701203892871,0.05474612045832117,0.4642450934845632,3.469438102796015,0.0
32150,0.18089807033538818,0.9261932373046875,0.0,0.02061609437968191,0.004407218006131267,0.038078032095115545,0.23032517543984132,0.67701203892871,0.05474612045832117,0.4642450934845632,3.469438102796015,0.0
32175,0.18088746070861816,0.9261932373046875,0.0,0.020612859418856593,0.004407218006131267,0.038078032095115545,0.23032517543984132,0.67701203892871,0.05474612045832117,0.4642450934845632,3.469438102796015,0.0
32200,0.18087682127952576,0.9261932373046875,0.0,0.020609109792369525,0.004407218006131267,0.038078032095115545,0.23032517543984132,0.67701203892871,0.05474612045832117,0.4642450934845632,3.469438102796015,0.0
32225,0.18086621165275574,0.92620849609375,0.0,0.020606951141514892,0.004407218006131267,0.038078032095115545,0.23032517543984132,0.67701203892871,0.05474612045832117,0.4642450934845632,3.469438102796015,0.0
32250,0.18085560202598572,0.926239013671875,0.0,0.020603667005302802,0.004407218006131267,0.038078032095115545,0.23032517543984132,0.67701203892871,0.05474612045832117,0.4642450934845632,3.469438102796015,0.0
32275,0.1808449923992157,0.926239013671875,0.0,0.020600957515667873,0.004407218006131267,0.038078032095115545,0.23032517543984132,0.67701203892871,0.05474612045832117,0.4642450934845632,3.469438102796015,0.0
32300,0.18083438277244568,0.926239013671875,0.0,0.020598223533249246,0.004407218006131267,0.038078032095115545,0.23032517543984132,0.67701203892871,0.05474612045832117,0.4642450934845632,3.469438102796015,0.0
32325,0.18082377314567566,0.9262542724609375,0.0,0.02059514108905987,0.004407218006131267,0.038078032095115545,0.23032517543984132,0.67701203892871,0.05474612045832117,0.4642450934845632,3.469438102796015,0.0
32350,0.18081317842006683,0.9262542724609375,0.0,0.02059291831383724,0.004407218006131267,0.038078032095115545,0.23032517543984132,0.67701203892871,0.05474612045832117,0.4642450934845632,3.469438102796015,0.0
32375,0.18080256879329681,0.92626953125,0.0,0.020589378212795505,0.004407218006131267,0.038078032095115545,0.23032517543984132,0.67701203892871,0.05474612045832117,0.4642450934845632,3.469438102796015,0.0
32400,0.180791974067688,0.9262542724609375,0.0,0.020585589554763535,0.004407218006131267,0.038078032095115545,0.23032517543984132,0.67701203892871,0.05474612045832117,0.4642450934845632,3.469438102796015,0.0
32425,0.18078139424324036,0.92626953125,0.0,0.02058269058778025,0.004407218006131267,0.038078032095115545,0.23032517543984132,0.67701203892871,0.05474612045832117,0.4642450934845632,3.469438102796015,0.0
32450,0.18077078461647034,0.92626953125,0.0,0.020579597287699796,0.004407218006131267,0.038078032095115545,0.23032517543984132,0.67701203892871,0.05474612045832117,0.4642450934845632,3.469438102796015,0.0
32475,0.1807602047920227,0.9262542724609375,0.0,0.020576324829525323,0.004407218006131267,0.038078032095115545,0.23032517543984132,0.67701203892871,0.05474612045832117,0.4642450934845632,3.469438102796015,0.0
32500,0.18074962496757507,0.9262542724609375,0.0,0.020573650021124126,0.004407218006131267,0.038078032095115545,0.23032517543984132,0.67701203892871,0.05474612045832117,0.4642450934845632,3.469438102796015,0.0
32525,0.18073904514312744,0.9262847900390625,0.0,0.020570308095784057,0.004407218006131267,0.038078032095115545,0.23032517543984132,0.67701203892871,0.05474612045832117,0.4642450934845632,3.469438102796015,0.0
32550,0.1807284653186798,0.9262847900390625,0.0,0.020567253932072996,0.004407218006131267,0.038078032095115545,0.23032517543984132,0.67701203892871,0.05474612045832117,0.4642450934845632,3.469438102796015,0.0
32575,0.18071790039539337,0.9263153076171875,0.0,0.020564861665652794,0.004407218006131267,0.038078032095115545,0.23032517543984132,0.67701203892871,0.05474612045832117,0.4642450934845632,3.469438102796015,0.0
32600,0.18070733547210693,0.9263153076171875,0.0,0.020561476031947568,0.004407218006131267,0.038078032095115545,0.23032517543984132,0.67701203892871,0.05474612045832117,0.4642450934845632,3.469438102796015,0.0
32625,0.1806967556476593,0.9263153076171875,0.0,0.020558118121602208,0.004407218006131267,0.038078032095115545,0.23032517543984132,0.67701203892871,0.05474612045832117,0.4642450934845632,3.469438102796015,0.0
32650,0.18068620562553406,0.926300048828125,0.0,0.020555286452380844,0.004407218006131267,0.038078032095115545,0.23032517543984132,0.67701203892871,0.05474612045832117,0.4642450934845632,3.469438102796015,0.0
32675,0.18067562580108643,0.926300048828125,0.0,0.020552593609996478,0.004407218006131267,0.038078032095115545,0.23032517543984132,0.67701203892871,0.05474612045832117,0.4642450934845632,3.469438102796015,0.0
32700,0.18066507577896118,0.926300048828125,0.0,0.020550541880261494,0.004407218006131267,0.038078032095115545,0.23032517543984132,0.67701203892871,0.05474612045832117,0.4642450934845632,3.469438102796015,0.0
32725,0.18065452575683594,0.926300048828125,0.0,0.020548346645341713,0.004407218006131267,0.038078032095115545,0.23032517543984132,0.67701203892871,0.05474612045832117,0.4642450934845632,3.469438102796015,0.0
32750,0.1806439757347107,0.926300048828125,0.0,0.020544839100901168,0.004407218006131267,0.038078032095115545,0.23032517543984132,0.67701203892871,0.05474612045832117,0.4642450934845632,3.469438102796015,0.0
32775,0.18063341081142426,0.926300048828125,0.0,0.020542396046020095,0.004407218006131267,0.038078032095115545,0.23032517543984132,0.67701203892871,0.05474612045832117,0.4642450934845632,3.469438102796015,0.0
32800,0.180622860789299,0.926300048828125,0.0,0.020539645286666523,0.004407218006131267,0.038078032095115545,0.23032517543984132,0.67701203892871,0.05474612045832117,0.4642450934845632,3.469438102796015,0.0
32825,0.18061232566833496,0.9263153076171875,0.0,0.02053670080783981,0.004407218006131267,0.038078032095115545,0.23032517543984132,0.67701203892871,0.05474612045832117,0.4642450934845632,3.469438102796015,0.0
32850,0.18060177564620972,0.9263153076171875,0.0,0.020534104288792775,0.004407218006131267,0.038078032095115545,0.23032517543984132,0.67701203892871,0.05474612045832117,0.4642450934845632,3.469438102796015,0.0
32875,0.18059124052524567,0.9263153076171875,0.0,0.02053160757989002,0.004407218006131267,0.038078032095115545,0.23032517543984132,0.67701203892871,0.05474612045832117,0.4642450934845632,3.469438102796015,0.0
32900,0.18058070540428162,0.9263153076171875,0.0,0.020528426967155004,0.004407218006131267,0.038078032095115545,0.23032517543984132,0.67701203892871,0.05474612045832117,0.4642450934845632,3.469438102796015,0.0
32925,0.18057015538215637,0.92633056640625,0.0,0.02052556784186755,0.004407218006131267,0.038078032095115545,0.23032517543984132,0.67701203892871,0.05474612045832117,0.4642450934845632,3.469438102796015,0.0
32950,0.18055963516235352,0.9263458251953125,0.0,0.020522523823933634,0.004407218006131267,0.038078032095115545,0.23032517543984132,0.67701203892871,0.05474612045832117,0.4642450934845632,3.469438102796015,0.0
32975,0.18054911494255066,0.9263458251953125,0.0,0.02051933005441186,0.004407218006131267,0.038078032095115545,0.23032517543984132,0.67701203892871,0.05474612045832117,0.4642450934845632,3.469438102796015,0.0
33000,0.1805385947227478,0.926361083984375,0.0,0.020516552402247704,0.004407218006131267,0.038078032095115545,0.23032517543984132,0.67701203892871,0.05474612045832117,0.4642450934845632,3.469438102796015,0.0
33025,0.18052805960178375,0.926361083984375,0.0,0.020514252764104728,0.004407218006131267,0.038078032095115545,0.23032517543984132,0.67701203892871,0.05474612045832117,0.4642450934845632,3.469438102796015,0.0
33050,0.1805175393819809,0.9264068603515625,0.0,0.020512254314487888,0.004407218006131267,0.038078032095115545,0.23032517543984132,0.67701203892871,0.05474612045832117,0.4642450934845632,3.469438102796015,0.0
33075,0.18050703406333923,0.9264068603515625,0.0,0.020509955508356506,0.004407218006131267,0.038078032095115545,0.23032517543984132,0.67701203892871,0.05474612045832117,0.4642450934845632,3.469438102796015,0.0
33100,0.18049651384353638,0.9264068603515625,0.0,0.020507563616195615,0.004407218006131267,0.038078032095115545,0.23032517543984132,0.67701203892871,0.05474612045832117,0.4642450934845632,3.469438102796015,0.0
33125,0.18048599362373352,0.9264068603515625,0.0,0.020504953856186756,0.004407218006131267,0.038078032095115545,0.23032517543984132,0.67701203892871,0.05474612045832117,0.4642450934845632,3.469438102796015,0.0
33150,0.18047548830509186,0.9264373779296875,0.0,0.02050251286127194,0.004407218006131267,0.038078032095115545,0.23032517543984132,0.67701203892871,0.05474612045832117,0.4642450934845632,3.469438102796015,0.0
33175,0.180464968085289,0.9264373779296875,0.0,0.020499494965980556,0.004407218006131267,0.038078032095115545,0.23032517543984132,0.67701203892871,0.05474612045832117,0.4642450934845632,3.469438102796015,0.0
33200,0.18045447766780853,0.92645263671875,0.0,0.02049663336031548,0.004407218006131267,0.038078032095115545,0.23032517543984132,0.67701203892871,0.05474612045832117,0.4642450934845632,3.469438102796015,0.0
33225,0.18044397234916687,0.92645263671875,0.0,0.020494269315265826,0.004407218006131267,0.038078032095115545,0.23032517543984132,0.67701203892871,0.05474612045832117,0.4642450934845632,3.469438102796015,0.0
33250,0.1804334819316864,0.92645263671875,0.0,0.020491581018059205,0.004407218006131267,0.038078032095115545,0.23032517543984132,0.67701203892871,0.05474612045832117,0.4642450934845632,3.469438102796015,0.0
33275,0.18042296171188354,0.9264678955078125,0.0,0.02048842769019192,0.004407218006131267,0.038078032095115545,0.23032517543984132,0.67701203892871,0.05474612045832117,0.4642450934845632,3.469438102796015,0.0
33300,0.18041248619556427,0.9264678955078125,0.0,0.020485107875772596,0.004407218006131267,0.038078032095115545,0.23032517543984132,0.67701203892871,0.05474612045832117,0.4642450934845632,3.469438102796015,0.0
33325,0.1804019957780838,0.9264678955078125,0.0,0.020482372798825085,0.004407218006131267,0.038078032095115545,0.23032517543984132,0.67701203892871,0.05474612045832117,0.4642450934845632,3.469438102796015,0.0
33350,0.18039150536060333,0.9264678955078125,0.0,0.020479766776826457,0.004407218006131267,0.038078032095115545,0.23032517543984132,0.67701203892871,0.05474612045832117,0.4642450934845632,3.469438102796015,0.0
33375,0.18038102984428406,0.92645263671875,0.0,0.020477046357999417,0.004407218006131267,0.038078032095115545,0.23032517543984132,0.67701203892871,0.05474612045832117,0.4642450934845632,3.469438102796015,0.0
33400,0.1803705394268036,0.92645263671875,0.0,0.02047479364980758,0.004407218006131267,0.038078032095115545,0.23032517543984132,0.67701203892871,0.05474612045832117,0.4642450934845632,3.469438102796015,0.0
33425,0.18036004900932312,0.92645263671875,0.0,0.020471749315426828,0.004407218006131267,0.038078032095115545,0.23032517543984132,0.67701203892871,0.05474612045832117,0.4642450934845632,3.469438102796015,0.0
33450,0.18034958839416504,0.92645263671875,0.0,0.020469074136561086,0.004407218006131267,0.038078032095115545,0.23032517543984132,0.67701203892871,0.05474612045832117,0.4642450934845632,3.469438102796015,0.0
33475,0.18033911287784576,0.92645263671875,0.0,0.020467084188702835,0.004407218006131267,0.038078032095115545,0.23032517543984132,0.67701203892871,0.05474612045832117,0.4642450934845632,3.469438102796015,0.0
33500,0.1803286373615265,0.92645263671875,0.0,0.020464387086593372,0.004407218006131267,0.038078032095115545,0.23032517543984132,0.67701203892871,0.05474612045832117,0.4642450934845632,3.469438102796015,0.0
33525,0.1803181767463684,0.9264373779296875,0.0,0.020461580560149576,0.004407218006131267,0.038078032095115545,0.23032517543984132,0.67701203892871,0.05474612045832117,0.4642450934845632,3.469438102796015,0.0
33550,0.18030771613121033,0.92645263671875,0.0,0.020458591927604637,0.004407218006131267,0.038078032095115545,0.23032517543984132,0.67701203892871,0.05474612045832117,0.4642450934845632,3.469438102796015,0.0
33575,0.18029725551605225,0.9264678955078125,0.0,0.020456127000218705,0.004407218006131267,0.038078032095115545,0.23032517543984132,0.67701203892871,0.05474612045832117,0.4642450934845632,3.469438102796015,0.0
33600,0.18028679490089417,0.9264678955078125,0.0,0.020453865482947867,0.004407218006131267,0.038078032095115545,0.23032517543984132,0.67701203892871,0.05474612045832117,0.4642450934845632,3.469438102796015,0.0
33625,0.18027633428573608,0.9264678955078125,0.0,0.020452018446251087,0.004407218006131267,0.038078032095115545,0.23032517543984132,0.67701203892871,0.05474612045832117,0.4642450934845632,3.469438102796015,0.0
33650,0.180265873670578,0.9264678955078125,0.0,0.020450000696877073,0.004407218006131267,0.038078032095115545,0.23032517543984132,0.67701203892871,0.05474612045832117,0.4642450934845632,3.469438102796015,0.0
33675,0.18025542795658112,0.9264678955078125,0.0,0.02044719935682339,0.004407218006131267,0.038078032095115545,0.23032517543984132,0.67701203892871,0.05474612045832117,0.4642450934845632,3.469438102796015,0.0
33700,0.18024498224258423,0.9264678955078125,0.0,0.020444334281622404,0.004407218006131267,0.038078032095115545,0.23032517543984132,0.67701203892871,0.05474612045832117,0.4642450934845632,3.469438102796015,0.0
33725,0.18023452162742615,0.9264373779296875,0.0,0.020441168015665277,0.004407218006131267,0.038078032095115545,0.23032517543984132,0.67701203892871,0.05474612045832117,0.4642450934845632,3.469438102796015,0.0
33750,0.18022406101226807,0.9264373779296875,0.0,0.02043825760942757,0.004407218006131267,0.038078032095115545,0.23032517543984132,0.67701203892871,0.05474612045832117,0.4642450934845632,3.469438102796015,0.0
33775,0.18021363019943237,0.9264373779296875,0.0,0.020436591610952716,0.004407218006131267,0.038078032095115545,0.23032517543984132,0.67701203892871,0.05474612045832117,0.4642450934845632,3.469438102796015,0.0
33800,0.18020319938659668,0.9264678955078125,0.0,0.020433827891809517,0.004407218006131267,0.038078032095115545,0.23032517543984132,0.67701203892871,0.05474612045832117,0.4642450934845632,3.469438102796015,0.0
33825,0.1801927536725998,0.926483154296875,0.0,0.020431689620837204,0.004407218006131267,0.038078032095115545,0.23032517543984132,0.67701203892871,0.05474612045832117,0.4642450934845632,3.469438102796015,0.0
33850,0.1801823228597641,0.9264984130859375,0.0,0.020429015804664098,0.004407218006131267,0.038078032095115545,0.23032517543984132,0.67701203892871,0.05474612045832117,0.4642450934845632,3.469438102796015,0.0
33875,0.1801718920469284,0.9264984130859375,0.0,0.020425908431513734,0.004407218006131267,0.038078032095115545,0.23032517543984132,0.67701203892871,0.05474612045832117,0.4642450934845632,3.469438102796015,0.0
33900,0.1801614612340927,0.926513671875,0.0,0.020422825968588493,0.004407218006131267,0.038078032095115545,0.23032517543984132,0.67701203892871,0.05474612045832117,0.4642450934845632,3.469438102796015,0.0
33925,0.18015103042125702,0.926513671875,0.0,0.020420074786711404,0.004407218006131267,0.038078032095115545,0.23032517543984132,0.67701203892871,0.05474612045832117,0.4642450934845632,3.469438102796015,0.0
33950,0.18014061450958252,0.926513671875,0.0,0.020417216129502015,0.004407218006131267,0.038078032095115545,0.23032517543984132,0.67701203892871,0.05474612045832117,0.4642450934845632,3.469438102796015,0.0
33975,0.18013018369674683,0.926513671875,0.0,0.020414119144877386,0.004407218006131267,0.038078032095115545,0.23032517543984132,0.67701203892871,0.05474612045832117,0.4642450934845632,3.469438102796015,0.0
34000,0.18011978268623352,0.926513671875,0.0,0.020411724437131504,0.004407218006131267,0.038078032095115545,0.23032517543984132,0.67701203892871,0.05474612045832117,0.4642450934845632,3.469438102796015,0.0
34025,0.18010935187339783,0.926483154296875,0.0,0.020408647834208534,0.004407218006131267,0.038078032095115545,0.23032517543984132,0.67701203892871,0.05474612045832117,0.4642450934845632,3.469438102796015,0.0
34050,0.18009893596172333,0.926513671875,0.0,0.020406481911381873,0.004407218006131267,0.038078032095115545,0.23032517543984132,0.67701203892871,0.05474612045832117,0.4642450934845632,3.469438102796015,0.0
34075,0.18008854985237122,0.926513671875,0.0,0.020404426155262206,0.004407218006131267,0.038078032095115545,0.23032517543984132,0.67701203892871,0.05474612045832117,0.4642450934845632,3.469438102796015,0.0
34100,0.18007813394069672,0.9265289306640625,0.0,0.020401635750204733,0.004407218006131267,0.038078032095115545,0.23032517543984132,0.67701203892871,0.05474612045832117,0.4642450934845632,3.469438102796015,0.0
34125,0.18006771802902222,0.9265289306640625,0.0,0.020398989443279926,0.004407218006131267,0.038078032095115545,0.23032517543984132,0.67701203892871,0.05474612045832117,0.4642450934845632,3.469438102796015,0.0
34150,0.1800573319196701,0.9265289306640625,0.0,0.020396302349307022,0.004407218006131267,0.038078032095115545,0.23032517543984132,0.67701203892871,0.05474612045832117,0.4642450934845632,3.469438102796015,0.0
34175,0.1800469309091568,0.9265289306640625,0.0,0.02039331478874582,0.004407218006131267,0.038078032095115545,0.23032517543984132,0.67701203892871,0.05474612045832117,0.4642450934845632,3.469438102796015,0.0
34200,0.1800365298986435,0.9265289306640625,0.0,0.020390618621734746,0.004407218006131267,0.038078032095115545,0.23032517543984132,0.67701203892871,0.05474612045832117,0.4642450934845632,3.469438102796015,0.0
34225,0.18002614378929138,0.9265289306640625,0.0,0.020388247971642466,0.004407218006131267,0.038078032095115545,0.23032517543984132,0.67701203892871,0.05474612045832117,0.4642450934845632,3.469438102796015,0.0
34250,0.18001574277877808,0.9265289306640625,0.0,0.020385366918924955,0.004407218006131267,0.038078032095115545,0.23032517543984132,0.67701203892871,0.05474612045832117,0.4642450934845632,3.469438102796015,0.0
34275,0.18000537157058716,0.9265289306640625,0.0,0.020382245302833543,0.004407218006131267,0.038078032095115545,0.23032517543984132,0.67701203892871,0.05474612045832117,0.4642450934845632,3.469438102796015,0.0
34300,0.17999498546123505,0.9265289306640625,0.0,0.02037853274130946,0.004407218006131267,0.038078032095115545,0.23032517543984132,0.67701203892871,0.05474612045832117,0.4642450934845632,3.469438102796015,0.0
34325,0.17998459935188293,0.926544189453125,0.0,0.02037630058787188,0.004407218006131267,0.038078032095115545,0.23032517543984132,0.67701203892871,0.05474612045832117,0.4642450934845632,3.469438102796015,0.0
34350,0.17997422814369202,0.9265289306640625,0.0,0.020373592454146817,0.004407218006131267,0.038078032095115545,0.23032517543984132,0.67701203892871,0.05474612045832117,0.4642450934845632,3.469438102796015,0.0
34375,0.1799638420343399,0.926513671875,0.0,0.020371746531807355,0.004407218006131267,0.038078032095115545,0.23032517543984132,0.67701203892871,0.05474612045832117,0.4642450934845632,3.469438102796015,0.0
34400,0.179953470826149,0.926513671875,0.0,0.020368929830805682,0.004407218006131267,0.038078032095115545,0.23032517543984132,0.67701203892871,0.05474612045832117,0.4642450934845632,3.469438102796015,0.0
34425,0.17994308471679688,0.9265289306640625,0.0,0.020366262035640376,0.004407218006131267,0.038078032095115545,0.23032517543984132,0.67701203892871,0.05474612045832117,0.4642450934845632,3.469438102796015,0.0
34450,0.17993271350860596,0.9265289306640625,0.0,0.020363502487364054,0.004407218006131267,0.038078032095115545,0.23032517543984132,0.67701203892871,0.05474612045832117,0.4642450934845632,3.469438102796015,0.0
34475,0.17992237210273743,0.9265289306640625,0.0,0.020361006121142108,0.004407218006131267,0.038078032095115545,0.23032517543984132,0.67701203892871,0.05474612045832117,0.4642450934845632,3.469438102796015,0.0
34500,0.1799120008945465,0.9265289306640625,0.0,0.020357900001240357,0.004407218006131267,0.038078032095115545,0.23032517543984132,0.67701203892871,0.05474612045832117,0.4642450934845632,3.469438102796015,0.0
34525,0.17990164458751678,0.9265289306640625,0.0,0.020355293433144826,0.004407218006131267,0.038078032095115545,0.23032517543984132,0.67701203892871,0.05474612045832117,0.4642450934845632,3.469438102796015,0.0
34550,0.17989128828048706,0.926544189453125,0.0,0.020351472608197273,0.004407218006131267,0.038078032095115545,0.23032517543984132,0.67701203892871,0.05474612045832117,0.4642450934845632,3.469438102796015,0.0
34575,0.17988091707229614,0.926544189453125,0.0,0.020348824558499342,0.004407218006131267,0.038078032095115545,0.23032517543984132,0.67701203892871,0.05474612045832117,0.4642450934845632,3.469438102796015,0.0
34600,0.1798705905675888,0.9265899658203125,0.0,0.02034597953933195,0.004407218006131267,0.038078032095115545,0.23032517543984132,0.67701203892871,0.05474612045832117,0.4642450934845632,3.469438102796015,0.0
34625,0.17986023426055908,0.92657470703125,0.0,0.020344425088639904,0.004407218006131267,0.038078032095115545,0.23032517543984132,0.67701203892871,0.05474612045832117,0.4642450934845632,3.469438102796015,0.0
34650,0.17984989285469055,0.92657470703125,0.0,0.020341529040680477,0.004407218006131267,0.038078032095115545,0.23032517543984132,0.67701203892871,0.05474612045832117,0.4642450934845632,3.469438102796015,0.0
34675,0.17983955144882202,0.9265899658203125,0.0,0.020338410595314844,0.004407218006131267,0.038078032095115545,0.23032517543984132,0.67701203892871,0.05474612045832117,0.4642450934845632,3.469438102796015,0.0
34700,0.1798292100429535,0.9265899658203125,0.0,0.020335540206825587,0.004407218006131267,0.038078032095115545,0.23032517543984132,0.67701203892871,0.05474612045832117,0.4642450934845632,3.469438102796015,0.0
34725,0.17981886863708496,0.9265899658203125,0.0,0.020332805541478753,0.004407218006131267,0.038078032095115545,0.23032517543984132,0.67701203892871,0.05474612045832117,0.4642450934845632,3.469438102796015,0.0
34750,0.17980852723121643,0.926605224609375,0.0,0.020329607788254128,0.004407218006131267,0.038078032095115545,0.23032517543984132,0.67701203892871,0.05474612045832117,0.4642450934845632,3.469438102796015,0.0
34775,0.1797982007265091,0.926605224609375,0.0,0.02032697818581147,0.004407218006131267,0.038078032095115545,0.23032517543984132,0.67701203892871,0.05474612045832117,0.4642450934845632,3.469438102796015,0.0
34800,0.17978787422180176,0.926605224609375,0.0,0.02032496650503805,0.004407218006131267,0.038078032095115545,0.23032517543984132,0.67701203892871,0.05474612045832117,0.4642450934845632,3.469438102796015,0.0
34825,0.17977756261825562,0.9266204833984375,0.0,0.02032191363207692,0.004407218006131267,0.038078032095115545,0.23032517543984132,0.67701203892871,0.05474612045832117,0.4642450934845632,3.469438102796015,0.0
34850,0.17976722121238708,0.9266204833984375,0.0,0.020319529731435478,0.004407218006131267,0.038078032095115545,0.23032517543984132,0.67701203892871,0.05474612045832117,0.4642450934845632,3.469438102796015,0.0
34875,0.17975690960884094,0.9266357421875,0.0,0.02031623443338754,0.004407218006131267,0.038078032095115545,0.23032517543984132,0.67701203892871,0.05474612045832117,0.4642450934845632,3.469438102796015,0.0
34900,0.1797465980052948,0.9266357421875,0.0,0.02031337520948916,0.004407218006131267,0.038078032095115545,0.23032517543984132,0.67701203892871,0.05474612045832117,0.4642450934845632,3.469438102796015,0.0
34925,0.17973628640174866,0.9266357421875,0.0,0.020311292747380118,0.004407218006131267,0.038078032095115545,0.23032517543984132,0.67701203892871,0.05474612045832117,0.4642450934845632,3.469438102796015,0.0
34950,0.17972595989704132,0.9266357421875,0.0,0.020308855918577506,0.004407218006131267,0.038078032095115545,0.23032517543984132,0.67701203892871,0.05474612045832117,0.4642450934845632,3.469438102796015,0.0
34975,0.17971566319465637,0.9266510009765625,0.0,0.020307081508592582,0.004407218006131267,0.038078032095115545,0.23032517543984132,0.67701203892871,0.05474612045832117,0.4642450934845632,3.469438102796015,0.0
35000,0.17970535159111023,0.9266510009765625,0.0,0.020303951888491687,0.004407218006131267,0.038078032095115545,0.23032517543984132,0.67701203892871,0.05474612045832117,0.4642450934845632,3.469438102796015,0.0
35025,0.1796950399875641,0.9266510009765625,0.0,0.020302144376719917,0.004407218006131267,0.038078032095115545,0.23032517543984132,0.67701203892871,0.05474612045832117,0.4642450934845632,3.469438102796015,0.0
35050,0.17968472838401794,0.9266510009765625,0.0,0.020300091557763487,0.004407218006131267,0.038078032095115545,0.23032517543984132,0.67701203892871,0.05474612045832117,0.4642450934845632,3.469438102796015,0.0
35075,0.1796744167804718,0.926666259765625,0.0,0.02029812277483177,0.004407218006131267,0.038078032095115545,0.23032517543984132,0.67701203892871,0.05474612045832117,0.4642450934845632,3.469438102796015,0.0
35100,0.17966413497924805,0.926666259765625,0.0,0.020296134085404084,0.004407218006131267,0.038078032095115545,0.23032517543984132,0.67701203892871,0.05474612045832117,0.4642450934845632,3.469438102796015,0.0
35125,0.1796538233757019,0.9266815185546875,0.0,0.02029386508897547,0.004407218006131267,0.038078032095115545,0.23032517543984132,0.67701203892871,0.05474612045832117,0.4642450934845632,3.469438102796015,0.0
35150,0.17964354157447815,0.9266815185546875,0.0,0.020291478242253035,0.004407218006131267,0.038078032095115545,0.23032517543984132,0.67701203892871,0.05474612045832117,0.4642450934845632,3.469438102796015,0.0
35175,0.1796332597732544,0.9267120361328125,0.0,0.020288449960659868,0.004407218006131267,0.038078032095115545,0.23032517543984132,0.67701203892871,0.05474612045832117,0.4642450934845632,3.469438102796015,0.0
35200,0.17962294816970825,0.9267120361328125,0.0,0.020286020650533004,0.004407218006131267,0.038078032095115545,0.23032517543984132,0.67701203892871,0.05474612045832117,0.4642450934845632,3.469438102796015,0.0
35225,0.1796126663684845,0.926727294921875,0.0,0.020283718380796834,0.004407218006131267,0.038078032095115545,0.23032517543984132,0.67701203892871,0.05474612045832117,0.4642450934845632,3.469438102796015,0.0
35250,0.17960238456726074,0.926727294921875,0.0,0.02028127719184805,0.004407218006131267,0.038078032095115545,0.23032517543984132,0.67701203892871,0.05474612045832117,0.4642450934845632,3.469438102796015,0.0
35275,0.179592102766037,0.926727294921875,0.0,0.020277987624662434,0.004407218006131267,0.038078032095115545,0.23032517543984132,0.67701203892871,0.05474612045832117,0.4642450934845632,3.469438102796015,0.0
35300,0.17958182096481323,0.926727294921875,0.0,0.020275761744707434,0.004407218006131267,0.038078032095115545,0.23032517543984132,0.67701203892871,0.05474612045832117,0.4642450934845632,3.469438102796015,0.0
35325,0.17957155406475067,0.926727294921875,0.0,0.020272808332646948,0.004407218006131267,0.038078032095115545,0.23032517543984132,0.67701203892871,0.05474612045832117,0.4642450934845632,3.469438102796015,0.0
35350,0.17956127226352692,0.9267120361328125,0.0,0.020270223775977782,0.004407218006131267,0.038078032095115545,0.23032517543984132,0.67701203892871,0.05474612045832117,0.4642450934845632,3.469438102796015,0.0
35375,0.17955100536346436,0.9267120361328125,0.0,0.02026748651240496,0.004407218006131267,0.038078032095115545,0.23032517543984132,0.67701203892871,0.05474612045832117,0.4642450934845632,3.469438102796015,0.0
35400,0.179540753364563,0.926727294921875,0.0,0.020265535641109528,0.004407218006131267,0.038078032095115545,0.23032517543984132,0.67701203892871,0.05474612045832117,0.4642450934845632,3.469438102796015,0.0
35425,0.17953047156333923,0.9267425537109375,0.0,0.0202625496246833,0.004407218006131267,0.038078032095115545,0.23032517543984132,0.67701203892871,0.05474612045832117,0.4642450934845632,3.469438102796015,0.0
35450,0.17952020466327667,0.9267578125,0.0,0.020259245825497655,0.004407218006131267,0.038078032095115545,0.23032517543984132,0.67701203892871,0.05474612045832117,0.4642450934845632,3.469438102796015,0.0
35475,0.1795099526643753,0.9267578125,0.0,0.020257135082429347,0.004407218006131267,0.038078032095115545,0.23032517543984132,0.67701203892871,0.05474612045832117,0.4642450934845632,3.469438102796015,0.0
35500,0.17949968576431274,0.9267578125,0.0,0.020255212705429577,0.004407218006131267,0.038078032095115545,0.23032517543984132,0.67701203892871,0.05474612045832117,0.4642450934845632,3.469438102796015,0.0
35525,0.17948943376541138,0.9267578125,0.0,0.020253014145425255,0.004407218006131267,0.038078032095115545,0.23032517543984132,0.67701203892871,0.05474612045832117,0.4642450934845632,3.469438102796015,0.0
35550,0.17947918176651,0.9267578125,0.0,0.02024980731951796,0.004407218006131267,0.038078032095115545,0.23032517543984132,0.67701203892871,0.05474612045832117,0.4642450934845632,3.469438102796015,0.0
35575,0.17946892976760864,0.9267578125,0.0,0.020247092020238923,0.004407218006131267,0.038078032095115545,0.23032517543984132,0.67701203892871,0.05474612045832117,0.4642450934845632,3.469438102796015,0.0
35600,0.17945869266986847,0.9267730712890625,0.0,0.02024492532505849,0.004407218006131267,0.038078032095115545,0.23032517543984132,0.67701203892871,0.05474612045832117,0.4642450934845632,3.469438102796015,0.0
35625,0.1794484257698059,0.9267578125,0.0,0.020242473976626804,0.004407218006131267,0.038078032095115545,0.23032517543984132,0.67701203892871,0.05474612045832117,0.4642450934845632,3.469438102796015,0.0
35650,0.17943820357322693,0.9267578125,0.0,0.02023991412981439,0.004407218006131267,0.038078032095115545,0.23032517543984132,0.67701203892871,0.05474612045832117,0.4642450934845632,3.469438102796015,0.0
35675,0.17942796647548676,0.9267578125,0.0,0.020237503490674075,0.004407218006131267,0.038078032095115545,0.23032517543984132,0.67701203892871,0.05474612045832117,0.4642450934845632,3.469438102796015,0.0
35700,0.1794177144765854,0.9267578125,0.0,0.020234755857025687,0.004407218006131267,0.038078032095115545,0.23032517543984132,0.67701203892871,0.05474612045832117,0.4642450934845632,3.469438102796015,0.0
35725,0.1794074922800064,0.9267578125,0.0,0.020232477067835757,0.004407218006131267,0.038078032095115545,0.23032517543984132,0.67701203892871,0.05474612045832117,0.4642450934845632,3.469438102796015,0.0
35750,0.17939725518226624,0.9267730712890625,0.0,0.020230619337071463,0.004407218006131267,0.038078032095115545,0.23032517543984132,0.67701203892871,0.05474612045832117,0.4642450934845632,3.469438102796015,0.0
35775,0.17938700318336487,0.9268035888671875,0.0,0.02022789820991262,0.004407218006131267,0.038078032095115545,0.23032517543984132,0.67701203892871,0.05474612045832117,0.4642450934845632,3.469438102796015,0.0
35800,0.17937679588794708,0.9268341064453125,0.0,0.020225675735552593,0.004407218006131267,0.038078032095115545,0.23032517543984132,0.67701203892871,0.05474612045832117,0.4642450934845632,3.469438102796015,0.0
35825,0.1793665587902069,0.9268341064453125,0.0,0.020223229844421566,0.004407218006131267,0.038078032095115545,0.23032517543984132,0.67701203892871,0.05474612045832117,0.4642450934845632,3.469438102796015,0.0
35850,0.17935633659362793,0.9268341064453125,0.0,0.02022088985821772,0.004407218006131267,0.038078032095115545,0.23032517543984132,0.67701203892871,0.05474612045832117,0.4642450934845632,3.469438102796015,0.0
35875,0.17934612929821014,0.926849365234375,0.0,0.020218426863051326,0.004407218006131267,0.038078032095115545,0.23032517543984132,0.67701203892871,0.05474612045832117,0.4642450934845632,3.469438102796015,0.0
35900,0.17933590710163116,0.926849365234375,0.0,0.0202153594142346,0.004407218006131267,0.038078032095115545,0.23032517543984132,0.67701203892871,0.05474612045832117,0.4642450934845632,3.469438102796015,0.0
35925,0.17932568490505219,0.9268341064453125,0.0,0.020213667316035994,0.004407218006131267,0.038078032095115545,0.23032517543984132,0.67701203892871,0.05474612045832117,0.4642450934845632,3.469438102796015,0.0
35950,0.1793154776096344,0.9268341064453125,0.0,0.02021165474126497,0.004407218006131267,0.038078032095115545,0.23032517543984132,0.67701203892871,0.05474612045832117,0.4642450934845632,3.469438102796015,0.0
35975,0.1793052703142166,0.92681884765625,0.0,0.020209881246746855,0.004407218006131267,0.038078032095115545,0.23032517543984132,0.67701203892871,0.05474612045832117,0.4642450934845632,3.469438102796015,0.0
36000,0.17929506301879883,0.9268341064453125,0.0,0.020207641193994513,0.004407218006131267,0.038078032095115545,0.23032517543984132,0.67701203892871,0.05474612045832117,0.4642450934845632,3.469438102796015,0.0
36025,0.17928485572338104,0.926849365234375,0.0,0.020204849740300256,0.004407218006131267,0.038078032095115545,0.23032517543984132,0.67701203892871,0.05474612045832117,0.4642450934845632,3.469438102796015,0.0
36050,0.17927464842796326,0.926849365234375,0.0,0.020201573608936534,0.004407218006131267,0.038078032095115545,0.23032517543984132,0.67701203892871,0.05474612045832117,0.4642450934845632,3.469438102796015,0.0
36075,0.17926445603370667,0.9268341064453125,0.0,0.020198978324053943,0.004407218006131267,0.038078032095115545,0.23032517543984132,0.67701203892871,0.05474612045832117,0.4642450934845632,3.469438102796015,0.0
36100,0.17925426363945007,0.9268341064453125,0.0,0.020196313661021086,0.004407218006131267,0.038078032095115545,0.23032517543984132,0.67701203892871,0.05474612045832117,0.4642450934845632,3.469438102796015,0.0
36125,0.1792440414428711,0.9268341064453125,0.0,0.020193593012739767,0.004407218006131267,0.038078032095115545,0.23032517543984132,0.67701203892871,0.05474612045832117,0.4642450934845632,3.469438102796015,0.0
36150,0.1792338490486145,0.9268798828125,0.0,0.020191931083219865,0.004407218006131267,0.038078032095115545,0.23032517543984132,0.67701203892871,0.05474612045832117,0.4642450934845632,3.469438102796015,0.0
36175,0.1792236566543579,0.926910400390625,0.0,0.02018920882298336,0.004407218006131267,0.038078032095115545,0.23032517543984132,0.67701203892871,0.05474612045832117,0.4642450934845632,3.469438102796015,0.0
36200,0.1792134791612625,0.9269256591796875,0.0,0.020187066282030503,0.004407218006131267,0.038078032095115545,0.23032517543984132,0.67701203892871,0.05474612045832117,0.4642450934845632,3.469438102796015,0.0
36225,0.17920330166816711,0.926910400390625,0.0,0.020184686458848872,0.004407218006131267,0.038078032095115545,0.23032517543984132,0.67701203892871,0.05474612045832117,0.4642450934845632,3.469438102796015,0.0
36250,0.17919310927391052,0.926910400390625,0.0,0.020183388918084945,0.004407218006131267,0.038078032095115545,0.23032517543984132,0.67701203892871,0.05474612045832117,0.4642450934845632,3.469438102796015,0.0
36275,0.17918291687965393,0.9269256591796875,0.0,0.02018085048921471,0.004407218006131267,0.038078032095115545,0.23032517543984132,0.67701203892871,0.05474612045832117,0.4642450934845632,3.469438102796015,0.0
36300,0.17917273938655853,0.9269256591796875,0.0,0.020179115795985775,0.004407218006131267,0.038078032095115545,0.23032517543984132,0.67701203892871,0.05474612045832117,0.4642450934845632,3.469438102796015,0.0
36325,0.17916256189346313,0.9269256591796875,0.0,0.02017707916524469,0.004407218006131267,0.038078032095115545,0.23032517543984132,0.67701203892871,0.05474612045832117,0.4642450934845632,3.469438102796015,0.0
36350,0.17915239930152893,0.92694091796875,0.0,0.020175188508630693,0.004407218006131267,0.038078032095115545,0.23032517543984132,0.67701203892871,0.05474612045832117,0.4642450934845632,3.469438102796015,0.0
36375,0.17914220690727234,0.92694091796875,0.0,0.020172512555752132,0.004407218006131267,0.038078032095115545,0.23032517543984132,0.67701203892871,0.05474612045832117,0.4642450934845632,3.469438102796015,0.0
36400,0.17913204431533813,0.9269561767578125,0.0,0.02017013863934597,0.004407218006131267,0.038078032095115545,0.23032517543984132,0.67701203892871,0.05474612045832117,0.4642450934845632,3.469438102796015,0.0
36425,0.17912186682224274,0.9269561767578125,0.0,0.020167409470575777,0.004407218006131267,0.038078032095115545,0.23032517543984132,0.67701203892871,0.05474612045832117,0.4642450934845632,3.469438102796015,0.0
36450,0.17911168932914734,0.9269561767578125,0.0,0.020164663411687683,0.004407218006131267,0.038078032095115545,0.23032517543984132,0.67701203892871,0.05474612045832117,0.4642450934845632,3.469438102796015,0.0
36475,0.17910154163837433,0.92694091796875,0.0,0.020162598663387585,0.004407218006131267,0.038078032095115545,0.23032517543984132,0.67701203892871,0.05474612045832117,0.4642450934845632,3.469438102796015,0.0
36500,0.17909139394760132,0.92694091796875,0.0,0.020159101868465135,0.004407218006131267,0.038078032095115545,0.23032517543984132,0.67701203892871,0.05474612045832117,0.4642450934845632,3.469438102796015,0.0
36525,0.17908123135566711,0.926971435546875,0.0,0.020157006306854276,0.004407218006131267,0.038078032095115545,0.23032517543984132,0.67701203892871,0.05474612045832117,0.4642450934845632,3.469438102796015,0.0
36550,0.17907105386257172,0.926971435546875,0.0,0.020154507339803382,0.004407218006131267,0.038078032095115545,0.23032517543984132,0.67701203892871,0.05474612045832117,0.4642450934845632,3.469438102796015,0.0
36575,0.1790609061717987,0.9269866943359375,0.0,0.02015183402907775,0.004407218006131267,0.038078032095115545,0.23032517543984132,0.67701203892871,0.05474612045832117,0.4642450934845632,3.469438102796015,0.0
36600,0.1790507584810257,0.927001953125,0.0,0.02015004849663048,0.004407218006131267,0.038078032095115545,0.23032517543984132,0.67701203892871,0.05474612045832117,0.4642450934845632,3.469438102796015,0.0
36625,0.17904061079025269,0.9269866943359375,0.0,0.020148897881932477,0.004407218006131267,0.038078032095115545,0.23032517543984132,0.67701203892871,0.05474612045832117,0.4642450934845632,3.469438102796015,0.0
36650,0.17903046309947968,0.9269866943359375,0.0,0.02014657591008144,0.004407218006131267,0.038078032095115545,0.23032517543984132,0.67701203892871,0.05474612045832117,0.4642450934845632,3.469438102796015,0.0
36675,0.17902031540870667,0.9269866943359375,0.0,0.020144661740425642,0.004407218006131267,0.038078032095115545,0.23032517543984132,0.67701203892871,0.05474612045832117,0.4642450934845632,3.469438102796015,0.0
36700,0.17901018261909485,0.927001953125,0.0,0.020143011312272332,0.004407218006131267,0.038078032095115545,0.23032517543984132,0.67701203892871,0.05474612045832117,0.4642450934845632,3.469438102796015,0.0
36725,0.17900002002716064,0.9269866943359375,0.0,0.02014136829209588,0.004407218006131267,0.038078032095115545,0.23032517543984132,0.67701203892871,0.05474612045832117,0.4642450934845632,3.469438102796015,0.0
36750,0.17898988723754883,0.926971435546875,0.0,0.020139469769071945,0.004407218006131267,0.038078032095115545,0.23032517543984132,0.67701203892871,0.05474612045832117,0.4642450934845632,3.469438102796015,0.0
36775,0.178979754447937,0.926971435546875,0.0,0.020137318091259994,0.004407218006131267,0.038078032095115545,0.23032517543984132,0.67701203892871,0.05474612045832117,0.4642450934845632,3.469438102796015,0.0
36800,0.1789696216583252,0.926971435546875,0.0,0.020134694904500247,0.004407218006131267,0.038078032095115545,0.23032517543984132,0.67701203892871,0.05474612045832117,0.4642450934845632,3.469438102796015,0.0
36825,0.17895948886871338,0.926971435546875,0.0,0.020132220517993092,0.004407218006131267,0.038078032095115545,0.23032517543984132,0.67701203892871,0.05474612045832117,0.4642450934845632,3.469438102796015,0.0
36850,0.17894935607910156,0.926971435546875,0.0,0.020130438437416222,0.004407218006131267,0.038078032095115545,0.23032517543984132,0.67701203892871,0.05474612045832117,0.4642450934845632,3.469438102796015,0.0
36875,0.17893922328948975,0.926971435546875,0.0,0.020128619508443444,0.004407218006131267,0.038078032095115545,0.23032517543984132,0.67701203892871,0.05474612045832117,0.4642450934845632,3.469438102796015,0.0
36900,0.17892909049987793,0.9270172119140625,0.0,0.020126470602670258,0.004407218006131267,0.038078032095115545,0.23032517543984132,0.67701203892871,0.05474612045832117,0.4642450934845632,3.469438102796015,0.0
36925,0.1789189726114273,0.9269866943359375,0.0,0.020123923884758928,0.004407218006131267,0.038078032095115545,0.23032517543984132,0.67701203892871,0.05474612045832117,0.4642450934845632,3.469438102796015,0.0
36950,0.1789088398218155,0.9269866943359375,0.0,0.020121821631833098,0.004407218006131267,0.038078032095115545,0.23032517543984132,0.67701203892871,0.05474612045832117,0.4642450934845632,3.469438102796015,0.0
36975,0.17889872193336487,0.926971435546875,0.0,0.02011937445310222,0.004407218006131267,0.038078032095115545,0.23032517543984132,0.67701203892871,0.05474612045832117,0.4642450934845632,3.469438102796015,0.0
37000,0.17888860404491425,0.926971435546875,0.0,0.02011803972298701,0.004407218006131267,0.038078032095115545,0.23032517543984132,0.67701203892871,0.05474612045832117,0.4642450934845632,3.469438102796015,0.0
37025,0.17887848615646362,0.927032470703125,0.0,0.020115352899915295,0.004407218006131267,0.038078032095115545,0.23032517543984132,0.67701203892871,0.05474612045832117,0.4642450934845632,3.469438102796015,0.0
37050,0.178868368268013,0.9270172119140625,0.0,0.020112780076196258,0.004407218006131267,0.038078032095115545,0.23032517543984132,0.67701203892871,0.05474612045832117,0.4642450934845632,3.469438102796015,0.0
37075,0.17885825037956238,0.927032470703125,0.0,0.020110131920497563,0.004407218006131267,0.038078032095115545,0.23032517543984132,0.67701203892871,0.05474612045832117,0.4642450934845632,3.469438102796015,0.0
37100,0.17884814739227295,0.927032470703125,0.0,0.02010816684473111,0.004407218006131267,0.038078032095115545,0.23032517543984132,0.67701203892871,0.05474612045832117,0.4642450934845632,3.469438102796015,0.0
37125,0.17883804440498352,0.927032470703125,0.0,0.020106574826578776,0.004407218006131267,0.038078032095115545,0.23032517543984132,0.67701203892871,0.05474612045832117,0.4642450934845632,3.469438102796015,0.0
37150,0.1788279414176941,0.927032470703125,0.0,0.020104730034506763,0.004407218006131267,0.038078032095115545,0.23032517543984132,0.67701203892871,0.05474612045832117,0.4642450934845632,3.469438102796015,0.0
37175,0.17881783843040466,0.9270172119140625,0.0,0.02010230279537461,0.004407218006131267,0.038078032095115545,0.23032517543984132,0.67701203892871,0.05474612045832117,0.4642450934845632,3.469438102796015,0.0
37200,0.17880773544311523,0.9270172119140625,0.0,0.020099271584765564,0.004407218006131267,0.038078032095115545,0.23032517543984132,0.67701203892871,0.05474612045832117,0.4642450934845632,3.469438102796015,0.0
37225,0.1787976324558258,0.9270172119140625,0.0,0.02009723880518152,0.004407218006131267,0.038078032095115545,0.23032517543984132,0.67701203892871,0.05474612045832117,0.4642450934845632,3.469438102796015,0.0
37250,0.17878754436969757,0.9270172119140625,0.0,0.020095701216102824,0.004407218006131267,0.038078032095115545,0.23032517543984132,0.67701203892871,0.05474612045832117,0.4642450934845632,3.469438102796015,0.0
37275,0.17877745628356934,0.9270172119140625,0.0,0.020093749948071667,0.004407218006131267,0.038078032095115545,0.23032517543984132,0.67701203892871,0.05474612045832117,0.4642450934845632,3.469438102796015,0.0
37300,0.1787673532962799,0.9270172119140625,0.0,0.020091356324925813,0.004407218006131267,0.038078032095115545,0.23032517543984132,0.67701203892871,0.05474612045832117,0.4642450934845632,3.469438102796015,0.0
37325,0.17875726521015167,0.9270172119140625,0.0,0.020088037526140218,0.004407218006131267,0.038078032095115545,0.23032517543984132,0.67701203892871,0.05474612045832117,0.4642450934845632,3.469438102796015,0.0
37350,0.17874717712402344,0.927032470703125,0.0,0.020085843792872267,0.004407218006131267,0.038078032095115545,0.23032517543984132,0.67701203892871,0.05474612045832117,0.4642450934845632,3.469438102796015,0.0
37375,0.1787370890378952,0.927032470703125,0.0,0.020083674344520106,0.004407218006131267,0.038078032095115545,0.23032517543984132,0.67701203892871,0.05474612045832117,0.4642450934845632,3.469438102796015,0.0
37400,0.17872700095176697,0.927032470703125,0.0,0.020081877348583573,0.004407218006131267,0.038078032095115545,0.23032517543984132,0.67701203892871,0.05474612045832117,0.4642450934845632,3.469438102796015,0.0
37425,0.17871692776679993,0.927032470703125,0.0,0.02007881674369451,0.004407218006131267,0.038078032095115545,0.23032517543984132,0.67701203892871,0.05474612045832117,0.4642450934845632,3.469438102796015,0.0
37450,0.17870685458183289,0.927032470703125,0.0,0.020076045288527536,0.004407218006131267,0.038078032095115545,0.23032517543984132,0.67701203892871,0.05474612045832117,0.4642450934845632,3.469438102796015,0.0
37475,0.17869678139686584,0.9270477294921875,0.0,0.020073293526102168,0.004407218006131267,0.038078032095115545,0.23032517543984132,0.67701203892871,0.05474612045832117,0.4642450934845632,3.469438102796015,0.0
37500,0.1786867082118988,0.9270477294921875,0.0,0.020071645081880984,0.004407218006131267,0.038078032095115545,0.23032517543984132,0.67701203892871,0.05474612045832117,0.4642450934845632,3.469438102796015,0.0
37525,0.17867663502693176,0.9270477294921875,0.0,0.020069533897602475,0.004407218006131267,0.038078032095115545,0.23032517543984132,0.67701203892871,0.05474612045832117,0.4642450934845632,3.469438102796015,0.0
37550,0.17866656184196472,0.9270782470703125,0.0,0.02006748174668081,0.004407218006131267,0.038078032095115545,0.23032517543984132,0.67701203892871,0.05474612045832117,0.4642450934845632,3.469438102796015,0.0
37575,0.17865648865699768,0.9270782470703125,0.0,0.02006562951878749,0.004407218006131267,0.038078032095115545,0.23032517543984132,0.67701203892871,0.05474612045832117,0.4642450934845632,3.469438102796015,0.0
37600,0.17864643037319183,0.9270782470703125,0.0,0.020063418448064276,0.004407218006131267,0.038078032095115545,0.23032517543984132,0.67701203892871,0.05474612045832117,0.4642450934845632,3.469438102796015,0.0
37625,0.178636372089386,0.9270782470703125,0.0,0.020060674585088388,0.004407218006131267,0.038078032095115545,0.23032517543984132,0.67701203892871,0.05474612045832117,0.4642450934845632,3.469438102796015,0.0
37650,0.17862631380558014,0.92706298828125,0.0,0.02005784133920414,0.004407218006131267,0.038078032095115545,0.23032517543984132,0.67701203892871,0.05474612045832117,0.4642450934845632,3.469438102796015,0.0
37675,0.1786162555217743,0.92706298828125,0.0,0.020056136546582868,0.004407218006131267,0.038078032095115545,0.23032517543984132,0.67701203892871,0.05474612045832117,0.4642450934845632,3.469438102796015,0.0
37700,0.17860619723796844,0.92706298828125,0.0,0.02005455263715079,0.004407218006131267,0.038078032095115545,0.23032517543984132,0.67701203892871,0.05474612045832117,0.4642450934845632,3.469438102796015,0.0
37725,0.1785961389541626,0.9270782470703125,0.0,0.020052720386778577,0.004407218006131267,0.038078032095115545,0.23032517543984132,0.67701203892871,0.05474612045832117,0.4642450934845632,3.469438102796015,0.0
37750,0.17858609557151794,0.927093505859375,0.0,0.020050072647134667,0.004407218006131267,0.038078032095115545,0.23032517543984132,0.67701203892871,0.05474612045832117,0.4642450934845632,3.469438102796015,0.0
37775,0.1785760521888733,0.927093505859375,0.0,0.020047854796348134,0.004407218006131267,0.038078032095115545,0.23032517543984132,0.67701203892871,0.05474612045832117,0.4642450934845632,3.469438102796015,0.0
37800,0.17856599390506744,0.927093505859375,0.0,0.0200451069878025,0.004407218006131267,0.038078032095115545,0.23032517543984132,0.67701203892871,0.05474612045832117,0.4642450934845632,3.469438102796015,0.0
37825,0.1785559505224228,0.9271087646484375,0.0,0.020042766514824867,0.004407218006131267,0.038078032095115545,0.23032517543984132,0.67701203892871,0.05474612045832117,0.4642450934845632,3.469438102796015,0.0
37850,0.17854590713977814,0.9271087646484375,0.0,0.02004111412090184,0.004407218006131267,0.038078032095115545,0.23032517543984132,0.67701203892871,0.05474612045832117,0.4642450934845632,3.469438102796015,0.0
37875,0.17853587865829468,0.9271087646484375,0.0,0.020039155484027377,0.004407218006131267,0.038078032095115545,0.23032517543984132,0.67701203892871,0.05474612045832117,0.4642450934845632,3.469438102796015,0.0
37900,0.17852583527565002,0.9271240234375,0.0,0.020036414642102263,0.004407218006131267,0.038078032095115545,0.23032517543984132,0.67701203892871,0.05474612045832117,0.4642450934845632,3.469438102796015,0.0
37925,0.17851579189300537,0.9271240234375,0.0,0.02003363081911753,0.004407218006131267,0.038078032095115545,0.23032517543984132,0.67701203892871,0.05474612045832117,0.4642450934845632,3.469438102796015,0.0
37950,0.1785057783126831,0.9271240234375,0.0,0.020031734045067646,0.004407218006131267,0.038078032095115545,0.23032517543984132,0.67701203892871,0.05474612045832117,0.4642450934845632,3.469438102796015,0.0
37975,0.17849573493003845,0.9271392822265625,0.0,0.020029822191400745,0.004407218006131267,0.038078032095115545,0.23032517543984132,0.67701203892871,0.05474612045832117,0.4642450934845632,3.469438102796015,0.0
38000,0.178485706448555,0.927154541015625,0.0,0.020028619494457594,0.004407218006131267,0.038078032095115545,0.23032517543984132,0.67701203892871,0.05474612045832117,0.4642450934845632,3.469438102796015,0.0
38025,0.17847567796707153,0.927154541015625,0.0,0.02002537870933853,0.004407218006131267,0.038078032095115545,0.23032517543984132,0.67701203892871,0.05474612045832117,0.4642450934845632,3.469438102796015,0.0
38050,0.17846566438674927,0.927154541015625,0.0,0.020023101873715803,0.004407218006131267,0.038078032095115545,0.23032517543984132,0.67701203892871,0.05474612045832117,0.4642450934845632,3.469438102796015,0.0
38075,0.178455650806427,0.9271392822265625,0.0,0.020020542646519195,0.004407218006131267,0.038078032095115545,0.23032517543984132,0.67701203892871,0.05474612045832117,0.4642450934845632,3.469438102796015,0.0
38100,0.17844562232494354,0.9271392822265625,0.0,0.020018030741213357,0.004407218006131267,0.038078032095115545,0.23032517543984132,0.67701203892871,0.05474612045832117,0.4642450934845632,3.469438102796015,0.0
38125,0.17843560874462128,0.9271392822265625,0.0,0.02001541290548865,0.004407218006131267,0.038078032095115545,0.23032517543984132,0.67701203892871,0.05474612045832117,0.4642450934845632,3.469438102796015,0.0
38150,0.17842558026313782,0.9271392822265625,0.0,0.0200127969223431,0.004407218006131267,0.038078032095115545,0.23032517543984132,0.67701203892871,0.05474612045832117,0.4642450934845632,3.469438102796015,0.0
38175,0.17841556668281555,0.9271392822265625,0.0,0.02001004922700932,0.004407218006131267,0.038078032095115545,0.23032517543984132,0.67701203892871,0.05474612045832117,0.4642450934845632,3.469438102796015,0.0
38200,0.17840556800365448,0.9271392822265625,0.0,0.020008085547883997,0.004407218006131267,0.038078032095115545,0.23032517543984132,0.67701203892871,0.05474612045832117,0.4642450934845632,3.469438102796015,0.0
38225,0.17839555442333221,0.9271240234375,0.0,0.020006630110740237,0.004407218006131267,0.038078032095115545,0.23032517543984132,0.67701203892871,0.05474612045832117,0.4642450934845632,3.469438102796015,0.0
38250,0.17838555574417114,0.9271392822265625,0.0,0.02000495181899108,0.004407218006131267,0.038078032095115545,0.23032517543984132,0.67701203892871,0.05474612045832117,0.4642450934845632,3.469438102796015,0.0
38275,0.17837554216384888,0.9271392822265625,0.0,0.02000280304120735,0.004407218006131267,0.038078032095115545,0.23032517543984132,0.67701203892871,0.05474612045832117,0.4642450934845632,3.469438102796015,0.0
38300,0.1783655434846878,0.9271392822265625,0.0,0.020000038836812374,0.004407218006131267,0.038078032095115545,0.23032517543984132,0.67701203892871,0.05474612045832117,0.4642450934845632,3.469438102796015,0.0
38325,0.17835554480552673,0.9271392822265625,0.0,0.019997745889605473,0.004407218006131267,0.038078032095115545,0.23032517543984132,0.67701203892871,0.05474612045832117,0.4642450934845632,3.469438102796015,0.0
38350,0.17834553122520447,0.9271392822265625,0.0,0.01999562868969876,0.004407218006131267,0.038078032095115545,0.23032517543984132,0.67701203892871,0.05474612045832117,0.4642450934845632,3.469438102796015,0.0
38375,0.1783355474472046,0.9271392822265625,0.0,0.019994125599695083,0.004407218006131267,0.038078032095115545,0.23032517543984132,0.67701203892871,0.05474612045832117,0.4642450934845632,3.469438102796015,0.0
38400,0.1783255636692047,0.9271392822265625,0.0,0.01999226701262292,0.004407218006131267,0.038078032095115545,0.23032517543984132,0.67701203892871,0.05474612045832117,0.4642450934845632,3.469438102796015,0.0
38425,0.17831555008888245,0.9271392822265625,0.0,0.019990628035760957,0.004407218006131267,0.038078032095115545,0.23032517543984132,0.67701203892871,0.05474612045832117,0.4642450934845632,3.469438102796015,0.0
38450,0.17830556631088257,0.9271697998046875,0.0,0.01998957962354748,0.004407218006131267,0.038078032095115545,0.23032517543984132,0.67701203892871,0.05474612045832117,0.4642450934845632,3.469438102796015,0.0
38475,0.1782955825328827,0.92718505859375,0.0,0.01998820080130504,0.004407218006131267,0.038078032095115545,0.23032517543984132,0.67701203892871,0.05474612045832117,0.4642450934845632,3.469438102796015,0.0
38500,0.1782855987548828,0.92718505859375,0.0,0.01998658269513473,0.004407218006131267,0.038078032095115545,0.23032517543984132,0.67701203892871,0.05474612045832117,0.4642450934845632,3.469438102796015,0.0
38525,0.17827561497688293,0.92718505859375,0.0,0.01998486575201772,0.004407218006131267,0.038078032095115545,0.23032517543984132,0.67701203892871,0.05474612045832117,0.4642450934845632,3.469438102796015,0.0
38550,0.17826561629772186,0.9272003173828125,0.0,0.019982799405638987,0.004407218006131267,0.038078032095115545,0.23032517543984132,0.67701203892871,0.05474612045832117,0.4642450934845632,3.469438102796015,0.0
38575,0.17825564742088318,0.9272003173828125,0.0,0.019980245099936636,0.004407218006131267,0.038078032095115545,0.23032517543984132,0.67701203892871,0.05474612045832117,0.4642450934845632,3.469438102796015,0.0
38600,0.1782456636428833,0.9272003173828125,0.0,0.01997814723512556,0.004407218006131267,0.038078032095115545,0.23032517543984132,0.67701203892871,0.05474612045832117,0.4642450934845632,3.469438102796015,0.0
38625,0.17823567986488342,0.9272003173828125,0.0,0.019975884617336223,0.004407218006131267,0.038078032095115545,0.23032517543984132,0.67701203892871,0.05474612045832117,0.4642450934845632,3.469438102796015,0.0
38650,0.17822571098804474,0.9272003173828125,0.0,0.01997375333642248,0.004407218006131267,0.038078032095115545,0.23032517543984132,0.67701203892871,0.05474612045832117,0.4642450934845632,3.469438102796015,0.0
38675,0.17821574211120605,0.9272003173828125,0.0,0.01997214467299082,0.004407218006131267,0.038078032095115545,0.23032517543984132,0.67701203892871,0.05474612045832117,0.4642450934845632,3.469438102796015,0.0
38700,0.17820577323436737,0.9272308349609375,0.0,0.019969958507632654,0.004407218006131267,0.038078032095115545,0.23032517543984132,0.67701203892871,0.05474612045832117,0.4642450934845632,3.469438102796015,0.0
38725,0.1781958043575287,0.9272308349609375,0.0,0.019967731456361968,0.004407218006131267,0.038078032095115545,0.23032517543984132,0.67701203892871,0.05474612045832117,0.4642450934845632,3.469438102796015,0.0
38750,0.17818583548069,0.92724609375,0.0,0.019965829261755108,0.004407218006131267,0.038078032095115545,0.23032517543984132,0.67701203892871,0.05474612045832117,0.4642450934845632,3.469438102796015,0.0
38775,0.17817586660385132,0.9272613525390625,0.0,0.019964218130682266,0.004407218006131267,0.038078032095115545,0.23032517543984132,0.67701203892871,0.05474612045832117,0.4642450934845632,3.469438102796015,0.0
38800,0.17816591262817383,0.9272613525390625,0.0,0.019962468070855836,0.004407218006131267,0.038078032095115545,0.23032517543984132,0.67701203892871,0.05474612045832117,0.4642450934845632,3.469438102796015,0.0
38825,0.17815592885017395,0.9272613525390625,0.0,0.01996025776041391,0.004407218006131267,0.038078032095115545,0.23032517543984132,0.67701203892871,0.05474612045832117,0.4642450934845632,3.469438102796015,0.0
38850,0.17814597487449646,0.9272918701171875,0.0,0.019958461168631658,0.004407218006131267,0.038078032095115545,0.23032517543984132,0.67701203892871,0.05474612045832117,0.4642450934845632,3.469438102796015,0.0
38875,0.17813603579998016,0.9272918701171875,0.0,0.019955831744100053,0.004407218006131267,0.038078032095115545,0.23032517543984132,0.67701203892871,0.05474612045832117,0.4642450934845632,3.469438102796015,0.0
38900,0.17812606692314148,0.9272918701171875,0.0,0.019954305189347536,0.004407218006131267,0.038078032095115545,0.23032517543984132,0.67701203892871,0.05474612045832117,0.4642450934845632,3.469438102796015,0.0
38925,0.17811612784862518,0.9272918701171875,0.0,0.01995332034182013,0.004407218006131267,0.038078032095115545,0.23032517543984132,0.67701203892871,0.05474612045832117,0.4642450934845632,3.469438102796015,0.0
38950,0.1781061589717865,0.9272918701171875,0.0,0.019951297948593186,0.004407218006131267,0.038078032095115545,0.23032517543984132,0.67701203892871,0.05474612045832117,0.4642450934845632,3.469438102796015,0.0
38975,0.1780962198972702,0.9272918701171875,0.0,0.0199490438419519,0.004407218006131267,0.038078032095115545,0.23032517543984132,0.67701203892871,0.05474612045832117,0.4642450934845632,3.469438102796015,0.0
39000,0.1780862659215927,0.9272918701171875,0.0,0.019947050266761808,0.004407218006131267,0.038078032095115545,0.23032517543984132,0.67701203892871,0.05474612045832117,0.4642450934845632,3.469438102796015,0.0
39025,0.17807632684707642,0.9272918701171875,0.0,0.019944760965777204,0.004407218006131267,0.038078032095115545,0.23032517543984132,0.67701203892871,0.05474612045832117,0.4642450934845632,3.469438102796015,0.0
39050,0.17806637287139893,0.92730712890625,0.0,0.019942569993444622,0.004407218006131267,0.038078032095115545,0.23032517543984132,0.67701203892871,0.05474612045832117,0.4642450934845632,3.469438102796015,0.0
39075,0.17805644869804382,0.92730712890625,0.0,0.019940002477995045,0.004407218006131267,0.038078032095115545,0.23032517543984132,0.67701203892871,0.05474612045832117,0.4642450934845632,3.469438102796015,0.0
39100,0.17804649472236633,0.92730712890625,0.0,0.019937909076325585,0.004407218006131267,0.038078032095115545,0.23032517543984132,0.67701203892871,0.05474612045832117,0.4642450934845632,3.469438102796015,0.0
39125,0.17803657054901123,0.92730712890625,0.0,0.019936469076003858,0.004407218006131267,0.038078032095115545,0.23032517543984132,0.67701203892871,0.05474612045832117,0.4642450934845632,3.469438102796015,0.0
39150,0.17802663147449493,0.9273223876953125,0.0,0.019934798921697423,0.004407218006131267,0.038078032095115545,0.23032517543984132,0.67701203892871,0.05474612045832117,0.4642450934845632,3.469438102796015,0.0
39175,0.17801669239997864,0.9273223876953125,0.0,0.01993235032693141,0.004407218006131267,0.038078032095115545,0.23032517543984132,0.67701203892871,0.05474612045832117,0.4642450934845632,3.469438102796015,0.0
39200,0.17800676822662354,0.927337646484375,0.0,0.019931400961466467,0.004407218006131267,0.038078032095115545,0.23032517543984132,0.67701203892871,0.05474612045832117,0.4642450934845632,3.469438102796015,0.0
39225,0.17799684405326843,0.9273529052734375,0.0,0.019929797520459255,0.004407218006131267,0.038078032095115545,0.23032517543984132,0.67701203892871,0.05474612045832117,0.4642450934845632,3.469438102796015,0.0
39250,0.17798691987991333,0.9273529052734375,0.0,0.019928338349409255,0.004407218006131267,0.038078032095115545,0.23032517543984132,0.67701203892871,0.05474612045832117,0.4642450934845632,3.469438102796015,0.0
39275,0.17797698080539703,0.9273529052734375,0.0,0.019926598309600436,0.004407218006131267,0.038078032095115545,0.23032517543984132,0.67701203892871,0.05474612045832117,0.4642450934845632,3.469438102796015,0.0
39300,0.17796704173088074,0.9273681640625,0.0,0.019924105038103025,0.004407218006131267,0.038078032095115545,0.23032517543984132,0.67701203892871,0.05474612045832117,0.4642450934845632,3.469438102796015,0.0
39325,0.17795713245868683,0.927398681640625,0.0,0.01992226986577554,0.004407218006131267,0.038078032095115545,0.23032517543984132,0.67701203892871,0.05474612045832117,0.4642450934845632,3.469438102796015,0.0
39350,0.17794720828533173,0.927398681640625,0.0,0.01992014937778588,0.004407218006131267,0.038078032095115545,0.23032517543984132,0.67701203892871,0.05474612045832117,0.4642450934845632,3.469438102796015,0.0
39375,0.17793729901313782,0.927398681640625,0.0,0.019917230270014866,0.004407218006131267,0.038078032095115545,0.23032517543984132,0.67701203892871,0.05474612045832117,0.4642450934845632,3.469438102796015,0.0
39400,0.17792737483978271,0.927398681640625,0.0,0.019915610327872084,0.004407218006131267,0.038078032095115545,0.23032517543984132,0.67701203892871,0.05474612045832117,0.4642450934845632,3.469438102796015,0.0
39425,0.1779174655675888,0.927398681640625,0.0,0.019913560219493975,0.004407218006131267,0.038078032095115545,0.23032517543984132,0.67701203892871,0.05474612045832117,0.4642450934845632,3.469438102796015,0.0
39450,0.1779075562953949,0.927398681640625,0.0,0.019911399568126358,0.004407218006131267,0.038078032095115545,0.23032517543984132,0.67701203892871,0.05474612045832117,0.4642450934845632,3.469438102796015,0.0
39475,0.1778976321220398,0.9274139404296875,0.0,0.01990889117211112,0.004407218006131267,0.038078032095115545,0.23032517543984132,0.67701203892871,0.05474612045832117,0.4642450934845632,3.469438102796015,0.0
39500,0.1778877228498459,0.92742919921875,0.0,0.019908125860246692,0.004407218006131267,0.038078032095115545,0.23032517543984132,0.67701203892871,0.05474612045832117,0.4642450934845632,3.469438102796015,0.0
39525,0.17787782847881317,0.92742919921875,0.0,0.01990648716832078,0.004407218006131267,0.038078032095115545,0.23032517543984132,0.67701203892871,0.05474612045832117,0.4642450934845632,3.469438102796015,0.0
39550,0.17786791920661926,0.92742919921875,0.0,0.019904869543294273,0.004407218006131267,0.038078032095115545,0.23032517543984132,0.67701203892871,0.05474612045832117,0.4642450934845632,3.469438102796015,0.0
39575,0.17785802483558655,0.92742919921875,0.0,0.01990249950894735,0.004407218006131267,0.038078032095115545,0.23032517543984132,0.67701203892871,0.05474612045832117,0.4642450934845632,3.469438102796015,0.0
39600,0.17784811556339264,0.92742919921875,0.0,0.019900686904363626,0.004407218006131267,0.038078032095115545,0.23032517543984132,0.67701203892871,0.05474612045832117,0.4642450934845632,3.469438102796015,0.0
39625,0.17783820629119873,0.92742919921875,0.0,0.019898539823309244,0.004407218006131267,0.038078032095115545,0.23032517543984132,0.67701203892871,0.05474612045832117,0.4642450934845632,3.469438102796015,0.0
39650,0.17782831192016602,0.9274444580078125,0.0,0.019896143484042304,0.004407218006131267,0.038078032095115545,0.23032517543984132,0.67701203892871,0.05474612045832117,0.4642450934845632,3.469438102796015,0.0
39675,0.1778184175491333,0.927459716796875,0.0,0.01989431570399832,0.004407218006131267,0.038078032095115545,0.23032517543984132,0.67701203892871,0.05474612045832117,0.4642450934845632,3.469438102796015,0.0
39700,0.17780852317810059,0.9274444580078125,0.0,0.019891775072708923,0.004407218006131267,0.038078032095115545,0.23032517543984132,0.67701203892871,0.05474612045832117,0.4642450934845632,3.469438102796015,0.0
39725,0.17779862880706787,0.927459716796875,0.0,0.01989034301642984,0.004407218006131267,0.038078032095115545,0.23032517543984132,0.67701203892871,0.05474612045832117,0.4642450934845632,3.469438102796015,0.0
39750,0.17778873443603516,0.9274749755859375,0.0,0.01988826968055774,0.004407218006131267,0.038078032095115545,0.23032517543984132,0.67701203892871,0.05474612045832117,0.4642450934845632,3.469438102796015,0.0
39775,0.17777884006500244,0.9274749755859375,0.0,0.019885398800372652,0.004407218006131267,0.038078032095115545,0.23032517543984132,0.67701203892871,0.05474612045832117,0.4642450934845632,3.469438102796015,0.0
39800,0.17776897549629211,0.9274749755859375,0.0,0.019883025308169797,0.004407218006131267,0.038078032095115545,0.23032517543984132,0.67701203892871,0.05474612045832117,0.4642450934845632,3.469438102796015,0.0
39825,0.1777590811252594,0.927490234375,0.0,0.019881269583518924,0.004407218006131267,0.038078032095115545,0.23032517543984132,0.67701203892871,0.05474612045832117,0.4642450934845632,3.469438102796015,0.0
39850,0.17774920165538788,0.927490234375,0.0,0.01987890478772296,0.004407218006131267,0.038078032095115545,0.23032517543984132,0.67701203892871,0.05474612045832117,0.4642450934845632,3.469438102796015,0.0
39875,0.17773932218551636,0.927490234375,0.0,0.019878536728215938,0.004407218006131267,0.038078032095115545,0.23032517543984132,0.67701203892871,0.05474612045832117,0.4642450934845632,3.469438102796015,0.0
39900,0.17772945761680603,0.927490234375,0.0,0.019876720252421425,0.004407218006131267,0.038078032095115545,0.23032517543984132,0.67701203892871,0.05474612045832117,0.4642450934845632,3.469438102796015,0.0
39925,0.1777195781469345,0.9274749755859375,0.0,0.019875111176186917,0.004407218006131267,0.038078032095115545,0.23032517543984132,0.67701203892871,0.05474612045832117,0.4642450934845632,3.469438102796015,0.0
39950,0.177709698677063,0.9274749755859375,0.0,0.01987365151284997,0.004407218006131267,0.038078032095115545,0.23032517543984132,0.67701203892871,0.05474612045832117,0.4642450934845632,3.469438102796015,0.0
39975,0.17769983410835266,0.927490234375,0.0,0.019871394856113122,0.004407218006131267,0.038078032095115545,0.23032517543984132,0.67701203892871,0.05474612045832117,0.4642450934845632,3.469438102796015,0.0
