step,loss,acc_train,gnorm_theta,gnorm_phi,align_u,align_V,gain_u,gain_V,h_u,h_V,w_norm,disp
0,0.7261885404586792,0.4921112060546875,0.08946619182825089,2.2272657638911824,0.004407218006131267,0.038078032095115545,0.23032517543984132,0.67701203892871,0.05474612045832117,0.4642450934845632,3.469438102796015,0.0
25,0.711381733417511,0.501251220703125,0.058999717235565186,0.46471528157810005,0.004404459697191328,0.037953449658562156,0.23023315642889394,0.6758451091961599,0.05471241187553346,0.46282212246091914,3.469137770602183,0.00046980993725857887
50,0.7064910531044006,0.5087127685546875,0.055080849677324295,0.4142460784947563,0.0044145719129012875,0.03784757763864045,0.23048163401889388,0.6748559334192774,0.05483136753380498,0.4616011291986034,3.4689019647200485,0.0008685092135087422
75,0.7024931311607361,0.5131988525390625,0.055819809436798096,0.37891263096995587,0.0044360955007726665,0.037750760374099426,0.23102980343778048,0.6739542507746838,0.055087388106763086,0.46047975881485026,3.468706587095521,0.0012430393038506656
100,0.699066698551178,0.5192718505859375,0.05961813032627106,0.35311407545960544,0.004468002378642678,0.03766016135083568,0.2318482607736675,0.6731133943532568,0.055469529276871404,0.45942762590066877,3.4685434923830702,0.0016188315210721043
125,0.6960264444351196,0.525543212890625,0.06534159928560257,0.3334395183572763,0.004509552183247327,0.037574161534388945,0.23291465736604267,0.672318033251709,0.05596975744219827,0.4584274196036951,3.4684074565708354,0.002015054885954766
150,0.6932588219642639,0.5312347412109375,0.07224081456661224,0.31785728553548487,0.004560219136225399,0.03749177049704262,0.2342118487737311,0.671558701687074,0.05658222739916798,0.45746819607973443,3.4682948089594547,0.0024461786777402726
175,0.6906896233558655,0.5369110107421875,0.07978524267673492,0.3051576422526412,0.004619644296543097,0.03741228850936034,0.2357266934744504,0.6708286978261346,0.05730289894951903,0.45654222054955956,3.468202890896369,0.002922868716559465
200,0.6882668137550354,0.5420379638671875,0.08773140609264374,0.2946029267009899,0.004687593982959767,0.03733523083750004,0.23744899313624812,0.6701233620774726,0.058129010735773534,0.4556451012733594,3.468129760633292,0.0034522764750729135
225,0.6859517097473145,0.54730224609375,0.09594883024692535,0.2857288989837531,0.00476393285461584,0.0372601950056558,0.23937079077181156,0.6694388314342175,0.05905891384768988,0.45477171351538626,3.468073864316063,0.00403940186900305
250,0.6837140321731567,0.5531463623046875,0.10428251326084137,0.2782263138679415,0.004848603630009844,0.03718676937146981,0.24148585124552907,0.6687712184982961,0.060091819379982765,0.4539174210792894,3.4680340209470635,0.00468752073437186
275,0.6815289855003357,0.5586090087890625,0.11270100623369217,0.27188520611552597,0.004941608502912758,0.03711473147894549,0.2437891735459095,0.6681183635353731,0.06122763291867672,0.45308007361643754,3.4680092509021314,0.005398470728620935
300,0.679375946521759,0.5637969970703125,0.12115520983934402,0.266548198261445,0.005043017285050605,0.03704387213842664,0.2462771824227587,0.6674782770279698,0.06246694776651116,0.4522572938618127,3.4679988753725675,0.006173203875224309
325,0.6772369146347046,0.5689697265625,0.12960433959960938,0.2620972069034373,0.005152939162023202,0.03697397196803694,0.2489469853861432,0.6668488673848937,0.06381079773207363,0.451446480947962,3.4680021980666766,0.007012389804212268
350,0.6750963926315308,0.5743255615234375,0.13802476227283478,0.2584368209090069,0.005271517501956915,0.03690498209706166,0.2517962630898492,0.6662296451877188,0.06526049492866955,0.4506476435574298,3.4680188875924083,0.007915835190120506
375,0.6729409694671631,0.5803070068359375,0.14638429880142212,0.2554873104865981,0.0053989264856389475,0.03683677514849301,0.254823154059265,0.6656194155528198,0.06681771641374024,0.4498597613995391,3.468048639868507,0.00888304333911799
400,0.6707580089569092,0.5859375,0.15472862124443054,0.25318465756114433,0.0055353783982111555,0.03676932194191156,0.2580264219106418,0.6650178971280295,0.06848459202055424,0.44908248243195936,3.4680913051436923,0.009913704212439292
425,0.6685358881950378,0.5904998779296875,0.1630491018295288,0.25147336477921983,0.005681131810524504,0.03670247832917352,0.2614056093612132,0.6644237763662416,0.07026370799914039,0.44831437591171547,3.468146782110766,0.011007601180775397
450,0.6662640571594238,0.5958404541015625,0.1714090257883072,0.2503056983799547,0.0058364757704894455,0.036636136826928185,0.2649606412723296,0.6638360891031554,0.07215796357503712,0.447553847478444,3.468215083993783,0.012164483774497064
475,0.6639325618743896,0.6006622314453125,0.17965304851531982,0.2496398357474615,0.006001722479961341,0.03657023193275705,0.2686916385253076,0.6632542693573762,0.0741704486305111,0.4468008661888334,3.468296334059175,0.01338397997364909
500,0.6615328788757324,0.60577392578125,0.18782804906368256,0.24943255211813595,0.006177192578528753,0.03650479380480094,0.2725985743691345,0.6626786206314816,0.07630420407344436,0.4460560045029992,3.4683906735367134,0.014665138869855099
525,0.6590566635131836,0.6106109619140625,0.1959373950958252,0.24964683308343613,0.0063632412087357235,0.036439903411805204,0.2766818566698336,0.6621099232475536,0.07856259556241382,0.4453203301197035,3.468498318230787,0.016007392637520924
550,0.6564962863922119,0.615142822265625,0.20395013689994812,0.25024802459667367,0.006560227159866442,0.03637565916570254,0.280941630852544,0.6615491201727816,0.08094899980322068,0.4445942881778165,3.4686194913434947,0.01741001866818153
575,0.6538451910018921,0.6198883056640625,0.2118699699640274,0.2511989471763251,0.006768522670393206,0.036311993807923916,0.2853780163306509,0.6609956763792046,0.08346675420006833,0.4438768740598513,3.4687545561426854,0.018872105589633426
600,0.6510963439941406,0.6248779296875,0.21976326406002045,0.2524682087272115,0.006988564940999484,0.03624895041030401,0.2899921649775805,0.660450053524633,0.0861199202611092,0.44316958919861904,3.4689038444420808,0.020393158691319056
625,0.6482439637184143,0.629638671875,0.22751909494400024,0.2540249535495723,0.007220758979883407,0.036186509683505556,0.29478419430098224,0.659912139120524,0.08891204207661818,0.4424727130690351,3.4690676523539787,0.021972354956529706
650,0.6452825665473938,0.6349945068359375,0.23517237603664398,0.25583581738098327,0.0074655232020223025,0.03612473499806696,0.2997541975539936,0.6593826013701638,0.09184674990809752,0.4417867456610867,3.4692464184391643,0.023608824229817867
675,0.6422072649002075,0.639862060546875,0.24265530705451965,0.2578704297494906,0.007723301289242164,0.03606377661559968,0.3049024649686056,0.6588628931381221,0.09492780400324485,0.44111449031993655,3.469440523714151,0.02530171396342672
700,0.639014720916748,0.6450958251953125,0.2500104606151581,0.2600918233749688,0.00799454239615631,0.036003635138027054,0.31022909413854605,0.6583531163736278,0.09815870118339681,0.44045621539424873,3.4696504159649604,0.027049469336441954
725,0.6357012391090393,0.6502227783203125,0.25719600915908813,0.2624708187470366,0.008279716335044348,0.03594432145508646,0.3157342831873007,0.6578534505282693,0.10154322603923796,0.43981161449983375,3.469876456437816,0.028851103896907895
750,0.6322640180587769,0.6551055908203125,0.2642408013343811,0.2649743398075096,0.008579263765524803,0.03588577988110937,0.3214174002399288,0.6573634728566033,0.10508458576818702,0.4391805701086464,3.4701190455210873,0.030705383276503535
775,0.6287011504173279,0.6602325439453125,0.27113789319992065,0.26756966730126913,0.008893633967288725,0.03582802039028049,0.3272777509049347,0.6568833631463264,0.10878589000140029,0.4385632786282247,3.4703785974877017,0.032610903372830354
800,0.6250109076499939,0.665740966796875,0.27784857153892517,0.27022806525092674,0.00922329098407797,0.03577110141065579,0.3333146999620266,0.6564137482839523,0.1126503086222955,0.4379604024675197,3.470655539344131,0.03456623792686372
825,0.6211926937103271,0.6707763671875,0.2843770980834961,0.2729189734130849,0.009568679805616747,0.035715070603386856,0.3395270564850918,0.6559551313995844,0.11668052503691201,0.43737232044144825,3.470950157656251,0.036569878554004134
850,0.6172458529472351,0.6757049560546875,0.29075372219085693,0.2756160540765032,0.009930205329424584,0.03565983416827093,0.34591278292216304,0.6555067325884804,0.12087869285445978,0.4367980519001333,3.471262822502164,0.03862046630977279
875,0.613170325756073,0.6811981201171875,0.2969345450401306,0.2782949527260706,0.010308283729040474,0.035605404894699495,0.3524699411876301,0.6550687298692986,0.12524701260707485,0.4362382018232694,3.4715938009085456,0.040716711979881394
900,0.6089676022529602,0.686431884765625,0.30295777320861816,0.28092879015008165,0.010703259726509689,0.03555181094085131,0.359195312668745,0.6546414384860078,0.12978657542016694,0.4356933101386397,3.471943335636844,0.04285666660320151
925,0.604638934135437,0.6912841796875,0.3087175190448761,0.2834925265342274,0.01111553730990476,0.03549895102709999,0.36608667748958373,0.6542239730402483,0.13449892453565315,0.4351624925453844,3.472311623226921,0.04503877105337191
950,0.6001868844032288,0.69720458984375,0.31432804465293884,0.28596449160153287,0.011545434882240833,0.03544679044886162,0.3731403990030715,0.6538160574124695,0.13938462477440286,0.43464428293185664,3.472698852311475,0.04726116048956653
975,0.5956132411956787,0.7020111083984375,0.31976643204689026,0.2883300390273969,0.011993245899838412,0.035395438659954113,0.3803525249614813,0.6534187372721308,0.14444384005593155,0.4341407911683238,3.473105170501892,0.04952244718580777
1000,0.5909204483032227,0.706817626953125,0.32506266236305237,0.29057474048617976,0.012459270504341887,0.035344795539416454,0.38771932018642036,0.6530311110396335,0.14967662007600746,0.43365054303878625,3.4735306478597074,0.05182123747622156
1025,0.5861119031906128,0.71173095703125,0.330120712518692,0.2926819972304695,0.012943751067705272,0.03529486754343071,0.3952362895918645,0.6526532661217649,0.15508221724230725,0.43317335135933105,3.4739753899703683,0.054155883321858334
1050,0.5811917185783386,0.7164306640625,0.33498361706733704,0.29463568002971274,0.013446887531085435,0.03524561869147233,0.40289847237510684,0.6522848680490746,0.16065940795928219,0.432708439219603,3.474439345777836,0.05652447069689738
1075,0.5761640071868896,0.721771240234375,0.33963754773139954,0.2964297849522027,0.013968809330947038,0.03519698072343157,0.41070011328862266,0.6519252963495812,0.16640609170730752,0.4322556851236452,3.4749225385687574,0.058925410194357083
1100,0.5710342526435852,0.7266845703125,0.34408459067344666,0.2980477039495847,0.0145096178924689,0.035148742073955005,0.41863533660396807,0.6515725648093135,0.17231945834387258,0.43181195055897614,3.475424802547819,0.06135666410545367
1125,0.5658063888549805,0.731414794921875,0.34837204217910767,0.2994890083681643,0.015069408244211014,0.03510087190677787,0.4266985077904379,0.6512263685651778,0.17839682904442664,0.43137685307251916,3.4759460314749875,0.06381712644618472
1150,0.5604857206344604,0.7368927001953125,0.3523911237716675,0.30074833113559907,0.01564817656932187,0.03505335953807927,0.43488293438156206,0.650886584295544,0.18463445854642743,0.43095033283307593,3.4764860937856574,0.06630517709310889
1175,0.5550780892372131,0.741485595703125,0.35626307129859924,0.30182033021008414,0.016245901103833095,0.03500616069181118,0.44318207016440886,0.65055275478974,0.19102824935811125,0.430531583378316,3.477044742657007,0.0688190569602207
1200,0.5495889186859131,0.7464599609375,0.35985496640205383,0.30270411569864125,0.016862520086349326,0.03495927741684886,0.4515892429091814,0.6502248632584043,0.19757378216749585,0.4301206047946287,3.477621788958344,0.07135737498444092
1225,0.5440244674682617,0.751068115234375,0.36330556869506836,0.3033960154333432,0.01749790719530525,0.03491264637484387,0.4600973329895878,0.6499022584894327,0.20426606857527554,0.4297161490222666,3.4782169041074362,0.07391852640892192
1250,0.5383909344673157,0.755706787109375,0.3664652705192566,0.30389651965379944,0.01815187226703275,0.0348661919726107,0.4686988502391351,0.6495841706443488,0.21109919689620665,0.42931804910807414,3.478829744968892,0.07650098760064603
1275,0.5326952934265137,0.760345458984375,0.36941877007484436,0.30420407001203364,0.018824192372661787,0.03481976513362482,0.47738636568802034,0.6492691288505397,0.21806710692450587,0.428924512245093,3.479459894580116,0.07910306641073021
1300,0.5269440412521362,0.76507568359375,0.37212398648262024,0.30432389625112966,0.01951460146421852,0.03477341974816656,0.48615240910970786,0.6489575666023377,0.22516345534683407,0.42853567165562345,3.480107016001935,0.08172331962871043
1325,0.5211434364318848,0.7695770263671875,0.37463006377220154,0.304261614382228,0.020222806353629184,0.03472720152437328,0.49498965516061916,0.6486498241685731,0.23238170283865212,0.42815218928553556,3.4807706719410163,0.08436031556200457
1350,0.5153011679649353,0.7737579345703125,0.37685099244117737,0.3040119465414799,0.02094841812466708,0.03468096310249361,0.5038900994724953,0.6483444286550255,0.23971424946455816,0.42777238264257067,3.481450370279874,0.0870121355412592
1375,0.5094249248504639,0.7783355712890625,0.378793865442276,0.3035765469723743,0.02169100144520052,0.0346347700895333,0.5128457201685682,0.648041902689656,0.24715331068703034,0.4273965040881714,3.4821456599499263,0.08967709461514375
1400,0.5035219192504883,0.7822418212890625,0.38048604130744934,0.30296084392165645,0.02245011692833332,0.03458857667597981,0.5218489553812196,0.6477417053669805,0.2546911550131501,0.42702386326286923,3.4828559682035123,0.09235345691821054
1425,0.49759939312934875,0.786834716796875,0.3819771707057953,0.3021724046225637,0.023225261073715916,0.03454242962643828,0.5308920009268029,0.6474441635409067,0.26231976643230925,0.42665464381286033,3.4835807297977,0.09503967575916242
1450,0.49166446924209595,0.7901611328125,0.3831527829170227,0.30121537342501475,0.024015910529202766,0.034496285672771715,0.5399673366490505,0.6471487683037501,0.27003102804913937,0.4262890867154592,3.4843194167924345,0.09773411381326089
1475,0.4857245683670044,0.7942352294921875,0.3841155767440796,0.3000931055825738,0.024821502520662477,0.03445027741042019,0.5490674702114131,0.6468566430714828,0.2778166193508019,0.4259278605794985,3.4850714066297406,0.1004348875167984
1500,0.47978657484054565,0.798095703125,0.3848342001438141,0.2988119527070231,0.02564144364091571,0.034404314636594796,0.5581850421942669,0.6465668190163643,0.28566819120058484,0.42556960196308924,3.4858360583126795,0.10314049337276018
1525,0.47385767102241516,0.801849365234375,0.3852975070476532,0.29737750979658295,0.026475123021404024,0.034358321932590224,0.567312960877293,0.6462784645886055,0.2935773781043022,0.4252137717239757,3.4866127357596843,0.10584916838100222
1550,0.46794402599334717,0.805389404296875,0.3855436146259308,0.2957977991652817,0.027321933693427936,0.034312313500896904,0.5764446060093376,0.6459915896288988,0.3015360610603851,0.4248604857401151,3.487400802740793,0.1085594486213566
1575,0.46205225586891174,0.8087615966796875,0.38555091619491577,0.2940810558980316,0.028181196244912304,0.03426629330442497,0.5855729931288811,0.6457061019327853,0.30953583492831616,0.42450929914066715,3.488199588724094,0.11126977321944939
1600,0.4561888575553894,0.81256103515625,0.385317862033844,0.2922311606022454,0.029052228761816616,0.03422035331521138,0.5946915203790978,0.6454227404161569,0.31756839092226163,0.42416104207665584,3.489008426978554,0.11397834330180075
1625,0.45036008954048157,0.815948486328125,0.38484978675842285,0.29025360917274445,0.029934319461085084,0.03417449497041443,0.6037936657877788,0.6451413976270713,0.3256253798619223,0.4238154079289361,3.4898266763034616,0.11668348206072014
1650,0.444571852684021,0.81927490234375,0.3841937780380249,0.28815759158118087,0.030826745207468916,0.034128715352470446,0.6128731515356964,0.6448619178756528,0.33369878629616284,0.42347237532685456,3.490653655040761,0.11938359783170203
1675,0.43882879614830017,0.822021484375,0.38335907459259033,0.2859561974651868,0.0317288274803037,0.03408298214094189,0.6219244852942879,0.6445838754696073,0.3417812760132105,0.4231316679198833,3.491488723710018,0.12207767857954573
1700,0.4331362247467041,0.8251495361328125,0.3822878897190094,0.2836547212946328,0.03263983143872179,0.0340372993731584,0.6309419039834915,0.644307171958655,0.3498652428511102,0.42279218009011615,3.4923311556481265,0.12476415060432712
1725,0.4274991452693939,0.8278961181640625,0.38102656602859497,0.281258291774717,0.033559003027758064,0.03399171507823705,0.6399197710450173,0.6440321415710107,0.3579430816287177,0.4224548480917403,3.493180307858461,0.12744148952898612
1750,0.4219219386577606,0.830963134765625,0.3795967400074005,0.27877516109370404,0.03448563380605592,0.03394621109040123,0.6488531534798467,0.6437584865611303,0.36600773802746045,0.4221193849302326,3.494035503157885,0.13010836231396283
1775,0.41640859842300415,0.8338165283203125,0.3779991865158081,0.2762139463531969,0.03541900553970266,0.033900765278057854,0.6577372759172148,0.6434858845487131,0.3740524785335634,0.42178512937624024,3.4948961365487095,0.13276361896302274
1800,0.4109627604484558,0.8366546630859375,0.37626516819000244,0.2735831841242111,0.03635841797619675,0.03385534757866778,0.6665677419954971,0.6432139309618156,0.38207103039451606,0.4214516605475393,3.49576156832401,0.1354062265316715
1825,0.40558719635009766,0.8393707275390625,0.37437519431114197,0.2708897800974302,0.037303231863636745,0.033810001151679155,0.6753409073671185,0.6429429224377062,0.3900576347788634,0.4211195522120803,3.496631189952858,0.13803534178135926
1850,0.400285542011261,0.8423919677734375,0.37232136726379395,0.26813916101478236,0.03825270394161503,0.033764788394485545,0.6840523481285543,0.6426733401610463,0.3980061216639641,0.42078981343254995,3.4975043910027015,0.14064966759213066
1875,0.39506006240844727,0.844940185546875,0.3701987564563751,0.2653408240100656,0.03920619279972418,0.03371972474766705,0.6926987306265449,0.6424052279054367,0.40591129436212725,0.42046239408156916,3.4983806013080327,0.14324831808792907
1900,0.38991251587867737,0.8476104736328125,0.3679219186306,0.26250076934039657,0.04016313172968023,0.03367473437891816,0.7012775052692608,0.6421377661447024,0.4137686416105635,0.4201357669384418,3.4992592839721066,0.14583081291505356
1925,0.3848455548286438,0.8500213623046875,0.36551761627197266,0.2596210894372691,0.04112282587545427,0.033629958164752574,0.7097851049619929,0.6418722044063501,0.42157288586780345,0.41981166072704135,3.5001399203679786,0.14839585909993466
1950,0.3798609972000122,0.852508544921875,0.3630234897136688,0.25671230226578234,0.042084642237666094,0.033585372961981344,0.7182186124047407,0.6416082261672581,0.42931951075617997,0.4194899129112384,3.501021967102718,0.15094277549257054
1975,0.37495988607406616,0.8548583984375,0.36045560240745544,0.2537793373044425,0.043048007476051905,0.03354084881062918,0.7265756962632787,0.6413444842343444,0.43700454126837335,0.41916869381929556,3.5019048322283703,0.15347094976465164
2000,0.37014323472976685,0.85760498046875,0.357791543006897,0.250826340436149,0.04401240584632329,0.033496354164418346,0.7348546164718147,0.6410806110689927,0.44462454715608374,0.4188473768930651,3.5027881541000436,0.1559798220477226
2025,0.3654119074344635,0.8599853515625,0.3550460636615753,0.2478590733715005,0.04497727452757542,0.033452002559880505,0.7430532446823342,0.6408175955297228,0.45217620593456204,0.41852765284044957,3.5036713944587405,0.15846878654992225
2050,0.3607670068740845,0.8617095947265625,0.35221415758132935,0.24488176868071784,0.045942021992410195,0.033407959064097194,0.7511692976936053,0.6405569513989389,0.4596557901903205,0.41821148559743115,3.504554160942988,0.1609371005710202
2075,0.35620880126953125,0.8642425537109375,0.3493478298187256,0.24189975151043092,0.04690617811343917,0.03336409096295549,0.7592015209808948,0.6402973340584364,0.46706071069779387,0.4178967846440975,3.5054360231058572,0.16338444510782807
2100,0.3517371714115143,0.8664398193359375,0.3464360237121582,0.23891939355013872,0.047869271921803326,0.033320434078654725,0.7671486836460985,0.6400390300709325,0.47438861707816404,0.41758396942662623,3.5063166432535584,0.16581052613357136
2125,0.3473522663116455,0.8687591552734375,0.34344756603240967,0.23594272789300474,0.04883083790282304,0.033276944705738935,0.7750095900060296,0.6397815485715587,0.4816370361668102,0.4172722982696963,3.5071956051196542,0.16821498517938915
2150,0.34305375814437866,0.8701171875,0.340444952249527,0.23297264814732166,0.0497904871065475,0.033233702300382445,0.7827836579904125,0.6395255877359487,0.48880417418516453,0.41696236343419657,3.5080725217601167,0.17059755786829667
2175,0.3388415575027466,0.87237548828125,0.33738404512405396,0.23001448960375634,0.05074773380998023,0.033190713780743245,0.7904695598544537,0.6392711713585953,0.4958879853488076,0.4166542790522451,3.508947122894161,0.1729578453276222
2200,0.3347151279449463,0.8745269775390625,0.3343113958835602,0.22706981896827738,0.051702192792095036,0.033148026368502774,0.7980667286985417,0.6390186920056838,0.5028870581216892,0.4163490108206855,3.5098190280607073,0.1752955947004315
2225,0.3306736946105957,0.8764801025390625,0.3312012553215027,0.22414257712149976,0.052653537380862835,0.03310546942498395,0.8055750501999855,0.6387664617621958,0.509800153590201,0.4160445547876426,3.5106879641515136,0.17761071946542684
2250,0.32671648263931274,0.878448486328125,0.32807716727256775,0.2212351615468836,0.053601403857734126,0.03306311670641384,0.812994093289949,0.6385151455677911,0.5166261444306125,0.415741205461806,3.511553650977404,0.17990310246980826
2275,0.32284265756607056,0.8799285888671875,0.3249349296092987,0.21835134614621296,0.054545453187451395,0.03302096255059606,0.8203236003309304,0.6382646520766694,0.5233641077964938,0.41543919701116805,3.512415855730072,0.18217268861118519
2300,0.3190515637397766,0.8815460205078125,0.32176297903060913,0.21548932172341223,0.05548532226666815,0.032979054739417174,0.827563102243889,0.6380154040426848,0.530013115110753,0.41513901912393947,3.5132743303456455,0.18441914924375272
2325,0.31534233689308167,0.8831024169921875,0.31857818365097046,0.21265272253852663,0.05642071725855382,0.03293751751245429,0.8347126235317264,0.6377685683506413,0.536572495515941,0.4148417538137231,3.514128838794812,0.18664239870798202
2350,0.3117137849330902,0.884429931640625,0.31540608406066895,0.20984301497311966,0.05735136277466314,0.0328963650635073,0.8417722945753283,0.6375242556930718,0.5430417454408657,0.41454807900186763,3.514979177424058,0.18884242275544974
2375,0.3081647455692291,0.885711669921875,0.3122290074825287,0.20706096415563188,0.05827702590757191,0.03285554575371205,0.848742521599177,0.6372819433608826,0.5494207329055358,0.41425703689513493,3.515825167663692,0.19101919351401297
2400,0.3046938478946686,0.887054443359375,0.3090636432170868,0.2043095009538625,0.05919747905085088,0.032815022341361445,0.855623709432142,0.6370412520677284,0.555709517290223,0.4139677793906533,3.516666660588646,0.19317279156057485
2425,0.301299512386322,0.8884124755859375,0.3059263825416565,0.20159051529131153,0.06011256639723927,0.032774712125650626,0.862416713661887,0.636801345811907,0.5619085247848581,0.41367988775729436,3.5175034306151143,0.1953035144008709
2450,0.29798051714897156,0.889862060546875,0.30277472734451294,0.19890521259520771,0.06102204143883727,0.03273467090338026,0.8691217018947328,0.6365627447625228,0.5680176237222827,0.4133936580027825,3.51833531964902,0.19741126373329934
2475,0.294735848903656,0.891082763671875,0.299622118473053,0.19625311464784762,0.061925669809363454,0.03269492167261539,0.875738911234673,0.6363256666349464,0.574036812248541,0.413109595244634,3.519162251656387,0.19949605906907178
2500,0.2915639281272888,0.8922882080078125,0.2965102791786194,0.19363675985511847,0.06282330056711659,0.03265549435490275,0.8822690991961569,0.6360903768327301,0.5799666238632923,0.4128278720071875,3.5199840371943387,0.20155803212887405
2525,0.2884632349014282,0.8936767578125,0.29341915249824524,0.19105663357243888,0.0637148062727161,0.032616339908583314,0.8887131750276187,0.6358564005965062,0.5858077006956885,0.41254783091160363,3.520800644727703,0.2035973955500072
2550,0.2854323089122772,0.894775390625,0.29034140706062317,0.18851177496519436,0.06460005332386794,0.03257746361890295,0.8950719220212495,0.6356237697913172,0.5915605931024022,0.4122692623647903,3.5216119222131037,0.2056143245014761
2575,0.28246960043907166,0.8959503173828125,0.28730008006095886,0.1860044737027838,0.06547894516927104,0.03253885619125051,0.9013463530769478,0.6353923912022145,0.5972261006449715,0.4119924773369476,3.522417812249667,0.20760908585073778
2600,0.2795736789703369,0.897247314453125,0.2842670977115631,0.18353294735062928,0.06635135893196203,0.0325005158445185,0.9075372360930867,0.6351622363415087,0.6028047315604036,0.41171785738376343,3.52321821094121,0.20958175985515265
2625,0.2767431139945984,0.898193359375,0.2812696397304535,0.18109909387800038,0.06721719894940612,0.03246244015307381,0.9136454853622368,0.6349332755900106,0.6082973768639641,0.4114450534954983,3.5240130433615686,0.2115325216417314
2650,0.27397653460502625,0.8993072509765625,0.2782970070838928,0.17870165132587484,0.06807636815147465,0.03242460464514822,0.9196719699257124,0.6347052720314642,0.6137047838438214,0.41117346547090916,3.524802282111019,0.21346152476038652
2675,0.27127236127853394,0.90032958984375,0.27534541487693787,0.17634186285653075,0.06892879564011739,0.03238698263515072,0.9256176769797305,0.6344779577973104,0.6190278996844296,0.41090282424996744,3.5255858527007375,0.21536905262449949
2700,0.2686292827129364,0.901275634765625,0.2724117338657379,0.17401859460184843,0.06977438559516855,0.03234960705982255,0.9314833917339614,0.6342516566939915,0.6242675427117111,0.4106338446524287,3.526363725266089,0.21725525534495846
2725,0.2660458981990814,0.9024200439453125,0.26952874660491943,0.17173340919705238,0.0706130876783222,0.0323125159621483,0.9372701567816231,0.6340267412770892,0.6294247123847578,0.4103667943782361,3.5271358568104,0.21912036184979786
2750,0.2635207176208496,0.9031524658203125,0.2666841447353363,0.1694849965006603,0.07144487868917349,0.03227571776180902,0.942979153234546,0.6338032979931048,0.6345004989145193,0.41010186649624886,3.5279022243096065,0.22096462232647507
2775,0.2610521614551544,0.9040069580078125,0.2638554275035858,0.16727229292616771,0.07226972625959419,0.03223919505284681,0.9486114546232516,0.6335811597941237,0.6394962037277966,0.4098386987326737,3.528662805017041,0.2227883685373
2800,0.25863906741142273,0.9051971435546875,0.2610609531402588,0.16509781662388784,0.07308757439871318,0.03220295650165461,0.954167925422425,0.6333604081424229,0.6444126459780437,0.40957739899428064,3.5294175354251007,0.22459171018300295
2825,0.2562800645828247,0.9060211181640625,0.25831449031829834,0.16296141109163625,0.07389840151474442,0.03216702208710172,0.9596496388423333,0.6331412519668254,0.6492508809457169,0.40931826357116974,3.5301664406120867,0.22637493287153676
2850,0.25397366285324097,0.9071044921875,0.25557994842529297,0.16086054743846553,0.07470223677730425,0.032131324973490784,0.9650579596297342,0.6329230487711095,0.6540121661612617,0.40906063127862835,3.5309095627484663,0.22813833016847127
2875,0.25171875953674316,0.90789794921875,0.25287044048309326,0.15879393615353368,0.07549899312425898,0.032095944047563434,0.9703934302983831,0.6327065709861321,0.6586973218408001,0.40880521582762186,3.5316468361861033,0.22988200266666575
2900,0.24951428174972534,0.90863037109375,0.2502007782459259,0.1567622719534527,0.07628864500730746,0.03206084541548202,0.9756569979580615,0.632491507102538,0.6633073349744862,0.4085514055513575,3.532378341473662,0.23160611954469076
2925,0.24735869467258453,0.9094085693359375,0.2475653886795044,0.15476645845798984,0.07707125665598567,0.03202601047741952,0.9808501047457504,0.6322776687646243,0.6678435546953402,0.4082992930335566,3.533104009791269,0.23331112978230922
2950,0.2452509105205536,0.910186767578125,0.24495649337768555,0.15280480009249828,0.07784678604605696,0.03199148734918404,0.9859734968638767,0.6320655401758912,0.6723068988709439,0.4080493441045344,3.5338238509425137,0.23499717757031624
2975,0.24318960309028625,0.911041259765625,0.24239581823349,0.15087777269988706,0.07861528382859655,0.03195722463492554,0.9910285011819693,0.631854639884508,0.6766986735970709,0.407800763580375,3.534537968438685,0.23666455849179666
3000,0.24117356538772583,0.9117584228515625,0.23986394703388214,0.14898375316727008,0.07937676842049979,0.03192326757908158,0.9960161542701911,0.6316454096511562,0.681020114631516,0.4075543229457359,3.5352462906903797,0.23831352157615562
3025,0.23920169472694397,0.91253662109375,0.2373778074979782,0.147122790913253,0.08013124505163492,0.031889562467036864,1.0009374200942147,0.6314373405189717,0.6852722730008228,0.4073093095145808,3.535948901361841,0.2399442719202801
3050,0.2372727394104004,0.9132537841796875,0.23492056131362915,0.14529453371812945,0.08087877579774566,0.031856118749918096,1.0057935531417397,0.6312305272951916,0.6894564078662068,0.4070660511736113,3.536645769638271,0.24155713183569058
3075,0.23538558185100555,0.9139404296875,0.2324998378753662,0.14349863602909063,0.0816193813085692,0.031822954496838314,1.0105855368838828,0.6310251637414306,0.6935736734734077,0.4068240227709077,3.537336939079964,0.2431524018931982
3100,0.23353923857212067,0.9143218994140625,0.23010049760341644,0.14173426486201254,0.08235307046876382,0.031790071272051995,1.0153142664826795,0.6308212887836289,0.6976250914732494,0.40658362006180626,3.5380225007351833,0.24473029623251022
3125,0.23173266649246216,0.9148406982421875,0.22773633897304535,0.14000223163882627,0.08307987730811935,0.03175747638225037,1.019980721217842,0.6306189713988415,0.7016117338112633,0.40634519829206084,3.5387023945442206,0.24629103098100608
3150,0.22996491193771362,0.9154510498046875,0.22539834678173065,0.13830004750577982,0.0837998144951351,0.031725160131284694,1.0245857607587021,0.6304181363144333,0.7055346253280538,0.40610874873706454,3.539376698028242,0.24783476801124094
3175,0.22823494672775269,0.9160308837890625,0.22310473024845123,0.1366287117314875,0.08451292696147261,0.0316931277224222,1.0291304272956703,0.6302188627342289,0.7093949053213947,0.40587433142013774,3.5400455262486545,0.24936176526312834
3200,0.22654178738594055,0.9165496826171875,0.2208261638879776,0.13498603123167244,0.08521926683488164,0.03166136223574001,1.0336157188667106,0.6300209725905629,0.7131936528044622,0.40564162501175316,3.5407087851174306,0.25087228416701607
3225,0.2248845398426056,0.9171600341796875,0.2185981422662735,0.1333736313186752,0.08591886185978981,0.031629876730469235,1.0380425080654565,0.6298246156286919,0.7169318535835993,0.4054109744152522,3.5413665481601257,0.252366583758027
3250,0.22326217591762543,0.9179840087890625,0.2163928747177124,0.13179071071729784,0.08661178390443106,0.03159859733727343,1.0424119074827076,0.6296290743411536,0.7206106500779768,0.40518138415481325,3.542018880609804,0.25384497320455807
3275,0.22167381644248962,0.91851806640625,0.2142370194196701,0.13023574277924926,0.08729809136622739,0.03156751265510891,1.04672491969603,0.6294342501028549,0.7242311083455597,0.4049527696525759,3.5426658372828097,0.25530761180979994
3300,0.22011840343475342,0.919036865234375,0.21209494769573212,0.12870844234035972,0.08797789174169797,0.03153657546322418,1.0509828117259723,0.6292396836545474,0.727794376103387,0.4047247523062057,3.5433074564777294,0.2567548310363694
3325,0.21859535574913025,0.9195556640625,0.20998308062553406,0.12720706056580977,0.08865114128067399,0.03150592507175279,1.0551859245446986,0.6290467773786599,0.7313011436898963,0.404498584095924,3.543943780993203,0.2581867086304999
3350,0.21710380911827087,0.9200286865234375,0.20789937674999237,0.1257320851514536,0.08931792014013146,0.03147552979782487,1.0593353340631264,0.6288552371220659,0.734752620249166,0.4042741922025238,3.5445748985063292,0.25960350117069764
3375,0.21564286947250366,0.920562744140625,0.20585468411445618,0.1242827153704684,0.08997828924124218,0.03144534765909393,1.0634319400516985,0.6286646414870716,0.7381498164418644,0.40405098539000217,3.545200764844184,0.26100543488516575
3400,0.21421179175376892,0.9212188720703125,0.20383773744106293,0.12285947520285818,0.09063232906159148,0.031415399698026876,1.0674767613239675,0.6284752130118918,0.741493667337735,0.4038293219462805,3.5458214184226304,0.26239280326209674
3425,0.21280990540981293,0.9217376708984375,0.20183426141738892,0.12145963939449343,0.0912800237532506,0.031385731153241274,1.0714702559728544,0.6282874321592048,0.744785068000546,0.4036097248856729,3.546436983677217,0.2637657019129715
3450,0.21143649518489838,0.92218017578125,0.19986191391944885,0.1200855650728394,0.09192142838190691,0.03135632445100754,1.075413248791141,0.6281011306465365,0.7480248541830883,0.4033916907048578,3.547047467969146,0.26512432094126764
3475,0.2100907862186432,0.922637939453125,0.19792954623699188,0.11873594723894258,0.09255662260868479,0.031327163602645994,1.079306689533558,0.6279161553869471,0.7512140854306373,0.4031752581964587,3.547652877570455,0.26646896599769254
3500,0.20877210795879364,0.9230194091796875,0.19600921869277954,0.11741086492597744,0.09318564431567808,0.03129822005978451,1.0831512981886922,0.6277322456182749,0.754353608164829,0.4029605595907335,3.5482533245953713,0.26779979385897007
3525,0.20747976005077362,0.9235687255859375,0.19413067400455475,0.11610900660209102,0.0938085537576549,0.03126946865718906,1.0869478952855414,0.6275491656168345,0.7574442941561582,0.4027469831216006,3.5488488752514415,0.26911699833966934
3550,0.2062130570411682,0.92401123046875,0.1922621726989746,0.11482847383764137,0.0944254395597738,0.031240955167017775,1.0906974256004962,0.6273673778166963,0.7604871212171762,0.40253488354745026,3.549439519770982,0.2704208182069969
3575,0.2049715220928192,0.9243621826171875,0.19042447209358215,0.11357005026213317,0.09503630549011717,0.031212671965575322,1.0944003424011057,0.6271868179151506,0.763482772606088,0.4023242456331806,3.5500252971487285,0.27171131241750573
3600,0.20375430583953857,0.9246978759765625,0.1886339634656906,0.11233402973336923,0.09564127406706881,0.03118456857915476,1.098057801461504,0.6270070088792921,0.7664322990286248,0.4021145348249755,3.5506063499151437,0.272988812952644
3625,0.20256081223487854,0.925201416015625,0.18685926496982574,0.1111192812002543,0.09624041860841374,0.03115669528927546,1.10167059750372,0.6268284512007993,0.7693365791774537,0.40190655544993925,3.551182624095488,0.2742535716221236
3650,0.20139046013355255,0.925537109375,0.18511025607585907,0.10992547861428857,0.0968337908461512,0.031129074817970566,1.10523942048914,0.6266513882837771,0.7721964154499494,0.40170056834046297,3.551754173906005,0.2755057473107315
3675,0.20024269819259644,0.9260711669921875,0.18338696658611298,0.10875198821984751,0.09742143508461966,0.031101690399100608,1.108764919480911,0.6264756743706421,0.7750125557420777,0.4014962797998662,3.5523210991605523,0.2767454702637532
3700,0.19911690056324005,0.92645263671875,0.18169446289539337,0.10759841508326555,0.09800344210603454,0.031074503491080666,1.1122479988380087,0.6263009456594261,0.7777859175782489,0.4012932612223739,3.5528835102693,0.27797298864647735
3725,0.19801263511180878,0.92681884765625,0.18001890182495117,0.10646380774492496,0.09857983869256395,0.031047537424104064,1.1156891340323565,0.626127431782514,0.7805171685447313,0.40109194490931377,3.553441350480567,0.27918844805847326
3750,0.1969292163848877,0.9271697998046875,0.17837323248386383,0.10534993787290793,0.09915073596845538,0.03102076051066296,1.119089306201375,0.6259548302354,0.7832072123220917,0.40089181426107157,3.5539946902689707,0.28039209975754037
3775,0.19586627185344696,0.9275054931640625,0.17674049735069275,0.10425476995996787,0.09971613795516818,0.030994250277552204,1.1224488647098478,0.6257839322869699,0.7858566244800438,0.4006934786580839,3.5545435548634576,0.28158401471112976
3800,0.19482332468032837,0.92791748046875,0.17513076961040497,0.10317769301908605,0.1002761105122959,0.030967950802126238,1.1257684946679511,0.6256141810987181,0.7884661571732932,0.40049670657889447,3.555087958619394,0.28276440033784256
3825,0.19379986822605133,0.9282073974609375,0.17354947328567505,0.10211897990210661,0.10083070973318861,0.03094189324683574,1.1290488550984794,0.6254459207632037,0.79103648407346,0.40030169584802894,3.5556280416605266,0.28393337054625606
3850,0.19279539585113525,0.928680419921875,0.171993687748909,0.1010787226257811,0.10138003932667089,0.03091597977331559,1.1322908134483571,0.6252781652527757,0.7935684276289471,0.40010747498981386,3.556163794865291,0.28509118212789947
3875,0.19180944561958313,0.929046630859375,0.17044764757156372,0.10005336665866638,0.10192411463547242,0.03089022015045601,1.1354947704116172,0.6251110361454547,0.7960626171950589,0.3999140115108883,3.5566953290424173,0.28623795470586183
3900,0.1908416599035263,0.9293212890625,0.16893109679222107,0.09904691814798879,0.10246299341641948,0.030864659129340832,1.1386613230309341,0.6249449916469424,0.798519706942986,0.3997217232534208,3.5572226542154466,0.28737383929759963
3925,0.18989157676696777,0.9296722412109375,0.1674274504184723,0.09805548386921394,0.10299672618325466,0.030839276561430512,1.1417910109142888,0.6247798292843845,0.8009403811344015,0.39953068756276466,3.557745756127081,0.28849889680722635
3950,0.18895885348320007,0.9299774169921875,0.16594059765338898,0.0970801562551607,0.10352533538902861,0.03081412238096894,1.1448842517609643,0.6246160793989338,0.8033252143576103,0.3993414036930868,3.558264751449257,0.28961330933029317
3975,0.18804305791854858,0.9302978515625,0.16447880864143372,0.09612173022783824,0.10404890167375432,0.03078915624893201,1.1479417393721543,0.6244533371735526,0.8056748522684871,0.39915347268889956,3.5587796384608197,0.29071723670493027
4000,0.1871437132358551,0.93060302734375,0.16305015981197357,0.09517900025067802,0.10456748775505204,0.030764355074213604,1.1509640784329351,0.6242913823874725,0.8079899889010937,0.39896649109371674,3.559290475410333,0.2918108541050217
4025,0.18626049160957336,0.9310302734375,0.16162234544754028,0.09425074529569634,0.10508115638314758,0.030739719665103596,1.1539518782056037,0.6241302438395983,0.8102712101074963,0.3987806155197752,3.559797360157735,0.2928943360752014
4050,0.1853930652141571,0.9311981201171875,0.16021305322647095,0.09333785836802175,0.10558992956082824,0.030715312492533692,1.156905485021896,0.6239705595536064,0.8125190108426502,0.39859690759765687,3.560300293136914,0.293967716089246
4075,0.18454104661941528,0.93145751953125,0.15882360935211182,0.09244015298975135,0.10609387199744612,0.030691129079292452,1.159825470673756,0.6238122875006056,0.8147340262757489,0.39841519461990327,3.560799268993011,0.29503116721871614
4100,0.18370407819747925,0.9317169189453125,0.15746846795082092,0.09155729476935301,0.10659304136586913,0.030667166716988305,1.1627124224880683,0.6236554367135161,0.816916853536941,0.39823527362408173,3.5612944719777966,0.29608485749234453
4125,0.182881698012352,0.931915283203125,0.15613362193107605,0.09068827321176019,0.10708754172565363,0.03064337033422026,1.165567076621857,0.6234994315998726,0.8190681638288448,0.39805672171896467,3.5617857905927615,0.29712899774065654
4150,0.18207362294197083,0.93218994140625,0.15480449795722961,0.08983259566233989,0.10757740851427323,0.03061974015087024,1.1683898660830643,0.6233443004296877,0.8211884614902905,0.3978792669435657,3.5622733547001815,0.2981636724232346
4175,0.18127959966659546,0.9324798583984375,0.15349218249320984,0.08899073423324717,0.1080626915947016,0.03059629410044169,1.1711812479096928,0.6231902259284682,0.8232782335695528,0.3977028852854456,3.5627571461358194,0.29918899418720496
4200,0.18049922585487366,0.9328155517578125,0.15220336616039276,0.08816243520674183,0.10854346795318717,0.030572967491326323,1.1739418773704249,0.6230365800511107,0.8253380547616536,0.39752698079020005,3.563237322663528,0.30020514905713414
4225,0.17973226308822632,0.93304443359375,0.1509299874305725,0.08734720048210579,0.10901974770957029,0.030549769709118057,1.176671941328903,0.6228834352439929,0.8273684056811563,0.39735186039098813,3.563713737230924,0.30121221670467613
4250,0.17897842824459076,0.933319091796875,0.14966905117034912,0.08654380052894595,0.10949158134295617,0.030526739023242704,1.179371975531945,0.6227312306803838,0.8293697430686863,0.3971779575474713,3.5641866542725613,0.3022102893749212
4275,0.17823734879493713,0.9335784912109375,0.1484396755695343,0.08575394326695664,0.10995905468168744,0.03050386092632368,1.1820425730923512,0.6225798004841229,0.8313426912800045,0.39700521228684094,3.5646559536011035,0.3031995408878482
4300,0.17750871181488037,0.93402099609375,0.14722441136837006,0.08497644414523527,0.11042224440507989,0.030481115148821052,1.1846843498385684,0.622428961328138,0.8332877991890462,0.3968331408740797,3.5651217536840827,0.30418014695809203
4325,0.17679229378700256,0.9342498779296875,0.14601096510887146,0.08421054208860154,0.11088117261224818,0.030458515119788792,1.1872975745894316,0.6222788482129294,0.8352054709788488,0.39666204504584623,3.5655840271705586,0.3051521919583627
4350,0.1760878562927246,0.93438720703125,0.14481332898139954,0.08345668693228976,0.11133586143828425,0.030436083662156607,1.1898825597443288,0.622129717296946,0.8370961059667431,0.39649212433095304,3.5660428893345326,0.3061157214293009
4375,0.1753951609134674,0.9347076416015625,0.1436343789100647,0.08271390107394289,0.11178636331827727,0.03041380550227451,1.1924397067979526,0.621981399717389,0.8389601849235162,0.39632327462500033,3.566498249662056,0.3070708731370454
4400,0.17471390962600708,0.9349212646484375,0.1424696296453476,0.08198317598208063,0.11223273415581997,0.03039168651345811,1.194969505549225,0.6218339817842226,0.8407981478258276,0.39615601158717173,3.5669502421220574,0.3080177597883524
4425,0.17404389381408691,0.9351043701171875,0.141316756606102,0.08126273841956441,0.11267501108605113,0.03036967844976926,1.1974723160748184,0.6216869828452112,0.8426104702649856,0.39598951475754096,3.567398925503496,0.3089564825964267
4450,0.1733848750591278,0.9353790283203125,0.14018234610557556,0.08055349153873884,0.11311321537224373,0.030347853344778138,1.1999483802471949,0.6215411374530535,0.8443975492685468,0.39582450996458746,3.5678442696076003,0.3098871098254903
4475,0.17273661494255066,0.935577392578125,0.1390550434589386,0.07985485761608058,0.11354742089490161,0.030326192931464737,1.2023982636303092,0.621396281600861,0.8461598118239227,0.39566069527705305,3.5682863887674863,0.31080978047742547
4500,0.17209896445274353,0.9358062744140625,0.13794122636318207,0.07916655480759101,0.11397764362999396,0.030304739576021155,1.2048221763885183,0.6212528495574166,0.847897595039451,0.395498776229448,3.568725266267898,0.31172456149477423
4525,0.17147159576416016,0.9361572265625,0.1368473917245865,0.07848866205110205,0.11440394241702793,0.030283434572720282,1.207220558467727,0.6211102434032842,0.8496113870585091,0.3953379843923228,3.5691609054504503,0.312631564484488
4550,0.17085430026054382,0.936309814453125,0.13576476275920868,0.07782009955891525,0.11482639359072232,0.030262276204968262,1.2095939758757988,0.6209684685190656,0.8513016315036164,0.3951783189686997,3.569593423270249,0.31353092885725736
4575,0.1702469140291214,0.93658447265625,0.13468898832798004,0.07716137815291836,0.115244993967255,0.030241305845440162,1.2119425256282554,0.6208279488998739,0.8529686207832248,0.3950204242903359,3.570022800960023,0.31442265576401524
4600,0.16964921355247498,0.9367828369140625,0.133645161986351,0.0765128585147851,0.11565980921251608,0.030220486671654147,1.214266663270151,0.6206883059510598,0.8546127743522293,0.39486341019622573,3.570449017705862,0.31530692590739484
4625,0.16906091570854187,0.936981201171875,0.13261228799819946,0.07587471560049039,0.11607092360309886,0.030199749139266614,1.2165669783877326,0.6205488451157376,0.85623458929455,0.39470673628893077,3.570872173182971,0.31618392240814186
4650,0.16848182678222656,0.9372406005859375,0.13158681988716125,0.07524427721216234,0.11647838206673096,0.03017912257241578,1.2188438223985643,0.6204098727199041,0.8578343921244375,0.3945509820437162,3.5712922863929633,0.3170536807690556
4675,0.1679118424654007,0.9372711181640625,0.13056887686252594,0.07462320367946398,0.11688218131530044,0.030158702867030016,1.2210972864067065,0.6202723776963321,0.859412473249284,0.39439721370903935,3.5717093618029017,0.3179162499670862
4700,0.16735072433948517,0.9375152587890625,0.12957008183002472,0.07401162648355387,0.11728237221855764,0.030138436923795153,1.223327770456497,0.620135832222889,0.8609692103519557,0.39424458091145065,3.5721234865468556,0.31877174010724596
4725,0.16679830849170685,0.937713623046875,0.1285841017961502,0.07340935340070348,0.11767901289157724,0.030118287077468966,1.2255356771746773,0.6199998502344741,0.862504945622778,0.3940926518937744,3.5725346551348887,0.31962023073230406
4750,0.1662544161081314,0.9378814697265625,0.12759628891944885,0.07281489752661989,0.11807212815570804,0.03009825942191535,1.2277212690450163,0.6198645140800013,0.8640200403197908,0.3939416009537741,3.5729429688186274,0.32046182525224687
4775,0.1657189130783081,0.938079833984375,0.12662513554096222,0.07222948495876794,0.11846174737132958,0.030078367566124684,1.2298847840381686,0.619729960551891,0.8655147423418121,0.3937917184313782,3.573348395913146,0.32129657150975754
4800,0.16519159078598022,0.9382476806640625,0.12567809224128723,0.07165304697269417,0.11884791774165855,0.030058653862663525,1.2320265605312049,0.619596628277246,0.8669894351564861,0.393643464355411,3.5737509355673818,0.32212456955433505
4825,0.16467222571372986,0.938385009765625,0.12474147975444794,0.07108449750437477,0.1192307139467529,0.030039073079922707,1.2341471128892911,0.6194640720821252,0.868444551278093,0.39349644783871757,3.574150693815745,0.32294598895018967
4850,0.16416069865226746,0.93853759765625,0.1238127052783966,0.07052308429606442,0.11961017996344342,0.030019591221113553,1.2362467659496477,0.6193319481973897,0.8698803620401439,0.3933501766481081,3.5745476980117448,0.3237609050422114
4875,0.16365686058998108,0.938812255859375,0.12289204448461533,0.06996934964562197,0.11998631998884143,0.030000250249478926,1.2383256147409922,0.6192006852584087,0.8712971471214674,0.3932050064256362,3.5749419127386766,0.32456933701659135
4900,0.16316062211990356,0.939056396484375,0.12197290360927582,0.06942380877713561,0.12035915289571639,0.029981077939546835,1.2403838727981626,0.6190705883946162,0.8726951981647004,0.39306143701521196,3.575333431010464,0.3253713369842382
4925,0.1626717746257782,0.9391632080078125,0.1210765540599823,0.06888560004963548,0.1207287320607938,0.029962025145710575,1.2424218775970874,0.6189411428938454,0.8740747703359661,0.39291886529647857,3.575722196748793,0.3261669762355013
4950,0.16219019889831543,0.939239501953125,0.12018122524023056,0.06835424789334713,0.12109509977785418,0.029943094328380927,1.2444399658836027,0.6188123959103969,0.8754362178964259,0.3927771757575187,3.576108324243188,0.32695637312499065
4975,0.1617157757282257,0.9394378662109375,0.11930309981107712,0.06783016134136391,0.12145826888203287,0.029924307551424913,1.2464382655670168,0.6186845697767164,0.8767797490788665,0.3926366200886059,3.576491768925053,0.3277395639382396
5000,0.1612483263015747,0.9396209716796875,0.11843015253543854,0.06731306390861648,0.12181829116660485,0.02990560945506651,1.2484171370052048,0.6185571036384756,0.8781057261490913,0.392496395805488,3.576872585301903,0.3285166655065149
5025,0.16078773140907288,0.939727783203125,0.117574043571949,0.0668030049877209,0.12217521008400092,0.029887021594679205,1.2503768999169942,0.6184302337324488,0.8794143946546047,0.39235702877456735,3.5772508411620496,0.3292877250817134
5050,0.16033384203910828,0.9398956298828125,0.11672641336917877,0.066300338615072,0.12252906070249728,0.029868552906697335,1.2523178087737405,0.6183040560971853,0.8807060298655357,0.3922185426638373,3.5776265468011115,0.330052815457341
5075,0.15988653898239136,0.94012451171875,0.11588810384273529,0.06580467456317897,0.12287989634186103,0.029850214459262725,1.2542402042790153,0.6181786866171097,0.8819809182325842,0.3920807848766431,3.577999698804336,0.33081205476230197
5100,0.15944568812847137,0.9402618408203125,0.11505232006311417,0.06531463268677856,0.12322772053962985,0.029832022544469608,1.2561441873291588,0.6180543035865864,0.8832392857442241,0.3919442713258042,3.5783703407539016,0.3315654422313051
5125,0.15901124477386475,0.9403076171875,0.11422102153301239,0.06483125167504235,0.1235725390003747,0.029813963645006106,1.2580298901512967,0.6179307871473935,0.8844813724393399,0.3918088265944026,3.578738577114696,0.3323130203028515
5150,0.15858304500579834,0.940582275390625,0.11340703815221786,0.06435597215705902,0.12391440021231678,0.029796045870996244,1.25989758188419,0.6178082023799446,0.8857074172223495,0.39167451281410903,3.5791042863146774,0.33305486051078265
5175,0.1581609547138214,0.9406890869140625,0.11259983479976654,0.06388602284413851,0.1242533582240083,0.029778265055051815,1.2617476253350064,0.617686520453799,0.8869176848144128,0.39154149066152477,3.5794675396195297,0.33379107431719135
5200,0.1577448844909668,0.940765380859375,0.11180194467306137,0.06342318198929009,0.12458943083845204,0.029760601278375515,1.2635801909772877,0.6175655459402283,0.8881123814506018,0.3914093762967555,3.579828390488156,0.33452171301577843
5225,0.15733467042446136,0.940826416015625,0.1110166534781456,0.06296527874898247,0.12492266336676063,0.029743041868322023,1.2653955842072102,0.6174451567695837,0.8892918137614225,0.3912780296700723,3.580186883662027,0.33524686266376286
5250,0.15693028271198273,0.940948486328125,0.11023382097482681,0.06251261211719533,0.12525306885195012,0.02972561137043933,1.2671939323517205,0.6173256108488676,0.8904561652828786,0.39114755474849006,3.580543027563263,0.3359665287114158
5275,0.15653157234191895,0.94122314453125,0.1094571053981781,0.06206594654394536,0.12558065436360438,0.02970832814393834,1.268975332692812,0.6172071028689032,0.8916056621858233,0.3910182729098302,3.580896834430387,0.33668076037938643
5300,0.15613844990730286,0.9413299560546875,0.10870181024074554,0.061625744596474304,0.12590550876239864,0.029691111667210442,1.2707402686899185,0.6170887878535394,0.8927405847544101,0.3908892422927722,3.5812482445480183,0.33738967668459163
5325,0.15575075149536133,0.94146728515625,0.10795962065458298,0.06119267306556316,0.1262276514477401,0.029673978569625885,1.2724889487717577,0.6169708674070621,0.893861167003694,0.3907606921084482,3.5815974182670947,0.3380933670695903
5350,0.155368372797966,0.941619873046875,0.10721302032470703,0.06076416049769193,0.12654713152512587,0.02965696457052214,1.2742216648094122,0.6168537103690204,0.8949676213090509,0.3906330929927535,3.5819443328665224,0.33879192235487066
5375,0.1549912691116333,0.941741943359375,0.10647112131118774,0.0603409733148063,0.12686393954201536,0.029640057665831356,1.275938414579636,0.6167371907854586,0.8960601434889515,0.3905063613473754,3.5822889722694153,0.33948531490728834
5400,0.15461933612823486,0.9418792724609375,0.1057400032877922,0.059923135043072194,0.1271781168448878,0.029623252707110102,1.2776394846310988,0.616621270358649,0.897138922732801,0.39038051434711374,3.582631416270102,0.3401736344710407
5425,0.1542525291442871,0.9421234130859375,0.10501538217067719,0.05951170490260797,0.12748966885562424,0.029606558356900403,1.2793249534644058,0.6165060418363465,0.8982041319033391,0.3902555102636865,3.5829716711725434,0.340856909618845
5450,0.1538907140493393,0.9422760009765625,0.10429909080266953,0.05910490964180219,0.12779864756978868,0.029589959135789896,1.2809951362354874,0.6163913486072388,0.8992559877512176,0.39013133001117106,3.583309754710099,0.3415352080132354
5475,0.15353377163410187,0.94244384765625,0.1035999208688736,0.05870303857515292,0.12810512157380405,0.02957344059939996,1.2826503834203011,0.6162770225411124,0.9002947520702185,0.3900077140329774,3.5836455563892464,0.3422086428333561
5500,0.15318164229393005,0.9425811767578125,0.10289411246776581,0.05830552584123927,0.1284090835176115,0.02955701807718355,1.2842907803471837,0.6161632617604452,0.9013205872318201,0.3898847821838186,3.583979292143887,0.3428772361070139
5525,0.15283426642417908,0.9426727294921875,0.10219620913267136,0.057913129918950465,0.12871050396849004,0.029540730095892358,1.285916209916218,0.6160504623907169,0.9023336430002219,0.389762907243751,3.584310921510182,0.3435409599262871
5550,0.15249159932136536,0.942840576171875,0.10150954872369766,0.05752601317089026,0.1290094255226898,0.02952456608844061,1.2875269220746315,0.6159385127396471,0.9033341134721944,0.38964192615822224,3.5846404254904742,0.3441998641874987
5575,0.15215347707271576,0.94293212890625,0.1008300855755806,0.05714342051582741,0.12930592632693214,0.029508468435186695,1.289123362305228,0.6158268194742624,0.9043222138316623,0.38952134460668025,3.584967840444108,0.34485408328570766
5600,0.1518198698759079,0.9430389404296875,0.10015466809272766,0.0567662215917804,0.12960001389044376,0.029492447094790403,1.290705602657575,0.6157154844927243,0.9052980807627029,0.3894012734194987,3.5852931485807966,0.34550363016975416
5625,0.15149065852165222,0.94317626953125,0.09949687868356705,0.05639391593738931,0.12989172164281862,0.029476543672945818,1.2922739040960616,0.6156049692495648,0.9062619183396423,0.3892821867577916,3.585616500667674,0.3461485839031448
5650,0.15116576850414276,0.943328857421875,0.09884236752986908,0.05602553632892428,0.13018109328395966,0.029460726534908454,1.2938284973993082,0.6154949325627375,0.9072139458360466,0.3891637399984169,3.5859378251755305,0.34678904394415083
5675,0.15084514021873474,0.9434356689453125,0.09819407016038895,0.05566133663363577,0.13046812177962763,0.029445001247879726,1.2953693976396905,0.6153854394483086,0.9081543179170282,0.3890458729627129,3.5862571549712996,0.3474250005303199
5700,0.1505286693572998,0.943450927734375,0.09753953665494919,0.055301948821585824,0.13075283489963638,0.029429349473089176,1.2968967700033895,0.6152762945870255,0.9090831774863788,0.38892832355979623,3.586574461677539,0.34805648753520124
5725,0.15021640062332153,0.943511962890625,0.09689678251743317,0.05494680617745554,0.13103522782029778,0.029413809909531213,1.298410649301627,0.6151679141100914,0.9100006405850148,0.38881165497852077,3.586889805954165,0.3486835181522381
5750,0.149908185005188,0.943634033203125,0.09625474363565445,0.05459537298639872,0.13131531328129495,0.029398420739234394,1.2999111662433234,0.6150607136903082,0.9109068654025538,0.3886962788191496,3.5872032741110913,0.3493061255687802
5775,0.14960399270057678,0.9437255859375,0.09562847763299942,0.054249327839254624,0.1315931641456159,0.029383131373575337,1.3013986655853516,0.6149541415555734,0.9118020745398607,0.38858162115192213,3.5875147246910535,0.3499244139063955
5800,0.14930368959903717,0.943878173828125,0.09500773251056671,0.053907072437836004,0.13186878452933165,0.029367952634480568,1.3028732794358548,0.6148483489691344,0.9126864184422722,0.38846780270413966,3.587824371649801,0.35053840409697534
5825,0.14900726079940796,0.9438934326171875,0.09439431875944138,0.053568614513493706,0.1321422117147638,0.02935285001134065,1.3043351847503244,0.6147429566961718,0.9135600435839012,0.38835442953112,3.5881321026419406,0.3511481497765906
5850,0.1487146019935608,0.943939208984375,0.09378454089164734,0.05323480463152925,0.1324134491766295,0.029337832639288665,1.3057844530605942,0.6146380716822235,0.9144230909780792,0.3882415251087482,3.5884379773463984,0.3517536726103453
5875,0.14842569828033447,0.9440155029296875,0.09317856281995773,0.0529044888183405,0.13268252441875084,0.029322894748766325,1.3072212513000319,0.6145336342061707,0.9152756948318584,0.3881292645205282,3.5887419935435947,0.3523550245822594
5900,0.14814043045043945,0.9440765380859375,0.09258292615413666,0.05257888920769007,0.13294946430976876,0.029308052175033093,1.3086457659599393,0.614429822021073,0.9161180124917843,0.38801791146837616,3.5890442138121235,0.35295224154168886
5925,0.14785878360271454,0.9441375732421875,0.09199551492929459,0.052256246825823964,0.13321430356097283,0.029293294279865704,1.3100581808671812,0.6143265165425721,0.9169502083898188,0.3879072979052877,3.5893445900141163,0.353545399112334
5950,0.14758065342903137,0.944305419921875,0.0914078801870346,0.05193711777908125,0.13347706847381188,0.02927859623895117,1.311458673236615,0.6142234670052463,0.9177724478245313,0.3877971213114092,3.589643172007067,0.35413453919764754
5975,0.14730601012706757,0.9443359375,0.09083925932645798,0.05162255625248692,0.13373776366650195,0.029264010862251354,1.3128472720899396,0.6141212177145756,0.9185848336938339,0.38768804231600884,3.5899398975974193,0.3547196735786302
6000,0.14703477919101715,0.9443511962890625,0.09025750309228897,0.05131052224500665,0.1339964252465721,0.029249507584357657,1.3142242280573748,0.6140194702375402,0.9193875206077715,0.3875795908407025,3.590234889648382,0.3553008931734678
6025,0.14676694571971893,0.9443359375,0.08968942612409592,0.0510034350495443,0.13425304348921277,0.029235125651977018,1.3155894831183053,0.613918619841873,0.9201805945206645,0.3874722912323594,3.5905280437854086,0.35587814381062316
6050,0.14650242030620575,0.944366455078125,0.08912121504545212,0.05069958060246081,0.13450767481724693,0.029220850171716675,1.3169433869709593,0.6138185329723006,0.9209642401919307,0.38736584293394805,3.590819485339307,0.35645155143028023
6075,0.1462412178516388,0.9443817138671875,0.088554248213768,0.050398518044284905,0.13476027122242146,0.029206731533186602,1.3182857415614715,0.6137197450602295,0.9217385055932117,0.3872609270307493,3.591109242068451,0.35702104745876073
6100,0.1459832489490509,0.944488525390625,0.08799194544553757,0.05010111455428763,0.135010864101711,0.02919270579849067,1.319616708155827,0.6136215770474525,0.9225035624974011,0.38715673705583725,3.5913972621840946,0.3575867006717622
6125,0.1457284688949585,0.944549560546875,0.0874420702457428,0.04980790437831508,0.1352594904924661,0.029178750820928672,1.3209365364749561,0.6135238171017733,0.9232595094344946,0.3870531143970016,3.591683662080776,0.3581485384135464
6150,0.14547684788703918,0.94464111328125,0.08689109981060028,0.049516614215674645,0.13550618793307195,0.029164883053784646,1.3222453855233303,0.613426616153652,0.9240064665659216,0.38695027784297586,3.591968307212844,0.3587066240592992
6175,0.1452282965183258,0.9446868896484375,0.08634785562753677,0.04922906744214159,0.13575096845186077,0.029151101042425995,1.323543366584116,0.6133299730103206,0.9247445805415,0.38684809312556934,3.5922512740551027,0.3592609836985878
6200,0.14498279988765717,0.9448394775390625,0.08581116795539856,0.04894450945060926,0.13599384858339766,0.029137401831588507,1.324830613262729,0.6132338710102574,0.9254739657623341,0.3867466402097176,3.5925326411893286,0.35981166541350607
6225,0.1447402834892273,0.944915771484375,0.08527112007141113,0.04866361785224271,0.13623483139786596,0.02912381641037339,1.3261071480554405,0.6131386298897052,0.9261947220092382,0.3866463867491579,3.592812364974898,0.36035867490588175
6250,0.1445007622241974,0.944915771484375,0.08474303781986237,0.04838631144537602,0.13647393073762154,0.029110348812705366,1.3273730630689105,0.613044294103975,0.9269069493868356,0.38654736734290973,3.5930904494959863,0.36090202548777583
6275,0.1442641019821167,0.9449462890625,0.08422218263149261,0.04811223821823451,0.13671118461120826,0.02909700119587468,1.3286285702079998,0.6129508897103084,0.9276108272774994,0.38644963704781377,3.5933669066087086,0.3614418009805183
6300,0.14403030276298523,0.9449920654296875,0.083701953291893,0.04784078004615749,0.1369466289969186,0.029083758867622028,1.3298739041696286,0.6128582806939569,0.9283064489083301,0.3863530085012752,3.593641838705414,0.3619780496826673
6325,0.14379927515983582,0.9450836181640625,0.08319586515426636,0.04757206158061181,0.13718027428449753,0.029070615799891057,1.3311090967545034,0.6127663862089205,0.9289939418471823,0.3862571626973352,3.5939151374276417,0.36251080604569874
6350,0.14357098937034607,0.94512939453125,0.08269062638282776,0.04730725040374451,0.1374121595954532,0.02905754228944908,1.3323343715074574,0.6126749001258874,0.9296734571373537,0.38616175782658435,3.5941868374276535,0.36304013654823264
6375,0.1433454155921936,0.9452667236328125,0.08218666166067123,0.04704508406673369,0.13764228593804426,0.029044537868167773,1.3335497870482722,0.6125838336481402,0.9303450643909794,0.38606672524449814,3.594457028616373,0.36356605023710215
6400,0.14312250912189484,0.945343017578125,0.08169741183519363,0.04678600771839867,0.13787069070390087,0.02903162125989215,1.3347555335540824,0.6124933800295113,0.9310088893167943,0.3859723613313284,3.5947256813111212,0.3640886007696571
6425,0.142902210354805,0.9454803466796875,0.08119742572307587,0.0465294029793873,0.13809736933388125,0.029018803036546942,1.3359515931811796,0.6124036447784559,0.9316650257731875,0.38587883904908415,3.594992754311915,0.36460777547404666
6450,0.14268453419208527,0.945556640625,0.08071029186248779,0.046275633962408316,0.13832231115781332,0.029006104142409835,1.337137974955415,0.6123148689461223,0.9323135475607605,0.3857862822914031,3.5952583586792763,0.3651235679055238
6475,0.1424693763256073,0.9456634521484375,0.0802265927195549,0.04602526469090104,0.13854556554934802,0.028993473006549367,1.3383149365008085,0.6122265092375634,0.9329545982601888,0.3856941986250737,3.595522494099522,0.3656360692147185
6500,0.1422567367553711,0.94573974609375,0.07974405586719513,0.04577733454072446,0.13876713868916685,0.02898092377925079,1.339482535697009,0.6121387202143922,0.9335882383790536,0.3856028307263445,3.5957851861633787,0.3661452890524869
6525,0.14204661548137665,0.94580078125,0.0792594850063324,0.045531957600962285,0.1389870308079956,0.02896846603916222,1.340640736874015,0.6120515788271541,0.9342145353996443,0.3855121391936439,3.596046287250514,0.3666512080113918
6550,0.1418389230966568,0.9458770751953125,0.07878522574901581,0.04528947469414502,0.1392052700902793,0.028956127531208253,1.341789777899855,0.6119654176158882,0.9348336155290335,0.38542253946653166,3.5963060228610497,0.3671538978990505
6575,0.14163362979888916,0.9459228515625,0.07831542193889618,0.04504985290387939,0.13942187750003252,0.028943895945392067,1.3429297211130862,0.6118800820505796,0.9354455939048849,0.38533386622261556,3.596564242434153,0.3676534000888322
6600,0.14143073558807373,0.946014404296875,0.07784335315227509,0.04481256500803808,0.13963685538466392,0.0289317591947126,1.344060621177302,0.6117954574174328,0.9360505334583841,0.38524601912539164,3.5968210164201633,0.36814970255579926
6625,0.14123016595840454,0.94610595703125,0.07738971710205078,0.04457805614557504,0.1398502411682847,0.02891972181854782,1.345182693707009,0.6117116012303915,0.9366485479268182,0.3851591942269934,3.5970763949660554,0.36864289913128423
6650,0.141031876206398,0.9461669921875,0.07693357765674591,0.04434589562821126,0.14006207786991598,0.028907760264356947,1.3462961449113997,0.6116282576607401,0.9372397264123074,0.3850730636660213,3.597330332942262,0.3691330278186722
6675,0.14083585143089294,0.9462890625,0.07648252695798874,0.044116131960524864,0.140272345086119,0.028895887515388553,1.347400939109669,0.6115455860519402,0.937824166613622,0.3849876565800764,3.597582954819574,0.36962009656071354
6700,0.14064201712608337,0.94635009765625,0.07603885978460312,0.04388896691600155,0.14048106195097285,0.028884091693325894,1.3484971403178856,0.6114634417822131,0.938401950403414,0.38490300997115723,3.597834144178404,0.3701041405198005
6725,0.1404503881931305,0.9464263916015625,0.07559067010879517,0.0436635360537555,0.14068824638259145,0.028872346968010994,1.349584863696411,0.611381558450305,0.9389731364850666,0.38481868743620795,3.5980839379920475,0.3705851632553097
6750,0.14026093482971191,0.9465179443359375,0.07515646517276764,0.04344209221940849,0.14089392366990403,0.02886064761138375,1.3506642504045159,0.6112998781827766,0.9395378568956683,0.3847346635273631,3.598332349347009,0.3710632201746362
6775,0.14007356762886047,0.9465789794921875,0.07472061365842819,0.04322173687478084,0.14109813058515672,0.028849003379597844,1.3517355153932034,0.6112185157773379,0.9400961594311608,0.3846511943955563,3.598579442611257,0.37153835538523966
6800,0.13988831639289856,0.9466400146484375,0.07428387552499771,0.04300306269167431,0.1413008303221283,0.028837469342191682,1.352798471796868,0.6111380441280057,0.9406481192189475,0.3845686842138495,3.5988251516785414,0.37201052546100216
6825,0.1397051364183426,0.946685791015625,0.07385458052158356,0.04278759158734283,0.14150204782661202,0.02882600653706005,1.3538532724970884,0.6110580600191488,0.9411938072130532,0.38448671252971,3.599069527707045,0.3724797625175521
6850,0.13952399790287018,0.9466705322265625,0.07343121618032455,0.042574270382597396,0.14170180648729228,0.028814605447887543,1.3549000442380266,0.6109784637208088,0.9417333356358588,0.3844051404173926,3.5993125732965705,0.3729461342780508
6875,0.13934487104415894,0.9467620849609375,0.07300414144992828,0.042363445927066215,0.14190011303850653,0.028803267847685637,1.3559388481640955,0.6108992816043919,0.9422667764498492,0.3843240225880531,3.5995543293004792,0.37340965778692964
6900,0.13916772603988647,0.946746826171875,0.07258372008800507,0.042154296804642756,0.14209696133563002,0.028791974348261123,1.356969661880423,0.6108203057486671,0.9427941675997807,0.3842431863068548,3.599794778598465,0.373870314860467
6925,0.1389925479888916,0.9467926025390625,0.07216867059469223,0.041947838486005834,0.14229236940569887,0.028780754621237137,1.3579925838353515,0.6107418510701121,0.9433156101837675,0.384162860902559,3.600033918905447,0.3743281396049934
6950,0.13881927728652954,0.946868896484375,0.07175268977880478,0.04174361224063764,0.14248637097168504,0.028769585828661258,1.3590077993257503,0.6106636810812487,0.9438311784946753,0.3840828040261992,3.60027178068229,0.37478319155996004
6975,0.1386479139328003,0.9468536376953125,0.07134675234556198,0.04154160483771821,0.14267897114858138,0.028758481379335395,1.3600153492198663,0.6105859404212057,0.9443409629375044,0.3840032013425948,3.600508374333522,0.3752354632670845
7000,0.13847842812538147,0.9468994140625,0.07094189524650574,0.04134152435655242,0.14287020104694578,0.028747436797803606,1.3610153955746278,0.6105085828725426,0.9448450307926262,0.3839240487601395,3.6007437037996484,0.3756850137498081
7025,0.13831079006195068,0.94696044921875,0.07053983211517334,0.04114393148200599,0.14306006280091868,0.028736485894723367,1.3620079585281906,0.6104319672438449,0.9453434693510006,0.38384573680660794,3.600977763781651,0.3761318640027822
7050,0.13814496994018555,0.9470977783203125,0.07013649493455887,0.0409478002527684,0.14324855529032174,0.028725622243611217,1.3629930702689415,0.6103560376325161,0.9458363180276648,0.38376825325409325,3.6012106221499196,0.3765760046449555
7075,0.13798093795776367,0.947113037109375,0.06974056363105774,0.04075402536334787,0.14343570793976915,0.028714813116766758,1.3639708310850749,0.6102804240728764,0.9463236500526074,0.3836913407835865,3.601442143253378,0.3770174454649372
7100,0.13781870901584625,0.947113037109375,0.06934964656829834,0.04056282375708273,0.14362153294588056,0.02870408181897149,1.3649413655746134,0.6102053995747168,0.9468055375713902,0.3836151231899715,3.6016724731595953,0.3774562330979242
7125,0.13765819370746613,0.9471435546875,0.06895924359560013,0.04037269486249022,0.14380606238465649,0.02869339754963234,1.365904822332314,0.6101306307300821,0.9472820773716535,0.3835393135124666,3.6019015725582153,0.37789242037674015
7150,0.1374993920326233,0.9471282958984375,0.0685751661658287,0.040185677317830244,0.14398928941972342,0.028682784132648995,1.366861236240249,0.6100563966198354,0.9477533304297946,0.3834640773318744,3.602129590536864,0.3783260339632988
7175,0.13734227418899536,0.947174072265625,0.06819602102041245,0.040000041389499884,0.14417124157729774,0.02867222243813493,1.3678106822375071,0.6099824647731447,0.9482193862804313,0.38338928469619254,3.602356352108685,0.37875709676691394
7200,0.13718682527542114,0.9471893310546875,0.06781669706106186,0.03981591592446972,0.14435193360248214,0.02866170737367975,1.3687532859529585,0.6099088017383744,0.9486802850164516,0.38331498601971814,3.602581976711305,0.379185652295579
7225,0.13703301548957825,0.94732666015625,0.0674370676279068,0.03963367556550652,0.14453135360058383,0.02865125658713932,1.3696889854798342,0.6098355887770139,0.9491360639121948,0.38324126532864256,3.602806422926124,0.3796116743293675
7250,0.13688087463378906,0.9473114013671875,0.06704958528280258,0.039452837178018625,0.14470949155022525,0.028640901736758692,1.3706177956486056,0.609763186678885,0.9495867710513752,0.3831684114948054,3.603029827794547,0.38003514009954065
7275,0.1367303729057312,0.94744873046875,0.06667124480009079,0.03927402584385643,0.14488633049227337,0.028630661429199455,1.3715395848536645,0.6096917670190094,0.950032453984736,0.3830968165709175,3.603252029592324,0.3804559978910816
7300,0.1365814357995987,0.9475250244140625,0.06630571186542511,0.03909692978820397,0.14506192775966573,0.028620490655126975,1.3724546266710396,0.6096208479663774,0.9504732152842612,0.38302584389052124,3.603473007907599,0.3808743517891125
7325,0.13643407821655273,0.9476165771484375,0.06593305617570877,0.038920648064516734,0.1452362903876221,0.02861037404568801,1.3733629714241968,0.6095502697550196,0.9509091182644298,0.3829551708891394,3.603692782398043,0.38129026577382025
7350,0.13628828525543213,0.947662353515625,0.06556452065706253,0.038746732484349365,0.14540940152403736,0.028600374809805065,1.3742645841564407,0.609480722022718,0.951340209157151,0.3828856532152297,3.603911445502961,0.38170368971531565
7375,0.1361440271139145,0.947723388671875,0.0652061477303505,0.0385747844722312,0.1455812929776027,0.028590437970416462,1.3751596408207214,0.6094116269943801,0.9517665429786103,0.3828166746443815,3.604129039686551,0.3821146837082993
7400,0.13600125908851624,0.947784423828125,0.06484273821115494,0.038405105474327426,0.14575198215310123,0.028580558799014097,1.3760482134246157,0.6093429262388922,0.9521882155263015,0.38274803412566266,3.6043455142378398,0.38252328095757604
7425,0.13585999608039856,0.947845458984375,0.06449109315872192,0.038237399147602276,0.14592150607930315,0.02857074128383908,1.376930450386181,0.6092746472050538,0.9526052730556895,0.38267982774315795,3.604560776918725,0.38292951591278707
7450,0.13572019338607788,0.9478607177734375,0.0641312524676323,0.03807121934459772,0.14608983040878107,0.028560994854703634,1.3778062649349825,0.6092069204923635,0.9530177462845161,0.3826121925160283,3.604775002171762,0.3833333549977042
7475,0.1355818510055542,0.947906494140625,0.0637810230255127,0.03790648505607938,0.14625698158170236,0.02855132720431432,1.3786757719500005,0.6091398205718647,0.9534256876832199,0.3825453791940423,3.604988141520388,0.3837348161092468
7500,0.13544490933418274,0.9479217529296875,0.06344075500965118,0.03774340236355866,0.1464230050164595,0.028541724565004357,1.3795392046082737,0.6090732059401776,0.9538291775774861,0.38247928268748443,3.605200223014845,0.3841339758550047
7525,0.1353093534708023,0.947967529296875,0.06309575587511063,0.03758265755716292,0.14658788376748427,0.028532197897819734,1.3803964879142807,0.6090071926707092,0.9542282677294527,0.3824140054143874,3.6054112380308214,0.384530845704703
7550,0.1351751983165741,0.94805908203125,0.06274526566267014,0.03742229619636424,0.14675162094514238,0.02852275797229033,1.3812476305190118,0.6089418901299581,0.954622984456632,0.38234951438301445,3.6056211497287927,0.38492540084784765
7575,0.1350424587726593,0.9481048583984375,0.06239929795265198,0.037263830896468994,0.14691421334692203,0.028513395115668232,1.382092644881363,0.6088772043458788,0.9550133569667901,0.38228560900532976,3.605830009048738,0.3853176349219096
7600,0.13491106033325195,0.9481353759765625,0.06206151843070984,0.037106963603915556,0.14707568956912873,0.028504079147728064,1.3829317020696672,0.6088128262513075,0.9553994667482547,0.38222194232954754,3.606037890707956,0.38570761573511775
7625,0.13478097319602966,0.9481658935546875,0.06173357367515564,0.03695274666203933,0.14723605652126673,0.028494841895498668,1.383764801409295,0.6087490782316372,0.9557813786989351,0.3821591469353226,3.606244688163103,0.386095376761994
7650,0.13465221226215363,0.9482879638671875,0.061396025121212006,0.03679915460980328,0.14739533271647184,0.02848565087846979,1.3845920531082676,0.6086856207998355,0.956159149867661,0.3820967663985714,3.6064504423273824,0.3864809411738712
7675,0.13452473282814026,0.9483642578125,0.06107182428240776,0.03664784521219236,0.14755351917300258,0.028476515198912273,1.3854134680742267,0.6086225510784038,0.9565328073417705,0.38203470444853566,3.606655149963128,0.3868642980124657
7700,0.13439854979515076,0.948394775390625,0.06073460727930069,0.03649683628185067,0.14771061373624633,0.028467425634663004,1.3862290675730187,0.6085597815289139,0.9569024205032148,0.38197294695065387,3.606858873744534,0.3872454668147115
7725,0.13427366316318512,0.948394775390625,0.060406945645809174,0.036347747227731396,0.14786660366807208,0.028458417810180377,1.387038810473992,0.6084976983787179,0.9572680273777397,0.38191204964915393,3.607061643176086,0.38762442421021304
7750,0.13414999842643738,0.9484100341796875,0.06008962541818619,0.03620103718663773,0.1480215272803177,0.02844948700123136,1.3878428380664452,0.6084362317426804,0.9576296860488103,0.38185188638111,3.6072633397041405,0.3880012156891869
7775,0.13402758538722992,0.9484405517578125,0.05976938456296921,0.036054963117030145,0.14817541305758566,0.0284405914868888,1.388641314635751,0.6083749464704257,0.9579874192092959,0.38179183345222867,3.6074640254469106,0.38837587182909655
7800,0.13390636444091797,0.9484710693359375,0.05944943428039551,0.03591053241583114,0.14832828605806275,0.028431721151228734,1.389434370600813,0.6083137374434159,0.9583413021037847,0.3817317916041503,3.6076637169449515,0.38874845362120247
7825,0.13378635048866272,0.948455810546875,0.059138134121894836,0.0357683476269589,0.14848011621006496,0.028422903019375324,1.3902218889898623,0.6082529016585377,0.9586913540398239,0.38167222197790407,3.6078624591998545,0.38911892148705507
7850,0.13366751372814178,0.948455810546875,0.05882548168301582,0.035626793292739385,0.14863094546085612,0.02841412508809457,1.3910040736820162,0.6081923114942878,0.9590376520086832,0.381612867950519,3.608060254721789,0.38948733440888306
7875,0.13354985415935516,0.9485015869140625,0.05851073935627937,0.03548597461282667,0.14878075570671465,0.0284054144613267,1.3917808468416137,0.6081322576584332,0.9593802134545865,0.38155410319777994,3.60825710492473,0.3898536537118422
7900,0.13343332707881927,0.9486236572265625,0.05821402370929718,0.03534698118651016,0.14892958389303093,0.028396740507919065,1.3925523726416134,0.608072406197695,0.9597190861101483,0.3814956272059469,3.6084529711915416,0.3902179321778513
7925,0.1333179473876953,0.948638916015625,0.057905614376068115,0.03520868433583095,0.14907743057417172,0.028388091138033436,1.393318660076261,0.608012628114443,0.9600543224214761,0.3814373905468195,3.6086478544762004,0.3905802215388081
7950,0.1332036852836609,0.9486846923828125,0.05759434401988983,0.03507211615445572,0.14922425873913364,0.028379529503168143,1.3940795722010466,0.6079536131292367,0.9603859628518936,0.38138003996774805,3.608841832341782,0.3909404605746147
7975,0.1330905258655548,0.948760986328125,0.057293687015771866,0.03493575683329493,0.1493700872666837,0.028371073900795782,1.3948351689901777,0.6078955429312382,0.9607140337847693,0.3813238162282845,3.609034815886554,0.3912986579837629
8000,0.13297848403453827,0.9488372802734375,0.056999873369932175,0.034802632516915455,0.14951497403871275,0.02836266095034864,1.3955857791921853,0.6078377620566507,0.9610385827060629,0.38126776348689817,3.6092269412703466,0.3916549090502807
8025,0.13286751508712769,0.9488372802734375,0.05670207366347313,0.034669267776312705,0.1496589006747471,0.02835431735516633,1.3963313119097496,0.6077805523395237,0.9613596593981227,0.3812124365988267,3.6094181806153527,0.392009194857761
8050,0.13275763392448425,0.94891357421875,0.056396592408418655,0.034537998039291834,0.1498018641305736,0.02834602762619463,1.3970717314797656,0.6077237364388297,0.9616772911333098,0.38115755143361973,3.6096084637954964,0.3923614956357077
8075,0.1326487958431244,0.9489593505859375,0.056105323135852814,0.03440834454661852,0.14994388460312238,0.028337803280922377,1.3978071515597628,0.6076674443015392,0.9619915082895477,0.38110321300142225,3.6097978267546877,0.3927118333056716
8100,0.1325410157442093,0.9489898681640625,0.055815450847148895,0.03427968340910216,0.15008497166934906,0.028329618116714923,1.398537611642419,0.6076113908125336,0.9623023826952366,0.38104922791881873,3.60998624219603,0.3930602593552443
8125,0.13243424892425537,0.9490509033203125,0.0555284284055233,0.0341529300402228,0.1502251276679499,0.02832146502267177,1.399263168361673,0.6075555175581631,0.9626099356217247,0.3809955034645407,3.610173814396894,0.393406769653531
8150,0.13232848048210144,0.9491729736328125,0.05523904785513878,0.034026514541448956,0.150364395852728,0.028313336073972156,1.3999840182719088,0.6074997353828931,0.962914212716263,0.3809419619267549,3.610360517250788,0.3937514009409384
8175,0.13222375512123108,0.949249267578125,0.05495182424783707,0.033900402607261765,0.15050273969906106,0.028305268849951572,1.400699983722703,0.6074444422244549,0.9632152427129492,0.3808889770340088,3.6105463180373585,0.3940941259884657
8200,0.13211999833583832,0.9493255615234375,0.05467250198125839,0.033775913340653156,0.15064016574086977,0.028297245810731116,1.4014111093866586,0.6073894542393227,0.9635130543456404,0.38083637752258515,3.610731240278378,0.39443496943177647
8225,0.13201723992824554,0.94927978515625,0.054392244666814804,0.03365274177673907,0.1507767120608733,0.028289260981668948,1.4021175856002153,0.6073347111701759,0.9638077025708475,0.38078400913074273,3.6109153050591263,0.3947739618758968
8250,0.13191542029380798,0.949310302734375,0.05411456897854805,0.03353100134159728,0.15091236010218093,0.028281330796602555,1.402819314365305,0.6072803825711625,0.9640992383748577,0.3807322902542556,3.611098469703574,0.39511109424285584
8275,0.1318145990371704,0.9493408203125,0.053832050412893295,0.033410704774430866,0.15104713982581913,0.028273464507055163,1.4035164638234525,0.6072265785997875,0.9643876807098364,0.38068118905094145,3.6112807961672413,0.39544640873053344
8300,0.13171467185020447,0.94940185546875,0.05356312170624733,0.03329176966772756,0.1511810721485848,0.028265648741187564,1.4042091094716451,0.6071731446930126,0.9646730862401135,0.380630549734176,3.611462216729592,0.3957799482437984
8325,0.13161569833755493,0.9494171142578125,0.053292181342840195,0.03317399672088298,0.15131412483873732,0.02825790269084665,1.404897131041758,0.6071202981278713,0.964955487593072,0.38058052856419294,3.6116427953131933,0.39611167543720016
8350,0.13151761889457703,0.9494476318359375,0.05302334204316139,0.03305709671627352,0.15144633261728455,0.02825020151990226,1.4055806994300208,0.6070677747319525,0.9652349100795209,0.3805308462154875,3.611822545048766,0.39644163443647223
8375,0.13142047822475433,0.949462890625,0.052748505026102066,0.03293986607983233,0.1515776579742398,0.028242559410696245,1.4062596471230906,0.6070157281180978,0.9655113496414681,0.3804817613554733,3.612001471189929,0.3967697694490345
8400,0.13132421672344208,0.949462890625,0.0524761825799942,0.032824233614511915,0.15170810003248908,0.028235001841242426,1.406933973109269,0.6069644318700432,0.9657848607303297,0.38043336655381016,3.612179569766557,0.3970960794487965
8425,0.13122889399528503,0.949493408203125,0.05219780281186104,0.03270960232784519,0.151837680513749,0.028227520231631883,1.4076037658865146,0.6069137870780407,0.9660554597122638,0.38038566922680744,3.612356797796947,0.39742058613065057
8450,0.13113448023796082,0.9495849609375,0.0519268624484539,0.03259652017908147,0.1519663894332441,0.028220108747468504,1.4082690276367371,0.6068637504935956,0.966323173435618,0.3803386425790942,3.612533268311144,0.3977432873387953
8475,0.13104091584682465,0.9495697021484375,0.05166362226009369,0.03248469429390502,0.1520942637703981,0.028212756334797133,1.408929939130867,0.6068142058624469,0.9665880335936008,0.38029207332424064,3.6127089942332122,0.3980642430191077
8500,0.1309482455253601,0.949615478515625,0.05139521136879921,0.03237345134332011,0.15222132442921016,0.028205462654808913,1.4095865178519433,0.6067651139690083,0.9668500946959263,0.38024603143197855,3.612883761471216,0.3983834597425484
8525,0.13085642457008362,0.9496612548828125,0.051135919988155365,0.032263939026779084,0.15234755658116597,0.028198241457792293,1.4102387671895864,0.6067166524077418,0.9671093857958163,0.3802006861491438,3.613057744356759,0.39870094801213646
8550,0.1307654082775116,0.94970703125,0.05088721215724945,0.03215632859139903,0.15247298489464534,0.028191052313092498,1.4108868184055523,0.6066683922068554,0.9673659593876617,0.3801556107299686,3.6132309762561015,0.39901677141207376
8575,0.13067522644996643,0.9497528076171875,0.05063040927052498,0.03204930962618089,0.15259762232365318,0.028183921484483183,1.4115307222466373,0.6066206105980801,0.9676198453820922,0.3801110036085963,3.6134034235805377,0.3993309468463473
8600,0.13058584928512573,0.94976806640625,0.05038106441497803,0.031942842309668366,0.15272149496443108,0.028176814258941064,1.4121705849362471,0.6065729264673516,0.9678710784185212,0.3800667283937911,3.613575039583365,0.3996434850996868
8625,0.1304972916841507,0.9498138427734375,0.05012626200914383,0.03183808821153116,0.15284459542542417,0.028169741855268132,1.4128063735105263,0.6065254597164011,0.9681196635923103,0.3800227956183485,3.6137458179793187,0.3999543666324842
8650,0.13040950894355774,0.9498291015625,0.04987892135977745,0.03173360538973489,0.1529669355494557,0.028162706843957486,1.4134381555572926,0.6064782422195634,0.9683656368815066,0.3799791813371505,3.613915782332866,0.4002635829030794
8675,0.13032253086566925,0.9498443603515625,0.049625545740127563,0.03163002021483838,0.1530885145188761,0.028155709745598508,1.4140660178495363,0.6064313171351323,0.9686090330710309,0.3799359387312147,3.614085154925014,0.40057117255259295
8700,0.13023635745048523,0.94989013671875,0.04937369376420975,0.03152649420828167,0.1532093214019866,0.028148771602169394,1.4146898059355393,0.6063848652130516,0.9688498819679283,0.37989321488157846,3.6142536607667557,0.40087711936733644
8725,0.1301509290933609,0.94989013671875,0.049133919179439545,0.03142468498850818,0.1533293702460473,0.028141876389389347,1.415309618755828,0.6063387272907822,0.9690881957581119,0.3798507999462044,3.6144213779041787,0.4011814539710894
8750,0.13006626069545746,0.9498748779296875,0.04888525977730751,0.03132373688533509,0.15344866531482607,0.028135022412243745,1.4159255528852708,0.6062929168203108,0.9693240336610687,0.3798087972462424,3.6145884937575268,0.4014842263979616
8775,0.1299823522567749,0.9499053955078125,0.04864498972892761,0.03122467206733743,0.15356720870155935,0.028128229908260624,1.416537552939232,0.6062476228056453,0.9695574006548899,0.3797674272327123,3.6147548333750676,0.4017853830673463
8800,0.12989917397499084,0.949951171875,0.048407796770334244,0.031125802734331024,0.1536850282576972,0.02812147680763442,1.417145707296738,0.6062025891674487,0.9697883314273494,0.3797264148758991,3.6149202859672216,0.4020849849647722
8825,0.12981674075126648,0.949981689453125,0.048163801431655884,0.031027779402226036,0.15380210658273677,0.028114785342692968,1.4177499871465358,0.6061580764378793,0.970016848684156,0.37968603424604724,3.6150849744257103,0.4023830021415124
8850,0.12973502278327942,0.9500274658203125,0.047926269471645355,0.030930703437548394,0.15391846092668116,0.028108153945723545,1.4183504933551971,0.6061140758129234,0.9702429731573816,0.37964643549236055,3.615248944853082,0.4026794423957363
8875,0.12965404987335205,0.9500274658203125,0.047690458595752716,0.03083493972566689,0.15403408664812962,0.028101553644854803,1.4189472278025983,0.6060702837896519,0.9704667404682044,0.379607164220691,3.615412248321742,0.4029743439191357
8900,0.1295737624168396,0.950042724609375,0.047456346452236176,0.030739716878720576,0.15414900041143126,0.028094964952922456,1.4195402603720586,0.606026486089968,0.9706881619414428,0.37956793770660213,3.6155748591678782,0.40326772089237806
8925,0.12949416041374207,0.9500885009765625,0.047223638743162155,0.030645290247075206,0.1542632076850322,0.02808841798305871,1.4201296066709699,0.6059830022337266,0.9709072709707037,0.37952902841712954,3.6157367451105062,0.40355959568346356
8950,0.12941530346870422,0.9501190185546875,0.04698806256055832,0.030551476953043992,0.15437670101022163,0.028081921969185884,1.420715243201569,0.6059399354152127,0.971124085514843,0.3794904881029697,3.6158979259326083,0.40384992768014455
8975,0.12933707237243652,0.9501495361328125,0.04676556587219238,0.03045844864765031,0.15448950901318328,0.028075466673825288,1.421297303641709,0.6058971750128894,0.9713386328395578,0.37945240352536114,3.616058398917082,0.4041387710152641
9000,0.12925955653190613,0.9501800537109375,0.04653622955083847,0.030366411914925492,0.15460162833839508,0.028069031990500034,1.4218757942554445,0.6058545122831471,0.9715509428448023,0.37941431109551477,3.616218211831316,0.40442614137092026
9025,0.12918268144130707,0.950164794921875,0.04630788415670395,0.03027614034802612,0.15471304783685758,0.02806265854021794,1.4224506300667896,0.6058123702188516,0.9717610378007151,0.37937671098352044,3.6163772715065385,0.404712007008549
9050,0.12910647690296173,0.950225830078125,0.046081215143203735,0.030185085114390678,0.15482379381522068,0.028056314078838723,1.4230219623645997,0.6057704127769648,0.9719689584922981,0.37933940622842904,3.6165356477970323,0.4049964147140588
9075,0.12903094291687012,0.95025634765625,0.04585373029112816,0.03009565805892677,0.15493385915734087,0.028050012021180456,1.4235897564686018,0.6057287829471465,0.9721747201695772,0.37930232114978885,3.616693328542648,0.40527935287244493
9100,0.12895604968070984,0.95025634765625,0.04563077539205551,0.030007042007192796,0.15504323880122176,0.02804377958350084,1.4241539834633044,0.6056877712854065,0.9723783264249206,0.37926585692292303,3.6168502922377317,0.4055608152409139
9125,0.1288817971944809,0.9502410888671875,0.04540441930294037,0.02991964482119585,0.1551519665026005,0.02803757751347639,1.4247148059565755,0.6056469562817994,0.9725798182764349,0.3792296952604124,3.6170065511530973,0.4058408358263496
9150,0.1288081705570221,0.9502105712890625,0.04519394785165787,0.02983338687140082,0.15526004023503276,0.02803139395056976,1.4252722588860505,0.6056062276825463,0.972779216982085,0.37919372967991316,3.6171622108881216,0.40611943305870185
9175,0.12873515486717224,0.9502105712890625,0.044978123158216476,0.029746780691366673,0.15536746406416047,0.028025229170938262,1.4258263205947979,0.6055655703422338,0.9729765640752749,0.3791578528683447,3.617317162422808,0.40639662744290456
9200,0.12866276502609253,0.9502105712890625,0.0447612963616848,0.02966189718919102,0.15547423438084287,0.02801910300864872,1.4263770074845004,0.605525211605555,0.9731718526275528,0.3791223230050247,3.6174714828070957,0.4066724143846357
9225,0.12859098613262177,0.950225830078125,0.04454287886619568,0.029575954423282293,0.15558034610798488,0.02801301701912618,1.4269242899576806,0.6054851647205002,0.9733651105598754,0.37908719127351165,3.617625149436139,0.40694678431348447
9250,0.12851980328559875,0.9502716064453125,0.04433469846844673,0.029491964553133007,0.15568582264394445,0.028006967262802766,1.4274682723521521,0.6054453849919766,0.9735563756656695,0.3790523324035326,3.6177781483146414,0.4072197699707719
9275,0.1284492015838623,0.950286865234375,0.04412296786904335,0.029409419799183104,0.15579065689814545,0.028000954317677473,1.4280089239455596,0.6054058785834459,0.9737456508458282,0.3790179094200402,3.617930477682362,0.4074913734254199
9300,0.12837918102741241,0.950286865234375,0.0439104400575161,0.029327177781892904,0.15589486189517887,0.027994989152644544,1.428546294266189,0.6053667589529098,0.9739329461611473,0.3789841709693028,3.6180821055659673,0.4077615930693892
9325,0.12830977141857147,0.95037841796875,0.04369940981268883,0.029245728720952185,0.15599843223520296,0.027989085619891173,1.429080383755226,0.6053281858078841,0.9741182951333678,0.37895116541220786,3.6182330896485873,0.4080304184977921
9350,0.1282409280538559,0.950469970703125,0.04349125921726227,0.029164516202467714,0.1561013766818447,0.02798320348373054,1.4296112426829035,0.6052897275859447,0.9743017199766357,0.37891818263907295,3.6183834494803957,0.40829787991745525
9375,0.12817266583442688,0.950531005859375,0.043280698359012604,0.029083831218448927,0.1562037096265553,0.02797736331319584,1.4301389239531876,0.6052516004152689,0.9744832468586663,0.378885603801092,3.6185331462309196,0.40856398517056686
9400,0.12810495495796204,0.950531005859375,0.0430716946721077,0.02900435067406277,0.15630542517235083,0.027971562880929616,1.4306634226794859,0.6052137888150444,0.9746628940662095,0.3788534084980304,3.6186822300373174,0.40882874299592575
9425,0.12803781032562256,0.950531005859375,0.0428694486618042,0.028925422765412726,0.15640653395022136,0.027965807464232547,1.4311847861970899,0.6051763485762258,0.9748406753566639,0.37882165611043184,3.6188306917805275,0.40909216861301495
9450,0.12797121703624725,0.9505462646484375,0.042666368186473846,0.028847205926355875,0.15650703765958887,0.02796010107932464,1.4317030403193196,0.6051393300783988,0.9750166250186842,0.37879033221854735,3.6189785714008176,0.40935425739298636
9475,0.12790517508983612,0.9505157470703125,0.04246135801076889,0.028770106318233925,0.15660692841223472,0.02795444948111172,1.4322181389801856,0.6051027906961388,0.9751907538593796,0.378759520531441,3.619125838003896,0.4096150069370002
9500,0.12783968448638916,0.9504852294921875,0.04225579649209976,0.028692414314541587,0.15670623561909794,0.02794885474610879,1.4327302130764006,0.6050667507453836,0.9753630900657067,0.37872923572468675,3.6192724769827156,0.4098744674773635
9525,0.12777471542358398,0.9505462646484375,0.04205561801791191,0.028615786777605113,0.15680493778322055,0.02794330677979295,1.4332391699192604,0.6050311026913141,0.9755336361980873,0.3786993551839192,3.619418497073704,0.41013259722521184
9550,0.1277102828025818,0.9505767822265625,0.041864097118377686,0.028540068018941878,0.15690307881530466,0.027937768805034218,1.4337451675411075,0.6049954296834299,0.9757024327463745,0.37866955666680036,3.6195637852942077,0.41038944963222285
9575,0.127646341919899,0.95062255859375,0.041667256504297256,0.028465535937585048,0.15700064947913003,0.027932242311852165,1.434248273884757,0.604959793570478,0.9758695026978264,0.3786398929446706,3.619708614691075,0.41064507873799017
9600,0.12758293747901917,0.9506988525390625,0.04146984592080116,0.028390630226856478,0.15709763092709741,0.02792673888814261,1.4347483381676165,0.6049242917733895,0.9760348458978936,0.37861041821035235,3.6198528167880477,0.4108994155625811
9625,0.12752005457878113,0.95068359375,0.04127130284905434,0.028317240363579653,0.1571940482596778,0.027921268838171618,1.4352454471050293,0.6048890234289575,0.9761984761312279,0.3785812697314381,3.6199963161091895,0.4111524674105728
9650,0.1274576634168625,0.95068359375,0.04107501357793808,0.028244693237022334,0.15728989024871587,0.027915846218378393,1.4357396315808797,0.604854174791835,0.9763604218980688,0.37855256629975054,3.6201393149075063,0.41140425933842967
9675,0.12739579379558563,0.9507293701171875,0.04088691994547844,0.028172610165135382,0.15738518834722043,0.027910448182012017,1.4362309913945808,0.6048194792930788,0.9765206906757092,0.378523942609675,3.620281697915809,0.41165480784106073
9700,0.1273343861103058,0.9507598876953125,0.040688883513212204,0.0281012221068259,0.15747991833279706,0.027905095165415936,1.4367194437363056,0.6047851694033934,0.9766793018026727,0.37849577996889944,3.620423530245411,0.4119040976271025
9725,0.12727349996566772,0.9507598876953125,0.0404999814927578,0.02803077564116117,0.157574058151535,0.027899794188873332,1.4372048421102779,0.604751301291061,0.9768362678996498,0.37846806363676166,3.6205646913275906,0.4121521047917784
9750,0.12721309065818787,0.950775146484375,0.040308982133865356,0.02796094402793011,0.15766765242123856,0.0278945277786434,1.4376874358021516,0.6047177042749375,0.9769916208657078,0.3784406736406124,3.6207052917296,0.4123989003525169
9775,0.1271531581878662,0.950775146484375,0.04012206569314003,0.02789049750042958,0.15776069328291123,0.02788930945221008,1.4381671909144633,0.6046845251108758,0.977145362660172,0.3784139562468498,3.620845331699782,0.41264445534827915
9800,0.12709370255470276,0.9508056640625,0.03993095085024834,0.027821004699836154,0.15785316878921002,0.027884161470807307,1.4386440613395979,0.604652008121246,0.977297510584521,0.3783880642211973,3.6209848275890812,0.41288876082801995
9825,0.1270347237586975,0.950836181640625,0.03974797576665878,0.02775251761234701,0.15794512424939983,0.027879043739544012,1.439118225087937,0.6046197061336382,0.9774480924246697,0.3783624561931002,3.621123703209558,0.4131318758332779
9850,0.12697619199752808,0.9508514404296875,0.03956096991896629,0.027683605572786898,0.15803653013928073,0.02787395641863618,1.439589584170708,0.6045876356585449,0.9775971296064674,0.37833712731229896,3.621262046119988,0.4133737822854899
9875,0.12691813707351685,0.9508514404296875,0.039375510066747665,0.027616970762716388,0.15812741183497864,0.0278689049059546,1.4400582495952954,0.604555852734616,0.977744628491142,0.37831210045152336,3.6213998403900485,0.41361449201426326
9900,0.12686052918434143,0.950836181640625,0.03919415920972824,0.027550436256792557,0.15821775544653496,0.027863887459250346,1.4405241808853027,0.604524347476682,0.9778906040810337,0.3782873891548062,3.6215371389867994,0.4138540058344423
9925,0.12680336833000183,0.9509124755859375,0.03901102393865585,0.027484408521425502,0.15830756437574417,0.027858929230565165,1.4409873651779241,0.6044933803061243,0.9780350768159675,0.37826325410484285,3.6216738662997296,0.41409233971433607
9950,0.12674665451049805,0.9509429931640625,0.03883097320795059,0.027419338296917093,0.15839683721336886,0.027854037930932916,1.4414478027454765,0.6044630372549692,0.9781780605879323,0.3782398029473,3.6218100348828677,0.4143294949074503
9975,0.12669038772583008,0.95098876953125,0.03864400461316109,0.02735461701872895,0.15848559698618617,0.027849197473124646,1.4419055990653027,0.6044331436417663,0.9783195810443234,0.37821699910713225,3.6219456423361156,0.4145654689041557
10000,0.12663456797599792,0.95098876953125,0.03846306726336479,0.027289881562935856,0.15857381824753433,0.027844413478720145,1.4423606116144294,0.6044037488118276,0.9784596263237386,0.3781947567073295,3.6220806173719176,0.41480022914065445
10025,0.1265791803598404,0.951019287109375,0.03827758878469467,0.027225512728024003,0.15866151398915118,0.02783967821575181,1.4428129186732916,0.6043747764489994,0.9785982198626381,0.37817300365952206,3.6222150040949495,0.4150338032967836
10050,0.12652422487735748,0.9510345458984375,0.03810383751988411,0.02716338563034365,0.1587486811287346,0.02783501696603599,1.4432625897722637,0.6043465355383331,0.978735363435427,0.3781521090494473,3.622349008163603,0.41526620618915777
10075,0.1264696717262268,0.951080322265625,0.03793124854564667,0.027100212841020672,0.15883536102361923,0.02783040829711391,1.4437097422062115,0.6043187634148329,0.9788711133216994,0.37813192444603744,3.622482448101423,0.4154975004443958
10100,0.12641555070877075,0.951171875,0.03775982931256294,0.027038534967989948,0.15892154842722345,0.027825845244268767,1.4441543498716638,0.6042913831201866,0.9790054744325182,0.37811213325425946,3.622615314562427,0.4157276660639563
10125,0.12636183202266693,0.9512176513671875,0.03758798912167549,0.026977666092517023,0.15900724187577395,0.02782131959989017,1.4445964097112538,0.6042643066106035,0.9791384672436594,0.3780927842992051,3.6227476128840648,0.41595671628917263
10150,0.12630850076675415,0.9512481689453125,0.03741833567619324,0.026916303288676512,0.15909245608103578,0.027816824537825937,1.445035988970153,0.6042374594830079,0.9792701038673182,0.3780737037158553,3.622879340491042,0.41618466400356624
10175,0.126255601644516,0.951263427734375,0.03725224360823631,0.026856058338911026,0.15917718338456657,0.027812354240310783,1.4454730953569976,0.6042107958533686,0.9794003812963297,0.37805477186165265,3.623010600349529,0.41641151175860724
10200,0.12620306015014648,0.9512481689453125,0.037083934992551804,0.026795917357984915,0.15926143143676585,0.027807926960219324,1.4459077905749242,0.604184524790842,0.9795293355147012,0.37803625203706404,3.623141456426486,0.4166373059307533
10225,0.1261509358882904,0.9512481689453125,0.03691732883453369,0.026737079187417793,0.15934517943335033,0.027803542012659898,1.4463398965143293,0.6041586034734362,0.9796569705548828,0.3780179861600292,3.623271695474189,0.4168619769623879
10250,0.12609916925430298,0.9512786865234375,0.03674617037177086,0.02667743458310061,0.15942847531412824,0.027799185375822554,1.4467696817798124,0.604132900460331,0.9797833012368046,0.3779999284760024,3.6234014418785043,0.4170856067783226
10275,0.12604781985282898,0.951385498046875,0.03656930848956108,0.026618124626461927,0.1595112985277831,0.027794874864182407,1.4471970621752466,0.6041076126965388,0.9799083285394212,0.3779822219739214,3.623530714997096,0.4173081464336804
10300,0.12599685788154602,0.9513702392578125,0.03639798238873482,0.026559808761870887,0.15959365333588066,0.027790614813241608,1.4476220738881147,0.6040827939578987,0.9800320619533696,0.3779649999744872,3.623659553630305,0.4175296033645196
10325,0.1259462833404541,0.95135498046875,0.03623268008232117,0.02650258218009989,0.1596755317358185,0.027786377375286997,1.4480446391069386,0.6040581238639615,0.9801545350075958,0.37794797946749803,3.623787850485959,0.4177499751293879
10350,0.12589609622955322,0.9513397216796875,0.0360594242811203,0.026444395098486024,0.1597569584019162,0.027782155472142297,1.4484648823415651,0.6040335302925369,0.9802757361108234,0.3779309754765029,3.623915633894286,0.41796926978583837
10375,0.125846266746521,0.951324462890625,0.035898853093385696,0.026387786441814432,0.15983794900532616,0.02777797446271094,1.448882863282224,0.6040092837735004,0.9803956903999024,0.37791433057536944,3.6240428723603713,0.4181875160704214
10400,0.1257968246936798,0.951324462890625,0.03573712706565857,0.02633194317108952,0.15991847254655495,0.027773864738025306,1.449298502264042,0.6039857397678581,0.9805144232846262,0.37789859560077055,3.624169714960582,0.41840471648768957
10425,0.12574774026870728,0.9513397216796875,0.03557588905096054,0.026276564196053172,0.15999855775574237,0.027769808880487835,1.4497118632178467,0.6039626809959968,0.9806319444309912,0.377883478390419,3.624295992831689,0.4186208737317199
10450,0.1256990134716034,0.9513702392578125,0.035414256155490875,0.026221742238043157,0.16007818279935992,0.027765809265873635,1.4501228939701014,0.6039401524740977,0.9807482638002831,0.3778690012200613,3.624421819812612,0.4188359840275438
10475,0.12565064430236816,0.9513397216796875,0.03525335341691971,0.026167576821846145,0.16015736094650757,0.02776187162566466,1.4505316390434875,0.6039182097471893,0.9808633974958985,0.377855222021401,3.624547153855375,0.41905007815577067
10500,0.1256026327610016,0.951385498046875,0.035095520317554474,0.026114163923427886,0.16023610204645924,0.027757963359145026,1.450938141176346,0.6038964971461304,0.9809773397566051,0.3778416094694784,3.6246719873260385,0.4192631505267138
10525,0.12555496394634247,0.9514007568359375,0.034934334456920624,0.026060054381073956,0.16031439499227354,0.027754101009546565,1.4513423561109116,0.6038751967828222,0.9810901047926607,0.37782845676912225,3.6247963323525396,0.4194751741278852
10550,0.125507652759552,0.9514312744140625,0.03477504849433899,0.02600718980976597,0.16039224666241525,0.027750292330593576,1.4517443358446143,0.6038544013762273,0.9812017090356959,0.37781581363113315,3.6249202380726255,0.41968617690078114
10575,0.125460684299469,0.9514007568359375,0.03461360186338425,0.025954728181790877,0.16046965289702406,0.02774653381588409,1.4521440609128622,0.6038340722107319,0.9813121487707214,0.37780363261300015,3.625043699948699,0.4198961326578888
10600,0.12541404366493225,0.951446533203125,0.034459661692380905,0.02590250514729018,0.1605466226224098,0.02774282508088985,1.4525415754742543,0.6038142063640818,0.9814214463400125,0.3777920686360854,3.6251667244736874,0.4201050846270246
10625,0.12536776065826416,0.951416015625,0.03430144488811493,0.025849855786421027,0.16062317993260863,0.027739155636444593,1.452936958949913,0.6037946770990984,0.9815296163230718,0.3777808823077016,3.625289235054915,0.4203130384877972
10650,0.12532180547714233,0.9514312744140625,0.03413751348853111,0.025797675936216895,0.16069928211444562,0.02773553884053987,1.45333001734949,0.6037756291684677,0.9816366758716157,0.37777021443275993,3.625411226967157,0.4205199628249224
10675,0.12527620792388916,0.9514617919921875,0.03398813307285309,0.02574691008016893,0.16077494993813013,0.02773196514488888,1.453720894970019,0.6037569792693659,0.9817426316363533,0.37775991199306186,3.6255328230101083,0.42072588942870276
10700,0.12523089349269867,0.9514617919921875,0.03383638709783554,0.02569644994690873,0.16085019362671352,0.02772844127304053,1.4541095829947484,0.60373877743466,0.9818475027866054,0.3777500907798591,3.625653883176304,0.4209308409927404
10725,0.12518590688705444,0.9515228271484375,0.0336882658302784,0.025646055733419194,0.16092501463634762,0.027724968392604212,1.454496144421902,0.6037210595322186,0.9819513066840437,0.3777408402299258,3.625774545484765,0.421134823655009
10750,0.12514126300811768,0.951507568359375,0.03353691101074219,0.025595965298617736,0.1609994352981337,0.027721529398574595,1.4548807013620664,0.6037036478370201,0.9820540542193352,0.37773195263405396,3.6258948601161824,0.4213378737811609
10775,0.12509691715240479,0.951507568359375,0.03338586166501045,0.0255461748938224,0.16107340463836825,0.02771814292765217,1.4552629057974145,0.6036866961425275,0.9821557270865827,0.37772369256042226,3.6260145311273915,0.42153989400681
10800,0.12505288422107697,0.9515228271484375,0.033228445798158646,0.025497229096471903,0.16114694309774966,0.027714800573734655,1.4556429913342963,0.6036701712291981,0.9822563486162079,0.37771579621624773,3.6261339078073633,0.42174092996422863
10825,0.1250091940164566,0.9515380859375,0.033073097467422485,0.025449609958182774,0.16122006014444254,0.027711528648560916,1.4560209571467435,0.603654341294858,0.9823559310657412,0.3777085986531562,3.6262528788681396,0.42194099644735483
10850,0.12496580928564072,0.9516143798828125,0.032922159880399704,0.025401056177270193,0.1612927572233338,0.027708317031891982,1.456396800499859,0.6036390920565603,0.9824544844527036,0.37770204252174133,3.62637141866649,0.4221400803413396
10875,0.1249227225780487,0.9516143798828125,0.03277473524212837,0.02535423221717991,0.1613650531607378,0.027705128232694585,1.4567705513302753,0.6036239920569081,0.9825520199524778,0.377695708394758,3.626489387632975,0.4223382029633844
10900,0.12487994134426117,0.9516143798828125,0.032628390938043594,0.02530716811586553,0.16143698678157226,0.02770195977695867,1.4571424744943706,0.6036090511725529,0.9826485555772335,0.37768957055712526,3.626607006552401,0.4225354273512385
10925,0.12483745813369751,0.951629638671875,0.03248598054051399,0.02526078346784166,0.1615085421691261,0.027698801602062815,1.457512512317681,0.6035941653261706,0.9827441094311627,0.3776833304159218,3.626724308427601,0.42273176207444196
10950,0.12479527294635773,0.95166015625,0.03234029933810234,0.025213656288250657,0.1615796913447389,0.02769564881843798,1.4578804470489017,0.6035792429989448,0.9828386723901932,0.377677186496139,3.626841063253626,0.42292714718422897
10975,0.12475337833166122,0.95166015625,0.032194726169109344,0.02516774764436716,0.16165042008396552,0.027692539682075797,1.4582462524540436,0.6035647164333352,0.9829322580356628,0.37767154390942004,3.6269573630492604,0.4231215654846222
11000,0.12471175193786621,0.9516448974609375,0.03205713629722595,0.025121791871217436,0.161720758578062,0.02768946106144002,1.4586100811001077,0.6035504490386655,0.9830248958228849,0.37766613377759783,3.62707324619173,0.4233150799764654
11025,0.12467043101787567,0.95172119140625,0.03191624954342842,0.025076666873857876,0.16179072173333756,0.027686402371660562,1.4589720079727606,0.6035363283840983,0.9831165838497554,0.3776608584885374,3.627188729752844,0.4235076910114285
11050,0.12462937831878662,0.9517059326171875,0.03177535906434059,0.02503263332900496,0.16186031798191328,0.02768339848978149,1.459332079482001,0.603522737825678,0.9832073287234975,0.37765602323604186,3.6273038324444404,0.4236994277033184
11075,0.12458860874176025,0.95172119140625,0.031633321195840836,0.024988335138868865,0.16192953277439381,0.027680437790125426,1.4596901711656893,0.6035095260947564,0.9832971471318903,0.3776516353871701,3.6274184058255594,0.42389025039062056
11100,0.12454812228679657,0.951751708984375,0.03149013966321945,0.024943992483894933,0.16199837346119977,0.02767752709855731,1.4600463716125167,0.6034967903216193,0.9833860493139036,0.37764784690122455,3.627532585614853,0.4240801729439606
11125,0.12450790405273438,0.95172119140625,0.03135135769844055,0.02489981451118486,0.162066838124424,0.027674661417516844,1.4604006536600396,0.6034844681592465,0.9834740281885588,0.37764453375344537,3.6276463236927343,0.42426920169569915
11150,0.12446796894073486,0.95172119140625,0.031217060983181,0.024855907955148117,0.16213494929617728,0.02767183019932748,1.460753175339914,0.6034724677364128,0.9835611090864136,0.37764151237478816,3.6277597583725867,0.42445737287305746
11175,0.12442828714847565,0.9517669677734375,0.031081119552254677,0.02481245691998016,0.16220269258856407,0.027669024691845633,1.4611038373023835,0.6034606791073567,0.9836473005606723,0.3776387259217914,3.627872801858186,0.42464467698022074
11200,0.12438887357711792,0.9517669677734375,0.030943548306822777,0.02477049174152224,0.1622700995775901,0.027666244439836944,1.4614527691236778,0.6034490918387149,0.9837326000834419,0.37763611835566613,3.6279854208005227,0.4248311234263088
11225,0.12434972822666168,0.9517669677734375,0.030806224793195724,0.02472828394052106,0.16233713495084406,0.02766348979674564,1.461799804944601,0.6034377067256129,0.9838170183598545,0.37763361910158005,3.6280975963373154,0.42501668389488273
11250,0.12431085109710693,0.951812744140625,0.03066343069076538,0.02468593864082985,0.16240382175533977,0.027660789711360666,1.4621451167466006,0.603426867437188,0.9839005588685291,0.3776315899719439,3.628209495791389,0.425201390906769
11275,0.12427222728729248,0.951812744140625,0.030528873205184937,0.02464465431945056,0.16247013627826784,0.027658145317572956,1.4624885064251372,0.6034165484647963,0.9839832424878052,0.3776301679804548,3.6283208905124313,0.4253852086874705
11300,0.12423387169837952,0.9517974853515625,0.030391758307814598,0.024604150617469515,0.16253610724673856,0.027655505260900912,1.4628301468639007,0.6034062073883731,0.98406507545004,0.37762882214331955,3.628431886742478,0.42556818616333286
11325,0.12419576942920685,0.951812744140625,0.030259249731898308,0.024563232975169,0.16260171308002522,0.027652908393568484,1.4631699123365693,0.6033962560042834,0.9841460834638625,0.37762789422097676,3.628542411665365,0.42575030611285297
11350,0.12415791302919388,0.9518585205078125,0.03013024479150772,0.024523424077696022,0.1626669787440819,0.027650337923470866,1.4635079686928425,0.6033865329747194,0.9842262571009428,0.3776271128000904,3.628652596147127,0.4259315934878126
11375,0.1241203099489212,0.951873779296875,0.029997173696756363,0.02448325323546032,0.16273190485270553,0.027647796397037464,1.463844303645642,0.6033770596568424,0.9843055937084655,0.37762652728322876,3.6287624010776867,0.4261120603089539
11400,0.12408293783664703,0.951904296875,0.029869291931390762,0.024443899721704694,0.16279648461650675,0.02764528410764012,1.464178886312557,0.6033678388941499,0.9843841140412184,0.3776262154038556,3.628871823819152,0.4262917080207551
11425,0.12404581904411316,0.9518890380859375,0.029737601056694984,0.02440438659678791,0.16286069488486737,0.027642830608428155,1.4645116139792593,0.6033591935640091,0.9844618163991894,0.3776264471305667,3.6289808659877907,0.42647049388279656
11450,0.12400893867015839,0.9519195556640625,0.029610751196742058,0.024365112847526082,0.16292458152597625,0.027640429779580925,1.4648426988924677,0.6033510591980062,0.9845387200966974,0.3776272152003571,3.6290895406578176,0.42664847690878105
11475,0.12397229671478271,0.951934814453125,0.029477089643478394,0.02432619005498512,0.1629881221128404,0.027638063799744414,1.465172031350708,0.6033432374703869,0.9846148312544778,0.3776282833321539,3.629197824138214,0.4268256241358942
11500,0.12393589317798615,0.9519500732421875,0.029344633221626282,0.024288260217270097,0.1630513253642133,0.027635700652052515,1.465499630617734,0.6033353704895934,0.9846901634392375,0.37762938292744075,3.6293056653537623,0.4270019396793006
11525,0.12389974296092987,0.95196533203125,0.02921581268310547,0.024249792294644742,0.16311419152767162,0.02763336706574026,1.4658255439643613,0.603327768788298,0.9847647096471699,0.3776307472426057,3.629413176935081,0.42717742723010477
11550,0.12386380881071091,0.9519805908203125,0.029093433171510696,0.024212132849366262,0.16317671803023534,0.027631098504889765,1.4661497325983972,0.6033208081285865,0.9848384941887526,0.3776328052330461,3.6295202897551486,0.42735209177217504
11575,0.12382810562849045,0.95196533203125,0.028969235718250275,0.024174526121992522,0.1632389205951513,0.02762887068277752,1.4664723212312696,0.6033142454749539,0.9849115142914202,0.37763538530127916,3.6296271360076644,0.4275259792171393
11600,0.1237926185131073,0.951934814453125,0.028846856206655502,0.024137083430891482,0.16330078797600198,0.027626677266870223,1.4667932227713305,0.6033079964594781,0.9849837817177767,0.37763845446481675,3.6297336235119206,0.4276990719512833
11625,0.12375736236572266,0.951934814453125,0.028722092509269714,0.024099500952548956,0.16336232494118938,0.027624527618370042,1.4671124295526972,0.6033021511570524,0.9850552951186597,0.37764195820796176,3.6298396786775617,0.4278713552825404
11650,0.12372232973575592,0.951904296875,0.028599165380001068,0.024063081283663582,0.16342356183997508,0.027622406952389367,1.4674301068498887,0.6032965598850387,0.9851260716669431,0.3776457471190011,3.629945371713071,0.42804288434840915
11675,0.1236875057220459,0.9519195556640625,0.02847444824874401,0.024026488612368863,0.16348445552381827,0.027620322113780207,1.467746075204533,0.6032913030790257,0.9851961146329961,0.3776498357267681,3.6300507363808383,0.42821361319237
11700,0.12365291267633438,0.951934814453125,0.02836366929113865,0.02399073732693848,0.16354502883728295,0.027618239291347726,1.4680604203118237,0.6032860043447844,0.9852654185214779,0.37765377557326696,3.630155729374234,0.4283835426288856
11725,0.12361851334571838,0.9519805908203125,0.028239620849490166,0.02395406942655803,0.16360530553697405,0.027616168414962113,1.4683732668376375,0.6032807793198338,0.9853340109409412,0.37765793750146603,3.6302603938165836,0.4285527463914168
11750,0.1235843375325203,0.9519805908203125,0.028121620416641235,0.02391849173503258,0.16366528148624132,0.027614124963212097,1.4686845942174402,0.6032757960562223,0.9854018951143628,0.37766233944129834,3.6303647233442753,0.4287211973714228
11775,0.12355037033557892,0.951995849609375,0.02800009399652481,0.023883572956332977,0.16372495971538012,0.027612103933964044,1.4689943846810747,0.6032709868593971,0.9854690791524938,0.37766697235578905,3.6304686390244907,0.42888889218062914
11800,0.12351661175489426,0.9519805908203125,0.02788250893354416,0.023848199007993825,0.1637843072130734,0.027610107602361694,1.4693025040133298,0.6032663821047228,0.9855355660249395,0.37767183873263155,3.630572173744836,0.42905578916610276
11825,0.12348306179046631,0.951995849609375,0.027760282158851624,0.023813222986323327,0.16384334540569212,0.02760812088559045,1.4696090909913775,0.6032618343327254,0.9856013641991304,0.3776768189155575,3.630675431430295,0.42922193498258365
11850,0.12344972044229507,0.951995849609375,0.027646424248814583,0.02377882263281081,0.16390207018140782,0.027606162334542734,1.4699141064228436,0.6032575374972585,0.9856664756355256,0.37768212359278897,3.6307783593521394,0.42938730547950676
11875,0.12341658025979996,0.9520416259765625,0.02752639353275299,0.02374431894010664,0.16396048365116458,0.027604259841505163,1.47021752916604,0.6032537836387192,0.9857309208297176,0.37768822550515985,3.630880880478993,0.4295519066742852
11900,0.12338364124298096,0.952056884765625,0.02741335704922676,0.023710455324229752,0.16401858954269558,0.027602394708109136,1.4705194082861837,0.6032503815955279,0.9857946939518667,0.37769486816762704,3.630983073315652,0.4297157540649919
11925,0.12335089594125748,0.9520263671875,0.027296027168631554,0.023676927886424008,0.1640763962075814,0.027600579350132187,1.4708197769649536,0.6032474651547575,0.9858578109813136,0.37770216848980465,3.6310849259688673,0.42987886275118375
11950,0.12331834435462952,0.952056884765625,0.02717946283519268,0.023643713782188706,0.16413388616788768,0.02759879049418975,1.4711185582229522,0.6032447804001398,0.9859202696677893,0.3777097679696022,3.6311864404224368,0.4300412330111919
11975,0.12328600138425827,0.9520721435546875,0.027062539011240005,0.023610347362781864,0.16419107906599206,0.027597042172254723,1.4714158385259815,0.6032424798814068,0.985982076032655,0.37771768152015106,3.631287611438025,0.4302028488209644
12000,0.12325385212898254,0.95208740234375,0.02695123851299286,0.02357829139969516,0.16424796727721028,0.027595299645208297,1.471711579598972,0.6032401820755859,0.9860432442316118,0.37772549392054633,3.631388427550334,0.4303637213803156
12025,0.12322188913822174,0.952117919921875,0.026833469048142433,0.02354535009587132,0.16430456664992005,0.027593570541517735,1.4720058564435194,0.6032379718058881,0.9861037803548041,0.37773340002042943,3.6314888973163577,0.43052386673165255
12050,0.12319011986255646,0.95208740234375,0.02671976014971733,0.023511966740631707,0.16436086821852436,0.027591879433561513,1.4722986565425293,0.6032361288304647,0.986163685440107,0.3777417219474406,3.63158908765733,0.43068329028966107
12075,0.1231585443019867,0.952117919921875,0.026604069396853447,0.02347988683656166,0.16441688357549092,0.02759022922425802,1.4725899615993399,0.6032346559803944,0.986222964726548,0.37775053175495565,3.6316888241005327,0.43084197234600086
12100,0.12312715500593185,0.9521331787109375,0.02648695930838585,0.02344845864979705,0.16447262140715507,0.0275885892044921,1.4728798571996133,0.6032332365362192,0.9862816202817004,0.37775944381610604,3.6317882206092174,0.4309999464727405
12125,0.12309596687555313,0.9521636962890625,0.02637883648276329,0.023417573316266097,0.16452809101059315,0.027586955596962545,1.47316841796879,0.6032318425420415,0.9863396687222086,0.3777683458154134,3.6318873573695076,0.4311572299101469
12150,0.12306494265794754,0.9521636962890625,0.026266606524586678,0.023387261776659354,0.16458328956072377,0.027585338828010172,1.4734556256388753,0.6032305855186155,0.9863971368018772,0.377777398630117,3.631986219356158,0.43131383830498315
12175,0.12303411215543747,0.9521331787109375,0.02616797760128975,0.023356717709707236,0.1646382251356515,0.027583751030161852,1.4737414730481093,0.6032295802403848,0.9864540036677971,0.37778679552854966,3.6320846986478963,0.43146974880295635
12200,0.12300343066453934,0.9521636962890625,0.026069315150380135,0.023326797938895808,0.16469291306587264,0.027582174761216716,1.4740260500781754,0.6032286445633989,0.9865102783903297,0.37779629697883915,3.632182846605941,0.43162503144815045
12225,0.12297292798757553,0.9521331787109375,0.025951679795980453,0.023296360124598788,0.16474731507503693,0.02758063027758496,1.4743092052397244,0.6032280079548157,0.9865659742285322,0.3778061293777978,3.63228071093827,0.43177963113316026
12250,0.12294261157512665,0.9521484375,0.025839630514383316,0.023265767609250476,0.1648014255592132,0.027579119719984304,1.4745909046378396,0.6032276900772283,0.9866210804400382,0.3778163732234872,3.6323782687018973,0.4319334936214844
12275,0.12291248142719269,0.952178955078125,0.02573041059076786,0.023236053774455784,0.16485526044637777,0.02757761933388431,1.4748712290192234,0.6032274348771668,0.9866756096879435,0.3778266904578787,3.632475542074615,0.4320866692656174
12300,0.12288251519203186,0.9521942138671875,0.02561790682375431,0.023206419411484925,0.16490881193339,0.027576171851287874,1.4751501559917561,0.6032277146821372,0.9867295552679747,0.3778375487795007,3.632572560714603,0.4322391436514889
12325,0.12285272777080536,0.9521942138671875,0.025508901104331017,0.023176873309320827,0.1649621038988436,0.027574763606470463,1.475427747127657,0.6032283614286365,0.9867829373410792,0.3778488073627843,3.632669212116168,0.4323909251153739
12350,0.12282311916351318,0.95220947265625,0.02540767379105091,0.02314855608427063,0.1650151383444448,0.027573385203650033,1.475704039712434,0.6032292838252987,0.9868357687633742,0.3778603591407444,3.632765565014995,0.43254204516511874
12375,0.12279365956783295,0.9522705078125,0.02530510164797306,0.023120673984238206,0.16506794605737557,0.027572028758979846,1.47597920420288,0.6032304089221356,0.9868880545400955,0.37787221436377005,3.632861699138874,0.4326925623081088
12400,0.12276436388492584,0.9522857666015625,0.025203295052051544,0.023091456247460992,0.1651204688824817,0.027570709927557575,1.476252907021402,0.6032318777872818,0.9869397889130522,0.37788441829228203,3.6329574324053495,0.432842401343717
12425,0.12273523211479187,0.9522857666015625,0.025094179436564445,0.023063358158091636,0.16517270948291377,0.027569429872570102,1.4765252375092555,0.6032337346688261,0.9869909856635286,0.37789703422638565,3.6330529542606795,0.4329915562098937
12450,0.12270626425743103,0.952301025390625,0.024991968646645546,0.02303548242711046,0.16522468132593016,0.027568188527519133,1.4767962289788492,0.603235967734262,0.9870416455950421,0.37791015566376895,3.633148197428396,0.433140023433722
12475,0.12267747521400452,0.95233154296875,0.024888889864087105,0.023006585766113856,0.16527641196333065,0.027566972909832153,1.4770659856983455,0.6032384271282115,0.9870917727831451,0.37792356246164416,3.633243114485182,0.4332878496622921
12500,0.12264882773160934,0.9523773193359375,0.024790039286017418,0.02297966634269109,0.1653278692827797,0.02756578696397866,1.477334370943947,0.6032411586586365,0.9871413795418371,0.37793725564640274,3.6333377211147955,0.43343501356056113
12525,0.1226203441619873,0.9523773193359375,0.02468992955982685,0.022952084690028365,0.16537907907863295,0.027564637093362234,1.477601504091358,0.603244233959873,0.9871904605584969,0.3779513091914033,3.6334320264507594,0.43358155320698677
12550,0.1225920096039772,0.952362060546875,0.02458314225077629,0.022924553304852668,0.16543002844200053,0.027563528719637284,1.4778672998448268,0.6032477009816665,0.9872390282898136,0.3779657982525966,3.633525961603711,0.43372743101936745
12575,0.12256383895874023,0.9523468017578125,0.024480002000927925,0.022897700931189417,0.16548072438410844,0.027562450108289532,1.4781317926344424,0.6032514324876681,0.9872870788916006,0.37798058628148906,3.6336195332736505,0.43387263384586855
12600,0.1225358173251152,0.9523468017578125,0.024377979338169098,0.02287044227203302,0.1655311820918033,0.027561391714759936,1.478395101349827,0.6032553447566356,0.9873346348601527,0.3779957322719264,3.633712866057756,0.4340172125092838
12625,0.1225079596042633,0.9523773193359375,0.024274997413158417,0.02284392260360777,0.16558137736403913,0.02756034720248017,1.4786570797731344,0.6032593527507957,0.9873816912255245,0.37801091949973054,3.633805865262916,0.43416113115837446
12650,0.12248026579618454,0.952392578125,0.024182552471756935,0.022817385595091264,0.16563133686020368,0.027559302083147625,1.4789178890413632,0.6032633149406322,0.9874282416023314,0.37802607618942796,3.633898633406682,0.4343044353406587
12675,0.12245269864797592,0.9524078369140625,0.024082696065306664,0.02279125391694388,0.1656810420118578,0.027558305355586406,1.4791774205200536,0.6032677569848703,0.9874743003185724,0.3780418776746681,3.6339911063378505,0.4344471092437338
12700,0.12242528796195984,0.952423095703125,0.02398366667330265,0.02276504719260467,0.1657305121684087,0.027557326984430697,1.4794357874171395,0.6032723609854371,0.9875198752759591,0.3780579005398989,3.6340833490563966,0.43458917009204906
12725,0.1223980262875557,0.95245361328125,0.023887956514954567,0.022738703885658646,0.16577974280418237,0.027556380299274978,1.4796928990684743,0.6032772440027766,0.9875649753447593,0.378074326708279,3.6341751876088932,0.43473061295636645
12750,0.1223708987236023,0.952423095703125,0.02379688434302807,0.022712910145267298,0.16582873735404474,0.02755546858327008,1.4799488498290363,0.6032824741026164,0.9876096014491407,0.37809118109121626,3.6342668152410846,0.43487144684429946
12775,0.12234392762184143,0.9524383544921875,0.023696020245552063,0.022687283748008318,0.16587749585794634,0.02755459695190449,1.4802035992847717,0.6032880906431797,0.987653763043836,0.37810858113190027,3.6343581313996904,0.4350116685306201
12800,0.12231708317995071,0.9524688720703125,0.02360486052930355,0.022662055481234504,0.16592601325566653,0.02755375958345326,1.4804571750099542,0.6032940502440545,0.9876974675124509,0.37812630926500385,3.634449258361118,0.43515128422231375
12825,0.12229038774967194,0.9524688720703125,0.023510467261075974,0.022637068912945393,0.16597430176661465,0.027552940050006657,1.4807095975560403,0.6033001591140466,0.9877407014297735,0.3781442767052506,3.634540111874332,0.4352902993366503
12850,0.1222638189792633,0.952484130859375,0.023410571739077568,0.02261196720191065,0.1660223598100155,0.027552139033245035,1.4809608366404852,0.6033064151425237,0.9877834827077994,0.37816231840080383,3.634630634107941,0.43542870000806577
12875,0.12223741412162781,0.9524993896484375,0.023317664861679077,0.022587457386160466,0.16607017795175646,0.027551357921753044,1.4812109373163533,0.6033128689151672,0.9878258160560267,0.3781805230766649,3.634721038067048,0.4355665086252435
12900,0.12221112847328186,0.952545166015625,0.02321493998169899,0.022562130927459685,0.16611775080027225,0.0275506172778385,1.4814598067648455,0.6033197174400762,0.9878676976378449,0.37819926108161805,3.6348111540899297,0.43570369857281877
12925,0.12218499183654785,0.952545166015625,0.02312614768743515,0.022537972431716607,0.1661650903674922,0.027549899469142835,1.4817074903152951,0.6033267642090991,0.9879091360734085,0.37821816702869443,3.634900961139781,0.43584027256936436
12950,0.12215899676084518,0.9525146484375,0.023028697818517685,0.022513889366382146,0.16621219959141245,0.02754918506671987,1.4819540433137388,0.6033338135714396,0.9879501372937785,0.3782370513971818,3.6349905620496297,0.43597626194931294
12975,0.12213313579559326,0.9524688720703125,0.02293567731976509,0.022489800240220507,0.16625909444034911,0.027548491723797763,1.4821994884663612,0.6033410389771384,0.9879907121053046,0.3782561911442137,3.6350798371183037,0.43611168369746706
13000,0.12210740149021149,0.9524688720703125,0.02284264750778675,0.022465977880090703,0.1663057515477839,0.0275478347339291,1.4824437158539274,0.6033486054648453,0.9880308554592796,0.3782758371259706,3.6351687714781398,0.43624648478424
13025,0.12208180129528046,0.952484130859375,0.02274996228516102,0.02244240387683075,0.16635220635935502,0.02754718912467699,1.4826869216748573,0.6033562550282938,0.9880705743186987,0.3782956824241298,3.63525745809207,0.4363807355668636
13050,0.12205633521080017,0.9525146484375,0.022657545283436775,0.022419069447084945,0.16639844742146734,0.027546561737464306,1.4829290569952231,0.6033640633496281,0.9881098637349504,0.3783156286375891,3.6353459014301484,0.4365143996458495
13075,0.12203100323677063,0.952545166015625,0.022563820704817772,0.02239650452476357,0.16644447035929755,0.027545982665940966,1.4831700992617736,0.6033723586742873,0.9881487343358969,0.3783361764259643,3.6354340932627163,0.4366474903308124
13100,0.12200579792261124,0.95257568359375,0.02246643602848053,0.022372942256631095,0.16649025283011745,0.027545439415662985,1.4834099283805775,0.6033809957298192,0.988187186976459,0.37835711978325315,3.635521982471584,0.43677997095835625
13125,0.12198072671890259,0.952606201171875,0.0223745908588171,0.02234968315908863,0.16653583399434885,0.027544914539308775,1.4836487715382183,0.6033898047814008,0.9882252223326413,0.37837822660377296,3.635609697523761,0.4369118726282108
13150,0.12195578962564468,0.9525909423828125,0.022291360422968864,0.02232655345501758,0.16658116781560547,0.02754444060935205,1.483886348767491,0.6033991120410133,0.9882628487566443,0.3783999341248987,3.635697054152577,0.43704315974473923
13175,0.12193096429109573,0.95257568359375,0.022193465381860733,0.022303913467856974,0.16662629358804518,0.027544008824762028,1.4841228937988087,0.6034088449129399,0.9883000772166858,0.378422087129617,3.6357841954648626,0.43717389457057315
13200,0.12190627306699753,0.952545166015625,0.02211034670472145,0.022281332571334155,0.1666712098527949,0.02754359167118531,1.4843583797575637,0.6034186936537699,0.9883369118186072,0.37844435196385584,3.635871070851074,0.4373040759601096
13225,0.12188170850276947,0.95257568359375,0.022015053778886795,0.02225961922466823,0.16671589619041344,0.027543192402559834,1.484592721720468,0.6034286962481958,0.9883733497193069,0.3784667306158944,3.6359576943156267,0.4374336750140894
13250,0.12185726314783096,0.952606201171875,0.021926233544945717,0.022237597462638675,0.16676035517848012,0.02754283233151421,1.4848259743789138,0.6034391036246847,0.9884093958555614,0.37848957622755447,3.636044170936855,0.43756272394479845
13275,0.121832937002182,0.9526214599609375,0.021843815222382545,0.022216014058584525,0.16680459686690036,0.02754249531814347,1.4850581266155753,0.6034497161867604,0.9884450583762178,0.378512707017067,3.6361303631796615,0.4376912140172988
13300,0.121808722615242,0.95263671875,0.021758409217000008,0.022193314735087826,0.16684861600858894,0.027542197605413418,1.4852891457234962,0.6034607079900686,0.9884803322123212,0.37853629495466795,3.6362162474669026,0.4378191376331954
13325,0.12178464233875275,0.9526214599609375,0.02166418544948101,0.022171200394635313,0.16689242059941603,0.027541932140969512,1.4855191204978277,0.6034720233123744,0.988515231478369,0.378560134614257,3.6363019533594154,0.4379465008410188
13350,0.12176068127155304,0.952606201171875,0.0215785913169384,0.022150938438894166,0.16693601339886566,0.027541683815353418,1.4857480691285214,0.6034834989312715,0.9885497547607462,0.3785840829426821,3.6363874946172254,0.43807332580584646
13375,0.12173682451248169,0.95263671875,0.02149583026766777,0.022129877700641936,0.16697938410162744,0.027541484169524438,1.485975863617527,0.6034954469531034,0.9885839094591471,0.3786085043544573,3.6364726695222873,0.4381995906459438
13400,0.1217130795121193,0.9526519775390625,0.021411139518022537,0.022108792840264856,0.16702253200937317,0.027541338973229842,1.4862025609275002,0.6035079549224239,0.9886176914034428,0.37863359545307473,3.6365576244084,0.438325290822039
13425,0.12168946117162704,0.9526519775390625,0.02132420241832733,0.02208816304853841,0.16706549740144988,0.02754122312441853,1.4864283269963579,0.603520742354208,0.9886511062440633,0.37865883842174064,3.6366423261536838,0.43845046579406194
13450,0.12166593968868256,0.952667236328125,0.021245285868644714,0.022067354157355494,0.16710826908630386,0.027541119291330504,1.4866531022526008,0.6035336153045988,0.9886841620957376,0.37868415148886037,3.636726750261578,0.43857510780783876
13475,0.12164254486560822,0.952667236328125,0.021167850121855736,0.022047583252807788,0.16715083184968457,0.02754104712828361,1.4868768483193853,0.6035468009351624,0.9887168691362326,0.37870972823517224,3.6368109678032403,0.4386992265687193
13500,0.12161923944950104,0.952667236328125,0.02107948437333107,0.022027393767398703,0.1671931814209691,0.027540998624255984,1.4870995457756764,0.6035602112090961,0.9887492215212814,0.37873553464112986,3.6368949770808854,0.43882282697519504
13525,0.12159605324268341,0.9526824951171875,0.02099888026714325,0.022007469729160987,0.1672353477770446,0.027540967572115795,1.487321326753075,0.6035737775450114,0.9887812275849206,0.378761374631803,3.6369787745756748,0.43894590781665765
13550,0.12157297134399414,0.952667236328125,0.020915798842906952,0.021987055185301346,0.16727732768501039,0.027540973477645385,1.4875421534513775,0.6035877041037151,0.9888128976221083,0.3787876672536812,3.637062302457968,0.4390684814590046
13575,0.12154999375343323,0.95263671875,0.020837783813476562,0.021967395929891005,0.1673191356650335,0.027540999395793755,1.4877621023197354,0.6036018099611176,0.9888442215532931,0.37881415559243276,3.6371455892660927,0.4391905566521962
13600,0.12152713537216187,0.952667236328125,0.02075117453932762,0.02194745978694993,0.167360748142144,0.027541032154329587,1.4879810671441198,0.6036159501281569,0.9888752024234964,0.3788406842773062,3.6372286310466575,0.4393121141545678
13625,0.12150438129901886,0.9526519775390625,0.02066371589899063,0.021928078168912547,0.16740217146597214,0.027541073377559556,1.4881990812278385,0.6036301443752949,0.9889058508025641,0.37886728802784503,3.6373114396414357,0.43943314714837506
13650,0.12148173153400421,0.952667236328125,0.020587027072906494,0.021908939541205208,0.16744341210088234,0.027541128481008165,1.4884161610952915,0.6036444470148117,0.9889361770326842,0.3788940518111549,3.637393984666929,0.43955368552271845
13675,0.12145920097827911,0.952667236328125,0.020498178899288177,0.021888761298311157,0.1674844488010371,0.027541225350396728,1.4886322582191485,0.6036591821851037,0.9889661715232664,0.3789212821185202,3.6374763777408483,0.4396737011296591
13700,0.12143675982952118,0.9526824951171875,0.020426465198397636,0.021870213522036386,0.16752529374028402,0.027541365970343634,1.4888473818330434,0.6036743533712117,0.9889958257771682,0.3789490928126502,3.6375585086305033,0.4397931819959556
13725,0.1214144229888916,0.9527130126953125,0.02034427970647812,0.021852050105381427,0.16756597416748797,0.027541532093276762,1.4890617126518773,0.6036897847053808,0.9890251593162657,0.37897724715979586,3.6376405224962864,0.43991220760176597
13750,0.12139217555522919,0.952728271484375,0.02027616836130619,0.021833122050026764,0.16760645578692004,0.027541733781729805,1.4892750356924729,0.6037055610218875,0.9890541879818683,0.3790057496761565,3.637722265891127,0.4400307266837879
13775,0.12137003242969513,0.9527435302734375,0.020197566598653793,0.021814352128244983,0.16764674303774227,0.02754197393973356,1.4894873527901575,0.6037217068294201,0.9890828894517759,0.37903471110614584,3.6378036945803993,0.4401487292263368
13800,0.12134798616170883,0.952728271484375,0.020120427012443542,0.021795781400296973,0.16768683362176667,0.027542235619993378,1.4896986667855692,0.6037380416060439,0.9891112696755158,0.3790638949950221,3.6378848399094923,0.4402662164316461
13825,0.1213260293006897,0.9527435302734375,0.020055852830410004,0.02177706932424653,0.16772675148342195,0.027542525698157648,1.4899091191457423,0.6037546548654914,0.9891393394936701,0.37909331468012997,3.637965787092393,0.44038321917202233
13850,0.12130416929721832,0.9527435302734375,0.019975343719124794,0.0217596939652599,0.16776648496321145,0.02754285007472074,1.490118670947444,0.6037716164245261,0.9891670964793956,0.37912309364585955,3.6380465670312883,0.44049973602082504
13875,0.12128239870071411,0.9527435302734375,0.019896559417247772,0.02174124154905089,0.16780601520684313,0.027543198254001276,1.4903272460380517,0.6037888142398532,0.9891945472997556,0.37915306653257463,3.6381271976787652,0.4406157492330933
13900,0.12126073241233826,0.9527435302734375,0.019819321110844612,0.02172285404369954,0.16784537471520633,0.02754358472048375,1.490535004359048,0.6038064133202381,0.9892217027974675,0.3791834878528518,3.6382077165941786,0.4407312999616332
13925,0.12123916298151016,0.9527435302734375,0.019735390320420265,0.021704394592395464,0.16788456802796548,0.02754401210118653,1.4907419729325773,0.6038244451772866,0.9892485585375217,0.3792142444262704,3.6382881400340636,0.4408463760049246
13950,0.12121769785881042,0.9527587890625,0.019657548516988754,0.021686013148609688,0.1679235781825877,0.02754445936254236,1.490947990865815,0.6038426445299986,0.9892751154341864,0.37924516901277344,3.638368258640926,0.4409609257922544
13975,0.12119632214307785,0.9527740478515625,0.01958571933209896,0.02166882287319979,0.16796238738858763,0.027544937122518952,1.4911529510037376,0.603861116282704,0.989301387240566,0.37927639492662546,3.6384480031771895,0.44107495877414254
14000,0.12117505073547363,0.9527740478515625,0.019509591162204742,0.021651403823824487,0.168001026531389,0.027545434229829434,1.4913570741116808,0.6038797720131953,0.9893273583759385,0.37930783634374243,3.6385275773034937,0.4411885374836749
14025,0.12115386128425598,0.9527740478515625,0.01943584531545639,0.02163386229604985,0.16803950677073987,0.027545947028147996,1.4915604009076118,0.6038985680044873,0.9893530383830647,0.3793394180926577,3.6386069590580337,0.441301652530125
14050,0.1211327612400055,0.9528045654296875,0.01935303583741188,0.021616409831397752,0.16807780717679352,0.027546489606777906,1.491762833748335,0.6039176567074824,0.9893784306649249,0.3793713173617925,3.638686136398616,0.4414142821559665
14075,0.12111175805330276,0.9528045654296875,0.019279252737760544,0.02159905290197075,0.168115919357218,0.027547066891796618,1.4919643314826134,0.6039370904686552,0.9894035378601421,0.3794036925308413,3.6387650993030087,0.44152642438180933
14100,0.1210908442735672,0.9528045654296875,0.019198428839445114,0.02158265299767258,0.16815385374649475,0.0275476814462757,1.4921649583267438,0.603956904566116,0.9894283532432964,0.3794365761987654,3.6388438909702665,0.44163808167973245
14125,0.12107004225254059,0.9528350830078125,0.019126329571008682,0.021565357533325683,0.1681916094417865,0.0275483229568864,1.49236467390416,0.603976971156062,0.9894529015450754,0.37946973422560104,3.6389224222337284,0.441749269476063
14150,0.12104930728673935,0.95281982421875,0.019056858494877815,0.021549254412799184,0.16822918411050744,0.027548975349744365,1.4925634836408321,0.603997120348307,0.9894771800793832,0.37950292126064056,3.6390007311001282,0.441859980416817
14175,0.12102866172790527,0.952850341796875,0.018982606008648872,0.021533120018373753,0.16826658340754166,0.02754965986919335,1.4927614220225152,0.6040175887597208,0.9895011969937896,0.3795364125211099,3.639078840023337,0.4419702298651442
14200,0.12100810557603836,0.952850341796875,0.018911950290203094,0.02151691615334836,0.1683038195333657,0.027550380011827007,1.492958538398215,0.6040384127267507,0.9895249525432441,0.3795702501082124,3.63915673693561,0.4420800238237181
14225,0.12098763883113861,0.9528656005859375,0.018839385360479355,0.02150043989935911,0.1683408826075959,0.0275511346019891,1.4931547953312974,0.6040595818828136,0.9895484412284457,0.37960453377557524,3.6392344369779526,0.44218934831098755
14250,0.12096725404262543,0.9528961181640625,0.018765518441796303,0.02148438203817566,0.16837776860089368,0.02755192656101176,1.4933501697401657,0.604081126077906,0.9895716663168497,0.3796392896457454,3.639311927000544,0.4422982063065424
14275,0.12094695121049881,0.9528961181640625,0.018693801015615463,0.021468608333483824,0.16841451286800488,0.027552722007255104,1.493544852086152,0.6041026874396906,0.9895946280757153,0.3796739917142147,3.6393892886570978,0.4424066378646296
14300,0.12092672288417816,0.9528961181640625,0.0186215341091156,0.02145185439286088,0.16845108931650093,0.027553520996443915,1.4937386845077019,0.6041242494601173,0.9896173263368951,0.3797086792886339,3.639466418817651,0.44251460445483937
14325,0.12090659141540527,0.952911376953125,0.01854579709470272,0.021435695882088324,0.1684874757831847,0.027554367154170117,1.493931596849492,0.6041463016935924,0.9896397735381686,0.37974389735958736,3.639543385534025,0.4426221009922787
14350,0.12088654935359955,0.9529266357421875,0.018472997471690178,0.02142027495034655,0.168523712855981,0.02755524439910758,1.4941237471207112,0.604168658906637,0.9896619775151898,0.37977936838943915,3.63962013492666,0.4427291607496957
14375,0.12086659669876099,0.9529571533203125,0.01839723438024521,0.021404576870906557,0.16855976264520112,0.027556158145683175,1.4943149703887428,0.6041913816209662,0.9896839186618892,0.37981523123907623,3.6396966739851497,0.44283575209162435
14400,0.1208467185497284,0.9529876708984375,0.018328024074435234,0.02138922233883054,0.16859563736881575,0.027557110171150076,1.4945053505966663,0.604214501290996,0.9897055954071718,0.3798515555204749,3.6397730747976453,0.442941868943813
14425,0.12082692980766296,0.9530029296875,0.01825590245425701,0.021373198161752968,0.16863135435573032,0.027558079414028436,1.4946949478909597,0.6042377802168497,0.9897270192240877,0.3798879712260669,3.6398492963617297,0.44304753949571524
14450,0.1208072081208229,0.9530029296875,0.018189802765846252,0.021357453313791196,0.1686669172551913,0.027559067453307603,1.494883775603815,0.604261234497327,0.9897481955457064,0.3799245511973974,3.6399253313764754,0.44315278292549787
14475,0.12078757584095001,0.9530487060546875,0.018116796389222145,0.021342429470049697,0.1687022904037501,0.027560084678754086,1.4950716555186672,0.6042849698143214,0.9897691324517941,0.37996149090514353,3.6400011303167874,0.4432575462517912
14500,0.12076801806688309,0.953033447265625,0.01805238425731659,0.021327404539890352,0.16873748504770944,0.027561141456959128,1.495258666423473,0.6043091114461948,0.9897898375979838,0.37999882993404166,3.6400767632282296,0.44336185607313483
14525,0.12074854224920273,0.9530487060546875,0.017977802082896233,0.021312683313999454,0.16877252013725327,0.02756222820726518,1.495444885869493,0.6043335516985907,0.9898103035028396,0.3800365056119672,3.640152214080079,0.4434657295182327
14550,0.12072914093732834,0.953094482421875,0.017907947301864624,0.021297307162983545,0.16880738402947607,0.027563347984169404,1.495630239167128,0.6043583146549961,0.9898305398488212,0.3800746537838417,3.6402274262388166,0.4435691599899874
14575,0.12070982158184052,0.953094482421875,0.017848772928118706,0.02128296010419477,0.16884210910823114,0.027564490876363514,1.4958149268886316,0.6043833146705504,0.9898505420887747,0.38011302527437774,3.640302538331313,0.4436721953995206
14600,0.12069056928157806,0.953094482421875,0.017786698415875435,0.021268227382074165,0.16887668540507952,0.02756564835470199,1.4959988811108516,0.6044084485771823,0.9898703175878605,0.38015160481495364,3.6403774921670227,0.44377483226764824
14625,0.12067137658596039,0.953094482421875,0.01772138476371765,0.021254114753726558,0.16891111086171887,0.027566814935399704,1.496182097102102,0.6044336579663337,0.9898898614176399,0.38019028127907706,3.6404522980595226,0.44387706647196146
14650,0.12065227329730988,0.953094482421875,0.017653856426477432,0.021239797154483136,0.16894536638920077,0.027567990252209112,1.496364478182482,0.604458933855733,0.9899091725852505,0.3802289541734317,3.6405269261036497,0.44397886009228105
14675,0.12063324451446533,0.9531097412109375,0.017577506601810455,0.021224922784906314,0.16897946646236472,0.027569189921652255,1.496546056455528,0.6044844344586722,0.9899282583358321,0.38026781647879926,3.640601298069826,0.44408021076295034
14700,0.12061429768800735,0.9531097412109375,0.017505880445241928,0.02121063972775574,0.16901339665204634,0.02757043106553208,1.4967268165721235,0.6045103670273279,0.9899471231118636,0.3803070852579814,3.640675531694254,0.4441811200009529
14725,0.12059542536735535,0.953125,0.01744157262146473,0.021196531150559035,0.16904719104763238,0.02757170876547112,1.4969069292067634,0.6045366855435808,0.989965760321588,0.3803467689641386,3.640749674592494,0.4442816337467314
14750,0.12057662755250931,0.9531402587890625,0.01737240143120289,0.02118247773723602,0.1690808313749503,0.027573000626802378,1.4970862459036716,0.6045631171564875,0.9899841920362434,0.38038666836019175,3.64082356214759,0.4443817311174342
14775,0.12055789679288864,0.953125,0.017307216301560402,0.0211678196680849,0.1691143199679272,0.02757431206839281,1.4972648038111422,0.6045897320423915,0.9900024071894309,0.38042678129267304,3.6408972592427715,0.4444814005338748
14800,0.12053924053907394,0.9531097412109375,0.017247341573238373,0.021154370011080708,0.1691476565240758,0.027575644415934755,1.4974426208753162,0.6046165524607127,0.9900204084322544,0.3804671328285793,3.6409708124310574,0.4445806447492082
14825,0.12052065134048462,0.953094482421875,0.017183862626552582,0.021140386327547337,0.169180855495611,0.027576992837148016,1.497619754185261,0.6046435225965769,0.9900381956682414,0.38050762016502715,3.641044204640741,0.4446795054060284
14850,0.12050212174654007,0.953094482421875,0.017129069194197655,0.021126946564033383,0.16921390980205597,0.027578375030088597,1.4977961591031905,0.6046708310446702,0.9900557795484675,0.3805484561322222,3.641117403229283,0.4447779708406152
14875,0.12048366665840149,0.9531097412109375,0.01706618256866932,0.02111278191986267,0.1692468252991154,0.02757977923789926,1.4979718839789002,0.6046983579148671,0.9900731593879055,0.38058958855557934,3.6411904624191744,0.44487604601471153
14900,0.12046527862548828,0.9531097412109375,0.01701241545379162,0.021099727716459567,0.1692796130784175,0.02758121310804707,1.4981469451929343,0.6047261737863991,0.9900903307776578,0.38063111095649693,3.641263302418076,0.44497372422956594
14925,0.12044693529605865,0.953125,0.016949836164712906,0.021085836459512085,0.1693122592583867,0.027582672443426666,1.498321296018838,0.604754238527697,0.9901072974928232,0.3806729221276244,3.6413359586798326,0.4450709995646099
14950,0.1204286739230156,0.953125,0.016896307468414307,0.02107382418315475,0.16934476928640563,0.02758414848109383,1.4984949920998603,0.6047824687467592,0.9901240623831439,0.3807149374674031,3.6414085075487463,0.4451679050757337
14975,0.12041046470403671,0.953155517578125,0.016827495768666267,0.021060546650462843,0.16937713227954912,0.027585637814854354,1.4986679167755186,0.6048107993968371,0.990140632894013,0.380757015029089,3.6414807822383755,0.44526440902157116
15000,0.1203923299908638,0.9531402587890625,0.016762543469667435,0.0210476751425003,0.1694093500984581,0.027587147549443258,1.4988401387748453,0.6048393327211142,0.9901570110447008,0.38079921968310304,3.641552929445782,0.4453605103293387
15025,0.12037426233291626,0.9531402587890625,0.016698278486728668,0.021035341568299046,0.16944142488013686,0.027588684427038376,1.4990116658041053,0.6048681418637686,0.9901731869988901,0.38084170311361354,3.641624944604546,0.445456216486015
15050,0.12035626173019409,0.953125,0.016644319519400597,0.021023493362776598,0.16947336100597774,0.027590261259777545,1.4991825388019362,0.6048973759109829,0.9901891638881513,0.3808846116022922,3.64169687977012,0.44555154457480556
15075,0.1203383058309555,0.9531097412109375,0.016586249694228172,0.021011532731552297,0.16950515047018572,0.027591881072889405,1.4993527262653856,0.604927069535338,0.9902049645682633,0.38092802010414506,3.6417687441088087,0.4456464960726871
15100,0.12032042443752289,0.9531402587890625,0.016525927931070328,0.02099880929222535,0.16953680229227613,0.027593532742191205,1.4995222158839565,0.6049570796650351,0.9902205804268336,0.38097181989778306,3.6418404105107114,0.4457410553504365
15125,0.12030260264873505,0.9531707763671875,0.0164690762758255,0.020985762723842095,0.16956830149213448,0.02759520306088443,1.4996909364670223,0.6049872594738669,0.9902360104687371,0.38101588347500615,3.6419118666832997,0.44583521536683934
15150,0.12028484046459198,0.9531707763671875,0.01640855334699154,0.020973446586700997,0.169599661622425,0.02759689094536545,1.4998589510950178,0.6050175982949316,0.9902512600819224,0.38106023961948504,3.6419831199760377,0.4459289945135536
15175,0.12026714533567429,0.9532012939453125,0.016356999054551125,0.02096157022504007,0.16963089821723665,0.02759861662680606,1.5000263462749288,0.6050483250276284,0.9902663374965339,0.3811050444472492,3.642054213388199,0.44602241320320296
15200,0.12024950236082077,0.95318603515625,0.016292450949549675,0.02094943704853187,0.1696619972883159,0.027600360875720747,1.5001930606875222,0.6050792290419651,0.9902812264251653,0.381150096420516,3.6421251479420444,0.44611542831659173
15225,0.12023192644119263,0.9532012939453125,0.016236931085586548,0.020937738379215365,0.16969297508847414,0.027602128790097845,1.500359177499045,0.6051103707254414,0.9902959414679545,0.38119546757070255,3.6421959508244983,0.4462081064344378
15250,0.12021440267562866,0.953216552734375,0.016185669228434563,0.020925223753407843,0.16972383424107318,0.02760391812428202,1.5005246798208969,0.6051417139218264,0.9903104882649488,0.3812410418343324,3.6422665526417792,0.44630043443945866
15275,0.12019693851470947,0.9532318115234375,0.0161263570189476,0.020913463369446845,0.16975456024158353,0.02760570210218122,1.500689534695076,0.6051729776518073,0.9903248623591632,0.3812863693225431,3.642337028784548,0.4463923964578436
15300,0.12017951905727386,0.953216552734375,0.016082067042589188,0.02090162761900881,0.1697851504762985,0.027607494404729174,1.5008537453325812,0.6052043177776876,0.9903390586357153,0.3813318013152707,3.642407414804334,0.44648399155651436
15325,0.12016216665506363,0.9532318115234375,0.016020646318793297,0.02088950636700185,0.16981563780718886,0.027609294908352962,1.5010173975784094,0.6052357089445097,0.9903530902558266,0.38137731194503743,3.64247756628964,0.44657525244102925
15350,0.12014486640691757,0.9532318115234375,0.01596624217927456,0.0208781963075014,0.1698459818195137,0.02761111822402737,1.5011803198011315,0.6052673140708918,0.9903669491564453,0.38142313360720376,3.6425474999787837,0.44666613432889196
15375,0.12012762576341629,0.953216552734375,0.015902020037174225,0.02086657632778203,0.16987620209400084,0.02761296831744038,1.5013426688302571,0.6052992049078908,0.9903806330287814,0.3814691971718068,3.6426173861740923,0.44675666389939284
15400,0.12011045217514038,0.9532318115234375,0.01584221050143242,0.02085450908653756,0.1699062972102812,0.027614854556871234,1.5015043612074042,0.6053314529597579,0.990394151203385,0.3815157035334039,3.642687037358347,0.44684681509883717
15425,0.12009333074092865,0.9532470703125,0.015786970034241676,0.02084231212519143,0.16993624264128676,0.02761675469677167,1.5016652860227753,0.6053638133300988,0.9904074907664373,0.3815624362858911,3.6427564471436162,0.44693657479574206
15450,0.1200762614607811,0.9532623291015625,0.01572609506547451,0.020830313570147897,0.16996605351994207,0.02761867340489085,1.5018255853934082,0.6053963674579388,0.9904206634548839,0.3816094176083651,3.642825797804878,0.4470259762453099
15475,0.12005926668643951,0.9532928466796875,0.015670625492930412,0.02081897535829428,0.1699957277213931,0.02762060889546343,1.5019852284612367,0.6054290870587679,0.9904336794822277,0.3816564719309789,3.642895036979256,0.44711499724926407
15500,0.12004230916500092,0.95330810546875,0.015622279606759548,0.02080783447050416,0.17002530539847724,0.027622554502898283,1.502144411490819,0.6054619066390027,0.99044653254891,0.38170350135955144,3.6429642102087354,0.44720372029847855
15525,0.12002541124820709,0.95330810546875,0.015564973466098309,0.020796908245181506,0.17005476282076942,0.027624546136506514,1.5023029968945256,0.6054952064957195,0.9904592372676737,0.381751148177177,3.6430332378336434,0.44729209028899114
15550,0.12000856548547745,0.9532928466796875,0.01550888642668724,0.020786185892534774,0.17008409987519993,0.027626550472309788,1.502460956506806,0.6055286102089,0.9904717867685331,0.38179893063928494,3.643102052541117,0.4473800926409786
15575,0.11999177932739258,0.9533233642578125,0.01545681431889534,0.020774496990056214,0.17011332066343784,0.02762859363741593,1.5026183294285205,0.6055624125162954,0.9904841878930626,0.38184702772242807,3.643170705001238,0.4474677297347695
15600,0.11997504532337189,0.9533233642578125,0.015397815965116024,0.02076399999156553,0.17014240696734553,0.027630667956065436,1.5027750358156233,0.6055965294857029,0.9904964277617887,0.3818954854465664,3.643239196482197,0.4475550019655485
15625,0.11995836347341537,0.9533538818359375,0.015341324731707573,0.020753466530804877,0.17017137270176041,0.027632755216969163,1.5029311591141046,0.6056307703483265,0.9905085104315814,0.3819440735040909,3.6433075800604184,0.44764193512822026
15650,0.11994174122810364,0.953369140625,0.0152860376983881,0.020742338317595397,0.17020019473547396,0.027634851111961053,1.503086592911264,0.6056650861226719,0.9905204416361038,0.3819926448419164,3.6433758451425517,0.4477285089631778
15675,0.11992517113685608,0.953369140625,0.015237027779221535,0.020731911143273114,0.17022891143356975,0.027636959371241016,1.5032414891946413,0.6056995106166028,0.9905322209803529,0.38204136862111093,3.643443949257411,0.4478147535105599
15700,0.1199086382985115,0.9533843994140625,0.01518553402274847,0.02072104517694145,0.17025750640573922,0.027639090183584535,1.5033958260006546,0.605734175743031,0.9905438564211526,0.38209040586490856,3.6435120143657227,0.4479006636778763
15725,0.1198921650648117,0.9534149169921875,0.015130653977394104,0.02071005025272537,0.17028598475664408,0.02764123793749612,1.503549622291878,0.6057690185161173,0.9905553350185745,0.3821395543553223,3.6435800315577107,0.4479862413315707
15750,0.11987574398517609,0.95343017578125,0.015079690143465996,0.020699730645479676,0.17031434189486605,0.027643396633049253,1.5037027458558605,0.6058039280411393,0.9905666665784798,0.38218873567869915,3.6436477293446923,0.44807144893379863
15775,0.11985936760902405,0.95343017578125,0.015034996904432774,0.02068993942922301,0.17034258340995875,0.02764559256728112,1.5038553124626766,0.6058392291173494,0.9905778555575766,0.3822385188533232,3.643715328269447,0.4481563322105045
15800,0.11984303593635559,0.9534454345703125,0.014989187009632587,0.020679306857473583,0.17037070216766778,0.02764780978652512,1.504007270242912,0.6058747386664257,0.9905889127735683,0.3822886575936514,3.6437827787396384,0.4482408904428628
15825,0.11982674896717072,0.9534912109375,0.014943248592317104,0.020669264051053005,0.17039871669236284,0.027650040692324778,1.5041587186599263,0.6059103805105421,0.9905998326078144,0.38233892259545565,3.6438501234218785,0.4483251411766938
15850,0.11981051415205002,0.9534759521484375,0.01489490456879139,0.020658946783475577,0.1704266294143601,0.027652271632523574,1.504309643986816,0.6059459951759107,0.9906106170364083,0.38238914164417037,3.643917302892077,0.4484090889940869
15875,0.1197943240404129,0.9534759521484375,0.01484568603336811,0.020648922071905513,0.17045443360849646,0.027654525697517904,1.5044600218915045,0.6059818377694041,0.990621263399034,0.3824396269532996,3.643984329929196,0.44849272133465584
15900,0.11977817863225937,0.9534912109375,0.014792979694902897,0.020638742803996763,0.17048213133895587,0.027656798286631583,1.5046098498335632,0.6060178531426652,0.9906317694896294,0.3824902574752949,3.6440511761324346,0.4485760421379108
15925,0.11976207792758942,0.9535064697265625,0.014746349304914474,0.020629202121760747,0.1705097091358443,0.027659104746446967,1.504759089084735,0.6060542177232551,0.990642134370628,0.3825413582061177,3.6441178914759833,0.4486590096519538
15950,0.11974602937698364,0.9535369873046875,0.014694169163703918,0.020619005082935613,0.17053717909869037,0.027661440944538346,1.5049078061697265,0.6060908914655766,0.9906523641101291,0.3825929014728981,3.6441845075618176,0.44874165392422044
15975,0.11973002552986145,0.95355224609375,0.01464066095650196,0.02061005486991209,0.1705645169020493,0.027663785577426887,1.5050558857393599,0.6061276376944995,0.990662455017374,0.3826444009137031,3.644251004761342,0.44882395069041886
16000,0.11971407383680344,0.95355224609375,0.01459384523332119,0.02060005679617787,0.17059174011862335,0.02766616741583164,1.505203418376867,0.6061647768025678,0.9906724162408594,0.3826962364423859,3.644317414450797,0.4489059371479977
16025,0.11969815939664841,0.95355224609375,0.014543062075972557,0.020589932551493384,0.1706188491972269,0.02766857835595573,1.5053503759182676,0.6062022078091991,0.9906822403407456,0.3827483833657037,3.644383663443779,0.4489875980920615
16050,0.11968229711055756,0.953521728515625,0.014497757889330387,0.02058095265248479,0.17064586794113035,0.027671001275390888,1.5054968651470306,0.606239743807049,0.9906919382755262,0.3828006668262564,3.6444497558668196,0.44906897304385024
16075,0.11966646462678909,0.95355224609375,0.01445023249834776,0.020571148854484585,0.17067279463657944,0.027673412560800446,1.5056428695925743,0.6062771225066045,0.9907015049628716,0.3828527084335714,3.6445156700056773,0.4491500449727566
16100,0.1196506917476654,0.95355224609375,0.014391721226274967,0.02056189501999106,0.17069962088648283,0.02767583129363677,1.5057884605551701,0.606314596528437,0.9907109455571708,0.38290482273670495,3.6445816679354595,0.4492308229139248
16125,0.1196349710226059,0.9535369873046875,0.014341036789119244,0.020551783006396006,0.1707263470483908,0.027678254304955092,1.5059335436291745,0.606352092473956,0.9907202617341639,0.3829569162660903,3.644647517141594,0.4493112839401055
16150,0.11961929500102997,0.9535369873046875,0.01429342944175005,0.020541800486749844,0.1707529625432847,0.02768069569359776,1.5060780471765494,0.6063897546792151,0.9907294528977484,0.38300918624158153,3.6447131570020495,0.4493914108240584
16175,0.11960366368293762,0.953521728515625,0.014230144210159779,0.02053197969416724,0.170779486271199,0.02768314480870093,1.5062220837136115,0.6064274781814134,0.9907385193244762,0.3830615884015724,3.64477865793568,0.44947124398357885
16200,0.11958808451890945,0.953521728515625,0.01417890191078186,0.02052314096457795,0.17080591212299223,0.027685593096325192,1.5063656175177111,0.60646516572115,0.9907474680188177,0.38311387952714954,3.6448439985418357,0.44955074400142886
16225,0.11957255005836487,0.9535064697265625,0.014127915725111961,0.02051399730479796,0.17083223457458152,0.027688068501371208,1.5065086581664153,0.6065031369966835,0.9907563017780485,0.3831664843751439,3.6449092607714437,0.4496299435001308
16250,0.11955706775188446,0.9535064697265625,0.014078718610107899,0.02050473040128947,0.17085845685593104,0.027690557851865458,1.5066512331528605,0.6065412530260706,0.9907650202831529,0.3832192588314933,3.6449744765031005,0.4497088494756385
16275,0.11954161524772644,0.9535064697265625,0.014027821831405163,0.020495070579740964,0.1708845902454709,0.02769305169698902,1.506793351120042,0.6065793937240839,0.9907736282215407,0.3832719776310942,3.645039546176291,0.4497874640881875
16300,0.1195262148976326,0.9535064697265625,0.013980705291032791,0.020485732890953217,0.17091061637284585,0.02769556015090925,1.5069349375775751,0.6066176724414235,0.9907821139720299,0.3833247953697677,3.645104485367592,0.44986577883451834
16325,0.11951085925102234,0.9535369873046875,0.013935009948909283,0.02047654396282218,0.1709365455288185,0.027698082878373827,1.5070760100798095,0.6066560742669393,0.990790485282614,0.3833776977217309,3.6451692266380427,0.4499437946883668
16350,0.11949554085731506,0.9535369873046875,0.013890980742871761,0.020467859399531507,0.17096239647702896,0.027700620702306458,1.5072167372056875,0.6066946427360826,0.9907987411320928,0.3834307953934103,3.6452339775226856,0.4500215456115113
16375,0.11948026716709137,0.9535369873046875,0.0138422641903162,0.020458805120923382,0.1709881488949687,0.027703184020154994,1.507356963308786,0.6067334650747802,0.9908068833210335,0.38348417543672775,3.645298578093301,0.45009899501292533
16400,0.11946502327919006,0.95355224609375,0.013796184211969376,0.020449255666538213,0.17101378964493666,0.027705778081186704,1.5074966191024735,0.6067725941303954,0.9908149136539555,0.3835378515573915,3.6453630006757853,0.4501761235217367
16425,0.11944982409477234,0.95355224609375,0.013755702413618565,0.02044141721975884,0.1710393187057761,0.02770839998381779,1.5076357027581782,0.6068119973707764,0.9908228371948229,0.38359182722129215,3.6454272409060815,0.45025295450255365
16450,0.1194346696138382,0.9535369873046875,0.013707553036510944,0.020432612251589523,0.17106474773329453,0.02771105662744966,1.5077743016657668,0.606851764781182,0.9908306483585613,0.3836461492423531,3.6454913857127975,0.4503294849616826
16475,0.11941955983638763,0.95355224609375,0.013660779222846031,0.020423735086501794,0.17109009381484414,0.027713716563959167,1.507912512656643,0.6068915606284829,0.990838346480605,0.3837004475559944,3.6455554869866122,0.4504057360003222
16500,0.11940447986125946,0.9536285400390625,0.013627085834741592,0.02041582980741077,0.17111535641236128,0.027716395409612606,1.5080503256083482,0.6069315527468648,0.9908459411546908,0.3837549960082274,3.6456195258453503,0.45048173348194986
16525,0.11938944458961487,0.953643798828125,0.013578156940639019,0.02040691577556415,0.17114053383849734,0.027719086984299184,1.508187696567244,0.6069716587319128,0.9908534280195109,0.3838096180954439,3.6456834138741665,0.4505574604560851
16550,0.11937443912029266,0.953643798828125,0.013538805767893791,0.02039837794876795,0.17116564084334523,0.027721785270729077,1.5083246771283383,0.6070118072772648,0.9908608118492297,0.38386428771322634,3.6457471185749766,0.45063292433327246
16575,0.11935947090387344,0.9536590576171875,0.013498949818313122,0.020389923860239936,0.17119065120659127,0.027724503122235712,1.5084611920097444,0.6070521552680321,0.9908680806270467,0.38391914151431383,3.6458107371139823,0.4507081119583766
16600,0.11934453994035721,0.9536590576171875,0.013453207910060883,0.02038139963056035,0.1712155524691052,0.027727231294358334,1.508597207159672,0.6070926098369175,0.9908752479447357,0.3839741138045369,3.6458743196938657,0.4507830045573044
16625,0.11932964622974396,0.9536590576171875,0.013409913517534733,0.020372516204851462,0.1712403406228433,0.02772996189855803,1.5087326643034962,0.6071330682382046,0.9908823159759945,0.3840290599930347,3.64593776797103,0.45085759124959585
16650,0.11931478977203369,0.9536895751953125,0.01336921937763691,0.020363868020807592,0.17126503275278135,0.02773271566149851,1.5088676584690306,0.6071737652843714,0.9908892861485458,0.38408426766243897,3.646001129538385,0.4509319019196249
16675,0.119299978017807,0.9536895751953125,0.013327128253877163,0.020355325212215995,0.17128962121216518,0.027735497586216212,1.509002130731546,0.6072147455321159,0.9908961619598378,0.3841397679301122,3.6460643432536135,0.4510059220884412
16700,0.11928519606590271,0.9536895751953125,0.013290982693433762,0.02034757520469664,0.17131411614674025,0.02773829227558865,1.5091361212342322,0.6072558385541957,0.9909029336944053,0.3841954013857925,3.6461273979852757,0.45107965318705573
16725,0.1192704439163208,0.953704833984375,0.013244337402284145,0.02033911932714577,0.17133852542845168,0.0277411050482808,1.50926967675895,0.6072971074013784,0.9909096078448171,0.38425121171781373,3.6461903228612784,0.4511531155413986
16750,0.11925574392080307,0.953704833984375,0.013189557939767838,0.02033086204340484,0.17136285827722267,0.02774393631591541,1.509402833506791,0.6073385547633653,0.9909161870376723,0.384307157418009,3.646253107118895,0.4512263274600608
16775,0.11924107372760773,0.9537200927734375,0.013145112432539463,0.020323486307485584,0.17138708516718676,0.027746781345158327,1.5095354821729032,0.6073801371305669,0.9909226673389901,0.3843630853818102,3.646315800711833,0.45129923981846953
16800,0.11922644823789597,0.9537200927734375,0.013103869743645191,0.02031420675375943,0.17141121331343975,0.027749648226054666,1.5096676696636877,0.6074219490900724,0.9909290410385267,0.38441924391362303,3.6463784400287174,0.45137187134102524
16825,0.11921186000108719,0.9537353515625,0.013059659861028194,0.020306083161435125,0.17143527846124612,0.02775252937007657,1.5097995313998986,0.6074638986945892,0.9909353172526707,0.38447553594258677,3.6464409718240574,0.45144424392701094
16850,0.1191973090171814,0.9537506103515625,0.01302263792604208,0.020297518728236385,0.17145924477908328,0.027755442176303644,1.509930893648822,0.6075061699033382,0.9909414950091513,0.38453211524971354,3.646503357466983,0.45151633368802774
16875,0.1191827803850174,0.953765869140625,0.012979913502931595,0.020289845935087036,0.17148310999825087,0.027758376427601383,1.510061763440707,0.607548657688813,0.9909475808770518,0.38458884752642813,3.6465656379176727,0.45158815069104336
16900,0.11916828900575638,0.9537811279296875,0.012947086244821548,0.020281870869409767,0.17150688346415838,0.027761316431566155,1.5101921927462323,0.6075911946296673,0.9909535837574842,0.3846457052810147,3.646627839166061,0.4516597006618853
16925,0.11915382742881775,0.9537811279296875,0.012908434495329857,0.020274289651803896,0.17153057469440647,0.02776426688771852,1.5103222427956238,0.607633839896111,0.9909595040693725,0.38470269772680665,3.6466900077433198,0.45173101885703715
16950,0.1191394031047821,0.9537811279296875,0.012879363261163235,0.020266594050287544,0.1715541720365735,0.027767245141523993,1.5104518497306465,0.6076767781993069,0.9909653324233637,0.3847599605466653,3.6467521131898955,0.4518020562318539
16975,0.11912500113248825,0.9537811279296875,0.012844020500779152,0.020259422150001857,0.17157768345985075,0.027770248017181448,1.510581045048992,0.6077199732894333,0.9909710645413023,0.3848175031259414,3.6468141467113417,0.45187284553349927
17000,0.11911062896251678,0.9537811279296875,0.012807294726371765,0.02025240623960236,0.17160109817414557,0.027773287337053424,1.5107097556870002,0.6077635441818512,0.9909767090797402,0.38487556870725936,3.646876046457755,0.451943351588639
17025,0.1190962940454483,0.9537811279296875,0.012773571535944939,0.02024526209712505,0.171624428175697,0.027776353889441982,1.5108380848193241,0.6078074102843549,0.9909822702899302,0.38493395057030033,3.646937933886928,0.4520136173897622
17050,0.11908197402954102,0.9537811279296875,0.012730561196804047,0.020237495221814904,0.17164765274073884,0.027779445253370907,1.510965892507069,0.6078515254503636,0.9909877484463291,0.3849925258271373,3.646999691251356,0.45208360762924615
17075,0.1190677061676979,0.9537811279296875,0.012694557197391987,0.0202299325984991,0.1716707970439877,0.02778254152425438,1.5110932971072812,0.6078956749006663,0.9909931471224855,0.38505104305359783,3.6470613366499185,0.45215333328623536
17100,0.11905346065759659,0.95379638671875,0.012665199115872383,0.020222358966880603,0.17169386981562226,0.027785642739638697,1.5112203356936806,0.6079398584767823,0.9909984512311085,0.3851096933945371,3.6471228667226234,0.4522228149954308
17125,0.11903923749923706,0.95379638671875,0.012626144103705883,0.02021491919296085,0.1717168554154138,0.027788754396064406,1.51134695126503,0.6079841410401633,0.9910036721712603,0.3851686149792723,3.6471843099155823,0.4522920553508797
17150,0.11902505159378052,0.953765869140625,0.012588570825755596,0.02020797916506634,0.17173976934844443,0.027791869334148407,1.5114732153470112,0.6080284455641575,0.9910088081978239,0.38522758404719715,3.647245674057949,0.45236106045801744
17175,0.11901089549064636,0.9537506103515625,0.012551448307931423,0.020200835565750714,0.17176259181802758,0.027794998714855468,1.5115990157555332,0.6080728840239779,0.9910138568335165,0.3852866231842818,3.6473068985496613,0.45242978563764424
17200,0.11899677664041519,0.9537506103515625,0.012508797459304333,0.020193346067692453,0.171785308734319,0.027798154892762546,1.5117243323949126,0.6081176083679258,0.9910188223010571,0.38534583339107953,3.6473680843649374,0.45249824238374764
17225,0.11898268759250641,0.9537506103515625,0.012477215379476547,0.02018605606100293,0.1718079436013789,0.02780135705699835,1.5118492361341165,0.6081628153255446,0.9910237081118364,0.38540551982829985,3.6474291528269807,0.45256644557245057
17250,0.11896861344575882,0.9537506103515625,0.01244740653783083,0.02017860250749904,0.17183048505041712,0.027804597916045098,1.5119736474702357,0.6082084132048632,0.9910285151816074,0.385465745269974,3.647490032699328,0.45263438299719794
17275,0.11895458400249481,0.9537200927734375,0.012405491434037685,0.02017096072719457,0.17185293384380507,0.027807858216241866,1.5120976211426098,0.6082542120274893,0.991033239659336,0.38552624678693215,3.647550847825447,0.45270206187133627
17300,0.1189405769109726,0.9537200927734375,0.012362348847091198,0.020163273968294988,0.17187530470585666,0.02781111859537935,1.5122212161595934,0.608299997672816,0.9910378900786097,0.385586690097984,3.6476115841627776,0.45276948468500877
17325,0.11892661452293396,0.9537353515625,0.012324236333370209,0.020156233367563912,0.17189760983858682,0.027814380059413255,1.512344490949919,0.6083457830334733,0.9910424621970243,0.3856470618385781,3.6476722530668915,0.45283668116245707
17350,0.11891266703605652,0.9537353515625,0.012295312248170376,0.020148836055267308,0.17191984882750716,0.027817661712115492,1.512467440318234,0.6083917756412776,0.9910469583087058,0.38570760989870645,3.6477328463149483,0.45290365166807756
17375,0.11889876425266266,0.9537353515625,0.01225191168487072,0.020141914495072126,0.17194201865619715,0.027820973538945262,1.5125900287839613,0.6084380757061775,0.991051375371548,0.3857686558119445,3.647793310249607,0.4529703848545453
17400,0.11888487637042999,0.9537353515625,0.012217472307384014,0.02013410230627629,0.17196408776129948,0.02782431717758528,1.5127121315287955,0.6084847067100717,0.9910557118892954,0.38583011264827544,3.647853678568049,0.4530368342678771
17425,0.11887102574110031,0.9537353515625,0.012172624468803406,0.020127776482496362,0.17198607787118486,0.027827673094970508,1.5128338434337987,0.608531454734353,0.991059967570932,0.38589156027057914,3.6479139494867123,0.4531030347530663
17450,0.11885720491409302,0.9537353515625,0.012139649130403996,0.02012113962274565,0.17200798205442425,0.027831055865889874,1.5129551469229363,0.6085784842863706,0.9910641504007522,0.38595331113388653,3.6479741540258543,0.45316899004373856
17475,0.11884342133998871,0.9537506103515625,0.012095583602786064,0.020114213609116832,0.17202980088920267,0.0278344577490372,1.5130760253880737,0.6086257029670155,0.9910682650925176,0.3860152686165001,3.648034245894375,0.4532346974314571
17500,0.1188296526670456,0.9537506103515625,0.012063277885317802,0.02010768859005073,0.17205154867350164,0.027837880268091326,1.5131965418625046,0.6086731274481584,0.9910723040513795,0.3860775363653377,3.648094225364593,0.453300175586855
17525,0.11881592124700546,0.9537506103515625,0.012027811259031296,0.02010059943757268,0.1720732196955041,0.02784131121974041,1.5133166886762248,0.6087206312933248,0.991076275450862,0.3861399180015838,3.648154134408628,0.45336541068296243
17550,0.11880221962928772,0.9537506103515625,0.011985539458692074,0.020093892725563684,0.17209480483130346,0.027844768332684212,1.5134364476951128,0.6087684171149733,0.991080184622718,0.3862024659367236,3.648214025919135,0.4534303994602273
17575,0.11878855526447296,0.9537506103515625,0.011949392966926098,0.02008764190688934,0.1721163065290453,0.02784824068526956,1.5135557828615178,0.6088163466348532,0.9910840176770321,0.38626505760247176,3.648273786911508,0.4534951382068352
17600,0.1187749132514,0.9537353515625,0.011910432949662209,0.02008048868385344,0.17213773944385177,0.027851726719038346,1.513674775650084,0.6088644096293515,0.9910877895861097,0.38632783421923733,3.6483334583578793,0.4535596560891791
17625,0.11876130104064941,0.9537506103515625,0.011876163072884083,0.020073185309743648,0.1721590783998866,0.027855241786362332,1.5137933526218386,0.6089127888437752,0.9910914964172267,0.3863909541303119,3.64839312994039,0.4536239238296544
17650,0.11874771118164062,0.9537353515625,0.01184411346912384,0.020066175083924685,0.17218033745208705,0.027858783406796015,1.5139115435976316,0.6089614442417776,0.9910951325896209,0.38645438199776383,3.6484527244775444,0.4536879410993563
17675,0.11873415112495422,0.9537353515625,0.011810757219791412,0.02005887874275199,0.17220149094986945,0.027862371462958117,1.5140292265218278,0.6090105893201734,0.9910987079575704,0.38651844006060015,3.64851221947172,0.4537517115209945
17700,0.11872062087059021,0.9537353515625,0.011775003746151924,0.020052829640818635,0.17222258310962782,0.027865970052056658,1.5141466398038244,0.6090598493354894,0.9911022117963874,0.38658250141730055,3.6485717209057222,0.4538152752716103
17725,0.11870712041854858,0.9537811279296875,0.011745753698050976,0.020046552127025417,0.1722436000471129,0.027869588558746102,1.5142636574550181,0.6091093006815698,0.9911056461415715,0.38664682254388216,3.64863107217317,0.4538785958981056
17750,0.11869363486766815,0.9537811279296875,0.011704331263899803,0.020039861100861596,0.17226453200863528,0.027873234726358116,1.5143802542045122,0.6091590350025734,0.9911090144864312,0.38671156754435504,3.6486903156012156,0.45394168670964463
17775,0.11868017911911011,0.953765869140625,0.011682954616844654,0.02003379570172809,0.17228537547795664,0.027876908585407385,1.5144964289301583,0.6092090583325056,0.9911123167498833,0.3867766783547024,3.6487494856183864,0.45400452333084845
17800,0.11866674572229385,0.953765869140625,0.011645943857729435,0.02002797293225635,0.1723061567576746,0.02788058710901476,1.514612281469461,0.6092591126668175,0.9911155553599551,0.3868417814279553,3.6488085441314078,0.4540671515612662
17825,0.11865334212779999,0.953765869140625,0.011621703393757343,0.020022258886529556,0.17232687128875784,0.027884278518660998,1.5147278205580146,0.6093092993821946,0.9911187360364841,0.38690701297064367,3.64886756038165,0.4541295920067249
17850,0.11863994598388672,0.953765869140625,0.011591826565563679,0.020016111238945238,0.1723475092036452,0.027887986294346453,1.514842960817433,0.6093596395612383,0.9911218527102055,0.3869724034101311,3.6489264330815177,0.45419180417188804
17875,0.11862657964229584,0.953765869140625,0.01155875064432621,0.020009527522529637,0.17236808382122262,0.0278917083624334,1.514957775844933,0.6094101165660073,0.9911249065931278,0.3870379942203768,3.6489851984391306,0.4542538009177784
17900,0.11861324310302734,0.953765869140625,0.011526995338499546,0.020003368098471006,0.17238859299597076,0.027895436314163805,1.5150722584426077,0.6094606393976253,0.9911278990817802,0.38710362266114795,3.649043861755984,0.4543155809753314
17925,0.11859993636608124,0.9537811279296875,0.011497107334434986,0.01999708319964874,0.1724090256807369,0.027899182788277955,1.515186367484448,0.6095113490734287,0.9911308256456721,0.3871694307364092,3.6491024408210753,0.45437712318364615
17950,0.11858664453029633,0.9537811279296875,0.011463710106909275,0.01999107602123481,0.17242938206646144,0.027902950614073902,1.5153001082584263,0.6095622782385293,0.9911336860030572,0.38723552805064887,3.649160946256891,0.454438430144405
17975,0.1185733824968338,0.9537811279296875,0.011429984122514725,0.019984444129248026,0.17244967780427592,0.027906740285783067,1.515413534965708,0.6096134263777466,0.991136496401378,0.387301877455493,3.649219342893461,0.4544995498818639
18000,0.11856013536453247,0.9537811279296875,0.011397001333534718,0.01997772182789727,0.17246992094410724,0.027910531305648797,1.5155267017745766,0.6096645771310706,0.9911392638513393,0.3873681878659603,3.649277675935273,0.45456046119884486
18025,0.11854692548513412,0.9537811279296875,0.0113600492477417,0.01997154150937319,0.17249008158062495,0.02791433082586191,1.5156395375921938,0.6097158328497237,0.9911419673074804,0.38743449249327805,3.6493360904946073,0.4546211532638792
18050,0.11853373795747757,0.9537811279296875,0.011337540112435818,0.019964539512311263,0.1725101692536787,0.027918139673635902,1.5157519848925392,0.6097671625328099,0.9911446151963598,0.38750099869541266,3.6493943470360244,0.454681613841393
18075,0.1185205802321434,0.95379638671875,0.011293944902718067,0.019958135237979274,0.1725301948747885,0.027921947955991545,1.5158641162296305,0.609818468019638,0.9911472141516713,0.38756745196399633,3.6494525047587696,0.45474187291905777
18100,0.11850744485855103,0.9537811279296875,0.011261390522122383,0.019951457272533602,0.17255013638423894,0.0279257722591031,1.5159758203331042,0.6098699246304061,0.991149757252733,0.38763400701552475,3.6495105290132654,0.45480191126425196
18125,0.11849433928728104,0.9537506103515625,0.011231653392314911,0.01994536813174229,0.17257000972508868,0.027929616158372618,1.5160871708735644,0.6099215728213431,0.9911522528669872,0.3877006590877995,3.649568428466749,0.4548617217584825
18150,0.11848124116659164,0.953765869140625,0.011201349087059498,0.01994056378358964,0.17258980305480592,0.027933488662052947,1.5161981574182286,0.6099735276278814,0.99115468593609,0.38776767583208593,3.649626303148934,0.4549213236925232
18175,0.11846818029880524,0.953765869140625,0.011176103726029396,0.019935213874616026,0.172609531899514,0.02793738517955147,1.5163088291933104,0.6100257312320041,0.9911570689093636,0.38783497557349045,3.649684107299035,0.45498071245043253
18200,0.11845512688159943,0.953765869140625,0.011149289086461067,0.019928977302951918,0.1726291841711443,0.027941318006007004,1.5164191308333588,0.6100783168901877,0.9911594006436539,0.3879027710383326,3.6497418353722373,0.45503988558635533
18225,0.118442103266716,0.95379638671875,0.011120480485260487,0.019923658373948286,0.1726487799943523,0.027945263034038353,1.5165291488664847,0.6101310206038723,0.9911616740137641,0.38797076120214014,3.6497994828078166,0.4550988616194709
18250,0.11842909455299377,0.9538116455078125,0.011091988533735275,0.01991758143061463,0.17266830931232804,0.027949220278214094,1.5166388909589674,0.610183863351606,0.9911639031389075,0.38803890790824014,3.649857174284232,0.45515765960124815
18275,0.11841611564159393,0.9538116455078125,0.01106116734445095,0.019911627834857323,0.17268778068588617,0.02795318907617034,1.5167483226740055,0.6102368088867197,0.9911660878580479,0.38810715277978514,3.64991473636734,0.45521624663400484
18300,0.11840315163135529,0.953826904296875,0.01102798618376255,0.019905655314561278,0.17270717864018814,0.02795718637909621,1.5168574477293835,0.610290071030066,0.9911682198297993,0.3881757084656199,3.649972341470673,0.45527462357609993
18325,0.11839021742343903,0.953826904296875,0.010996985249221325,0.019900003979242076,0.1727264884923097,0.02796120926259637,1.516966151277824,0.6103435975308247,0.9911703023009876,0.3882445242236986,3.6500298682918784,0.45533275969774994
18350,0.11837731301784515,0.9538421630859375,0.010962452739477158,0.019893426728577922,0.17274573369463947,0.02796524232606205,1.517074506178119,0.6103972081287043,0.9911723405373383,0.38831351341311726,3.650087244256704,0.45539068481582956
18375,0.11836442351341248,0.9538421630859375,0.010928455740213394,0.01988706126875985,0.1727649155756146,0.027969279738944242,1.5171825404996155,0.6104508481091595,0.9911743196230597,0.38838248711252993,3.6501445228047897,0.4554484060500101
18400,0.11835156381130219,0.953857421875,0.010890873149037361,0.01988129287849397,0.17278402240638982,0.027973334888338943,1.5172902261776577,0.610504672962542,0.9911762545502629,0.3884517208603107,3.650201760245562,0.455505912004707
18425,0.11833871901035309,0.953857421875,0.010858907364308834,0.019875652748546375,0.17280306021534458,0.02797742066233138,1.5173975747783008,0.6105588172741143,0.9911781383818136,0.38852130300818033,3.6502589206424916,0.45556318503497395
18450,0.11832591891288757,0.953857421875,0.010829368606209755,0.019869902185497657,0.17282202147674028,0.02798153625265571,1.5175045759933317,0.6106132812997193,0.9911799752292698,0.38859129896057076,3.6503160586033014,0.45562024517981753
18475,0.11831311881542206,0.9538421630859375,0.010797989554703236,0.019864565110731626,0.17284090153959286,0.02798566418598035,1.5176112030050417,0.6106678717517512,0.9911817669737462,0.38866142107945023,3.6503731586435912,0.455677091225474
18500,0.11830034852027893,0.9538421630859375,0.010771473869681358,0.019859776580919728,0.17285971886569185,0.02798981909319317,1.5177174713963948,0.6107227218662828,0.9911835133372657,0.38873188795480107,3.6504300632114495,0.45573372481570773
18525,0.118287593126297,0.9538421630859375,0.010746612213551998,0.0198541219793713,0.1728784966058004,0.027993990654664992,1.5178235528084307,0.6107777471726458,0.9911852056361175,0.38880252861614495,3.6504869406460343,0.45579019223307143
18550,0.11827486008405685,0.9538421630859375,0.01071873027831316,0.01984849956017803,0.17289719390930988,0.02799817627688992,1.5179292698880573,0.6108329201316683,0.9911868578669558,0.3888733347624502,3.650543795635614,0.4558464669710138
18575,0.1182621493935585,0.953887939453125,0.010703053325414658,0.019843938734119687,0.17291582360296484,0.02800236165365368,1.5180346596116117,0.6108880768730898,0.9911884662386988,0.38894417025037076,3.650600581606789,0.4559025503957392
18600,0.11824944615364075,0.9539031982421875,0.010672198608517647,0.019838651243482875,0.17293439282428402,0.028006549598189066,1.5181397583047,0.6109432500784334,0.9911900318122039,0.38901508364349496,3.65065731050256,0.45595845023909387
18625,0.11823677271604538,0.9539031982421875,0.010647720657289028,0.019833489242665547,0.17295290318051093,0.02801076215254273,1.5182445308255357,0.6109986631505292,0.9911915506296519,0.38908634593230684,3.6507138807942776,0.4560141462453046
18650,0.11822410672903061,0.953887939453125,0.010624214075505733,0.019828316127256208,0.1729713470726525,0.028014991767867762,1.5183490335699328,0.6110542698203386,0.9911930262870234,0.3891577942700904,3.65077050822837,0.45606966011086514
18675,0.11821147054433823,0.953887939453125,0.010590414516627789,0.01982322432063494,0.1729897171780988,0.028019245638800525,1.5184531725405621,0.6111101236052853,0.9911944595016886,0.38922949872037704,3.6508270439858523,0.4561249771224944
18700,0.11819884926080704,0.953857421875,0.010556675493717194,0.019818368401634815,0.17300803261907147,0.028023502223701948,1.5185570418829026,0.6111659936555898,0.9911958508802154,0.3893011703652145,3.6508835125726056,0.4561800959328689
18725,0.11818625777959824,0.953887939453125,0.010531452484428883,0.019812782496054376,0.17302629107423476,0.028027774161971445,1.518660620264472,0.6112220132873201,0.9911972007888672,0.38937298404715415,3.650939887139573,0.4562350261133493
18750,0.11817367374897003,0.9539031982421875,0.010497329756617546,0.019808264890134094,0.17304450438881058,0.028032056734410882,1.5187639802117578,0.6112781392728605,0.9911985096427458,0.3894450139675036,3.6509962170227106,0.45628978966085143
18775,0.11816111952066422,0.9539031982421875,0.0104722511023283,0.019803229451853633,0.17306267113877546,0.02803631536132768,1.5188671043610398,0.6113339901020935,0.9911997723662411,0.38951672573177204,3.651052475456996,0.4563443768597582
18800,0.11814858019351959,0.9539031982421875,0.010446680709719658,0.01979871961389274,0.1730807821952511,0.028040586313888907,1.518969963410363,0.6113899655660616,0.9912009997600757,0.38958847883991576,3.651108688251616,0.45639878577523324
18825,0.11813606321811676,0.95391845703125,0.01041949912905693,0.01979444219062572,0.17309882506638652,0.028044859216862318,1.5190724990380913,0.611445951114289,0.9912021787569321,0.38966019375868266,3.651164846913648,0.4564529952589184
18850,0.11812357604503632,0.95391845703125,0.010384352877736092,0.019789939212986045,0.1731168138306548,0.02804913108827872,1.5191747649067684,0.6115019109599551,0.9912033210731981,0.3897318071426529,3.6512209318799287,0.45650701671310256
18875,0.11811108887195587,0.9539337158203125,0.010365143418312073,0.019785128364525655,0.17313475188888627,0.028053406667664118,1.5192767880230067,0.6115579016192003,0.9912044220399425,0.3898034724834407,3.651276972142761,0.4565608709803649
18900,0.11809862405061722,0.953948974609375,0.010344741865992546,0.01978113566676952,0.1731526429653126,0.02805770240112448,1.5193785919126868,0.6116141052172613,0.9912054869758157,0.3898754368382348,3.6513329849192413,0.4566145564764972
18925,0.11808617413043976,0.953948974609375,0.01032772846519947,0.019776529357616503,0.1731704815045097,0.02806201909382497,1.519480142074531,0.6116705264028436,0.9912065122366307,0.38994772910795616,3.651388945819733,0.4566680763047206
18950,0.1180737316608429,0.9539794921875,0.010305914096534252,0.019771159361066045,0.17318825471603722,0.02806635240439788,1.5195813839779435,0.6117271184487101,0.9912074992185264,0.39002019927004666,3.6514448585927166,0.4567214134922732
18975,0.11806131899356842,0.9539794921875,0.010281326249241829,0.019766544631140807,0.17320597122942885,0.028070709946586343,1.519682339778215,0.6117839579559623,0.9912084505790146,0.3900929746278087,3.6515006854418037,0.4567745504632734
19000,0.11804892122745514,0.9539794921875,0.01025331113487482,0.019761782300008753,0.17322361775722983,0.02807508305143849,1.5197829275717958,0.6118409408956229,0.9912093598816842,0.39016593663171373,3.651556369576478,0.4568275047378719
19025,0.11803653091192245,0.9539642333984375,0.01023290865123272,0.019757001163356772,0.1732412056439549,0.02807947469581558,1.5198832304259249,0.6118981130642946,0.9912102292218374,0.39023911887683155,3.6516119909517073,0.4568802898307318
19050,0.11802417039871216,0.9539794921875,0.010204390622675419,0.019752245630128177,0.17325873650781584,0.028083887869267486,1.5199832724087712,0.6119555138162162,0.9912110582672238,0.3903125119779055,3.651667590279458,0.4569329224065902
19075,0.11801181733608246,0.9539947509765625,0.010181485675275326,0.019747522330410716,0.1732762098319971,0.02808831683434948,1.5200830239671232,0.6120130696041448,0.9912118566618079,0.3903861493874608,3.6517231019479452,0.4569853777960706
19100,0.11799947917461395,0.954010009765625,0.010157941840589046,0.019743123018745725,0.17329362223172284,0.028092769057623587,1.5201825267282887,0.6120708844605123,0.9912126217568126,0.3904600367097848,3.651778661565718,0.4570376513453657
19125,0.11798717081546783,0.95404052734375,0.010127916000783443,0.019738310268723327,0.17331096591310952,0.028097241589377982,1.5202816972990716,0.6121289063815696,0.9912133427935188,0.39053414948437526,3.6518341508526584,0.4570897392532452
19150,0.11797486245632172,0.95404052734375,0.010106616653501987,0.019734030494127107,0.17332825890374262,0.02810171279120517,1.5203806297682978,0.6121869056674965,0.9912140287775744,0.3906081680641811,3.651889605826548,0.4571416606773546
19175,0.11796259135007858,0.95404052734375,0.010082747787237167,0.019729385094296,0.17334551449541605,0.028106192711300174,1.5204793815047797,0.6122449913807518,0.991214671113084,0.39068231433572354,3.6519450242145814,0.45719342250309036
19200,0.11795032769441605,0.95404052734375,0.010056164115667343,0.019725199735203938,0.17336272288225754,0.028110678858689415,1.5205779024984931,0.6123031335459543,0.9912152846310613,0.39075643764218904,3.652000389153972,0.4572450182524922
19225,0.1179380789399147,0.95404052734375,0.010028154589235783,0.019720209212773853,0.17337987702195587,0.028115172748942704,1.5206761621852816,0.6123613487745253,0.9912158729843517,0.3908305827893761,3.6520557013667077,0.4572964412378183
19250,0.11792585253715515,0.95404052734375,0.010001595132052898,0.019716166509225534,0.17339698567289746,0.028119687656173592,1.5207741792031249,0.6124197736274637,0.9912164159130019,0.39090501904868047,3.652110913324456,0.4573476911146456
19275,0.1179136410355568,0.95404052734375,0.009970348328351974,0.019711546871452483,0.17341405472220767,0.028124194246468916,1.5208719773785766,0.6124780878384675,0.9912169310279075,0.390979331017951,3.652166020215626,0.457398771406679
19300,0.11790145933628082,0.9540557861328125,0.009938023053109646,0.019705969505222718,0.1734310689197784,0.028128709139807435,1.5209695108489214,0.6125364808376044,0.9912174211663739,0.3910537630841942,3.652221072457696,0.45744966412925725
19325,0.11788928508758545,0.954071044921875,0.009920129552483559,0.019701819591686157,0.17344801729194015,0.028133250420308113,1.5210667616039906,0.6125951616112502,0.9912178749110303,0.39112846712529714,3.652276142289897,0.45750037371426316
19350,0.11787712574005127,0.954071044921875,0.009901844896376133,0.019697924361080168,0.17346490645670032,0.028137813254619864,1.5211637304018035,0.6126540660912336,0.9912182973825066,0.39120345743344787,3.6523311617869467,0.4575509322936816
19375,0.11786498874425888,0.954071044921875,0.009884736500680447,0.019693444257498076,0.17348172105876516,0.02814240092020281,1.5212603540850784,0.6127132315773297,0.9912186929017619,0.3912787412537837,3.6523861408993024,0.4576012911862154
19400,0.11785285174846649,0.954071044921875,0.009867768734693527,0.01968878149717022,0.17349846325275153,0.028147020379384484,1.5213566495483903,0.6127727367887731,0.9912190547898352,0.3913543413952422,3.6524410974342483,0.45765146680534746
19425,0.1178407371044159,0.954071044921875,0.00984603725373745,0.019684550673342342,0.17351513789689002,0.028151666143170766,1.5214526076653587,0.6128325096433295,0.9912193856133436,0.3914303273190267,3.652495958276007,0.4577014679607336
19450,0.11782863736152649,0.9540863037109375,0.009821200743317604,0.0196806313009562,0.17353174942559407,0.02815632317224524,1.5215482809701724,0.6128923997165205,0.9912196801001529,0.39150639714581137,3.652550802809503,0.4577512938938327
19475,0.11781653761863708,0.9541015625,0.009807891212403774,0.01967669200315112,0.17354830006479294,0.02816098508074542,1.5216436515379996,0.6129523263241264,0.9912199353387936,0.39158248216299696,3.652605564519267,0.45780096059922165
19500,0.11780446767807007,0.9541168212890625,0.009792913682758808,0.01967241198447143,0.1735648001917675,0.02816566187383609,1.5217387729734524,0.613012401591106,0.9912201596135544,0.3916588340040864,3.6526602628271103,0.4578504852108888
19525,0.11779239773750305,0.9541015625,0.009773343801498413,0.019667746810183816,0.17358125013105188,0.028170353474317258,1.5218336861694564,0.6130726405358705,0.9912203590629751,0.3917354102437848,3.652714992426185,0.4578998743063269
19550,0.11778034269809723,0.9541015625,0.009745188988745213,0.019663188241857033,0.17359764261006994,0.02817506748741726,1.5219283143811067,0.6131331077940468,0.9912205290916452,0.39181220334408773,3.6527696455782674,0.4579490804387817
19575,0.1177683174610138,0.9540863037109375,0.00972108542919159,0.019658348204856933,0.17361398874080536,0.028179789524390073,1.522022671215447,0.6131936326136043,0.9912206691051204,0.39188900168520835,3.6528241379939197,0.45799811326441997
19600,0.11775629222393036,0.9541168212890625,0.009707619436085224,0.019653786783736703,0.17363027456937552,0.02818453631200846,1.5221167441745278,0.613254416548383,0.991220787528194,0.3919660797484804,3.652878586437282,0.458046971002307
19625,0.11774429678916931,0.95416259765625,0.009686917997896671,0.019649865008925158,0.17364652441806686,0.02818929438043923,1.5222106647212126,0.6133153230153167,0.9912208729495704,0.3920431828133778,3.6529330505024356,0.458095687502202
19650,0.11773230135440826,0.9541778564453125,0.009662901982665062,0.019645697855953066,0.17366272417282252,0.028194074816344446,1.5223043716094309,0.6133764728295861,0.9912209282740799,0.39212041119583635,3.6529875316257714,0.4581442429850815
19675,0.11772032082080841,0.954193115234375,0.009638654999434948,0.0196415894962638,0.17367887713351915,0.028198857990441164,1.522397857616928,0.6134376436875584,0.9912209523188305,0.39219763015354014,3.6530419777202985,0.45819263847717706
19700,0.11770837008953094,0.9542083740234375,0.009616744704544544,0.019636651487192014,0.17369498484856116,0.028203659065718006,1.5224911108531687,0.6134989929655615,0.9912209493672138,0.39227510235208374,3.6530963439303425,0.4582408659179365
19725,0.11769641935825348,0.9542083740234375,0.009596457704901695,0.01963188681916217,0.17371103241053726,0.028208484236465305,1.5225840623943712,0.6135605865326611,0.9912209151969029,0.39235294376855895,3.6531506216035874,0.4582889136975359
19750,0.1176844984292984,0.9542083740234375,0.009571910835802555,0.019627115078777332,0.17372703166372166,0.028213318301553075,1.522676781249675,0.6136222659071262,0.9912208604386916,0.39243090503866557,3.6532048517256004,0.4583368151050348
19775,0.11767257750034332,0.9542083740234375,0.009542863816022873,0.01962262128586439,0.17374297081317944,0.028218171979191162,1.5227692100613128,0.6136841453244232,0.99122078276739,0.39250900172784287,3.6532590206531594,0.4583845438246966
19800,0.11766068637371063,0.954254150390625,0.009523924440145493,0.019618494383857345,0.17375884840738312,0.028223028481002294,1.5228613351302036,0.6137460392288316,0.991220686113248,0.3925870253873136,3.653313110730629,0.45843209908760585
19825,0.11764881014823914,0.9542388916015625,0.009489072486758232,0.01961386518243578,0.17377467497290008,0.028227898282830843,1.5229532563378532,0.6138080831652248,0.991220566397521,0.39266508961954083,3.6533672508578188,0.4584795076818399
19850,0.11763694882392883,0.954254150390625,0.009466731920838356,0.01960892855170827,0.1737904544964059,0.028232762227254106,1.5230449360190803,0.6138700466024956,0.9912204255560566,0.39274300833498466,3.653421308724049,0.45852676770343304
19875,0.11762510240077972,0.954254150390625,0.009443702176213264,0.019605211288663396,0.1738061832491169,0.028237633359508546,1.5231363717415032,0.6139320769632917,0.9912202673528181,0.3928210652927616,3.6534753176502557,0.45857386322206994
19900,0.11761327087879181,0.9542694091796875,0.009439660236239433,0.019601819521044835,0.17382185317607923,0.028242532770493663,1.5232275544271723,0.613994414048411,0.9912200856587605,0.39289952624811775,3.653529340472549,0.458620803499871
19925,0.1176014319062233,0.9542694091796875,0.00942812766879797,0.019597964243236503,0.17383750154419902,0.0282474503481068,1.5233185915755458,0.6140569253857489,0.9912198778173343,0.3929782478947773,3.653583243339191,0.45866761577149456
19950,0.11758962273597717,0.9542694091796875,0.009399796836078167,0.019594153867689913,0.173853117339855,0.028252365241026842,1.5234094700605676,0.614119398466552,0.9912196369858328,0.3930568732854968,3.6536371104937673,0.4587142994261991
19975,0.11757782101631165,0.9542999267578125,0.009379398077726364,0.01959009481738379,0.17386867209072784,0.02825727611725111,1.5235000821852984,0.6141818256879725,0.9912193680990367,0.3931353950671145,3.6536909827881554,0.458760826683416
20000,0.11756603419780731,0.95428466796875,0.009358186274766922,0.019585882865619235,0.17388415736489235,0.028262213999688805,1.5235903926823833,0.6142445448479021,0.9912190677194382,0.39321428053993623,3.653744864176145,0.4588071914956493
20025,0.11755425482988358,0.95428466796875,0.009342185221612453,0.019581889236617144,0.1738995931995611,0.02826716955720878,1.523680451264562,0.6143074391313212,0.9912187400351158,0.3932933421453842,3.6537986633016097,0.4588534267805662
20050,0.11754249781370163,0.95428466796875,0.009320229291915894,0.01957801758405602,0.1739149805057342,0.028272135879332933,1.5237702424781603,0.6143704255632766,0.9912183968340337,0.3933725817307447,3.653852333502456,0.4588994942762605
20075,0.11753074824810028,0.9542694091796875,0.009303087368607521,0.019574518829430305,0.1739303190675304,0.02827711394584396,1.5238597726225462,0.6144335176747263,0.9912180378963533,0.39345206128007754,3.6539058921221743,0.45894540069523
20100,0.11751900613307953,0.9542694091796875,0.009291846305131912,0.019570785988082113,0.17394560570582043,0.02828212299131323,1.5239490703862957,0.6144969415705192,0.9912176558661662,0.3935319024597592,3.6539594413069527,0.45899116096068016
20125,0.11750727891921997,0.9542694091796875,0.009274721145629883,0.019566783871384975,0.17396084780158008,0.028287153350153867,1.5240381738490818,0.6145605944903607,0.9912172469004605,0.39361202803814194,3.6540129947908384,0.45903679363758554
20150,0.11749555915594101,0.9542694091796875,0.009258478879928589,0.019563519590161164,0.17397604324837662,0.028292205939968035,1.5241270811080494,0.614624489297392,0.9912168183711704,0.39369248818754576,3.6540665700906687,0.45908227308754074
20175,0.11748385429382324,0.9542694091796875,0.009241146966814995,0.01955979592688207,0.17399118371789046,0.028297283287100766,1.524215698530311,0.6146886303221676,0.9912163640052553,0.393773300668793,3.6541200301416517,0.4591275941235969
20200,0.11747216433286667,0.95428466796875,0.009222651831805706,0.019556746077246247,0.17400625452358193,0.02830238386149335,1.5243040235939291,0.614753025803106,0.9912158904402633,0.3938543470962066,3.6541735230728762,0.4591727513064036
20225,0.11746048927307129,0.95428466796875,0.009196181781589985,0.01955347598816939,0.1740212970364966,0.028307489555533725,1.5243922038634146,0.6148174654661476,0.9912153997937838,0.3939354757696705,3.654226968183931,0.4592177911432191
20250,0.11744881421327591,0.9542999267578125,0.009176811203360558,0.019550846509203752,0.17403628895603254,0.028312615671608317,1.5244801280812488,0.6148821099801841,0.991214883565408,0.39401680781874043,3.654280332888721,0.45926266358069784
20275,0.11743716150522232,0.9542999267578125,0.009155946783721447,0.019546191740627872,0.17405123651303328,0.02831776754908025,1.5245678229861679,0.6149470170389184,0.9912143430527159,0.3940984579089446,3.6543336158329,0.4593073748308814
20300,0.11742551624774933,0.9542999267578125,0.009139725007116795,0.019542559356699747,0.17406613899197862,0.028322936203820193,1.524655307847415,0.6150120980655583,0.991213788053386,0.3941803236380388,3.6543868706834037,0.45935193768334964
20325,0.11741389334201813,0.9542999267578125,0.009120438247919083,0.01953776437717674,0.17408098254266025,0.028328137659896342,1.5247425386267643,0.615077533677409,0.9912132109526806,0.3942625440449259,3.6544401372312243,0.4593963379124973
20350,0.11740227043628693,0.954315185546875,0.009108343161642551,0.019534804063535464,0.17409578316954333,0.028333348184113618,1.524829588260074,0.615143067298724,0.9912126096682019,0.39434481144588973,3.654493422247357,0.4594406025612425
20375,0.11739066243171692,0.954315185546875,0.009092402644455433,0.019531479996399148,0.17411054238404794,0.028338572053164018,1.524916444977014,0.6152087379048837,0.9912119840437943,0.39442726816074947,3.654546681620695,0.45948475165011515
20400,0.11737906187772751,0.9543304443359375,0.009069375693798065,0.01952804913339716,0.17412525454703584,0.028343805296218102,1.5250030892904975,0.6152745044588308,0.9912113360378706,0.39450977437835777,3.654599927795849,0.4595287678812083
20425,0.11736748367547989,0.954345703125,0.009046989493072033,0.019524287482149044,0.1741399109165551,0.028349048120707713,1.525089494580425,0.6153403738866096,0.9912106667702733,0.3945923306975142,3.6546531886749327,0.45957264733937986
20450,0.11735591292381287,0.954345703125,0.009034780785441399,0.019521727407735754,0.17415451117732236,0.028354311514221523,1.525175619805438,0.6154064493924061,0.991209975965606,0.3946751077624837,3.6547063691699426,0.45961637011036416
20475,0.11734434962272644,0.954345703125,0.009009885601699352,0.019518917678797612,0.17416907398014506,0.028359586952317464,1.5252615331011719,0.6154726329543649,0.9912092715643818,0.39475808333289697,3.6547594368214646,0.45965995835618123
20500,0.11733280122280121,0.954345703125,0.008995596319437027,0.019515442392741448,0.1741835939868004,0.02836488345438897,1.5253472402981785,0.6155390341834148,0.9912085492345978,0.394841272791182,3.654812461585974,0.45970340715443253
20525,0.11732125282287598,0.9543304443359375,0.00898361299186945,0.019512943026236195,0.17419807231133366,0.028370195842914864,1.5254327764421178,0.6156056090203853,0.9912078046505678,0.394924711450852,3.654865515712533,0.4597467246108343
20550,0.11730972677469254,0.9543304443359375,0.008968708105385303,0.019510198750659596,0.1742124850001703,0.02837550843768427,1.5255179860512529,0.615672166887824,0.9912070397343726,0.3950081927011919,3.6549184779188515,0.45978987810347355
20575,0.1172982007265091,0.954315185546875,0.008961576968431473,0.019507114896031585,0.17422687901349923,0.028380835544665386,1.5256031027835442,0.6157388742865096,0.9912062592620475,0.3950919068155838,3.6549714153767425,0.4598329192783977
20600,0.11728668212890625,0.9542999267578125,0.008944104425609112,0.019503636672805573,0.17424123984346107,0.02838617339405815,1.5256880581184271,0.6158056882664174,0.9912054573964234,0.39517575087278456,3.655024316085536,0.45987582971192476
20625,0.1172751784324646,0.9542999267578125,0.008927003480494022,0.019500508791858825,0.1742555495740468,0.02839152699568911,1.525772775148731,0.6158726637492091,0.9912046443189871,0.39525982006382226,3.6550771836833595,0.4599186095815917
20650,0.11726368963718414,0.9542999267578125,0.0089094964787364,0.019497235848328267,0.17426979888757863,0.028396911372731565,1.5258572349396775,0.6159399724391881,0.9912038212018586,0.3953442780238804,3.655130070487891,0.45996124782148856
20675,0.11725220829248428,0.9542999267578125,0.008881853893399239,0.01949391079223326,0.17428399997620184,0.02840232586545817,1.5259414643341775,0.6160075963845472,0.9912029800627495,0.395429129104345,3.6551829128942868,0.4600037243284841
20700,0.11724074184894562,0.9542999267578125,0.008868382312357426,0.019490460341766908,0.17429815561699383,0.028407744592956773,1.5260254524370116,0.616075245554899,0.9912021235122603,0.39551390128842273,3.655235655651401,0.460046042307909
20725,0.11722928285598755,0.9542999267578125,0.008850662037730217,0.019487430284986063,0.1743122676911013,0.02841316238626216,1.5261092822258864,0.6161428940627962,0.991201241700941,0.395598623864266,3.6552884777554318,0.46008824658954406
20750,0.11721783131361008,0.954315185546875,0.00883331149816513,0.019484118677403663,0.17432633604648268,0.028418591821784682,1.5261928964870737,0.6162106554259155,0.9912003534364658,0.3956835313830316,3.6553412437236656,0.46013032219193767
20775,0.1172064021229744,0.9543304443359375,0.008817056193947792,0.019481179899873444,0.1743403547575699,0.02842404594469586,1.526276268783524,0.6162786708258087,0.9911994466042745,0.39576882792452,3.6553939523314054,0.4601722539868701
20800,0.11719496548175812,0.954345703125,0.008800242096185684,0.01947791227118963,0.17435434861630347,0.028429505435190273,1.5263595281683968,0.6163467390567934,0.9911985235946937,0.39585423644891105,3.6554466527223934,0.46021407042911316
20825,0.11718355119228363,0.9543609619140625,0.00877969991415739,0.019474792168341037,0.17436830601412714,0.028434982553289814,1.5264425903242436,0.6164149794584541,0.9911975882546246,0.3959398260411543,3.6554992646373354,0.4602557558701597
20850,0.11717215180397034,0.9543609619140625,0.008767972700297832,0.01947102105741732,0.174382216695052,0.0284404818999746,1.5265254327866347,0.6164834509002198,0.9911966354775505,0.3960256725361584,3.6555518417592032,0.4602973041452928
20875,0.11716075986623764,0.9543609619140625,0.008747253566980362,0.01946745342710558,0.17439609071346102,0.028445993699275505,1.526608091000247,0.6165520439142834,0.9911956678055259,0.39611161184946486,3.6556043635523126,0.46033872432228884
20900,0.11714937537908554,0.9543609619140625,0.008737553842365742,0.019464812607637685,0.17440991161249048,0.028451536954381875,1.5266905060066898,0.6166209696655139,0.9911946859175074,0.3961979271963242,3.655656861286914,0.4603800020555943
20925,0.11713799834251404,0.954376220703125,0.008722303435206413,0.01946061285481354,0.17442367784279186,0.028457112511028643,1.5267726692562422,0.6166902365119815,0.9911936828164003,0.3962846090691713,3.655709330688,0.46042114192048583
20950,0.11712663620710373,0.954376220703125,0.008708538487553596,0.019457125007018513,0.1744373939592785,0.028462703544406092,1.5268545907998117,0.6167596580779585,0.9911926655401072,0.3963714490050495,3.6557617480506486,0.4604621506248999
20975,0.11711528152227402,0.9543914794921875,0.008694983087480068,0.019453460880160988,0.17445107707000343,0.028468302725180285,1.526936355340025,0.6168291588826553,0.9911916279525352,0.3964583705392385,3.655814136878501,0.4605030532096099
21000,0.1171039342880249,0.9543914794921875,0.008673637174069881,0.019451187958093794,0.17446472270951544,0.02847391724069436,1.5270179434145277,0.6168988167906104,0.9911905744323907,0.3965454301097586,3.6558664973396624,0.46054382270513705
21025,0.11709260195493698,0.9543914794921875,0.008652725256979465,0.019447851493793206,0.17447832167323332,0.028479536104013624,1.5270993159832191,0.6169685132486926,0.9911894983997027,0.3966325109285309,3.6559188323785103,0.4605844535886431
21050,0.11708127707242966,0.954376220703125,0.008635766804218292,0.01944421765005923,0.17449186758012392,0.02848517070859404,1.5271804109704399,0.6170383578420232,0.9911884117200963,0.39671970208024976,3.655971060204348,0.46062494646270313
21075,0.11706996709108353,0.95440673828125,0.00861838087439537,0.01944053832500117,0.1745053505444159,0.028490832694732245,1.527261248205527,0.6171085020743928,0.9911873144619386,0.396807142405643,3.6560233318139725,0.4606652896625373
21100,0.11705867201089859,0.95440673828125,0.008605844341218472,0.01943766613900818,0.17451878661464737,0.028496522289908843,1.5273418717595808,0.617178937759252,0.9911862047217899,0.39689486731752505,3.6560755845448343,0.46070551519964587
21125,0.11704736948013306,0.9544219970703125,0.008596831932663918,0.01943432096829333,0.1745321790885997,0.028502224228575276,1.5274222656631802,0.6172494872331157,0.9911850834356394,0.3969827167556474,3.6561277455964825,0.460745598923814
21150,0.11703608930110931,0.954437255859375,0.008588139899075031,0.01943118736966703,0.1745455283340443,0.028507953369663427,1.5275025177095762,0.617320346164873,0.9911839473472855,0.3970709295998339,3.6561800212332893,0.46078556944262034
21175,0.11702480912208557,0.9544525146484375,0.008574413135647774,0.019428271316623502,0.17455884943519887,0.028513686426590773,1.5275826567429085,0.6173912473545445,0.9911827990701214,0.39715918486203083,3.6562323224732816,0.4608254459818464
21200,0.11701353639364243,0.9544525146484375,0.008557953871786594,0.019424535320288636,0.1745721332960245,0.02851943964330863,1.527662612557049,0.6174623543453702,0.9911816442864282,0.3972477449308439,3.6562845765166867,0.4608651874754698
21225,0.11700227856636047,0.9544525146484375,0.008542683906853199,0.019421402300115808,0.17458536899911475,0.02852521623798114,1.5277423026763923,0.61753368788105,0.9911804804647028,0.3973364878821185,3.6563367002738123,0.46090478270441587
21250,0.11699102818965912,0.9544677734375,0.008530859835445881,0.019418237638689214,0.17459857535235265,0.028530996706547733,1.5278218747002261,0.6176050631875397,0.9911793076972171,0.39742524698344056,3.6563888500240678,0.46094429109432644
21275,0.11697979271411896,0.954437255859375,0.008515262976288795,0.019415106014389793,0.1746117281399626,0.02853679028505578,1.5279012198150674,0.6176765790507545,0.991178125505002,0.3975141610984345,3.656441018883518,0.460983658138032
21300,0.1169685572385788,0.954437255859375,0.008495253510773182,0.01941177798907465,0.17462483481310923,0.028542577431234874,1.5279803303626376,0.6177480076764461,0.9911769316983701,0.3976029466131464,3.6564931104733547,0.46102288842623595
21325,0.11695733666419983,0.954437255859375,0.008484906516969204,0.01940843823057826,0.17463790696702325,0.028548363373233333,1.5280592704589764,0.6178194110606323,0.9911757209059885,0.39769167987189363,3.65654515680396,0.46106200766779837
21350,0.11694612354040146,0.954437255859375,0.008471265435218811,0.01940516422803258,0.17465095610087358,0.028554168917700812,1.5281381365815387,0.6178910329915543,0.9911745001130989,0.39778075888398245,3.6565972683337296,0.4611010287404167
21375,0.11693492531776428,0.9544830322265625,0.008454110473394394,0.01940220122563196,0.1746639669405445,0.02855999840176453,1.5282168265652802,0.6179629060441484,0.991173267072337,0.3978702160447367,3.656649360466714,0.4611399245944678
21400,0.1169237270951271,0.9544830322265625,0.008433033712208271,0.01939969642282423,0.17467693200792683,0.02856583698774053,1.5282952818002935,0.6180348591643248,0.9911720273659603,0.39795977115340375,3.6567013712167706,0.4611786788206309
21425,0.11691254377365112,0.954498291015625,0.008419277146458626,0.01939711390553105,0.1746898715986619,0.028571678838812353,1.5283736236894072,0.6181068423757252,0.9911707747134764,0.39804936646275774,3.656753378602869,0.46121733165618145
21450,0.11690136790275574,0.954498291015625,0.008411388844251633,0.019394187038932136,0.17470278131911335,0.028577536301149266,1.5284518201575354,0.6181789840020937,0.9911695059989412,0.3981392616241973,3.65680535185035,0.46125589259532696
21475,0.11689019948244095,0.9545135498046875,0.008395692333579063,0.01939164587170178,0.17471565053301033,0.028583421390325978,1.5285298583766345,0.6182514275726232,0.9911682282204585,0.3982294765756741,3.6568573715618626,0.46129432936846015
21500,0.11687903106212616,0.9545440673828125,0.008382369764149189,0.019388317365904767,0.17472847619937257,0.028589314841986534,1.528607713725921,0.6183239601049085,0.9911669403980505,0.3983198990059546,3.6569094106250364,0.46133265238503723
21525,0.11686788499355316,0.9545440673828125,0.008380267769098282,0.01938570870992766,0.17474126584549163,0.028595207133870704,1.5286853715992135,0.6183964593805032,0.9911656486838517,0.3984102622741589,3.656961355300326,0.46137086313727943
21550,0.11685673892498016,0.954559326171875,0.008370162919163704,0.01938267764806873,0.17475402111636912,0.028601118743351164,1.5287628347422129,0.6184691449977447,0.9911643464880143,0.3985009015089166,3.657013194928372,0.4614089634477707
21575,0.11684560030698776,0.954559326171875,0.008348740637302399,0.019379435079964608,0.17476673828478642,0.028607052003163047,1.5288401260403952,0.6185420579688734,0.9911630388968555,0.3985918630882075,3.657065023236293,0.4614469477198691
21600,0.11683447659015656,0.9545440673828125,0.008334050886332989,0.019377354655992246,0.17477943051572736,0.028612986717657482,1.5289172859692781,0.6186149729908549,0.9911617185925556,0.3986828925556619,3.6571167992811935,0.46148482248674305
21625,0.11682335287332535,0.954559326171875,0.008321774192154408,0.019374044046945305,0.17479209659119704,0.028618929637178128,1.5289943454146593,0.618687977674539,0.9911603947098863,0.3987739470487988,3.657168609668212,0.46152258572131405
21650,0.11681224405765533,0.9545745849609375,0.008308199234306812,0.019371508528826187,0.1748047160501548,0.02862489551062016,1.5290712035463403,0.6187612268142498,0.9911590672791293,0.3988651821746367,3.657220427250688,0.46156022279620834
21675,0.11680114269256592,0.95458984375,0.008289390243589878,0.019369051804853227,0.17481729250719463,0.028630876798940948,1.5291478765339408,0.6188346390102979,0.9911577368265895,0.3989565372356591,3.6572722528587973,0.4615977457728125
21700,0.1167900562286377,0.95458984375,0.00827205739915371,0.019366510357400807,0.174829842539773,0.028636863739369713,1.529224392000088,0.6189080905535825,0.9911563918053875,0.39904787268046393,3.6573239791300907,0.4616351702015789
21725,0.11677896976470947,0.95458984375,0.008251235820353031,0.019363429027674933,0.17484237010827794,0.028642835680077187,1.5293008091822353,0.6189813752422479,0.9911550477573179,0.3991389996456417,3.6573757063033794,0.461672479051361
21750,0.11676789820194244,0.9545745849609375,0.008248553611338139,0.019360301273510738,0.17485487589243076,0.028648813098071817,1.5293771055133771,0.6190547040191364,0.9911536899456632,0.39923033877734426,3.6574273732862936,0.46170969205952933
21775,0.11675682663917542,0.9545745849609375,0.008240698836743832,0.019357312703464722,0.17486734298832923,0.028654821820592993,1.5294532359793225,0.6191283675853974,0.9911523150809953,0.399322098151488,3.65747904920366,0.4617468028504133
21800,0.11674576252698898,0.9545745849609375,0.008231587707996368,0.019355124311239973,0.17487978158791212,0.028660841180657842,1.529529213735005,0.6192021298792376,0.9911509320730728,0.3994139860781687,3.657530658905341,0.46178380761713345
21825,0.11673470586538315,0.95458984375,0.008221765980124474,0.019351972307488717,0.1748921917309967,0.028666873129540436,1.5296050539013502,0.6192760179931062,0.9911495345195407,0.39950610222008653,3.657582238119634,0.46182070178912377
21850,0.11672365665435791,0.95458984375,0.008215278387069702,0.01934957276050423,0.17490456701680068,0.02867292169248133,1.529680721764776,0.619350072638689,0.9911481302432208,0.3995984347626157,3.6576337707535544,0.4618574876819594
21875,0.11671261489391327,0.9546051025390625,0.008201013319194317,0.01934764375662006,0.17491690677421975,0.02867899949884702,1.5297562660392523,0.6194244510643507,0.9911467246509384,0.399691160742565,3.65768538028152,0.461894181253656
21900,0.11670157313346863,0.9546051025390625,0.0081929387524724,0.019344985641659224,0.17492920826684777,0.0286850905734818,1.529831623810548,0.6194989600481259,0.9911453069790599,0.3997840261358704,3.6577369448561847,0.46193075594618155
21925,0.11669054627418518,0.9546051025390625,0.008189926855266094,0.019342055386470155,0.17494148489544145,0.02869121135729202,1.5299068626837442,0.6195737807116729,0.9911438825477348,0.39987729879192824,3.657788485995003,0.4619672516132492
21950,0.11667951941490173,0.9546051025390625,0.008185531944036484,0.019340027259087334,0.1749537235583964,0.028697368766875068,1.5299819329673898,0.6196489907139274,0.9911424617876952,0.399971187486702,3.6578400218434957,0.46200364597017746
21975,0.11666849255561829,0.9546051025390625,0.008169926702976227,0.01933819154317917,0.1749659086799686,0.028703547294999937,1.5300567521335553,0.619724416695156,0.99114102894513,0.40006529612963637,3.6578915178940274,0.46203991078172324
22000,0.11665748059749603,0.9546051025390625,0.008155285380780697,0.01933566542963932,0.1749780591479017,0.02870974260825534,1.5301314269548723,0.6198000216080366,0.9911395859849368,0.40015958760401266,3.6579430319414765,0.4620760790432993
22025,0.11664646863937378,0.9546051025390625,0.0081460140645504,0.01933387194908739,0.1749901892216971,0.02871594440990422,1.5302060038481273,0.6198756878124352,0.9911381303209768,0.40025392539977067,3.657994525881423,0.4621121568974749
22050,0.11663547158241272,0.954620361328125,0.00813769269734621,0.019331524385438874,0.17500227740870777,0.028722156290616908,1.5302803887209704,0.619951453989179,0.9911366686244367,0.4003484127861354,3.658045999409011,0.4621481335853458
22075,0.11662448197603226,0.9546356201171875,0.008121146820485592,0.01932814563056392,0.17501433090898666,0.028728385452099943,1.5303546088290008,0.6200273961080768,0.9911351993728741,0.40044315271440345,3.6580974424032022,0.4621840115382996
22100,0.11661349982023239,0.95465087890625,0.00810996163636446,0.019325107722340498,0.17502634621261431,0.02873462934018023,1.53042867089027,0.6201034954931823,0.9911337144425916,0.4005380025058301,3.658148907582377,0.4622197792876347
22125,0.11660251766443253,0.9546661376953125,0.008099442347884178,0.01932229174843854,0.1750383259851724,0.028740886977774934,1.5305025806614736,0.6201797391667297,0.9911322261372708,0.40063298194856645,3.658200380824799,0.46225545730919937
22150,0.11659155040979385,0.9546661376953125,0.008071640506386757,0.01931974264365295,0.17505027540824603,0.028747141552551127,1.5305763611733458,0.6202559458645167,0.9911307332642287,0.40072786282562306,3.6582518630098733,0.4622910328134305
22175,0.11658060550689697,0.954681396484375,0.00805444922298193,0.019316464629265995,0.17506218870652038,0.028753380548145444,1.5306499873224568,0.6203319806383002,0.9911292376726406,0.4008224455364292,3.65830335446318,0.4623264901177637
22200,0.1165696531534195,0.954681396484375,0.008040821179747581,0.019313346794811066,0.17507406806570205,0.028759628544383995,1.5307234471977298,0.6204080999542667,0.9911277314033606,0.40091701799179524,3.658354803857724,0.4623618456939443
22225,0.11655871570110321,0.9546661376953125,0.008031236007809639,0.01931103186328688,0.17508591791468972,0.02876587882856752,1.53079676050065,0.6204842315227063,0.9911262211286899,0.40101158500908674,3.6584062119896648,0.4623971122098018
22250,0.11654777824878693,0.954681396484375,0.00802165549248457,0.019308787909541197,0.17509773737839238,0.028772134357589154,1.530869926932308,0.6205604086507971,0.991124703873835,0.4011063415059205,3.6584575872722973,0.4624322699051703
22275,0.11653685569763184,0.9546966552734375,0.008016173727810383,0.019306617374328594,0.17510952097746346,0.028778408529890435,1.530942914687333,0.6206367726122876,0.991123181706921,0.4012013605927115,3.6585089109234783,0.4624673153395943
22300,0.11652593314647675,0.9546966552734375,0.007995063439011574,0.019304668114349846,0.1751212915098711,0.028784692523416533,1.5310158457318286,0.6207132372715899,0.9911216506865268,0.40129653642108143,3.6585602362371166,0.4625022961011142
22325,0.11651502549648285,0.9546966552734375,0.007989396341145039,0.019301683013789393,0.17513305006198057,0.028790979178633807,1.5310887369910098,0.6207897303495269,0.9911201177908003,0.4013917795730235,3.6586115923010762,0.46253720359493267
22350,0.11650411784648895,0.9546966552734375,0.0079744141548872,0.019298490763205528,0.1751447616516238,0.028797291301016895,1.5311614006909295,0.6208664835455298,0.991118580971322,0.40148734094863336,3.6586628958022684,0.46257199612085304
22375,0.11649322509765625,0.9547119140625,0.00796722061932087,0.01929590883753699,0.17515645847103237,0.028803610978847562,1.5312339942036175,0.6209433104624785,0.9911170351211127,0.40158304255061905,3.658714186520299,0.46260669621089817
22400,0.11648232489824295,0.9547271728515625,0.007959977723658085,0.01929330557819478,0.17516812954992272,0.028809945358185048,1.5313064676281753,0.62102028730555,0.9911154843770575,0.401678903356277,3.6587654597875994,0.46264131080568055
22425,0.11647143959999084,0.9547271728515625,0.007939320988953114,0.019290842383447707,0.17517977767520246,0.028816284791149116,1.531378855841097,0.6210973192589838,0.9911139317474245,0.40177473582151213,3.658816769814318,0.46267582739419666
22450,0.11646056920289993,0.9547271728515625,0.007925053127110004,0.019288731602341284,0.17519139438187775,0.028822627920697688,1.5314511256188885,0.6211743932163686,0.9911123749537034,0.40187051815662755,3.658868125602381,0.46271024896113755
22475,0.11644969880580902,0.9547271728515625,0.007914206944406033,0.019287033710820054,0.17520297611398045,0.028828993908476784,1.5315232234680203,0.6212517002346419,0.991110807871725,0.40196656541246256,3.6589194364595112,0.4627445532357842
22500,0.1164388358592987,0.9547271728515625,0.007901226170361042,0.01928386230207963,0.1752145258999674,0.028835363657094507,1.5315951529625014,0.6213290305695142,0.9911092302968704,0.40206259564615077,3.6589706792860333,0.4627787539053456
22525,0.11642798036336899,0.9547271728515625,0.007897216826677322,0.019282263351420376,0.1752260608596152,0.02884175344470694,1.5316669801999374,0.6214065560252177,0.9911076461167427,0.40215876636486103,3.6590218332258146,0.46281286905799357
22550,0.11641711741685867,0.9547271728515625,0.00789363868534565,0.019280379894301237,0.1752375625672849,0.0288481700374761,1.5317386524339902,0.621484360691201,0.9911060571132309,0.40225526837512277,3.6590729646458295,0.4628468921139107
22575,0.11640627682209015,0.9546966552734375,0.007884408347308636,0.019277975096648716,0.175249039470407,0.028854600890424995,1.5318102249274876,0.621562316807946,0.9911044605287396,0.4023518829991318,3.659124117348627,0.46288083641997857
22600,0.11639544367790222,0.9546966552734375,0.007861575111746788,0.01927523741361349,0.17526047952944868,0.02886103638928032,1.531881644816914,0.6216403206895256,0.9911028568121603,0.40244841211475546,3.6591752907269566,0.46291468676873776
22625,0.1163846105337143,0.9546966552734375,0.007854706607758999,0.019273273226793782,0.1752718944702094,0.02886747742618304,1.5319529490553585,0.6217183761278516,0.9911012405775557,0.40254509673963446,3.659226450621015,0.46294845227141856
22650,0.11637377738952637,0.9547119140625,0.007849082350730896,0.019271877390649807,0.17528329276245944,0.028873926974247916,1.5320241844228386,0.6217965190811686,0.9910996192411677,0.4026419573473019,3.6592776203435147,0.4629821583700488
22675,0.11636295914649963,0.9546966552734375,0.007847229018807411,0.01926926186842338,0.175294665191057,0.02888038886158731,1.5320953057840232,0.6218747887639895,0.991097991888007,0.4027390214667106,3.6593287882646903,0.46301577427125473
22700,0.1163521334528923,0.9546966552734375,0.007842863909900188,0.019267002225591225,0.1753060120430429,0.028886865441002198,1.5321663256681743,0.6219532150424338,0.9910963619202394,0.40283633792905066,3.659379981298189,0.46304931878766215
22725,0.11634131520986557,0.954681396484375,0.007832854986190796,0.019264873142060088,0.1753173292722219,0.028893357541053682,1.5322371822838434,0.6220317888825496,0.991094724448675,0.40293387591174534,3.6594310940790664,0.4630827604357865
22750,0.11633051186800003,0.954681396484375,0.007827605120837688,0.01926282092140088,0.17532861550151166,0.02889985951370239,1.5323079249489633,0.622110471906103,0.9910930823651645,0.4030315882162321,3.6594822587510993,0.46311611100561584
22775,0.1163197010755539,0.9546661376953125,0.007825721986591816,0.019260966176115224,0.17533987548682015,0.028906364812953132,1.5323785475847418,0.622189182727856,0.9910914401983218,0.4031293581241415,3.6595334111439173,0.46314938010571594
22800,0.11630889773368835,0.95465087890625,0.007823319174349308,0.019258593361030165,0.1753510845247135,0.02891289667321863,1.5324489349075554,0.6222681683842837,0.9910897891266452,0.403227619175204,3.6595845337198964,0.4631825500261258
22825,0.11629810929298401,0.95465087890625,0.00781101593747735,0.019255305737667417,0.1753622625394418,0.028919444373129048,1.5325191851155036,0.6223473179474787,0.9910881386553752,0.4033260770056454,3.6596356530491416,0.4632156441071435
22850,0.11628731340169907,0.95465087890625,0.007799675688147545,0.019252825675135258,0.1753734006496096,0.028926011952022147,1.5325892473379765,0.6224266699257021,0.9910864956438379,0.40342467471028515,3.65968674030823,0.4632486302543873
22875,0.11627653241157532,0.9546661376953125,0.007786871399730444,0.019249948881831017,0.17538451919884648,0.028932591531789394,1.5326592291648118,0.6225061470957889,0.9910848503751926,0.40352332375772965,3.659737840129976,0.46328154544441386
22900,0.11626574397087097,0.9546661376953125,0.007776712998747826,0.019247065821150704,0.1753955980063948,0.028939180451857942,1.5327290100458129,0.622585707651014,0.9910831944075549,0.4036220480858487,3.6597888752021452,0.4633143473128906
22925,0.11625498533248901,0.9546661376953125,0.0077647739090025425,0.01924489075466396,0.17540664223042263,0.028945777992537444,1.532798637607172,0.6226653540081571,0.9910815328861649,0.4037208643488429,3.6598399054127735,0.46334705270928717
22950,0.11624421924352646,0.9546661376953125,0.007764469366520643,0.019243072973890888,0.17541766791164154,0.028952373385802983,1.532868192838135,0.6227449747620519,0.9910798664268001,0.40381967561793863,3.6598909567782125,0.4633796890459371
22975,0.1162334531545639,0.954681396484375,0.007755222264677286,0.01924099121914265,0.17542866673316945,0.028958972488887482,1.5329375833121346,0.6228246101186254,0.9910781992565717,0.4039185930916498,3.659941895371418,0.4634122513569007
23000,0.11622270196676254,0.954681396484375,0.007750943303108215,0.0192389730093881,0.17543964157528857,0.02896557109556182,1.533006844497881,0.6229042241322786,0.991076527017725,0.40401750002601394,3.6599927758243016,0.46344473666942115
23025,0.11621194332838058,0.954681396484375,0.007743979338556528,0.019236677429227723,0.1754506020551716,0.028972184837004557,1.5330760724818293,0.6229840068313794,0.9910748520811484,0.4041165863655687,3.660043727213452,0.4634771696631546
23050,0.11620119959115982,0.954681396484375,0.007734017446637154,0.01923432654270688,0.1754615440918134,0.028978809740525118,1.533145215706026,0.6230639017562091,0.991073174183475,0.4042158383385722,3.6600946690038767,0.4635095280614424
23075,0.11619046330451965,0.954681396484375,0.007730059325695038,0.019231724828943097,0.17547246864114782,0.028985442127666683,1.5332142429096403,0.6231438549275642,0.9910714929655942,0.4043151779994817,3.660145516589503,0.4635417947614288
23100,0.11617971956729889,0.9546661376953125,0.007731440011411905,0.01922933251289915,0.1754833580974438,0.028992115484117183,1.5332831375516773,0.6232242507676969,0.9910698016655883,0.40441498341618043,3.6601964140918444,0.46357397923112925
23125,0.11616898328065872,0.954681396484375,0.007716468535363674,0.019227334503515776,0.17549420629741797,0.028998804813972868,1.5333518592993596,0.623304815061371,0.9910681064641065,0.40451497397804137,3.6602473294825257,0.46360608313299945
23150,0.11615824699401855,0.9546966552734375,0.007713568862527609,0.019225078722349676,0.17550502592706788,0.029005515707416444,1.533420446608272,0.623385600931306,0.9910664130625697,0.40461517887612164,3.660298222243508,0.4636380928070512
23175,0.11614753305912018,0.9547271728515625,0.007714094128459692,0.019222677360037636,0.17551579893138802,0.029012256092356234,1.533488826586559,0.6234666959221722,0.991064716849815,0.4047157707839873,3.6603491066398166,0.4636699844927381
23200,0.11613680422306061,0.954742431640625,0.007704171817749739,0.01922016786499807,0.17552653518185843,0.029019029566708952,1.5335570247295394,0.6235481314224999,0.9910630085605622,0.4048168400043597,3.660399940572481,0.46370177625121345
23225,0.11612609028816223,0.9547576904296875,0.007704908028244972,0.0192179733205099,0.1755372357840838,0.029025817479195703,1.5336250737077899,0.6236297182763104,0.9910612972052726,0.40491810949013574,3.660450790477277,0.46373347762623224
23250,0.11611537635326385,0.9547576904296875,0.007699341978877783,0.019215679955748872,0.17554790922029484,0.029032632149328993,1.5336930028282219,0.6237115856165159,0.9910595843560612,0.4050197553408337,3.6605016378464077,0.46376511130494313
23275,0.11610466986894608,0.9547576904296875,0.007687450852245092,0.01921369008041657,0.17555854728612102,0.029039461499728286,1.533760785302758,0.6237936073184832,0.9910578721076132,0.4051215134298858,3.660552504266328,0.46379665132460957
23300,0.1160939559340477,0.9547576904296875,0.007679399102926254,0.019211939594871764,0.17556915483863023,0.02904629183247337,1.5338284118361263,0.6238756238165887,0.9910561652838625,0.4052231640125423,3.6606033168983445,0.46382811195758705
23325,0.11608325690031052,0.9547576904296875,0.0076599386520683765,0.019209599806191472,0.17557974294254602,0.02905311444486233,1.5338959801861665,0.6239575617591595,0.9910544477716547,0.405324721260368,3.660654193687438,0.46385950266222703
23350,0.11607257276773453,0.954742431640625,0.007651896215975285,0.019206879138954993,0.17559031755110333,0.02905994532174813,1.533963507154609,0.624039589063341,0.9910527352691872,0.40542636087148065,3.6607051126575136,0.4638908243551505
23375,0.11606188863515854,0.954742431640625,0.007653452921658754,0.019205006285610816,0.17560087208383157,0.029066780142644563,1.5340309353200214,0.6241216476524164,0.991051024848316,0.405528130668049,3.6607560053609527,0.46392206867909397
23400,0.11605121195316315,0.954742431640625,0.007638902869075537,0.019203074245910487,0.17561140707079226,0.02907363435511516,1.5340982699916874,0.6242039045589506,0.9910493086950248,0.4056302028003772,3.6608068789344776,0.46395323419755313
23425,0.11604052782058716,0.95477294921875,0.007628512103110552,0.019200949850420472,0.17562191913923317,0.029080492340348877,1.53416550353868,0.624286194958948,0.9910475789920413,0.40573222618096655,3.6608577503134256,0.46398432203937023
23450,0.11602985858917236,0.9547882080078125,0.007614574395120144,0.019199345777456633,0.17563240877509415,0.029087346148055422,1.5342326450663692,0.6243684363544935,0.9910458494048751,0.4058341909999431,3.660908636148619,0.4640153400683204
23475,0.11601919680833817,0.9547882080078125,0.00760881369933486,0.019196665418979703,0.17564287035451695,0.029094206848564636,1.5342996509846314,0.6244507398187147,0.9910441130076477,0.40593612002093293,3.6609594910275534,0.464046276796253
23500,0.11600854247808456,0.9547882080078125,0.007604285143315792,0.019195282216958067,0.1756532976011129,0.02910108921543818,1.5343665105774598,0.6245332706499125,0.9910423746445148,0.40603823875546907,3.6610103547774626,0.4640771367959261
23525,0.11599789559841156,0.9548187255859375,0.007594800554215908,0.019193134308988613,0.1756636988121651,0.029107983533517262,1.5344332606934334,0.6246159247870575,0.9910406353589285,0.4061405121866369,3.6610612288357327,0.46410791029129167
23550,0.11598724126815796,0.9548187255859375,0.007585437968373299,0.019191079161905916,0.17567406614719833,0.029114884481145038,1.5344998452289313,0.6246986361998037,0.991038899877391,0.40624287364056133,3.6611120610319414,0.4641385890249835
23575,0.11597660183906555,0.9548492431640625,0.007584329228848219,0.019189991622197873,0.1756844041990556,0.02912180129924757,1.5345663075306044,0.6247815134730256,0.9910371614434585,0.40634541129080215,3.6611629069132716,0.46416918408254276
23600,0.11596595495939255,0.9548492431640625,0.007583003956824541,0.01918756758194568,0.17569469680272026,0.02912875023405133,1.5346325535415677,0.6248647212577796,0.9910354190490331,0.4064482888434747,3.661213710497474,0.4641996658235482
23625,0.11595530807971954,0.9548492431640625,0.007580209523439407,0.019186058938095284,0.17570496720793977,0.029135722975634094,1.5346987201576832,0.6249481847184506,0.9910336769259942,0.4065514912301213,3.6612645561186516,0.46423008965189755
23650,0.11594466865062714,0.95489501953125,0.007575612049549818,0.019184554218638124,0.17571519728831084,0.029142723253679406,1.5347647032341067,0.6250319335982798,0.9910319353433955,0.4066550934900146,3.6613153841624246,0.4642604147350868
23675,0.11593404412269592,0.95489501953125,0.007562144659459591,0.019182428637227213,0.17572539628983877,0.029149734184601938,1.534830579157729,0.6251158014335009,0.9910301824547223,0.40675879094030165,3.6613662805096943,0.46429065773634925
23700,0.11592341959476471,0.954925537109375,0.007561331149190664,0.019180199421361434,0.17573558301591793,0.029156738238285893,1.534896395424685,0.6251995861432811,0.9910284269346559,0.40686241831287034,3.661417162556732,0.46432083897660875
23725,0.1159127950668335,0.954925537109375,0.007558603771030903,0.019178451207623046,0.17574575473529916,0.029163748712242605,1.5349621648326446,0.6252834403765445,0.9910266748069263,0.40696612743149935,3.6614680892774354,0.4643509751889506
23750,0.11590217053890228,0.954925537109375,0.007555617019534111,0.019177560883454545,0.17575590326576412,0.029170767958490988,1.535027832396807,0.6253673814826683,0.9910249266086459,0.40706992817692383,3.6615190147348713,0.46438104203726177
23775,0.11589154601097107,0.954925537109375,0.007557679433375597,0.019175636972545904,0.17576602147435602,0.029177805872171267,1.5350933675990583,0.625451515744952,0.9910231723320856,0.4071740126646206,3.6615699404221904,0.4644110404282831
23800,0.11588093638420105,0.954925537109375,0.007549022790044546,0.019172997887645038,0.17577609416406392,0.02918485496493378,1.535158693660244,0.6255357586042148,0.9910214215440124,0.40727826995817007,3.661620841479208,0.46444094650514184
23825,0.11587032675743103,0.954925537109375,0.007539981510490179,0.019171789227199292,0.17578612500261437,0.02919191747287865,1.5352238306297252,0.6256201356250781,0.9910196584272964,0.4073826473241705,3.661671727506921,0.4644707561595464
23850,0.11585970968008041,0.954925537109375,0.007533252704888582,0.01917049518621852,0.17579614407482552,0.02919897927602471,1.5352888898624166,0.6257044873145197,0.9910178999120696,0.4074869555840197,3.661722550749176,0.46450050843800994
23875,0.11584910750389099,0.9549560546875,0.0075385961681604385,0.01916847302118777,0.17580612959144,0.029206053411200673,1.5353538240660645,0.6257889728462234,0.9910161415921953,0.4075913408301701,3.6617734253336893,0.4645301946771532
23900,0.11583851277828217,0.9549560546875,0.00752404285594821,0.019166987616477855,0.17581609563909378,0.029213141646202503,1.5354186851835352,0.6258736072176497,0.9910143824590447,0.40769586124868845,3.661824328424144,0.4645598263053515
23925,0.11582791060209274,0.9549713134765625,0.007525953464210033,0.019165864190161978,0.17582603508928363,0.029220241679088085,1.5354834471512946,0.6259583677907071,0.9910126287211428,0.40780051627016267,3.661875272083548,0.46458938576685455
23950,0.11581730842590332,0.9549713134765625,0.007525062654167414,0.01916465740273164,0.1758359413631024,0.029227373012947422,1.535548049045523,0.6260434502763597,0.9910108842422993,0.40790548048706066,3.6619261795127604,0.4646188698895754
23975,0.1158067137002945,0.9549713134765625,0.007523349020630121,0.019162699572197513,0.17584581570052218,0.029234535643125465,1.5356125146147592,0.6261288619903922,0.9910091378301388,0.4080107924504144,3.6619770944219368,0.4646482688689999
24000,0.11579611897468567,0.9549713134765625,0.007525143679231405,0.019160689458267897,0.17585566230342403,0.029241720611948713,1.535676865022462,0.626214508058453,0.991007375551597,0.40811639815548884,3.6620280235131952,0.464677592303283
24025,0.11578552424907684,0.954986572265625,0.007515892386436462,0.019158930111160447,0.17586547451435655,0.02924893235564379,1.5357410379127259,0.6263004223246089,0.9910056122168126,0.4082222954567083,3.662078887395787,0.46470683420773823
24050,0.11577494442462921,0.954986572265625,0.007503964472562075,0.01915647482589302,0.17587526414172275,0.02925616448154668,1.535805111644908,0.6263865471885754,0.9910038548021922,0.4083283725240462,3.662129749968885,0.46473599957839573
24075,0.11576436460018158,0.954986572265625,0.007497597951442003,0.019154542939485885,0.1758850279781963,0.029263413476873185,1.5358690527012608,0.626472837019231,0.9910020962318815,0.408434651361241,3.6621805646923256,0.4647650789967812
24100,0.11575378477573395,0.9550018310546875,0.007492673583328724,0.019152714902237883,0.1758947653397492,0.02927066703463546,1.5359328730156168,0.6265591661225363,0.9910003303001432,0.40854096820095687,3.662231367134391,0.4647940845724095
24125,0.11574321240186691,0.9550018310546875,0.007482049521058798,0.01915103317240681,0.17590446744728763,0.02927792056741221,1.5359965412018999,0.6266454882226107,0.9909985652127328,0.40864723882026754,3.662282173839778,0.46482299727937354
24150,0.11573264747858047,0.9550018310546875,0.007477897685021162,0.019149289878736434,0.17591416287221603,0.029285179116457186,1.5360601983325457,0.6267318639276942,0.990996808281172,0.40875364250267937,3.662333023731086,0.46485185523427763
24175,0.11572208255529404,0.9550018310546875,0.00746763963252306,0.019147354587847255,0.17592383822209698,0.029292454619930828,1.5361237225322641,0.6268183950822629,0.9909950487001382,0.40886015431185235,3.6623837656320086,0.46488064294813203
24200,0.1157115250825882,0.9550018310546875,0.007461281027644873,0.019145774094708343,0.17593349447831833,0.029299727973579538,1.5361871857627138,0.626904904861219,0.9909932872676022,0.4089665641280247,3.6624345608922293,0.4649093733702581
24225,0.11570097506046295,0.9550018310546875,0.0074586714617908,0.019143889919897943,0.17594311275723298,0.02930700554436589,1.5362505089745913,0.6269914627681701,0.9909915254129061,0.4090729627335511,3.6624854175861747,0.46493802499931086
24250,0.11569041758775711,0.9550018310546875,0.007461482658982277,0.01914200110972726,0.1759527265366111,0.029314300157364838,1.5363137653526884,0.6270781761819423,0.9909897625804074,0.40917960817762283,3.6625361617360355,0.46496661742913137
24275,0.11567986756563187,0.95501708984375,0.0074598779901862144,0.019139631012508304,0.17596232050970811,0.0293216060267136,1.536376928327278,0.6271649995940258,0.990988004711035,0.4092864101978077,3.6625868893110916,0.46499514347332255
24300,0.11566932499408722,0.95501708984375,0.0074564493261277676,0.019137699882701545,0.17597189552270306,0.02932891708903788,1.5364399923488712,0.6272518643536052,0.9909862446923137,0.4093932691292392,3.662637578269081,0.4650236122600663
24325,0.11565877497196198,0.95501708984375,0.00746239023283124,0.019135837649047745,0.1759814284680754,0.029336260591560925,1.536502875629216,0.6273390695688505,0.9909844733757174,0.4095005003265718,3.6626882741072855,0.4650520006995886
24350,0.11564823240041733,0.95501708984375,0.0074526360258460045,0.019133192209842043,0.17599095040858226,0.029343625193066623,1.5365657065951983,0.6274264909449723,0.9909827006323073,0.4096080612832088,3.6627389597006768,0.46508034558149974
24375,0.11563769727945328,0.9550323486328125,0.007447558920830488,0.019131149709260456,0.17600046418209717,0.02935099165334985,1.5366285277298095,0.6275139350237197,0.9909809356799948,0.40971570345952446,3.662789706780316,0.4651086567998905
24400,0.11562715470790863,0.9550323486328125,0.007450271397829056,0.019129998041036093,0.17600994805660805,0.02935838744385969,1.5366912256758287,0.6276016878851628,0.990979161858224,0.40982373416737683,3.6628404712668328,0.46513689571453704
24425,0.11561661958694458,0.9550323486328125,0.007446383126080036,0.019127590387300553,0.17601941771059706,0.02936579719229216,1.5367539003244657,0.6276895979814319,0.990977381882546,0.40993198998928915,3.6628913281083344,0.46516508942811313
24450,0.11560608446598053,0.9550323486328125,0.007437780033797026,0.019124727706963773,0.17602886815578822,0.029373214232103186,1.5368164656776848,0.6277775677945495,0.9909755993298351,0.4100403630342808,3.662942124218437,0.46519319138978615
24475,0.11559557914733887,0.9550323486328125,0.007422975264489651,0.019122703530723126,0.1760382879774829,0.02938063601246158,1.5368788675981109,0.6278655682806421,0.990973817062593,0.4101487392358242,3.6629928493214177,0.465221198707533
24500,0.11558505892753601,0.9550323486328125,0.007406455464661121,0.019121058151781705,0.17604769635220988,0.02938805947837428,1.5369411915684024,0.6279535675063134,0.9909720342039152,0.41025705464646167,3.6630435076401624,0.46524912010467007
24525,0.11557454615831375,0.9550323486328125,0.007399443536996841,0.019118888984324813,0.17605708404899564,0.02939548998427342,1.5370034436914626,0.6280416416223797,0.9909702515618886,0.410365479584339,3.663094209751322,0.4652769677453168
24550,0.11556404829025269,0.955047607421875,0.007392378989607096,0.019117392869816573,0.17606646038102247,0.029402929396162996,1.5370656999981163,0.6281298249968702,0.990968469109852,0.41047405527047387,3.6631450399576244,0.46530476926002196
24575,0.11555354297161102,0.955047607421875,0.007383406162261963,0.019115248252224937,0.17607581440889195,0.029410381427813125,1.5371278343330068,0.6282181252267262,0.9909666905401256,0.4105827817247619,3.663195811393116,0.46533250140156324
24600,0.11554303765296936,0.955047607421875,0.007376506458967924,0.01911357285607858,0.17608515357433316,0.02941782422650085,1.5371899224382097,0.6283063265816401,0.9909649109589784,0.41069141743653975,3.6632466271447126,0.4653601809719914
24625,0.11553254723548889,0.9550628662109375,0.007372233550995588,0.01911169761251117,0.1760944464061111,0.029425283840662887,1.5372518197304463,0.6283947042899363,0.9909631281209529,0.4108002598046843,3.66329747000695,0.46538776463124154
24650,0.11552206426858902,0.9550628662109375,0.007367471698671579,0.019110519866583086,0.17610371442145425,0.029432757525011795,1.5373136128598162,0.6284832260107964,0.9909613412378486,0.4109091750488526,3.663348322639669,0.46541528261211723
24675,0.11551158130168915,0.9550628662109375,0.007362001109868288,0.019108924257943027,0.17611296716258032,0.029440230347548533,1.537375359278236,0.6285717387517238,0.9909595560407083,0.4110180993036129,3.6633992226882555,0.465442752698075
24700,0.11550109833478928,0.9550628662109375,0.007358180824667215,0.019107699769719908,0.17612219984038763,0.029447709175267456,1.5374370038772918,0.62866030183357,0.9909577732872598,0.41112708133797105,3.663450088637164,0.4654701611880083
24725,0.1154906153678894,0.9550933837890625,0.007345425896346569,0.019106018445723214,0.1761313978445752,0.029455194150707922,1.5374985081909347,0.6287489271035387,0.9909559924063345,0.41123609005769485,3.663500980771421,0.4654974953722411
24750,0.11548014730215073,0.9550933837890625,0.007342727854847908,0.019104149442130524,0.17614057886954546,0.02946268094002695,1.5375599616646156,0.628837573288593,0.9909542145921988,0.41134513225592817,3.6635519281846505,0.4655247823920732
24775,0.11546967923641205,0.9550933837890625,0.007337532937526703,0.01910283994923184,0.17614974760785698,0.029470185462499413,1.5376213612629999,0.6289264006361641,0.9909524442929861,0.4114544342681401,3.663602874835426,0.46555200893323595
24800,0.11545920372009277,0.955078125,0.007329810410737991,0.019100832103553064,0.17615888942716262,0.029477712238735434,1.537682618988365,0.6290154474434871,0.9909506784563711,0.41156395144953434,3.6636537632150206,0.4655791457538638
24825,0.11544874310493469,0.955078125,0.007319678086787462,0.019098906730010665,0.1761680078715381,0.029485254411512483,1.5377437470777753,0.6291046391527628,0.99094890784721,0.41167357454155534,3.6637045856203474,0.46560619105016243
24850,0.11543828994035721,0.955078125,0.007313436828553677,0.019097100499029247,0.17617709592588116,0.02949280571805945,1.537804744039172,0.6291939208182403,0.9909471328580932,0.4117832429079619,3.6637554114354813,0.46563315911833586
24875,0.11542783677577972,0.955078125,0.0073180003091692924,0.019095710882565835,0.17618616333742965,0.029500372992492172,1.5378656745597723,0.629283374361287,0.9909453618023354,0.4118931474521734,3.6638062934120694,0.4656600814040485
24900,0.11541737616062164,0.955078125,0.0073163374327123165,0.01909384386591385,0.17619523078818508,0.029507968628465105,1.5379266290726772,0.6293731319704015,0.9909435913154169,0.41200348810899456,3.6638572319461296,0.4656869777539167
24925,0.11540693789720535,0.955078125,0.007309310138225555,0.0190917114367113,0.17620427324401336,0.029515576580619474,1.5379874886049587,0.6294630184750053,0.9909418222350261,0.4121140255863528,3.6639082038810216,0.46571381439267606
24950,0.11539648473262787,0.955078125,0.0073075867258012295,0.019090231738092087,0.17621331237470217,0.029523190230235443,1.5380483105686036,0.6295529480550289,0.9909400467065982,0.4122246191665232,3.6639591206852913,0.4657406053515477
24975,0.11538603901863098,0.955078125,0.007305843289941549,0.019088466625662874,0.1762223173836002,0.02953082648892536,1.5381089579864156,0.6296430999259528,0.9909382699194162,0.41233553621302993,3.6640099762229026,0.4657673203418662
25000,0.1153755933046341,0.955078125,0.007305548992007971,0.019086748951436812,0.1762312923723845,0.029538467490255488,1.5381694842611375,0.6297332980894735,0.990936498141094,0.41244649540789613,3.6640608550568796,0.46579396483633506
25025,0.1153651550412178,0.955078125,0.007307436782866716,0.019085479327307656,0.17624024844872868,0.02954611905126859,1.5382299599601543,0.6298236135770173,0.9909347252340334,0.4125575698718936,3.6641118098015397,0.4658205566937126
25050,0.11535471677780151,0.955078125,0.0073008546605706215,0.019084232432958554,0.17624919170688708,0.02955379393363527,1.5382903796105598,0.6299141692267193,0.9909329573820282,0.4126687988996005,3.6641627640591534,0.4658470863667673
25075,0.11534428596496582,0.955078125,0.007292177528142929,0.019082549428949803,0.17625810228214084,0.0295614741830968,1.538350600016033,0.6300047504952481,0.990931201166261,0.4127800400694933,3.664213583227175,0.4658735258975023
25100,0.11533385515213013,0.9550933837890625,0.007284225896000862,0.019080660124486178,0.17626698396365084,0.029569163000914604,1.5384107177729642,0.6300954242562904,0.9909294371328439,0.4128913971042054,3.6642644579974903,0.4658998973876195
25125,0.11532342433929443,0.9550933837890625,0.007280590012669563,0.01907965531038694,0.17627584127854332,0.029576848435738403,1.538470728872208,0.6301860534264174,0.9909276777398922,0.41300273244790553,3.664315331753102,0.4659262046531406
25150,0.11531300097703934,0.9550933837890625,0.00726579362526536,0.019078042125173625,0.176284683015232,0.029584531464110508,1.5385306966192478,0.6302766586456586,0.9909259159421141,0.41311404988122596,3.664366263921307,0.4659524604526726
25175,0.11530257761478424,0.955108642578125,0.007261247374117374,0.01907624989355031,0.1762935190352381,0.02959221839595271,1.538590661590477,0.6303673061287242,0.9909241438952368,0.41322531093534504,3.664417248641597,0.46597867047354796
25200,0.11529217660427094,0.9551239013671875,0.007257047109305859,0.019073519426875376,0.17630233110447016,0.02959991880833513,1.5386505348083426,0.6304580940041581,0.9909223701091229,0.413336726706117,3.6644682634970165,0.4660048232305628
25225,0.11528176069259644,0.9551239013671875,0.00725205335766077,0.019072146188003097,0.17631110279846282,0.029607637630396883,1.5387102133502262,0.6305490619064215,0.9909206076484605,0.41344824285868065,3.664519234047611,0.46603088343132326
25250,0.11527135223150253,0.9551239013671875,0.007255241274833679,0.019070744964635032,0.17631987881898686,0.02961538198049582,1.5387698982479918,0.6306402880040347,0.9909188425994322,0.41356008939317895,3.6645701745058936,0.46605690116869686
25275,0.11526095122098923,0.95513916015625,0.007239100523293018,0.019068913972678847,0.17632863318286432,0.02962311748750772,1.5388295481865955,0.630731435828619,0.9909170881819374,0.41367175076149937,3.6646212564894,0.4660828721091678
25300,0.11525055766105652,0.95513916015625,0.007235379423946142,0.01906771401172424,0.1763373646271686,0.02963084924631365,1.5388890735983065,0.6308225252000808,0.9909153377783256,0.4137834049230078,3.6646722798089697,0.4661087759326415
25325,0.11524014919996262,0.95513916015625,0.00724056176841259,0.019066732205706833,0.17634607371447794,0.029638599911294673,1.538948491803286,0.630913803346632,0.9909135845802077,0.4138952258379526,3.66472327986034,0.46613462809210293
25350,0.11522975564002991,0.9551544189453125,0.007243894971907139,0.01906521382818813,0.17635476710492745,0.029646368457679716,1.5390078272432908,0.6310052573992887,0.9909118337942471,0.41400731738275653,3.6647742456386627,0.46616043916088234
25375,0.1152193546295166,0.9551544189453125,0.007237953599542379,0.019063396904471685,0.17636344971029638,0.029654136013627354,1.5390671290718148,0.6310966978451279,0.9909100831046423,0.41411951152528015,3.664825243152113,0.46618620555238766
25400,0.11520896106958389,0.9551544189453125,0.007228811737149954,0.01906122833031748,0.17637211544591622,0.029661917852211513,1.5391263357229297,0.6311882728336382,0.9909083367979946,0.41423193818240955,3.6648761890149033,0.46621191042533966
25425,0.11519857496023178,0.9551849365234375,0.007217735983431339,0.01905897180646888,0.1763807640434998,0.029669694619707213,1.5391854759563124,0.6312797886931003,0.990906588891074,0.4143443406825974,3.6649271544916187,0.46623756758908946
25450,0.11518819630146027,0.9551849365234375,0.007215093821287155,0.019057376387996115,0.17638940578454373,0.029677467963616887,1.5392446107751163,0.6313712695927662,0.9909048397049821,0.41445665783980723,3.6649781780117663,0.46626318299634734
25475,0.11517781764268875,0.9551849365234375,0.007207794580608606,0.019055984792957302,0.1763980304661894,0.029685260426943576,1.539303698491159,0.6314629564790357,0.9909030859730996,0.41456928744359994,3.665029266303229,0.4662887445835039
25500,0.11516744643449783,0.9551849365234375,0.00721370754763484,0.019054546746375845,0.17640662082895134,0.029693068119353006,1.539362628641438,0.6315547934898731,0.990901335452125,0.41468204087896565,3.6650803356476795,0.46631423510290515
25525,0.11515706777572632,0.9551849365234375,0.007213970646262169,0.01905289358113348,0.1764151849113572,0.02970087336719536,1.5394214908416237,0.6316466150166566,0.9908995916942467,0.4147947489897733,3.6651315158941378,0.4663396772236988
25550,0.1151466891169548,0.955169677734375,0.007211890537291765,0.01905183218436207,0.17642374517772014,0.029708693638172766,1.5394803479389019,0.631738592367237,0.9908978484226747,0.4149077121798249,3.665182723305348,0.4663650925748679
25575,0.11513631045818329,0.955169677734375,0.007212234195321798,0.019050981322656892,0.1764322787715864,0.029716533793631327,1.5395390752962042,0.6318307669460165,0.9908961035698907,0.4150209269376482,3.6652338985621733,0.46639044299219323
25600,0.11512593924999237,0.9551849365234375,0.007215925492346287,0.019049861490074038,0.17644078755977674,0.029724399496065555,1.5395976918510388,0.6319232032992818,0.9908943580346607,0.41513452804520734,3.66528506735232,0.46641573907250694
25625,0.11511556804180145,0.9552001953125,0.007216771133244038,0.01904927574788304,0.17644926197462588,0.02973229602277763,1.5396561676215943,0.6320159622500209,0.9908926231855906,0.41524851211899255,3.6653362576663966,0.46644095118629275
25650,0.11510519683361053,0.9552154541015625,0.0072091552428901196,0.019048004119358582,0.1764577095031738,0.029740194356196587,1.5397144868327408,0.6321087154235533,0.9908908926807807,0.41536243701283115,3.6653873541777693,0.46646607954421343
25675,0.11509482562541962,0.955230712890625,0.007213760167360306,0.01904705189523466,0.1764661417094682,0.0297481146141676,1.5397727465088464,0.6322016957026446,0.9908891614263835,0.415476668786837,3.6654384677514518,0.46649117617774044
25700,0.1150844618678093,0.9552459716796875,0.0072074998170137405,0.019045402310304754,0.1764745510055928,0.02975603773064929,1.53983091425968,0.6322947007314148,0.9908874263325385,0.41559102475551757,3.665489600081045,0.4665162186999911
25725,0.11507409811019897,0.9552459716796875,0.007209917064756155,0.019043796929682114,0.17648293761616238,0.02976397488260637,1.5398889999219292,0.6323878528771797,0.990885692285103,0.4157055796692264,3.6655407722406594,0.466541206183465
25750,0.11506372690200806,0.955230712890625,0.00720739271491766,0.019042399841100375,0.17649131439897695,0.029771931420232486,1.5399470333613354,0.6324811981494215,0.9908839612589941,0.4158204094910529,3.665591921787555,0.4665661564724036
25775,0.11505337059497833,0.9552459716796875,0.007208212278783321,0.01904129151004308,0.17649966809414158,0.029779912461978066,1.5400049692260638,0.6325747959715777,0.9908822329223402,0.4159355749246665,3.6656430784646457,0.46659104427265746
25800,0.11504299938678741,0.9552459716796875,0.00721173919737339,0.01904072684398389,0.17650800229966052,0.029787916698413717,1.5400628219505568,0.6326686318291286,0.9908805012913395,0.41605103345110606,3.6656942392601533,0.46661587773098023
25825,0.11503264307975769,0.95526123046875,0.007213946897536516,0.019038910880154056,0.17651630354052908,0.02979596154454469,1.5401205762933838,0.6327629084437393,0.9908787733899866,0.4161670034040525,3.6657455078096075,0.4666406666894781
25850,0.11502227932214737,0.9552764892578125,0.007210941519588232,0.019037093134725305,0.17652457246962477,0.029804021002452174,1.5401781713848017,0.63285732346662,0.9908770468603184,0.41628316311964986,3.665796732439763,0.4666653936762934
25875,0.11501191556453705,0.9552764892578125,0.007210829295217991,0.019035810508115997,0.1765328201092163,0.029812103994598087,1.5402356501045769,0.6329519694206776,0.9908753293035037,0.41639963154872617,3.6658479007572065,0.4666900621923692
25900,0.11500155925750732,0.9552764892578125,0.00719850929453969,0.019034332642520652,0.176541027826674,0.02982019844608371,1.540292983455064,0.6330467395358824,0.9908736124891081,0.4165161558942713,3.6658991371997325,0.46671466943709156
25925,0.1149912029504776,0.9552764892578125,0.007191974204033613,0.01903228922927257,0.17654923579928508,0.0298282913279545,1.540350325437361,0.6331414867546316,0.99087188671122,0.4166326215773727,3.665950391135322,0.4667392248878703
25950,0.11498086154460907,0.9552764892578125,0.007188734132796526,0.019030515519828956,0.17655742591475274,0.029836391935495473,1.540407569244209,0.6332362983019345,0.9908701565809299,0.4167490820972824,3.6660015964131523,0.46676371563802865
25975,0.11497052013874054,0.9552764892578125,0.007182595320045948,0.01902888629321641,0.17656559699612517,0.029844511017631994,1.5404647244650889,0.6333312942533665,0.990868426884244,0.4168657230192607,3.666052788071406,0.4667881518455533
26000,0.11496017128229141,0.955291748046875,0.007179956417530775,0.019027988492487213,0.1765737594991993,0.02985263884712248,1.5405218725591259,0.6334263860811892,0.9908666924467437,0.41698250714509055,3.6661040514163954,0.46681258021207667
26025,0.11494982987642288,0.9553070068359375,0.007181626744568348,0.01902708234685325,0.1765818931681924,0.029860781094805076,1.5405788887229095,0.6335216189289875,0.9908649581827939,0.41709945108212176,3.666155299715865,0.46683694102824774
26050,0.11493949592113495,0.9553070068359375,0.0071753934025764465,0.01902654590297864,0.1765900151409226,0.029868929297046463,1.5406358623795187,0.6336169090032587,0.990863228403482,0.41721640716670805,3.6662065678600304,0.46686125512709736
26075,0.11492916196584702,0.9553070068359375,0.007169851567596197,0.019024953806359563,0.17659812069296896,0.029877076996874613,1.5406927641543093,0.6337121842018286,0.990861502726404,0.4173333424691262,3.666257834984371,0.4668855126565836
26100,0.11491882055997849,0.9553070068359375,0.007167062722146511,0.019023521217412583,0.17660621308248578,0.02988521177582291,1.5407495908308515,0.6338073056747717,0.9908597858443711,0.41744998263910416,3.666309059611315,0.46690972471449216
26125,0.11490849405527115,0.9553070068359375,0.007167695090174675,0.019022267803377013,0.17661429701936948,0.029893348738403283,1.5408064305042921,0.6339024614134273,0.9908580790662427,0.4175665549097648,3.666360402476438,0.46693391234734755
26150,0.11489816009998322,0.955322265625,0.007161151617765427,0.01902088692961002,0.1766223500941527,0.02990149919277183,1.5408631220302063,0.6339977452191342,0.9908563816389814,0.41768340599795517,3.666411712726866,0.4669580350400385
26175,0.11488784104585648,0.955322265625,0.0071662175469100475,0.019019023825285107,0.17663038459977984,0.029909646448255816,1.5409197153521679,0.6340929786033073,0.990854679506198,0.4178002793714841,3.666462981604605,0.4669821045843307
26200,0.11487751454114914,0.955322265625,0.00716274743899703,0.019017792544727307,0.176638410035257,0.029917807313064825,1.5409762663563622,0.6341883456746998,0.9908529725040305,0.4179173436731078,3.666514243493618,0.46700615073975743
26225,0.1148671954870224,0.955322265625,0.0071593839675188065,0.01901690402502085,0.17664642307262987,0.029925972995961978,1.5410327933992476,0.6342837667485792,0.9908512673793024,0.41803442430719295,3.666565576605602,0.46703018037753213
26250,0.11485686898231506,0.9553070068359375,0.007164194714277983,0.01901545031821959,0.1766544316298468,0.02993415662232162,1.541089300397507,0.634379368289156,0.9908495690269037,0.4181516945986161,3.666616908079061,0.46705417487554984
26275,0.11484654247760773,0.955322265625,0.007175974547863007,0.019014797294057747,0.17666240340104342,0.029942386221366288,1.5411456616920567,0.634475453478298,0.9908478668033547,0.41826962681317137,3.66666827420459,0.4670781086305099
26300,0.11483621597290039,0.955322265625,0.007173394784331322,0.019013666490178587,0.17667036581919202,0.029950645576187592,1.5412019844975438,0.6345718452215329,0.9908461574207719,0.4183879480783351,3.666719645367612,0.46710199164675364
26325,0.11482588946819305,0.955322265625,0.0071748667396605015,0.019011869973747608,0.17667832156159022,0.02995890861881218,1.5412583004760443,0.6346682755152377,0.9908444497562956,0.4185061805559218,3.6667710691095157,0.4671258387343738
26350,0.11481557041406631,0.955322265625,0.00717187998816371,0.01901114697445299,0.17668625262994486,0.029967197823535435,1.5413145199387637,0.6347649777710288,0.9908427442949577,0.418624652780759,3.666822518815214,0.46714963332064113
26375,0.11480525135993958,0.955322265625,0.007171993609517813,0.019009817111767364,0.17669416652525738,0.02997549200789707,1.5413706589414589,0.6348617207126378,0.9908410438725574,0.41874325636865695,3.66687395483974,0.46717337607662485
26400,0.11479492485523224,0.955322265625,0.00716810766607523,0.019009023110523365,0.17670207806599025,0.029983792479815696,1.54142676437236,0.634958510862444,0.9908393426866333,0.4188619629415127,3.6669253349661393,0.4671970773919696
26425,0.1147846132516861,0.955352783203125,0.007167004514485598,0.019007386296162863,0.17670997357263,0.029992094253511316,1.541482835365668,0.6350553196358136,0.9908376478941974,0.41898068964542895,3.6669767990723097,0.4672207405238321
26450,0.11477430164813995,0.955352783203125,0.007164021488279104,0.019005679916089816,0.17671786208135573,0.03000040920281932,1.5415389261463612,0.6351522788329711,0.9908359531425828,0.4190995676870126,3.667028382385606,0.46724437315810186
26475,0.11476398259401321,0.955352783203125,0.0071579706855118275,0.019005084291785105,0.1767257460058302,0.030008733092398588,1.5415949672811033,0.6352493106350685,0.9908342614155764,0.41921856494463877,3.667079894689272,0.4672679653230428
26500,0.11475367844104767,0.955352783203125,0.0071573262102901936,0.019004375702466585,0.17673362050179647,0.030017057164452996,1.5416509676811212,0.6353463347021581,0.9908325726195106,0.4193375750112879,3.667131407441922,0.46729151581536194
26525,0.11474336683750153,0.955352783203125,0.007152067497372627,0.01900390981168287,0.17674147704680024,0.030025385797655516,1.5417069398820054,0.6354434178590775,0.9908308862902053,0.41945665079929906,3.667183038874436,0.4673150324922511
26550,0.11473306268453598,0.9553680419921875,0.007156566716730595,0.0190034301564417,0.17674930426149132,0.030033735714171225,1.541762772979051,0.6355407117684297,0.9908291956164839,0.41957592558520423,3.6672346432272125,0.4673384962965929
26575,0.11472275853157043,0.95538330078125,0.007154960185289383,0.019002371707830007,0.1767571204513421,0.030042100699448324,1.5418185509298685,0.6356381523015143,0.990827512825002,0.41969540021344764,3.667286230294345,0.46736192171916946
26600,0.11471244692802429,0.95538330078125,0.007152010221034288,0.019000699885549265,0.1767649091172787,0.030050477166002947,1.5418742142442659,0.6357357065947545,0.9908258285558538,0.4198148943962871,3.6673378297301054,0.4673853072225225
26625,0.11470215022563934,0.9553985595703125,0.007154572289437056,0.018999676275377884,0.17677267549430986,0.030058875899064287,1.5419297740615217,0.6358334838548575,0.9908241481151384,0.41993464603065445,3.6673894137172467,0.46740864724977343
26650,0.1146918460726738,0.9553985595703125,0.0071526807732880116,0.01899852333218157,0.17678043792696924,0.03006729684193996,1.5419853525388199,0.6359315007798787,0.9908224713062461,0.42005471691428575,3.6674410825031076,0.4674319699052249
26675,0.11468154191970825,0.9553985595703125,0.007157917134463787,0.018997671543920236,0.1767881721777589,0.030075723942056872,1.5420408131127956,0.6360295748267368,0.990820802055778,0.4201748524223421,3.667492762692349,0.46745523943125333
26700,0.11467123031616211,0.955413818359375,0.0071593718603253365,0.01899725447879247,0.17679589999261594,0.03008417005210953,1.5420962361523116,0.6361278358906629,0.9908191343929195,0.4202951388991509,3.6675444198629994,0.4674784864533463
26725,0.11466093361377716,0.955413818359375,0.00714742811396718,0.018996508286568906,0.17680360133053183,0.030092628841291096,1.5421515635856757,0.6362262290755494,0.9908174670277965,0.4204155894999262,3.6675961237712653,0.46750167443611684
26750,0.11465062946081161,0.955413818359375,0.007151203695684671,0.018995221178248246,0.1768112847730174,0.03010109258384343,1.5422068180543465,0.6363246665774799,0.9908158042807251,0.42053608171513746,3.667647839248836,0.4675248024578594
26775,0.11464033275842667,0.9554290771484375,0.007145867217332125,0.018994237783051742,0.17681894358996994,0.030109565708730572,1.542261964791819,0.6364231929538482,0.9908141430204134,0.4206566785615975,3.6676995534115973,0.4675478692154266
26800,0.11463004350662231,0.9554290771484375,0.007137776352465153,0.018993055468420825,0.17682658671884677,0.030118034280356566,1.5423170485960824,0.6365216633138936,0.9908124926304942,0.4207771432200516,3.667751280096218,0.46757088715793926
26825,0.11461974680423737,0.9554443359375,0.007137251552194357,0.018991469349784622,0.17683420708987313,0.030126513390776998,1.542372056209413,0.6366202443939056,0.9908108283716273,0.4208977170607015,3.6678030610897436,0.4675938434474705
26850,0.11460945755243301,0.9554443359375,0.007138942833989859,0.018989930535115575,0.17684181363473495,0.03013501503580412,1.542426982897834,0.6367190448543916,0.9908091675552779,0.4210185484865586,3.667854792500566,0.4676167467966265
26875,0.11459916830062866,0.9554290771484375,0.007143584545701742,0.018989074261695684,0.17684939076069517,0.030143524606801177,1.5424817636642068,0.636817911533155,0.9908075111991891,0.42113946076802977,3.667906481469206,0.46763960404052074
26900,0.11458887904882431,0.9554290771484375,0.007136812899261713,0.018987983287592936,0.17685695645947427,0.030152049118993857,1.5425364999563462,0.6369169279835208,0.9908058602990453,0.42126057502443326,3.6679581826504766,0.4676624204010499
26925,0.11457858979701996,0.9554290771484375,0.0071293446235358715,0.01898711682515618,0.1768645230793525,0.03016057881834534,1.5425912519637006,0.6370159937616419,0.9908042105048939,0.4213817714185009,3.668009911114782,0.4676851990386191
26950,0.1145683079957962,0.9554290771484375,0.007126584183424711,0.018986697786245812,0.17687208676423705,0.03016909870267031,1.5426460028812317,0.6371149504487201,0.990802560357964,0.4215028149785772,3.6680616668867714,0.46770795961593864
26975,0.11455802619457245,0.9554290771484375,0.007125812582671642,0.018986101852399524,0.17687962728705944,0.030177623964014744,1.5427006649821204,0.6372139586827855,0.9908009110775392,0.42162383193554465,3.6681134511075335,0.46773067735845564
27000,0.1145477443933487,0.9554290771484375,0.007120373658835888,0.01898545699150404,0.17688715600007196,0.030186148844886157,1.542755306140261,0.6373129652576475,0.9907992664413217,0.42174481892376614,3.6681653074442138,0.4677533671347583
27025,0.11453747749328613,0.9554443359375,0.0071138725616037846,0.018984341792984204,0.17689467068375006,0.030194670336174838,1.5428099014589525,0.6374119321352353,0.990797617600151,0.42186574544474703,3.6682171997074713,0.4677760259215016
27050,0.11452719569206238,0.9554443359375,0.007118385750800371,0.018983432104430188,0.17690215674274587,0.0302032052612395,1.5428643705275886,0.6375110299577463,0.9907959665505474,0.42198680537569,3.6682690880356223,0.467798631220049
27075,0.11451692134141922,0.9554595947265625,0.007118992041796446,0.01898280832226982,0.17690961603661587,0.030211753815549292,1.5429187044300197,0.6376102537016065,0.990794320573468,0.42210797702099356,3.66832093194483,0.467821180367681
27100,0.11450664699077606,0.955474853515625,0.007124883588403463,0.018981739338203258,0.1769170684219346,0.03022033113052712,1.5429730157910266,0.6377097737252375,0.9907926808558377,0.42222949425642975,3.6683727933312844,0.4678437017521817
27125,0.11449636518955231,0.955474853515625,0.007130841724574566,0.018980829828070856,0.17692450037501833,0.030228919144016736,1.5430272591326062,0.6378094049465493,0.9907910457100839,0.4223511814894951,3.668424704274802,0.4678661949005347
27150,0.11448609828948975,0.955474853515625,0.007126376498490572,0.0189794797184672,0.1769319092932834,0.030237511933386276,1.5430814287227954,0.6379090871778771,0.9907894114812081,0.422472873383785,3.668476678121638,0.4678886507507967
27175,0.11447581648826599,0.9554901123046875,0.007134063169360161,0.018978881350919654,0.1769392970484744,0.030246119212708072,1.5431354958037038,0.6380089075973316,0.9907877804060315,0.42259470953163814,3.668528627092534,0.46791105894813284
27200,0.11446554213762283,0.9554901123046875,0.007133534178137779,0.018977408889911052,0.17694667402059067,0.030254737676819084,1.5431895295782012,0.6381088411929399,0.9907861489339054,0.42271672667297483,3.668580608095954,0.46793345311242107
27225,0.11445526778697968,0.955474853515625,0.0071314540691673756,0.01897698721631736,0.1769540312813489,0.030263365138781372,1.543243492717811,0.6382088655296424,0.990784525245914,0.42283892907925014,3.6686326249406718,0.4679558080544867
27250,0.11444499343633652,0.95550537109375,0.0071235173381865025,0.018976123529517924,0.17696135453520823,0.03027199802192351,1.5432973252126463,0.638308943831241,0.9907829040287984,0.42296121658786656,3.668684683150907,0.46797809596174345
27275,0.11443472653627396,0.95550537109375,0.0071124546229839325,0.01897443589726655,0.17696866274890466,0.030280633048551584,1.543351081199953,0.6384090297131794,0.9907812866636352,0.42308342337663385,3.6687367148084467,0.4680003206565075
27300,0.1144244521856308,0.9555206298828125,0.0071108778938651085,0.018973667613932828,0.17697596755949452,0.030289280022735322,1.5434048187294729,0.6385092295289354,0.9907796777367907,0.42320566591951736,3.6687887372798427,0.4680225128959209
27325,0.11441420018672943,0.9555206298828125,0.007110278587788343,0.01897327719806196,0.17698326066457426,0.03029793059646557,1.5434585220088552,0.6386094637006774,0.9907780691785955,0.423327903702554,3.6688407990800145,0.4680446710939558
27350,0.11440394073724747,0.955535888671875,0.0071054124273359776,0.018972513154506748,0.17699053121654387,0.030306590675422608,1.5435121438015138,0.6387097944781971,0.9907764633169731,0.42345020960477203,3.668892900355556,0.46806677998929314
27375,0.1143936812877655,0.9555206298828125,0.007102117408066988,0.01897165190566806,0.17699779577909563,0.03031524704355312,1.5435657199704278,0.6388100675353726,0.9907748560092258,0.42357237366808614,3.668944954670873,0.468088849736334
27400,0.11438342183828354,0.9555206298828125,0.0071098050102591515,0.018971144896473627,0.17700503565966677,0.030323933323238243,1.543619176174881,0.6389106400589105,0.9907732499629734,0.42369488670497596,3.668996979060361,0.4681108632967861
27425,0.11437316238880157,0.9555206298828125,0.007107059471309185,0.018970066802099516,0.1770122611089464,0.03033264028060056,1.5436725649824528,0.6390114179232428,0.9907716481108302,0.42381772556952324,3.6690489922289005,0.4681328485919973
27450,0.11436289548873901,0.9555206298828125,0.007114236243069172,0.018968782834761798,0.1770194824625893,0.03034136070763694,1.5437259692423582,0.6391123407749587,0.990770052544292,0.4239408034811909,3.6691010839748386,0.4681548148525283
27475,0.11435264348983765,0.9555206298828125,0.007117022294551134,0.018967304331966046,0.17702669723430633,0.030350103740881044,1.543779399013823,0.639213513436639,0.9907684614557404,0.4240642265017832,3.669153303966757,0.46817675943232584
27500,0.11434237658977509,0.955535888671875,0.007114446721971035,0.01896676557820277,0.17703390143582917,0.030358851834230472,1.5438327465875077,0.6393147136786339,0.9907668776520878,0.4241876586131514,3.669205437534703,0.4681986661667428
27525,0.11433211714029312,0.955535888671875,0.007114599924534559,0.01896566526912418,0.177041094105224,0.03036759736510731,1.543886076923099,0.6394158898702516,0.9907652935302929,0.4243110274218812,3.669257649035798,0.46822054987706674
27550,0.11432185769081116,0.955535888671875,0.007126424461603165,0.01896562886804841,0.1770482610318395,0.03037637745625383,1.5439392431181775,0.6395173976231847,0.9907637074699246,0.4244349175139288,3.6693097365935983,0.46824238051394923
27575,0.1143115907907486,0.95556640625,0.007126885466277599,0.01896506144392592,0.1770554070834894,0.03038519884763051,1.543992358888507,0.6396193460464646,0.9907621217793612,0.42455938423216427,3.6693619200198127,0.4682641902531112
27600,0.11430133879184723,0.95556640625,0.007121998816728592,0.018964073445294778,0.17706255830633535,0.03039400663580209,1.5440454971846473,0.639721140359981,0.9907605420350971,0.4246837040868082,3.669414102783164,0.4682859769861819
27625,0.11429108679294586,0.95556640625,0.007118215784430504,0.018962954760036316,0.1770697055267181,0.030402820160377052,1.5440986160165393,0.6398229832996785,0.9907589672128035,0.42480815415993395,3.6694662801517213,0.46830772751728533
27650,0.1142808198928833,0.9555816650390625,0.007120612543076277,0.01896246602987253,0.17707684645699764,0.030411649948843412,1.5441517303051386,0.6399249959239922,0.9907573937962141,0.4249327853762962,3.6695185112862565,0.468329462828011
27675,0.11427056789398193,0.955596923828125,0.007125066593289375,0.018961839448847863,0.17708398185180294,0.03042048695381383,1.5442048020565056,0.6400270658876892,0.9907558258213667,0.42505761131203257,3.669570698076654,0.4683511546467616
27700,0.11426030844449997,0.9556121826171875,0.007126743905246258,0.018960689806685187,0.1770910878014225,0.030429336131570846,1.5442577344443782,0.6401292483712157,0.9907542612165626,0.42518263105092463,3.6696228581606523,0.46837280001003
27725,0.114250048995018,0.95562744140625,0.007127195596694946,0.018960255548072128,0.17709816597493916,0.030438197946711248,1.5443105597037128,0.6402315585597455,0.9907526916283828,0.42530788026902405,3.669675050840296,0.46839439899864216
27750,0.11423979699611664,0.9556121826171875,0.007129622157663107,0.018958870912303777,0.1771052418570441,0.03044707206269569,1.5443633900719214,0.6403339933345604,0.9907511211121093,0.4254332772022239,3.669727278778885,0.46841597107786026
27775,0.11422954499721527,0.955596923828125,0.00712937256321311,0.01895813759560704,0.17711229013729377,0.030455957989222154,1.5444161189874968,0.6404365490695095,0.9907495662452418,0.42555884485535955,3.669779550983806,0.46843751515844323
27800,0.1142192855477333,0.955596923828125,0.0071284836158156395,0.01895671742582812,0.1771193175226776,0.030464862497860973,1.5444687507958679,0.6405392865853735,0.9907480225973685,0.4256846457520753,3.66983180828988,0.468459022181684
27825,0.11420902609825134,0.955596923828125,0.007141442969441414,0.01895563798577141,0.1771263255610839,0.03047376555256393,1.544521339820235,0.6406420149354785,0.9907464754866797,0.4258104294371271,3.6698841637344626,0.46848050971685445
27850,0.11419877409934998,0.9556121826171875,0.007146666757762432,0.01895469923792353,0.17713330347715445,0.030482721781880773,1.544573833868286,0.6407453061197682,0.9907449292190198,0.42593689662050094,3.669936604923104,0.4685019554848044
27875,0.11418850719928741,0.9556121826171875,0.0071449121460318565,0.01895406430358059,0.1771402646802851,0.030491700126465293,1.5446262456098374,0.6408488145373527,0.9907433880693222,0.42606368108242826,3.66998902304096,0.4685233597099117
27900,0.11417825520038605,0.95562744140625,0.007142376154661179,0.018952693160957244,0.17714720191356173,0.03050068281005318,1.5446785666700649,0.6409523629740242,0.9907418472153652,0.42619042250476447,3.67004147336106,0.4685447130802601
27925,0.11416800320148468,0.95562744140625,0.007135923020541668,0.0189516906868337,0.17715411833382688,0.03050966865399176,1.5447307939023402,0.6410559320183672,0.9907402996839552,0.4263172678766207,3.670093915701459,0.46856601368670203
27950,0.11415774375200272,0.9556427001953125,0.007136414293199778,0.01895172138104663,0.1771610386544584,0.030518650941680447,1.5447830591622138,0.6411594611143834,0.9907387644573586,0.4264439561682126,3.6701464073393355,0.4685873101028647
27975,0.11414749175310135,0.9556427001953125,0.007128425408154726,0.01895135869239655,0.17716795967740084,0.030527630470419013,1.5448353440002682,0.6412629567892785,0.9907372360029167,0.4265705807174812,3.6701989375658832,0.468608600515027
28000,0.11413724720478058,0.9556427001953125,0.007132411934435368,0.01895026999192488,0.17717487128389486,0.03053660170391236,1.5448875683412802,0.641366345993973,0.990735704913021,0.42669709408245304,3.6702514209481714,0.4686298436547135
28025,0.11412700265645981,0.9556427001953125,0.007125210482627153,0.01894940018236327,0.17718174706989548,0.030545619731220927,1.544939651175858,0.6414702213726405,0.9907341790662176,0.42682424151083087,3.670303938512558,0.46865103577006006
28050,0.11411675065755844,0.955657958984375,0.007130841258913279,0.018948692333436094,0.17718862094760987,0.030554636664055487,1.5449917427870796,0.6415740809772824,0.9907326523154021,0.4269513775163526,3.6703564960354718,0.46867218800868266
28075,0.11410650610923767,0.9556732177734375,0.007132085505872965,0.01894679805630287,0.17719545428482936,0.030563675583459782,1.5450436434496138,0.6416781541123886,0.9907311279028881,0.4270788016077428,3.6704090191581877,0.46869327189525434
28100,0.1140962541103363,0.9556732177734375,0.007130603771656752,0.018945685592376044,0.17720228883517306,0.030572734441006045,1.5450955819972165,0.6417824386268866,0.9907296071723602,0.42720638319934756,3.6704616190542056,0.46871435485719465
28125,0.11408600956201553,0.9556732177734375,0.00713090505450964,0.018945579109688,0.1772091112775851,0.030581809331621662,1.5451474753381176,0.6418868830731874,0.9907280868348473,0.4273341571399372,3.670514236292704,0.46873540799041835
28150,0.11407576501369476,0.9556884765625,0.0071287015452980995,0.01894501754142566,0.1772159349608221,0.030590884517292333,1.5451993971478528,0.6419913286797383,0.990726568072574,0.42746195649139007,3.670566907642081,0.4687564609886947
28175,0.1140655130147934,0.9556884765625,0.007143816445022821,0.0189451551598302,0.17722274382953232,0.030599970148478317,1.5452512422541502,0.6420958673340096,0.9907250531926926,0.4275898870578252,3.6706195495395524,0.4687774907345954
28200,0.11405527591705322,0.9556884765625,0.0071413894183933735,0.018944741321463794,0.17722951403848475,0.030609086278280247,1.5453029091080412,0.6422007103597663,0.9907235339448504,0.4277182952861619,3.6706721677018916,0.46879845426403466
28225,0.11404501646757126,0.9556884765625,0.007140579167753458,0.01894340535760082,0.1772362755310348,0.030618205755417818,1.5453545388411571,0.6423055772445851,0.9907220196587503,0.42784668935545567,3.6707247872816113,0.46881938010796365
28250,0.11403477936983109,0.9557037353515625,0.007137153763324022,0.018942202389875703,0.17724301531052675,0.030627325628988157,1.5454060630246642,0.6424104321399353,0.9907205094703085,0.4279750368581837,3.670777380322556,0.46884025090875037
28275,0.11402453482151031,0.955718994140625,0.007130765356123447,0.018940538995474415,0.1772497538437268,0.030636438739114168,1.5454576101378923,0.6425152162875548,0.9907189967462422,0.42810325019733797,3.6708300400594283,0.46886108553193645
28300,0.11401429772377014,0.9557342529296875,0.007130106445401907,0.01893967422322499,0.17725648520983142,0.03064554873285834,1.5455091425414325,0.6426199630468578,0.990717485145771,0.42823141670011733,3.670882738395625,0.46888189342350844
28325,0.11400406062602997,0.9557342529296875,0.0071341427974402905,0.018938289108621966,0.17726320990178543,0.030654670566323365,1.545560631301014,0.6427248163026097,0.9907159747676916,0.42835977638511125,3.670935401500534,0.46890269373246185
28350,0.1139938235282898,0.95574951171875,0.007125489879399538,0.018937467376004602,0.17726991049787155,0.030663800053846352,1.5456120424954611,0.642829749614164,0.9907144676732973,0.42848825909319543,3.6709881291974127,0.4689234472403092
28375,0.11398359388113022,0.9557342529296875,0.007120520807802677,0.018936656421441617,0.1772766031484813,0.03067293033772081,1.5456634159065232,0.6429346783476415,0.9907129570307898,0.42861670582394673,3.671040848742139,0.4689441622628358
28400,0.11397336423397064,0.9557342529296875,0.007114942651242018,0.018935289965303286,0.17728329130355813,0.030682060696868792,1.5457147879403326,0.6430396038371138,0.9907114491584194,0.42874510295442836,3.6710936108792507,0.4689648561701122
28425,0.11396313458681107,0.9557342529296875,0.007107386365532875,0.01893536193966835,0.17728996220782064,0.030691187122632073,1.5457661143860917,0.6431444888304679,0.9907099413104847,0.4288733906325396,3.6711464426683422,0.4689855154768358
28450,0.11395290493965149,0.95574951171875,0.007109751459211111,0.018934493526526035,0.17729663132233286,0.030700306559872007,1.5458174549601917,0.6432492981501375,0.9907084429953174,0.42900158960870494,3.6711993258524456,0.46900614279358666
28475,0.11394268274307251,0.95574951171875,0.007102689705789089,0.018933019463711922,0.17730329731293842,0.03070943660071956,1.5458688099785642,0.6433542186619378,0.9907069478194646,0.42912995385663544,3.6712522749912564,0.46902674804716554
28500,0.11393246054649353,0.95574951171875,0.0071005020290613174,0.018932193804994033,0.1773099634556594,0.03071856869190968,1.545920171801866,0.6434591516249618,0.990705456354515,0.42925834344463576,3.67130523802247,0.46904733140648547
28525,0.11392223834991455,0.9557342529296875,0.007094935048371553,0.0189312036206889,0.17731661192741996,0.030727687462226334,1.5459714107740803,0.6435639144393707,0.9907039648808345,0.42938646148299686,3.6713580915537207,0.4690678679999729
28550,0.11391203105449677,0.9557342529296875,0.00709037808701396,0.018930553985032825,0.17732326455215328,0.030736812198233307,1.5460226986214634,0.6436687409886352,0.9907024797834056,0.42951458794185016,3.6714110174668484,0.469088379638864
28575,0.11390180885791779,0.95574951171875,0.00708028906956315,0.018929358083279012,0.1773299101419555,0.030745942969717843,1.5460739707486988,0.6437736254001146,0.9907009967836433,0.4296427198115047,3.671463978181724,0.4691088590156886
28600,0.1138915941119194,0.9557647705078125,0.007081325631588697,0.018928798239093277,0.17733654055773254,0.030755057654653934,1.5461251979577686,0.6438783387028276,0.9906995109956676,0.42977072129274163,3.6715169886147057,0.4691293153549771
28625,0.11388138681650162,0.9557647705078125,0.007078063674271107,0.018928629767398022,0.17734316619989984,0.030764173661545248,1.5461763803758741,0.6439830443477913,0.9906980329069811,0.42989874185299615,3.671569941402125,0.46914976160593985
28650,0.11387117952108383,0.95574951171875,0.0070764003321528435,0.01892878600745162,0.17734976923490844,0.030773292402398105,1.546227479865341,0.6440877736047618,0.9906965583663319,0.43002675266848056,3.671622930587539,0.4691701577850471
28675,0.11386097967624664,0.955718994140625,0.0070664179511368275,0.018927167914876784,0.17735636692741116,0.030782408384367473,1.5462785809482131,0.6441924728530225,0.9906950804970629,0.430154795617513,3.6716759781570163,0.4691905379284066
28700,0.11385077238082886,0.9557342529296875,0.007067279890179634,0.018926248944215317,0.17736296192934378,0.030791521111218127,1.5463296542476626,0.6442971198649433,0.9906936045478525,0.4302828158052546,3.671728986902003,0.46921088709068753
28725,0.11384056508541107,0.9557342529296875,0.00707516772672534,0.018925208240949936,0.17736954797772814,0.030800638381291164,1.546380711526223,0.6444018125130674,0.9906921270729925,0.43041089625889895,3.6717820495796114,0.46923121764965675
28750,0.11383035778999329,0.9557342529296875,0.007074011489748955,0.018924292694197667,0.17737611206167375,0.030809774558907748,1.5464316779887264,0.6445066934959441,0.9906906526022771,0.43053925558145767,3.6718351232608266,0.4692515179590714
28775,0.1138201504945755,0.955718994140625,0.007077449932694435,0.01892319253239774,0.17738265498774833,0.03081892546065356,1.5464825649166385,0.6446117222266156,0.9906891843197205,0.4306677876192261,3.6718882263802595,0.4692717850726942
28800,0.11380995064973831,0.955718994140625,0.007072270382195711,0.018921700213292824,0.17738916414890982,0.030828096599383917,1.5465333148210303,0.6447169552404997,0.9906877197669389,0.4307965577066153,3.67194135291979,0.46929199644771163
28825,0.11379975080490112,0.955718994140625,0.0070803468115627766,0.01892149926757671,0.1773956628518141,0.03083727423883703,1.5465840352721436,0.6448222513335454,0.9906862613488909,0.43092545204889104,3.671994517056294,0.46931218295876703
28850,0.11378954350948334,0.9557342529296875,0.007082759868353605,0.01892031218643746,0.17740216092270894,0.030846458823222348,1.546634763927249,0.6449276129716212,0.9906848058472032,0.43105443852467884,3.6720477064962416,0.46933236343004403
28875,0.11377934366464615,0.95574951171875,0.007074114866554737,0.018919799853426237,0.17740864067928175,0.03085565309719989,1.5466854069454297,0.6450330618308941,0.9906833538208666,0.43118342458039155,3.672100881442527,0.4693525000640044
28900,0.11376914381980896,0.95574951171875,0.007071101106703281,0.018919142134196827,0.1774150977670439,0.030864861464273613,1.546735964779992,0.6451386520022392,0.9906818992199041,0.4313125267498214,3.6721540880347936,0.46937258113767505
28925,0.11375894397497177,0.95574951171875,0.007080215495079756,0.018918008443106673,0.17742153645591413,0.03087409748770012,1.5467864498540629,0.6452445225823412,0.990680442872114,0.43144195690401055,3.672207311573663,0.4693926134644381
28950,0.11374875158071518,0.95574951171875,0.007078653667122126,0.018917406545518788,0.1774279695245417,0.030883347731379962,1.5468369147061547,0.6453505317575498,0.990678982463994,0.4315715415151627,3.6722605445438363,0.4694126248067744
28975,0.1137385442852974,0.9557647705078125,0.00708611449226737,0.018916905555250944,0.17743440356716367,0.03089260831983411,1.546887381120919,0.6454566360836,0.9906775278826003,0.4317012538187918,3.672313770421354,0.469432611521837
29000,0.1137283444404602,0.9557647705078125,0.007077851798385382,0.018915399929912306,0.177440813465976,0.030901880493958724,1.5469377637748813,0.6455628585683435,0.9906760759718755,0.4318310775026063,3.6723670465749576,0.4694525476609653
29025,0.11371815204620361,0.9557647705078125,0.007071383763104677,0.01891402836307101,0.17744722070286664,0.030911142846093143,1.5469881119994824,0.6456689570979359,0.990674632287757,0.43196068548993855,3.672420267815025,0.4694724440851579
29050,0.11370794475078583,0.955780029296875,0.007075830828398466,0.018912804774787448,0.1774536205687868,0.03092040634702291,1.5470384763069944,0.6457750759324714,0.990673189532984,0.43209032298629935,3.6724736027817877,0.46949233578676625
29075,0.11369776725769043,0.955780029296875,0.0070686680264770985,0.01891199989430642,0.1774600113422757,0.03092967766429639,1.5470888076580533,0.6458812673571039,0.9906717480402947,0.43222004989503715,3.672526952869906,0.4695121895320379
29100,0.11368757486343384,0.955780029296875,0.007067359983921051,0.018911581308797963,0.17746641339998184,0.030938941521727145,1.547139171345596,0.6459873620426102,0.9906703124886855,0.43234965232904576,3.6725802622267762,0.46953202461595034
29125,0.11367738246917725,0.955780029296875,0.007072596810758114,0.01891079963811513,0.1774727980727155,0.030948218412103254,1.547189449198683,0.6460935767719382,0.9906688761099236,0.4324794418998042,3.672633546989141,0.469551820408912
29150,0.11366719007492065,0.9557647705078125,0.007078391965478659,0.01890949375422182,0.1774791650021962,0.030957507277433297,1.5472396647911866,0.6461999109493475,0.990667444448076,0.43260934774711196,3.6726868668208597,0.4695715888085411
29175,0.11365699768066406,0.9557952880859375,0.007076025940477848,0.01890876687955366,0.17748551898913476,0.030966808696175418,1.5472898644766304,0.6463063811896989,0.990666011195692,0.43273948005314844,3.6727402820746704,0.46959133952481524
29200,0.11364680528640747,0.955810546875,0.007080552633851767,0.01890778008033884,0.17749186106689238,0.03097610644025274,1.5473400441323877,0.6464128145234296,0.9906645756221035,0.4328695823791895,3.6727937722670077,0.4696110722399672
29225,0.11363662779331207,0.955810546875,0.007075682748109102,0.018907084446757903,0.17749820145403447,0.03098541881953181,1.547390226737122,0.6465193929880592,0.990663142686505,0.43299987454754896,3.6728472862113626,0.4696308033132027
29250,0.11362643539905548,0.955810546875,0.007070981897413731,0.018905844403760728,0.17750452598757793,0.030994724368887085,1.5474403631910199,0.6466258979011805,0.9906617152845956,0.4331300251150687,3.6729008538955576,0.4696504985088627
29275,0.11361624300479889,0.955810546875,0.007079065777361393,0.01890542937144176,0.177510845879914,0.031004052688454638,1.547490490631922,0.6467326331204706,0.990660289604249,0.43326051525042286,3.6729544474611986,0.4696701827451394
29300,0.1136060506105423,0.955810546875,0.00707404175773263,0.018905091646085136,0.17751716188381408,0.031013391545351595,1.5475406066572623,0.6468394686118585,0.9906588667451853,0.43339110589014895,3.6730080534162646,0.4696898492190401
29325,0.1135958731174469,0.955810546875,0.007076052017509937,0.018905050153889047,0.17752344867356845,0.03102274066841139,1.5475905949673063,0.6469463990396118,0.9906574501763126,0.43352181325022016,3.6730616577348445,0.4697094581545032
29350,0.11358568072319031,0.955810546875,0.007078363094478846,0.018904385009740423,0.17752972684546459,0.031032089815971553,1.5476405566470277,0.6470533223187971,0.9906560342812658,0.433652583044323,3.673115287255626,0.4697290460550362
29375,0.11357548832893372,0.9557952880859375,0.0070893545635044575,0.018902489252430574,0.17753600309421994,0.0310414577463797,1.5476905153286056,0.6471604316762173,0.9906546182909027,0.4337836006079001,3.673168928807332,0.4697486415432489
29400,0.11356530338525772,0.955810546875,0.007089884486049414,0.018902409090236178,0.17754226825949554,0.031050845027469524,1.5477403995956756,0.647267719788528,0.9906532116710018,0.4339148187465795,3.673222507658476,0.469768208246346
29425,0.11355511099100113,0.955810546875,0.0070835440419614315,0.01890162040614933,0.17754852962797255,0.03106023212989835,1.547790254313964,0.647374988534867,0.990651806431904,0.4340459816864324,3.673276054911854,0.46978774666236167
29450,0.11354493349790573,0.9558258056640625,0.007090759463608265,0.018900931962861852,0.17755477854724502,0.03106964289005267,1.5478400541269046,0.6474824914607595,0.9906504052129922,0.4341774103236293,3.6733295998949784,0.46980726739062695
29475,0.11353474110364914,0.9558258056640625,0.0070941392332315445,0.018900465490045183,0.1775610141756911,0.031079071827124202,1.5478898123137044,0.6475901784596637,0.9906490062306434,0.43430903886388594,3.6733831828261554,0.4698267802839147
29500,0.11352455615997314,0.9558258056640625,0.007087241858243942,0.01890004427744714,0.17756723275302747,0.031088503237881326,1.5479394985136778,0.647697880036076,0.990647605808566,0.434440680826289,3.6734367705483697,0.46984625666922525
29525,0.11351436376571655,0.955841064453125,0.007089047692716122,0.018898541964996726,0.17757343194877187,0.031097941066722416,1.54798911227756,0.6478056413316632,0.9906462097388284,0.4345723515276215,3.673490386099207,0.4698656985435706
29550,0.11350418627262115,0.955841064453125,0.007095426321029663,0.018897331769888052,0.17757961251846816,0.031107401588946555,1.5480386688844032,0.6479136368365201,0.9906448130574637,0.43470439448189846,3.673544057918276,0.46988510723306093
29575,0.11349400132894516,0.9558563232421875,0.007097215857356787,0.01889740340966096,0.1775857889915579,0.03111688196644353,1.5480882348542524,0.648021838246193,0.9906434123242874,0.43483664768235497,3.673597793572018,0.4699045065238016
29600,0.11348380148410797,0.9558563232421875,0.007105708587914705,0.018897033779342026,0.17759195053786464,0.031126382466537775,1.548137745706443,0.6481302410368384,0.9906420218417087,0.4349691942338242,3.673651552063469,0.4699238783825979
29625,0.11347361654043198,0.9558563232421875,0.007106136530637741,0.01889567265321522,0.17759810488010336,0.03113590595982418,1.5481872504263414,0.6482388814282788,0.9906406368482006,0.4351020031520738,3.673705369753821,0.46994323778232755
29650,0.11346343159675598,0.95587158203125,0.0070985895581543446,0.018894674776171107,0.17760425731594795,0.031145420856143226,1.5482367487342645,0.6483474207422352,0.9906392524519639,0.43523468832450884,3.6737591911843177,0.46996259545032354
29675,0.11345323920249939,0.9558868408203125,0.007096702232956886,0.0188938388939545,0.17761040760746502,0.031154916650709998,1.5482862457505573,0.6484557522783209,0.9906378770588697,0.4353670369577939,3.6738130309650714,0.4699819428540259
29700,0.11344306170940399,0.9559173583984375,0.0071074157021939754,0.018893117531501264,0.17761654505690572,0.03116442891418564,1.5483356870666825,0.648564242998358,0.9906365095474496,0.4354995831136712,3.6738668706327204,0.4700012701605851
29725,0.113432876765728,0.9559173583984375,0.007096981629729271,0.018891557516506105,0.177622669231938,0.03117395346079171,1.5483850749019332,0.6486728510074486,0.9906351481408523,0.43563229349152743,3.6739207199231774,0.4700205748441162
29750,0.1134226992726326,0.9559173583984375,0.007088384125381708,0.018890915772681337,0.177628805888342,0.031183443724107095,1.548434554389541,0.648781105618968,0.9906337839126043,0.4357645435345856,3.6739746568338005,0.47003988631531723
29775,0.1134125292301178,0.9559326171875,0.007076886482536793,0.018888837715016767,0.17763491513399432,0.03119292748843165,1.5484839140370912,0.6488892802197161,0.9906324185108076,0.4358966721157681,3.674028592106091,0.47005914514896613
29800,0.1134023517370224,0.9559326171875,0.007077801041305065,0.018887766372622565,0.17764101016444203,0.03120241298698271,1.5485332263593332,0.6489974667538426,0.99063106170563,0.43602885865712676,3.674082561328726,0.4700783662127808
29825,0.1133921816945076,0.9559326171875,0.007081935647875071,0.01888712571715823,0.17764709709180468,0.031211913348649565,1.5485825349895064,0.6491058088641475,0.9906297030199556,0.4361612774797408,3.674136604816126,0.47009757000287883
29850,0.1133820116519928,0.9559478759765625,0.0070765698328614235,0.01888648529266104,0.17765317369254058,0.031221414552422676,1.5486317886707142,0.649214143297783,0.9906283445175467,0.43629371011268603,3.6741906239482707,0.4701167623049487
29875,0.1133718490600586,0.9559478759765625,0.007077597547322512,0.018885179910816174,0.17765924350120121,0.031230919586212033,1.5486810490337397,0.6493225204973423,0.9906269960570919,0.4364261622226471,3.67424472839486,0.47013595106017164
29900,0.11336167901754379,0.9559478759765625,0.00706335436552763,0.01888357922043045,0.17766529849820425,0.031240413776510403,1.5487302092366357,0.6494307577961033,0.990625643229811,0.43655837757413307,3.6742987475994457,0.470155087939491
29925,0.11335151642560959,0.9559478759765625,0.007062776014208794,0.01888312231054321,0.17767135070940374,0.03124989460421706,1.548779339028829,0.649538836329942,0.9906242904871514,0.43669037825563833,3.6743527226891053,0.47017418949562395
29950,0.11334136128425598,0.9559478759765625,0.007062908262014389,0.01888227005349202,0.1776774095230536,0.03125937043693482,1.548828515306138,0.6496468581988546,0.9906229367112429,0.4368223347396609,3.6744067390162862,0.4701932992352708
29975,0.11333119869232178,0.9559478759765625,0.007060081698000431,0.018881848459068942,0.1776834435886063,0.03126886278722995,1.548877612889976,0.649755051753861,0.9906215856319104,0.4369545559162893,3.6744608237752194,0.4702123687869973
30000,0.11332103610038757,0.9559478759765625,0.007063379976898432,0.01888064084853383,0.17768948409899513,0.031278359622719194,1.5489267820527468,0.6498632979450424,0.9906202407358117,0.43708689675545864,3.6745150109256577,0.4702314291540951
30025,0.11331087350845337,0.955963134765625,0.007059591822326183,0.018880371161003467,0.1776955095580135,0.031287852812449696,1.548975891821222,0.6499714966669629,0.9906188963735074,0.4372191613861933,3.6745692120208924,0.4702504531043093
30050,0.11330071836709976,0.9559783935546875,0.007060591131448746,0.018879188592341986,0.17770150792549447,0.03129735159931332,1.549024891283207,0.6500797445913133,0.9906175480733201,0.43735139178544924,3.6746234307714634,0.4702694345028114
30075,0.11329056322574615,0.9559783935546875,0.007062537595629692,0.018878432706816068,0.17770751858165612,0.031306844633460486,1.5490739514688723,0.6501879235878391,0.9906162102307372,0.4374836085166003,3.674677665731823,0.47028842521687403
30100,0.11328040063381195,0.95599365234375,0.007062118500471115,0.018878027393349373,0.17771352626171183,0.03131636535357567,1.5491230053349683,0.6502963806572841,0.990614883328622,0.437616174188082,3.6747319156876,0.4703074048333892
30125,0.11327025294303894,0.95599365234375,0.007062164600938559,0.01887682443969046,0.17771951867336244,0.03132588139652067,1.549172005916159,0.6504047824934341,0.9906135588307478,0.4377486768330503,3.674786196318189,0.4703263577173254
30150,0.11326009780168533,0.95599365234375,0.0070625049993395805,0.01887639034874316,0.17772550133286089,0.03133540799182667,1.5492209757536342,0.650513286574287,0.9906122273683107,0.43788130615811244,3.6748405040600884,0.4703452944108862
30175,0.11324994266033173,0.95599365234375,0.007069936953485012,0.018875843654636605,0.1777314745307272,0.031344941868159205,1.5492699509392112,0.6506218735366305,0.9906108963344705,0.4380139819344181,3.674894921518219,0.47036422097489694
30200,0.11323978006839752,0.95599365234375,0.007071596570312977,0.01887570564671424,0.1777374312615855,0.03135450324741642,1.549318855724568,0.6507307342146851,0.990609559617134,0.4381469596438985,3.674949341435716,0.4703831280613524
30225,0.11322963237762451,0.95599365234375,0.0070612141862511635,0.018875210020960917,0.17774337168429327,0.03136406553217296,1.5493676940167713,0.650839593884028,0.9906082275240756,0.4382798239682057,3.6750037714365114,0.4704020069837568
30250,0.1132194772362709,0.95599365234375,0.007065898738801479,0.018874934416930268,0.1777493026745683,0.03137363955813675,1.5494165006838205,0.6509485670175433,0.9906069070023986,0.4384127986900914,3.675058223142979,0.47042085137142914
30275,0.1132093220949173,0.9559783935546875,0.0070704249665141106,0.01887482450963433,0.17775522756079834,0.031383223126348704,1.5494652876842026,0.6510576296928273,0.9906055880057011,0.4385459001349099,3.6751126905098936,0.47043967673856935
30300,0.11319916695356369,0.9559783935546875,0.0070622325874865055,0.018873209488645456,0.17776115260382383,0.031392822429408856,1.54951409786331,0.6511668526395128,0.9906042684573831,0.4386792022645671,3.6751672104369875,0.47045849019423475
30325,0.11318901181221008,0.9559783935546875,0.00706513412296772,0.01887307404847493,0.17776706749230878,0.0314024356563086,1.5495628460118571,0.6512762000956226,0.9906029506336277,0.4388126722467793,3.6752216874141594,0.47047726771800685
30350,0.11317886412143707,0.95599365234375,0.007065502926707268,0.018872447406480582,0.17777297149201204,0.03141206164734255,1.5496115494935894,0.65138566862419,0.9906016403198613,0.43894639514172534,3.675276170215117,0.47049601222175835
30375,0.11316871643066406,0.9560089111328125,0.007064259611070156,0.018873173606452756,0.17777886128746617,0.03142168787006537,1.5496602201737502,0.651495139316781,0.9906003388026898,0.43908014643348975,3.675330721251112,0.4705147367243888
30400,0.11315856873989105,0.956024169921875,0.0070608314126729965,0.01887265751650591,0.17778475959964202,0.031431316711160014,1.549708914064008,0.6516046188362968,0.9905990414598163,0.43921400030009183,3.6753852385007724,0.47053346749672387
30425,0.11314840614795685,0.956024169921875,0.007066014222800732,0.01887281690975354,0.17779065765696575,0.03144095317775826,1.549757626717835,0.6517141732766192,0.9905977493706513,0.43934794617901035,3.675439802087473,0.4705521997888975
30450,0.11313825845718384,0.956024169921875,0.00706700561568141,0.018872194732062027,0.17779654389703534,0.03145058518928674,1.5498063156677828,0.6518236807611963,0.9905964550295953,0.4394818835083886,3.6754944308055295,0.4705709176731254
30475,0.11312810331583023,0.956024169921875,0.007066285237669945,0.01887165321229793,0.17780240278194906,0.031460232459782175,1.5498548629343114,0.6519333244405018,0.990595159695285,0.43961606952904453,3.6755490054579427,0.47058957280061503
30500,0.11311795562505722,0.956024169921875,0.007065184880048037,0.018870776832528992,0.1778082708413994,0.03146988257596876,1.5499034483124776,0.6520429843124282,0.9905938740860503,0.43975011917036955,3.6756035748649682,0.470608221027084
30525,0.11310780048370361,0.9560394287109375,0.007070768158882856,0.0188707937813275,0.17781412603412297,0.03147954450180078,1.5499519791617207,0.6521527546628757,0.9905925899074484,0.4398842549996412,3.6756581471447434,0.4706268488868709
30550,0.1130976527929306,0.9560546875,0.007075472269207239,0.018870395910805457,0.17781998140346816,0.0314891936876338,1.5500005233519534,0.6522623858271331,0.9905913112781586,0.44001815150056356,3.6757127484356253,0.47064547574611026
30575,0.1130874902009964,0.9560546875,0.0070765637792646885,0.01887078416057073,0.17782583609560165,0.031498865307102566,1.5500490891857839,0.6523722471692286,0.9905900345020136,0.4401523922731073,3.6757674072495137,0.4706641131644594
30600,0.11307734251022339,0.9560546875,0.007071495987474918,0.018870067421511455,0.17783168058397333,0.03150853923035187,1.5500976239847342,0.6524821254805492,0.990588756282501,0.44028666442327247,3.675822097122485,0.47068272886729484
30625,0.11306718736886978,0.9560394287109375,0.0070753926411271095,0.018869046780581735,0.1778375316548409,0.031518214909106744,1.550146212402227,0.6525920199222937,0.9905874843036037,0.44042088432332044,3.6758768453072,0.4707013377821861
30650,0.11305703222751617,0.9560394287109375,0.007081865333020687,0.018868652651728515,0.17784336783464377,0.031527897531267945,1.550194740400994,0.6527019755886755,0.9905862143491801,0.44055519797123366,3.6759316033116054,0.47071992198089024
30675,0.11304687708616257,0.9560394287109375,0.007088945712894201,0.018868183938828144,0.17784917156299965,0.03153759152970603,1.5502431182854128,0.6528120327932844,0.9905849505982963,0.44068969162721133,3.675986339924217,0.4707384678366289
30700,0.11303672194480896,0.9560546875,0.007086026016622782,0.018867877957199755,0.1778549763096022,0.031547290200431455,1.5502915336953336,0.6529221397081264,0.9905836849886436,0.44082426871997404,3.6760411541865516,0.47075700731533865
30725,0.11302655935287476,0.9560546875,0.007089800201356411,0.018867456221622798,0.17786077554151172,0.0315569988076484,1.5503399161412688,0.6530323330948717,0.990582422653139,0.4409589732445681,3.676095946466036,0.47077552842623566
30750,0.11301640421152115,0.9560546875,0.007095091976225376,0.018866974641911477,0.1778665679858417,0.031566727212253426,1.550388271860187,0.6531427198952404,0.990581161375544,0.4410939650342606,3.6761507447061046,0.47079403260225666
30775,0.11300624907016754,0.9560546875,0.007096001412719488,0.01886624915705394,0.1778723556673831,0.03157647712890695,1.550436606560656,0.6532533164540795,0.9905798987594481,0.4412292378559439,3.676205541517783,0.4708125199605229
30800,0.11299610137939453,0.9560699462890625,0.007090234197676182,0.018865324749443243,0.17787812779727144,0.03158623518193778,1.5504848910292486,0.653363991850133,0.9905786365539938,0.44136454901240196,3.6762603791230952,0.4708309771186065
30825,0.11298593878746033,0.9560699462890625,0.007092617452144623,0.01886376065218062,0.17788388902786748,0.03159598611098939,1.550533168725448,0.653474598019318,0.9905773743171358,0.44149976339581964,3.6763153124868633,0.47084943038894755
30850,0.11297579109668732,0.9560699462890625,0.007092216983437538,0.018862644238475484,0.17788965479511018,0.03160574764277887,1.5505815075835343,0.6535853185724989,0.9905761150608965,0.44163519845173027,3.676370343169609,0.4708678823400486
30875,0.11296562850475311,0.9560699462890625,0.007093285676091909,0.018862463156786673,0.1778954124721145,0.03161552073373692,1.5506298239543996,0.6536961513009499,0.9905748560426225,0.44177083426762315,3.676425403316078,0.47088631338328735
30900,0.1129554808139801,0.956085205078125,0.007095636799931526,0.01886173868655143,0.17790116578153875,0.03162529337176453,1.5506781267615142,0.6538069689187241,0.9905736053311914,0.44190652442283324,3.676480475615094,0.4709047281196483
30925,0.1129453256726265,0.956085205078125,0.0071069966070353985,0.018861026007991305,0.17790690367601028,0.03163509301881242,1.5507263582641728,0.6539180512180626,0.9905723623570594,0.44204254924966785,3.6765355373212554,0.47092310947697347
30950,0.11293517053127289,0.9561004638671875,0.007104658987373114,0.01886042980691849,0.17791261656254415,0.031644925751377555,1.5507744604884999,0.6540294540636407,0.9905711124460396,0.4421789369925222,3.676590550109743,0.4709414462032294
30975,0.11292500793933868,0.95611572265625,0.007105541415512562,0.01885949677854402,0.17791831037260036,0.031654780772127265,1.550822503316965,0.6541410843243993,0.9905698655001165,0.4423155932021314,3.676645618371217,0.47095974149076864
31000,0.11291486024856567,0.95611572265625,0.007108805235475302,0.018858995590426628,0.17792400523930335,0.031664641801511455,1.5508705799785945,0.654252776043872,0.9905686244366335,0.44245233387209226,3.676700755103655,0.4709780284837989
31025,0.11290469765663147,0.9561309814453125,0.007113544270396233,0.01885885155062505,0.17792969745306667,0.03167451729387504,1.5509186489003008,0.6543646058176741,0.9905673878103181,0.442589305575031,3.6767559000742893,0.4709963031005336
31050,0.11289454996585846,0.9561309814453125,0.00711091747507453,0.01885844162506934,0.1779353818992522,0.03168439628989161,1.5509666895238574,0.654476461132536,0.9905661469458273,0.4427263137747255,3.676811057389905,0.4710145620110921
31075,0.11288438737392426,0.9561309814453125,0.007122355047613382,0.01885818111946467,0.17794104741601996,0.03169430129470562,1.551014666851485,0.6545885801423765,0.9905649060355609,0.44286364662698585,3.6768662594039974,0.47103280898104627
31100,0.11287422478199005,0.9561309814453125,0.007119874469935894,0.01885801215724334,0.17794671572300302,0.03170422352306891,1.5510626553090279,0.6547008634941343,0.9905636700808411,0.44300120482548255,3.6769214581495593,0.4710510499450726
31125,0.11286406219005585,0.9561309814453125,0.00711258826777339,0.018857007367354336,0.17795237370855918,0.031714135409158115,1.5511106057234427,0.6548130299030217,0.9905624352764218,0.4431386323110157,3.676976672520905,0.4710692690701146
31150,0.11285391449928284,0.95611572265625,0.0071179005317389965,0.018856416123868888,0.1779580166860891,0.03172404785651564,1.5511584955330868,0.6549251910689269,0.990561214520258,0.44327621533948164,3.6770318974525673,0.471087462075936
31175,0.11284375935792923,0.9561309814453125,0.007115106098353863,0.018855305999431117,0.17796365877380466,0.031733966123262555,1.5512063879329017,0.6550374019677103,0.9905599962842949,0.4434138917943734,3.677087136889993,0.471105636764055
31200,0.11283360421657562,0.956146240234375,0.007114792242646217,0.018854414856019856,0.17796929317373686,0.0317438770146978,1.5512542729044956,0.655149534703036,0.9905587872458665,0.4435514536421525,3.6771424373132393,0.47112380114225905
31225,0.11282344907522202,0.9561614990234375,0.007106267847120762,0.01885389633564761,0.17797491826909045,0.03175376965982291,1.5513021528740167,0.6552614811541814,0.9905575785978198,0.4436887584758303,3.6771978211727148,0.47114195376573026
31250,0.112813301384449,0.9561767578125,0.007102107163518667,0.018853138863780573,0.17798053818191384,0.031763657935165085,1.551350049574205,0.655373386161232,0.9905563794332801,0.4438258936613571,3.677253297395807,0.4711600985334129
31275,0.11280316114425659,0.9561767578125,0.007100899238139391,0.01885194462555092,0.1779861441539125,0.0317735460755684,1.5513978628817708,0.6554852672631222,0.9905551877906411,0.4439629474529515,3.6773087191298464,0.4711781989303076
31300,0.11279301345348358,0.9561767578125,0.007100941613316536,0.018851225013773724,0.1779917271277382,0.03178344347421782,1.5514455768755349,0.6555972312922755,0.990553999395733,0.4441001057088672,3.677364142203229,0.47119626955874283
31325,0.11278288066387177,0.956207275390625,0.007096845656633377,0.018850911494647248,0.1779973087275411,0.0317933459570659,1.551493282071091,0.6557092335971478,0.9905528148429934,0.4442372679549962,3.6774195577824234,0.4712143358425468
31350,0.11277273297309875,0.9562225341796875,0.007095483131706715,0.018850736721217405,0.1780028902813828,0.03180324681575991,1.55154101390555,0.6558212175270213,0.9905516375222385,0.4443744477787051,3.677475036142446,0.4712323880210469
31375,0.11276258528232574,0.95623779296875,0.007091060746461153,0.018850063669336507,0.1780084659611302,0.03181314734484056,1.5515887332149503,0.6559331906273189,0.9905504645341663,0.44451165046891905,3.677530544657636,0.4712504018012658
31400,0.11275244504213333,0.95623779296875,0.007093001157045364,0.018849443234980286,0.17801403521672918,0.03182304785597683,1.5516364271459342,0.6560451517000656,0.990549293351038,0.44464886226543,3.67758605854407,0.47126839224219025
31425,0.11274231225252151,0.95623779296875,0.007091158535331488,0.018848731303841747,0.17801960948988013,0.03183295098328854,1.551684173005371,0.6561571395045979,0.9905481236760765,0.44478611890197767,3.6776416428412038,0.4712863956438139
31450,0.1127321720123291,0.9562530517578125,0.007090780884027481,0.01884797499452501,0.17802518100221704,0.03184285491618199,1.5517319088417325,0.6562691235197635,0.9905469557342272,0.44492342256762824,3.677697231060898,0.4713043850485589
31475,0.11272203177213669,0.9562530517578125,0.00708762789145112,0.018847042441415374,0.1780307367601384,0.031852773149971286,1.5517795787798045,0.6563812431147493,0.9905457960068029,0.44506080672556914,3.6777528249880787,0.47132234569541376
31500,0.11271189898252487,0.9562530517578125,0.0070879184640944,0.01884689619954083,0.1780362823051081,0.03186270337290063,1.5518272255373187,0.656493482273704,0.9905446396776044,0.4451983163645299,3.677808468625887,0.47134028120113286
31525,0.11270175874233246,0.9562530517578125,0.007080789655447006,0.018845419647515897,0.1780418107910947,0.031872633836781794,1.551874813514853,0.6566057175047183,0.9905434756642623,0.44533579958527414,3.677864148313329,0.47135818640655536
31550,0.11269162595272064,0.956268310546875,0.007085173390805721,0.018845189100661332,0.1780473293586462,0.031882570179020485,1.5519223734283698,0.6567180067049918,0.9905423096370314,0.4454732845053759,3.67791986309158,0.47137608198634995
31575,0.11268149316310883,0.9562835693359375,0.007083499804139137,0.018844194684265667,0.17805283917902767,0.031892511713977,1.5519698910230624,0.6568303346045525,0.9905411431459399,0.44561089370062046,3.6779755670795744,0.4713939631543221
31600,0.11267136037349701,0.9562835693359375,0.007089064456522465,0.018843129258540984,0.17805835449218202,0.03190245790342248,1.5520174183386768,0.6569426914036192,0.9905399800046237,0.4457485312808548,3.67803123653109,0.4714118416322346
31625,0.11266122758388519,0.956298828125,0.00709131546318531,0.018842362467797396,0.1780638711655298,0.031912416185385525,1.5520649680697844,0.657055166656866,0.990538811026349,0.44588630273304847,3.678086944212687,0.47142972192539817
31650,0.11265109479427338,0.9563140869140625,0.007093112450093031,0.018842293303438715,0.17806937066980974,0.03192239063138036,1.5521124554495496,0.6571678005310683,0.9905376476252019,0.44602426594839517,3.67814268061225,0.47144757515312147
31675,0.11264096200466156,0.9563140869140625,0.007094006985425949,0.01884112938746187,0.17807487704999841,0.03193236784302256,1.552159984380129,0.6572804546949743,0.9905364988289915,0.44616229496355453,3.6781984436195607,0.47146543695452287
31700,0.11263082921504974,0.9563446044921875,0.0070928651839494705,0.018840890341213116,0.17808038264315484,0.0319423645320147,1.5522075405118199,0.6573933091805445,0.9905353472426999,0.4463005854723825,3.678254278368176,0.47148331407144567
31725,0.11262069642543793,0.9563446044921875,0.007102616596966982,0.018840222502418427,0.17808587123286687,0.03195237067885736,1.5522550573252467,0.6575062625856665,0.9905341920331514,0.446439068744128,3.678310194699294,0.4715011752710078
31750,0.11261056363582611,0.9563446044921875,0.007104977499693632,0.01884012122929516,0.17809133282664294,0.03196239233889073,1.5523024254100966,0.657619349274116,0.9905330383003116,0.4465777898675796,3.678366036542587,0.4715190021805868
31775,0.1126004159450531,0.9563446044921875,0.007100712973624468,0.018839146711085688,0.17809679186096253,0.03197242850362519,1.5523497814735134,0.6577325716056057,0.9905318945293341,0.4467167367550487,3.678421875484035,0.4715368168812975
31800,0.11259029060602188,0.9563446044921875,0.007108429912477732,0.018839229347470406,0.17810225001400667,0.03198246219889362,1.5523971691772023,0.6578457703557791,0.9905307566540841,0.44685566218711215,3.678477797651855,0.471554626049012
31825,0.11258015036582947,0.9563446044921875,0.007107690442353487,0.018838667922791336,0.1781077033742206,0.031992521064999634,1.5524445373683775,0.6579592153197056,0.9905296217642536,0.44699489488068656,3.6785337222286496,0.4715724193565195
31850,0.11257001757621765,0.95635986328125,0.0071135289035737514,0.018837836417759813,0.1781131525604551,0.03200258263695932,1.5524918996323875,0.6580726800346084,0.9905284846343753,0.4471341472017407,3.6785896750138325,0.47159021014009234
31875,0.11255987733602524,0.9563751220703125,0.0071122669614851475,0.01883753910160054,0.1781185810281765,0.032012661109875856,1.5525392023421396,0.6581863182577455,0.9905273497558873,0.447273616231606,3.678645699785401,0.4716079828197195
31900,0.11254973709583282,0.9563751220703125,0.007108367048203945,0.018837130654021608,0.17812401650351276,0.03202272774432553,1.5525865531816356,0.6582998289494411,0.990526211614853,0.4474130352119046,3.6787017653801595,0.4716257626668608
31925,0.11253960430622101,0.9564208984375,0.007107291370630264,0.01883718172989586,0.17812946365762605,0.0320327838350882,1.5526339653058863,0.6584132224238658,0.990525078021981,0.4475523938619627,3.6787578547304864,0.47164354845125517
31950,0.11252947896718979,0.9564361572265625,0.0071017686277627945,0.018836151360579735,0.17813490794544815,0.03204284434380544,1.5526813966970698,0.6585266615417928,0.9905239631519143,0.44769180073214604,3.67881401847246,0.471661320564222
31975,0.11251933872699738,0.956451416015625,0.0071035027503967285,0.018835309437444745,0.17814034297451284,0.03205290826735576,1.5527287607443918,0.6586401110688412,0.9905228509182065,0.44783122209081516,3.6788701174033753,0.47167904976052644
32000,0.11250922083854675,0.956451416015625,0.0071060447953641415,0.018835062110826032,0.1781457793479275,0.032062985109511465,1.552776143651275,0.6587536855893662,0.9905217403156579,0.4479708746020141,3.678926246280779,0.47169677234225793
32025,0.11249908059835434,0.9564666748046875,0.007106535602360964,0.01883465089719153,0.17815118706217253,0.03207306593563631,1.5528234113270385,0.6588672918721793,0.9905206350821609,0.4481105697474349,3.678982397212627,0.47171445834044995
32050,0.11248894780874252,0.9564666748046875,0.007106072269380093,0.01883318737847396,0.1781565713716484,0.03208316040441773,1.5528705691015032,0.6589810216462064,0.990519526826708,0.44825042123461056,3.679038528572088,0.4717321017240302
32075,0.1124788224697113,0.9564666748046875,0.007106210105121136,0.018832397845517462,0.17816195583274563,0.032093249560429846,1.5529177356379473,0.6590946870057962,0.9905184258806948,0.44839017038131584,3.6790946782681697,0.47174973584448593
32100,0.11246869713068008,0.9564666748046875,0.007096664048731327,0.018831352467854428,0.1781673380751342,0.03210335173478911,1.5529649100054115,0.6592084801774809,0.99051733764644,0.4485300955224658,3.6791508685681182,0.47176735285427396
32125,0.11245857179164886,0.9564666748046875,0.007098930887877941,0.018830486182998773,0.17817271397431242,0.03211345073470052,1.5530120922745325,0.6593222425482624,0.9905162459460828,0.4486700077250657,3.67920714222224,0.47178497168884165
32150,0.11244843900203705,0.95648193359375,0.007107909768819809,0.01883002404548408,0.17817807005807668,0.03212357399169556,1.5530591822209114,0.659436238078681,0.9905151563382352,0.44881024354116716,3.679263400887136,0.4718025700566347
32175,0.11243831366300583,0.95648193359375,0.007112182676792145,0.018829732182085543,0.17818338495634434,0.0321337264634401,1.5531061091854346,0.6595505270912817,0.9905140637778045,0.44895073128195967,3.6793196978077525,0.47182011655620176
32200,0.11242818087339401,0.9564971923828125,0.007120973896235228,0.018829797576143725,0.17818869019581443,0.03214388807420133,1.5531530019951407,0.6596648998276046,0.9905129719149117,0.44909134301154996,3.679376012676841,0.47183765307632536
32225,0.11241805553436279,0.9564971923828125,0.007120679598301649,0.01882865097064751,0.17819399023263677,0.03215405507792144,1.5531998839589423,0.6597793194743446,0.9905118884506817,0.44923214173582615,3.6794323547047396,0.47185517772756413
32250,0.11240792274475098,0.9564971923828125,0.007130445912480354,0.018828974531212,0.178199278745092,0.03216423030214331,1.5532467564319647,0.6598938273032252,0.9905108046287483,0.4493730198293034,3.6794887923664303,0.4718727012984873
32275,0.11239778995513916,0.9564971923828125,0.007124535273760557,0.018828272112676177,0.1782045632242115,0.03217440293433446,1.5532936050230992,0.660008292404363,0.9905097254939532,0.4495138889823865,3.6795452142302842,0.47189021181688046
32300,0.11238765716552734,0.9564971923828125,0.007121425122022629,0.018827894555994294,0.17820984893570838,0.032184570975687436,1.5533404680149139,0.6601227008130427,0.9905086543363726,0.44965474471314304,3.679601656619907,0.47190772389974384
32325,0.11237752437591553,0.956512451171875,0.0071292477659881115,0.018826438251914088,0.17821512528348604,0.032194742690192894,1.5533873237591065,0.6602371477219796,0.9905075858660952,0.44979559611789144,3.6796581776442494,0.4719252158989068
32350,0.11236739158630371,0.956512451171875,0.007136004511266947,0.0188260204863545,0.17822038924631023,0.03220494948619711,1.5534341069746234,0.6603519329839973,0.9905065148057086,0.44993689050628644,3.6797146538544454,0.47194269214996487
32375,0.1123572587966919,0.956512451171875,0.0071337572298944,0.018825342133041028,0.17822564258003754,0.03221516877264955,1.5534808408977068,0.6604668314960505,0.9905054423010844,0.45007832957473404,3.679771122166683,0.47196015209543235
32400,0.11234712600708008,0.9565277099609375,0.007143356837332249,0.01882562411271457,0.17823089881576634,0.03222541704904028,1.5535275931033403,0.66058201597797,0.9905043691231185,0.45022009576078703,3.679827602961523,0.4719775994109857
32425,0.11233699321746826,0.956512451171875,0.007136201020330191,0.01882489809542,0.17823614907231444,0.03223568110634609,1.5535743367316766,0.6606973559826641,0.990503294331944,0.45036202350038684,3.679884124297558,0.47199503171423857
32450,0.11232686042785645,0.9565277099609375,0.007126734592020512,0.01882481801514733,0.1782414094155801,0.0322459253370621,1.5536211316084731,0.6608124822650724,0.9905022304321587,0.450503605952733,3.6799406620308472,0.4720124609931868
32475,0.11231673508882523,0.956512451171875,0.007126325275748968,0.018823916683656836,0.17824668610447247,0.03225616641327984,1.5536680475627203,0.6609275838276537,0.990501175543758,0.45064514786248333,3.67999731694724,0.47202990934938105
32500,0.112306609749794,0.956512451171875,0.007125792093575001,0.01882402394095891,0.17825196211839195,0.032266404070822007,1.5537149946315458,0.6610426512790771,0.9905001245010073,0.45078667213339674,3.6800540516566906,0.4720473485963551
32525,0.11229647696018219,0.9564971923828125,0.007139165420085192,0.01882334918964806,0.17825722488139042,0.03227667716296747,1.553761877826503,0.6611580654873193,0.9904990714952968,0.4509286794146006,3.6801107709888434,0.47206475857593927
32550,0.11228634417057037,0.956512451171875,0.0071441782638430595,0.018823089351386907,0.17826247874509432,0.03228696894909175,1.5538087583756812,0.6612736728547949,0.9904980221351442,0.45107090939418804,3.680167575043343,0.4720821642947274
32575,0.11227620393037796,0.956512451171875,0.007143797352910042,0.018823061817658845,0.1782677242450577,0.03229727823419128,1.5538556200947327,0.6613894531947146,0.9904969647723467,0.45121329029487456,3.680224419956782,0.4720995741022461
32600,0.11226607859134674,0.956512451171875,0.0071382075548172,0.018822138971393433,0.1782729594385374,0.0323075974335179,1.5539024265301113,0.6615053168762961,0.9904959093289913,0.45135572884102854,3.6802812394436053,0.4721169607944938
32625,0.11225594580173492,0.9565277099609375,0.007134150248020887,0.018821295093411027,0.17827819151644023,0.03231791678719052,1.5539492451483272,0.6616211793392037,0.9904948565372771,0.45149807554614224,3.6803381190675295,0.47213432934750776
32650,0.11224581301212311,0.9565277099609375,0.007142211776226759,0.018822049262646266,0.17828341384799345,0.03232824287932517,1.553996034634469,0.6617371026936225,0.9904938099391135,0.45164039397420713,3.680395029419324,0.47215167480597653
32675,0.11223568022251129,0.9565582275390625,0.007138272747397423,0.018821978826611525,0.17828862459684813,0.032338574111926026,1.5540427255200344,0.6618530443893533,0.9904927642548216,0.4517827233388307,3.6804518249291593,0.4721689842729844
32700,0.11222555488348007,0.956573486328125,0.007145988289266825,0.018822233113303777,0.17829383135435373,0.032348918249254455,1.5540894300402703,0.6619691175579869,0.9904917158613087,0.4519252627356744,3.6805086930522375,0.47218629797008643
32725,0.11221541464328766,0.956573486328125,0.00714741088449955,0.018822127064593342,0.17829904192949564,0.032359261261577184,1.554136191633603,0.6620851826347071,0.9904906719920857,0.4520678001441586,3.6805656560589552,0.4722036285474043
32750,0.11220528185367584,0.956573486328125,0.0071523734368383884,0.018821633847419188,0.17830424409086576,0.03236961712633488,1.5541829287777107,0.6622013705892347,0.9904896285389633,0.45221052749409296,3.6806226471261847,0.4722209498178843
32775,0.11219514906406403,0.956573486328125,0.007150604389607906,0.018821046337239432,0.17830943502212718,0.03237999016072542,1.5542296285256123,0.6623177252406395,0.9904885844432139,0.4523534050970965,3.6806796646598254,0.47223824588015734
32800,0.11218501627445221,0.956573486328125,0.00715377414599061,0.01881978473255769,0.17831461529050321,0.03239037647311584,1.5542763195277485,0.6624342178844295,0.990487540751577,0.4524964561399414,3.680736770652914,0.47225553202388015
32825,0.1121748760342598,0.956573486328125,0.007154162973165512,0.01881944414696278,0.17831979124887998,0.032400767161010015,1.5543230032736708,0.6625507462869855,0.9904864986143673,0.4526396739260342,3.6807939030626753,0.4722728190901591
32850,0.11216473579406738,0.956573486328125,0.007150663062930107,0.018818590531585154,0.1783249790942485,0.032411131747179335,1.554369719105183,0.6626669855527882,0.9904854715372036,0.45278251289671984,3.680850987889007,0.4722901057308513
32875,0.11215461790561676,0.9565887451171875,0.007154589984565973,0.018817891245704967,0.17833017206901827,0.03242149943187839,1.5544164280926318,0.6627832302257395,0.9904844478434501,0.4529253419538528,3.68090800268858,0.4723073722014324
32900,0.11214448511600494,0.9565887451171875,0.007161802612245083,0.01881853606217887,0.17833534959481703,0.03243188636271642,1.554463124831725,0.6628996812623164,0.990483421027553,0.4530683910594099,3.680965147042869,0.4723246340191942
32925,0.11213433742523193,0.95660400390625,0.00717330863699317,0.018818348156814733,0.1783405240807531,0.03244229856240208,1.5545098296901494,0.6630163857576267,0.9904823933468228,0.4532118951188983,3.681022341112076,0.47234191935029973
32950,0.11212420463562012,0.95660400390625,0.007177409715950489,0.018818314648096003,0.17834568948721785,0.032452729321420466,1.5545564873596376,0.6631332626955407,0.9904813644887702,0.4533556667879627,3.68107951625726,0.47235919523514885
32975,0.1121140569448471,0.95660400390625,0.007188618183135986,0.01881810702408538,0.17835084809229534,0.03246319628355608,1.5546031466261332,0.6632505088162018,0.9904803409100149,0.4534997907382138,3.681136764489855,0.4723764609005365
33000,0.1121039167046547,0.95660400390625,0.0071968939155340195,0.018817924440749593,0.17835599945388944,0.03247368841659717,1.554649796779316,0.6633680075411663,0.9904793148345763,0.4536442599425734,3.6811940650087167,0.4723937142936082
33025,0.11209376156330109,0.956634521484375,0.007190846838057041,0.018817987614523447,0.17836113495549033,0.032484186204421006,1.5546963735786357,0.6634855480732554,0.9904782910636959,0.4537887856809024,3.681251354620778,0.47241095694948004
33050,0.11208362877368927,0.9566497802734375,0.0071869040839374065,0.01881813657446203,0.17836625570322934,0.032494667143164555,1.5547429233818348,0.6636029183371748,0.9904772691690477,0.4539329836331572,3.6813087316778583,0.4724281822546058
33075,0.11207347363233566,0.9566497802734375,0.0071856919676065445,0.01881798257115858,0.17837137135033598,0.03250515539197899,1.5547894767431942,0.6637203601581366,0.9904762567833627,0.45407723694640856,3.6813661689065107,0.4724453821590154
33100,0.11206333339214325,0.9566650390625,0.007189908996224403,0.018818204274347897,0.1783764756328867,0.032515650840388405,1.5548359883123393,0.6638378646815528,0.9904752477478249,0.45422157387437034,3.681423623566153,0.47246256532494135
33125,0.11205319315195084,0.9566802978515625,0.007186525035649538,0.018817680408259266,0.17838156606817043,0.03252614627310274,1.5548824634511804,0.6639553651516155,0.9904742437768216,0.4543659344191603,3.6814811339712326,0.47247972692420864
33150,0.11204305291175842,0.9566802978515625,0.007185755297541618,0.018817494819566745,0.17838664860772646,0.03253664388987168,1.554928916762242,0.6640728791875484,0.990473236153451,0.45451018915109365,3.681538673279867,0.4724968737693435
33175,0.11203290522098541,0.9566802978515625,0.007183754816651344,0.018816201237801904,0.17839173980599912,0.03254714614897804,1.5549753971077303,0.6641904219257322,0.9904722339153114,0.45465446164803114,3.6815961863555877,0.47251402336405823
33200,0.112022764980793,0.956695556640625,0.007187435403466225,0.018816249153629467,0.17839684570327174,0.032557631449515366,1.5550219206896605,0.664307768653065,0.9904712363296022,0.45479847312228017,3.681653649230895,0.4725311839874505
33225,0.11201262474060059,0.956695556640625,0.007184374146163464,0.018816406427138107,0.1784019408396185,0.03256812063436119,1.5550684021439642,0.6644251429945858,0.9904702420224758,0.454942557256175,3.6817111225135584,0.4725483339384078
33250,0.11200247704982758,0.956695556640625,0.007185457274317741,0.01881609694823824,0.17840703662012886,0.032578602744568454,1.5551149026774371,0.6645424380845422,0.9904692587457127,0.45508658229369336,3.6817686334291473,0.47256548575452223
33275,0.11199233680963516,0.9567108154296875,0.007187297102063894,0.018815790833913465,0.1784121385895497,0.03258909214061134,1.5551614294618723,0.6646597931438769,0.9904682788504383,0.4552306106671989,3.681826141742701,0.47258264505402475
33300,0.11198219656944275,0.95672607421875,0.007179378531873226,0.01881589000919084,0.1784172396674035,0.03259957153583696,1.5552079982561553,0.664777051818005,0.9904673027004216,0.4553745289339732,3.6818837578201884,0.472599797358571
33325,0.11197206377983093,0.9567413330078125,0.007181246764957905,0.018815894479244543,0.17842233832863294,0.0326100411667087,1.5552545992370217,0.6648942152199947,0.9904663224230283,0.45551846335542123,3.681941474136849,0.4726169458901308
33350,0.11196191608905792,0.9567413330078125,0.007183523382991552,0.0188160296315691,0.17842741431176434,0.03262053741384312,1.5553010897182593,0.6650116309900544,0.990465348162332,0.4556628148602974,3.681999161951291,0.4726340800623826
33375,0.1119517832994461,0.9567413330078125,0.007185177877545357,0.018816138531045346,0.1784324954790518,0.032631036968357306,1.555347621686596,0.6651290745247809,0.9904643807297389,0.4558071250721757,3.6820568935951834,0.4726512139146265
33400,0.1119416356086731,0.956756591796875,0.007176196668297052,0.018815521323287412,0.17843759307091314,0.03264152576696935,1.555394233189142,0.6652463978327323,0.9904634189550908,0.45595129672879453,3.682114643161337,0.4726683517815383
33425,0.11193150281906128,0.9567718505859375,0.007177431136369705,0.018815291257027723,0.1784426882175251,0.03265201448471412,1.5554408336627008,0.6653637061755777,0.9904624506324248,0.4560954856977825,3.682172390949138,0.47268547753508405
33450,0.11192135512828827,0.9567718505859375,0.0071821617893874645,0.018815845387368486,0.1784477676413618,0.032662511336575585,1.5554873820744368,0.6654810904517486,0.9904614886743849,0.4562397546923258,3.6822301768131194,0.47270258804838666
33475,0.11191121488809586,0.9567718505859375,0.007191227283328772,0.018816378727391902,0.17845282503212315,0.03267302984137753,1.5555338676817663,0.6655986955067281,0.9904605261883037,0.45638425411288663,3.6822880404273315,0.4727196712837113
33500,0.11190107464790344,0.9567718505859375,0.00718225073069334,0.018816053201716688,0.17845787988397868,0.03268354219074195,1.5555803430778887,0.6657162241973179,0.9904595696621756,0.4565285318159761,3.6823459051634684,0.4727367447405551
33525,0.11189092695713043,0.9567718505859375,0.0071844663470983505,0.018815794951804094,0.1784629379521371,0.032694063202193806,1.5556268339618273,0.6658338277056931,0.9904586080620472,0.45667289548604884,3.6824037724785987,0.47275382112537073
33550,0.11188079416751862,0.9567718505859375,0.007177575025707483,0.01881486157100394,0.1784679828726485,0.03270459124558121,1.5556732543205511,0.665951483114586,0.990457641997543,0.4568173058776043,3.6824616075942247,0.47277086522640616
33575,0.1118706539273262,0.9567718505859375,0.007171854842454195,0.018814511271369377,0.17847304185515786,0.03271509380684665,1.5557197528855142,0.6660688723144385,0.9904566805483384,0.4569614048721067,3.6825194818574114,0.47278792760281035
33600,0.11186052113771439,0.9567718505859375,0.007176566403359175,0.018814070486846763,0.17847811350341197,0.03272559105392698,1.5557662999620434,0.6661861905955474,0.990455724061442,0.4571054440846654,3.682577339381632,0.4728049913741248
33625,0.11185038089752197,0.9567718505859375,0.007177429273724556,0.01881310266092023,0.17848318789637074,0.032736098207632056,1.555812875727949,0.6663036029171313,0.9904547706571546,0.4572496041861722,3.6826352355977328,0.4728220567122142
33650,0.11184024065732956,0.956787109375,0.007179522421211004,0.018812474789874266,0.17848825033068266,0.03274661031940802,1.5558593903632927,0.6664210478686534,0.9904538150345348,0.45739380873978075,3.6826931095865114,0.4728391042098397
33675,0.11183010786771774,0.956787109375,0.007175999227911234,0.01881150431068773,0.17849331640761887,0.032757119105882505,1.555905970547059,0.6665384662982135,0.9904528620100961,0.45753799424644326,3.682751100246189,0.472856155415635
33700,0.11181998252868652,0.9568023681640625,0.0071762679144740105,0.01881134446325549,0.1784983658656351,0.03276763789912419,1.5559525098546707,0.6666559860955885,0.9904519152356022,0.45768230342934824,3.6828091646934102,0.47287318101728626
33725,0.11180984228849411,0.9568023681640625,0.007175792008638382,0.018811347516076916,0.17850338192118276,0.03277816345822427,1.5559989164721142,0.6667735662690537,0.9904509623046154,0.45782663124246986,3.682867258751267,0.47289016639077125
33750,0.1117997020483017,0.956817626953125,0.00718394061550498,0.018811060830483433,0.17850838052494195,0.03278870075591849,1.5560452769773112,0.6668912646797285,0.9904500043478908,0.45797118089568645,3.6829254227926698,0.47290714077069784
33775,0.11178957670927048,0.956817626953125,0.007181038148701191,0.01881086015036393,0.1785133682027911,0.032799245690866424,1.5560915782671745,0.6670090217778815,0.9904490482988845,0.45811589392989127,3.6829835584839867,0.47292409663529944
33800,0.11177943646907806,0.9568328857421875,0.007181493099778891,0.01881059523825988,0.1785183369954201,0.03280980629069367,1.5561378033896731,0.6671269267531759,0.9904480966567847,0.4582608086228885,3.6830417078101605,0.4729410223063577
33825,0.11176930367946625,0.9568328857421875,0.007175970356911421,0.018810621222356067,0.17852330714347414,0.03282036155409586,1.5561840540712024,0.6672447718563703,0.9904471498183763,0.45840554924203564,3.683099902741189,0.4729579433982713
33850,0.11175916343927383,0.95684814453125,0.007171778939664364,0.01881070461199219,0.17852827053404396,0.03283090086782793,1.5562303008083358,0.6673624517646186,0.9904462041852532,0.45855013083802737,3.6831581571361864,0.4729748765522773
33875,0.11174903064966202,0.9568634033203125,0.007173027843236923,0.018809540142497354,0.1785332212771923,0.032841454423360214,1.5562764861182865,0.6674802597274315,0.9904452557612226,0.4586949156424953,3.683216395705381,0.4729918000678823
33900,0.1117389053106308,0.956878662109375,0.007176224607974291,0.018809268435335775,0.1785381464324368,0.03285201412969041,1.556322589469527,0.6675981288647693,0.9904443015910809,0.4588397331087853,3.6832747033414632,0.47300869755756103
33925,0.11172877252101898,0.956878662109375,0.007170777302235365,0.018809117971542288,0.17854307925223212,0.032862571667442324,1.5563687052661979,0.6677159529670342,0.990443347759598,0.45898448294477157,3.683332960463803,0.473025594795128
33950,0.11171863973140717,0.956878662109375,0.007176347076892853,0.018808652374450164,0.17854802107862325,0.03287312965814319,1.556414905594746,0.6678337870973005,0.9904423995266975,0.45912922166078185,3.683391323829886,0.47304249316947505
33975,0.11170850694179535,0.956878662109375,0.007175177801400423,0.018808331976658734,0.17855295880543565,0.03288370306751377,1.5564610715375449,0.6679517567467297,0.9904414513086701,0.4592742038961144,3.683449647196324,0.4730593753247788
34000,0.11169837415218353,0.956878662109375,0.007173002231866121,0.01880835177341466,0.1785578798382833,0.03289427750941808,1.5565072047480804,0.6680697400337147,0.990440509455403,0.459419129740832,3.6835080643841587,0.47307624201540105
34025,0.11168824136257172,0.9568939208984375,0.007178933825343847,0.018808425642461987,0.17856279841290357,0.032904861499528114,1.5565533535043459,0.66818781752052,0.9904395698908834,0.4595642022742339,3.683566542805634,0.47309309221347556
34050,0.1116781085729599,0.9569091796875,0.007176017388701439,0.0188078742003361,0.17856770326537347,0.03291544639004187,1.5565994535000032,0.6683058948552028,0.9904386320500616,0.45970926394876743,3.6836250464604414,0.4731099220930782
34075,0.11166798323392868,0.9569091796875,0.00718273688107729,0.018807045240374215,0.17857260824731086,0.03292603724704023,1.5566455639284191,0.6684240229594774,0.9904376930560093,0.45985429534873745,3.6836835725560717,0.47312674219028344
34100,0.11165785044431686,0.9569244384765625,0.007182049099355936,0.018806562008381756,0.17857751516703746,0.03293664353302392,1.5566917161836038,0.668542307948097,0.9904367544754047,0.45999949259778616,3.6837421767308602,0.47314356679079206
34125,0.11164771020412445,0.9569244384765625,0.007186157163232565,0.018805475649091852,0.1785824059375167,0.0329472669608596,1.5567377952562826,0.668660751609675,0.9904358092055703,0.4601448362743269,3.6838007733780507,0.47316036066516143
34150,0.11163758486509323,0.9569244384765625,0.007186271715909243,0.018805013740730195,0.17858727808412203,0.03295789816999635,1.5567838150637239,0.6687792695159923,0.990434859766177,0.4602902244969041,3.683859420954898,0.473177134084237
34175,0.11162745207548141,0.9569244384765625,0.007186237722635269,0.018804314386736572,0.17859214225567488,0.03296854509250458,1.5568297942027818,0.6688979301595183,0.9904339092509864,0.4604358592813453,3.6839180536367295,0.4731938915721246
34200,0.1116173192858696,0.9569244384765625,0.007185058668255806,0.018803801032987837,0.17859699643022506,0.0329791990641726,1.5568757610333137,0.6690166615697725,0.9904329659196085,0.4605814969967991,3.683976759385297,0.47321064132748786
34225,0.11160719394683838,0.9569244384765625,0.0071818470023572445,0.018803046181389067,0.17860185786631105,0.03298984175235764,1.5569217674742901,0.669135267792112,0.990432033559951,0.4607269456825455,3.684035483053925,0.47322738902122563
34250,0.11159706115722656,0.9569091796875,0.007186299189925194,0.018802588896784742,0.17860669427267656,0.033000486398468074,1.556967639750782,0.6692538689568956,0.9904311047772033,0.4608724844361083,3.6840941464889276,0.47324410752951307
34275,0.11158693581819534,0.9569091796875,0.007178829051554203,0.018801584615417474,0.17861152579212766,0.03301112319932019,1.557013511182649,0.6693723852393372,0.9904301821279505,0.46101796555122493,3.6841528574125118,0.4732608077227389
34300,0.11157681047916412,0.9569091796875,0.007185277529060841,0.01880186564641631,0.1786163754093461,0.03302175780063583,1.557059469101426,0.6694908683912878,0.9904292579690686,0.46116337658893325,3.684211585415694,0.4732775361121183
34325,0.1115666851401329,0.9569091796875,0.007187679875642061,0.01880220495249214,0.17862121801463113,0.03303241085719547,1.557105408692226,0.6696095297718571,0.9904283390690787,0.46130891467940194,3.684270341452119,0.47329425103363804
34350,0.11155655235052109,0.9569091796875,0.007194992154836655,0.018801331957827506,0.17862604658355827,0.03304309185627009,1.5571512884568035,0.6697284607751499,0.9904274201284826,0.461454802360581,3.6843290997760705,0.47331093412961883
34375,0.11154642701148987,0.9569244384765625,0.007198700215667486,0.018801115665662595,0.17863086246941345,0.03305378535629043,1.5571971617256686,0.6698475252242289,0.9904264968455181,0.4616008572612581,3.684387972614301,0.4733276274461167
34400,0.11153629422187805,0.9569244384765625,0.007199862040579319,0.0188016768186354,0.17863565393438227,0.03306448768196028,1.5572429329125614,0.6699666667330052,0.9904255803355484,0.4617469268429586,3.68444685485451,0.4733442989292744
34425,0.11152615398168564,0.9569244384765625,0.007207534275949001,0.018800947725983553,0.178640430270303,0.03307520008982989,1.5572886478139807,0.6700859002784498,0.9904246695980572,0.46189312740221544,3.6845057590283288,0.4733609707910143
34450,0.11151602119207382,0.956939697265625,0.007206169422715902,0.0188004688108283,0.17864519503300738,0.033085924179016415,1.5573343408204134,0.6702052501518555,0.9904237565582092,0.46203943514915136,3.6845647298324584,0.4733776455395879
34475,0.111505888402462,0.956939697265625,0.007207413669675589,0.018799989282650247,0.17864994957676292,0.033096648664292336,1.5573800064051133,0.6703245971121898,0.9904228457673192,0.4621857786218494,3.6846237402236355,0.47339430477650335
34500,0.11149575561285019,0.956939697265625,0.007208778522908688,0.01879993017301606,0.178654704604594,0.03310736944075298,1.5574256535589546,0.6704438833929971,0.9904219449492391,0.4623320518981999,3.684682701099646,0.4734109465205302
34525,0.11148562282323837,0.95697021484375,0.007211752701550722,0.018799553731325986,0.17865945844746048,0.03311811705079418,1.5574712943522935,0.670563426549101,0.9904210440424612,0.46247868132260433,3.684741658230532,0.47342759040490157
34550,0.11147549003362656,0.95697021484375,0.007206076756119728,0.018799236682026623,0.17866422126173073,0.03312886066577857,1.5575169923560455,0.6706829227224165,0.9904201378233561,0.4626252100866246,3.684800657280405,0.4734442398962419
34575,0.11146534979343414,0.95697021484375,0.007220156025141478,0.0188000759241392,0.17866896947213953,0.03313962312059687,1.5575626458657474,0.6708026035048057,0.9904192272734101,0.46277195943874067,3.684859700743389,0.4734608739542962
34600,0.11145520955324173,0.95697021484375,0.007224014028906822,0.018799195086518235,0.17867369261956834,0.03315042629453034,1.557608212950851,0.6709226918046198,0.9904183218909139,0.46291927002515926,3.6849187972746105,0.4734774856417125
34625,0.11144506931304932,0.95697021484375,0.007222246844321489,0.018798551541071327,0.17867841159364278,0.03316122532514235,1.5576537633988503,0.67104272437839,0.9904174179361266,0.46306652646236296,3.6849778965632387,0.4734940885265288
34650,0.1114349365234375,0.9569854736328125,0.007233346812427044,0.018798150008278877,0.178683118740922,0.03317204315929062,1.5576992604348325,0.6711629319208609,0.9904165199451269,0.46321398453622004,3.6850369905310463,0.4735106678913134
34675,0.11142479628324509,0.9569854736328125,0.007236276287585497,0.018798212587723146,0.1786878267342544,0.033182860526345524,1.5577447627347498,0.6712831209162432,0.9904156267369388,0.46336145238941906,3.685096087310027,0.47352723222186943
34700,0.11141464859247208,0.9569854736328125,0.007227002643048763,0.018798010697311372,0.17869252430510274,0.03319368748692419,1.557790224580188,0.671403394587142,0.9904147414775979,0.4635090102039926,3.685155194942017,0.47354377293878563
34725,0.11140451580286026,0.9569854736328125,0.0072191255167126656,0.018797767570809514,0.17869721800282043,0.033204488113519594,1.5578356649203413,0.6715233854655132,0.9904138550929569,0.46365616708079294,3.685214290721133,0.4735603046757156
34750,0.11139437556266785,0.9569854736328125,0.007219643797725439,0.018797875071193286,0.17870192557989523,0.03321527142718932,1.5578812250855771,0.671643212452678,0.990412967003191,0.46380309457975366,3.6852735259247558,0.473576861549481
34775,0.11138424277305603,0.9569854736328125,0.007219219114631414,0.01879796466955502,0.17870663791161284,0.033226051867530956,1.557926824997385,0.6717630042349372,0.9904120774625397,0.4639499936251954,3.685332805203562,0.4735934255436397
34800,0.11137410253286362,0.957000732421875,0.007224225904792547,0.018798337516985585,0.17871134613864456,0.03323685704469693,1.557972407716978,0.6718830320046011,0.9904111932256923,0.46409718357137864,3.685392085215086,0.4736099916738712
34825,0.1113639622926712,0.9569854736328125,0.007219981402158737,0.0187981392242828,0.17871606282779712,0.033247665536385626,1.5580180341548566,0.6720030818107542,0.9904103100678494,0.46424445449938845,3.6854513804666404,0.47362655863038733
34850,0.11135382950305939,0.9569854736328125,0.007221699226647615,0.018797687191323065,0.17872078035888803,0.03325845677823009,1.558063682953155,0.6721229509694543,0.9904094262854479,0.4643915328287616,3.685510719006284,0.47364313212539666
34875,0.11134368181228638,0.9569854736328125,0.007216074038296938,0.018797546476523506,0.17872549012146186,0.03326925651601034,1.5581093381580415,0.6722429089898125,0.9904085403769421,0.46453870212978665,3.6855701518746806,0.47365971548985303
34900,0.11133355647325516,0.9569854736328125,0.007219639141112566,0.01879648028818382,0.17873016971570327,0.03328006129854782,1.5581548797080365,0.672362911312193,0.9904076510533772,0.46468589398693616,3.6856296260331685,0.4736762568368358
34925,0.11132342368364334,0.957000732421875,0.007223223801702261,0.018797010192592434,0.17873483826581943,0.03329087026193072,1.5582003798635187,0.6724829444091481,0.9904067608126741,0.46483309908381976,3.685689115224017,0.47369277381879893
34950,0.11131328344345093,0.957000732421875,0.007229316513985395,0.018797640793574284,0.1787394976280901,0.03330168416606907,1.558245857868474,0.6726030207592764,0.990405875448886,0.46498042283797525,3.685748645826888,0.47370929668624107
34975,0.11130314320325851,0.957000732421875,0.007230665534734726,0.01879704087904774,0.1787441525583041,0.03331249934577369,1.5582913000541223,0.6727230884936709,0.9904049797113391,0.4651278055724094,3.6858081364768873,0.4737258125427007
35000,0.1112930029630661,0.95703125,0.007229222916066647,0.01879639981610587,0.17874880357446793,0.03332331361795177,1.5583367342712364,0.6728431366216565,0.9904040909856437,0.4652751218306883,3.685867647709512,0.4737423198996376
35025,0.11128285527229309,0.95703125,0.007225710432976484,0.018795725072662663,0.17875344983672092,0.033334123463481184,1.558382171496174,0.6729631359549282,0.9904032119376136,0.4654223138686427,3.6859272141449564,0.4737588221817117
35050,0.11127272248268127,0.95703125,0.007228096481412649,0.018795920141998015,0.17875808297622967,0.03334494245443535,1.5584275608318707,0.6730832172780618,0.990402337888474,0.4655696411644735,3.685986801682558,0.47377531331601785
35075,0.11126258969306946,0.9570465087890625,0.007235177326947451,0.018796652357468885,0.1787626989820137,0.03335578648591688,1.5584728925773963,0.6732035443239344,0.9904014649780442,0.4657171913325321,3.6860464287312533,0.47379179091382706
35100,0.11125244200229645,0.9570465087890625,0.007237401325255632,0.01879618678331642,0.17876731936589033,0.03336664466328033,1.558518242877068,0.673323999452949,0.9904005940191523,0.4658650086290088,3.6861060536005703,0.47380826061959813
35125,0.11124230921268463,0.9570465087890625,0.007239178754389286,0.018796042988641293,0.1787719142000854,0.03337751323314789,1.5585634799347878,0.6734445441664108,0.9903997265154098,0.4660129906823778,3.68616567312463,0.47382470482453115
35150,0.11123216152191162,0.957061767578125,0.007244545500725508,0.018795752058968697,0.17877649973347115,0.03338839190781403,1.5586086887716806,0.6735651816566719,0.9903988641812218,0.46616103368968637,3.686225320868312,0.47384114474635214
35175,0.11122202128171921,0.95703125,0.007244736887514591,0.018795386005603022,0.17878108118776448,0.03339927697857705,1.558653916178509,0.6736858848714811,0.990398006239195,0.4663090977766534,3.6862850536604514,0.4738575767758247
35200,0.1112118810415268,0.95703125,0.00724056689068675,0.018795083600060318,0.17878565473450483,0.03341015370955482,1.55869910423109,0.673806487377291,0.9903971564541143,0.46645704285032474,3.6863447739758497,0.4738740086708922
35225,0.11120173335075378,0.95703125,0.007240706589072943,0.01879475964623284,0.17879020918170196,0.03342104338950919,1.5587441981899883,0.6739272012861147,0.9903963063946446,0.46660512194924564,3.6864044677395627,0.47389042597302333
35250,0.11119158565998077,0.95703125,0.0072467140853405,0.018794225586933347,0.17879476465705552,0.033431938994760865,1.5587893235696246,0.6740479720759416,0.9903954628232278,0.46675328445969044,3.686464224289809,0.47390684159105817
35275,0.11118145287036896,0.95703125,0.007255080621689558,0.01879475873648573,0.1787993032298909,0.03344286472012963,1.5588343827913214,0.6741690352062065,0.9903946212357035,0.4669018853515093,3.686523997707307,0.4739232462834794
35300,0.11117130517959595,0.95703125,0.007257536984980106,0.0187944436677887,0.17880381090998995,0.033453817089300175,1.5588793336612192,0.6742903636469965,0.9903937827245306,0.4670507553011209,3.6865838324346956,0.47393963309603915
35325,0.11116115748882294,0.95703125,0.007258668541908264,0.018795012949954407,0.1788083212459905,0.03346478207567668,1.5589243062067641,0.6744118089389464,0.9903929392046372,0.46719982774014346,3.6866436901198663,0.47395601654536607
35350,0.11115100979804993,0.9570465087890625,0.007269349880516529,0.018794126355293286,0.17881284379676957,0.03347576442002883,1.5589693498077015,0.6745334221348136,0.990392106855265,0.4673491544949469,3.6867035889956856,0.4739724109846226
35375,0.11114084720611572,0.957061767578125,0.007270017173141241,0.018793917313098426,0.17881736322949074,0.033486761174095006,1.559014390357819,0.6746551703244227,0.9903912834634956,0.46749859492545087,3.6867635118747937,0.47398881239050744
35400,0.11113069951534271,0.957061767578125,0.007261940743774176,0.018793923110542787,0.1788218720516491,0.03349776081938584,1.5590594507271864,0.6747769614743224,0.990390458823323,0.46764804892986594,3.6868235900767803,0.4740052061191917
35425,0.1111205518245697,0.957061767578125,0.007269327063113451,0.018794035441088257,0.17882638615372073,0.03350876458227821,1.5591045149553389,0.6748987710484345,0.9903896362541191,0.4677975652317735,3.686883622046695,0.4740215886579012
35450,0.11111040413379669,0.9570770263671875,0.00725618377327919,0.01879404876307406,0.17883089626178214,0.033519770007756404,1.5591495756091436,0.6750205885976477,0.990388811022473,0.4679471009411044,3.6869436858083615,0.47403795699645096
35475,0.11110025644302368,0.9570770263671875,0.00725404592230916,0.018793444797443562,0.17883539673120882,0.033530746685456074,1.559194591288608,0.6751421006971784,0.9903879828174151,0.4680962189740892,3.687003741649998,0.47405430398956394
35500,0.11109012365341187,0.9570770263671875,0.007251698989421129,0.018793454880680474,0.17883990531377378,0.03354170701162021,1.5592396730539984,0.6752634468470659,0.9903871639498627,0.46824509276540255,3.6870638692019675,0.47407065224967415
35525,0.11107997596263885,0.9570770263671875,0.007245406974107027,0.018793145574072162,0.17884441999490086,0.03355265853695424,1.559284809836699,0.6753847021377961,0.9903863456656563,0.46839382711177585,3.6871240630541404,0.4740870134898267
35550,0.11106982827186584,0.9570770263671875,0.007247697561979294,0.01879271550055782,0.1788489395565507,0.03356360750736872,1.559329952868147,0.6755059106483141,0.9903855314697697,0.4685424670376326,3.6871842204410687,0.4741033811192154
35575,0.11105969548225403,0.9570770263671875,0.007256597280502319,0.01879164936145088,0.17885345451433282,0.03357457982262544,1.5593750849976904,0.6756273434706241,0.990384717349322,0.46869141092496613,3.6872443985748835,0.47411973702609017
35600,0.11104954034090042,0.9570770263671875,0.007265022955834866,0.01879077377676956,0.17885794602930408,0.03358557668995656,1.559420167487818,0.675749031457472,0.9903838991249216,0.46884061146214345,3.6873047000493013,0.4741360772600638
35625,0.11103940010070801,0.9570770263671875,0.00727299926802516,0.01879038474749135,0.17886241061844466,0.03359658581820608,1.559465163512575,0.6758708415066388,0.9903830781771011,0.46898997629312733,3.6873650736895964,0.47415239775251056
35650,0.1110292375087738,0.9570770263671875,0.0072752744890749454,0.018789874977472528,0.17886684898481314,0.033607626170069876,1.5595100531422628,0.6759929543212653,0.9903822587174381,0.46913976059186724,3.6874254651260605,0.4741687033085914
35675,0.11101909726858139,0.9570770263671875,0.007272487506270409,0.018789511500552778,0.17887129196718204,0.033618657846386533,1.559554985689354,0.6761149750081189,0.990381433737585,0.46928951677860886,3.687485909527429,0.4741850229873401
35700,0.11100894957780838,0.9570770263671875,0.007284058723598719,0.018789765048747978,0.178875745121106,0.03362969829974121,1.5595999715862425,0.6762370731115414,0.9903806155324391,0.46943942657172005,3.6875463742934738,0.47420136547783714
35725,0.11099879443645477,0.9570770263671875,0.007287840824574232,0.018788902061801397,0.1788801906637789,0.033640765949623605,1.5596449492128384,0.6763594406638889,0.9903797975931472,0.46958966003269,3.687606897024211,0.4742177040839295
35750,0.11098863929510117,0.9570770263671875,0.007292364723980427,0.018788058763624185,0.17888463032072555,0.03365184625038096,1.5596899278927847,0.6764819321370351,0.9903789848433198,0.46974002306360063,3.687667481977212,0.47423403652379986
35775,0.11097848415374756,0.9570770263671875,0.007292266469448805,0.01878834719749003,0.17888904581600815,0.03366292730372405,1.5597348031036402,0.6766044171346329,0.9903781753180797,0.46989037225672337,3.6877280704010063,0.47425032474653495
35800,0.11096833646297455,0.9570770263671875,0.0072940499521791935,0.018788965011272727,0.17889346508366089,0.03367401034181684,1.5597796744825934,0.6767268984368955,0.9903773686698778,0.470040696553199,3.6877886099485773,0.4742666020639245
35825,0.11095817387104034,0.9570770263671875,0.007288146298378706,0.018789067757473625,0.17889789287310634,0.033685089684427745,1.559824589562191,0.6768493306122895,0.9903765624727171,0.47019100395271557,3.68784916404819,0.4742828990534085
35850,0.11094802618026733,0.9570770263671875,0.0072854794561862946,0.018787770728613522,0.17890231482382926,0.033696160072242416,1.5598694735965648,0.6769716555865817,0.9903757639062697,0.4703410705024209,3.6879097039954134,0.47429919901251366
35875,0.11093787103891373,0.9570770263671875,0.007286106236279011,0.018786482544887614,0.1789067357334754,0.03370722935242861,1.5599143552871002,0.6770939556011785,0.9903749669696804,0.47049114818322746,3.68797024819855,0.4743154968051822
35900,0.11092773079872131,0.95709228515625,0.007282319478690624,0.018786327946975327,0.17891115111038297,0.03371829640322003,1.5599592340938733,0.677216227670962,0.9903741704700266,0.4706410711099672,3.6880308416761105,0.4743317689408358
35925,0.1109175831079483,0.95709228515625,0.007284326013177633,0.018786367650030302,0.17891556211527826,0.03372936664197921,1.5600041290031024,0.6773385322592447,0.9903733771647865,0.47079107170548684,3.6880915173499735,0.47434804489590054
35950,0.1109074205160141,0.9571075439453125,0.007280309684574604,0.01878649404555989,0.1789199662642212,0.03374043771299489,1.5600489939493873,0.6774608304156114,0.9903725787027661,0.4709410896596723,3.6881521919145075,0.4743642892222017
35975,0.11089728027582169,0.9571075439453125,0.007287021726369858,0.018786364838930474,0.17892436348648097,0.03375150968711594,1.5600938619027074,0.6775831373091943,0.990371781283339,0.47109114085770687,3.6882129440438587,0.47438052966096056
36000,0.11088712513446808,0.9571075439453125,0.007288748398423195,0.018786050413262107,0.17892875484038553,0.033762602754337206,1.5601387426530207,0.677705657832703,0.9903709877044539,0.47124159806256216,3.6882737859724934,0.4743967796447728
36025,0.11087697744369507,0.957122802734375,0.007282724138349295,0.01878522624675294,0.17893315149543984,0.033773680419009564,1.5601836701428695,0.6778280192700762,0.9903701905224682,0.47139189465727915,3.6883346828213086,0.4744130469689454
36050,0.11086682230234146,0.9571380615234375,0.007287104148417711,0.018785267216661884,0.1789375453629539,0.033784746869932894,1.5602285738060306,0.6779502483906742,0.9903693963588747,0.47154196345412613,3.6883955511334423,0.4744293092286313
36075,0.11085668206214905,0.9571533203125,0.007278142962604761,0.018784191632769637,0.17894193173650483,0.03379581885796476,1.5602734633799513,0.678072526441765,0.9903686009905428,0.47169212805086536,3.688456462435234,0.4744455618966401
36100,0.11084653437137604,0.957183837890625,0.007274236995726824,0.01878385072560431,0.1789463249045537,0.03380687897390983,1.5603183867040749,0.6781946725063478,0.9903678059581227,0.47184224911022,3.6885173825563253,0.47446182298114586
36125,0.11083639413118362,0.957183837890625,0.0072659943252801895,0.018784057175359466,0.17895070175787392,0.0338179304473785,1.560363255910127,0.6783167246353358,0.9903670158298501,0.47199226464784516,3.6885783419483666,0.4744780648862094
36150,0.11082625389099121,0.957183837890625,0.007267122622579336,0.01878359538540401,0.17895509816919705,0.03382897368440037,1.560408226904964,0.678438686736901,0.9903662274707563,0.4721422058630199,3.688639339453264,0.4744943288798218
36175,0.1108161062002182,0.957183837890625,0.007259717211127281,0.01878344677917692,0.1789594798043458,0.03384002188999572,1.5604531404567483,0.6785606871024414,0.9903654389086431,0.4722922774381906,3.6887003525113258,0.47451058050581535
36200,0.11080597341060638,0.957183837890625,0.007257998455315828,0.018782577165386366,0.17896386837847258,0.033851055073044194,1.5604980563389392,0.6786825101391469,0.9903646522025146,0.4724422004358603,3.688761298624771,0.4745268230705006
36225,0.11079583317041397,0.957183837890625,0.007264195010066032,0.01878207787764596,0.1789682561296484,0.03386209292746629,1.560542971820169,0.6788043668409091,0.9903638729900051,0.4725922173762402,3.6888222513316187,0.4745430748557152
36250,0.11078570038080215,0.957183837890625,0.007264427375048399,0.01878158652165376,0.1789726302883679,0.03387313758599676,1.5605878543987086,0.6789262886496763,0.9903630981538921,0.472742337634638,3.6888832654037973,0.4745593183254349
36275,0.11077556014060974,0.9571990966796875,0.007264031562954187,0.018781413711553587,0.17897701508355818,0.03388420092022899,1.5606327964511764,0.6790483887349582,0.9903623127418432,0.4728927180081326,3.6889443095014873,0.4745755698976142
36300,0.11076541990041733,0.9571990966796875,0.007260248064994812,0.01878102114907053,0.17898140714395913,0.03389526080752694,1.560677799389714,0.6791704523962651,0.9903615191498986,0.4730429760491475,3.6890054217027908,0.4745918235893966
36325,0.11075527966022491,0.9571990966796875,0.007252449169754982,0.018780710972886906,0.1789857869995988,0.03390630970427523,1.560722724851693,0.6792923808216235,0.9903607290740137,0.47319300948531695,3.689066475605002,0.47460805483339225
36350,0.1107451468706131,0.9571990966796875,0.007257814984768629,0.01878075117727855,0.17899016713700638,0.03391735357110815,1.5607676712342546,0.6794142528976168,0.9903599443250248,0.47334297701219014,3.689127575110926,0.47462429155067426
36375,0.11073501408100128,0.9571990966796875,0.00725414277985692,0.018780078750260543,0.17899454617680177,0.03392839245344255,1.560812624849461,0.679536065771844,0.9903591596280198,0.47349284732954466,3.6891887020805334,0.47464052904360926
36400,0.11072488129138947,0.9572296142578125,0.007263039238750935,0.01877943432018158,0.17899891869009996,0.03393944832552997,1.5608576127888782,0.679658061603728,0.9903583856732388,0.4736428356243775,3.6892499764926225,0.47465677529619177
36425,0.11071474105119705,0.957244873046875,0.007264088839292526,0.01877928287848831,0.1790033054357934,0.03395052607747577,1.5609026591254447,0.6797802603624965,0.9903576144422632,0.4737931961562868,3.6893112413174087,0.47467304198826316
36450,0.11070460826158524,0.957244873046875,0.007256905548274517,0.018778528878820686,0.17900768911880405,0.033961604248784354,1.5609476826795874,0.6799024446273609,0.9903568448766258,0.47394355863421633,3.6893724829085737,0.4746892855279042
36475,0.11069446802139282,0.9572601318359375,0.007252242881804705,0.018777458260367544,0.17901206938203348,0.03397266342809296,1.5609926830589296,0.6800244206331276,0.9903560808381909,0.47409361914648585,3.6894337040198963,0.47470551065265554
36500,0.1106843501329422,0.9572601318359375,0.00724666565656662,0.01877694013079717,0.1790164680697373,0.0339837064731848,1.561037813738036,0.680146242439222,0.9903553200626567,0.4742433925799301,3.689495042285021,0.4747217512340265
36525,0.11067421734333038,0.9572601318359375,0.0072443136014044285,0.018776887652889134,0.17902087273806447,0.033994743348481786,1.5610829610626031,0.680267983948518,0.9903545615237122,0.4743930818096288,3.6895563573114893,0.474737985286784
36550,0.11066409945487976,0.957275390625,0.007234935183078051,0.01877662845878018,0.17902528027154033,0.03400577428213584,1.561128133466195,0.6803896570720459,0.9903538006119659,0.4745426233082564,3.6896177011356657,0.47475423012705964
36575,0.11065398156642914,0.957275390625,0.007233417592942715,0.018776355800708928,0.17902968530067617,0.03401678287392016,1.5611733220645978,0.6805111041337658,0.9903530450801057,0.47469189936129647,3.689679108089887,0.4747704613293492
36600,0.11064384877681732,0.957275390625,0.007236345671117306,0.018776120094053723,0.17903407779304897,0.03402779585908336,1.5612185037577697,0.6806326016260823,0.9903522961181673,0.47484127756481065,3.6897406269580344,0.4747866899334141
36625,0.1106337308883667,0.957275390625,0.007234254851937294,0.018775860501838836,0.1790384673578432,0.03403881365123154,1.5612636563798346,0.680754125749794,0.9903515476166653,0.4749907918838059,3.6898021063343243,0.4748029207708868
36650,0.11062360554933548,0.957275390625,0.007235621102154255,0.01877606241312433,0.17904284335149534,0.034049833908074624,1.5613087757094157,0.6808756714668982,0.9903507973201565,0.47514029682130554,3.68986364591987,0.474819144965337
36675,0.11061348021030426,0.957275390625,0.007238113321363926,0.018775602739768655,0.17904720888346054,0.03406087472227153,1.561353851905486,0.6809974094423484,0.9903500556303524,0.4752900778004635,3.68992519041631,0.4748353464608302
36700,0.11060335487127304,0.957275390625,0.007242522668093443,0.018775434944846566,0.17905154340366897,0.03407192543854201,1.5613987828256914,0.6811192276218169,0.9903493167834205,0.4754399643864306,3.689986710189509,0.4748515176016136
36725,0.11059323698282242,0.9572906494140625,0.007241860963404179,0.018775278097352147,0.17905588497048522,0.03408297652918066,1.5614437371520584,0.6812410319452982,0.9903485753054501,0.4755898591848032,3.6900482117186413,0.4748676944762117
36750,0.1105831116437912,0.9572906494140625,0.007250340189784765,0.018774954729063875,0.17906021760823468,0.03409405502719471,1.561488669036356,0.6813631029314035,0.9903478283674974,0.4757400150806489,3.690109751269843,0.4748838566335892
36775,0.11057298630475998,0.9572906494140625,0.007246105466037989,0.01877418817060518,0.1790645432193092,0.0341051425804604,1.561533604226825,0.6814852647335347,0.9903470856756856,0.47589018904317876,3.6901713700882137,0.4749000174989771
36800,0.11056286096572876,0.9572906494140625,0.00724988617002964,0.01877383795189103,0.1790688555291613,0.03411623713001604,1.5615785117339098,0.6816074951740012,0.9903463363002043,0.47604040133047687,3.690233059591769,0.47491616934897285
36825,0.11055273562669754,0.9572906494140625,0.007249652408063412,0.01877400014747679,0.17907315745290348,0.034127338861003914,1.5616233737807534,0.6817297827761349,0.9903455870263635,0.47619068445624313,3.690294747734184,0.47493229959423544
36850,0.11054261028766632,0.9572906494140625,0.007257469929754734,0.01877446797233224,0.17907746070314517,0.03413845039566155,1.5616682388878915,0.6818521525903212,0.9903448444321048,0.4763410012810923,3.6903564284908468,0.4749484384992967
36875,0.1105324774980545,0.9572906494140625,0.007266749627888203,0.018774108345210063,0.17908176172261403,0.034149576937610004,1.5617131355216836,0.6819746757438123,0.990344099380857,0.4764913891093181,3.6904182057826405,0.47496460133427854
36900,0.11052234470844269,0.957305908203125,0.007266516797244549,0.01877458575896542,0.17908603258710068,0.03416072214097962,1.5617579310500986,0.682097383919947,0.9903433562119957,0.47664198062608243,3.6904800539143268,0.474980742270627
36925,0.11051221191883087,0.957305908203125,0.007272799964994192,0.018774579961955307,0.17909029346377264,0.03417188585181772,1.561802696762861,0.6822202682432927,0.9903426133864223,0.4767928096560227,3.690541933551592,0.47499687095735904
36950,0.11050207167863846,0.957305908203125,0.007278563920408487,0.01877369246890194,0.17909453689949767,0.03418307415115767,1.5618474135954248,0.6823433952057314,0.9903418616051696,0.4769440633613619,3.6906038764392135,0.4750129958399832
36975,0.11049194633960724,0.957305908203125,0.007274410221725702,0.018772361679441237,0.17909877985383957,0.0341942660054908,1.5618921161315318,0.6824665376128835,0.9903411189666461,0.477095465970643,3.69066578955531,0.47502910796988596
37000,0.11048181354999542,0.957305908203125,0.0072753289714455605,0.018771838638869037,0.17910301305291093,0.034205457467351284,1.5619367838518035,0.6825896647725432,0.9903403858955135,0.47724686221733026,3.690727719967674,0.4750452099044312
37025,0.1104716807603836,0.957305908203125,0.007270175963640213,0.018770820483761646,0.17910726302576216,0.03421663126776251,1.5619815322380335,0.6827126043291011,0.9903396541108073,0.47739804509491235,3.6907896672112845,0.475061349939814
37050,0.11046154797077179,0.957305908203125,0.007268501445651054,0.01876969795512898,0.17911153307153377,0.03422780658902884,1.56202637561275,0.6828355476822133,0.9903389193749634,0.4775493187629577,3.69085163113337,0.47507750575520674
37075,0.11045141518115997,0.957305908203125,0.007278881501406431,0.018769872542033994,0.17911579328549493,0.03423899401580312,1.5620712018800358,0.6829586084017678,0.9903381893843012,0.47770077058378513,3.6909136549792705,0.4750936519549795
37100,0.11044128239154816,0.9573516845703125,0.007280485238879919,0.018769698125876404,0.1791200566911752,0.03425020126114588,1.5621160785464911,0.6830818680485622,0.9903374539592291,0.4778524512926541,3.6909757640708456,0.47510980835933636
37125,0.11043115705251694,0.9573516845703125,0.0072740730829536915,0.01876839614980394,0.17912431171031837,0.034261416051979784,1.562160927302523,0.6832051920144329,0.9903367290298346,0.478004205504419,3.691037892667317,0.475125946683093
37150,0.11042103171348572,0.9573516845703125,0.007268646731972694,0.018768388242006825,0.17912856607175354,0.034272620752684245,1.5622057860884073,0.6833284063202978,0.990336007282109,0.47815573968173675,3.691100050783003,0.4751420810793743
37175,0.1104108989238739,0.957366943359375,0.007270799484103918,0.018767808891770186,0.1791328092788417,0.034283821510400304,1.5622506019768958,0.6834515691624509,0.9903352973402932,0.4783071275961682,3.6911622215100928,0.4751582055863281
37200,0.11040078103542328,0.957366943359375,0.007267072796821594,0.018767629065765037,0.179137045674979,0.03429502591303328,1.5622954000608384,0.6835747588815404,0.9903345847149458,0.47845856530532543,3.691224419387452,0.4751743322817966
37225,0.11039064824581146,0.9573822021484375,0.007263889070600271,0.01876724725451327,0.17914129035124293,0.034306228430231935,1.5623402556605053,0.683697924527427,0.9903338755665149,0.4786098687540976,3.6912866668925366,0.4751904670590037
37250,0.11038053035736084,0.9573822021484375,0.007269952446222305,0.018767143746958266,0.17914553693493665,0.03431742394620222,1.5623851068321113,0.6838210002020455,0.9903331708357732,0.47876114791362107,3.691348883327317,0.47520659259215403
37275,0.11037039756774902,0.9573822021484375,0.007268837187439203,0.01876703916180935,0.17914975450769127,0.034328644355212976,1.562429846113077,0.6839443156407998,0.990332465426055,0.4789127759096557,3.691411133339636,0.47522267838936394
37300,0.1103602722287178,0.9573822021484375,0.007268369197845459,0.018766506463080444,0.17915397668950903,0.03433986883038483,1.5624745977333452,0.6840676535085096,0.9903317645956735,0.47906447114528994,3.691473364065601,0.4752387608575431
37325,0.11035014688968658,0.9574127197265625,0.007271940819919109,0.018766641659432454,0.1791581988933829,0.03435109518332669,1.562519375295047,0.6841910067146707,0.9903310688509221,0.4792162026535775,3.691535654898338,0.4752548539097575
37350,0.11034002900123596,0.957427978515625,0.00728380773216486,0.018767441059184525,0.17916240901367733,0.0343623434383572,1.5625641228722837,0.6843145732794839,0.9903303712911571,0.4793681845441999,3.691597998426189,0.47527094456551394
37375,0.11032989621162415,0.957427978515625,0.007285764906555414,0.01876680841329652,0.17916660451043195,0.034373615389568304,1.5626088033702008,0.6844383595850799,0.9903296726061191,0.479520442306443,3.691660333180165,0.4752870125070348
37400,0.11031975597143173,0.9574432373046875,0.007282670121639967,0.018766990564801606,0.1791707919641049,0.03438488123438552,1.5626535106183272,0.6845620974017949,0.9903289758473892,0.4796725884070213,3.6917228130389246,0.47530308374436187
37425,0.11030963063240051,0.9574432373046875,0.007280392572283745,0.018767387680442824,0.17917499798200237,0.03439613873292194,1.562698296081857,0.68468573619513,0.9903282771893246,0.4798246406073786,3.6917852854690523,0.47531916147702374
37450,0.1102994978427887,0.95745849609375,0.007281669415533543,0.018767557320451583,0.179179204064135,0.03440738833108435,1.56274309393979,0.6848092869553599,0.9903275831248628,0.4799765918238055,3.6918477855602427,0.4753352373448426
37475,0.11028936505317688,0.9574432373046875,0.007283314596861601,0.018768096409182228,0.17918342740189883,0.034418628072921405,1.5627880240824223,0.6849327499534775,0.9903268940215265,0.48012850236010907,3.6919104194323373,0.47535135872721
37500,0.11027923226356506,0.95745849609375,0.00728943943977356,0.018768018320198258,0.1791876515091682,0.034429877277205395,1.562832983385899,0.6850563037562357,0.9903262039933349,0.4802804787118274,3.691973113301886,0.4753674845449126
37525,0.11026909947395325,0.95745849609375,0.007293960079550743,0.018767604192960904,0.17919185351302447,0.03444113798875559,1.5628778673195936,0.6851799665780761,0.9903255067234107,0.48043258653077203,3.6920358558653357,0.47538360043606454
37550,0.11025895923376083,0.9574737548828125,0.007293479051440954,0.01876732097308661,0.1791960474851555,0.034452400108896754,1.5629227178456173,0.6853036294355699,0.9903248099003219,0.48058464699095627,3.6920986012875385,0.4753997125949641
37575,0.11024882644414902,0.9574737548828125,0.0072991373017430305,0.018766413389809063,0.17920023954358338,0.0344636729207469,1.5629675853713765,0.6854273950495854,0.9903241170042265,0.4807368613016944,3.692161405619449,0.4754158378200785
37600,0.1102386862039566,0.9575042724609375,0.007303821854293346,0.01876662763766664,0.17920442099629086,0.03447496103379189,1.5630123893863501,0.685551290530542,0.9903234325073458,0.4808893147794533,3.692224168216088,0.4754319556156552
37625,0.11022855341434479,0.9575042724609375,0.0073053608648478985,0.018766871828946707,0.17920858759111452,0.034486269642085725,1.5630571632030341,0.6856753901999442,0.9903227479359938,0.48104211903604527,3.6922870115764432,0.4754480759111113
37650,0.11021841317415237,0.9575042724609375,0.007298959884792566,0.018766702829967737,0.17921275771364845,0.034497570765560814,1.5631019817504823,0.685799413562752,0.990322070256664,0.48119486908528303,3.6923499232964203,0.47546420752739643
37675,0.11020827293395996,0.9575042724609375,0.007295902352780104,0.018766609681008524,0.1792169398253684,0.034508853302051314,1.563146855734709,0.6859232388335862,0.9903213917980633,0.4813474413513231,3.6924128414963957,0.4754803494666169
37700,0.11019814014434814,0.9575042724609375,0.00729268416762352,0.018765868831883675,0.17922112915626945,0.03452013183088581,1.563191763048822,0.6860470104028272,0.9903207132103151,0.48149997354885044,3.6924757630925926,0.47549648409887146
37725,0.11018800735473633,0.9575042724609375,0.007291114889085293,0.018765938790387002,0.17922530664954708,0.03453140658759463,1.5632366081112365,0.6861707251612061,0.9903200331191578,0.4816524706720828,3.6925386586209004,0.4755125932760796
37750,0.11017787456512451,0.9575042724609375,0.007291789166629314,0.01876557240001073,0.17922949279759928,0.034542664234544086,1.563281489232969,0.6862942545604982,0.9903193531105137,0.4818047915052973,3.692601549204242,0.4755287130199165
37775,0.1101677417755127,0.9575042724609375,0.007296023424714804,0.018765705361412966,0.1792336663040997,0.03455393122117188,1.5633263247262237,0.6864178663056346,0.9903186828696123,0.48195726610181533,3.6926644612691555,0.47554483148059257
37800,0.11015760898590088,0.9575042724609375,0.0072960881516337395,0.018765730962461653,0.17923782190033005,0.03456521720921638,1.5633710670166874,0.6865416455165454,0.9903180162418715,0.4821099385258777,3.692727336719205,0.47556092899951635
37825,0.11014746874570847,0.95751953125,0.0072946129366755486,0.018765650942345023,0.17924197263101133,0.034576498524252416,1.5634158210555338,0.6866653781457642,0.9903173553969673,0.48226247956727464,3.692790289078109,0.4755770161480289
37850,0.11013733595609665,0.95751953125,0.0072959596291184425,0.018765274951178235,0.17924613202347692,0.034587779453322705,1.5634606211587443,0.6867890959498174,0.9903166921366026,0.4824149483070419,3.6928532600514914,0.4755931148005065
37875,0.11012720316648483,0.9575347900390625,0.0073035662062466145,0.018764884941913727,0.1792503008413883,0.03459907359664675,1.5635054991828445,0.6869129464783942,0.9903160378475006,0.48256747274406286,3.692916317014183,0.475609224133123
37900,0.11011705547571182,0.9575347900390625,0.0073007699102163315,0.018764966834521016,0.17925445708287926,0.03461038336217495,1.5635503328366374,0.6870369420166377,0.9903153799118207,0.48272024850226813,3.692979397759627,0.47562532408943337
37925,0.1101069301366806,0.9575347900390625,0.007295113988220692,0.01876490579921283,0.17925860675948202,0.0346216844833578,1.5635951445774976,0.6871608400366752,0.9903147303283424,0.48287296697208426,3.6930424934069586,0.4756414119198873
37950,0.11009678989648819,0.9575347900390625,0.0072923749685287476,0.018764535490201,0.17926274412261353,0.03463297919298643,1.5636398620517789,0.6872846419577339,0.9903140720791908,0.48302562989890246,3.693105492282381,0.4756574821108762
37975,0.11008666455745697,0.957550048828125,0.007291041314601898,0.01876460347673753,0.17926688441863003,0.03464425680708334,1.5636846256187815,0.6874082742842408,0.990313415637671,0.48317809588964744,3.6931685688481957,0.4756735569457536
38000,0.11007653176784515,0.95758056640625,0.0072929090820252895,0.018765355195997972,0.17927103442261888,0.034655543748880614,1.5637294968627713,0.6875320132956074,0.9903127591697516,0.4833307005239632,3.6932317987634518,0.4756896471208357
38025,0.11006639152765274,0.95758056640625,0.007292937487363815,0.018765000518468522,0.1792751755943822,0.03466684085949147,1.5637743495543075,0.6876558473637759,0.9903121073526107,0.4834834409746164,3.693295074870418,0.4757057436279759
38050,0.11005626618862152,0.9575653076171875,0.007300255354493856,0.018765136865993466,0.17927932107671954,0.03467813792530581,1.5638192374801572,0.6877796736179291,0.9903114633099913,0.48363620494994364,3.69335838882188,0.47572184963469366
38075,0.11004611849784851,0.9575653076171875,0.007299837656319141,0.018764691738678077,0.1792834636541215,0.034689454595701094,1.5638641377499083,0.6879036906701633,0.9903108221293196,0.48378927220439705,3.6934217608782776,0.47573795783080025
38100,0.1100359857082367,0.95758056640625,0.007307857275009155,0.018764878349750564,0.17928759651324508,0.034700786492268675,1.5639090081919904,0.6880278495623717,0.9903101868442101,0.4839425208975143,3.693485161621964,0.4757540577716027
38125,0.11002585291862488,0.95758056640625,0.007301687728613615,0.018764810890770003,0.17929171256883727,0.03471212822541689,1.5639537968656143,0.6881520875589129,0.9903095397119923,0.48409596778684194,3.69354854136731,0.4757701279881944
38150,0.11001570522785187,0.9575958251953125,0.0073053911328315735,0.01876436413032595,0.17929581647242906,0.034723466368786884,1.563998553279877,0.6882762844171941,0.9903088931089995,0.48424936136973257,3.693611969128691,0.4757861827182299
38175,0.11000557243824005,0.9575958251953125,0.007307730615139008,0.01876488437525704,0.17929991457546887,0.0347348067680695,1.5640432969179083,0.6884004944750065,0.9903082441502298,0.4844028303597574,3.693675425496718,0.47580223292704
38200,0.10999543964862823,0.9576263427734375,0.007308982778340578,0.018765501487703017,0.1793040085621149,0.03474615981843502,1.5640880394718133,0.6885248226412027,0.9903075975056331,0.48455645459373653,3.6937389207362523,0.4758182876184062
38225,0.10998529940843582,0.9576263427734375,0.007308983709663153,0.018765775063994367,0.17930810531754174,0.03475751173003991,1.5641328069270413,0.6886491304827014,0.9903069417004725,0.4847099724405812,3.693802445294688,0.4758343550054876
38250,0.10997515916824341,0.9576416015625,0.007309724111109972,0.018764670676431047,0.17931219601189838,0.03476886832881998,1.5641775531965847,0.6887734723855234,0.9903062884317781,0.4848635421054346,3.693865981282598,0.475850418222008
38275,0.1099650114774704,0.9576416015625,0.007308479398488998,0.01876530990955581,0.17931627746269818,0.03478023387112887,1.5642222800762173,0.6888978973958177,0.9903056381098798,0.4850172118965205,3.693929565721164,0.47586647183804287
38300,0.10995487868785858,0.9576416015625,0.007305942941457033,0.018765343641538586,0.17932036005657737,0.03479159274289009,1.5642670000160153,0.6890222364036296,0.9903049974819941,0.4851708575707636,3.6939931210289005,0.47588252305395
38325,0.10994474589824677,0.9576568603515625,0.007307728286832571,0.018765158166767035,0.17932443881875323,0.03480295625350185,1.5643117235891815,0.6891466156313351,0.9903043632947875,0.48532462069738785,3.6940567234146715,0.47589857084204457
38350,0.10993460565805435,0.9576568603515625,0.0073134456761181355,0.018765235310277812,0.17932851668465033,0.03481434363699589,1.5643564948438275,0.6892712392400612,0.9903037267347505,0.485478773898764,3.6941204466596744,0.47591462332041484
38375,0.10992446541786194,0.9576568603515625,0.007313619367778301,0.018765912042589313,0.1793325917387271,0.03482572536646392,1.5644012681299662,0.6893957984582351,0.9903030892649258,0.4856328164211309,3.694184202691592,0.4759306773759305
38400,0.10991431772708893,0.9576568603515625,0.007320074364542961,0.018765535735855522,0.1793366562896021,0.03483711898209242,1.5644459942167213,0.6895204599930025,0.9903024519584682,0.48578702873822727,3.6942479544764915,0.4759467201560559
38425,0.10990418493747711,0.9576568603515625,0.00731971301138401,0.01876372750539238,0.17934070461056503,0.034848521916693666,1.5644906361774977,0.6896451931319829,0.9903018095131646,0.485941374732072,3.694311673803204,0.4759627403181898
38450,0.1098940372467041,0.9576568603515625,0.0073266769759356976,0.018764469984665452,0.17934474127242925,0.03485994577444247,1.5645352543846929,0.6897701304729805,0.9903011630862874,0.48609595133960803,3.69437545615688,0.47597874524121675
38475,0.10988388955593109,0.9576568603515625,0.007338541094213724,0.01876375154420641,0.1793487564841642,0.03487139649287354,1.564579784079064,0.6898953209490369,0.9903005186430465,0.4862509067388109,3.6944392494653413,0.4759947330427131
38500,0.10987374186515808,0.9576568603515625,0.007340612355619669,0.018764526946861523,0.17935275461181316,0.034882877103249575,1.5646242757015336,0.6900208082801603,0.9902998696491574,0.4864062349249335,3.6945031278687286,0.47601071703073644
38525,0.10986359417438507,0.957672119140625,0.007331336382776499,0.018763710370717206,0.1793567657105345,0.034894355424267824,1.5646688229447347,0.6901462576099178,0.9902992205712782,0.48656148516554526,3.6945670030458704,0.47602672387731204
38550,0.10985345393419266,0.957672119140625,0.007336811162531376,0.01876405535791879,0.17936080068208649,0.034905816472501336,1.5647134860363412,0.690271526396887,0.9902985800424648,0.48671655093661176,3.694630904923168,0.4760427480409143
38575,0.10984330624341965,0.9576873779296875,0.007342785596847534,0.018764192456347493,0.17936481743415544,0.03491730623682237,1.5647580921457642,0.6903970741336164,0.9902979352421455,0.4868719157913382,3.6946948589339446,0.4760587606415091
38600,0.10983315110206604,0.9576873779296875,0.007343159057199955,0.018763545963276618,0.17936882041516874,0.03492881244093523,1.5648026488309523,0.6905227741329555,0.9902972942213157,0.48702744354845356,3.69475883710963,0.4760747611621446
38625,0.10982301086187363,0.95770263671875,0.007346674334257841,0.01876330333751635,0.17937281586184695,0.03494033145805635,1.5648471645681943,0.6906485822236953,0.990296645755218,0.48718305576130344,3.694822795231994,0.4760907586736433
38650,0.10981285572052002,0.95770263671875,0.007351874373853207,0.01876322711351003,0.17937680719614585,0.034951867079195204,1.5648916554723107,0.6907745363430957,0.9902959999971381,0.4873388517114253,3.6948867361085536,0.47610674234091765
38675,0.10980270057916641,0.95770263671875,0.007356295362114906,0.01876287642191612,0.17938077753762635,0.03496343017518241,1.564936096826359,0.6909007654288787,0.9902953573969488,0.4874951058950304,3.694950775236535,0.47612272370809067
38700,0.1097925454378128,0.95770263671875,0.007354092784225941,0.018762118235358668,0.17938474097953686,0.034974998455345456,1.564980508878331,0.6910270309670381,0.9902947160549961,0.48765138941085273,3.6950148152752424,0.47613870350133186
38725,0.1097823977470398,0.95770263671875,0.007359844166785479,0.018762794800944345,0.17938870269442297,0.03498656265316736,1.5650249394069133,0.6911532525501493,0.9902940764720765,0.4878076115595805,3.695078915760668,0.4761546889530168
38750,0.109772227704525,0.9577178955078125,0.007374519947916269,0.018761906378322847,0.17939263834178568,0.03499816699205624,1.5650692934924701,0.6912798719298994,0.9902934342866887,0.48796432166244436,3.6951431032687205,0.47617066325089547
38775,0.10976207256317139,0.9577178955078125,0.007374127861112356,0.018761318065376596,0.1793965550429325,0.035009784283203234,1.5651135532995069,0.6914065988694751,0.9902927943692403,0.48812121064676645,3.6952072623501033,0.47618660681987396
38800,0.10975190997123718,0.9577178955078125,0.007374119013547897,0.018760883657431577,0.17940047784440352,0.035021396823301076,1.5651578673301962,0.6915332758730092,0.990292167179463,0.48827804358971455,3.695271485663922,0.47620257061027166
38825,0.10974176228046417,0.9577178955078125,0.007374304346740246,0.018761592371274793,0.17940440870127608,0.035032999696984035,1.56520222097164,0.6916598442268242,0.9902915441518952,0.4884347659520545,3.6953357185716613,0.476218549378014
38850,0.10973159968852997,0.9577178955078125,0.007369203492999077,0.018761350184585086,0.17940833548881596,0.03504459898640815,1.5652465792402648,0.6917863719282477,0.9902909078618954,0.4885914527202709,3.695400003349334,0.47623451948901885
38875,0.10972143709659576,0.9577178955078125,0.007367042358964682,0.018761935306391433,0.17941225485502277,0.0350562073619149,1.5652908938568557,0.6919129691674065,0.990290280714097,0.48874823250777666,3.695464260536221,0.47625047840898355
38900,0.10971128195524216,0.957733154296875,0.007371550891548395,0.018762752445642874,0.17941615969893115,0.035067829490657836,1.5653351621646132,0.6920396944825502,0.9902896544313906,0.4889051761964421,3.695528556993547,0.47626643662343165
38925,0.10970111936330795,0.957733154296875,0.0073683676309883595,0.018762390993214462,0.1794200762444376,0.03507944973961422,1.5653794994682395,0.6921663939962897,0.9902890278686516,0.4890621604449419,3.6955928948651398,0.4762824076243873
38950,0.10969096422195435,0.957733154296875,0.007363920100033283,0.01876240509193574,0.17942398975869225,0.03509106286391201,1.5654238343795552,0.6922930128438802,0.9902884063861702,0.4892190513548924,3.6956572573426465,0.4762983669902768
38975,0.10968080908060074,0.957733154296875,0.00736502418294549,0.01876224773603169,0.17942788434086712,0.03510268609867224,1.5654681116318383,0.6924197272893905,0.9902877844635403,0.48937609403702353,3.6957216777101443,0.4763143129510333
39000,0.10967065393924713,0.957733154296875,0.007363449316471815,0.018761051086911507,0.1794317888443658,0.03511431204660006,1.5655124619110088,0.6925464664858497,0.9902871612388335,0.48953322100892405,3.69578616733744,0.47633027849887266
39025,0.10966049879789352,0.957733154296875,0.007356422953307629,0.018760772386218257,0.1794356904538063,0.03512593487876888,1.5655567911785329,0.6926731560917088,0.9902865372441315,0.48969026474183397,3.695850636200758,0.4763462336217844
39050,0.10965034365653992,0.9577484130859375,0.007358836941421032,0.01876060108754852,0.1794395912873243,0.03513754639535332,1.5656011184498153,0.6927997196158274,0.9902859138021992,0.48984714448847305,3.6959151073774366,0.4763621871507703
39075,0.1096401959657669,0.957763671875,0.007366255857050419,0.018761058142656172,0.17944346868402888,0.03514918105082532,1.5656453551097256,0.6929265012653253,0.9902852976075849,0.4900043092275051,3.6959796050481284,0.4763781236292113
39100,0.1096300333738327,0.9577789306640625,0.007362564094364643,0.018760057882424505,0.1794473432776554,0.03516082047562624,1.5656896152290976,0.6930533305579547,0.9902846775655538,0.49016160712663326,3.6960441860033906,0.4763940642264993
39125,0.10961988568305969,0.9577789306640625,0.007359887007623911,0.018759677235343636,0.17945121034684577,0.035172440269494766,1.5657338215277175,0.6931799419533372,0.9902840590986588,0.49031859585332593,3.696108716433871,0.4764099893404626
39150,0.10960973054170609,0.9577789306640625,0.007362978998571634,0.01875902849810802,0.1794550741574946,0.03518406663782682,1.5657780134715023,0.6933066029665018,0.9902834401298817,0.4904757234827018,3.696173245574383,0.4764258958770882
39175,0.10959958285093307,0.9577789306640625,0.007354366593062878,0.018758153998110136,0.1794589337695428,0.03519568681317965,1.5658222069654093,0.6934331966634649,0.9902828100784118,0.4906326811567763,3.6962378206514583,0.47644180050786034
39200,0.10958943516016006,0.9577789306640625,0.007358636241406202,0.018758377036052744,0.17946279447318075,0.03520729542844096,1.5658664350409093,0.6935596746276337,0.9902821897205247,0.4907893328772016,3.6963024651572,0.47645770917845753
39225,0.10957928001880646,0.957763671875,0.007362658157944679,0.018759331748476108,0.17946664124068779,0.035218915912030635,1.5659106351316028,0.6936862689782588,0.990281563947156,0.49094599549014534,3.696367186158249,0.4764736226138679
39250,0.10956913232803345,0.957763671875,0.007363914046436548,0.018759330756836758,0.17947049421666927,0.035230545887697716,1.56595486615591,0.6938129434468433,0.9902809423797275,0.491102752531282,3.6964319152794483,0.47648954633732904
39275,0.10955897718667984,0.9578094482421875,0.007364059332758188,0.018758782192529057,0.1794743426311627,0.03524218681081104,1.5659990499757497,0.6939396985252196,0.9902803277306194,0.49125959200336083,3.6964965789868742,0.4765054609021535
39300,0.10954882204532623,0.9578094482421875,0.007373381871730089,0.018758666681236096,0.17947820056939784,0.03525382942346846,1.5660432884272968,0.6940664609339585,0.9902797043352547,0.4914164892486498,3.6965612726116244,0.47652137320183446
39325,0.10953866690397263,0.95782470703125,0.007371735293418169,0.01875828420012112,0.17948201819037354,0.03526550285851707,1.5660873742946009,0.6941935219478605,0.9902790781783212,0.4915737485150889,3.696626020298396,0.47653724244433193
39350,0.10952851176261902,0.95782470703125,0.007384011521935463,0.01875847789556137,0.17948583130845264,0.035277185823654245,1.5661314945691838,0.6943206855388856,0.9902784508899503,0.491731123942785,3.6966908946117374,0.47655312737514116
39375,0.10951834917068481,0.95782470703125,0.007382547482848167,0.01875856527054392,0.17948963947263513,0.035288884199561193,1.5661756305072125,0.6944480021092522,0.9902778280599726,0.49188868076124276,3.696755855950564,0.47656901741062646
39400,0.10950819402933121,0.95782470703125,0.0073874411173164845,0.01875819978503275,0.17949343727686398,0.03530058363521637,1.566219734469058,0.6945753197551726,0.9902772179988567,0.49204623457524754,3.696820847538346,0.4765849197726944
39425,0.1094980239868164,0.95782470703125,0.007389286067336798,0.018758733449029657,0.17949722992788697,0.03531230264446455,1.5662638014523351,0.6947028083015125,0.9902766062911854,0.4922040589767519,3.696885803950615,0.4766008118035697
39450,0.1094878613948822,0.957855224609375,0.007383916061371565,0.018759645018330818,0.1795010256411104,0.03532401538803356,1.5663078772932428,0.694830217969413,0.990275995615642,0.4923618105945407,3.6969507487755657,0.47661670313017784
39475,0.109477698802948,0.9578399658203125,0.00739204790443182,0.01876050706512485,0.17950480239389535,0.03533574138883443,1.566351915309754,0.6949577626936765,0.9902753944387523,0.49251971882492546,3.6970157986157828,0.4766325918529601
39500,0.1094675362110138,0.9578399658203125,0.007382576819509268,0.018760375215748668,0.17950857855956692,0.03534746041181353,1.5663959700851495,0.695085232129136,0.9902747890906141,0.49267755589739193,3.6970808930975827,0.4766484994747523
39525,0.10945737361907959,0.9578399658203125,0.007380121387541294,0.018759222727563855,0.17951235219496503,0.035359165586198275,1.5664400341450022,0.6952125592194838,0.9902741837292751,0.4928351508150898,3.697146034588562,0.4766643993947278
39550,0.10944721102714539,0.957855224609375,0.007378599140793085,0.018758913127094688,0.179516128420187,0.03537086403048393,1.5664841121603035,0.6953398061647195,0.9902735754684333,0.49299270654491456,3.697211181386967,0.47668030726611993
39575,0.10943704843521118,0.9578704833984375,0.007378140464425087,0.018759573707175587,0.1795198989345885,0.03538255383255956,1.566528183658046,0.6954669612005013,0.990272967817984,0.49315017090294744,3.6972763706496115,0.47669621896286374
39600,0.10942690074443817,0.9578704833984375,0.007380708586424589,0.018759317696549482,0.17952367019533463,0.035394243096513255,1.566572269802444,0.6955941008983103,0.9902723600711996,0.4933076208626509,3.697341585833505,0.47671214206415685
39625,0.10941673815250397,0.9578704833984375,0.007389119826257229,0.01876016178651646,0.17952743473284186,0.03540594720914181,1.5666163702148257,0.6957213907504648,0.990271747472446,0.4934653035908527,3.697406902962816,0.47672807945203727
39650,0.10940656810998917,0.9578704833984375,0.0073913149535655975,0.018760297949245212,0.17953118871592622,0.03541767682145231,1.566660431719934,0.6958489191461333,0.9902711412680189,0.49362327194063177,3.6974722359889274,0.4767440148795614
39675,0.10939641296863556,0.9578704833984375,0.007395096123218536,0.01876071157412727,0.17953493473117405,0.03542940404656104,1.5667044707196183,0.6959764143517132,0.9902705359696335,0.4937811422359554,3.6975375969877855,0.476759947212477
39700,0.10938623547554016,0.9578704833984375,0.007392687723040581,0.018761062939614992,0.1795386741150001,0.035441147806264506,1.566748470231262,0.6961040520754597,0.9902699341085246,0.4939391804324048,3.6976029321187562,0.4767758673223588
39725,0.10937607288360596,0.9578704833984375,0.00739868963137269,0.01876195053956227,0.1795424000705094,0.035452920526107705,1.566792447743328,0.6962319752093594,0.9902693314142127,0.4940975168133409,3.697668352648224,0.4767917821361036
39750,0.10936590284109116,0.957855224609375,0.0074044205248355865,0.01876234120225178,0.17954610774797494,0.035464706814418885,1.5668363452215577,0.6963600161455901,0.9902687229460164,0.4942559722228046,3.697733771555543,0.4768076663434109
39775,0.10935573279857635,0.9579010009765625,0.007412441540509462,0.018762680912557478,0.17954979785650194,0.03547652026177121,1.566880146096184,0.6964882995009235,0.9902681132256734,0.4944146980659124,3.697799142438728,0.47682352411648526
39800,0.10934555530548096,0.9579010009765625,0.00741447601467371,0.018763383205473775,0.17955347203269212,0.03548835051158586,1.566923907066247,0.6966167455467487,0.9902674977626442,0.49457361974058267,3.6978645822575493,0.4768393837621914
39825,0.10933537781238556,0.9579010009765625,0.0074186259880661964,0.018763115497488287,0.1795571357692533,0.035500195737926794,1.5669676227129696,0.6967453232401349,0.9902668802429087,0.49473272180383204,3.697930021665245,0.4768552509474127
39850,0.10932519286870956,0.9579010009765625,0.007420072332024574,0.01876280548996974,0.17956080557190018,0.03551203735781996,1.5670113733942383,0.6968738538991659,0.9902662740263061,0.49489183706537254,3.6979954803362287,0.4768711322059384
39875,0.10931502282619476,0.957916259765625,0.00741842295974493,0.01876302907736862,0.17956446728609113,0.0355238797699837,1.5670550828553789,0.6970023742570818,0.9902656800350504,0.49505093213402346,3.6980609240703473,0.47688699872894313
39900,0.10930484533309937,0.957916259765625,0.007411427795886993,0.01876358957988007,0.17956813148669246,0.035535703034592095,1.5670988388259501,0.6971307072304934,0.9902650842332076,0.49520976404837724,3.6981264510066474,0.4769028916024164
39925,0.10929466784000397,0.957916259765625,0.007412213832139969,0.01876428163722415,0.17957179544091342,0.035547514409066096,1.5671426293916642,0.6972589241002359,0.9902644808505757,0.4953684424958269,3.6981920611665435,0.4769187881829013
39950,0.10928449034690857,0.9579315185546875,0.00740945665165782,0.018764102574324436,0.1795754567506935,0.03555933726449588,1.5671864093110286,0.697387238634616,0.9902638833834212,0.4955272742767741,3.6982576724797243,0.47693467639011233
39975,0.10927432030439377,0.9579315185546875,0.007410750258713961,0.018763704413503685,0.17957911931701087,0.035571161419344646,1.5672302139497845,0.6975155591312526,0.9902632886232339,0.4956861597274717,3.698323328233115,0.4769505709153958
