step,loss,acc_train,gnorm_theta,gnorm_phi,align_u,align_V,gain_u,gain_V,h_u,h_V,w_norm,disp
0,0.687917947769165,0.553863525390625,0.24113905429840088,0.4645926531549759,0.004407218006131267,0.038078032095115545,0.23032517543984132,0.67701203892871,0.05474612045832117,0.4642450934845632,3.469438102796015,0.0
25,0.6812289953231812,0.5658111572265625,0.23694650828838348,0.4527390831338421,0.004395783318958516,0.03807247682427493,0.2300201824112247,0.6769449779581931,0.054598642651934655,0.4643061321824248,3.4693475237731772,0.0017226074974066319
50,0.674835741519928,0.577423095703125,0.2335832417011261,0.4426044166727183,0.004384735420335996,0.038091731756775556,0.2297280493249863,0.6771075981146321,0.05445565503911571,0.4646500055083199,3.469303774004443,0.0034171345906875653
75,0.6686931848526001,0.5893096923828125,0.23032210767269135,0.43358579640674166,0.004374051973410132,0.03813431875399787,0.22944801263300207,0.6774860030219172,0.054316688365762006,0.46525878137172105,3.4693037923067025,0.005086988931165268
100,0.6627708673477173,0.600311279296875,0.2271786630153656,0.4254567205116089,0.0043637448215499966,0.03819865564140066,0.22918022233933555,0.6780652728588734,0.05418204337644945,0.46611417563256696,3.4693447916812716,0.006732929663712816
125,0.657045841217041,0.6113128662109375,0.22453626990318298,0.41843578874237825,0.004353808367400992,0.03828352485572379,0.22892439544765725,0.6788336774505433,0.054051531551164454,0.4672012153902638,3.4694243410501797,0.008355226407977787
150,0.6514802575111389,0.6219635009765625,0.2225724756717682,0.4125689932706327,0.004344254972043988,0.03838787691745291,0.22868074667385105,0.679780958012875,0.05392535151566155,0.46850845087923854,3.4695403943174967,0.009959535312184296
175,0.6460552215576172,0.632171630859375,0.2204461246728897,0.40691153511133504,0.004335065048073169,0.038511043993784334,0.22844866824052576,0.6809002089051023,0.053803319312331746,0.47002874998555644,3.469691174293096,0.011546931453807304
200,0.6407579779624939,0.6416015625,0.21885551512241364,0.4022821864810819,0.004326236771310558,0.038652038266907045,0.2282280256962942,0.6821816476241342,0.05368538955024221,0.4717502877445304,3.4698750105371436,0.01311791334717164
225,0.6355636119842529,0.650726318359375,0.21754144132137299,0.3981214105427389,0.0043177371014329335,0.038809971035082984,0.2280178699792291,0.6836163575950583,0.053571230223884686,0.4736622651148634,3.470090382823924,0.014676566626046541
250,0.6304624080657959,0.65972900390625,0.21637286245822906,0.3943101646190646,0.00430955103125645,0.038984215165558174,0.22781773916300377,0.6851977393990033,0.053460576995473186,0.4757577360931403,3.4703359864625476,0.016223620355907638
275,0.6254388093948364,0.667694091796875,0.21545542776584625,0.3910763390366028,0.00430172330384446,0.03917435830161506,0.22762875007809316,0.686921046957348,0.05335389513562149,0.4780320937492808,3.4706105096165802,0.017761447643329882
300,0.620490312576294,0.6747589111328125,0.2145651876926422,0.38793776370248745,0.00429426511164893,0.039379463058299924,0.2274511549535729,0.6887769662631125,0.05325127409904198,0.4804735642581939,3.470912936894036,0.019289087918205987
325,0.615604817867279,0.68206787109375,0.21416203677654266,0.38518574028176783,0.004287135533501443,0.03959905129964238,0.2272838153070522,0.6907601815950567,0.053152294890858695,0.48307628073879566,3.471242099552686,0.02080986056567781
350,0.6107822060585022,0.6889801025390625,0.2131524384021759,0.3824994102000092,0.004280367231217855,0.039832738926269456,0.22712755269351395,0.6928662243710195,0.05305731359719616,0.4858361761775248,3.471597013492763,0.02232189907719426
375,0.6060152053833008,0.6959228515625,0.21269778907299042,0.3800672835038105,0.004273940002607321,0.04008016388088571,0.22698178850060738,0.6950908112383736,0.05296623383999256,0.48875081596591263,3.4719767084642044,0.023825895811660988
400,0.6012956500053406,0.702423095703125,0.21222087740898132,0.37785607190236337,0.0042678361252750634,0.040340905847052,0.22684600649905268,0.6974291470991633,0.05287893961626827,0.4918144502278444,3.472380195220661,0.02532431277973126
425,0.5966182947158813,0.70831298828125,0.21193130314350128,0.3760181222402625,0.00426204959980009,0.040614206880861925,0.22672001270448708,0.6998735743213949,0.0527953478124337,0.49501766765727795,3.4728066741681696,0.02681726158515756
450,0.5919761061668396,0.7135009765625,0.21194134652614594,0.3742972462652717,0.004256597411498294,0.04089989184152118,0.22660422341019493,0.7024214922581119,0.05271567585252527,0.49835928274110797,3.4732553360984126,0.028305830183845703
475,0.5873682498931885,0.7188568115234375,0.21165944635868073,0.3725250581614151,0.004251456286417046,0.04119740436577912,0.22649798182729697,0.7050670265850159,0.052639747530037515,0.5018338298752656,3.4737253473268783,0.029790792678582412
500,0.5827953815460205,0.723480224609375,0.21133317053318024,0.3708512594934779,0.004246614330232322,0.04150641656402228,0.22640093620554103,0.7078063069478491,0.05256723963281133,0.5054365727780756,3.474215935107247,0.03127062154921211
525,0.5782569646835327,0.72821044921875,0.21099166572093964,0.369216189730571,0.0042420917120321745,0.04182631167469866,0.22631359001341095,0.7106330337785315,0.05249836840135248,0.5091602035274515,3.4747263457036515,0.032745214831899044
550,0.5737492442131042,0.733673095703125,0.21086491644382477,0.3677992063750133,0.004237906500629077,0.042156775181661194,0.22623638951743277,0.7135435205107905,0.05243340078223539,0.5130007927569165,3.475255792713344,0.03421556072209632
575,0.5692712664604187,0.737884521484375,0.21069924533367157,0.3663349789479566,0.004234034873853299,0.04249738009163197,0.22616866789185902,0.7165331759121768,0.05237205144865166,0.5169533494882561,3.475803568020181,0.035681200232379105
600,0.5648180842399597,0.741912841796875,0.2105618417263031,0.36511998869164725,0.004230453206828188,0.042847711186277705,0.2261097583585276,0.7195975433478639,0.05231411809402718,0.5210126907091795,3.476368916096867,0.03714341025661879
625,0.5603889226913452,0.74664306640625,0.21052195131778717,0.36398240935232035,0.004227154344951529,0.04320748159066388,0.22605943716706825,0.7227333012230163,0.052259577111062216,0.5251765731436768,3.476951151974013,0.038601804955315386
650,0.5559802055358887,0.7503814697265625,0.2105790078639984,0.36265032443882805,0.004224141864967851,0.043576259452228615,0.22601777427269604,0.7259359768622509,0.052208416669434876,0.5294390812934839,3.477549705825353,0.04005854455777502
675,0.5515949130058289,0.75396728515625,0.21040867269039154,0.3613706621390747,0.004221440624222176,0.04395370272869615,0.2259854003340522,0.7292018694833011,0.05216091444292173,0.5337961860668601,3.4781638750525437,0.041512509575359596
700,0.5472346544265747,0.758209228515625,0.2105782926082611,0.36017700555908777,0.004219025087585242,0.044339559747277636,0.2259615997532378,0.7325280766611,0.052116854464232434,0.5382461503750295,3.478792994695872,0.04296313175016748
725,0.542895495891571,0.761962890625,0.21051420271396637,0.35884665944942495,0.004216907217349608,0.044733672223369235,0.2259466641498676,0.7359125116773357,0.052076342724539926,0.5427873420536312,3.4794364685767945,0.044411934082938025
750,0.5385799407958984,0.76544189453125,0.21030570566654205,0.35762804888020483,0.004215095084320083,0.04513558655523541,0.22594077781352098,0.7393506804104174,0.052039586273222437,0.5474140538465526,3.480093653988868,0.04585782524552916
775,0.5342869162559509,0.7683868408203125,0.21023347973823547,0.35647236525716014,0.004213565034519685,0.04554475913321711,0.22594327851277243,0.7428374325853788,0.05200630416750318,0.5521187839105106,3.4807639751935073,0.04730027116335131
800,0.5300191044807434,0.771453857421875,0.2099241465330124,0.3550202121592918,0.004212327521560203,0.04596090393017733,0.22595441379465794,0.7463697755851088,0.051976694207018004,0.5568993172018556,3.481446802946624,0.04873906826745061
825,0.5257771611213684,0.7745819091796875,0.2098132073879242,0.353821129781403,0.0042113932891369756,0.04638370427375771,0.22597443873636558,0.7499445106351161,0.05195078117830786,0.5617529221507425,3.4821415073904176,0.05017392879358271
850,0.5215604901313782,0.7773590087890625,0.20951803028583527,0.35246264315548853,0.00421075363164237,0.046812783204023684,0.22600309110265954,0.7535580166703789,0.05192851943197252,0.5666744486918579,3.4828475348957704,0.05160498688534994
875,0.5173707008361816,0.7800445556640625,0.20929373800754547,0.35109638784397107,0.0042103953416106595,0.047247922491164746,0.22603998424061986,0.7572079912621916,0.05190977869446453,0.5716616864830071,3.483564291146226,0.053031411008342785
900,0.5132067203521729,0.782928466796875,0.20909379422664642,0.3497672978442347,0.004210325381294415,0.0476887336779752,0.22608527360871608,0.7608908121446245,0.05189457218759273,0.5767102460170199,3.484291205810933,0.054454006146038174
925,0.5090649724006653,0.7854156494140625,0.20892521739006042,0.34857227506344785,0.004210530577895931,0.04813504149840968,0.22613857965578082,0.7646046282951702,0.05188282916966129,0.5818192273472516,3.4850278037442814,0.055873719940778305
950,0.5049508213996887,0.7880706787109375,0.20863857865333557,0.3471794460913091,0.0042110205195209525,0.04858637746605358,0.22620012953433238,0.7683452847373378,0.05187463470321598,0.5869825718621495,3.485773552416728,0.057288862195707814
975,0.500860869884491,0.7903594970703125,0.20838512480258942,0.3458611607647994,0.004211777216560673,0.04904273708904358,0.22626941223080105,0.7721123576172033,0.05186987118930217,0.5922015033966296,3.4865279670209035,0.05870077884133298
1000,0.4967995285987854,0.792572021484375,0.20801401138305664,0.34436192334421883,0.004212830435728537,0.04950364349086906,0.22634719524705324,0.7759017115565479,0.05186894058779218,0.5974711488070557,3.487290507934462,0.06010762900806495
1025,0.49276643991470337,0.7949981689453125,0.20767924189567566,0.34301556377582104,0.004214164480336149,0.049968890019315454,0.22643302705988472,0.7797113973078751,0.051871564717698326,0.6027893417005624,3.488060678271963,0.06150987568178402
1050,0.4887602627277374,0.7969512939453125,0.2073306292295456,0.3416057691992171,0.004215759205248655,0.05043825886040771,0.22652634117871293,0.7835394276102214,0.05187751294999628,0.60815320716585,3.4888380635973837,0.06290768317973346
1075,0.48478126525878906,0.7992095947265625,0.20702247321605682,0.3402193478486293,0.0042176183600734,0.05091156165600803,0.22662720959375737,0.7873840648533844,0.05188686393396631,0.6135600179514691,3.4896222062482063,0.06430069173609472
1100,0.48082900047302246,0.8013458251953125,0.2065810114145279,0.33873824437129046,0.0042197477569075395,0.05138853760639967,0.22673575702997625,0.7912430334139814,0.051899801794625416,0.6190060948206577,3.4904126166196128,0.06568974433756387
1125,0.4769088625907898,0.8033905029296875,0.20612795650959015,0.33707853556103407,0.004222142094886182,0.05186884011675079,0.22685181656808368,0.7951134627506562,0.05191624827358285,0.6244891642811059,3.4912089213635706,0.06707285966668602
1150,0.4730191230773926,0.804931640625,0.20591147243976593,0.33563327786257074,0.004224794985251596,0.05235239931375291,0.22697518311529066,0.7989946121651674,0.05193615900300763,0.6300092305988312,3.4920106186214417,0.06845077280480191
1175,0.46915772557258606,0.8072052001953125,0.20553746819496155,0.3340908170930596,0.004227706606090097,0.05283896555573277,0.22710583756569586,0.8028844202173532,0.05195953618466778,0.6355625565424652,3.492817362882421,0.06982448611746368
1200,0.4653247594833374,0.809112548828125,0.20514637231826782,0.33257894663206145,0.004230866436666861,0.05332829805325427,0.22724347126966615,0.8067809200985074,0.05198619342009048,0.6411468329823061,3.493628783731756,0.07119394753170627
1225,0.4615216851234436,0.8111724853515625,0.20470869541168213,0.33106276045806626,0.004234284252338727,0.053820326520767056,0.22738832103751794,0.8106834638081761,0.052016203983326605,0.6467615107190372,3.4944445247047806,0.07255861192541004
1250,0.4577481150627136,0.8130340576171875,0.20426619052886963,0.3295780631524893,0.0042379513529204665,0.05431461050771207,0.22754012303692392,0.814588622202877,0.05204951717512504,0.6524014228050308,3.4952641696400453,0.07391788027557834
1275,0.45400458574295044,0.815093994140625,0.20371970534324646,0.32798582305281737,0.004241856557115883,0.054810954508272516,0.22769855481411252,0.8184948810415332,0.05208599544834842,0.6580639586670443,3.496087430995557,0.07527124316150952
1300,0.450292706489563,0.8167266845703125,0.20319020748138428,0.32634780312563766,0.004246024436830929,0.05530915703697863,0.22786424270383748,0.8224006682111935,0.05212595838805801,0.6637485182057629,3.4969138631169794,0.07661917250299166
1325,0.4466143846511841,0.8190460205078125,0.20253176987171173,0.3247092131924714,0.00425045794239013,0.05580872751180002,0.22803724175945467,0.8263023309187219,0.05216944081569963,0.6694486522538794,3.4977431738066938,0.07796085390143527
1350,0.44296783208847046,0.8209075927734375,0.20194481313228607,0.3231573701082396,0.004255142089784022,0.056309879144802566,0.22821712381553205,0.8302014583281837,0.05221631946085728,0.675167248730897,3.4985750471731563,0.07929634096913073
1375,0.4393545389175415,0.8224334716796875,0.20134389400482178,0.32145356312975215,0.004260074409237513,0.05681232116701075,0.2284037933543147,0.8340959006700752,0.052266564119832076,0.680902198632611,3.499409125617571,0.08062548929486055
1400,0.43577203154563904,0.8240509033203125,0.20083068311214447,0.31990558462031116,0.004265243234933821,0.05731595262215713,0.22859691516810454,0.8379849551579731,0.05231996752824363,0.6866505208018884,3.5002451623731106,0.0819493590089059
1425,0.4322200119495392,0.825836181640625,0.2003856897354126,0.31832627004192954,0.004270674082662385,0.05782070036679938,0.2287971445886773,0.8418681111586716,0.05237685342233377,0.6924120273472494,3.5010828284532205,0.08326806356403638
1450,0.4286988377571106,0.827880859375,0.1998056322336197,0.31660273456000254,0.004276375312719234,0.058326399520445354,0.22900468176059144,0.8457442200397814,0.05243734671999653,0.6981864005109737,3.501921884368459,0.08458127377907858
1475,0.42521029710769653,0.8295745849609375,0.19920489192008972,0.31492946629487545,0.004282323561743903,0.05883290261495522,0.22921887390200632,0.8496122648313085,0.052501169201282026,0.7039711946504497,3.5027620469826695,0.08588866280681041
1500,0.4217560887336731,0.831207275390625,0.1984519362449646,0.3131326623079621,0.00428850120911393,0.05933983417043127,0.22943922246928036,0.8534696029698262,0.05256811422761991,0.7097617302225243,3.5036030344428335,0.08718975167514591
1525,0.41833627223968506,0.8325042724609375,0.19787567853927612,0.31141536076299775,0.004294904065929378,0.0598470008747501,0.22966559358100447,0.857314955584276,0.05263818932712895,0.7155568256685058,3.50444464349971,0.0884847750427732
1550,0.41494935750961304,0.834075927734375,0.19724130630493164,0.3096495422595697,0.004301538883390106,0.06035436814610816,0.22989814240483994,0.8611481827555852,0.0527113317804592,0.7213554664677058,3.505286624254728,0.0897740464344948
1575,0.4115970730781555,0.8357696533203125,0.19659286737442017,0.3078380404843613,0.004308406357691771,0.06086184788898622,0.23013686169552608,0.8649687643541222,0.05278758217767483,0.7271577472653662,3.506128729496433,0.09105713501069074
1600,0.4082770049571991,0.836944580078125,0.1960507333278656,0.3061756424210322,0.004315489496865772,0.061369491991977033,0.23038127417363366,0.8687771864019701,0.05286673407554941,0.7329642878450778,3.506970752276444,0.09233453314288814
1625,0.40498876571655273,0.8385009765625,0.19537141919136047,0.30442244003848423,0.004322799680000822,0.06187706593209425,0.23063165771709151,0.8725718967941714,0.05294883857918061,0.738772881262686,3.507812450904362,0.0936060407478272
1650,0.4017332196235657,0.8400726318359375,0.1947329193353653,0.30270450970064716,0.004330349683067873,0.06238431510964143,0.23088833092861014,0.8763512412808745,0.05303408073199823,0.7445804553131244,3.5086536548239406,0.09487155332272987
1675,0.39851102232933044,0.841278076171875,0.19394585490226746,0.3009535521246478,0.00433812386351766,0.06289129767729741,0.2311508512464461,0.8801157665598784,0.05312224097389841,0.7503873250625466,3.5094941526098817,0.0961308789238702
1700,0.3953222632408142,0.8426055908203125,0.19328974187374115,0.2992268858445439,0.004346113769714436,0.06339787352042478,0.2314189696653514,0.8838646318729758,0.05321329341300028,0.756191794658416,3.5103337553748437,0.09738390771265086
1725,0.3921659588813782,0.843963623046875,0.1925695687532425,0.29740604456747183,0.004354296177377316,0.06390396165714227,0.231692044591921,0.8875974180660166,0.05330696384467948,0.761992480049654,3.5111722780077605,0.09863135192066719
1750,0.3890444338321686,0.84527587890625,0.1917949765920639,0.2955524824808688,0.004362696214805233,0.06440935492408262,0.2319707219076762,0.8913128388314953,0.05340354210008086,0.7677876486426075,3.5120095445873294,0.09987236719784946
1775,0.3859568238258362,0.846466064453125,0.1910964548587799,0.29383633207248533,0.0043713049336490265,0.0649139769527725,0.23225474041734956,0.895010527785641,0.05350295228983404,0.773575250904431,3.5128453870488396,0.10110678791168658
1800,0.38290107250213623,0.847564697265625,0.19035492837429047,0.29211710937636093,0.004380139957180579,0.06541784387413692,0.23254454269594288,0.8986907491856505,0.05360540459307288,0.77935738791103,3.513679608522419,0.10233537031375893
1825,0.37987977266311646,0.84906005859375,0.18955139815807343,0.2902441167467799,0.004389162814849775,0.06592071486976372,0.23283908571756332,0.9023520179186867,0.05371049190253248,0.7851313491415355,3.514512074257411,0.10355687499571256
1850,0.37689244747161865,0.850494384765625,0.18879084289073944,0.28843544826917555,0.0043983713760252134,0.06642249671547164,0.23313829740416234,0.9059938933666167,0.05381808629813324,0.7908961236080069,3.5153427240221737,0.10477170156992573
1875,0.3739381432533264,0.8516387939453125,0.18803030252456665,0.2865792243896655,0.004407768698709584,0.0669233341197849,0.2334422265645682,0.9096174920711428,0.053928100183059914,0.7966521580013612,3.5161712501491658,0.10598030420683793
1900,0.3710179924964905,0.852813720703125,0.1871902495622635,0.28466451162835854,0.00441735259108346,0.06742313733039569,0.2337508022153983,0.9132224003337377,0.0540405324712897,0.8023997736893966,3.5169976416549074,0.1071825931592204
1925,0.36813366413116455,0.8537139892578125,0.18637019395828247,0.28274777038137694,0.00442713000621396,0.06792186456260771,0.2340641804778985,0.9168084752384763,0.054155561444993804,0.8081367612603992,3.517821668307289,0.10837800306056897
1950,0.3652838170528412,0.8549346923828125,0.18541233241558075,0.2808547957137419,0.004437096907840377,0.06841932541686276,0.23438223472477995,0.9203746063042857,0.05427323730759717,0.8138615386718978,3.5186432269370393,0.10956675224222262
1975,0.36246925592422485,0.8561553955078125,0.184549942612648,0.2789743160617722,0.004447252173329737,0.06891540388947348,0.23470491176013603,0.923920180540781,0.05439346247691439,0.8195732345189428,3.5194621611695105,0.1107481787885615
2000,0.3596881926059723,0.857452392578125,0.18373547494411469,0.2770474797495824,0.004457568491593204,0.06941011448550331,0.23503147086771947,0.9274454744410542,0.054515902350480386,0.8252719083388094,3.5202783606662,0.1119232358793843
2025,0.35694172978401184,0.8589324951171875,0.1829938441514969,0.2751359861408433,0.004468041949711777,0.06990344889825387,0.2353617901054181,0.9309506066995402,0.05464054562694341,0.8309576674722771,3.52109171597452,0.11309194010274362
2050,0.354228138923645,0.8602752685546875,0.1822507679462433,0.2733171206607748,0.0044786881603207295,0.07039539098169537,0.23569625955548557,0.9344356322841275,0.05476755847908949,0.83663026310538,3.5219020885005463,0.11425423041184359
2075,0.3515459895133972,0.8613128662109375,0.18146152794361115,0.27149765558503186,0.004489497333681572,0.07088580936917266,0.2360346031844831,0.9378998543149972,0.054896916652117905,0.8422887183948348,3.5227093910906864,0.11541028375040761
2100,0.34889495372772217,0.8625335693359375,0.18064908683300018,0.269602269965653,0.004500476163956336,0.07137466199862788,0.23637697697328638,0.9413431648732191,0.05502860068274706,0.8479316275553664,3.523513511548558,0.11656035101669915
2125,0.34627729654312134,0.8636322021484375,0.17989429831504822,0.2677773087791439,0.0045116209288918645,0.07186174284903313,0.23672326411225425,0.9447643827353116,0.05516257953642398,0.8535571873865158,3.5243143583736107,0.1177036918700867
2150,0.3436919152736664,0.8648529052734375,0.17906124889850616,0.26589769300821126,0.004522915263003351,0.07234712054729614,0.23707301764774474,0.9481641429954716,0.055298637021622264,0.8591666207447435,3.5251118551512097,0.11884039216005621
2175,0.3411375880241394,0.86590576171875,0.1783086210489273,0.26411868048268367,0.004534353132065529,0.0728308080525159,0.23742606340550573,0.951542709715783,0.05543667999902267,0.8647602954639767,3.5259059359474194,0.11997092969716788
2200,0.33861473202705383,0.866790771484375,0.177418053150177,0.26218890034016845,0.004545924694949331,0.07331262653966793,0.23778212655132794,0.9548990860920638,0.05557662057736553,0.8703362694086956,3.526696510888572,0.12109521695559007
2225,0.3361256718635559,0.86773681640625,0.17656481266021729,0.2603847046216397,0.004557626421189043,0.07379238961549443,0.23814109743516865,0.9582322334599297,0.05571833703058,0.8758922560799306,3.5274834806448885,0.12221268451922958
2250,0.3336675465106964,0.868621826171875,0.17558185756206512,0.25847958164895757,0.0045694607666955794,0.07427021390663865,0.23850302433868453,0.9615430904832523,0.055861875695160754,0.8814298073087392,3.528266767050966,0.12332359579968005
2275,0.33124345541000366,0.8696746826171875,0.17461642622947693,0.2564831371084083,0.004581421388766556,0.07474605140681868,0.23886772671954237,0.9648315234942079,0.05600714395797894,0.8869477146023289,3.529046305783687,0.1244275699259395
2300,0.32885390520095825,0.8706207275390625,0.17363041639328003,0.2544844251152283,0.004593505143112995,0.07521989527780677,0.23923510302091608,0.9680976432294985,0.056154132180761034,0.8924447438471592,3.5298219599153424,0.125524052794905
2325,0.326495885848999,0.871734619140625,0.17285093665122986,0.25270470896297226,0.004605699216680122,0.07569175006600445,0.23960480784673036,0.9713416596221747,0.05630255019714339,0.8979222319377362,3.5305937018797207,0.12661345785241507
2350,0.32416832447052,0.8726806640625,0.17193488776683807,0.25077759413222805,0.004618022505084792,0.0761616119986197,0.23997731652130855,0.9745637065178583,0.0564527018519134,0.903380355019513,3.531361436873189,0.1276965080113733
2375,0.3218722939491272,0.8736419677734375,0.17109206318855286,0.2489558064401239,0.004630464778876103,0.07662929765670554,0.2403523512467222,0.9777627884640474,0.05660453454470887,0.9088159171444408,3.5321251445836985,0.12877292560424558
2400,0.3196062445640564,0.8743133544921875,0.17019394040107727,0.2471142012651148,0.004643032107855797,0.0770948483030916,0.2407300569344057,0.9809393449298724,0.05675803229850259,0.9142302883267789,3.5328847906392045,0.12984280576331575
2425,0.3173707127571106,0.8752899169921875,0.169263556599617,0.24522233181957567,0.004655714254898637,0.07755819456043864,0.24111015051066406,0.9840930864324957,0.05691308852329012,0.9196218786990116,3.5336402682668835,0.13090581489840972
2450,0.315165638923645,0.8760223388671875,0.16841496527194977,0.24339147511815037,0.004668485216840397,0.07801937563701528,0.24149194675923602,0.9872244297260063,0.057069429933811824,0.9249911689685691,3.5343915366373957,0.13196169784060569
2475,0.3129907548427582,0.876953125,0.16747210919857025,0.24153342441270056,0.004681344681254726,0.07847829437191793,0.24187543081581486,0.9903329393296496,0.05722707388093547,0.9303369611751144,3.5351386073683133,0.13301080280823865
2500,0.3108460605144501,0.877777099609375,0.1664677858352661,0.23967263634760563,0.0046942832216698965,0.07893474687192392,0.2422603473908756,0.9934174896411313,0.05738587579852322,0.9356574789227734,3.5358814151490154,0.1340528053222161
2525,0.3087322413921356,0.8786163330078125,0.16550159454345703,0.23780748082566291,0.004707318776604168,0.07938890567000782,0.24264714734030707,0.9964793263544609,0.05754612886622808,0.940953236226663,3.536619891111676,0.13508770897740557
2550,0.3066481351852417,0.87969970703125,0.16455592215061188,0.23596344885075818,0.004720439959144939,0.07984076953595697,0.24303552358372718,0.9995185889251164,0.05770770722578118,0.9462239114474242,3.537353954903154,0.13611575697312586
2575,0.30459409952163696,0.880401611328125,0.16354456543922424,0.23413268165101275,0.004733661064894523,0.08029036975386696,0.24342583585441588,1.0025356373112295,0.057870725847339224,0.9514703750348481,3.538083600576065,0.13713658127827627
2600,0.3025691509246826,0.8809814453125,0.1626105159521103,0.23238484600317946,0.004746967864010887,0.08073761305968673,0.2438177112414776,1.0055300576043542,0.058034910046991905,0.9566917839918401,3.5388088469840966,0.13815019036743206
2625,0.3005724847316742,0.8816986083984375,0.16163837909698486,0.23058483415341138,0.004760322978332896,0.08118254009986556,0.24421017761835037,1.0085022407478401,0.058199880316201005,0.9618881188623112,3.539529608776063,0.1391569734694276
2650,0.2986050248146057,0.882568359375,0.1605430543422699,0.2287139594531382,0.0047737562880283,0.08162507433504076,0.24460399391563006,1.0114518594371313,0.058366012728789815,0.967058663664914,3.540245848987092,0.14015688032307816
2675,0.2966673970222473,0.8833465576171875,0.15952187776565552,0.2269067846792046,0.0047872854073335615,0.08206516354472629,0.24499959759311676,1.0143787220917035,0.05853347936452016,0.9722027316502627,3.540957474478177,0.14114956294435582
2700,0.2947596311569214,0.884063720703125,0.15832091867923737,0.22502193912977897,0.004800894299942847,0.08250267763456616,0.24539657060760542,1.0172821848388978,0.058702097645374804,0.9773180249279318,3.5416644896672724,0.14213471406198647
2725,0.2928810715675354,0.88494873046875,0.15741762518882751,0.2232241122176375,0.004814580498656713,0.08293771009722853,0.245794845172458,1.0201629915208397,0.058871786709271644,0.9824061978133327,3.542366926371887,0.1431129180168589
2750,0.2910280227661133,0.885467529296875,0.15650306642055511,0.22151764958159145,0.004828338113004976,0.08337036745296808,0.2461942568993277,1.0230219172643837,0.05904262287739159,0.9874688633862964,3.543064677679859,0.14408499993455573
2775,0.28920304775238037,0.88623046875,0.15547402203083038,0.2197328223083211,0.004842159737843071,0.08380056310932536,0.24659461288257628,1.0258585846262391,0.05921439488830247,0.9925044594399793,3.543757771183563,0.145050140450775
2800,0.2874056100845337,0.886993408203125,0.1543806493282318,0.2179307951680234,0.004856036773189289,0.08422823271258847,0.24699568766190177,1.0286727413129857,0.059387021074178425,0.9975122068719684,3.5444461898735224,0.14600812928060553
2825,0.2856351137161255,0.88763427734375,0.15353266894817352,0.216236870453291,0.004869968467837919,0.084653333967133,0.2473974514736413,1.0314642504467173,0.059560530854055535,1.002491528470826,3.545129848791865,0.1469591226434777
2850,0.2838901877403259,0.8887176513671875,0.15249793231487274,0.21445172582212083,0.00488396992797124,0.08507596015135363,0.24780028532674642,1.0342338336988972,0.059735160248014826,1.0074439474858892,3.545808783571236,0.14790381093896282
2875,0.28217145800590515,0.8895263671875,0.15155716240406036,0.2127629562596974,0.004898020565822396,0.08549604005837894,0.2482036592577577,1.0369811877723514,0.05991055353528378,1.0123682728985597,3.5464829627326155,0.14884200793637545
2900,0.28047916293144226,0.890167236328125,0.15045776963233948,0.21099505245968908,0.00491213472474413,0.08591364987684581,0.24860793378273424,1.0397069188918027,0.06008683776783686,1.0172649692131475,3.547152410986725,0.1497734985741778
2925,0.27881309390068054,0.89093017578125,0.1494138538837433,0.20929079889012014,0.004926305186729255,0.08632875688450202,0.24901292156418237,1.042410964436608,0.06026386728074291,1.0221329652067963,3.547817137201148,0.1506978513055508
2950,0.2771724462509155,0.8914947509765625,0.1484050750732422,0.2075674008783092,0.004940532604028674,0.08674148077965978,0.249418630342192,1.0450941604042185,0.06044171678381563,1.0269738636840158,3.548477086159916,0.15161546177588275
2975,0.2755569815635681,0.8921051025390625,0.1474563479423523,0.20593615272146085,0.004954817539325269,0.08715163301027301,0.2498250668899747,1.0477554868399077,0.060620398804147754,1.0317853550124512,3.5491322224495923,0.15252632571052765
3000,0.27396446466445923,0.89263916015625,0.14648427069187164,0.20431523805578125,0.0049691354593226775,0.08755918437169381,0.2502316131902363,1.0503949170668443,0.06079971554478283,1.0365677500691641,3.5497826124201235,0.15343065605178216
3025,0.272396981716156,0.893157958984375,0.1454240083694458,0.20259597054640482,0.004983490079216009,0.0879641045709409,0.25063835558844955,1.053012378740196,0.060979594133331774,1.041320279128931,3.5504281929014896,0.15432823983531915
3050,0.27085429430007935,0.89361572265625,0.14442183077335358,0.20086452553181508,0.004997891641297687,0.0883664194661115,0.25104555000762047,1.055608159693329,0.06116014066018875,1.0460426943304353,3.551068987604438,0.1552193578133989
3075,0.26933547854423523,0.894073486328125,0.14347800612449646,0.1992322273424606,0.005012318915378221,0.08876635460870236,0.25145265740812645,1.058183716619845,0.06134113777537889,1.0507379301707567,3.5517049603699054,0.156103922672262
3100,0.2678390145301819,0.894561767578125,0.14267945289611816,0.19767466497784814,0.005026793340091646,0.08916395671282618,0.25186021550267185,1.060739450682585,0.06152291116452713,1.0554061491702742,3.5523361475689916,0.156982454393734
3125,0.2663639783859253,0.8953399658203125,0.1417241394519806,0.19612434459266956,0.005041312235977728,0.08955922952292185,0.2522681523898506,1.063275489134724,0.06170548454446337,1.060047543255155,3.5529625365805497,0.15785505160865854
3150,0.2649106979370117,0.89593505859375,0.1408243030309677,0.1946408679547811,0.005055872032328645,0.08995198788113606,0.25267637520905784,1.0657908421010607,0.06188879151367044,1.0646596987201145,3.5535841284705607,0.15872136461061967
3175,0.2634793817996979,0.896484375,0.13979531824588776,0.19298797331384104,0.005070475381600881,0.09034228655524254,0.253084952319445,1.0682859681248993,0.06207281181647652,1.0692429840266293,3.554201000884314,0.15958125157746914
3200,0.2620704770088196,0.8971099853515625,0.13876810669898987,0.19142480280522445,0.005085118450875942,0.09073013269003577,0.2534937801615379,1.0707609982726793,0.06225744755679985,1.0737973301568164,3.554813091653396,0.1604345838006206
3225,0.2606842815876007,0.8975830078125,0.13772998750209808,0.189778481387646,0.0050997888396446455,0.09111540177768739,0.25390255050397026,1.0732153202802097,0.062442490270714725,1.0783217544066583,3.5554204526067963,0.1612811528445775
3250,0.2593204379081726,0.8979339599609375,0.13676805794239044,0.18820240669326552,0.005114500383288983,0.09149808019983713,0.254311601986705,1.0756489480246176,0.06262824718647436,1.0828155086122588,3.556023037775923,0.16212129837456626
3275,0.2579782009124756,0.8982696533203125,0.13580557703971863,0.18658793094088524,0.005129243005775403,0.09187830826792256,0.25472068429976635,1.078062824705792,0.06281449835086449,1.0872806851964272,3.5566208925207383,0.16295538043325522
3300,0.25665825605392456,0.8989410400390625,0.13471762835979462,0.18490273902929838,0.0051440510091465864,0.09225588508643694,0.2551306478005374,1.0804558826705597,0.06300160085671042,1.0917150866933831,3.5572140462453694,0.16378297972807754
3325,0.2553606629371643,0.8995513916015625,0.13366912305355072,0.1832889388227591,0.005158898871329126,0.09263092716113001,0.2555408505568964,1.0828288898103706,0.06318935630556663,1.0961194885324095,3.5578024405816646,0.16460390305967118
3350,0.2540837526321411,0.9001007080078125,0.1327938735485077,0.18182845162958738,0.005173773600884364,0.09300346986754612,0.25595097030453756,1.0851821612707202,0.06337752806517835,1.100493571252545,3.5583861076740724,0.16541841565981955
3375,0.25282561779022217,0.9006195068359375,0.13183778524398804,0.18039947877626794,0.005188709613709306,0.09337347383354265,0.25636185435861675,1.087515560082005,0.06356659403167475,1.1048375454157497,3.5589650349415622,0.16622697155996877
3400,0.25158682465553284,0.9011688232421875,0.1309186965227127,0.17891933569250185,0.005203683786951663,0.09374110979764248,0.2567729308951118,1.0898301910566188,0.06375617018669813,1.109153630143083,3.5595392766233287,0.16702981359722816
3425,0.25036749243736267,0.9016265869140625,0.12997198104858398,0.1774280292002363,0.005218697671323397,0.09410628502002007,0.25718423254891326,1.0921255940914103,0.06394633628255295,1.1134397043643034,3.5601087975039203,0.16782688740821203
3450,0.2491672933101654,0.902191162109375,0.129011869430542,0.17600508291463815,0.0052337487937308864,0.09446899707630577,0.2575957032811631,1.0944018792835883,0.06413695053546498,1.1176970274747382,3.5606737082668074,0.16861786184243424
3475,0.24798588454723358,0.9026031494140625,0.12806573510169983,0.17457497246565934,0.005248843785257779,0.09482925573104618,0.25800749792730826,1.096659169727717,0.06432820213759238,1.1219252946740041,3.561233936759027,0.1694028326607921
3500,0.24682316184043884,0.903228759765625,0.12706416845321655,0.17314251141787398,0.005263983107348326,0.09518710515187472,0.2584196279811758,1.0988978231421227,0.06452013014036606,1.1261251264678347,3.56178953433762,0.17018179796006755
3525,0.2456783950328827,0.9035491943359375,0.12625637650489807,0.17176849402391015,0.0052791395024703565,0.09554247993905779,0.2588314241479715,1.1011175575054326,0.06471237086921192,1.1302950804564793,3.5623405353074054,0.17095496296227264
3550,0.24455073475837708,0.903900146484375,0.12531176209449768,0.17040462835077613,0.005294321683062848,0.09589534355286168,0.2592431011376643,1.1033182576100296,0.0649050948719615,1.1344348394975285,3.5628869726015644,0.171722418711804
3575,0.24344055354595184,0.9043426513671875,0.12441706657409668,0.1690327070254741,0.00530954271312702,0.0962457690319094,0.2596549726551797,1.1055004106797013,0.06509844045413121,1.138545621111228,3.563428792318968,0.17248386683782851
3600,0.2423473596572876,0.9049072265625,0.12353184819221497,0.1676452703785446,0.005324813109219636,0.09659382307374706,0.26006729682299523,1.107664498556655,0.06529252502268013,1.142627726810419,3.563966054127515,0.17323944027364643
3625,0.2412717640399933,0.9053497314453125,0.12265237420797348,0.16630603693218066,0.005340113983149593,0.09693943467985684,0.2604796118998231,1.1098102051044962,0.06548715473251017,1.1466802897661328,3.5644987982376763,0.1739890375437153
3650,0.2402127981185913,0.9058837890625,0.12170784175395966,0.1649698448937042,0.005355439581037171,0.09728261295183145,0.2608917741592916,1.1119376550913618,0.06568214130797548,1.150703206325408,3.565027006156879,0.17473306732385194
3675,0.2391701191663742,0.9063720703125,0.12086310982704163,0.1636870764665395,0.005370811920855251,0.09762335350856306,0.2613043250076049,1.114046932327887,0.06587778979046241,1.154696716486329,3.565550779879513,0.17547132790428036
3700,0.23814332485198975,0.9066619873046875,0.11984635889530182,0.16231479770351104,0.005386227846389229,0.09796165258518219,0.2617171831087247,1.1161380873210744,0.06607409870771717,1.1586611451645825,3.566070106618484,0.1762038240639213
3725,0.2371341586112976,0.9071044921875,0.11885707080364227,0.16095089533675996,0.0054016772816327194,0.09829759383803739,0.26213010213392757,1.1182116773986108,0.06627091706641977,1.16259689325323,3.566585007781053,0.1769300618599299
3750,0.23614156246185303,0.90753173828125,0.11790288984775543,0.15961338857234086,0.005417177953405742,0.09863114046312821,0.2625435098704774,1.1202675678580782,0.06646839151299302,1.1665037138735403,3.5670954926880794,0.17765038086098808
3775,0.23516470193862915,0.90771484375,0.11697286367416382,0.15837578078349748,0.0054327235515213524,0.09896239713630058,0.26295725200049846,1.1223064341957114,0.06666638726793211,1.1703831212404316,3.5676015954709026,0.1783648830176151
3800,0.23420317471027374,0.9081878662109375,0.11608762294054031,0.1570582334815141,0.005448306162734123,0.09929151817687437,0.26337113216935826,1.1243292107948328,0.06686487986011984,1.1742364534331362,3.5681032947281826,0.1790739328535325
3825,0.23325693607330322,0.9083709716796875,0.11519535630941391,0.15577877361627013,0.005463918539347138,0.09961850499771029,0.2637849778045924,1.126335990005678,0.06706387162864315,1.1780634720702863,3.5686006601438103,0.17977749795058845
3850,0.23232628405094147,0.908599853515625,0.11427949368953705,0.15448160683529708,0.005479554170465967,0.09994323195113206,0.264198631422684,1.1283261306650754,0.06726320592011464,1.181863043112429,3.569093712631208,0.18047536275938508
3875,0.23141051828861237,0.908905029296875,0.11339851468801498,0.15326365018417923,0.00549522729247957,0.10026563770104216,0.2646124360700383,1.1302993581780927,0.06746300910411848,1.1856343630866315,3.5695824756047627,0.18116739853172797
3900,0.23050862550735474,0.9091033935546875,0.112575002014637,0.15202382584194732,0.005510935301133471,0.1005858090061051,0.2650263242654656,1.132256216188505,0.06766333584081885,1.1893787590285858,3.5700669209195977,0.18185397050484073
3925,0.22962093353271484,0.909576416015625,0.11177372187376022,0.15086303641173815,0.005526690690334642,0.10090379532769495,0.26544060019811955,1.134197072356041,0.06786433987012053,1.1930969378735714,3.570547138548227,0.18253525032754173
3950,0.22874683141708374,0.9098358154296875,0.11086362600326538,0.1496095923417619,0.005542482034588039,0.10121967064405048,0.26585498410537106,1.1361223920840562,0.06806591464204571,1.196789570100469,3.5710231006084405,0.18321133710776458
3975,0.22788642346858978,0.9101104736328125,0.11007635295391083,0.14845977668501337,0.005558317849888617,0.10153323959584837,0.2662696822588888,1.1380311578625704,0.06826810436319677,1.2004538154231483,3.5714948728056015,0.18388196833349763
4000,0.22703927755355835,0.9103240966796875,0.1091613695025444,0.1472252586117512,0.005574194116092546,0.10184460974025897,0.26668460053820797,1.1399240550265453,0.06847091875055719,1.204091045393683,3.571962527724795,0.18454734644919293
4025,0.22620558738708496,0.91058349609375,0.10836273431777954,0.14609866976379565,0.005590109946273905,0.10215375525571808,0.26709970799811444,1.1418009671670706,0.068674295754868,1.2077014536201067,3.5724259746098372,0.18520737898353126
4050,0.22538518905639648,0.9110260009765625,0.1074383482336998,0.1449481245839323,0.005606060271811634,0.10246079580475659,0.2675148916539073,1.143662665059829,0.0688781265201196,1.2112857557622267,3.572885358539494,0.1858622994708276
4075,0.22457775473594666,0.911407470703125,0.10658308863639832,0.14381646330760423,0.005622034864087372,0.10276562768128668,0.2679298983007717,1.1455085935693903,0.06908231027858709,1.2148430971432425,3.573340585092303,0.1865117282785939
4100,0.22378289699554443,0.9117431640625,0.10574518889188766,0.14269166510433404,0.005638043575141473,0.10306830875526683,0.26834497157404086,1.1473391748733615,0.06928687670179332,1.218375090325524,3.57379179612345,0.18715586899125117
4125,0.22300021350383759,0.91204833984375,0.10497420281171799,0.1416299619493657,0.0056540826018889505,0.10336885624496049,0.2687600137961821,1.1491545361237874,0.06949179223496223,1.2218819470881277,3.574238925753738,0.18779485635965426
4150,0.22222885489463806,0.91229248046875,0.10417263954877853,0.1405454151920943,0.005670145073474542,0.10366726722790245,0.2691748695536902,1.1509547538452138,0.06969705509022087,1.2253628858714312,3.5746821024974933,0.18842880999949857
4175,0.221469447016716,0.912506103515625,0.10332709550857544,0.13951168832696095,0.005686233047129577,0.10396361084105311,0.2695895861521682,1.1527402615993967,0.06990271090796409,1.2288178694692178,3.5751213245602864,0.18905740921550238
4200,0.22072133421897888,0.9127349853515625,0.10251741856336594,0.13847545963189586,0.005702344726104334,0.10425789002699928,0.27000412293350273,1.1545111388059455,0.07010871964632076,1.2322484870271304,3.575556636910319,0.1896811826976444
4225,0.21998471021652222,0.9129180908203125,0.10181303322315216,0.13743052156451918,0.00571849011495956,0.10455006772554402,0.2704187104336884,1.1562672084255035,0.07031519553064779,1.235653980751122,3.5759879776807018,0.19029981659636153
4250,0.21925918757915497,0.91314697265625,0.10106997936964035,0.13633584492364761,0.005734666655030883,0.10484019280357039,0.2708332953289162,1.1580088282861425,0.07052207022587953,1.2390344428236504,3.5764154705724422,0.1909136863510149
4275,0.2185448408126831,0.913360595703125,0.10028290003538132,0.13522757860356432,0.005750859232763592,0.10512818016091387,0.27124751581784856,1.1597355608833944,0.07072915271070944,1.2423893970071855,3.576839071007657,0.19152263796593422
4300,0.21784137189388275,0.91351318359375,0.09960926324129105,0.13421264630987603,0.005767075102326772,0.10541416605612083,0.2716615469322845,1.1614482247584295,0.07093647169823189,1.2457196784577023,3.5772588422255227,0.19212682680877302
4325,0.21714797616004944,0.9137725830078125,0.09889575839042664,0.13323839213005947,0.005783337880899453,0.10569805013217028,0.27207594873289304,1.1631463364929986,0.07114431515688238,1.2490246437138135,3.5776748604529627,0.19272647828857303
4350,0.21646422147750854,0.9140472412109375,0.09826423972845078,0.13230774800429287,0.005799637961831867,0.10597989327729011,0.2724904940808538,1.1648302844462766,0.07135261945948503,1.252305581358183,3.5780871511055032,0.19332169514821912
4375,0.2157905101776123,0.914398193359375,0.0975147932767868,0.13128122597299216,0.0058159647568632525,0.10625981120006324,0.2729049299203471,1.166500738259278,0.07156129283857375,1.2555628415239424,3.578495686241975,0.19391250385618491
4400,0.21512678265571594,0.914581298828125,0.0968286395072937,0.13033666644552763,0.005832327314385162,0.10653774705494494,0.2733194724051973,1.1681574512905428,0.07177046991248442,1.258795945524587,3.5789005403209413,0.19449883281942737
4425,0.21447226405143738,0.9148406982421875,0.09612184762954712,0.12938138030376614,0.005848727374785844,0.1068137616165017,0.27373415643286086,1.1698007827784112,0.0719802213352471,1.2620055423715761,3.5793016677736533,0.19508094400161863
4450,0.21382732689380646,0.9149932861328125,0.09546130895614624,0.1284069700493266,0.0058651823288427465,0.10708784812095909,0.27414939576863023,1.1714307773043675,0.07219070030803089,1.265191348958978,3.5796991970862013,0.19565867987632757
4475,0.21319183707237244,0.9153900146484375,0.09478825330734253,0.12747464464403827,0.005881667867069607,0.10735999803340744,0.2745646185682183,1.1730474258061878,0.07240160497230139,1.268353834552484,3.580093123050542,0.1962318605868171
4500,0.212565615773201,0.915618896484375,0.09404575079679489,0.12656092648030118,0.005898191234842412,0.10763026233681408,0.2749799929683574,1.174651049990497,0.07261298464164953,1.271493576214501,3.580483459738901,0.1968004649987296
4525,0.21194776892662048,0.9157867431640625,0.09345661103725433,0.1257646580278583,0.0059147644495197,0.10789864574414416,0.2753957962812154,1.1762417130821765,0.07282499823155902,1.2746108098856983,3.5808702075293892,0.19736451517570192
4550,0.21133767068386078,0.9160614013671875,0.09290223568677902,0.12492201401829969,0.005931390116491054,0.10816513097610492,0.27581209269124085,1.1778193884637975,0.07303775534043942,1.277705030896846,3.5812534596027246,0.19792438186237804
4575,0.21073603630065918,0.916351318359375,0.09219491481781006,0.12402977571085959,0.00594807023313595,0.10842968211104084,0.27622892619563694,1.1793839234325596,0.0732512423270214,1.2807756789668665,3.5816332339242196,0.1984798670354255
4600,0.21014317870140076,0.9165191650390625,0.09152062237262726,0.12320098841869857,0.005964785793555103,0.10869235600030958,0.27664585484442306,1.1809356753988207,0.0734651604255579,1.283823907603414,3.582009565862956,0.1990310196138044
4625,0.20955772697925568,0.9167327880859375,0.09101258963346481,0.12245067495428981,0.005981546244784129,0.10895332835764907,0.2770630998854738,1.1824756531830434,0.07367969891552073,1.2868520255054359,3.5823825156448725,0.19957830544433222
4650,0.20897988975048065,0.916900634765625,0.0903906524181366,0.12158894031702806,0.005998351176080181,0.10921249464490083,0.27748064761241203,1.1840033170213082,0.07389481664021977,1.2898585149607298,3.5827520680927107,0.20012153247841155
4675,0.20840993523597717,0.917144775390625,0.08975080400705338,0.12077384452815178,0.006015194660897547,0.10946983742560094,0.277898366376731,1.1855186409890124,0.07411042028556801,1.2928430142217404,3.5831183295267706,0.20066069995424393
4700,0.20784762501716614,0.9172515869140625,0.08920339494943619,0.12000926912105735,0.006032087083490791,0.10972540205854038,0.27831649012224463,1.1870218900892915,0.07432670748364636,1.295806513453759,3.5834812587670952,0.20119584722105271
4725,0.20729246735572815,0.9174957275390625,0.08853334188461304,0.11917273253672865,0.006049019781164153,0.10997929790753498,0.2787348209580765,1.1885137088469706,0.07454356954829353,1.298749998712903,3.5838409208412214,0.2017269890427776
4750,0.2067447006702423,0.9178466796875,0.08800635486841202,0.11845732949020406,0.006065996547313168,0.11023143949859288,0.27915344132663966,1.1899936559829494,0.07476101248985573,1.3016726710877462,3.5841972863982545,0.20225404043745054
4775,0.20620355010032654,0.9179229736328125,0.08748041838407516,0.11770827875591527,0.006083019597862564,0.11048177317903593,0.2795724092389039,1.191461515628606,0.07497905898942722,1.3045739306641064,3.584550483548131,0.20277729630572125
4800,0.20566880702972412,0.91802978515625,0.08700470626354218,0.1169915172748988,0.006100095587830083,0.11073048396738852,0.27999187222608407,1.1929183067405396,0.075197746524571,1.307455725945667,3.5849004848106083,0.20329735752173686
4825,0.20514079928398132,0.918304443359375,0.08643238991498947,0.11627747342378945,0.006117208209479383,0.11097755903674467,0.28041146060276034,1.1943640212606643,0.07541686788453589,1.3103180515260777,3.5852473891518395,0.20381388584396656
4850,0.20461919903755188,0.918487548828125,0.0858992338180542,0.11559927104239724,0.006134356723439703,0.11122292707368468,0.28083115280386606,1.1957982932024798,0.07563642923268586,1.3131598971187293,3.5855911648088714,0.2043265984015395
4875,0.2041037231683731,0.9185638427734375,0.08537068963050842,0.11489840080653543,0.00615155734921771,0.11146667731826716,0.2812513158770953,1.197221623561198,0.07585666592075897,1.315982655810256,3.585931790874303,0.2048358945217445
4900,0.20359516143798828,0.9186859130859375,0.08474057167768478,0.11415253348318553,0.00616880578050319,0.11170877697167272,0.2816718566068203,1.198633900078379,0.07607743490755889,1.3187854941645973,3.586269377430355,0.20534121634217334
4925,0.2030927836894989,0.918853759765625,0.08418639749288559,0.11350116422734531,0.0061860975150352,0.11194928458872672,0.2820926679223199,1.2000354582892088,0.07629873998859055,1.3215689989661716,3.5866039079802174,0.2058428130372446
4950,0.20259635150432587,0.9190826416015625,0.08371242880821228,0.11283140945822151,0.0062034380229333,0.11218829843060658,0.2825138799951867,1.2014268856969836,0.07652066837729771,1.3243344097349277,3.5869354882767532,0.20634093246007018
4975,0.20210540294647217,0.919189453125,0.0832744911313057,0.1122481210041205,0.006220820469085617,0.11242575841923817,0.28293533071845567,1.2028078702332108,0.07674320059957457,1.327081567766452,3.5872640738774364,0.2068358293676005
5000,0.20161965489387512,0.91925048828125,0.08280369639396667,0.11163514986183237,0.0062382552636068445,0.1126616864625413,0.2833572588251703,1.204178574471599,0.07696640330697352,1.3298105529163458,3.587589726434497,0.2073272776677779
5025,0.20113937556743622,0.9194793701171875,0.08234120160341263,0.11094499958421113,0.006255737974664282,0.1128960783330464,0.2837795636899416,1.205539014348496,0.0771901658226436,1.332521070771621,3.587912488441232,0.20781552165047615
5050,0.2006647139787674,0.919677734375,0.08187353610992432,0.11036895488723421,0.0062732685233103215,0.11312888773423015,0.2842022423490929,1.206888974918583,0.07741455131757458,1.3352129438970364,3.5882323835652095,0.2083003679368606
5075,0.20019496977329254,0.9198455810546875,0.081429123878479,0.1097816400622898,0.006290837379417738,0.11336012803704562,0.28462507527993613,1.2082285480823263,0.07763947897263489,1.3378857726433884,3.588549400440448,0.20878195990111953
5100,0.19973093271255493,0.9200592041015625,0.08084343373775482,0.1090813178517245,0.006308447309290272,0.11358977027518997,0.28504812608403596,1.2095576175096752,0.07786498061076796,1.3405393395695009,3.588863580401335,0.20926016946763182
5125,0.19927261769771576,0.9202423095703125,0.08036849647760391,0.10849400712095142,0.0063260975907493385,0.1138178899747508,0.28547138326955523,1.210876639667366,0.07809099696283181,1.3431748359381586,3.589175014090775,0.20973474040053308
5150,0.1988190859556198,0.92034912109375,0.07992954552173615,0.1079051199654887,0.006343811659823177,0.11404453740047062,0.2858953655526487,1.2121858745471759,0.0783178759935877,1.3457928382054432,3.5894836127396035,0.2102061339520183
5175,0.19837063550949097,0.9204254150390625,0.07949923723936081,0.10727113752959042,0.006361584883527209,0.11426974340055908,0.28631997905472695,1.2134855703855547,0.07854548271793227,1.3483935111015735,3.5897895617952607,0.21067434795498888
5200,0.19792741537094116,0.920623779296875,0.07903686910867691,0.10667361447807457,0.006379419089894139,0.11449348929076303,0.28674525755093794,1.214775634989491,0.07877386020315606,1.3509766288466207,3.590092818951762,0.2111393643302106
5225,0.19748924672603607,0.920654296875,0.07855863869190216,0.10608385480348498,0.00639731713537593,0.1147156861116454,0.2871712596750596,1.2160556122209938,0.07900305798474479,1.3535409943616017,3.5903933669575174,0.21160100901923468
5250,0.19705604016780853,0.9207916259765625,0.07809389382600784,0.10552869187395418,0.006415262505215957,0.1149364343745826,0.28759761444327936,1.2173260715577838,0.0792328172682515,1.3560877835262386,3.5906912500895207,0.21205928356569298
5275,0.19662746787071228,0.9208831787109375,0.07763791084289551,0.10495874871922727,0.006433255438356901,0.11515573446187463,0.28802432859404814,1.2185870535962824,0.07946312657633087,1.3586168557462381,3.590986521375817,0.21251438784267004
5300,0.19620367884635925,0.9209747314453125,0.07725154608488083,0.10438005553349858,0.006451299365427239,0.1153735447533614,0.2884514777405856,1.2198383662191616,0.07969416408204427,1.361128385911743,3.5912792029596226,0.2129664227673537
5325,0.19578441977500916,0.9210357666015625,0.07683765143156052,0.10383755807522921,0.006469390883885055,0.11558993765587439,0.28887898697409253,1.2210804303997231,0.07992583727987834,1.3636235186334134,3.591569347166984,0.2134154407527029
5350,0.19536951184272766,0.92120361328125,0.07645124197006226,0.10328198358606472,0.006487541176346505,0.11580498333751475,0.2893070981702126,1.2223136164106312,0.0801582213729933,1.3661027569357165,3.5918568963961057,0.21386162209555473
5375,0.19495908915996552,0.92120361328125,0.07598554342985153,0.1027229671126969,0.0065057375021788984,0.1160187529647581,0.28973553062958285,1.2235383467114433,0.08039121019914278,1.3685665740157944,3.5921419353372706,0.21430484260371993
5400,0.1945531666278839,0.921356201171875,0.07547619193792343,0.1021247582384205,0.006523988715496403,0.11623119659932327,0.29016448510173937,1.2247544029766597,0.08062489219683272,1.3710147534421835,3.5924245446401306,0.2147452198743393
5425,0.1941521167755127,0.9215240478515625,0.07505237311124802,0.10158315039013407,0.006542286089645281,0.11644221096900986,0.29059376212484406,1.2259612499301458,0.08085913756023441,1.3734456608634833,3.592704696603619,0.21518230255303958
5450,0.1937555968761444,0.9217071533203125,0.07462421804666519,0.10100121636845724,0.006560634343579345,0.11665192157608947,0.2910234632946639,1.2271595648637936,0.08109396975091097,1.3758607470531516,3.592982386002124,0.21561636176959484
5475,0.19336336851119995,0.9218902587890625,0.07423660904169083,0.10046851388972171,0.006579029028523079,0.11686027948832794,0.29145349126552034,1.228349125632997,0.08132940339622477,1.3782597123011957,3.5932576652520853,0.2160475235499875
5500,0.19297529757022858,0.9220428466796875,0.07383008301258087,0.09992192045772368,0.006597470556053648,0.11706735060034867,0.29188385751042817,1.2295303169652088,0.08156548922832835,1.380642852211119,3.5935305960180095,0.21647590513304896
5525,0.19259107112884521,0.922210693359375,0.07350307703018188,0.09944839641939952,0.006615954224513581,0.11727316021617624,0.29231444861940625,1.2307032592280986,0.08180211610172951,1.3830107966903191,3.59380109354717,0.21690169448316657
5550,0.19221100211143494,0.9224090576171875,0.07300423085689545,0.09892490695011533,0.006634486771535956,0.11747768752867868,0.29274541848178987,1.2318678909348952,0.08203933853394021,1.3853631291075899,3.594069249922771,0.21732461925646077
5575,0.191834956407547,0.9225006103515625,0.0726369172334671,0.0984327497819006,0.0066530799164713685,0.11768091271664208,0.29317702604347384,1.2330241393620998,0.08227731549051746,1.3877001024157405,3.5943351085943984,0.2177447036148876
5600,0.19146253168582916,0.922637939453125,0.07230616360902786,0.09796809023161607,0.006671724418133191,0.11788287224413119,0.29360905982713403,1.2341721935619727,0.08251591496873269,1.3900222157381643,3.594598616711435,0.21816227331131016
5625,0.19109366834163666,0.9227294921875,0.07197386026382446,0.0974985628730815,0.006690432005753771,0.11808355406192694,0.2940417816419625,1.2353120359014707,0.08275531535108079,1.3923286955672314,3.5948598608329876,0.2185771868793573
5650,0.1907283365726471,0.9228668212890625,0.07153137773275375,0.09704702278166766,0.006709200615815561,0.118283008479098,0.294475143715065,1.2364439514112404,0.08299549719490203,1.3946200991920192,3.595118859518029,0.21898952810613104
5675,0.19036710262298584,0.9230194091796875,0.07113431394100189,0.09649211039187319,0.006728029606884231,0.11848116854137455,0.2949091294205841,1.237567610579826,0.0832364572981911,1.3968958543283605,3.595375627941296,0.21939900178916952
5700,0.19000950455665588,0.9230499267578125,0.07081495225429535,0.09604087276434944,0.006746914329477173,0.11867808774059539,0.2953436357490665,1.238683318635312,0.08347817304789656,1.3991568857530126,3.5956301965169026,0.21980593154396078
5725,0.18965497612953186,0.92315673828125,0.07048650830984116,0.09564431748164433,0.006765862915018954,0.11887388721921462,0.2957788374730723,1.239791723599467,0.08372073489038417,1.401405081658155,3.5958825695279635,0.22021053949682307
5750,0.18930396437644958,0.92333984375,0.07008831948041916,0.09513995176426616,0.006784873329707012,0.11906853935886373,0.2962146903906366,1.2408927124533697,0.08396403003395053,1.4036397077663696,3.5961327981198163,0.2206125173793865
5775,0.18895642459392548,0.9234619140625,0.06976624578237534,0.09470547637038125,0.006803939876843395,0.11926205030536484,0.29665106323319357,1.2419863170027623,0.0842079674709598,1.4058612527299084,3.5963808426980424,0.22101195153161127
5800,0.1886121928691864,0.9235992431640625,0.069401316344738,0.09429182113503969,0.006823058840543248,0.11945438812295406,0.29708787796476177,1.2430724101985127,0.08445246581585111,1.4080688974587674,3.596626778140192,0.2214088162752962
5825,0.1882711946964264,0.9237213134765625,0.06900329142808914,0.09381621196127463,0.006842230384471183,0.11964558121704545,0.2975251382767169,1.2441511662148046,0.08469758541256761,1.4102632764222554,3.5968706419004577,0.2218034006103094
5850,0.18793371319770813,0.9239654541015625,0.06868404895067215,0.09338010285900719,0.006861458552477881,0.1198356818282953,0.2979629243876962,1.2452228502381042,0.08494337189485848,1.412444687824692,3.597112378134691,0.2221955875547035
5875,0.18759940564632416,0.9240570068359375,0.06833890080451965,0.09294551643368351,0.0068807306325448445,0.1200246593818605,0.2984009673233535,1.246287357601053,0.08518975014576581,1.4146127400368749,3.5973521073159542,0.2225854017078016
5900,0.18726789951324463,0.9241790771484375,0.06807540357112885,0.09255885308690945,0.006900051387700365,0.12021249165166212,0.2988393671706609,1.2473445819384321,0.08543684631433111,1.4167672709497074,3.5975898187579367,0.22297295231404446
5925,0.18693915009498596,0.9243621826171875,0.06774728000164032,0.09213521736516815,0.006919438806456135,0.12039921418706587,0.29927850742520096,1.2483947080337474,0.08568474066326412,1.418908802974022,3.597825477073483,0.22335829923868433
5950,0.18661387264728546,0.9245452880859375,0.06739430129528046,0.09170970086488904,0.0069388795181033235,0.12058479444832935,0.2997181022250345,1.2494376089089452,0.08593329608075251,1.4210370307206284,3.5980591668976887,0.22374107379707986
5975,0.1862914264202118,0.924652099609375,0.06710724532604218,0.09130925419716826,0.006958368800453848,0.12076936289525418,0.30015804501299753,1.2504739651417278,0.08618251054991871,1.423152841613247,3.5982908671109044,0.2241216790092164
6000,0.18597200512886047,0.9247894287109375,0.06673911213874817,0.0908847733062394,0.006977906187178553,0.12095280351844433,0.30059833307279166,1.251503228590303,0.08643228809017059,1.4252555717408493,3.5985206958192073,0.22450000971549072
6025,0.18565571308135986,0.9249114990234375,0.06645028293132782,0.09043562803830701,0.006997506135722571,0.12113510101856247,0.30103926578194795,1.2525252942382077,0.08668277073278866,1.4273447990182924,3.5987485435226505,0.2248759570689827
6050,0.18534226715564728,0.9250335693359375,0.06614943593740463,0.09003371369548877,0.007017164615578742,0.12131638286124735,0.3014807562994069,1.2535408472009855,0.08693395340687746,1.429422668233067,3.5989744516526536,0.22524991775829167
6075,0.18503156304359436,0.9250640869140625,0.06584157049655914,0.08964153309525823,0.007036871806830979,0.12149664234243253,0.30192259564557117,1.2545498845362626,0.08718573354646389,1.4314886102125337,3.5991984803402306,0.22562168619557532
6100,0.18472391366958618,0.9251251220703125,0.06548772007226944,0.08921389924040851,0.007056631680607991,0.1216757977047066,0.3023648642496205,1.2555519861496927,0.0874381118750546,1.4335415228931039,3.599420603785843,0.22599116740163588
6125,0.184419184923172,0.925323486328125,0.06513446569442749,0.08880445255530975,0.007076458291781842,0.12185390773348576,0.3028078689110116,1.2565475035824205,0.08769133285329607,1.4355817065818481,3.5996409279681503,0.2263584907344673
6150,0.18411725759506226,0.925506591796875,0.06485700607299805,0.08841414830231738,0.0070963369303385145,0.1220309964728309,0.30325128368705806,1.2575365398241423,0.08794524280589244,1.4376097972988084,3.5998593621108155,0.2267237052566971
6175,0.18381787836551666,0.925689697265625,0.06456835567951202,0.08803807474373113,0.007116268364127232,0.12220721499588211,0.3036951260601007,1.2585198990999682,0.08819982174396031,1.4396271977479298,3.600075951801971,0.2270870323364517
6200,0.18352119624614716,0.9259033203125,0.06428635120391846,0.08766873676597842,0.0071362597688874015,0.12238247944944107,0.3041395520732592,1.2594971832452775,0.08845513928114387,1.4416331460833893,3.6002907671464497,0.22744821442959412
6225,0.18322685360908508,0.9259796142578125,0.06400568038225174,0.08735345378256905,0.007156308077716078,0.12255671417556253,0.3045844910875682,1.2604680045425447,0.0887111291084112,1.4436270986314914,3.6005037845113557,0.22780746721103157
6250,0.18293476104736328,0.9260406494140625,0.06377194076776505,0.08704329221038723,0.007176424331672034,0.12272994218566798,0.30503017290307854,1.261432484333105,0.08896801315849862,1.4456092354282113,3.600714983389978,0.2281649427602253
6275,0.18264493346214294,0.926177978515625,0.06345660239458084,0.08671624562213004,0.007196605646333292,0.12290218487871493,0.3054765390773533,1.262390770672812,0.08922561220945628,1.447579611619361,3.6009244443058126,0.22852038677385114
6300,0.182357519865036,0.92633056640625,0.06313434988260269,0.08638436598329602,0.007216839845560078,0.12307347302099939,0.3059233275825918,1.2633430303923083,0.08948380860657906,1.4495384942778955,3.6011321650988166,0.228873830814675
6325,0.18207241594791412,0.92645263671875,0.0628686174750328,0.08610390733785027,0.0072371195047540166,0.12324380199777588,0.3063703842169327,1.2642892725101482,0.08974257654819148,1.4514858460173006,3.6013382124240234,0.22922520793165765
6350,0.18178927898406982,0.926544189453125,0.06259266287088394,0.08575810887054626,0.007257462130876474,0.12341314296340936,0.3068180741751572,1.2652293468463476,0.09000209250701993,1.4534211143133726,3.6015425532220604,0.22957484737175393
6375,0.18150845170021057,0.9266204833984375,0.06235697492957115,0.08544398282336287,0.00727786538462981,0.12358147202160401,0.30726634111857126,1.2661631264222666,0.09026239333694491,1.4553441606351636,3.6017451475911315,0.2299227969227839
6400,0.18122956156730652,0.9266510009765625,0.06213163956999779,0.08515715198643428,0.007298341214489847,0.12374883175282474,0.3077154381088206,1.267090857468762,0.09052358477852823,1.4572555372425051,3.6019460485784958,0.23026909241810076
6425,0.18095272779464722,0.926788330078125,0.06191662698984146,0.08487422991973373,0.007318875516001351,0.1239153122941848,0.3081650726262747,1.268013046361775,0.09078547704941944,1.4591561788760052,3.6021453586677064,0.2306136647878872
6450,0.1806778609752655,0.926849365234375,0.06164078786969185,0.0845723401087188,0.007339465952465404,0.12408094501702806,0.3086151850590323,1.2689298314085362,0.09104805787011983,1.4610465666160104,3.6023429916628853,0.23095653804316887
6475,0.18040518462657928,0.927001953125,0.0613534115254879,0.08421658063725905,0.0073601171961766645,0.12424562623531328,0.3090658747587952,1.269840707740938,0.09131131782845968,1.4629257225031176,3.602538996235727,0.23129750040420335
6500,0.1801348328590393,0.9270477294921875,0.061059240251779556,0.08393675932152084,0.007380830426553864,0.12440939126309765,0.30951716474600005,1.270745870982434,0.09157530867425051,1.4647936221671998,3.6027333908423933,0.2316363167196137
6525,0.17986652255058289,0.9270477294921875,0.06082094833254814,0.0836149723608973,0.007401613122872652,0.12457225698769521,0.3099692116569205,1.2716454296624469,0.09184018141854444,1.4666506139516708,3.602926215057334,0.23197332734355836
6550,0.1796002984046936,0.92724609375,0.06057310849428177,0.08332425733795515,0.007422459915178139,0.12473424322252888,0.3104218955667072,1.272539478081455,0.09210573665861038,1.468497316527971,3.60311742659685,0.23230859074338853
6575,0.17933601140975952,0.9273223876953125,0.06030867248773575,0.08303074116613929,0.007443371885023595,0.12489537137570772,0.31087524399148553,1.2734281679599109,0.09237198933854726,1.470334138749808,3.603307123642315,0.23264205175276242
6600,0.17907381057739258,0.9274139404296875,0.0600723959505558,0.08271948139261245,0.007464353414324567,0.12505562038429519,0.3113293500193873,1.2743114213348363,0.09263904448301585,1.4721602689881557,3.60349536745188,0.23297373935495208
6625,0.17881354689598083,0.9276123046875,0.059833627194166183,0.08245930773537101,0.007485406582025091,0.12521501341447014,0.31178424579587044,1.2751893344709042,0.09290690622813819,1.473976107617633,3.6036820745173954,0.23330384689757697
6650,0.17855501174926758,0.9278106689453125,0.059619054198265076,0.0821610980810698,0.00750652029449456,0.12537356847095102,0.3122396950314062,1.2760620006188264,0.09317539636339078,1.475781801603961,3.6038672281829394,0.2336321563927177
6675,0.1782984733581543,0.9279632568359375,0.05932767316699028,0.08186074769973033,0.0075276874953375365,0.12553130378589755,0.3126955581646184,1.2769295613519438,0.09344445955335492,1.4775781692331855,3.6040509457378587,0.23395862724874433
6700,0.17804400622844696,0.928070068359375,0.05903371050953865,0.08154291920201998,0.007548926291928019,0.12568821485862475,0.31315220201866717,1.2777919755497313,0.09371439011229017,1.4793648960301042,3.6042331555779046,0.2342833046977466
6725,0.17779162526130676,0.9281768798828125,0.05877462774515152,0.08125319849205793,0.007570228604280622,0.12584427792155203,0.313609456380406,1.2786491345474251,0.09398507219396225,1.4811418634102054,3.6044138718172167,0.2346062245404382
6750,0.1775410920381546,0.928253173828125,0.058471545577049255,0.08093035407757429,0.00759159614653182,0.12599951482508037,0.3140673526516446,1.2795011537641061,0.09425649475715558,1.4829090915203402,3.6045930866992855,0.23492748106420963
6775,0.17729288339614868,0.928375244140625,0.058232396841049194,0.08062077249473254,0.007613038781928115,0.12615390306293614,0.3145261032510705,1.2803479755884772,0.09452874887361623,1.4846667914704292,3.604770939937219,0.2352470252124532
6800,0.177046537399292,0.9284820556640625,0.0579843670129776,0.0803381793776413,0.00763454626488998,0.12630751868389647,0.314985478747776,1.2811899368347806,0.09480174440247963,1.48641514093373,3.6049472737345276,0.23556483787091131
6825,0.1768019199371338,0.928558349609375,0.057822924107313156,0.08009151352881824,0.007656118575131987,0.12646032825321593,0.3154454892142397,1.2820269311597363,0.09507552597868421,1.4881541309774984,3.605122247656544,0.23588091085856563
6850,0.17655892670154572,0.9286346435546875,0.05758005380630493,0.07979093515174486,0.007677755506115454,0.12661226353915578,0.31590612136680385,1.2828585967388555,0.09535015066254912,1.4898830883191627,3.6052957974079436,0.23619539653116323
6875,0.1763179898262024,0.9286956787109375,0.05727774277329445,0.07943229270548646,0.0076994465986216926,0.12676341789230827,0.3163671644156513,1.2836854438199161,0.09562537754373548,1.4916023173052442,3.605468008348579,0.23650810815174442
6900,0.1760791838169098,0.92889404296875,0.05705214664340019,0.07917900001816638,0.007721187797523112,0.12691377114054725,0.31682852709443066,1.2845073540661431,0.09590113414167116,1.4933117905974607,3.605638816855628,0.23681899406570228
6925,0.17584188282489777,0.9289703369140625,0.05682459846138954,0.07891599136925563,0.007743005303586377,0.127063384813706,0.3172907476905985,1.2853246598180255,0.0961778145663939,1.495012862956115,3.6058082640286813,0.23712849597919963
6950,0.17560642957687378,0.9291229248046875,0.0565728135406971,0.07863227813524151,0.00776489055218041,0.1272122665894847,0.3177536439521734,1.286137394967836,0.0964552631983992,1.4967054852285895,3.605976319385879,0.23743643813236626
6975,0.17537274956703186,0.9293212890625,0.05637269839644432,0.07834180398823264,0.0077868585089139256,0.12736038922288626,0.31821752339488873,1.2869454492509658,0.09673366574739681,1.4983887235077673,3.606143043349567,0.2377428737747801
7000,0.17514073848724365,0.9294281005859375,0.05615074187517166,0.07805137294988448,0.007808901235398855,0.12750775822569313,0.3186822205416038,1.2877488619292883,0.0970129585524992,1.5000628324128815,3.6063084510245984,0.23804769789015207
7025,0.1749105453491211,0.929443359375,0.055897057056427,0.07776137031615557,0.007831008202486804,0.1276544440316348,0.3191475182099202,1.2885480005644085,0.09729300421138183,1.5017289038245583,3.6064725595672957,0.23835090860595454
7050,0.17468199133872986,0.9294586181640625,0.055704932659864426,0.07749028386122661,0.007853190623935925,0.12780042270070965,0.3196136369666859,1.289342732090131,0.09757391755162637,1.5033863649704255,3.606635319585127,0.23865249199310876
7075,0.1744551956653595,0.9295806884765625,0.05549532547593117,0.07722600866255054,0.00787545356615212,0.12794566060195073,0.32008067748832325,1.2901329001339508,0.09785576550149361,1.5050348246355296,3.6067967526422335,0.23895251539449694
7100,0.17422997951507568,0.9297027587890625,0.055288929492235184,0.07695418976739982,0.00789778465428557,0.12809015251129255,0.32054839576044275,1.2909185312498663,0.09813845475292406,1.5066746637494874,3.6069569905398975,0.23925109902946365
7125,0.1740064024925232,0.9298553466796875,0.05506613105535507,0.07663310995182022,0.007920190182916526,0.12823385599200385,0.32101690725067306,1.2916993829072196,0.09842205076296376,1.5083054115580574,3.607115936712048,0.2395483356144898
7150,0.1737842857837677,0.929962158203125,0.05490392446517944,0.07641282575569852,0.00794267559385993,0.12837688171270645,0.32148631879198497,1.2924760212470618,0.09870653397569962,1.5099281799074964,3.6072735996381935,0.23984447286666127
7175,0.1735636591911316,0.9300079345703125,0.054686836898326874,0.07616459979639431,0.007965239037171326,0.12851917419683467,0.3219565903492687,1.2932481796697872,0.0989918830892569,1.5115428464735545,3.607429999997031,0.2401393206589926
7200,0.17334450781345367,0.9300689697265625,0.054498691111803055,0.07589901046757595,0.007987873580757114,0.12866074693486088,0.32242758519049936,1.294015961594671,0.09927812345521908,1.5131493724886735,3.6075852216237196,0.24043276978249503
7225,0.17312705516815186,0.930206298828125,0.05426943302154541,0.07563796718381956,0.008010577919164881,0.12880160035975846,0.32289927118136263,1.2947793660847093,0.09956520177456238,1.5147473352631362,3.607739240768544,0.24072475120865314
7250,0.17291119694709778,0.9303436279296875,0.054042767733335495,0.07535470384481587,0.008033355481662088,0.1289417404018561,0.3233717153313298,1.2955384345982204,0.09985313225939255,1.5163367750238637,3.607892075019481,0.24101530832096205
7275,0.17269697785377502,0.930389404296875,0.05379968881607056,0.07510731143160947,0.008056211477390472,0.12908116731996905,0.32384501135908494,1.296293145185799,0.10014202042709608,1.5179181605801595,3.6080436449875086,0.24130424029217143
7300,0.17248451709747314,0.930419921875,0.05353875830769539,0.07482343732749634,0.008079141953570358,0.12921982464561504,0.32431908303561385,1.2970432492869057,0.10043173709920374,1.51949063354099,3.6081940331715465,0.24159153164508665
7325,0.17227371037006378,0.9305419921875,0.05330250412225723,0.07457811986996572,0.008102138737479534,0.12935771107879793,0.3247937658670226,1.2977887589857569,0.10072216808409361,1.521053940814995,3.6083432757047014,0.2418773837213693
7350,0.1720643937587738,0.930694580078125,0.05312781035900116,0.07434906118664851,0.008125216672916982,0.12949487477153135,0.3252693526679806,1.298529917036308,0.10101354412017574,1.5226090070246623,3.6084913607343165,0.2421617421357608
7375,0.1718563735485077,0.9308319091796875,0.05293538048863411,0.07412161059994382,0.008148362635386881,0.12963135494197128,0.3257455714988615,1.2992669046387186,0.10130577623523744,1.5241565572679503,3.6086382312515575,0.24244488547170434
7400,0.1716497540473938,0.930877685546875,0.05267747491598129,0.07382952915068183,0.00817159488529532,0.12976716417423212,0.32622278980235514,1.2999998148757352,0.1015990006593298,1.5256963478579613,3.6087839572648868,0.24272653320959017
7425,0.17144478857517242,0.930938720703125,0.05249669402837753,0.07358465101441779,0.008194906132459087,0.12990233110614754,0.326700864621037,1.3007288245769162,0.10189310444520949,1.5272286251552774,3.6089286184336458,0.2430068396459484
7450,0.17124134302139282,0.93096923828125,0.05228574573993683,0.07332625685790224,0.008218294964359555,0.13003687720799895,0.32717974888320883,1.3014539870565547,0.1021881337414123,1.5287536157724868,3.609072052055464,0.24328592105627087
7475,0.1710393726825714,0.9310760498046875,0.05205472186207771,0.07304329349440858,0.00824176420364626,0.13017078755433129,0.3276595076551279,1.3021752839758647,0.10248407730451539,1.5302716303312125,3.6092144023904504,0.2435637867735071
7500,0.17083892226219177,0.93115234375,0.051858872175216675,0.07279312034263918,0.008265303901778015,0.13030401617815318,0.32813993080859244,1.30289245682995,0.1027808403960416,1.5317814489440202,3.6093555776915784,0.2438403030328553
7525,0.1706400215625763,0.9312896728515625,0.0516292080283165,0.07255200087306839,0.008288910754947912,0.13043662795382246,0.3286209554217999,1.3036058585636836,0.10307832944629952,1.5332841875734968,3.6094956446853472,0.2441155623194701
7550,0.17044255137443542,0.931304931640625,0.051434122025966644,0.07227121437662877,0.008312582392113884,0.13056851386673338,0.3291025375133448,1.3043149732623935,0.10337649137225874,1.5347786155583263,3.6096346708322624,0.24438937638623395
7575,0.17024661600589752,0.931396484375,0.05124054104089737,0.07202133814206639,0.008336328172609583,0.13069977881462233,0.3295848496281176,1.3050202919548868,0.1036754738745381,1.5362658189771343,3.6097725520151625,0.24466201945979318
7600,0.1700519323348999,0.9315032958984375,0.051083218306303024,0.07181873345121671,0.008360143324158182,0.1308304220848793,0.33006780507544037,1.305721859866794,0.10397518248904979,1.5377461467987983,3.609909411617326,0.24493352001504834
7625,0.1698584258556366,0.931488037109375,0.05087917670607567,0.0715615727895999,0.008384028116289894,0.13096044754567424,0.33055140406836764,1.3064196934207009,0.10427566802351879,1.5392196309139359,3.6100452301133923,0.24520393627034695
7650,0.16966630518436432,0.9315338134765625,0.05071171745657921,0.07132094725533002,0.008407980191607562,0.13108986214109886,0.3310355953376153,1.3071138253195065,0.1045768951542212,1.5406861254383484,3.6101799908086383,0.24547317136697913
7675,0.16947554051876068,0.931549072265625,0.05048597604036331,0.07106524106236936,0.008432001738574937,0.13121858024433575,0.3315204189237381,1.3078038335005646,0.10487887351043124,1.5421449970417718,3.610313695360529,0.24574108105855152
7700,0.1692860722541809,0.931610107421875,0.050322066992521286,0.0708423875635205,0.008456093927930139,0.13134670467481005,0.3320059037560783,1.308490271151342,0.10518163085534989,1.543596791458759,3.6104464443373456,0.2460077462661487
7725,0.16909807920455933,0.93170166015625,0.05009980872273445,0.07056170050961041,0.00848026583651069,0.13147421677418053,0.33249221288587255,1.3091730038429477,0.10548524559307575,1.5450418387810823,3.610578112389857,0.24627316471675986
7750,0.16891136765480042,0.9317474365234375,0.04993673041462898,0.070392851012858,0.00850451202289442,0.13160108939973647,0.3329792436800335,1.3098519319896895,0.10578968530942803,1.5464797332572684,3.6107087864703273,0.2465373297037421
7775,0.1687256395816803,0.931793212890625,0.04975445568561554,0.07018970893679176,0.008528840516055602,0.13172731837622684,0.3334671458672791,1.310527024831465,0.10609502862691116,1.5479102444919057,3.6108384276289787,0.24680031976465813
7800,0.1685411036014557,0.9318389892578125,0.04958402365446091,0.0700072428212677,0.008553244308714283,0.13185295542405687,0.33395577834877865,1.311198543628138,0.10640127396183477,1.5493341204615376,3.610967035793168,0.24706213861683204
7825,0.16835755109786987,0.931884765625,0.04943551495671272,0.06987283880849023,0.00857773206918208,0.13197794371902272,0.33444530608943973,1.3118662084862538,0.1067084552185151,1.5507503453473237,3.6110946075801973,0.24732279760228987
7850,0.16817504167556763,0.9319610595703125,0.04925911873579025,0.06965911252941859,0.008602300008029517,0.13210235981521984,0.3349356572382188,1.312530428603878,0.10701639970478133,1.5521599017574526,3.6112212112084205,0.2475824142456386
7875,0.16799363493919373,0.9319915771484375,0.04907519370317459,0.06944458471924403,0.008626945562045662,0.1322261290275805,0.3354267814234127,1.3131908504865102,0.10732516226438821,1.5535623644739731,3.6113468845345844,0.2478409678054901
7900,0.1678134799003601,0.932098388671875,0.04890386387705803,0.06923308932006032,0.008651667224398484,0.1323492186003374,0.3359186376947729,1.3138472848199434,0.1076346645059368,1.5549577581012786,3.6114715428799924,0.24809842754722994
7925,0.16763445734977722,0.9321441650390625,0.04870891198515892,0.06902244491466891,0.008676471039875974,0.13247170139142694,0.3364113463390749,1.3145001239447198,0.10794505799175322,1.5563464583505167,3.6115952594610925,0.24835468341804545
7950,0.16745656728744507,0.93218994140625,0.04848708584904671,0.06878122321238572,0.008701363488665254,0.13259356632384253,0.3369050318598308,1.31514932925461,0.10825635763231511,1.5577282927584104,3.611718068808903,0.24860968714208143
7975,0.16728001832962036,0.9322509765625,0.04832938686013222,0.06860344593100669,0.008726332471547646,0.13271487200324358,0.3373994510291946,1.3157951769368306,0.10856845170098622,1.5591038629008502,3.611839921106589,0.24886349984205444
8000,0.1671043485403061,0.93243408203125,0.04819795861840248,0.06844517466910846,0.008751392236965755,0.13283560264786357,0.33789487302857707,1.3164375836355005,0.10888152890976036,1.560473047966356,3.6119607928973214,0.24911630517791322
8025,0.16692955791950226,0.932525634765625,0.04808048531413078,0.06827295991345676,0.008776543426577679,0.13295571868819614,0.33839131233653436,1.3170763838859774,0.10919559198453191,1.5618352964572026,3.612080758415481,0.2493681817153544
8050,0.16675564646720886,0.932586669921875,0.0479453019797802,0.06807856590604895,0.008801766085847929,0.13307530385356983,0.338888381937646,1.3177120036707766,0.10951046885246225,1.5631911615841163,3.61219983883433,0.2496190337728632
8075,0.16658276319503784,0.932708740234375,0.04778910055756569,0.06791076749521262,0.008827077748099809,0.13319432051138394,0.33938641023806826,1.3183442387910846,0.10982628312180448,1.564540814605739,3.6123179762307682,0.2498687690396332
8100,0.16641101241111755,0.9328155517578125,0.04760304093360901,0.06768407969323656,0.008852472173222553,0.13331274277500954,0.3398852785107692,1.3189729867145232,0.11014302736489567,1.5658838755538662,3.612435231305905,0.25011734469590463
8125,0.166240394115448,0.9328765869140625,0.04748687520623207,0.06745524284813978,0.008877960420407656,0.13343063048598974,0.34038519142448903,1.3195985343317334,0.1104608692650586,1.567220589117995,3.612551569714914,0.2503647815497665
8150,0.16607078909873962,0.9329376220703125,0.04731795936822891,0.067267305620911,0.008903529064466217,0.13354796266575417,0.34088589156810256,1.3202207988409418,0.11077961630589052,1.5685509154926458,3.612667040083154,0.25061108674652566
8175,0.1659022569656372,0.933074951171875,0.047134969383478165,0.06707324019741338,0.0089291756857733,0.13366467384549904,0.34138732787440246,1.3208394564062516,0.11109924558689999,1.5698743889435836,3.612781632524532,0.25085626476095074
8200,0.1657346487045288,0.9331512451171875,0.046999432146549225,0.06691137050290641,0.008954903798334947,0.13378081022789381,0.34188956241822077,1.3214547336862192,0.11141969858643933,1.5711908045220702,3.612895332970372,0.2511004048977008
8225,0.16556812822818756,0.933197021484375,0.046790383756160736,0.06669390286142383,0.008980702823389995,0.13389636384421316,0.34239239126135007,1.3220666011032416,0.11174086199443366,1.5724999610112922,3.6130081590644605,0.2513433332223355
8250,0.16540274024009705,0.933319091796875,0.04665728658437729,0.06649191721883572,0.009006589353207299,0.1340113178925312,0.34289613050377954,1.3226749919301717,0.11206302845245188,1.5738023901627722,3.6131201459101336,0.25158519966502396
8275,0.16523829102516174,0.9333953857421875,0.04649901017546654,0.06628860764540344,0.009032557625466859,0.13412571014405336,0.34340066624773513,1.323280096021067,0.11238611826950037,1.5750985751650517,3.613231293779312,0.2518261014317005
8300,0.16507475078105927,0.933502197265625,0.04635945335030556,0.0661411526900682,0.009058607180632245,0.13423956401857418,0.3439059828942791,1.3238820206289457,0.1127101106235026,1.5763885921583827,3.6133415715147903,0.2520659577968188
8325,0.16491225361824036,0.9334869384765625,0.04616343230009079,0.06591298386038749,0.009084744985960822,0.13435288649535948,0.34441221855073306,1.3244808412874707,0.11303504582178814,1.5776727103295436,3.613451083115515,0.2523047099227409
8350,0.1647508293390274,0.93365478515625,0.04600286856293678,0.06570502468745265,0.00911096410741365,0.13446566720149536,0.3449192290657537,1.3250764771463734,0.11336085200949063,1.5789505767731171,3.6135597392967758,0.25254234749999666
8375,0.16459037363529205,0.9337615966796875,0.045883044600486755,0.06557627356291229,0.009137264352094936,0.13457795004818057,0.34542700346545824,1.32566913410524,0.11368749490303343,1.5802225199041706,3.6136675036051855,0.25277888736802245
8400,0.16443070769309998,0.9338226318359375,0.0456855371594429,0.06537866202476483,0.009163644770058531,0.1346897606439291,0.3459355294314296,1.3262589771539712,0.11401489330519352,1.5814892446612159,3.6137744746760334,0.25301454907748094
8425,0.16427204012870789,0.9339447021484375,0.045581791549921036,0.06524345707992228,0.009190107673878773,0.1348010443537516,0.346444847527893,1.326845742584591,0.1143431917150439,1.5827498854549733,3.6138806595514628,0.25324912557328033
8450,0.1641140580177307,0.9339599609375,0.045447491109371185,0.06509484569064952,0.009216661427494813,0.13491184461531713,0.34695510572352023,1.327429625594325,0.11467241017987881,1.5840051659473997,3.61398600000528,0.2534827878670311
8475,0.16395708918571472,0.934112548828125,0.04530049115419388,0.06489171487841681,0.009243295360885343,0.1350221449337537,0.34746610899505725,1.3280105861626046,0.11500241870797655,1.5852552397203308,3.614090600810169,0.25371550539567805
8500,0.16380107402801514,0.934173583984375,0.045118771493434906,0.06467698516988243,0.009270000865694024,0.13513195503256556,0.34797768834038767,1.3285886603270196,0.1153331846193823,1.5864999058791556,3.614194422569039,0.2539472768737717
8525,0.16364604234695435,0.9342498779296875,0.04495759680867195,0.06449654591668089,0.009296789003160307,0.13524120113694924,0.3484900388456404,1.329163452821426,0.11566478657873762,1.587738373795954,3.6142973691183076,0.2541780194576283
8550,0.1634920835494995,0.93426513671875,0.04480693116784096,0.06431237637695882,0.00932366830820409,0.13534991477277664,0.3490033283790041,1.329735167182917,0.11599732407075433,1.5889709736382105,3.614399564670281,0.2544078290270729
8575,0.16333895921707153,0.934356689453125,0.04466139152646065,0.06413711317394721,0.009350630975100808,0.1354581388676246,0.34951740181214774,1.3303039989043857,0.11633064774285462,1.5901977187375518,3.614500959946052,0.2546366438694051
8600,0.1631866991519928,0.9344635009765625,0.04451305791735649,0.06395925207007554,0.009377680357139071,0.13556591085472536,0.3500323147535334,1.3308701224702424,0.11666477396728234,1.5914193108287202,3.6146015228340986,0.2548645645469647
8625,0.16303539276123047,0.9346466064453125,0.04437188804149628,0.06376976512150091,0.009404817438882059,0.13567324416906473,0.3505480926938127,1.3314336489469227,0.11699977807276948,1.5926362278304926,3.614701369568807,0.2550916674243376
8650,0.16288483142852783,0.934722900390625,0.044278375804424286,0.06358410503167607,0.009432043539245297,0.135780126567043,0.35106475119686015,1.331994502227162,0.11733578815975627,1.593848090465274,3.6148004503589632,0.2553178226669436
8675,0.16273510456085205,0.934844970703125,0.04415130615234375,0.06341912288929259,0.009459356506288083,0.13588654421701946,0.3515822526690338,1.3325526420389142,0.11767266463076018,1.595054334674476,3.6148988336266292,0.25554295384622344
8700,0.16258609294891357,0.9349517822265625,0.04407762363553047,0.06332778246098145,0.009486751564553106,0.13599251040246893,0.3521004950742763,1.3331081004201268,0.11801034135443303,1.5962558294978626,3.614996423151116,0.255767262137152
8725,0.16243761777877808,0.9350433349609375,0.04393841326236725,0.06318598202392056,0.009514238705054264,0.1360979490724588,0.35261966260360555,1.3336605173957585,0.11834900271104637,1.5974516230526246,3.615093247014697,0.25599073086696245
8750,0.16228976845741272,0.9350738525390625,0.04386507719755173,0.06309380745899912,0.009541826309140276,0.136202931387462,0.35313991096925573,1.334210263354317,0.11868868278087603,1.5986427699211807,3.615189357153307,0.256213298236511
8775,0.16214266419410706,0.9351348876953125,0.04372858256101608,0.06289831383161953,0.009569516315081116,0.13630748181116506,0.35366127352884286,1.3347574702858072,0.11902943503367636,1.5998292056242138,3.615284780371964,0.2564351654021237
8800,0.1619962453842163,0.935211181640625,0.04360920563340187,0.06271675397962143,0.009597292535074908,0.1364116230897758,0.3541834447953818,1.3353022457518993,0.11937105611697382,1.6010110609585824,3.615379500553941,0.2566563195431628
8825,0.1618506908416748,0.9352264404296875,0.043507326394319534,0.06256653755785599,0.00962516142732643,0.13651531398729616,0.3547065327988064,1.335844363508022,0.11971369282064928,1.602188216384179,3.615473445872649,0.2568767183619521
8850,0.16170603036880493,0.935272216796875,0.043359581381082535,0.06234289589256542,0.009653116341968613,0.13661853275544408,0.3552304173764136,1.3363837443850908,0.12005720608821191,1.6033604090258136,3.6155666839155347,0.25709622911312036
8875,0.16156217455863953,0.9353485107421875,0.04328445717692375,0.06218717801191329,0.009681158114295272,0.13672133738081932,0.3557551169708467,1.3369207004528538,0.12040164495947461,1.604527886874177,3.6156592855820398,0.2573149865049562
8900,0.16141903400421143,0.935394287109375,0.04315783455967903,0.062045324080046,0.009709292921698389,0.1368237237565575,0.35628073755229617,1.337455200687196,0.12074702016373312,1.605691132081522,3.6157512156878138,0.257532904536679
8925,0.16127660870552063,0.93548583984375,0.04302313178777695,0.06189833322349426,0.009737514239272908,0.13692566478003937,0.3568071563124911,1.3379871189409673,0.12109328713602177,1.6068499282214868,3.615842485621533,0.25774990354400845
8950,0.16113492846488953,0.9354705810546875,0.04294043779373169,0.06175584292796713,0.009765814353957285,0.13702715342832172,0.35733422030897966,1.3385163932292532,0.12144032837478617,1.6080037059209307,3.6159330146888524,0.25796601859944285
8975,0.16099384427070618,0.9355621337890625,0.04282854124903679,0.06164788453757777,0.009794198184034788,0.1371282260677024,0.3578620215142375,1.339043223466477,0.12178816942619602,1.6091529436363379,3.6160228573909032,0.25818140431394027
9000,0.16085335612297058,0.9355926513671875,0.0426928848028183,0.06150743165325962,0.00982268543764605,0.13722885735602647,0.35839091868184547,1.339567498578849,0.12213703567763723,1.6102971346280257,3.616112042378717,0.2583960814373401
9025,0.1607135534286499,0.9356842041015625,0.04258597269654274,0.06137488166074257,0.009851262595376461,0.1373290134978873,0.35892065868777817,1.3400890494342341,0.12248683459779854,1.6114355914941705,3.616200552466825,0.25860986916850176
9050,0.16057445108890533,0.9357147216796875,0.042466066777706146,0.06122936782474452,0.009879929346701623,0.13742868046643567,0.35945123224098696,1.3406078114929338,0.12283756321186272,1.612568338785242,3.61628839197168,0.2588226909472978
9075,0.16043590009212494,0.935791015625,0.04238375648856163,0.06108642206359349,0.009908683762622663,0.1375279037129916,0.3599826069640719,1.3411240336367876,0.12318916901726837,1.6136962931916345,3.6163756281379884,0.25903478623473625
9100,0.1602979600429535,0.9358062744140625,0.04229933023452759,0.06096460718108488,0.00993754168149851,0.13762670534914379,0.36051506368636116,1.3416378159879465,0.12354178489501397,1.6148195236302163,3.6164622346187656,0.25924610169580553
9125,0.16016072034835815,0.9359283447265625,0.04217904433608055,0.06079395110252034,0.009966495460783426,0.13772507784191723,0.3610484564936408,1.342149114843266,0.12389533769443614,1.6159379719029827,3.616548187197841,0.25945665012625674
9150,0.16002407670021057,0.9360198974609375,0.0420859158039093,0.060657362876873865,0.009995558572666466,0.13782298262348036,0.3615830267490379,1.342657752348205,0.1242499495938464,1.6170516965525044,3.616633507434345,0.2596664954170909
9175,0.15988823771476746,0.9360504150390625,0.04196181893348694,0.06046158046471601,0.010024721115227052,0.13792044232009748,0.362118586656976,1.3431638280083023,0.12460554305675825,1.618160629316665,3.616718160712433,0.259875531605428
9200,0.15975317358970642,0.936187744140625,0.041838139295578,0.0603503846831572,0.010053971530143766,0.138017485397443,0.3626549325288495,1.343667517590275,0.12496204722767376,1.6192649741582117,3.616802241655862,0.2600837186195761
9225,0.15961876511573792,0.93621826171875,0.041729651391506195,0.060167457293642104,0.010083301889954766,0.13811410752708794,0.3631919110648001,1.3441687769285315,0.1253192874283346,1.6203647171390494,3.6168856828850333,0.2602911278590201
9250,0.1594850718975067,0.9362945556640625,0.041594840586185455,0.06002810215607231,0.010112724512168752,0.13821031207002177,0.363729742995866,1.3446676330968599,0.12567742355864547,1.6214598957170243,3.616968508079731,0.26049783479650684
9275,0.1593521237373352,0.936309814453125,0.04147786274552345,0.05988808250231902,0.010142243443555363,0.13830607857223004,0.3642684907217166,1.3451639657185568,0.12603649320433935,1.6225500037754363,3.61705065590211,0.26070379784044245
9300,0.15921974182128906,0.93634033203125,0.041376519948244095,0.059783453179241865,0.010171850325466665,0.13840140902446665,0.3648080070612041,1.345657812727061,0.12639643924218305,1.6236353224781794,3.617132197025515,0.26090924131439563
9325,0.15908780694007874,0.93634033203125,0.04128235578536987,0.059727380740853035,0.010201556537215013,0.13849628918663728,0.36534849611679854,1.3461491218704722,0.12675740558052362,1.6247161991587813,3.617213171713817,0.2611140949181581
9350,0.1589563935995102,0.936370849609375,0.04116152971982956,0.0595682660991106,0.01023136224509863,0.13859078875501976,0.3658899590853745,1.3466382440872902,0.1271193367375698,1.6257931479913055,3.617293607616204,0.26131818872736157
9375,0.15882571041584015,0.936492919921875,0.04108104109764099,0.059390402482855945,0.010261266086369698,0.13868482965714604,0.36643235968497523,1.3471247747344564,0.12748220481711403,1.626865238118492,3.617373431760109,0.2615214983407415
9400,0.15869566798210144,0.936553955078125,0.040993787348270416,0.059233768929547445,0.010291266112048406,0.1387784693499307,0.36697565755709377,1.3476089906292166,0.12784599124250912,1.6279332254942278,3.6174526329097088,0.26172424304981334
9425,0.15856632590293884,0.9366455078125,0.040873315185308456,0.05903002694607799,0.010321368598899996,0.13887177908139925,0.367519974595431,1.3480912923559092,0.12821076551707616,1.6289979784310427,3.617531353317028,0.2619263230802857
9450,0.15843769907951355,0.93670654296875,0.040777530521154404,0.0589233932368826,0.010351571334830204,0.13896463983739735,0.36806524546709973,1.348571025887705,0.1285765017156568,1.630058515693602,3.6176093836930963,0.2621275527915976
9475,0.15830962359905243,0.9368133544921875,0.04069092124700546,0.05878242107640633,0.010381866994444471,0.1390570951989569,0.3686113451829823,1.349048439959846,0.12894313676818714,1.631114796905078,3.6176868189943643,0.26232804506768775
9500,0.15818199515342712,0.936859130859375,0.04061972349882126,0.05872328811077893,0.010412264539868807,0.1391491650991956,0.3691584365614138,1.349523662030245,0.1293107330508153,1.6321664660713155,3.6177637370826687,0.2625278116767454
9525,0.15805472433567047,0.9369049072265625,0.0405205599963665,0.05861669124690085,0.010442771711793732,0.13924082688069772,0.36970665040591705,1.3499965781645862,0.12967942247278177,1.633213602335485,3.6178401224670083,0.26272687749355356
9550,0.15792810916900635,0.93695068359375,0.04040035977959633,0.05843375147991381,0.010473376797429773,0.13933206680665342,0.3702557651735376,1.350467089680995,0.13004900627515315,1.6342559631460116,3.6179158843866,0.26292511496853865
9575,0.15780213475227356,0.93695068359375,0.040316108614206314,0.05834120473573458,0.010504076662878252,0.13942289284707804,0.370805734555825,1.3509352856256673,0.130419441109279,1.6352941168930106,3.6179911531283317,0.2631226653845762
9600,0.15767663717269897,0.9370269775390625,0.04022578150033951,0.058214806928845376,0.01053487937209735,0.13951328020430748,0.37135669043740754,1.3514010250816721,0.13079088185955695,1.6363279188426758,3.618065868181762,0.2633195811209542
9625,0.15755167603492737,0.9371185302734375,0.04014848545193672,0.058105738613085954,0.01056578690585622,0.13960326417176236,0.37190866610109846,1.3518644919975096,0.13116336848880752,1.6373571413315746,3.6181400595287436,0.2635158951663303
9650,0.15742725133895874,0.93719482421875,0.04005083069205284,0.05798301067639326,0.010596791790205338,0.13969287146955958,0.37246152698369456,1.352325823103643,0.13153683773284355,1.638382391236086,3.6182137423891545,0.26371159652737514
9675,0.1573033630847931,0.9372100830078125,0.03995564207434654,0.057850607189421505,0.010627898922072004,0.13978208096581063,0.37301535041371603,1.3527849017045916,0.13191127401838043,1.6394034660305432,3.618286873896967,0.26390654074498054
9700,0.15718016028404236,0.9372711181640625,0.03982315957546234,0.05766078247340662,0.010659109773605688,0.13987091977515914,0.37357015423500606,1.3532418483423034,0.13228672220955334,1.6404207141589573,3.618359421224398,0.26410071421853665
9725,0.1570577323436737,0.937286376953125,0.03973587974905968,0.057469654743566106,0.01069041607825543,0.1399593642996426,0.37412580296054443,1.353696600478175,0.13266308416382896,1.641433443781344,3.618431518200235,0.2642941503357272
9750,0.15693596005439758,0.937408447265625,0.03963350132107735,0.05734831680825657,0.010721821822330776,0.14004742869055578,0.37468235543615025,1.3541492034730063,0.13304039332304202,1.642442197188796,3.618503098795814,0.2644868456632275
9775,0.15681466460227966,0.937469482421875,0.03957173600792885,0.05725131291480882,0.010753319458262411,0.1401350620197902,0.37523967557801013,1.3545994123446192,0.13341857587360645,1.6434461010563486,3.618574161947545,0.2646788965460551
9800,0.15669384598731995,0.937530517578125,0.03947288170456886,0.05710295045190992,0.01078491847200939,0.1402223319290691,0.37579791879962604,1.3550475334965146,0.13379770053111434,1.6444463093324815,3.61864464838697,0.26487034815474775
9825,0.1565735638141632,0.9376068115234375,0.039393577724695206,0.05700536388072157,0.01081661569919956,0.1403092360351489,0.37635704380086704,1.3554936223459466,0.13417779078431002,1.6454422946241003,3.6187147329198712,0.26506125628669447
9850,0.1564536988735199,0.9376220703125,0.03935680910944939,0.056929877486817666,0.010848418035504685,0.1403957628919113,0.3769171453783718,1.3559375499430961,0.13455892194670666,1.6464343424147208,3.618784214876417,0.2652516282598331
9875,0.15633416175842285,0.9377288818359375,0.03928757086396217,0.05680333175021842,0.010880338074198043,0.14048185213622566,0.37747844703329353,1.356379061355128,0.13494123312846218,1.6474216741532204,3.6188531876188446,0.2654413676444481
9900,0.1562151461839676,0.9377593994140625,0.03920181095600128,0.056662711931180415,0.010912375335419574,0.14056753007444928,0.3780409382432131,1.3568182973956544,0.13532465911024,1.6484044005738456,3.6189216834125353,0.265630504948607
9925,0.1560966521501541,0.937835693359375,0.03912067413330078,0.05656377292964698,0.010944518085274487,0.14065282260096218,0.37860441453286997,1.3572553989589944,0.13570909998427605,1.6493829570197405,3.6189897404148414,0.2658189150585975
9950,0.1559787094593048,0.9378662109375,0.03902222588658333,0.05641321181488456,0.010976755151823362,0.14073782432200085,0.3791686777759942,1.3576908218453283,0.13609441138957093,1.650358432130579,3.619057353095028,0.2660068693451967
9975,0.15586131811141968,0.9379119873046875,0.038978952914476395,0.05628836241010526,0.011009091644579345,0.14082248836596495,0.3797338041723199,1.3581243119108777,0.13648065217881017,1.6513308451008606,3.619124443453,0.26619428330565503
10000,0.15574423968791962,0.9380035400390625,0.03892068564891815,0.05623645654826921,0.011041542391917859,0.14090676294620444,0.3803000459235389,1.3585556243071664,0.13686805553574358,1.652299022983353,3.619191020804474,0.2663811066025151
10025,0.15562748908996582,0.9380340576171875,0.03885612636804581,0.05615505525246628,0.011074108329577052,0.1409906576949035,0.38086742330282203,1.358984840564778,0.13725659451096123,1.6532632274038472,3.619257174627929,0.2665673325021438
10050,0.15551118552684784,0.9381256103515625,0.03878545016050339,0.056008954217224634,0.011106788068493417,0.14107414468379803,0.3814359038320598,1.3594118155651926,0.13764626840186267,1.654223305736044,3.6193228728382243,0.26675298234455785
10075,0.15539541840553284,0.93817138671875,0.03872276097536087,0.0558751630607042,0.011139573506564707,0.141157286909255,0.3820053371945773,1.3598368320528456,0.13803696058294854,1.6551797121854497,3.619388056139506,0.26693815969524215
10100,0.15528009831905365,0.9382476806640625,0.03864565119147301,0.055739102607837716,0.011172464874218729,0.14124004092019313,0.3825757254091574,1.360259691390435,0.1384286428813693,1.6561323630003795,3.6194527492584507,0.2671228143248699
10125,0.15516528487205505,0.9382476806640625,0.038608405739068985,0.055611207827166546,0.011205454773465752,0.14132242019773117,0.38314694823081286,1.3606804981788827,0.1388212657183211,1.6570816370545025,3.619517053872746,0.2673069965317413
10150,0.15505090355873108,0.9382781982421875,0.03855396434664726,0.05552640893921732,0.011238562201173731,0.1414044584635769,0.3837193147322162,1.3610993760036707,0.1392151239824191,1.6580278746885195,3.619580863186988,0.26749079575344265
10175,0.1549368053674698,0.93829345703125,0.038499440997838974,0.05543720575353128,0.011271788916915949,0.14148620671897333,0.3842928539197588,1.3615165870298653,0.1396101661825606,1.6589717202838796,3.619644218408132,0.26767419696123645
10200,0.1548231542110443,0.9383697509765625,0.03842933103442192,0.05533465972090849,0.011305128593632903,0.14156761820468824,0.3848674597422536,1.3619319325551584,0.14000619137431,1.6599123057805372,3.6197071863445633,0.2678572005347768
10225,0.1547098457813263,0.9383697509765625,0.038368623703718185,0.05526728538330971,0.011338584941355636,0.14164863567307018,0.385443189463854,1.3623451355201162,0.14040326279882964,1.6608486496312072,3.6197697589166697,0.26803964564013383
10250,0.15459683537483215,0.938446044921875,0.038329873234033585,0.05518516312763467,0.011372162512028399,0.141729275456602,0.3860201025780708,1.362756231573063,0.14080140727366808,1.6617810899554166,3.61983181828754,0.26822157230211585
10275,0.15448416769504547,0.93853759765625,0.03826026991009712,0.05510039039199349,0.011405852443214194,0.1418095888310955,0.386598057442824,1.363165518348672,0.14120058228892624,1.662709909815891,3.619893496717274,0.2684029466353874
10300,0.15437188744544983,0.9386444091796875,0.03822211176156998,0.054992625797397554,0.011439653894317428,0.14188954442342966,0.38717702588061254,1.363572814194866,0.1416007654245894,1.66363508061765,3.6199547089318598,0.2685837986173579
10325,0.15425992012023926,0.938720703125,0.038159340620040894,0.05489043824170906,0.011473562497694954,0.1419691079846775,0.38775693060398225,1.3639779604929234,0.14200192721221558,1.6645560715656529,3.620015467144013,0.26876410387804534
10350,0.15414822101593018,0.93878173828125,0.03815124183893204,0.05484732377624784,0.01150758144410664,0.1420482747046491,0.38833782588009,1.3643809526938768,0.14240415337380274,1.6654726450124806,3.6200758167838005,0.26894386333460046
10375,0.15403683483600616,0.938812255859375,0.03812968730926514,0.05474084743680725,0.01154171535324177,0.1421270955080625,0.38891977984531356,1.364782019011093,0.1428074852610801,1.6663852304792104,3.620135710786449,0.2691230572193477
10400,0.1539258062839508,0.9388580322265625,0.038033463060855865,0.05461942558100686,0.01157595571141807,0.14220559147455308,0.38950265909588383,1.3651813137989532,0.1432116993609436,1.6672944504244696,3.620195286867144,0.26930180137185405
10425,0.15381526947021484,0.9389190673828125,0.037972401827573776,0.0545555545870535,0.011610308108412527,0.14228375588235456,0.3900865452554233,1.365578777974802,0.14361691353428113,1.6682001394776225,3.6202544707357385,0.2694798372126524
10450,0.15370503067970276,0.938995361328125,0.037925489246845245,0.054459187097197964,0.011644779011607478,0.14236155211163068,0.3906715433053218,1.36597424124069,0.14402322499146453,1.669101548943623,3.6203132735133363,0.269657248140111
10475,0.15359506011009216,0.9390106201171875,0.03787122294306755,0.05439006720530657,0.011679353679805382,0.14243898260323418,0.39125739707862145,1.3663677023336327,0.14443048719104523,1.6699990783232552,3.620371657327948,0.2698342584360328
10500,0.15348540246486664,0.9390411376953125,0.037820592522621155,0.0543114540060529,0.01171403806643715,0.14251604414311295,0.3918442060867342,1.3667591611266556,0.1448386833584073,1.6708928146061404,3.6204296592382654,0.2700108104073847
10525,0.15337616205215454,0.939117431640625,0.03773222491145134,0.05420940381013644,0.011748834738449883,0.14259274894493193,0.39243200424971597,1.3671486618956519,0.14524791633315687,1.6717828938810344,3.6204872379722963,0.27018677183182166
10550,0.15326732397079468,0.939208984375,0.03770498186349869,0.05406374322206828,0.011783736620140917,0.14266912799571613,0.39302067984458866,1.367536392469818,0.14565809131083018,1.6726699452612874,3.6205444943283385,0.2703623085598804
10575,0.15315884351730347,0.939208984375,0.0376625694334507,0.05397888023166958,0.01181874351019824,0.14274519194692165,0.39361021733951035,1.367922376899543,0.1460692373445676,1.673553737605472,3.620601353819637,0.27053754772210753
10600,0.15305069088935852,0.9392852783203125,0.03763425350189209,0.053853645207172535,0.011853866432170606,0.14282094491364983,0.39420079612972164,1.3683066366370251,0.14648149701853652,1.6744342950422184,3.620657818167064,0.2707122907915791
10625,0.15294292569160461,0.9393463134765625,0.03760349377989769,0.05375776789483436,0.011889112917906149,0.1428963980473927,0.3947925408308279,1.368689241547529,0.14689482996164233,1.6753118502390287,3.62071392808427,0.27088655402234785
10650,0.15283551812171936,0.939483642578125,0.037543054670095444,0.053645106739676804,0.011924479909584491,0.1429715109545736,0.39538538705113024,1.3690699704971763,0.14730925815324336,1.676186066375489,3.620769607485981,0.27106032107870776
10675,0.15272846817970276,0.9395599365234375,0.03747081756591797,0.05356256774957319,0.011959952110170565,0.1430463044795743,0.39597909044741186,1.3694489730796997,0.14772461276865892,1.6770570341078073,3.620824985046078,0.271233557920952
10700,0.15262165665626526,0.9395904541015625,0.03744971379637718,0.05352727418052709,0.011995521420856452,0.14312077643427254,0.39657350539826736,1.3698262131165388,0.1481408080966746,1.677924557478755,3.620879989881163,0.2714063356346165
10725,0.15251505374908447,0.9396209716796875,0.03742974251508713,0.05346327230250434,0.012031195924003563,0.14319492604279824,0.3971687651650656,1.3702016992593542,0.14855792518195912,1.6787888157213116,3.620934651784654,0.2715787924110569
10750,0.15240870416164398,0.939605712890625,0.037404514849185944,0.053391383409424134,0.012066989678458323,0.1432687700673311,0.3977650900955828,1.3705754873068006,0.1489761938245287,1.6796500221764439,3.620988903456448,0.2717508393805758
10775,0.1523025631904602,0.9396514892578125,0.03736457601189613,0.05329963850909616,0.012102901159649739,0.1433423166057321,0.398362471710479,1.3709476913977323,0.14939556580359897,1.680508357860047,3.6210429414155048,0.2719224095821539
10800,0.1521967351436615,0.939727783203125,0.037356898188591,0.05323018696605295,0.012138923438026075,0.14341551763459287,0.39896077264362584,1.3713180186624179,0.1498159706101764,1.6813631101247208,3.621096595850079,0.2720935888220139
10825,0.1520911604166031,0.9398040771484375,0.037307437509298325,0.053161164200197106,0.012175069794124804,0.14348838897204966,0.39956021121013124,1.371686562126221,0.1502375036559617,1.6822144945325395,3.621149909720053,0.27226449338293374
10850,0.15198582410812378,0.9398040771484375,0.03727337718009949,0.05308548143570067,0.01221134436403311,0.1435609226092535,0.4001608514036602,1.3720532897323168,0.15066010848334016,1.6830625686048164,3.621202896533407,0.2724350576545155
10875,0.15188083052635193,0.9398040771484375,0.03723433241248131,0.0529616525417913,0.012247739750417364,0.14363312854024068,0.4007625544648348,1.3724182085935228,0.15108381618228434,1.683907090536115,3.6212554461154283,0.2726050934539737
10900,0.15177614986896515,0.9399261474609375,0.03720690310001373,0.052924384298724356,0.012284258724131107,0.14370501324172932,0.4013653780270437,1.3727814102332718,0.15150863889077126,1.68474859536498,3.6213077155250333,0.27277484153503956
10925,0.1516716480255127,0.9399871826171875,0.03717036172747612,0.05286661958054691,0.01232090042614471,0.1437765874448128,0.4019692951046702,1.373142920217504,0.15193456253130821,1.6855872214818997,3.6213596342303993,0.2729442529175596
10950,0.151567280292511,0.940032958984375,0.03714597597718239,0.052802551140608285,0.012357674420617911,0.1438478659158076,0.4025744660535774,1.3735028430312615,0.15236175722089262,1.6864227156629834,3.6214112891980093,0.27311332556223517
10975,0.151463121175766,0.940093994140625,0.037142593413591385,0.05276743038009198,0.012394571976038707,0.14391879642211733,0.40318073140553706,1.3738608903645155,0.15279003828696305,1.6872547560057674,3.621462575052741,0.2732819814529271
11000,0.1513591706752777,0.9401397705078125,0.0371200330555439,0.05268464077515889,0.012431580533650663,0.14398939925866572,0.4037878846434284,1.3742171689177454,0.1532192927772872,1.6880833068331,3.6215135148326465,0.2734502324387914
11025,0.15125533938407898,0.940155029296875,0.03709440305829048,0.05263879579736109,0.012468711863118771,0.14405970277994512,0.4043961251551991,1.3745718582408413,0.15364965844291817,1.6889086813409433,3.621564222435012,0.27361809845838614
11050,0.15115174651145935,0.9401702880859375,0.03707212582230568,0.052591647840614986,0.01250596331937905,0.14412971565403682,0.4050053907055738,1.3749249516284987,0.15408113987299113,1.6897308806621223,3.62161456871899,0.2737856486456192
11075,0.1510484516620636,0.9401702880859375,0.03703903779387474,0.052480014610614634,0.012543326365094313,0.14419946585089502,0.405615550566291,1.3752766244857537,0.1545136705107756,1.6905503624531142,3.6216646619633623,0.27395285429160227
11100,0.15094536542892456,0.940277099609375,0.03702062740921974,0.05243220976167872,0.012580810483603858,0.14426893790887682,0.4062267456649751,1.3756267766993913,0.15494721719608276,1.6913673787440062,3.621714430448317,0.27411977670643956
11125,0.15084244310855865,0.9403076171875,0.037012796849012375,0.05239167969264155,0.012618424358429513,0.1443381630993066,0.4068391206642982,1.3759755903491075,0.1553819009423436,1.6921819406778944,3.6217639588135615,0.2742864789001744
11150,0.15073974430561066,0.9403228759765625,0.03699355199933052,0.052340027329562895,0.012656167712532904,0.1444070725991225,0.4074526551020083,1.3763227024011704,0.1558177550344827,1.692993037754968,3.6218131527216566,0.2744527523217655
11175,0.15063709020614624,0.94036865234375,0.03698510676622391,0.05230782800703215,0.012694023970396984,0.14447567013865806,0.40806708227901045,1.3766681488771202,0.15625461961568055,1.6938005922826926,3.6218620576108442,0.2746187412017345
11200,0.15053462982177734,0.940399169921875,0.036971818655729294,0.052222585320775415,0.012732004347522523,0.14454391419777898,0.4086825736868762,1.3770117183553243,0.15669259417587594,1.6946045758243513,3.621910635022819,0.2747843495922897
11225,0.15043231844902039,0.940460205078125,0.03694271668791771,0.052179488346634245,0.012770128773812945,0.1446118342718374,0.4092994548539061,1.377353589776079,0.15713187498804718,1.6954051457322117,3.621958983275099,0.2749495898399372
11250,0.15033018589019775,0.9405059814453125,0.03692491352558136,0.05214674559442383,0.012808379130176085,0.14467944694437024,0.40991742286295385,1.3776938207438323,0.15757225641823303,1.6962028638247921,3.622007043562304,0.2751144438587864
11275,0.15022821724414825,0.9405670166015625,0.036907922476530075,0.052077129510609825,0.01284675361209621,0.14474677054282897,0.41053645307364256,1.3780325304315209,0.15801370152289207,1.6969978759638353,3.622054897340626,0.2752790060227454
11300,0.15012656152248383,0.9406585693359375,0.036872051656246185,0.051969415199791945,0.012885234936981347,0.14481382715763766,0.41115625155594615,1.3783697801362416,0.15845603049150436,1.6977903670551369,3.6221024270580857,0.275443220162277
11325,0.1500251293182373,0.9407196044921875,0.03684761002659798,0.05191884780328944,0.01292382615007846,0.14488058997412595,0.41177687181182077,1.3787054720405991,0.15889930006979225,1.6985798038752935,3.6221497088334442,0.2756069525573005
11350,0.1499239206314087,0.940765380859375,0.03681306540966034,0.05185796284833594,0.01296253687455021,0.14494702817163313,0.4123984662085917,1.379039470837791,0.15934353629966055,1.6993655907389447,3.6221967700205795,0.27577021957739173
11375,0.14982295036315918,0.9408416748046875,0.03678777813911438,0.0517844354481214,0.013001362349313957,0.14501315283624447,0.4130209490856546,1.3793718116709477,0.15978866136083653,1.7001478563798418,3.622243561844801,0.2759330367616605
11400,0.14972221851348877,0.9408416748046875,0.03674514591693878,0.05170308065610692,0.01304030624451244,0.14507899693938087,0.41364436749754885,1.3797026288784275,0.16023473299446378,1.7009273027421616,3.6222900229251787,0.27609549643646814
11425,0.14962172508239746,0.9409027099609375,0.03672102093696594,0.05164593343396801,0.013079364199127301,0.14514455270379384,0.41426865758610015,1.3800319183643395,0.1606816637010687,1.701704043800516,3.6223362374135295,0.27625765016353226
11450,0.1495213806629181,0.9409332275390625,0.03671713173389435,0.05160473427125348,0.013118546230555899,0.1452098520327764,0.4148939718961872,1.3803598265892913,0.16112963106227124,1.7024780586990256,3.6223821894776846,0.2764195381779859
11475,0.14942117035388947,0.9409027099609375,0.03670843690633774,0.05156282088641992,0.01315785536026026,0.14527489440775856,0.41552035006493393,1.3806863407876606,0.1615786653749554,1.7032497133082227,3.622427850114853,0.27658118906024703
11500,0.14932110905647278,0.9409332275390625,0.03667779639363289,0.05151913981714564,0.013197288845969728,0.1453396029803592,0.4161477638422452,1.3810111627626849,0.1620287593787237,1.7040179566820584,3.622473392879518,0.27674241478936973
11525,0.1492212414741516,0.9409332275390625,0.03665653616189957,0.05143625094786381,0.01323684408108509,0.14540401237142841,0.41677614456331347,1.3813343818171175,0.1624798650772179,1.7047834178096926,3.6225186180473656,0.276903333868377
11550,0.1491217017173767,0.9409332275390625,0.036622319370508194,0.0513296007919489,0.013276523356554956,0.1454680969192522,0.41740553118952867,1.3816559017624566,0.16293194441158979,1.7055453816692354,3.6225635907086167,0.27706381332795665
11575,0.1490224301815033,0.94097900390625,0.036580126732587814,0.051268984825655776,0.013316323954459454,0.1455319011473474,0.41803587498175115,1.3819759302488737,0.16338503158234058,1.7063044730761292,3.622608298572571,0.27722390682814096
11600,0.1489233523607254,0.9410400390625,0.03656153753399849,0.051211938431102756,0.013356252248724136,0.14559542045800067,0.4186672809586833,1.3822944778694974,0.16383918009681092,1.7070606645685027,3.622652824501093,0.2773836935410961
11625,0.14882445335388184,0.9410858154296875,0.036539625376462936,0.051143100804539876,0.013396310021034684,0.1456586663815847,0.41929975943854914,1.3826115582184353,0.1642943890735332,1.7078138648875882,3.6226970585498646,0.27754324507200506
11650,0.14872564375400543,0.941131591796875,0.03656187281012535,0.05114538455744017,0.013436506368106548,0.14572164931922707,0.419933455045811,1.3829272460317643,0.16475079069353582,1.7085645073737803,3.6227410652043486,0.2777025279176699
11675,0.1486268937587738,0.9412078857421875,0.03654959797859192,0.05107649325310103,0.013476840632637464,0.14578438499891141,0.4205683526480695,1.3832416189893497,0.16520836805053762,1.709313033235894,3.6227848505331917,0.2778616257134912
11700,0.1485283374786377,0.9412841796875,0.03655491769313812,0.05101738046359079,0.013517311050809385,0.1458468928982752,0.4212044164759514,1.3835547610499772,0.16566707146582194,1.7100595166736223,3.6228283906388783,0.2780204051342149
11725,0.14842993021011353,0.94134521484375,0.036533422768116,0.050956593467959256,0.013557923605595315,0.14590916842531163,0.42184173308492096,1.3838666473220986,0.1661270719676859,1.7108037047585047,3.622871675705632,0.2781789858712402
11750,0.14833174645900726,0.941375732421875,0.03652886301279068,0.05089295735065474,0.013598669921852054,0.14597117550775857,0.42248017430090185,1.38417713265542,0.16658822655534197,1.711545147355346,3.6229147717856898,0.2783373547307061
11775,0.14823371171951294,0.94140625,0.03649580478668213,0.05082886433647007,0.01363954870707795,0.14603290494482826,0.42311970764092344,1.384486150324099,0.16705047250756416,1.7122838146235388,3.6229576164193054,0.2784954705646152
11800,0.14813581109046936,0.941436767578125,0.03652212396264076,0.05081894743183408,0.013680562197163309,0.14609435992473374,0.42376037337238376,1.3847937511747945,0.16751384831933436,1.7130197942745267,3.623000301103666,0.278653415981958
11825,0.14803794026374817,0.94146728515625,0.03651738911867142,0.05078329965523701,0.013721713550932605,0.1461555577893646,0.4244022039228902,1.3850999813620801,0.1679783968651801,1.713753163183985,3.6230427296010532,0.2788111915662719
11850,0.14794021844863892,0.9415283203125,0.03651256859302521,0.050724499772144584,0.013762998710327372,0.14621650270513983,0.42504515109832197,1.3854049260734251,0.16844407879153256,1.71448416919256,3.6230850712493776,0.27896870115346983
11875,0.1478426456451416,0.9415435791015625,0.03648661822080612,0.050683006727280384,0.013804419807833479,0.1462771382225688,0.42568922364164324,1.3857082563788172,0.16891080169002243,1.7152121241006988,3.6231271632235194,0.2791259121813587
11900,0.14774523675441742,0.9416046142578125,0.0364747978746891,0.05060137132348128,0.013845971346381887,0.14633746489393074,0.42633434199473297,1.3860100091863998,0.1693784600922474,1.715936975232478,3.623169092982742,0.2792828086560638
11925,0.14764803647994995,0.9416351318359375,0.03649231046438217,0.050553910723335066,0.01388765948743763,0.14639747215178478,0.4269805883239862,1.386310110055453,0.16984721438250616,1.7166584466990087,3.62321079451762,0.2794394248922298
11950,0.14755091071128845,0.941650390625,0.036487892270088196,0.050513288623141035,0.013929479458544823,0.14645727168969988,0.4276278749364332,1.386609058668343,0.17031710133240593,1.7173778811525695,3.623252189660206,0.2795960445693002
11975,0.1474538892507553,0.9416351318359375,0.03649253025650978,0.05045755688714083,0.013971423412281036,0.14651681274708753,0.42827610325688514,1.386906701466628,0.17078798953564087,1.7180950256523486,3.6232935034965523,0.27975251431597997
12000,0.1473570466041565,0.941680908203125,0.036479976028203964,0.050422363542016714,0.01401350638079533,0.14657611631133277,0.42892549464440205,1.3872031240341411,0.17126001325322254,1.7188097445338149,3.623334698291389,0.27990881723161265
12025,0.14726030826568604,0.94183349609375,0.03646310791373253,0.0503704764208714,0.014055731481066201,0.14663517781189314,0.4295760768577026,1.3874982581876176,0.17173312239580754,1.7195224132026632,3.623375650762989,0.28006505549060423
12050,0.1471637785434723,0.9418487548828125,0.036434587091207504,0.050298606672976275,0.014098082940268057,0.14669397745840546,0.4302276144410539,1.3877920455425308,0.17220715031382652,1.72023265186113,3.6234164512468516,0.2802210278639252
12075,0.14706739783287048,0.9419097900390625,0.03641078248620033,0.05026960815929467,0.014140578172121434,0.1467525198835663,0.4308803626950094,1.388084490533482,0.17268235551273325,1.720940410938905,3.6234570522996457,0.28037675315860355
12100,0.1469711810350418,0.941925048828125,0.03640119731426239,0.05020109506520898,0.01418320845660651,0.1468108179116403,0.43153418858789383,1.3883756711548083,0.17315870329728097,1.7216458885219192,3.623497497461261,0.28053222424994995
12125,0.14687508344650269,0.941986083984375,0.03639527037739754,0.05018508233829189,0.014225970567301892,0.14686883088325137,0.4321890361152243,1.3886653891677108,0.173636122364207,1.722348287156208,3.6235377693433914,0.280687411683526
12150,0.14677903056144714,0.9420318603515625,0.036417290568351746,0.05014225558230854,0.014268878460076894,0.14692658433413947,0.4328451066845431,1.3889537481183436,0.17411476084285,1.723047955662151,3.6235778212523146,0.28084259930205285
12175,0.14668306708335876,0.9420928955078125,0.036411382257938385,0.050093897967466355,0.0143119223144203,0.14698409554883002,0.43350225891787547,1.3892408719988456,0.17459452829424654,1.7237450584709928,3.623617761814149,0.28099775750232103
12200,0.1465872824192047,0.942108154296875,0.036390773952007294,0.05003481671867612,0.014355089229375425,0.14704136619882555,0.43416027753481407,1.389526720396389,0.175075202368081,1.724439709601378,3.6236574633773753,0.2811526336975793
12225,0.1464916467666626,0.9421539306640625,0.03639576956629753,0.04999236501525047,0.014398392408247368,0.14709837846731122,0.43481936288646106,1.389811225906575,0.17555691436751275,1.7251316332720603,3.623696968080029,0.28130722267198677
12250,0.1463961899280548,0.94219970703125,0.03637208044528961,0.04992089295855835,0.014441830556982666,0.14715514545084457,0.43547949878886044,1.3900944773726254,0.17603972242228655,1.7258212599846239,3.623736344561286,0.28146159681126165
12275,0.146300807595253,0.9422760009765625,0.03638409078121185,0.049896524403030884,0.014485405810951193,0.14721166767421173,0.43614070698025587,1.3903764599511703,0.17652366203061584,1.7265086573041528,3.623775546026644,0.28161592066733976
12300,0.14620554447174072,0.9422760009765625,0.03637312352657318,0.04983850669202793,0.014529126210029237,0.1472679547387548,0.4368031093435447,1.3906572385465834,0.17700868834542624,1.7271939745845204,3.6238146218667175,0.28177001346330854
12325,0.146110400557518,0.9422607421875,0.03638363257050514,0.04982743755942751,0.014572993738430368,0.14732398970273158,0.4374667278077886,1.3909367260477792,0.17749486512551407,1.7278769090067068,3.6238535519284145,0.28192383554151595
12350,0.1460151970386505,0.9423065185546875,0.03640136122703552,0.04981299608081306,0.014617006234401904,0.14737975765706288,0.4381315234176963,1.391214849501305,0.17798218983484448,1.7285571285240193,3.6238923278212622,0.2820775231984153
12375,0.1459200531244278,0.942352294921875,0.036404021084308624,0.04978748293179349,0.014661158745832426,0.14743531723065811,0.4387974206369679,1.391491898768836,0.1784705805030351,1.729235220202065,3.6239309821626957,0.2822311140365442
12400,0.14582498371601105,0.942413330078125,0.03641368821263313,0.0497366235272162,0.014705441938064275,0.1474906680810768,0.43946427820114115,1.3917678829652744,0.17895996055958305,1.7299114413836838,3.6239695415279396,0.28238458916173237
12425,0.14573003351688385,0.9423980712890625,0.03642570972442627,0.04971279948545694,0.014749871948620373,0.14754573488830694,0.44013232332959124,1.3920424181938498,0.17945051677717083,1.7305847945282231,3.6240079301161026,0.2825378042687755
12450,0.14563512802124023,0.9424896240234375,0.03642791509628296,0.049677967152563486,0.014794439215402588,0.14760055198461636,0.4408014092162826,1.3923156705327253,0.17994210611504138,1.7312560045440764,3.624046156916064,0.2826909026065151
12475,0.14554038643836975,0.94256591796875,0.03642528876662254,0.04959984129789716,0.014839147837545594,0.14765516698835565,0.44147159258126933,1.3925878668005158,0.18043481969863057,1.7319256873164917,3.624084226238081,0.28284392908205336
12500,0.1454457938671112,0.9425506591796875,0.03642763942480087,0.04955227768376505,0.014883989631937582,0.14770954311463974,0.4421427403246079,1.3928588134966806,0.18092859723076077,1.7325935837423683,3.6241220845987248,0.282996767200663
12525,0.1453513503074646,0.9425811767578125,0.03641512989997864,0.049462493581204504,0.014928968972838411,0.14776364840159115,0.44281492735725064,1.3931284062346927,0.18142347186300176,1.7332589004539112,3.624159850927436,0.2831493613585315
12550,0.1452571153640747,0.9426422119140625,0.03643255680799484,0.049413779775595953,0.01497408766305135,0.1478175245086404,0.4434881630716476,1.3933968024288468,0.18191940993229438,1.7339218584369744,3.6241974222186384,0.28330171708333124
12575,0.14516295492649078,0.942657470703125,0.03646805137395859,0.04936302845560278,0.01501936000725107,0.14787117487057835,0.444162662446284,1.3936640449139008,0.18241660914291047,1.7345820624918276,3.624234866367897,0.28345393395808194
12600,0.14506882429122925,0.94268798828125,0.03646918758749962,0.04932683402069161,0.015064793321082567,0.1479245310610851,0.44483853306598375,1.39392982851578,0.18291511507124975,1.7352390022647768,3.624272226748985,0.28360591667075646
12625,0.14497479796409607,0.942718505859375,0.03645621985197067,0.04929674179399291,0.015110368056920617,0.14797759227735208,0.4455154754033948,1.394194133990623,0.18341467412324025,1.7358932204522086,3.6243094613140343,0.2837575380288009
12650,0.14488086104393005,0.9427642822265625,0.03645820915699005,0.049265783252423506,0.015156073033006345,0.14803044006668914,0.44619333007250683,1.3944573776900262,0.18391521405840727,1.736545384568388,3.624346652089174,0.2839089274777548
12675,0.14478699862957,0.9428253173828125,0.036454811692237854,0.04921737064511438,0.015201915519058286,0.14808304408666487,0.4468721809968803,1.3947193584324382,0.18441672978392715,1.7371947839764017,3.6243836462415495,0.284060123662377
12700,0.14469315111637115,0.9428558349609375,0.03645985573530197,0.049230397061544875,0.015247909461769394,0.14813533799598125,0.4475522436143238,1.3949798123713342,0.18491933987044268,1.7378408252983792,3.624420568381726,0.2842109558755613
12725,0.1445993334054947,0.94287109375,0.0364571250975132,0.049225721491301395,0.01529406317750894,0.14818737555201789,0.4482336255661978,1.39523896602981,0.18542309736088386,1.7384842779099139,3.6244573476292494,0.28436154789067153
12750,0.1445055902004242,0.94293212890625,0.036449134349823,0.04917852349638817,0.015340360897536126,0.14823917586854043,0.4489160909655658,1.3954969126525052,0.1859278066604848,1.739125203167048,3.624493990961379,0.2845119488634503
12775,0.14441198110580444,0.9429473876953125,0.03645198047161102,0.04914712973431926,0.015386806540542298,0.14829077299489832,0.4495997099567478,1.3957538684431254,0.18643351889736678,1.7397642719890214,3.6245306422878585,0.28466212336260427
12800,0.14431849122047424,0.9430389404296875,0.03645815700292587,0.049077023854168046,0.015433401833841929,0.14834219535617102,0.45028447963856966,1.3960098963834489,0.18694035599155973,1.7404016657092345,3.624567116587434,0.28481225360203716
12825,0.1442250907421112,0.9430694580078125,0.03646547347307205,0.04901468826408262,0.015480148185292161,0.1483934120263236,0.45097042871568777,1.3962648931860233,0.18744838530725522,1.741037237532272,3.6246035224201707,0.2849623893153405
12850,0.14413180947303772,0.9430999755859375,0.03647661209106445,0.04898560093169851,0.015527050275966339,0.14844442622492404,0.45165761795335724,1.3965188682921883,0.18795762899607552,1.7416710296198317,3.624639843741868,0.28511245249219536
12875,0.1440386027097702,0.943145751953125,0.0364823080599308,0.04892163417784876,0.015574106044588646,0.14849522485340538,0.45234600864412966,1.396771750801459,0.1884679994520645,1.742302632215989,3.6246760552185426,0.28526245622908214
12900,0.14394554495811462,0.943206787109375,0.036471594125032425,0.04889097414528238,0.015621303556074268,0.14854580367121883,0.4530354140978422,1.3970234961064598,0.18897948395527617,1.7429324040944292,3.624712091583337,0.285412314949031
12925,0.1438526213169098,0.943267822265625,0.03646836802363396,0.048837188674067444,0.015668642733065827,0.1485961414298293,0.453725839387974,1.3972740383394833,0.18949206553753453,1.7435603816589307,3.624748039874899,0.2855619036391516
12950,0.1437598317861557,0.943267822265625,0.03646653890609741,0.04876875304026953,0.015716118771861038,0.14864626517514834,0.45441721178590205,1.3975235093197464,0.19000569488010494,1.74418634978562,3.6247839108222992,0.28571129739046686
12975,0.14366714656352997,0.9433135986328125,0.0364680141210556,0.04875509271759952,0.015763744412907295,0.14869612789572206,0.45510971060300165,1.3977716876058535,0.19052037960722043,1.7448096583677992,3.6248197019201864,0.28586050222010334
13000,0.1435745358467102,0.9433135986328125,0.036467045545578,0.048725748673215906,0.01581151780858934,0.14874568073254818,0.4558032988334913,1.3980183279876548,0.19103607478265686,1.745430143705829,3.624855371194774,0.2860095201790255
13025,0.14348204433918,0.943328857421875,0.03643551841378212,0.04867187835352557,0.015859431667016623,0.1487950030356405,0.4564978845284609,1.398263859037934,0.19155258918966067,1.7460484375016854,3.6248910613774297,0.2861583630586635
13050,0.14338961243629456,0.94342041015625,0.03644320368766785,0.04865267846022809,0.01590750337141595,0.14884408108457706,0.4571936972051754,1.3985081682415068,0.192070137634664,1.7466645220942119,3.6249266465315,0.2863070179688611
13075,0.1432971954345703,0.9434814453125,0.03647497668862343,0.048669636398969804,0.015955726315830168,0.14889297035095903,0.4578906417022548,1.3987515325931565,0.19258881595164828,1.747279157919864,3.624962167872365,0.2864555968130861
13100,0.14320474863052368,0.9434661865234375,0.036487236618995667,0.04863630843273373,0.01600409695671111,0.1489416476821811,0.45858865320301606,1.3989938164957585,0.19310861158906478,1.7478917544748858,3.624997554718194,0.28660407935442755
13125,0.14311236143112183,0.943511962890625,0.03648832067847252,0.0485773242255844,0.016052625121600363,0.14899009141005345,0.45928787620989414,1.3992349454852584,0.1936295453130891,1.7485019468479919,3.6250328765865545,0.28675244149394796
13150,0.14302003383636475,0.9434967041015625,0.03650600090622902,0.04858820957798494,0.016101312214062125,0.14903831130590262,0.4599883250452015,1.3994749651585483,0.1941515590954422,1.749110250186123,3.625068131437715,0.28690075261814985
13175,0.14292775094509125,0.9436187744140625,0.036489639431238174,0.04853887054190054,0.016150133860801108,0.14908634413818936,0.4606896524433426,1.3997140665268395,0.1946744284436285,1.749716797733706,3.625103365695802,0.2870490062462901
13200,0.1428355574607849,0.943634033203125,0.036511413753032684,0.0485390840482496,0.01619909549922113,0.1491342097986826,0.46139192418268266,1.3999523198830524,0.19519828630842911,1.7503219081337822,3.6251385185532645,0.2871972191633306
13225,0.142743319272995,0.943634033203125,0.036530762910842896,0.048530848003940724,0.01624819398432187,0.14918188392438925,0.4620950920630171,1.4001896136888905,0.19572312311679735,1.7509252196811338,3.625173596323407,0.2873453629478427
13250,0.14265099167823792,0.9436798095703125,0.03656274452805519,0.04855246850707863,0.016297454057454704,0.14922934588412348,0.4627994901732348,1.400425811774152,0.1962491403236638,1.7515262727071297,3.6252084960511333,0.28749339152611925
13275,0.14255866408348083,0.943695068359375,0.03658769652247429,0.04851079577483691,0.016346875830087867,0.1492766338583216,0.4635051252608898,1.4006611264784032,0.19677632321024752,1.7521257720937982,3.6252433025966706,0.2876414557260651
13300,0.14246639609336853,0.9437408447265625,0.03660112991929054,0.0484730278984757,0.01639645196808371,0.14932368733587417,0.46421190455820854,1.40089532462617,0.1973046548202223,1.7527230324118186,3.625278146146013,0.2877892998798187
13325,0.14237424731254578,0.9437713623046875,0.03660476952791214,0.0484171357539238,0.016446177253017457,0.1493705217650423,0.464919728234977,1.4011284158314283,0.19783397359534372,1.753318010438992,3.625312862784319,0.28793701786436776
13350,0.14228208363056183,0.9438018798828125,0.03661911562085152,0.04843019311129934,0.016496058750173383,0.14941716143553,0.4656286972227078,1.4013605325210319,0.1983644491391462,1.7539112547660956,3.6253474992751573,0.2880846895821666
13375,0.14218991994857788,0.9438323974609375,0.036629270762205124,0.04841009491142539,0.01654609083814538,0.14946358885608005,0.4663387300479392,1.401591601905036,0.19889602549476554,1.7545028059703256,3.625382078432369,0.2882322111421151
13400,0.14209780097007751,0.9438323974609375,0.03663737326860428,0.04839665709920568,0.01659628589715306,0.1495097596522528,0.4670499926208372,1.4018214059071685,0.19942873425590474,1.7550918245484872,3.6254165731367523,0.2883796192142399
13425,0.14200574159622192,0.9439239501953125,0.0366457998752594,0.048353698707870915,0.016646626011759882,0.14955568795526072,0.4677622240561318,1.4020500004971617,0.1999624731978163,1.7556781580739496,3.6254509554842604,0.2885268165389044
13450,0.1419137716293335,0.943939208984375,0.03665739670395851,0.04829582014223603,0.016697114000232535,0.14960141032696234,0.4684754698035238,1.4022775884893004,0.2004972811080473,1.7562625614073186,3.625485305555132,0.288673940941609
13475,0.141821950674057,0.9439697265625,0.036663755774497986,0.048233247620775306,0.016747754832657374,0.14964693847714344,0.4691898003467461,1.402504241352909,0.2010330753667916,1.756845009271607,3.6255196651577895,0.2888208806374871
13500,0.1417301744222641,0.9440155029296875,0.03667198121547699,0.04821370683890686,0.016798554259397403,0.14969220758182972,0.46990528820597993,1.4027296465348396,0.20156995380071102,1.7574248683632911,3.6255540104272437,0.28896767959896014
13525,0.14163845777511597,0.9440460205078125,0.03669559583067894,0.04817114766455472,0.01684951526778682,0.14973727822821023,0.4706219602125287,1.4029540594230587,0.2021080583951028,1.758002875511536,3.6255882664890717,0.2891144681389719
13550,0.14154678583145142,0.9440765380859375,0.036726437509059906,0.0481430680853785,0.016900635800318132,0.14978217699663746,0.4713397911724724,1.4031776313352038,0.20264734609710353,1.758579154650927,3.6256225016148926,0.28926126735985747
13575,0.14145511388778687,0.944091796875,0.03674359992146492,0.048119217906543235,0.016951900959505356,0.14982685867153722,0.47205856081949465,1.403400128096213,0.20318763929377814,1.7591531416027417,3.6256566570019033,0.28940789886096707
13600,0.14136342704296112,0.9441986083984375,0.03676449507474899,0.0481272358637542,0.017003332324576254,0.14987133234648445,0.4727785668336276,1.403621598461522,0.2037290741367302,1.759725242010639,3.6256907474951374,0.28955440367758256
13625,0.141271710395813,0.944244384765625,0.03680414706468582,0.04811416012640227,0.017054932184861527,0.14991554253696804,0.4734998475003419,1.4038418189060617,0.2042717020078416,1.7602946678614912,3.625724865688984,0.28970070884218585
13650,0.14117997884750366,0.94427490234375,0.03681834042072296,0.04811539026858446,0.017106689180560856,0.1499595343771122,0.4742222199636682,1.4040609427772865,0.2048154505810154,1.7608618043174176,3.6257588605817035,0.28984693466308653
13675,0.14108818769454956,0.9443511962890625,0.03683275356888771,0.048117181385323185,0.017158591605373016,0.1500033491819883,0.4749455303601922,1.4042792027747821,0.20536017584669758,1.761427188472557,3.625792832607224,0.28999319435863435
13700,0.14099641144275665,0.944366455078125,0.036840055137872696,0.0480891790601441,0.017210639663493742,0.1500470279085522,0.4756697833955983,1.4044968088749121,0.20590590804376704,1.7619914032003,3.625826828083837,0.2901393562496446
13725,0.14090465009212494,0.9443817138671875,0.036866094917058945,0.04810479688343166,0.017262844448983405,0.1500905579511902,0.4763951172764955,1.4047136707722059,0.206452705126836,1.7625543569690412,3.6258607654629027,0.29028544546478463
13750,0.14081278443336487,0.9444580078125,0.036893244832754135,0.04811207057046947,0.01731521140138605,0.15013393200872208,0.47712159985785824,1.4049297480788394,0.2070006178528854,1.7631159667184284,3.6258946279389828,0.29043149927193235
13775,0.1407209187746048,0.9445037841796875,0.036916088312864304,0.04808629607017186,0.017367732440640053,0.15017712799941332,0.47784911399302743,1.4051449354696297,0.20754958841136906,1.7636758742308078,3.625928409536778,0.29057757847308824
13800,0.14062905311584473,0.9445343017578125,0.036932386457920074,0.04807513104228742,0.017420406873416585,0.15022013504428983,0.47857765263609087,1.4053592034171674,0.20809957964063755,1.7642338857675381,3.625962164506369,0.2907236526150274
13825,0.14053718745708466,0.94451904296875,0.036948442459106445,0.04804574540362123,0.017473236000553033,0.150262976268896,0.4793072436267244,1.4055727032098988,0.20865059888427262,1.764790274446739,3.625996003175542,0.29086970901360854
13850,0.1404453068971634,0.944549560546875,0.03699030354619026,0.04806064050405853,0.01752623120681753,0.15030563064460073,0.4800380099649784,1.4057852538690627,0.2092027852777899,1.7653448885133176,3.626029711520868,0.2910156505604234
13875,0.14035333693027496,0.9445953369140625,0.03701329976320267,0.048053364866401806,0.017579398382349638,0.15034807067443193,0.4807700451043338,1.4059967806779436,0.20975619469973422,1.7658978102068295,3.6260634275609718,0.29116147657413577
13900,0.14026141166687012,0.9445953369140625,0.03702455759048462,0.04801294157640668,0.01763273039495147,0.1503902980909293,0.4815032419311033,1.4062072802103747,0.21031071886244976,1.7664489512074426,3.6260971205199195,0.2913071709275918
13925,0.14016950130462646,0.9446258544921875,0.03703920915722847,0.04802319524336476,0.017686224215957773,0.15043231282872682,0.48223755038636273,1.4064167421536746,0.21086636777851842,1.7669982816570726,3.6261307635700053,0.2914528445108018
13950,0.1400775909423828,0.9446563720703125,0.0370398573577404,0.047994308842960035,0.017739879612494208,0.15047410942154604,0.48297297154589025,1.4066251683002202,0.21142301294578292,1.7675451902485366,3.6261644261863837,0.2915985932842331
13975,0.13998575508594513,0.9447021484375,0.037079937756061554,0.047950897976374175,0.017793682860727873,0.1505157129216465,0.4837093055995931,1.406832651868808,0.21198054632894633,1.7680902170821788,3.6261980458115586,0.2917442930565787
14000,0.13989388942718506,0.9447174072265625,0.037079717963933945,0.04792702929525387,0.017847631181755037,0.1505571270836927,0.4844465180299226,1.407039231958313,0.21253893923135803,1.7686335092903454,3.626231677086379,0.29189006561614605
14025,0.13980209827423096,0.94476318359375,0.03709416463971138,0.047902033066850015,0.017901737735906312,0.15059834698633257,0.48518479247545176,1.4072449125497044,0.2130983583123302,1.7691749498271416,3.6262653886113285,0.2920357071619438
14050,0.13971032202243805,0.944793701171875,0.03711797297000885,0.04791168371380364,0.01795600278112218,0.15063940805419726,0.4859241131069182,1.4074498169360103,0.21365888866333096,1.7697150472928733,3.6262990707137917,0.2921813142634777
14075,0.13961845636367798,0.944793701171875,0.03714508190751076,0.04789999933931727,0.018010439718020885,0.15068025319560746,0.48666464666221054,1.4076536508793718,0.21422053847277361,1.7702527715255443,3.6263326516454373,0.2923268573771626
14100,0.1395266056060791,0.944793701171875,0.03715740889310837,0.04791144191518559,0.018065044018495183,0.15072091376527208,0.48740633563321367,1.407856587480369,0.21478325581981642,1.770788925427993,3.626366199112042,0.2924723669777746
14125,0.13943472504615784,0.944854736328125,0.03715968504548073,0.04787176500522567,0.01811981610896487,0.15076138339589204,0.488149191583003,1.4080586290667243,0.21534698682550332,1.7713234725296534,3.6263997948394757,0.29261771684969723
14150,0.1393429934978485,0.944915771484375,0.037174105644226074,0.04781583217288577,0.01817474431013167,0.15080163614923991,0.48889304844013975,1.4082596437804147,0.21591157313328646,1.7718556389590656,3.626433410250498,0.29276294610507775
14175,0.13925130665302277,0.944915771484375,0.037183087319135666,0.04780667960335062,0.018229838790621032,0.1508416591385041,0.4896380379433594,1.408459570693572,0.2164772313235257,1.7723857905150844,3.626467042375382,0.2929081761106953
14200,0.13915959000587463,0.944976806640625,0.03721415624022484,0.04780079580012868,0.01828509219324208,0.1508814782400327,0.49038404332162855,1.408658493382533,0.21704382862036348,1.7729138831659594,3.6265005943487223,0.2930533611330244
14225,0.1390678584575653,0.94500732421875,0.037216197699308395,0.047762358928796114,0.018340521224014115,0.15092107991389964,0.4911312899492608,1.408856367075685,0.21761155434318633,1.7734398129087454,3.6265341127082005,0.2931985554832196
14250,0.13897621631622314,0.9450531005859375,0.037225671112537384,0.047742228125745204,0.01839611228828152,0.1509604082080889,0.49187960440468254,1.4090529708253783,0.2181802347796074,1.7739630215696736,3.6265676998976306,0.2933435947061373
14275,0.13888457417488098,0.945068359375,0.03724011778831482,0.04774073566331556,0.018451871904390824,0.15099953164040397,0.4926290734165835,1.4092486373636033,0.21874990479428266,1.7744844261021302,3.62660138813139,0.2934886407003341
14300,0.13879293203353882,0.9451141357421875,0.037247974425554276,0.04773200172441896,0.018507791597175346,0.1510384607666944,0.4933795675310425,1.4094433835233486,0.21932050512669324,1.775004157952941,3.626635093043526,0.2936336683727651
14325,0.13870128989219666,0.9451141357421875,0.03725588321685791,0.04771069161696987,0.01856387220466558,0.15107721152675413,0.49413107443733867,1.409637229993306,0.21989203216553657,1.7755223883696312,3.6266686756757007,0.2937786391121159
14350,0.13860970735549927,0.9451446533203125,0.03727012872695923,0.04768335952199801,0.018620112692124668,0.15111578428774317,0.49488359144637584,1.4098302235208156,0.22046446009792986,1.7760390472758405,3.6267022511382425,0.29392358782359623
14375,0.13851812481880188,0.945159912109375,0.03729897364974022,0.04766030872869354,0.018676522733549923,0.15115419620013357,0.495637250186351,1.4100224664642715,0.22103804748344225,1.776554410141897,3.6267358761807134,0.29406859545953506
14400,0.13842658698558807,0.9452056884765625,0.03731764107942581,0.047633226457037096,0.018733099208242846,0.1511924460152985,0.49639201025776664,1.4102139702140701,0.2216126757367295,1.777068205601648,3.626769594351135,0.2942136091651691
14425,0.13833500444889069,0.9452667236328125,0.037346288561820984,0.04766947235961384,0.018789854907236437,0.15123048214169701,0.4971480187474473,1.4104044452578033,0.22218840557063124,1.7775800487218953,3.6268032790727163,0.2943585845763805
14450,0.1382433921098709,0.9453125,0.03736240789294243,0.04760259048026305,0.018846772772878852,0.1512683428553794,0.49790505257445683,1.4105940926064806,0.22276515982988232,1.7780904521038214,3.626836987413672,0.2945036033298775
14475,0.1381518542766571,0.945343017578125,0.037365175783634186,0.04757378275527923,0.01890385563494353,0.15130598608532672,0.4986631390480903,1.4107827008787304,0.22334276660704513,1.7785989707517533,3.626870679421022,0.29464850559372824
14500,0.13806039094924927,0.945343017578125,0.03738497570157051,0.04753789428962148,0.018961110129452074,0.1513434484521307,0.4994223549963604,1.4109704245419135,0.22392139756292267,1.7791058078260238,3.6269043124389415,0.294793362411626
14525,0.13796892762184143,0.94537353515625,0.037418998777866364,0.04750973527555118,0.01901854927749738,0.15138066996322777,0.5001828899679136,1.41115705031917,0.22450119937251792,1.7796104269855249,3.6269380562468365,0.29493823400849417
14550,0.13787753880023956,0.945404052734375,0.037423279136419296,0.04749531870454664,0.019076153151424816,0.15141767256883198,0.5009444626702599,1.41134264173351,0.2250819894415737,1.7801130168523973,3.6269718101561224,0.29508287989604975
14575,0.1377861648797989,0.9454498291015625,0.03744245320558548,0.047450201702596305,0.019133922953358026,0.1514544725045724,0.5017070835955914,1.4115272728934893,0.22566373398476514,1.7806137574034775,3.6270055692792877,0.2952274896260256
14600,0.13769486546516418,0.9455108642578125,0.03745473921298981,0.04741483442478713,0.01919185026448247,0.1514910890810683,0.5024706405169966,1.4117110414784115,0.22624636074289523,1.7811128429269671,3.627039352572298,0.2953720775971431
14625,0.1376035511493683,0.945526123046875,0.037468016147613525,0.04744259723467483,0.019249952049314185,0.15152755555028333,0.5032353410950553,1.411894074730895,0.22683003822262485,1.7816106109491736,3.6270730881813944,0.29551669023828603
14650,0.1375121772289276,0.945526123046875,0.03749243915081024,0.047433642832517296,0.019308228075852817,0.15156387388576972,0.5040011965811709,1.4120764364803067,0.22741472320704037,1.7821066931352587,3.627106915847362,0.29566140920208633
14675,0.13742080330848694,0.945587158203125,0.03751250356435776,0.04741730880354311,0.019366671392867622,0.1515999948017377,0.5047680942849444,1.4122578495960618,0.22800041568262877,1.782600976273646,3.6271407127694424,0.29580611200797824
14700,0.13732945919036865,0.9456329345703125,0.037522632628679276,0.04737839914253653,0.01942527476015011,0.15163593762808641,0.505535952722212,1.4124384529892282,0.22858700244832278,1.7830938390880493,3.627174603702062,0.29595073100379116
14725,0.13723811507225037,0.9456787109375,0.037546221166849136,0.047386275984144736,0.0194840510303825,0.15167165038032338,0.5063049173349082,1.412617956279053,0.2291746093571117,1.783584594869816,3.627208463882034,0.29609522127781146
14750,0.13714677095413208,0.9457244873046875,0.03756459057331085,0.04734440282041085,0.01954301159805957,0.1517071527124637,0.5070751392352225,1.4127964742706787,0.22976325965876604,1.7840736377205766,3.6272423522033903,0.29623965215838444
14775,0.13705548644065857,0.9457550048828125,0.03758145868778229,0.0473171664383225,0.019602140211030575,0.15174245828008834,0.5078464079007582,1.412974086327671,0.2303528514956568,1.784560998801199,3.6272763083509565,0.2963840611312045
14800,0.13696417212486267,0.945770263671875,0.03762267529964447,0.04732089769485285,0.019661448125330785,0.15177760380065283,0.5086188551853287,1.4131509381770428,0.23094355865905986,1.7850470840780845,3.6273102668336636,0.2965284869784276
14825,0.1368728131055832,0.94580078125,0.0376414880156517,0.04730283750435861,0.01972093590200317,0.1518125708333147,0.5093924778181538,1.4133269295513085,0.2315353516909187,1.785531673513176,3.627344189993957,0.2966728854912914
14850,0.13678142428398132,0.94586181640625,0.03766467049717903,0.0473094629377459,0.019780603698273613,0.15184737047143287,0.5101672853215297,1.4135021476907281,0.232128222434274,1.7860151090257528,3.627378168529968,0.2968173438763483
14875,0.13668987154960632,0.94586181640625,0.037712518125772476,0.047371199899398635,0.01984047152055025,0.15188200272621025,0.5109435440510058,1.4136766314650573,0.23272237606466217,1.7864973442097405,3.6274123013802155,0.2969618871140742
14900,0.13659816980361938,0.9458770751953125,0.0377512089908123,0.047395944677246844,0.019900543968788428,0.15191645796466735,0.5117212848552005,1.4138502754485296,0.23331781916229064,1.7869778764304556,3.6274464323718014,0.29710643836464734
14925,0.1365063339471817,0.9458770751953125,0.03778110817074776,0.04740338905549872,0.01996080319921533,0.1519507191679169,0.5125002725597175,1.414023002093085,0.23391450600545355,1.7874562705981443,3.627480565036359,0.2972510300954189
14950,0.13641449809074402,0.945892333984375,0.0378042533993721,0.04740325762599715,0.020021241605237834,0.15198474629208575,0.5132804064735625,1.41419463186566,0.2345122792429786,1.787932152084789,3.627514716001345,0.2973955581080165
14975,0.1363225281238556,0.945953369140625,0.037827182561159134,0.047435448014738944,0.0200818577092376,0.15201862640650218,0.5140616693702907,1.4143655887250595,0.23511107968532108,1.7884065116624455,3.6275489329047867,0.29754025349979984
15000,0.1362304538488388,0.9459991455078125,0.03786759823560715,0.047455989102333944,0.020142663692703906,0.1520523289066281,0.5148442026556601,1.4145357048571268,0.2357109809716514,1.78887948509456,3.6275831498872693,0.2976849920550809
15025,0.13613826036453247,0.9460296630859375,0.037911590188741684,0.0474511784530877,0.020203647463162853,0.15208581368065252,0.5156278658832092,1.4147048474840862,0.23631200646337483,1.7893501445037692,3.6276175042011904,0.29782972301626776
15050,0.13604599237442017,0.946044921875,0.03793642297387123,0.047474315938234514,0.020264806787475203,0.1521190720277614,0.516412606681765,1.4148729241969111,0.23691405236023946,1.7898184500231147,3.627651861818838,0.29797450642108486
15075,0.1359536498785019,0.9460601806640625,0.037972401827573776,0.0474656207554876,0.02032614986490961,0.15215218120440457,0.5171985234284218,1.4150402913789357,0.23751713969246338,1.7902853491176156,3.6276862145710744,0.2981193387636301
15100,0.13586121797561646,0.946075439453125,0.03800072520971298,0.04748791369296597,0.020387672368445173,0.15218514049588866,0.5179855588048144,1.4152069537742122,0.2381212679781761,1.7907507975081576,3.6277205825958267,0.29826430861766673
15125,0.13576872646808624,0.9461517333984375,0.03802333399653435,0.047494437963655864,0.020449381432954782,0.15221793201396228,0.5187738167440594,1.41537287855967,0.23872645195457054,1.7912146409404972,3.6277550943789127,0.2984093502282757
15150,0.1356760710477829,0.946197509765625,0.03805316239595413,0.04751590577417397,0.02051129149039436,0.1522505286715671,0.5195634582360164,1.4155378949711976,0.23933269557469677,1.7916764139058547,3.627789634344294,0.2985545031394956
15175,0.13558343052864075,0.946258544921875,0.038074493408203125,0.047507132888144725,0.020573384166112398,0.15228297579311018,0.5203542499667608,1.4157022280378144,0.23993992168485623,1.792137140499095,3.6278242385624364,0.29869968288427007
15200,0.13549083471298218,0.946319580078125,0.038077834993600845,0.04747687993280579,0.020635651311687934,0.1523152900097661,0.5211460676325051,1.4158659107418314,0.2405480407451076,1.792597056066165,3.6278587929313284,0.2988449851501208
15225,0.1353982388973236,0.9463653564453125,0.0380963571369648,0.04747981392272012,0.02069808199694942,0.15234745442144845,0.521938782210364,1.4160289010658684,0.24115695580970747,1.7930558892580821,3.62789339057046,0.2989903627980032
15250,0.13530561327934265,0.946380615234375,0.0381179042160511,0.04745030233694545,0.02076067500112361,0.15237949822857352,0.5227324025668836,1.4161914111530134,0.24176667882448225,1.793513795838416,3.6279282267890056,0.29913580627960007
15275,0.1352129876613617,0.9464569091796875,0.03814598545432091,0.04742641153936672,0.020823448023912717,0.15241133265870158,0.5235271215574074,1.4163529585101875,0.24237739236219005,1.7939697900270346,3.627963121750087,0.2992812588892174
15300,0.1351204216480255,0.94647216796875,0.038156118243932724,0.0474056779678237,0.020886394286658512,0.15244299876578046,0.5243228414412293,1.4165137129066445,0.24298906007776752,1.7944244599746753,3.627998021008485,0.29942670781287334
15325,0.13502782583236694,0.946533203125,0.03817003220319748,0.04740708616003065,0.020949515124784806,0.15247452939237852,0.5251195935151395,1.4166738783427077,0.24360156944904315,1.7948781559869031,3.628033055686526,0.2995722511671579
15350,0.134935200214386,0.94659423828125,0.03819303959608078,0.04737202243963005,0.021012813463781727,0.15250589251646549,0.5259174006012222,1.4168332809406368,0.24421499159051124,1.795330629172438,3.6280681609284255,0.2997178657082051
15375,0.13484260439872742,0.9466400146484375,0.03821686655282974,0.047365771523011316,0.021076291921545885,0.15253708045914707,0.5267162770497279,1.416991848167382,0.24482930915934337,1.7957815087397657,3.628103241750826,0.29986353973121965
15400,0.13474999368190765,0.9466400146484375,0.038237158209085464,0.04735137441835265,0.021139945689402743,0.1525680951321568,0.527516175931973,1.417149637021985,0.24544449936429402,1.796230957576593,3.6281384207682055,0.3000092199821419
15425,0.13465739786624908,0.9467620849609375,0.03825315088033676,0.047328180297969556,0.02120377741507649,0.15259894761792273,0.5283171034020226,1.4173066389972673,0.2460605420734371,1.7966787202087064,3.628173543847156,0.3001548125453618
15450,0.13456475734710693,0.94677734375,0.03829411417245865,0.04735258862641689,0.02126779348305632,0.152629606999044,0.5291191598267707,1.4174627792139485,0.24667758219574223,1.7971245484450495,3.628208786274786,0.3003003202653986
15475,0.1344720423221588,0.946807861328125,0.03832110017538071,0.04733318311602964,0.021331997512807753,0.1526601148794003,0.5299223788755686,1.4176182338414507,0.2472957345523719,1.7975690791474963,3.6282441038716664,0.30044582646428153
15500,0.1343792974948883,0.9468231201171875,0.03835238888859749,0.04731132672670447,0.02139639180858969,0.1526904147063663,0.5307267942623687,1.4177727677206169,0.24791487487259412,1.7980118300244938,3.6282795662239473,0.30059136347148246
15525,0.1342865526676178,0.9468231201171875,0.038387198001146317,0.04727628197769654,0.02146097972822988,0.1527205423360313,0.5315324306371575,1.4179265160230328,0.2485350748585106,1.7984529608814301,3.628315092572331,0.30073688323059045
15550,0.1341938078403473,0.946868896484375,0.038398757576942444,0.04725236116459048,0.021525745300893375,0.1527505308468869,0.5323390703723013,1.4180795930174488,0.2491562430120624,1.798892913092164,3.628350581851445,0.30088238592597316
15575,0.13410112261772156,0.946868896484375,0.03842879459261894,0.047231220767891796,0.02159068590174065,0.15278036205771053,0.5331466961851415,1.4182319666251657,0.24977835719040048,1.7993315518159245,3.6283861674483284,0.3010279208326394
15600,0.13400843739509583,0.9469146728515625,0.03846443071961403,0.04723771653521843,0.021655830820826224,0.15281003004318214,0.5339556534013442,1.4183835788737056,0.25040159794176986,1.7997684927003785,3.62842177087924,0.3011735468415581
15625,0.13391566276550293,0.94696044921875,0.03847989812493324,0.04722387208198698,0.021721166204176173,0.1528395827930259,0.5347657752809516,1.418534678317274,0.25102583822617663,1.8002047724796442,3.6284574577520816,0.3013193170344085
15650,0.13382288813591003,0.947021484375,0.03849876672029495,0.047210401236591294,0.02178668578265696,0.1528689671160322,0.5355769747087445,1.4186850049833004,0.25165099583105743,1.80063952054982,3.6284931940321994,0.30146511931499786
15675,0.13373012840747833,0.94708251953125,0.03850571811199188,0.04719657717704635,0.021852391018315855,0.15289814745467,0.5363892738354571,1.4188344176341434,0.2522770168058376,1.8010725022215262,3.628529039897876,0.3016108670205946
15700,0.13363736867904663,0.9471282958984375,0.03853515535593033,0.04719125026855523,0.02191826949711512,0.1529271422929854,0.5372025240246414,1.4189830239440104,0.2529037113200234,1.8015038603907154,3.6285650507388354,0.3017566465572055
15725,0.13354456424713135,0.94720458984375,0.03854767233133316,0.047165423892580896,0.021984342705416014,0.15295597482974876,0.5380169706865333,1.4191308960602953,0.2535313993990868,1.8019337220302893,3.6286011352401806,0.30190253734104067
15750,0.13345174491405487,0.947235107421875,0.0385780930519104,0.047182043258901275,0.02205060325804564,0.15298465057255006,0.5388325081290236,1.4192780326680225,0.2541599526933934,1.8023624635837399,3.6286372242068623,0.3020484910363776
15775,0.13335886597633362,0.9472503662109375,0.03860749676823616,0.047192591695796815,0.02211704959463157,0.15301314326105706,0.5396491216615262,1.4194243362139478,0.2547894214290543,1.8027896671680872,3.62867337915223,0.3021944801005658
15800,0.13326583802700043,0.94732666015625,0.03863133117556572,0.04721799666699015,0.02218368833243971,0.15304147235946736,0.5404668827289126,1.4195698853443541,0.2554198304348983,1.8032153026346138,3.628709569790305,0.30234052884953266
15825,0.13317276537418365,0.9473724365234375,0.0386614128947258,0.04723744368690629,0.022250507076066725,0.15306965689640212,0.5412856446668317,1.4197147924165816,0.2560510929662342,1.8036399001462995,3.6287458572537563,0.30248667871743323
15850,0.13307960331439972,0.9473876953125,0.03869928792119026,0.04723066910852643,0.022317513062214134,0.15309768296737067,0.5421054973506404,1.419859009519169,0.25668328853089784,1.8040627632743074,3.628782283422312,0.30263288987838544
15875,0.1329863965511322,0.9474029541015625,0.03872929885983467,0.04720659018509225,0.022384719484049215,0.1531255438547196,0.5429265827906643,1.4200024707371,0.2573165391586924,1.8044841373057077,3.628818758943927,0.30277908337233955
15900,0.1328931301832199,0.94744873046875,0.038758907467126846,0.04723984122923862,0.0224521204121066,0.15315323128947872,0.5437488363739196,1.4201451707262325,0.25795075647272214,1.8049039481645428,3.6288553676305604,0.30292529404241364
15925,0.13279980421066284,0.94744873046875,0.038769688457250595,0.04721515054568315,0.02251970274752461,0.15318077074865857,0.5445720874163428,1.4202872086726073,0.2585858670515766,1.8053220040198839,3.6288920605897856,0.303071556715941
15950,0.13270646333694458,0.9475250244140625,0.03880620747804642,0.04719860122718946,0.02258746751131193,0.15320812187051053,0.5453963376770671,1.4204283812478158,0.259221830418063,1.805737994389003,3.628928795915866,0.3032179009710816
15975,0.1326131373643875,0.94757080078125,0.03883292153477669,0.04717876389186166,0.022655430638994133,0.15323524617784975,0.5462217793703186,1.4205685218714643,0.2598587882405199,1.8061517258772994,3.6289656031313333,0.3033642763008918
16000,0.13251976668834686,0.9476165771484375,0.03886570408940315,0.047180426467966184,0.02272359161569523,0.15326219481419,0.5470484103931477,1.4207078918539762,0.26049677260547166,1.8065639484991776,3.629002543562307,0.3035106747891695
16025,0.13242638111114502,0.9476470947265625,0.03888155519962311,0.04716487189148505,0.022791938717036275,0.15328898013608525,0.5478760731170479,1.4208465184407606,0.2611356521559277,1.8069746586997666,3.629039540003004,0.303657007375225
16050,0.13233299553394318,0.94769287109375,0.038902413100004196,0.04713313518148044,0.022860462211788904,0.15331562124615403,0.5487046584811136,1.42098452188426,0.26177534092222443,1.8073842165422265,3.629076673014031,0.303803346581656
16075,0.13223963975906372,0.947723388671875,0.038911640644073486,0.04712009023966354,0.022929145916959562,0.15334209654503528,0.5495339703765391,1.421121806596099,0.2624157196629418,1.8077922729824252,3.6291139536509514,0.3039496409552609
16100,0.13214623928070068,0.94775390625,0.03892483934760094,0.04712133470916977,0.022997999443473596,0.15336839851047157,0.550364113755701,1.4212583196247344,0.26305677710119835,1.8081989015100084,3.62915133521054,0.3040959354263989
16125,0.1320529282093048,0.9478302001953125,0.038928885012865067,0.04709472719821596,0.023067051222279342,0.15339450184400458,0.5511954126552722,1.4213939126111474,0.2636986942955306,1.8086036767659888,3.629188737667824,0.30424223873908357
16150,0.13195961713790894,0.9478759765625,0.03895885497331619,0.0471210104709337,0.02313627628559897,0.15342041209191534,0.552027574544749,1.4215286381849364,0.26434134331379466,1.8090065612766408,3.6292262292502913,0.3043885380114826
16175,0.13186612725257874,0.94793701171875,0.038982193917036057,0.04711099440994042,0.02320569193561538,0.15344617315971756,0.5528607837713723,1.4216626533690955,0.26498491405981184,1.8094078922941699,3.629263691054714,0.3045349508313809
16200,0.13177257776260376,0.9479522705078125,0.03900549188256264,0.04713861157676338,0.023275291805315963,0.15347174662408825,0.5536949956696815,1.4217958719929182,0.2656293200166825,1.8098077265275556,3.6293013570499126,0.3046814225699895
16225,0.13167902827262878,0.9480438232421875,0.03902432695031166,0.047112447962588774,0.023345075489788314,0.15349713072752505,0.5545301891991834,1.4219282550423593,0.26627449304392825,1.8102056905812915,3.629339147891723,0.30482798294794633
16250,0.13158543407917023,0.9480438232421875,0.03905237093567848,0.04709729082004602,0.023415049231390643,0.1535223274021243,0.5553664231005933,1.422059783073864,0.266920620974984,1.8106018910233912,3.629376990596535,0.30497460190802445
16275,0.13149186968803406,0.94805908203125,0.03907318413257599,0.04707260516710358,0.02348521777840414,0.15354740139916906,0.5562037500406072,1.4221907585026266,0.26756769908633443,1.8109972790689133,3.6294148911641035,0.3051212188220861
16300,0.1313982605934143,0.948089599609375,0.03910156711935997,0.047084446437152795,0.02355558414960968,0.1535723056876692,0.5570422174150284,1.42232100555815,0.2682156731479308,1.81139152898113,3.6294529564910625,0.30526793967091836
16325,0.13130459189414978,0.9481048583984375,0.03912389650940895,0.047067435606835316,0.023626146615370575,0.15359700773269616,0.5578817914360005,1.4224503518462996,0.2688645369655594,1.8117839448687003,3.6294911306302073,0.30541481153449346
16350,0.13121095299720764,0.9481658935546875,0.03914716839790344,0.04705032128141658,0.023696903349610225,0.15362154295699648,0.5587224379304574,1.4225789413376515,0.26951428191893173,1.8121749631280557,3.629529361915299,0.30556173908505824
16375,0.13111725449562073,0.94818115234375,0.03916320949792862,0.04706046533176524,0.023767850408396712,0.1536459223638759,0.5595641204493087,1.4227068622294654,0.2701648548687704,1.8125645924116167,3.629567744959027,0.3057087649560553
16400,0.13102352619171143,0.9482269287109375,0.03919430449604988,0.04707466206542118,0.023838983775079044,0.15367014638374804,0.5604067711308012,1.4228340752072088,0.270816206256277,1.8129526053083531,3.629606173967653,0.30585585935816195
16425,0.13092964887619019,0.9482269287109375,0.03923922777175903,0.04707723828196726,0.023910308499814795,0.15369420447017174,0.5612504593750489,1.4229605678229613,0.27146849101994003,1.8133388931611063,3.6296447413307265,0.30600309597927566
16450,0.13083574175834656,0.94830322265625,0.03925945237278938,0.04707575120393324,0.023981821143630858,0.15371813577710455,0.5620951355935145,1.423086508954347,0.27212167228511197,1.8137239895454589,3.629683415084817,0.3061504269068269
16475,0.13074180483818054,0.9483642578125,0.03928022086620331,0.047073109682475016,0.024053526811616335,0.1537419462948385,0.5629408442062734,1.423211898242222,0.27277570592274725,1.8141080323595307,3.62972212327003,0.3062977864799541
16500,0.13064779341220856,0.9483795166015625,0.039292916655540466,0.0470908301352186,0.024125405814612595,0.1537655613452624,0.5637873668194089,1.4233364308633982,0.2734303342240986,1.8144903603993199,3.629760969653643,0.3064451124872014
16525,0.1305536925792694,0.9484100341796875,0.03932798281311989,0.047078715473980196,0.024197474340118066,0.1537890025951524,0.5646348852027062,1.423460197817964,0.27408589614180223,1.8148711884953443,3.6297999300961674,0.30659256090714976
16550,0.13045960664749146,0.948455810546875,0.03935741260647774,0.047078623128181306,0.024269736521691454,0.15381226937911016,0.5654834499988054,1.4235832129688972,0.27474237348420083,1.815250766674272,3.6298390473635727,0.3067400577432902
16575,0.13036546111106873,0.948455810546875,0.039378538727760315,0.04705566167198583,0.024342199270532956,0.15383537101238384,0.5663331250675624,1.4237054889302923,0.2753997287767742,1.8156290475630246,3.6298782432758907,0.3068875512442014
16600,0.13027134537696838,0.948486328125,0.03939669206738472,0.04704039073013854,0.02441485138378182,0.15385830400389436,0.5671837758090886,1.4238270103469661,0.2760578954955167,1.816006131164073,3.6299175194708355,0.30703500402499295
16625,0.13017717003822327,0.948516845703125,0.03944188356399536,0.047039630597622444,0.024487693642023335,0.15388107376262364,0.5680354172137217,1.4239478276329516,0.2767168774285844,1.816381832410079,3.6299569402656453,0.3071825239485684
16650,0.130082905292511,0.948577880859375,0.039468806236982346,0.04705256049936743,0.024560728893679894,0.15390370391982197,0.5688880685586641,1.424068026222928,0.2773767375096752,1.8167567248707024,3.6299964443504966,0.3073302588790926
16675,0.12998858094215393,0.9486083984375,0.039489563554525375,0.04707780456816788,0.02463395415313881,0.15392617761964447,0.5697416925336118,1.424187531985589,0.27803736268667845,1.8171304428940385,3.630036041200013,0.30747809555910327
16700,0.1298941671848297,0.948638916015625,0.03950923681259155,0.047065946433278515,0.024707359310927365,0.15394844902497187,0.5705961771699953,1.424306155135756,0.2786986639252962,1.8175024383061396,3.630075787163541,0.3076260643713654
16725,0.1297997534275055,0.9487152099609375,0.039539627730846405,0.047072751650082914,0.024780945193284026,0.15397050048549987,0.5714515280899286,1.4244238132440754,0.2793607098938235,1.8178723883555952,3.6301156797643492,0.30777406618903835
16750,0.1297052800655365,0.94879150390625,0.03956441953778267,0.04704422952880912,0.024854731316726077,0.15399239395275283,0.5723079362417532,1.4245407178706055,0.2800236561334493,1.818241037370959,3.6301555274038426,0.3079221936960115
16775,0.12961074709892273,0.9488067626953125,0.039587877690792084,0.04706035433834898,0.024928711175083246,0.15401412882475624,0.5731653593908065,1.424656958851838,0.28068727790610815,1.8186084562517446,3.6301955657609817,0.3080704186426539
16800,0.12951618432998657,0.9488525390625,0.03961622714996338,0.04705834905170881,0.025002890160369235,0.1540356886870136,0.5740238398225385,1.4247724220032583,0.28135169717555336,1.8189743579963105,3.6302356969472656,0.3082187099902061
16825,0.12942153215408325,0.948883056640625,0.03967609256505966,0.04707401443663186,0.025077285561921715,0.15405708903054768,0.5748835782089036,1.4248871963444019,0.2820171363431202,1.8193388683629892,3.6302759648572245,0.30836713821204836
16850,0.129326730966568,0.94891357421875,0.03970838338136673,0.0470706435305673,0.025151891888399298,0.15407838711447341,0.575744508714948,1.4250015524719413,0.28268362403711444,1.819702492353674,3.6303163839438617,0.3085158086309882
16875,0.12923194468021393,0.948944091796875,0.03972544148564339,0.047057731835829904,0.02522669851448129,0.1540995238721507,0.5766064913973472,1.425115183873505,0.2833509695862443,1.82006465202163,3.630356868910966,0.30866456971549555
16900,0.12913714349269867,0.949005126953125,0.039754655212163925,0.04703691464389627,0.02530169894583755,0.15412045141634284,0.5774694592370304,1.4252278977888782,0.28401907604377163,1.8204250533170632,3.6303974924139975,0.30881338220901183
16925,0.12904226779937744,0.9490509033203125,0.03977828845381737,0.04704041858895282,0.025376891370159384,0.15414119452267375,0.5783333804468053,1.425339791516671,0.2846879899225305,1.8207838721204526,3.630438210062757,0.30896224468131445
16950,0.12894734740257263,0.9490966796875,0.039814919233322144,0.04705943697819381,0.02545227429830634,0.15416178855791488,0.5791982488663626,1.4254510650631527,0.28535770223169765,1.821141560062114,3.630479114425573,0.3091111606231258
16975,0.12885236740112305,0.9492034912109375,0.03982933610677719,0.04704015665810612,0.025527860648814158,0.15418222998831202,0.5800642035944364,1.4255616927624675,0.2860282759157976,1.8214979205129669,3.630520181410484,0.3092601479598344
17000,0.12875740230083466,0.9492645263671875,0.039861179888248444,0.0470190463203172,0.025603646251028418,0.15420250303203858,0.5809311808193506,1.4256715722725053,0.28669962734695503,1.8218528971219865,3.6305613358501856,0.3094091865038109
17025,0.1286623775959015,0.94927978515625,0.03988168016076088,0.047034353484162884,0.02567962197344219,0.1542226299078882,0.5817990742701893,1.4257808100202258,0.2873717467698669,1.8222069577376447,3.630602586876788,0.3095584003665087
17050,0.12856729328632355,0.9493255615234375,0.03990990296006203,0.047030353471068834,0.025755793714619796,0.1542425991046652,0.5826679491409709,1.4258893585009662,0.28804463416025594,1.822559807701848,3.630643948711173,0.3097077464806495
17075,0.12847217917442322,0.949371337890625,0.039933811873197556,0.047020003144673764,0.02583216739069993,0.15426238098362535,0.5835378866388773,1.4259971259603745,0.28871833429485494,1.822910984570894,3.6306855362050596,0.3098571167670683
17100,0.12837696075439453,0.9493865966796875,0.039976488798856735,0.04703827443735493,0.02590875313826123,0.1542819891863877,0.5844089805406719,1.4261041358740274,0.2893929693009923,1.8232606601643495,3.6307272482164983,0.3100065922466586
17125,0.12828165292739868,0.949462890625,0.039992496371269226,0.04706625829195493,0.025985548422727683,0.1543014483713916,0.5852811879905823,1.4262104792057853,0.29006848069929064,1.8236093246449592,3.6307690258601157,0.31015617736550755
17150,0.12818631529808044,0.949462890625,0.040016911923885345,0.047041566292371884,0.026062532863955695,0.15432073114827544,0.5861542801266872,1.426316041727875,0.29074462063582907,1.8239560903865637,3.630810900289446,0.31030575478729383
17175,0.12809094786643982,0.9494781494140625,0.04003562405705452,0.047028784206831035,0.026139712956023575,0.15433984011135707,0.5870283320848887,1.4264208498418427,0.2914214442417514,1.8243011110903544,3.630852907854538,0.31045535120676226
17200,0.1279955804347992,0.94952392578125,0.04005459323525429,0.04701357650124973,0.026217085042206555,0.15435880105587774,0.5879033017872174,1.4265250298114416,0.29209895117049495,1.8246447719405823,3.630895066212022,0.31060502989866096
17225,0.1279001533985138,0.9495391845703125,0.04009230434894562,0.047041765231898236,0.02629465520734886,0.15437757659117626,0.5887792393794173,1.4266283744447839,0.2927772530923833,1.824986601963872,3.630937287455502,0.3107547022912711
17250,0.12780460715293884,0.949554443359375,0.04010968655347824,0.04705674503187309,0.02637242507454518,0.15439618522412832,0.5896561724910895,1.426731002172626,0.2934563266890883,1.8253270138097624,3.6309796550360947,0.310904485905764
17275,0.12770900130271912,0.9496612548828125,0.04014768451452255,0.04705722819812794,0.026450392528091466,0.15441464085994497,0.5905340688848307,1.4268329663635073,0.29413612033481606,1.8256659486095876,3.6310221409634162,0.3110543777131101
17300,0.12761329114437103,0.949676513671875,0.04017460346221924,0.04709633080661074,0.026528556538506963,0.15443297198892642,0.5914129113390109,1.4269343944503416,0.2948166425471302,1.8260042493116253,3.631064734293252,0.3112044553860463
17325,0.1275174468755722,0.94970703125,0.04020184651017189,0.04712255710275543,0.02660691612715214,0.1544511536246624,0.5922926798453949,1.4270351585316519,0.29549784357397685,1.8263413577401242,3.6311074030608275,0.3113545888895772
17350,0.1274215579032898,0.949737548828125,0.04021083191037178,0.047087185853647275,0.026685461697041217,0.1544691802983322,0.593173286933558,1.4271352889034852,0.2961796374552568,1.8266769711298603,3.631150288365382,0.31150479660345914
17375,0.12732571363449097,0.949737548828125,0.040233004838228226,0.047063579090644854,0.02676419701690999,0.15448702111671253,0.5940547554661667,1.4272346052733864,0.2968620232694412,1.827010557405237,3.631193294280188,0.3116549514617271
17400,0.12722986936569214,0.94976806640625,0.04023868590593338,0.04706377012211136,0.026843145829861016,0.15450468461770797,0.5949373482582353,1.4273331548933401,0.2975451547920488,1.827342546240573,3.6312364403635224,0.3118051864452115
17425,0.12713399529457092,0.949798583984375,0.04025885462760925,0.04706788908334607,0.026922289928564633,0.15452222124119935,0.595820862632267,1.4274311790543344,0.2982288532362698,1.8276737323212817,3.631279747463299,0.3119555414310402
17450,0.12703807651996613,0.9498748779296875,0.04027825593948364,0.04705161256211006,0.02700163452930373,0.15453962087513307,0.5967053507237254,1.4275286268444372,0.29891316638978344,1.828004050341188,3.6313232046460864,0.31210596474630425
17475,0.12694215774536133,0.9499053955078125,0.040294378995895386,0.047035833757754796,0.0270811795038148,0.15455686490537376,0.597590804382601,1.427625405727542,0.29959814079207786,1.8283328635049862,3.6313667949650705,0.3122565458233906
17500,0.12684623897075653,0.949981689453125,0.04032590612769127,0.04703546701838445,0.027160933200461597,0.15457391585591443,0.5984773145495759,1.4277213496451986,0.30028387891271735,1.8286596697034223,3.6314105359991244,0.3124071995081402
17525,0.12675026059150696,0.9500732421875,0.040349576622247696,0.047037353263911695,0.027240893505217276,0.1545908225138034,0.5993648530317467,1.4278166825134795,0.3009703704259659,1.8289850095190365,3.6314544239059043,0.31255798477257757
17550,0.12665419280529022,0.950103759765625,0.04037759453058243,0.04705954414800214,0.02732104747033711,0.1546075933784352,0.6002532719055693,1.4279114400887845,0.30165748114858865,1.829309291953836,3.631498449560919,0.31270890762993353
17575,0.12655803561210632,0.9501800537109375,0.040402788668870926,0.04706802114134894,0.0274014122761792,0.15462419824024257,0.6011427537108276,1.4280054773374309,0.3023453699632981,1.829632396567181,3.6315425986603036,0.31286000452388657
17600,0.12646183371543884,0.9502105712890625,0.04043417051434517,0.0470545097817653,0.027481981305875505,0.15464064993228188,0.6020332167025815,1.428098841979574,0.3030339074097982,1.8299542881423445,3.631586841604017,0.31301114518042444
17625,0.12636560201644897,0.9502716064453125,0.04046407341957092,0.047048404048300144,0.027562758738398828,0.1546569428046182,0.6029247107222586,1.4281915273997778,0.3037231739684512,1.8302746612886698,3.631631227668149,0.31316237427238486
17650,0.12626931071281433,0.950347900390625,0.04048352688550949,0.04705800872950871,0.027643730652216543,0.15467309868681986,0.6038170880481608,1.4282836546170496,0.30441305873977675,1.8305936867236186,3.631675808040095,0.31331368009347743
17675,0.12617293000221252,0.950347900390625,0.040507350116968155,0.047077518023861745,0.027724912953831126,0.1546890758693532,0.6047105076433208,1.4283750050791995,0.30510358453665154,1.83091098442966,3.631720516433541,0.31346501754736356
17700,0.12607638537883759,0.9504547119140625,0.040547680109739304,0.04712062883507978,0.027806297160156434,0.15470491294306715,0.6056048759491447,1.4284657643084773,0.30579479215812144,1.831226932325507,3.6317653712876243,0.31361649357475063
17725,0.1259797364473343,0.950469970703125,0.04057348147034645,0.047124903884305146,0.02788789214144708,0.15472063347067352,0.6065002877941685,1.4285560463331892,0.3064867807525085,1.8315417753853658,3.6318103857328885,0.31376813749563215
17750,0.12588302791118622,0.950531005859375,0.040599219501018524,0.04713497413467149,0.027969683506390588,0.15473620737025406,0.607396589254937,1.428645727758486,0.30717941031755247,1.8318554515215717,3.6318555989264563,0.3139198517854769
17775,0.12578622996807098,0.9505462646484375,0.040621981024742126,0.04716430473145616,0.02805168332250954,0.15475162013211494,0.6082938868276166,1.4287346926884061,0.30787274621568567,1.8321677533796874,3.6319008862952153,0.31407163988781095
17800,0.12568938732147217,0.950592041015625,0.04064112901687622,0.047157194325973754,0.028133893409113247,0.15476687986091076,0.6091921995112646,1.4288229866549327,0.30856674637708525,1.8324786770208146,3.6319462682569355,0.31422354965324495
17825,0.1255924254655838,0.9506072998046875,0.04065707325935364,0.04718082297078636,0.028216306568884787,0.15478200852280677,0.6100914522430987,1.4289107273438433,0.30926135219194895,1.8327885077596062,3.6319917860106754,0.3143755458982081
17850,0.12549549341201782,0.9506683349609375,0.04068606719374657,0.04714886212652553,0.02829891333299211,0.15479698117976096,0.6109915398524978,1.4289978016705878,0.3099564707029441,1.8330967573075942,3.632037444508115,0.3145276420911121
17875,0.12539847195148468,0.9506683349609375,0.040703557431697845,0.04717048627977208,0.02838170550478973,0.15481182029487267,0.6118923793582788,1.429084333706136,0.31065221104685103,1.8334040204132265,3.63208329535693,0.31467990815636837
17900,0.12530145049095154,0.95074462890625,0.040727220475673676,0.04714176755934178,0.02846469382906058,0.1548264629081075,0.6127940737708619,1.429170010160556,0.3113485529318954,1.8337095333906188,3.632129280660509,0.31483225499302786
17925,0.12520438432693481,0.9508209228515625,0.040754809975624084,0.04715552488551287,0.028547879901475812,0.15484092939996622,0.6136966304551396,1.4292549103429615,0.3120455025219109,1.8340135547165488,3.6321753626708624,0.3149847086005821
17950,0.1251072883605957,0.9508209228515625,0.04078437387943268,0.04713502135560027,0.028631279865954318,0.15485523641437773,0.6146002284014876,1.4293391325753413,0.31274320373022957,1.8343162847530026,3.632221595820936,0.31513729139585384
17975,0.12501013278961182,0.9508209228515625,0.040818192064762115,0.04712355109347478,0.028714893705263544,0.1548693791684231,0.6155048637024476,1.4294226559427274,0.31344164481387055,1.8346175260268223,3.6322679828434494,0.31529003330354255
18000,0.12491291761398315,0.9509124755859375,0.04083898663520813,0.04716912396801992,0.028798710155245263,0.15488335870695183,0.6164104146059457,1.4295054922147772,0.3141406793086142,1.8349172172960888,3.632314541180854,0.3154429438230402
18025,0.12481555342674255,0.9510040283203125,0.04088360443711281,0.04718115170768422,0.028882741837131347,0.15489715993091546,0.6173170040910149,1.4295875525951807,0.3148403474582169,1.8352149985202673,3.6323612220434547,0.3155959224381534
18050,0.12471812963485718,0.9510650634765625,0.04090627655386925,0.047168058982054055,0.028966978308412383,0.15491083003041867,0.6182245145281595,1.4296690503329554,0.3155406759683988,1.8355115498840289,3.6324080137584858,0.3157490411211855
18075,0.12462064623832703,0.9511260986328125,0.04092753306031227,0.04717354322341437,0.02905141747839002,0.15492431460183131,0.619132929550935,1.4297497566843573,0.3162416137110191,1.835806245803313,3.6324549728060886,0.315902258653771
18100,0.12452315539121628,0.951171875,0.0409325435757637,0.04716624236502305,0.029136053988170988,0.15493763990612267,0.6200421833174204,1.4298297807749045,0.31694307129289506,1.8360996733742532,3.6325020683557274,0.3160555346166263
18125,0.12442562729120255,0.951171875,0.04096760228276253,0.04714661115240089,0.02922090257897628,0.15495082825837658,0.6209524282820647,1.4299092236695934,0.317645284237019,1.8363916226297787,3.6325492953980887,0.31620885510294783
18150,0.12432803213596344,0.9511871337890625,0.04100599139928818,0.04715812451353159,0.02930597432901921,0.15496387129631828,0.6218637774864192,1.4299880456597205,0.3183482899780371,1.836682368357645,3.632596650913926,0.31636232638363676
18175,0.12423038482666016,0.9511871337890625,0.04102237522602081,0.047168694147668375,0.02939124073248058,0.1549767554810045,0.6227759290725836,1.4300661949509323,0.31905179175882403,1.836971636296066,3.632644161846306,0.31651591453369005
18200,0.1241326853632927,0.951202392578125,0.04105918109416962,0.047167102602848496,0.02947672376312535,0.15498948333273,0.6236891208943665,1.4301437027575852,0.3197558915408085,1.8372595273636836,3.632691877767694,0.316669636474946
18225,0.12403492629528046,0.9512481689453125,0.041077278554439545,0.047153479010251735,0.029562428578334965,0.15500205644712212,0.6246034084318026,1.430220588123126,0.32046072828297173,1.837545883343712,3.632739828170785,0.3168234830791715
18250,0.12393714487552643,0.9513092041015625,0.04110249504446983,0.047152086763395856,0.029648336603994244,0.1550144782840624,0.6255185753954969,1.430296830299861,0.3211661369776699,1.8378307489886008,3.632787919639567,0.3169774628414772
18275,0.12383933365345001,0.95135498046875,0.041118573397397995,0.04714231052782928,0.02973445273491843,0.1550267533482697,0.6264346673962763,1.4303724444726444,0.32187211755308087,1.8381143996259752,3.632836137799275,0.3171315495790392
18300,0.12374147772789001,0.951416015625,0.04114208370447159,0.047141535926004105,0.029820780336810442,0.1550388699330832,0.6273517042220744,1.4304473494980725,0.3225787181632981,1.8383967010666784,3.632884413575772,0.3172857311849121
18325,0.12364360690116882,0.9514312744140625,0.04116380587220192,0.04712933101741967,0.029907301721512108,0.15505084389331253,0.6282695125022365,1.4305216556692744,0.3232857655744772,1.8386776984296036,3.632932841173344,0.3174400205314997
18350,0.12354573607444763,0.95147705078125,0.041177306324243546,0.04710522100600645,0.029994018277503292,0.15506265604529565,0.6291881106281326,1.430595290038618,0.3239932106439904,1.8389575166461376,3.632981459925666,0.31759428872188034
18375,0.12344791740179062,0.9515228271484375,0.04118556156754494,0.047083542822383855,0.030080921789275225,0.1550743488982743,0.6301074055629281,1.4306684396991851,0.3247010087622978,1.8392364399543395,3.633030246826758,0.31774861760215306
18400,0.1233501061797142,0.9515533447265625,0.0412079282104969,0.04707002030678667,0.030168014461230647,0.15508590425544463,0.6310274153766103,1.4307410154298539,0.3254091806802241,1.839514492598564,3.63307918833768,0.317903082850907
18425,0.12325220555067062,0.951568603515625,0.04123419150710106,0.047079767896111666,0.030255315399617545,0.15509735032719285,0.6319483405258489,1.43081315566424,0.3261179788619359,1.8397916896093152,3.6331283054255517,0.31805779424221087
18450,0.12315427511930466,0.951629638671875,0.04125206544995308,0.047064372667495316,0.03034281479889906,0.1551086657301798,0.6328700755741621,1.430884762663664,0.326827251650324,1.84006773325403,3.633177600246896,0.31821264585387415
18475,0.1230563223361969,0.9516754150390625,0.04126661270856857,0.047089678517282484,0.030430516681104153,0.15511981404023764,0.633792652577857,1.4309556532731988,0.3275369368159242,1.8403423202382023,3.6332270342071493,0.3183675927572466
18500,0.12295827269554138,0.951690673828125,0.041314974427223206,0.04709169695287585,0.03051844479883487,0.1551308001638321,0.6347163141356524,1.4310258476686064,0.3282472666987457,1.8406158440316602,3.633276600928288,0.31852263365194106
18525,0.1228601485490799,0.95172119140625,0.04134460538625717,0.047081631678710885,0.03060656324121489,0.15514167607715315,0.6356406874325057,1.431095595579206,0.3289580683813022,1.8408883981801658,3.6333263256694295,0.3186778895815744
18550,0.12276196479797363,0.9517974853515625,0.04136253893375397,0.04710039379065325,0.03069491012944831,0.15515240239333278,0.6365661737775347,1.4311647349891974,0.3296696330065111,1.8411595123522688,3.633376258195566,0.31883335305971855
18575,0.12266372889280319,0.9518280029296875,0.04138964042067528,0.04709300674147817,0.03078346552137124,0.15516295557323223,0.6374925475165012,1.431233124097448,0.3303817203576443,1.84142913645272,3.6334263139955247,0.3189888796993258
18600,0.12256543338298798,0.951934814453125,0.04142587259411812,0.04707975819435568,0.03087223434256868,0.15517336817599164,0.6384198577563651,1.431300916871927,0.3310943809490351,1.841697738504108,3.6334765025981324,0.31914459021579994
18625,0.12246710807085037,0.951995849609375,0.04143141955137253,0.047091549682027806,0.030961206544534207,0.15518362298229077,0.6393480081519654,1.4313680587823523,0.33180753162064547,1.841964833207915,3.633526887056996,0.3193004082709029
18650,0.12236868590116501,0.95196533203125,0.04145843908190727,0.04708857304192353,0.031050383940197556,0.15519371291126902,0.6402770065747196,1.4314345001419304,0.3325211610969401,1.8422302842525482,3.633577424013124,0.3194562824981154
18675,0.12227027118206024,0.9519805908203125,0.04149347171187401,0.0470749706712554,0.031139773084104174,0.15520362986112649,0.6412069136383707,1.431500195614381,0.33323528439641026,1.8424941291594026,3.633628093104716,0.3196122493760412
18700,0.12217183411121368,0.9520721435546875,0.04151347652077675,0.04705648693035347,0.031229375929823323,0.15521340299156597,0.6421377579679395,1.4315653067034817,0.3339499294641655,1.8427567000353116,3.6336789628205977,0.3197683035553324
18725,0.12207342684268951,0.95208740234375,0.04152335971593857,0.047018053874261945,0.03131917876790929,0.15522305554237623,0.6430693842910579,1.4316299162507284,0.33466491743109084,1.8430184887292258,3.6337299713010855,0.3199245127666559
18750,0.12197498977184296,0.9521331787109375,0.04156141355633736,0.047040388012741824,0.03140919656072558,0.1552325188493307,0.6440019474867007,1.4316937176427345,0.33538040876219577,1.843278608669804,3.633781143913313,0.3200807641480528
18775,0.12187641859054565,0.952178955078125,0.041585516184568405,0.047056023480188766,0.031499437226126956,0.15524179727272563,0.6449355144687324,1.4317567076873579,0.336096455651396,1.843537194518825,3.6338324213994437,0.3202371551738875
18800,0.12177778780460358,0.95220947265625,0.041606273502111435,0.047074500190903104,0.03158990318851504,0.15525088129170325,0.6458701211133241,1.4318188759787471,0.33681303754144,1.843793516614416,3.633883888663108,0.32039358985806343
18825,0.12167907506227493,0.952239990234375,0.041635267436504364,0.0470730859749223,0.031680607355745655,0.1552597978046635,0.6468059020634055,1.4318803618652842,0.3375303143010799,1.844048121352666,3.6339355844480115,0.32055017829280247
18850,0.1215803474187851,0.9522857666015625,0.04164706543087959,0.04705803224978509,0.031771508049753476,0.15526855998299405,0.647742414096995,1.431941195538755,0.33824796126906453,1.8443014493751235,3.6339874311349285,0.3207068768222763
18875,0.12148161232471466,0.9523468017578125,0.0416695736348629,0.04705288957764579,0.03186260473739271,0.15527715636383602,0.6486796489002383,1.4320013239028466,0.33896598982947934,1.84455341128441,3.63403942802692,0.3208636583234958
18900,0.12138284742832184,0.9524078369140625,0.04170341044664383,0.04703340376380827,0.03195390367768418,0.15528562252874079,0.6496176783827269,1.4320609353384237,0.3396845101601397,1.8448042982408923,3.63409163673027,0.32102061888913386
18925,0.12128405272960663,0.95245361328125,0.04172510653734207,0.04704328137152635,0.03204539753896201,0.15529401200167856,0.6505564196262684,1.4321202644257736,0.3404034073055926,1.845054857156648,3.634144026162805,0.3211777559934724
18950,0.12118517607450485,0.9525146484375,0.04174688085913658,0.04706161045605425,0.03213709986081499,0.15530227887677459,0.6514960035162458,1.4321790913195933,0.34112274116233376,1.845304398304174,3.634196575528859,0.3213350640981053
18975,0.1210862249135971,0.9525146484375,0.041771918535232544,0.04705966934624727,0.032229006179000166,0.15531042426869976,0.6524363785276666,1.4322374143175307,0.3418425016706782,1.8455528095994458,3.634249267402005,0.32149255142718786
19000,0.12098725140094757,0.9525299072265625,0.04178732633590698,0.04705212268150894,0.03232111521013875,0.1553184229204278,0.6533775336064024,1.4322951278025249,0.3425626824932795,1.8458002661818929,3.6343021292235607,0.32165013803552556
19025,0.12088820338249207,0.952606201171875,0.041807811707258224,0.047066677443723406,0.032413445506631555,0.15532624113251883,0.6543196548886925,1.43235208037238,0.34328342018470315,1.8460462218807765,3.634355171017893,0.3218077942798544
19050,0.12078910320997238,0.95263671875,0.04183562472462654,0.047058110846438385,0.03250599418399492,0.15533386854585274,0.6552627043691992,1.4324082128428568,0.3440046908692391,1.8462905630520823,3.634408363726135,0.32196550149308406
19075,0.12068992853164673,0.9527130126953125,0.041848890483379364,0.0470860672991383,0.03259875228559051,0.15534133824926313,0.6562066022871683,1.4324637082838503,0.344726406484793,1.8465334937595983,3.634461784674146,0.3221233431380306
19100,0.12059064954519272,0.9527740478515625,0.041902750730514526,0.04710942741546055,0.032691736124525875,0.15534867517012993,0.6571514900486791,1.4325186392843763,0.34544871117972903,1.8467751709327267,3.634515326364216,0.3222814202225802
19125,0.12049122899770737,0.9528045654296875,0.04193057492375374,0.047131362130792276,0.032784953049156344,0.1553558294602226,0.6580974359355857,1.4325727725602744,0.3461716415550492,1.8470151459278306,3.634568979985693,0.3224396934688556
19150,0.12039176374673843,0.9528350830078125,0.04193726181983948,0.047111999315728285,0.03287837208405706,0.15536281532202623,0.6590441447886297,1.432626215930455,0.3468949358629005,1.8472533030105946,3.634622852888737,0.3225980205473383
19175,0.12029226124286652,0.9528350830078125,0.04196496680378914,0.04711387976747276,0.032971979362584364,0.15536969590485863,0.6599914638979153,1.432679236334152,0.34761845856604184,1.8474908458153219,3.6346768835832584,0.32275649379551663
19200,0.12019267678260803,0.952911376953125,0.04200853779911995,0.047121176736943556,0.03306580779425938,0.15537645991847174,0.6609397288099821,1.4327318009135324,0.34834252431800367,1.847727497720322,3.6347311207307675,0.32291513360421037
19225,0.12009304016828537,0.9529571533203125,0.04200957715511322,0.047130041372410204,0.033159852256548314,0.15538306079752195,0.6618888765610167,1.432783677041793,0.3490670267014241,1.8479628078679202,3.634785518783818,0.3230738898386476
19250,0.11999329924583435,0.9530029296875,0.042041100561618805,0.047161163296417084,0.03325414621079127,0.15538947981820178,0.6628392390590772,1.4328347822402492,0.34979198319886196,1.8481964277725336,3.6348400874546525,0.3232326414600098
19275,0.11989349126815796,0.9531097412109375,0.04207471385598183,0.047187829954708924,0.0333486477587136,0.15539573611743285,0.6637903941311698,1.4328852037581037,0.35051730353573496,1.8484286055656651,3.6348948242095847,0.32339148511840327
19300,0.11979356408119202,0.95318603515625,0.04208994284272194,0.04717304163190186,0.033443354830814544,0.15540184573910143,0.6647423210282749,1.4329350215528915,0.3512430282367818,1.848659400203575,3.6349497442006307,0.3235504676145993
19325,0.11969362199306488,0.9532012939453125,0.04210907965898514,0.04716320571408977,0.0335382596537206,0.15540780976266538,0.6656949370320051,1.4329842347314423,0.3519690890740634,1.8488889538805293,3.635004832503562,0.3237095772222366
19350,0.11959366500377655,0.9532470703125,0.04213007912039757,0.047172974961047,0.03363335141443684,0.15541367104178658,0.6666481211275403,1.4330330164999319,0.35269541083665257,1.8491175472647507,3.6350600272817415,0.32386887244228174
19375,0.11949364095926285,0.953369140625,0.04215987026691437,0.04717448778411155,0.03372864904034255,0.1554194069492994,0.6676020780720378,1.4330813044835724,0.35342211737998,1.8493450503676412,3.6351154349118504,0.3240283144030982
19400,0.11939352750778198,0.9534454345703125,0.04218107834458351,0.047182456730746704,0.03382415736615396,0.15542498233427865,0.6685568502835774,1.4331289311159718,0.3541492474221316,1.8495709328257375,3.635171041396449,0.3241879133056461
19425,0.11929337680339813,0.9534912109375,0.042188860476017,0.04716560364576404,0.03391986945799377,0.15543039847853543,0.6695123694731802,1.4331759090091414,0.35487666654416805,1.8497953372089282,3.6352268637105363,0.324347582710781
19450,0.11919322609901428,0.95355224609375,0.042208414524793625,0.04718029065468344,0.03401577170830101,0.15543568960536544,0.6704684909386891,1.4332223790087484,0.3556042617536829,1.8500185877428619,3.6352828588758217,0.32450739093758807
19475,0.11909300088882446,0.95361328125,0.042242471128702164,0.04716761137163445,0.03411189492215869,0.15544081752072003,0.6714255139672638,1.4332681612902292,0.3563323432731794,1.8502399254302302,3.635339017397216,0.32466740078408174
19500,0.11899273097515106,0.9537353515625,0.042269978672266006,0.047176392172296765,0.034208230880480195,0.1554458009114174,0.6723833551566144,1.433313343640619,0.35706084250460823,1.8504598585695058,3.635395343406583,0.3248275614598871
19525,0.11889234185218811,0.9538116455078125,0.042297203093767166,0.047207499162653606,0.034304793333527206,0.15545058984127988,0.673342155075416,1.4333577142667016,0.3577897738562861,1.8506779960329223,3.6354518836352976,0.32498783972031625
19550,0.11879196017980576,0.953887939453125,0.04230692610144615,0.04717849382905113,0.0344015427905149,0.15545525723125012,0.6743015279227048,1.4334016195047226,0.35851888835430296,1.8508950939822346,3.635508663808176,0.32514830127430006
19575,0.11869152635335922,0.953948974609375,0.04233124852180481,0.04719901776778788,0.034498497996561836,0.1554597942558439,0.6752616269324461,1.4334449585321303,0.359248348376567,1.8511112387822317,3.6355655314023543,0.3253089761465639
19600,0.11859095096588135,0.9539947509765625,0.04236498847603798,0.04722828989211038,0.034595665464586714,0.1554641819456684,0.6762225404544422,1.4334877021104222,0.35997812792049466,1.8513260792124953,3.6356226340691578,0.3254697861448284
19625,0.11849026381969452,0.9540557861328125,0.04239187389612198,0.04724580569233053,0.0346930569917493,0.15546838827301737,0.6771843611705334,1.4335296611881512,0.36070833537757485,1.8515390450010067,3.6356798668289945,0.3256306972367678
19650,0.11838948726654053,0.9541015625,0.042407285422086716,0.04727618686462765,0.03479066289473627,0.15547244873306526,0.6781469999608294,1.4335710178037104,0.36143882710014047,1.851750940617147,3.6357372763366334,0.3257917501377083
19675,0.11828862130641937,0.9541473388671875,0.04243168234825134,0.04729236396981895,0.0348884789243798,0.15547636481042598,0.6791104191061526,1.4336117928105245,0.36216957575143166,1.8519615117529198,3.635794898126925,0.3259529198924077
19700,0.11818767338991165,0.954193115234375,0.04246021807193756,0.047292055794220446,0.034986501826638546,0.15548013726617643,0.6800745756842845,1.43365197177444,0.36290066635786145,1.852170774617874,3.635852686703436,0.3261142113323318
19725,0.11808665841817856,0.9542388916015625,0.04247500002384186,0.04730248396657333,0.03508471581591868,0.1554838010369279,0.6810393083759196,1.4336917043229156,0.3636320366573887,1.8523790039660886,3.6359106130538534,0.32627562752872025
19750,0.11798562109470367,0.9542694091796875,0.042498111724853516,0.0472784795364504,0.03518312269381084,0.15548735427305024,0.6820046515361287,1.433731021745263,0.3643635790541684,1.852586219757204,3.6359687781656027,0.3264371399620579
19775,0.1178845763206482,0.954315185546875,0.04252015799283981,0.047288611419804144,0.03528172794308324,0.15549073989838497,0.6829706388135766,1.4337696243882396,0.3650953271737527,1.8527916881887418,3.6360270894704616,0.32659874643741243
19800,0.11778347194194794,0.9543609619140625,0.04253021255135536,0.04727355273266598,0.035380524444139576,0.15549399640841308,0.6839372054587817,1.4338077030929444,0.3658273700031635,1.8529959239678457,3.636085580869294,0.326760514655215
19825,0.1176823228597641,0.9544525146484375,0.042557474225759506,0.0473051906908903,0.03547952971103112,0.1554971254250219,0.6849045255607105,1.4338452800459,0.36655963531361535,1.8531992560923773,3.636144289682444,0.3269223902482341
19850,0.11758106201887131,0.9545135498046875,0.042577315121889114,0.047315833103736715,0.03557876011228197,0.1555000771604018,0.6858727503447996,1.4338821175358671,0.36729224545869943,1.8534010112191734,3.636203195232394,0.32708431326633747
19875,0.11747976392507553,0.95452880859375,0.04259882867336273,0.047309443906905634,0.03567819318584882,0.155502912379375,0.6868416478498953,1.4339184697168395,0.36802509304280934,1.8536017536628275,3.6362622316034243,0.3272464090434997
19900,0.11737842857837677,0.9545745849609375,0.04262226074934006,0.04731404865614318,0.0357778321032969,0.15550560555598034,0.687811269885604,1.4339542684396747,0.3687582137426956,1.8538014622168837,3.636321524451446,0.3274086859771899
19925,0.11727704107761383,0.954620361328125,0.04264030605554581,0.04730461145870273,0.03587768338964041,0.15550819875516458,0.688781658206234,1.4339896692867207,0.36949173426900545,1.8540006034883807,3.6363809765208783,0.3275711667715531
19950,0.11717559397220612,0.9546356201171875,0.04266108199954033,0.0473234715127256,0.035977734690186905,0.15551064594168676,0.6897526962524758,1.4340244696629132,0.3702254701783489,1.8541981020828446,3.636440612330416,0.3277338054680061
19975,0.11707405745983124,0.9546661376953125,0.042670659720897675,0.04733005023530565,0.03607799439136675,0.15551294754592868,0.6907244554282082,1.43405865779636,0.3709594435330767,1.8543942430955656,3.6365003970361345,0.32789658161704505
20000,0.11697246134281158,0.9546966552734375,0.042702868580818176,0.0473464768890193,0.03617846755405058,0.15551516059170886,0.6916969707186222,1.4340924742239614,0.37169368297052086,1.8545894761002097,3.6365602739110368,0.3280595383534125
20025,0.11687079817056656,0.9547119140625,0.04271962121129036,0.04737184075613934,0.03627914527210347,0.1555172266192366,0.6926701803023251,1.4341257032914059,0.3724282075354424,1.8547834929721205,3.63662037964418,0.3282225960184594
20050,0.11676909029483795,0.9547119140625,0.042753420770168304,0.047350194911001134,0.036380035361547665,0.1555191537686925,0.6936441502419904,1.4341583699284008,0.373163020265055,1.8549767937930204,3.636680682322188,0.328385761305013
20075,0.11666732281446457,0.95477294921875,0.042770713567733765,0.04736040483798392,0.036481129761023974,0.1555209154920951,0.6946187888657445,1.4341903264253641,0.37389802848470566,1.855168850776078,3.6367411178405558,0.32854912380944556
20100,0.11656548082828522,0.95477294921875,0.042793527245521545,0.04736399218327791,0.03658245116299514,0.15552252553554935,0.6955943385705454,1.4342216960557868,0.3746333337215319,1.8553594351931855,3.636801838126881,0.3287126437669961
20125,0.11646358668804169,0.954803466796875,0.04281662032008171,0.04737825790537431,0.03668398388046517,0.15552400701055707,0.6965706215303964,1.4342525323769695,0.3753688663219291,1.85554878379171,3.636862708818012,0.3288762895637975
20150,0.1163615882396698,0.9548797607421875,0.042840298265218735,0.04738434529952501,0.03678574391208788,0.15552533209385902,0.6975477879945323,1.4342827095363282,0.3761046769613656,1.8557368124588787,3.6369237361604707,0.32904006696279714
20175,0.11625954508781433,0.95489501953125,0.04286077618598938,0.04737451078203459,0.036887712413040286,0.1555265263995818,0.6985256708074357,1.434312375414879,0.3768407245533786,1.8559239776770935,3.6369849957097893,0.329204021929215
20200,0.11615747958421707,0.954925537109375,0.042877472937107086,0.04738724869606234,0.036989882136078595,0.15552759992920656,0.6995041799504912,1.4343415370231765,0.3775769058683881,1.8561103041245555,3.6370463883561475,0.3293681246648624
20225,0.11605536937713623,0.954925537109375,0.042884208261966705,0.04737601043199209,0.03709225071272686,0.15552851315298225,0.7004833167548571,1.4343700651183289,0.3783131155557675,1.8562955452303105,3.637108048646976,0.32953224071305304
20250,0.1159532368183136,0.9549560546875,0.0429157018661499,0.04739331107471919,0.03719480957065151,0.15552928238289007,0.7014629816409186,1.4343980006614814,0.37904946110201926,1.8564794567043075,3.6371698897889515,0.32969645046160806
20275,0.11585105210542679,0.954986572265625,0.04293173924088478,0.04738440753457403,0.03729756685690343,0.15552991207327388,0.7024432479889082,1.4344253608909412,0.37978598557518584,1.8566620927801374,3.637231903480037,0.3298608323220104
20300,0.1157488077878952,0.954986572265625,0.042951799929142,0.04739538606716927,0.037400519002079406,0.1555304147908577,0.7034240820681007,1.43445220756504,0.38052262285155697,1.8568437170020449,3.6372940994462155,0.33002539340055154
20325,0.11564651876688004,0.955078125,0.042981214821338654,0.04739599895765529,0.03750368381659183,0.15553077014251485,0.7044056491085053,1.4344784463263671,0.3812594270124643,1.85702427178937,3.6373564769610938,0.3301901222957443
20350,0.1155441403388977,0.9551239013671875,0.042992379516363144,0.04740871691213841,0.03760706810704655,0.15553098870421683,0.7053880016697405,1.4345041081937477,0.3819964620455555,1.8572036673032226,3.637418991089424,0.3303549808530294
20375,0.1154417097568512,0.9551544189453125,0.04302031919360161,0.047404824157466365,0.03771066743581515,0.15553108520678202,0.7063711193761928,1.4345293098711567,0.3827336665767149,1.8573822648054432,3.637481765573444,0.3305200873192673
20400,0.1153392344713211,0.9552459716796875,0.04305430129170418,0.047416112186265715,0.037814478816481964,0.15553102930891421,0.7073549590005994,1.434553885577446,0.3834710454483422,1.8575594622015177,3.6375447349300565,0.3306853527670902
20425,0.11523662507534027,0.955291748046875,0.04306819289922714,0.047448177644415584,0.03791852670225481,0.15553074053921426,0.7083397431482351,1.4345774574525514,0.38420869847915773,1.857734553727537,3.637607882172965,0.330850653808762
20450,0.11513392627239227,0.955352783203125,0.04309307038784027,0.04746002306675658,0.03802280265786212,0.155530243424416,0.7093253865898788,1.434600132218907,0.3849466176590511,1.8579077649783104,3.6376711912389705,0.3310159563247909
20475,0.1150311827659607,0.95538330078125,0.04311063140630722,0.04746629427510404,0.038127270666145484,0.15552958412388154,0.7103115522399401,1.4346221257547433,0.3856846525464764,1.8580795216189978,3.637734669846058,0.33118130183925026
20500,0.11492832750082016,0.955413818359375,0.0431467704474926,0.047482781112434855,0.03823195172681623,0.1555287662833902,0.7112984446435743,1.434643476829259,0.386422827940403,1.8582500454033692,3.637798373775826,0.3313467755787693
20525,0.11482539772987366,0.955474853515625,0.04316119849681854,0.047485340573717554,0.03833684849874837,0.15552781492190274,0.7122860787873084,1.4346642861549601,0.3871612533833694,1.8584195962789516,3.6378622659155386,0.3315124164604373
20550,0.11472241580486298,0.955535888671875,0.043178901076316833,0.04749416656049712,0.03844194730171041,0.15552676025955062,0.7132743289596787,1.43468470065856,0.38789981089835296,1.858588428001935,3.637926365485672,0.3316781800748405
20575,0.11461937427520752,0.9555511474609375,0.04322121664881706,0.04748834842680032,0.038547258953390236,0.15552557740930692,0.7142632919552246,1.4347046026934482,0.38863858830903353,1.8587561459260185,3.6379906653207086,0.33184409839900714
20600,0.11451628804206848,0.95562744140625,0.04322917386889458,0.047497853965760416,0.03865278163800395,0.15552426596510585,0.7152529487683092,1.4347239907824494,0.3893776265199054,1.8589226776675185,3.6380551665232215,0.3320102073779594
20625,0.11441314220428467,0.9556427001953125,0.04326307773590088,0.047485067833388184,0.03875850529182278,0.15552281847788765,0.716243188107127,1.4347427985475434,0.3901168196995025,1.8590878120808991,3.6381197880053926,0.3321764489174055
20650,0.11431001126766205,0.9556732177734375,0.04325967654585838,0.04747894990592416,0.03886441879276932,0.15552123665822712,0.7172339331742014,1.4347610895451812,0.3908560366814121,1.8592520161169686,3.6381846710305488,0.33234284546554194
20675,0.11420680582523346,0.9557342529296875,0.04329097270965576,0.04749996220883777,0.03897053100863902,0.15551952691437948,0.7182252490894118,1.4347788630935865,0.391595362341544,1.859415058987832,3.638249739024005,0.3325093937063368
20700,0.1141035258769989,0.95574951171875,0.04331164062023163,0.047516631703565904,0.03907684467857673,0.15551766803236944,0.7192171610491628,1.434796024984779,0.3923348460759047,1.8595767399686907,3.6383150013529066,0.3326760553519663
20725,0.11400015652179718,0.955810546875,0.043327316641807556,0.04751948783301165,0.03918335229324411,0.15551563566760632,0.7202096045208003,1.4348124756673193,0.39307430490777867,1.8597365373611607,3.6383804904825907,0.33284283899311634
20750,0.11389675736427307,0.9558258056640625,0.04335411638021469,0.04751341373364911,0.0392900663703688,0.15551346823931037,0.7212026830541604,1.4348283730082112,0.3938139077839998,1.859894973357127,3.6384461574523246,0.33300974360778635
20775,0.11379330605268478,0.9558563232421875,0.0433608815073967,0.04753521235704741,0.03939697330347221,0.15551117342913248,0.7221962681420847,1.4348437490772294,0.3945535963384669,1.8600524059243275,3.638511993843522,0.3331767578715745
20800,0.11368981003761292,0.95587158203125,0.04337071254849434,0.04752805317491361,0.03950408606158739,0.15550868896395884,0.7231904965223269,1.4348583555151844,0.3952933423183222,1.8602082645600873,3.638578098503689,0.33334382349299246
20825,0.11358629912137985,0.9559326171875,0.04338989034295082,0.04752522220818451,0.03961138569393374,0.15550608695502538,0.7241851662354428,1.4348724719951884,0.3960331363943575,1.8603629624198363,3.6386443371712547,0.3335110264217411
20850,0.11348272860050201,0.95599365234375,0.04340171441435814,0.04753307696343769,0.039718882145486266,0.15550342174053736,0.7251803858489544,1.4348863871434778,0.3967729988480606,1.8605173164020656,3.63871080613802,0.3336784327291652
20875,0.11337912827730179,0.956024169921875,0.043423183262348175,0.047543542961126346,0.03982659037937804,0.15550064806600544,0.7261762708956386,1.4348998542112936,0.3975129183463627,1.8606708912831877,3.6387774092232843,0.33384594648721017
20900,0.1132754385471344,0.956085205078125,0.043448902666568756,0.04754978690956696,0.0399345262959056,0.1554977095187704,0.7271729911389627,1.434912666742697,0.39825300579315626,1.860823090656128,3.6388442830395182,0.3340135601604471
20925,0.11317172646522522,0.956146240234375,0.043457064777612686,0.047550406544367756,0.04004266559693837,0.15549464817522152,0.7281703062526799,1.434924986026008,0.39899309172045755,1.8609741140676421,3.6389113444367402,0.33418134963884544
20950,0.11306797713041306,0.9561614990234375,0.043475523591041565,0.04756301981709259,0.04015099854839412,0.15549144620607158,0.7291680981585907,1.434936675112654,0.3997331233523912,1.8611236351728053,3.638978454872913,0.33434929018509857
20975,0.11296415328979492,0.9561920166015625,0.04349132627248764,0.04756118782461086,0.04025956070345961,0.1554880660821751,0.7301667400287435,1.4349476638417764,0.40047340624997985,1.8612716175831032,3.639045875728993,0.3345174024342386
21000,0.11286027729511261,0.956207275390625,0.043520040810108185,0.047570933052528394,0.04036834021658327,0.15548455378426757,0.7311660907712433,1.4349581033308205,0.4012138089186654,1.8614183491233773,3.6391134523498794,0.3346856599652918
21025,0.11275631934404373,0.956207275390625,0.0435371994972229,0.04758442721289474,0.04047731677026892,0.15548092831872082,0.7321659765749334,1.434968105475062,0.40195429269395966,1.8615638209318344,3.639181246222607,0.33485419973516156
21050,0.11265232414007187,0.9563140869140625,0.04355006292462349,0.0475791411948601,0.04058649035682189,0.15547715704300782,0.7331664034743772,1.4349775347304359,0.40269477572911444,1.8617080187896764,3.63924929575291,0.33502292936959976
21075,0.11254827678203583,0.95635986328125,0.04355292767286301,0.04759750522463222,0.04069584915553449,0.15547325021547606,0.7341672563263767,1.4349864248353272,0.40343509821171386,1.8618508251665888,3.639317566609323,0.3351917680183083
21100,0.1124441921710968,0.9564056396484375,0.0435718335211277,0.04759151504615384,0.040805398656666866,0.15546923997795745,0.7351685738230458,1.434994905368966,0.4041754189792175,1.8619927545167099,3.6393860113790537,0.33536075821252337
21125,0.11234007775783539,0.9564971923828125,0.043579474091529846,0.047593069916265544,0.04091513949514625,0.15546508529663552,0.7361703554491996,1.435002777525529,0.4049156127689829,1.8621335935431738,3.639454606275632,0.33552991521929354
21150,0.11223592609167099,0.9565582275390625,0.043600887060165405,0.0476144141596728,0.04102508663252836,0.1554608064682952,0.7371727532315142,1.4350101720096777,0.40565581527771133,1.8622736962959539,3.63952344538028,0.33569920354917976
21175,0.11213169991970062,0.9566802978515625,0.04361467435956001,0.047629022312966195,0.041135245380478004,0.1554563986808874,0.7381757953969814,1.4350170324647302,0.40639610713483065,1.8624127778921487,3.639592442240347,0.3358685940551116
21200,0.11202746629714966,0.9567718505859375,0.043630316853523254,0.04761008356620757,0.04124559280411039,0.15545185049109086,0.7391792876364337,1.4350233319287258,0.40713642291990737,1.8625501169661933,3.63966166259255,0.3360381276217154
21225,0.11192318797111511,0.9567413330078125,0.043647777289152145,0.04760605441530521,0.04135613724776905,0.1554471525528006,0.7401833118626735,1.435029043690322,0.4078767397138815,1.8626859369708226,3.639731148281063,0.33620782861984044
21250,0.11181885749101639,0.956756591796875,0.04367000609636307,0.0476155065725391,0.04146689263550136,0.15544229225300324,0.7411879469182261,1.435034024117174,0.408617138792536,1.8628201457956166,3.6398006828624707,0.33637756071350894
21275,0.11171448230743408,0.9567718505859375,0.04368659108877182,0.047632214427877885,0.041577865987060245,0.15543729470823753,0.742193293016686,1.4350384659134143,0.40935762205784904,1.8629530671577132,3.639870461240631,0.3365474177536498
21300,0.11161002516746521,0.95684814453125,0.04370208457112312,0.04763664748227213,0.04168904819438915,0.15543215299604582,0.743199260690769,1.4350423254230993,0.4100981553308325,1.8630848680026668,3.6399404539210973,0.3367174044481971
21325,0.11150553822517395,0.9568634033203125,0.04372022673487663,0.04763896097536581,0.041800443260847094,0.15542690172914847,0.7442058839633998,1.4350457630093443,0.4108387349732333,1.8632159218783093,3.6400106625534527,0.3368874480531196
21350,0.11140097677707672,0.9569091796875,0.0437345951795578,0.04765420344470956,0.041912032178601955,0.1554215444762325,0.7452129925565067,1.4350487966015684,0.4115792476347546,1.8633459859841954,3.6400810909763983,0.33705761808113655
21375,0.11129635572433472,0.95697021484375,0.043749161064624786,0.047659579189211494,0.04202382601955343,0.15541606891703144,0.7462206634994947,1.4350513310465658,0.4123198287052943,1.8634751475936437,3.6401516422544784,0.33722795937456335
21400,0.11119166761636734,0.95703125,0.043769918382167816,0.04767516666784668,0.04213583657386015,0.15541045280654675,0.7472290175717751,1.4350532983308284,0.41306046178715716,1.8636029264750986,3.6402224045472744,0.3373984911677362
21425,0.1110868901014328,0.9570465087890625,0.043783605098724365,0.04769307526437659,0.04224805913827699,0.1554046899607527,0.7482380153147719,1.4350546782214233,0.41380114494172093,1.8637294384193641,3.640293399156015,0.3375691643124445
21450,0.11098209768533707,0.9571075439453125,0.04379956051707268,0.047704224111101104,0.04236047140109996,0.15539882638763497,0.7492474572243563,1.4350556827062855,0.41454170473053964,1.8638551011798663,3.640364625158053,0.337739956445504
21475,0.11087726056575775,0.957183837890625,0.04381043091416359,0.047673878723502594,0.04247309255422352,0.15539284693409328,0.7502574972480306,1.4350562143170744,0.4152821945746986,1.8639799261583554,3.640436012944135,0.33791089088743165
21500,0.11077244579792023,0.957305908203125,0.043830279260873795,0.047668258169137896,0.04258591626247378,0.15538677171026957,0.7512680802880155,1.4350563710245274,0.41602264155077445,1.8641046022713503,3.6405075756408993,0.3380819435881157
21525,0.11066754907369614,0.9573211669921875,0.04385562613606453,0.04768317447422811,0.04269896074673886,0.155380556241416,0.7522793669079539,1.4350559507147231,0.4167631688250264,1.8642281940811543,3.6405793216733784,0.33825317883395845
21550,0.11056259274482727,0.9573974609375,0.04387626051902771,0.04768283951961126,0.04281222299092951,0.15537417042775162,0.7532913450975982,1.4350548463523074,0.4175037613946623,1.8643502092558633,3.640651332347573,0.3384245671625751
21575,0.11045753955841064,0.957427978515625,0.04390277713537216,0.04771133712403585,0.04292571503770779,0.1553676497429078,0.7543041006278852,1.435053187567287,0.41824452678774804,1.864470884635011,3.6407235211661084,0.33859603728939613
21600,0.11035242676734924,0.95745849609375,0.04393661394715309,0.047721499452833785,0.043039395045336146,0.15536097195848328,0.7553172697779758,1.4350508830534137,0.41898523584799613,1.8645903485994595,3.640795917140305,0.33876762765225044
21625,0.11024719476699829,0.9574737548828125,0.043933428823947906,0.04772625835448364,0.04315329431032103,0.15535412971633916,0.7563311176711526,1.4350478835195553,0.41972608811946965,1.8647083775509512,3.6408684816778063,0.33893938489551917
21650,0.11014199256896973,0.95751953125,0.04393874108791351,0.047718793420746204,0.04326735449442742,0.15534714445548412,0.7573451321630509,1.4350442891057964,0.4204665705882503,1.8648251636876039,3.640941217866347,0.33911115744914416
21675,0.11003673076629639,0.957611083984375,0.04395676776766777,0.047759451641357274,0.043381600417417385,0.15534002569960612,0.7583595392306068,1.4350401612197456,0.4212068395621216,1.8649408643652354,3.6410141701230665,0.33928307161450827
21700,0.1099313497543335,0.957611083984375,0.04396876320242882,0.047790414199941865,0.043496019758860444,0.1553327663098371,0.7593742269177791,1.4350354603938482,0.42194686586450497,1.8650550673565687,3.641087322193932,0.3394550269556947
21725,0.10982592403888702,0.9577178955078125,0.04398439824581146,0.047779660215205015,0.04361062627737916,0.15532535384604707,0.7603893137991159,1.4350301276287807,0.42268675396375965,1.8651677760004426,3.6411606704184143,0.3396271004301046
21750,0.10972046852111816,0.9577178955078125,0.04400057718157768,0.04777492022573311,0.0437254364843063,0.1553178147259989,0.7614049466449783,1.4350242925632402,0.4234265597112259,1.8652794600525309,3.6412342343273294,0.33979928760320754
21775,0.10961499810218811,0.957763671875,0.04401368647813797,0.04777311727617594,0.043840449255282396,0.15531016321754318,0.7624211082983089,1.435018010162135,0.4241663574954755,1.865389923500483,3.6413079863485827,0.33997163698163363
21800,0.10950951278209686,0.95782470703125,0.04402390494942665,0.04777200426596445,0.04395566289685835,0.15530239358877487,0.7634377862595693,1.4350112609923291,0.42490601800354977,1.8654992115475095,3.6413819445597646,0.34014416137247394
21825,0.10940401256084442,0.957916259765625,0.04404688626527786,0.04775900381705997,0.04407106299170913,0.15529453327601125,0.7644548516456353,1.435004167346082,0.4256455570992398,1.8656077670137137,3.6414560978197925,0.3403168284618318
21850,0.1092984601855278,0.957977294921875,0.044072188436985016,0.04775972502478398,0.0441866806874409,0.15528654492977031,0.7654725751244579,1.4349965601386145,0.42638516814074734,1.8657153233667687,3.641530455140114,0.3404896808470763
21875,0.1091928631067276,0.9580230712890625,0.04407597333192825,0.047762966120808,0.044302503236891014,0.15527845621566014,0.7664908511615562,1.4349885798207247,0.42712472109624644,1.8658221022942563,3.641605048761738,0.3406627090892345
21900,0.1090872585773468,0.9580535888671875,0.04408402368426323,0.04775324012554683,0.04441851377251827,0.15527026264434798,0.7675095286835902,1.434980198547029,0.4278640748302367,1.8659278979679974,3.6416798608479795,0.3408357449168327
21925,0.10898159444332123,0.9580841064453125,0.04411174729466438,0.0477833624975942,0.044534725946807144,0.15526192574048883,0.7685287238169977,1.4349712372440173,0.4286034146815151,1.8660321293086124,3.641754888356545,0.34100885827058997
21950,0.10887590050697327,0.9581146240234375,0.044111091643571854,0.04776809985931359,0.04465112729740851,0.15525349963418397,0.7695483141577601,1.4349619207343687,0.42934265727537013,1.8661356500548714,3.641830067254767,0.3411821193548839
21975,0.10877016186714172,0.9581451416015625,0.04413800686597824,0.047783122518839115,0.04476772901182785,0.15524496247390449,0.7705684100086113,1.4349521761453063,0.43008178298597644,1.8662383969237735,3.641905469062844,0.3413554798198884
22000,0.1086643636226654,0.958221435546875,0.044151145964860916,0.04778139656367203,0.04488455648279009,0.1552362774586747,0.7715892252947453,1.4349418278883184,0.4308209339876592,1.8663397055283122,3.6419810800239723,0.34152895158731755
22025,0.1085585355758667,0.9582366943359375,0.04417227953672409,0.047784102402305934,0.045001585521857915,0.1552274840913439,0.7726105241433896,1.4349310102001835,0.43155999092339653,1.8664401662992423,3.6420567776996156,0.3417025366989912
22050,0.10845264792442322,0.9582366943359375,0.04418450966477394,0.047800872295165435,0.045118824225427095,0.15521854121017925,0.7736324242865114,1.434919625245454,0.4322989628103858,1.866539664333882,3.642132796878206,0.3418762842189409
22075,0.10834673047065735,0.958251953125,0.04418656602501869,0.04779253428539054,0.045236248669521154,0.15520945143789064,0.7746547021875583,1.434907653404207,0.4330377362252892,1.8666378935384895,3.642209057275597,0.34205013115466304
22100,0.10824082791805267,0.958251953125,0.04419838264584541,0.047778874482475184,0.045353849134480324,0.1552002619793454,0.7756772622145519,1.434895291273816,0.43377621836819386,1.8667352701148756,3.642285504299742,0.34222415412216994
22125,0.10813488066196442,0.9582977294921875,0.044223710894584656,0.0477788286419358,0.04547164187394436,0.155190936827957,0.7767002327325708,1.4348823541460574,0.434514599093475,1.8668312213177687,3.6423620918154334,0.34239835433940075
22150,0.10802888870239258,0.95831298828125,0.044232964515686035,0.0477957290354492,0.04558962942739878,0.15518144764311376,0.7777236349102024,1.4348687121566521,0.43525279378150883,1.8669254154982808,3.6424388230243294,0.3425726737018701
22175,0.10792285203933716,0.9583282470703125,0.044249277561903,0.04780107098389416,0.04570780954442373,0.1551717937772826,0.778747479390525,1.4348544194237236,0.43599078295054694,1.867018027989594,3.642515843222554,0.3427470838823172
22200,0.10781677067279816,0.9583282470703125,0.04426415264606476,0.0477871872633033,0.04582618300740859,0.15516200903726146,0.7797717507373862,1.4348395934073719,0.4367286298235967,1.8671092031010361,3.642593054108483,0.3429216919091089
22225,0.10771068930625916,0.9583587646484375,0.044285848736763,0.04777465341808524,0.04594475344947557,0.15515209045710357,0.7807964781433477,1.434824219318586,0.4374663071999552,1.8671989487112493,3.642670453215357,0.3430963787897711
22250,0.10760457813739777,0.95843505859375,0.044287536293268204,0.0477718640815469,0.046063524166967185,0.1551420225011145,0.7818216766837014,1.4348082038575165,0.4382038313070249,1.8672871757977458,3.642747986328987,0.34327112710602636
22275,0.10749845951795578,0.958465576171875,0.04430665820837021,0.04777253333154779,0.04618247439569364,0.15513181732993875,0.7828471868284295,1.4347916358882242,0.4389410272910296,1.8673740669868741,3.6428257365858165,0.34344593838200305
22300,0.10739226639270782,0.9584808349609375,0.04433038830757141,0.04779550295092777,0.04630163171034306,0.15512148347544225,0.7838732321168242,1.4347745378910806,0.43967821040841026,1.8674595535123748,3.642903661165857,0.3436209176299916
22325,0.10728597640991211,0.9586029052734375,0.044346507638692856,0.047796067118744213,0.046420987333199014,0.1551110177553607,0.7848997374507807,1.434756896304093,0.44041533051374276,1.8675440164514097,3.6429817632697663,0.3437961021187647
22350,0.10717964917421341,0.958648681640625,0.0443650484085083,0.04780071502045852,0.04654054251168907,0.1551004017155304,0.785926727701276,1.434738654190255,0.44115231962750634,1.867627038676797,3.643060115328557,0.34397145997092987
22375,0.10707332193851471,0.9586639404296875,0.04436926916241646,0.047789214622064057,0.04666028973376984,0.15508970601948688,0.7869541274914812,1.4347201186401604,0.44188915165140064,1.8677096499939716,3.6431386674871415,0.34414702135732744
22400,0.1069670170545578,0.958740234375,0.04438061639666557,0.04778779623765265,0.046780214816981254,0.1550789086558498,0.787981814305391,1.4347011840977968,0.4426257843363559,1.8677912712171332,3.64321741043295,0.34432273726782703
22425,0.10686065256595612,0.958770751953125,0.044402893632650375,0.0477969173243267,0.04690033221351739,0.15506798713983258,0.789009915756617,1.43468175855907,0.4433623456868166,1.8678710360854618,3.643296374887547,0.3444985151726077
22450,0.10675416886806488,0.9588470458984375,0.04441620409488678,0.04782828191049094,0.04702067114946448,0.15505689643163778,0.7900386727459581,1.4346616270282788,0.44409884344875744,1.8679491815687979,3.643375544285142,0.3446744012058833
22475,0.10664770007133484,0.9588775634765625,0.044420577585697174,0.04780212841010878,0.04714119754288107,0.15504571340309384,0.791067801400376,1.4346411523673468,0.4448351103240514,1.868026275669222,3.643454937311188,0.344850439835354
22500,0.106541208922863,0.9589385986328125,0.04442939534783363,0.04781946155743091,0.04726190792240557,0.1550344146726265,0.7920972620925402,1.4346202087924578,0.4455712090166164,1.8681024268133952,3.6435345094737315,0.3450266609309136
22525,0.10643470287322998,0.9589996337890625,0.04443858563899994,0.04781828588420447,0.04738280724141849,0.15502301924488368,0.7931270909343937,1.4345988758949324,0.4463070199123889,1.8681777359703895,3.6436142398382896,0.34520301497725914
22550,0.1063280776143074,0.9590301513671875,0.04446116089820862,0.047846805410580166,0.04750391274593846,0.15501150104920397,0.7941574441407602,1.434577056460383,0.44704277027453976,1.8682519304599816,3.6436941881153837,0.3453795559093189
22575,0.10622142255306244,0.959075927734375,0.04447655752301216,0.047840394759141903,0.04762521280005174,0.15499986615457256,0.7951882227274424,1.4345547777412446,0.4477783780841901,1.868325039294679,3.643774352471688,0.3455562761044931
22600,0.10611474514007568,0.9591522216796875,0.04446394741535187,0.047842935523018236,0.047746680853563976,0.15498809573858238,0.7962191941573651,1.4345319343430598,0.44851353698192953,1.868397431975446,3.643854686727483,0.3457331339735089
22625,0.10600808262825012,0.959197998046875,0.04448419436812401,0.047857809437903624,0.04786831155911522,0.1549762191867579,0.7972503222139274,1.4345086775991294,0.44924828169988396,1.868469100841157,3.6439352301373913,0.34591010797739374
22650,0.1059013307094574,0.959228515625,0.04449418559670448,0.047873593062434834,0.047990130738583645,0.15496418793564698,0.7982818232263058,1.4344847855810106,0.4499827410732014,1.8685393151467784,3.644015990178592,0.3460871854617895
22675,0.10579454898834229,0.9592742919921875,0.04450239986181259,0.04785618897322751,0.04811212326521977,0.1549520353866233,0.7993135711932798,1.4344604136899115,0.45071694469686946,1.868608560737715,3.6440969692308527,0.34626450624260974
22700,0.10568772256374359,0.9593353271484375,0.04454036429524422,0.047864949695393066,0.048234321898684145,0.1549397852932341,0.8003458204243363,1.4344356411431252,0.45145121566230334,1.8686769422261296,3.644178089493773,0.3464420618684627
22725,0.10558081418275833,0.9593963623046875,0.04455495998263359,0.04787909130545387,0.04835673317604349,0.15492741718852754,0.8013786362209008,1.434410395660819,0.4521854548984129,1.8687442758294557,3.644259408279397,0.3466198419907675
22750,0.10547380149364471,0.9594268798828125,0.04456894099712372,0.0479040924832746,0.048479356546465645,0.15491488853792662,0.8024120106388074,1.434384477048745,0.45291941169999084,1.8688100407048347,3.644340917546689,0.34679780640362484
22775,0.10536672919988632,0.9594879150390625,0.044585250318050385,0.04792173662639096,0.04860218809078955,0.15490219382273437,0.8034459180212679,1.4343578744842123,0.45365313384007366,1.8688743640690497,3.6444226550972103,0.34697587522460377
22800,0.10525958240032196,0.959503173828125,0.04459187388420105,0.047931216892811095,0.048725234126356584,0.15488934066349924,0.8044803965052674,1.434330600667788,0.45438673810469327,1.8689372365829464,3.6445045639480336,0.3471539608334522
22825,0.1051524430513382,0.959564208984375,0.04459524527192116,0.04791416555437098,0.04884845276205222,0.15487639373624237,0.8055151090829121,1.434302972836689,0.45511998041176666,1.8689993526789475,3.6445866895986887,0.34733215983505045
22850,0.10504532605409622,0.9596099853515625,0.0446159690618515,0.04790219576745801,0.04897184449294753,0.15486331639658105,0.8065500465572516,1.4342747982046735,0.4558530512760106,1.8690600308985175,3.6446689736050417,0.34751053102846746
22875,0.10493821650743484,0.959625244140625,0.04461824148893356,0.047888088213477904,0.049095413804482735,0.15485011698035764,0.8075852414768361,1.4342461082510674,0.4565858026710943,1.8691193312218704,3.644751398181434,0.3476889614001926
22900,0.10483114421367645,0.9596710205078125,0.044611431658267975,0.047880226621870255,0.04921915407193249,0.15483681930074408,0.8086206648375078,1.4342170591991614,0.4573181676214556,1.8691776902520485,3.644834080365751,0.3478675160845822
22925,0.10472409427165985,0.9597015380859375,0.04461498185992241,0.047856851845373555,0.04934305053988811,0.15482341867132776,0.8096561905510653,1.4341876207700217,0.45805009722886225,1.8692350826852826,3.6449169986325143,0.34804614871421685
22950,0.10461702942848206,0.959747314453125,0.04463886469602585,0.04787524953792262,0.049467131515586675,0.15480991249556952,0.810692041433293,1.4341577643338437,0.45878168636702876,1.8692914879968872,3.6450001110571213,0.34822501326110256
22975,0.10450990498065948,0.9597625732421875,0.04465413838624954,0.04788021261438109,0.049591433987839904,0.15479629012784119,0.8117284982742761,1.4341274029699245,0.45951317858440754,1.8693465857934006,3.6450833223295054,0.3484041464924869
23000,0.10440268367528915,0.9597930908203125,0.044676560908555984,0.04790098720036847,0.04971593533750531,0.15478252915379437,0.8127653922151343,1.4340964643685103,0.4602445008234442,1.8694001864533163,3.645166712874159,0.34858341028131684
23025,0.10429543256759644,0.959808349609375,0.04467243328690529,0.04789496450979707,0.04984063045491649,0.15476861399276345,0.8138026922505558,1.4340648970916778,0.46097556784553806,1.8694522879190112,3.6452503357809762,0.3487627552856932
23050,0.10418819636106491,0.9598388671875,0.044681403785943985,0.04787959634983613,0.04996549208043024,0.15475461434188725,0.8148401671371605,1.4340330097737972,0.46170622830420877,1.8695037621152033,3.6453341551277516,0.34894215513467464
23075,0.10408098250627518,0.95989990234375,0.04468586668372154,0.04786539512639081,0.05009053400814012,0.15474050828984748,0.8158779352731805,1.4340007116997004,0.46243662322526424,1.8695544469898824,3.645418198632794,0.3491216278334341
23100,0.10397375375032425,0.959930419921875,0.04468892887234688,0.047887635143269505,0.05021574434582025,0.1547263022373404,0.8169159023134579,1.4339680375404302,0.4631665968280009,1.8696042246246936,3.645502479325443,0.3493012859495163
23125,0.10386653244495392,0.9599761962890625,0.04469018429517746,0.04786954293395533,0.05034111318136021,0.15471199563419002,0.8179539838529541,1.4339349781251405,0.46389599073554966,1.8696530269660128,3.6455869806503483,0.34948092640646883
23150,0.10375931113958359,0.9600372314453125,0.04469197615981102,0.04785732212025617,0.050466660182897874,0.1546975575900272,0.8189923389184396,1.4339013889844712,0.4646250627758073,1.8697005998931249,3.645671699563461,0.3496606101410572
23175,0.10365210473537445,0.960113525390625,0.044695015996694565,0.04786777725321018,0.050592375066366775,0.15468303830090752,0.8200308581711255,1.4338674579942845,0.4653537232046405,1.8697476009305294,3.6457565225748674,0.3498404223876909
23200,0.10354486852884293,0.96014404296875,0.04470812901854515,0.0478757141688486,0.050718255150331445,0.15466838974882002,0.8210695659681986,1.4338330433779756,0.46608186481282043,1.869793498308149,3.645841655343722,0.3500203541642639
23225,0.10343758761882782,0.9602203369140625,0.044710781425237656,0.047881107434127684,0.05084432303176394,0.15465359889165592,0.8221086091012846,1.4337980219317499,0.466809688690833,1.8698379575533803,3.6459269386832207,0.3502003053302356
23250,0.10333029925823212,0.9603424072265625,0.044716350734233856,0.0478820617383119,0.05097056585358315,0.15463870275396085,0.8231478954120947,1.43376258684565,0.4675371081966092,1.8698816703638543,3.6460124277758554,0.3503803414172817
23275,0.10322298109531403,0.9603729248046875,0.044726163148880005,0.04789071212113538,0.05109698006554084,0.1546237050859755,0.8241873869712132,1.433726739860503,0.4682640708720914,1.8699242406211334,3.646098083130689,0.3505604452955628
23300,0.10311563313007355,0.960418701171875,0.04472547769546509,0.047884685082093016,0.051223568921637194,0.15460866026845344,0.8252271060797163,1.4336907267229908,0.4689906759833551,1.8699664410204093,3.6461838887798277,0.3507406434646331
23325,0.10300832241773605,0.9604339599609375,0.044727522879838943,0.04787313869170108,0.05135031242117137,0.15459355643105058,0.826266915164008,1.4336545335315969,0.4697168424733011,1.8700082492977992,3.6462699494991777,0.3509208973608227
23350,0.10290102660655975,0.9604949951171875,0.04472959414124489,0.047876923671041995,0.05147721760612498,0.15457836874950173,0.8273068576813064,1.4336180218736831,0.4704425325311994,1.8700493089511177,3.646356206222054,0.3511012694072824
23375,0.10279369354248047,0.960540771484375,0.0447467640042305,0.04786898409225171,0.051604317449234605,0.15456308449659167,0.8283471851156152,1.4335811098364117,0.47116789701768524,1.8700894402667625,3.6464426009723367,0.351281836531612
23400,0.10268639028072357,0.9605712890625,0.044741466641426086,0.04786025835103898,0.051731594510931886,0.15454769206727711,0.8293877750377396,1.4335437752249656,0.47189284967257844,1.870128493969578,3.6465292144746737,0.3514624974763659
23425,0.10257907211780548,0.9606170654296875,0.04474968463182449,0.047852800304498844,0.05185904104622683,0.15453219475201768,0.8304285574350344,1.433506020073325,0.472617404291431,1.8701666716619316,3.646616013395699,0.3516432801105828
23450,0.10247177630662918,0.96063232421875,0.04475411772727966,0.04785583839050975,0.05198664658291886,0.15451656835388553,0.831469440856408,1.433467719103982,0.4733414887862527,1.8702035590223027,3.646702964869791,0.35182410259992886
23475,0.1023644506931305,0.960723876953125,0.04475739225745201,0.04783442770154848,0.0521144242696067,0.15450084095553396,0.832510540319163,1.4334290195446504,0.4740651612805128,1.870239806736215,3.646790112397417,0.35200509717254463
23500,0.10225716233253479,0.960784912109375,0.044765882194042206,0.047837621420049665,0.05224236406647434,0.15448501010880708,0.8335517878546205,1.4333899312491745,0.47478844993197056,1.870275293568354,3.6468775102449746,0.35218625747536375
23525,0.1021498516201973,0.9608154296875,0.04476314038038254,0.04783427883101112,0.052370469918058014,0.15446905768661504,0.8345932041986778,1.4333503515220178,0.4755113106222955,1.8703099540490236,3.6469651114211374,0.3523674421206995
23550,0.102042555809021,0.9608612060546875,0.04476022720336914,0.047820940950542457,0.05249873258696603,0.15445303211127576,0.8356347157341673,1.4333105048864447,0.4762337453346306,1.870343973897729,3.647052915893061,0.35254876573331084
23575,0.10193527489900589,0.9609222412109375,0.04477813094854355,0.047832132611760524,0.05262715256397935,0.15443690452629413,0.8366763122967728,1.4332702329582343,0.47695572205846704,1.8703771162111102,3.6471408615959953,0.35273019079690354
23600,0.1018279641866684,0.9609375,0.04477986693382263,0.047819534110812745,0.05275574506586291,0.1544206755255129,0.8377181248658897,1.4332295555835197,0.4776773386319113,1.870409496270263,3.6472289923209256,0.3529117484819533
23625,0.10172067582607269,0.9609222412109375,0.04478222876787186,0.047814078839496316,0.052884482811686145,0.15440436672416957,0.8387599447938507,1.4331885865985317,0.47839843249951963,1.8704412238855113,3.647317342780445,0.35309338778836086
23650,0.1016133576631546,0.960968017578125,0.04478840157389641,0.04781246921820543,0.05301340411557974,0.15438795228704413,0.8398020596904611,1.4331471780406897,0.47911917643283924,1.8704717590082964,3.6474058418377253,0.35327515807142673
23675,0.10150603204965591,0.961029052734375,0.044810447841882706,0.04781001456188217,0.05314252196451394,0.15437144002481143,0.840844583184018,1.4331053856675047,0.479839644019234,1.8705013646439415,3.647494539445471,0.35345703487827307
23700,0.10139863938093185,0.9610595703125,0.04482070729136467,0.04783417457393779,0.053271841072902094,0.15435482341239523,0.8418875447552829,1.4330631674596483,0.4805599118214118,1.8705300171416752,3.6475834060532453,0.35363912278276594
23725,0.1012912318110466,0.9610748291015625,0.04482322186231613,0.047816524280522084,0.053401323011840314,0.1543381081025177,0.8429306512792301,1.4330205687031932,0.4812797820038805,1.8705577870727352,3.647672490454097,0.3538213908716906
23750,0.10118386149406433,0.96112060546875,0.044837769120931625,0.04779707779243307,0.0535309778376354,0.15432128246451096,0.8439739859570276,1.4329775419032853,0.48199935416689493,1.8705846189945654,3.6477618095184785,0.3540038902540439
23775,0.10107651352882385,0.9611358642578125,0.04483174905180931,0.04777783168063542,0.053660799510747856,0.15430436108134715,0.8450174860982592,1.432934129378676,0.48271851679841477,1.8706102933488407,3.647851298952842,0.3541864963642143
23800,0.10096919536590576,0.961181640625,0.04483811557292938,0.047772890302189945,0.053790782536457846,0.1542873470695058,0.8460611229828262,1.4328903702415927,0.4834372541714343,1.8706350341020683,3.6479410217888786,0.3543692250999033
23825,0.10086183995008469,0.9612274169921875,0.04485130310058594,0.04778149994175795,0.05392094116517131,0.15427020248583273,0.8471049987283801,1.4328460714188995,0.4841556473657394,1.870658466435612,3.6480309353862075,0.35455202821470866
23850,0.10075444728136063,0.96124267578125,0.04485805705189705,0.04779415387544863,0.054051278449746526,0.15425292924592632,0.8481491357053313,1.4328012395685636,0.484873655525758,1.8706805453143027,3.648121034450802,0.35473492941295415
23875,0.10064701735973358,0.961273193359375,0.04485400393605232,0.04780192313227042,0.054181774684477164,0.1542355574692976,0.8491933800053229,1.4327560160375372,0.48559110405669836,1.8707016067985949,3.648211323079078,0.35491790290091607
23900,0.10053955018520355,0.9612884521484375,0.044881176203489304,0.04783506650927844,0.054312446152009544,0.15421808551612132,0.8502378578045835,1.4327103907458234,0.4863080729465845,1.8707218619420287,3.6483017953177237,0.3551010113342001
23925,0.10043197125196457,0.9613189697265625,0.044895756989717484,0.047838713103763426,0.05444332952013615,0.15420055274981467,0.8512828346955725,1.4326645115256786,0.48702496332408574,1.8707414093635175,3.648392362286538,0.3552842906266315
23950,0.10032439231872559,0.96136474609375,0.044888511300086975,0.0478283038096505,0.054574396924899654,0.15418289961167256,0.8523281233323854,1.43261815482293,0.48774149553979845,1.8707599012506961,3.648483159529045,0.3554676424454008
23975,0.10021679848432541,0.9613800048828125,0.04489266499876976,0.04784059275572888,0.05470563318886625,0.15416513280523103,0.8533735987503652,1.4325713414745131,0.48845757677921253,1.8707774715368022,3.648574161182475,0.3556511125923806
24000,0.10010922700166702,0.9614410400390625,0.044880494475364685,0.04780687368662965,0.05483701945337092,0.15414726590809952,0.8544191060512151,1.4325241212772617,0.4891731138883163,1.8707941424828354,3.648665333760785,0.3558346607682506
24025,0.10000176727771759,0.9615020751953125,0.044879000633955,0.04778829015208734,0.05496855000244893,0.15412931321473217,0.8554646147735534,1.432476583410207,0.4898881245491916,1.8708099960977516,3.648756735546565,0.35601828174470934
