step,loss,acc_train,gnorm_theta,gnorm_phi,align_u,align_V,gain_u,gain_V,h_u,h_V,w_norm,disp
0,0.714850902557373,0.49627685546875,0.08318589627742767,0.44854047348191284,0.001964936026556246,0.0242259288887464,0.15501199959979053,0.5442912214485055,0.026728918621048724,0.2903903128770632,3.4969635927742284,0.0
25,0.7121352553367615,0.49676513671875,0.07800085097551346,0.23729729509675382,0.0019634413526082263,0.02411755111662999,0.15494081903556328,0.543029576538498,0.026709210282692387,0.2891278265550376,3.496687979653146,0.0005728908317725695
50,0.7107936143875122,0.498382568359375,0.07520637661218643,0.2075987268360939,0.0019638587525355375,0.02401702462167137,0.1549460351129882,0.5418573203770153,0.026714862293156075,0.28795413210395465,3.496434069011028,0.0011196812572202433
75,0.7096258401870728,0.4993438720703125,0.07289240509271622,0.19907214684195781,0.001966163559146726,0.0239212135795522,0.15502628282860684,0.540738281881903,0.026745468829816994,0.2868340658261636,3.4961939139173923,0.0016479097509600922
100,0.7085373401641846,0.500274658203125,0.07083839923143387,0.19270963218547377,0.0019703045516130716,0.023829464775035707,0.15517933637196354,0.5396651256726132,0.02680038321264367,0.2857604338636296,3.49596607813731,0.0021598641460164455
125,0.7075138688087463,0.501312255859375,0.06910999119281769,0.1869610365962075,0.001976233329178078,0.02374145633859038,0.15540300790912034,0.5386342790202726,0.026878995086839982,0.28472939923208485,3.4957495534866676,0.002657131189760105
150,0.7065474987030029,0.502288818359375,0.06766582280397415,0.18166521322170903,0.0019839200379774932,0.02365685419982528,0.15569576778339533,0.5376420423137611,0.026980958861310432,0.2837376459822533,3.495543616552234,0.0031418053399618244
175,0.7056318521499634,0.503448486328125,0.06648007035255432,0.17677362164852403,0.001993333477354976,0.02357542485125728,0.15605595474566772,0.5366858297284607,0.027105932025224235,0.28278247336195794,3.495347546990071,0.0036154911368877257
200,0.7047613263130188,0.5042572021484375,0.06555381417274475,0.17225365601261688,0.002004440380126375,0.0234968416139954,0.1564817624674063,0.5357619937640062,0.027253512420868792,0.28185988964479436,3.4951607717287896,0.0040799716394443715
225,0.7039309740066528,0.5052947998046875,0.06486727297306061,0.168075891128536,0.0020172167256386634,0.023420871045879504,0.15697168296616446,0.5348679261420382,0.027423403147535066,0.28096730120908403,3.4949827322333338,0.004536554486297308
250,0.7031363248825073,0.5066375732421875,0.06441269814968109,0.16420689958004017,0.002031642522413229,0.02334725237013647,0.15752430824576158,0.5340006959028107,0.027615372963750922,0.2801017405529917,3.4948129321013712,0.004986987127204099
275,0.7023736238479614,0.5084075927734375,0.06406669318675995,0.16062718440566567,0.0020476967511085845,0.023275931207784904,0.15813813827877857,0.53315972282912,0.027829150129659905,0.2792624610735034,3.4946509230265157,0.005432120473308261
300,0.7016392946243286,0.509857177734375,0.06395182758569717,0.15731228172460887,0.002065373995275284,0.023206686336805567,0.1588122280331868,0.5323425155911279,0.028064649658787917,0.27844710001872747,3.4944963111601113,0.005873159142327808
325,0.7009304165840149,0.5110321044921875,0.06395965069532394,0.15424171532939232,0.0020846681126392443,0.023139384105553728,0.1595455526485047,0.5315475718659028,0.028321837572874275,0.27765394732848514,3.4943487004101574,0.006311097897710788
350,0.7002438306808472,0.511962890625,0.06419869512319565,0.15140145619474993,0.0021055753509799883,0.023073883461483573,0.16033713711297445,0.5307733125703941,0.028600664253444937,0.2768815200150319,3.494207816428887,0.00674730913799849
375,0.6995769739151001,0.5133209228515625,0.06458605080842972,0.14877368079973916,0.0021280977930535406,0.023010021230222766,0.16118618205384713,0.5300178883476955,0.028901149438759228,0.27612809205173017,3.4940733503945793,0.007182993549171775
400,0.6989274621009827,0.5152740478515625,0.06511171907186508,0.14634201609935876,0.0021522378903439596,0.022947627245338147,0.16209186075377596,0.5292793677140736,0.02922333226723747,0.2753917004729508,3.493945057271373,0.007619246084157564
425,0.6982932686805725,0.5165557861328125,0.06572462618350983,0.14409533013214149,0.002177998050113197,0.02288664396967222,0.16305330194977616,0.5285571006759326,0.029567255598477303,0.2746715988017221,3.4938226398136014,0.00805696497944166
450,0.6976723670959473,0.517364501953125,0.06645775586366653,0.14201933819105905,0.0022053862802233295,0.02282695273984424,0.16406981171016258,0.5278497440219952,0.029933005547490045,0.2739663251680192,3.493705917291893,0.008496831062465097
475,0.697063148021698,0.5182647705078125,0.0672648549079895,0.14010448636649772,0.0022344116194875172,0.02276851084436821,0.1651406969500624,0.5271568278930082,0.030320703442858248,0.27327551192274246,3.493594720145018,0.008939418953043123
500,0.6964638829231262,0.5197601318359375,0.068191297352314,0.13834510529107572,0.0022650882244724304,0.02271126898001688,0.1662654186177004,0.5264778077606133,0.030730524089979408,0.27259829683452247,3.493488910286261,0.00938567611047376
525,0.695872962474823,0.521148681640625,0.06919673085212708,0.13673241220360996,0.002297432162579449,0.022655117038522445,0.16744346622039497,0.5258114178274375,0.031162664443688558,0.2719334689656048,3.493388267768579,0.009836332670690206
550,0.6952890753746033,0.52264404296875,0.07028692215681076,0.135250434890615,0.0023314603642369497,0.02259997428328227,0.1686743279527641,0.5251567386862427,0.03161732309611666,0.2712799099697413,3.493292650253252,0.010292061830984337
575,0.6947107315063477,0.5235443115234375,0.07146859914064407,0.13390005209156253,0.0023671971760866974,0.022545731983707105,0.16995772596260156,0.5245125264722111,0.03209481677966488,0.2706364619567756,3.4932019550929767,0.01075369436245287
600,0.6941367387771606,0.524871826171875,0.0726936087012291,0.13267305585395242,0.0024046661289458832,0.022492397863139016,0.17129331455622238,0.5238788898995551,0.032595419742832865,0.2700036095469942,3.493116096887789,0.0112217609998534
625,0.6935659050941467,0.5261688232421875,0.07400067150592804,0.1315627265838623,0.0024438913596555836,0.022439919003889638,0.172680732637305,0.5232552291064814,0.03311942885499939,0.2693808234032228,3.4930349786479282,0.011696875055539636
650,0.6929970383644104,0.527374267578125,0.07537488639354706,0.13056532833700607,0.0024849054279442585,0.022388153936451057,0.17411988007269705,0.5226399085303893,0.03366725039424148,0.26876635910744406,3.492958509610598,0.012179861570647798
675,0.6924290657043457,0.529052734375,0.07678624242544174,0.12967506297527254,0.0025277348266926573,0.022337111942174935,0.175610401669963,0.5220330396645874,0.03423919711089278,0.26816011143548113,3.492886552745429,0.012671052499667976
700,0.6918610334396362,0.530609130859375,0.0782555565237999,0.12888594896932723,0.0025724071237444,0.02228678597375326,0.17715195329624883,0.5214345629235833,0.03483558690346546,0.26756222225371973,3.492819101780912,0.013170845383619765
725,0.6912919282913208,0.5313568115234375,0.07978659868240356,0.12819628254744395,0.002618961199303722,0.02223710762124343,0.17874454360480607,0.5208436936821788,0.03545688186100432,0.26697190238913465,3.4927561109672185,0.013679919279994976
750,0.690720796585083,0.533203125,0.08132001012563705,0.1276005536242193,0.0026674284845095023,0.02218800302298275,0.1803878836893117,0.5202595720539733,0.036103462332583096,0.2663882451143196,3.492697482696459,0.014198705670659083
775,0.6901469230651855,0.534393310546875,0.08292671293020248,0.12709801819523645,0.0027178441844447026,0.02213948450095423,0.18208178625627644,0.5196823655572977,0.036775743627640994,0.26581134883743074,3.4926432517759753,0.01472759515766065
800,0.6895690560340881,0.536041259765625,0.08459220826625824,0.12668419060134564,0.002770264033878582,0.02209147476737294,0.1838267032843836,0.5191111670563149,0.03747441936761313,0.26524026473011303,3.4925933027517218,0.015267328738783689
825,0.6889864206314087,0.53765869140625,0.08630821853876114,0.1263578792158229,0.0028247263875269242,0.02204397613748955,0.18562246539835991,0.5185460247092029,0.038199943554016555,0.26467505120323565,3.492547674475181,0.015818112552960503
850,0.6883981227874756,0.53912353515625,0.0880286917090416,0.12611718953055995,0.0028812876739831633,0.021996939780758944,0.18746945374589888,0.5179863748651544,0.03895300281448201,0.26411505529939816,3.4925063407101367,0.016380321392427327
875,0.6878035068511963,0.5409393310546875,0.0898047685623169,0.12595827600491347,0.0029399922883481732,0.021950342640980364,0.18936761001162716,0.5174319650666436,0.03973410466934313,0.2635603730989068,3.4924693417579866,0.01695424989954228
900,0.6872014999389648,0.5427093505859375,0.09163453429937363,0.12587670088005903,0.0030008861550874324,0.021904154051667835,0.19131688070085137,0.5168824350665923,0.04054377661178153,0.26301079460486537,3.492436604386723,0.01754050586037493
925,0.686591386795044,0.5442352294921875,0.09346874058246613,0.12587376747134832,0.003064028360255216,0.021858378018900504,0.19331759478197078,0.5163378462703693,0.0413827194137562,0.26246614620348774,3.4924081474860706,0.018139427717788256
950,0.6859723329544067,0.5456695556640625,0.09535884112119675,0.1259480826244045,0.0031294648073918593,0.021812986922938957,0.19536961990587012,0.5157978945706937,0.04225146811145243,0.261925924783864,3.4923840457326616,0.018751302961606528
975,0.6853436231613159,0.5474700927734375,0.09724987298250198,0.12609663231892204,0.0031972503352935967,0.02176794040182079,0.19747306048040372,0.5152621081741905,0.04315063727729494,0.26138984548246275,3.492364268951933,0.019376408258747917
1000,0.6847044825553894,0.549102783203125,0.09916682541370392,0.1263159450205416,0.003267439046601059,0.021723232250261893,0.19962795976948647,0.5147304298073746,0.044080841039825874,0.26085764611352924,3.4923488670229066,0.020015010365538502
1025,0.6840540170669556,0.5510101318359375,0.1011556088924408,0.1266077585834028,0.0033401087722865694,0.021678823469587844,0.20183503770769615,0.5142024120981601,0.04504298076319586,0.26032916779237975,3.4923378840359995,0.020667502728264883
1050,0.6833914518356323,0.5531463623046875,0.10312449932098389,0.12697030012059515,0.0034153200896072703,0.021634709524409712,0.2040944303654633,0.5136780178902681,0.04603772857518798,0.2598043802276057,3.492331384397507,0.021334149782968142
1075,0.6827161312103271,0.55499267578125,0.1051582545042038,0.1274003493305398,0.003493138219029106,0.021590905625228463,0.2064063664464263,0.5131574436229788,0.04706579634911936,0.25928360828134034,3.4923294270115894,0.022015123386921735
1100,0.6820269227027893,0.5567474365234375,0.10724201053380966,0.12789973130134863,0.0035736366921602057,0.02154731354184283,0.2087712612107835,0.512639517353402,0.04812804221589927,0.25876548674227895,3.4923319370279393,0.022711009320660582
1125,0.6813231706619263,0.5581817626953125,0.10932968556880951,0.12846502881720612,0.003656900248732673,0.021503930813026925,0.21118981106803206,0.5121242390973598,0.04922541574445722,0.2582500780229656,3.492339086710027,0.0234222307788598
1150,0.6806042194366455,0.5605621337890625,0.11142463237047195,0.12909646216580034,0.0037429854653337077,0.021460774539709744,0.21366182992717303,0.511611819615454,0.05035847140372091,0.2577376559766136,3.492350896596551,0.02414864339487989
1175,0.6798691749572754,0.562957763671875,0.11354821920394897,0.12979090336448557,0.0038319725493083075,0.021417829729384587,0.21618777134038694,0.5111020943894895,0.05152811474465426,0.2572278543604264,3.4923674338583637,0.024890491974336924
1200,0.6791172027587891,0.5650177001953125,0.11571822315454483,0.13054921437231404,0.0039239431173363525,0.021375032695515692,0.21876807136471813,0.5105943213610875,0.05273521309413186,0.2567201837332508,3.4923887984235193,0.025648136887437778
1225,0.678347647190094,0.566986083984375,0.11788423359394073,0.1313692631031451,0.0040189735280993415,0.02133235981422443,0.22140295892813944,0.5100882247195306,0.05398057666327519,0.25621457890479726,3.49241502429137,0.026421651567830336
1250,0.6775596141815186,0.569000244140625,0.12005673348903656,0.13224990217844518,0.004117143304817209,0.02128984305132497,0.22409270871648862,0.5095842120793038,0.05526501896955861,0.2557113984999086,3.4924462776064606,0.02721120648531406
1275,0.6767524480819702,0.5711212158203125,0.1223013624548912,0.1331912318983768,0.00421854389286044,0.021247546269122463,0.22683785750380375,0.5090830559189599,0.056589544935963076,0.2552113989795628,3.4924825961646384,0.028016960732235446
1300,0.675925076007843,0.573150634765625,0.12449780106544495,0.1341893509132682,0.004323261386616711,0.021205468954113144,0.22963874127139866,0.5085847706793808,0.0579550535196559,0.2547145572755678,3.4925240924549823,0.02883917272040496
1325,0.6750769019126892,0.5752716064453125,0.12679743766784668,0.13524466812574046,0.004431379561522586,0.021163632015958066,0.23249558218730865,0.508089629382863,0.05936235877590794,0.25422093051791184,3.4925708892311684,0.029677837155949748
1350,0.6742068529129028,0.5777435302734375,0.12907889485359192,0.13635835751257058,0.0045430027858979205,0.02112194572158606,0.23540908244660014,0.5075965646033902,0.06081256293559044,0.25372987729501323,3.4926230271369567,0.030533539487116904
1375,0.6733142137527466,0.58013916015625,0.1313921958208084,0.13752721338412993,0.004658231621340589,0.021080439576711397,0.23837978431570306,0.5071059593337018,0.062306673797025605,0.25324178845619477,3.4926806883349744,0.031406312144842526
1400,0.6723982095718384,0.582550048828125,0.13372386991977692,0.1387486389246033,0.00477716366751324,0.021039082171631807,0.24140808303200745,0.506617446979129,0.06384563106638692,0.2527563103512017,3.4927439343049165,0.03229625264006034
1425,0.6714575886726379,0.58538818359375,0.13612112402915955,0.14002484487477546,0.004899914048234761,0.020997847452328567,0.24449476438248138,0.5061307465614419,0.0654306531239177,0.25227320482063975,3.492812982480145,0.03320382802373509
1450,0.6704918146133423,0.587677001953125,0.13848431408405304,0.1413521419294572,0.005026581871121657,0.020956804270354065,0.24764013406798055,0.5056467017954546,0.06706266952309875,0.2517928177122918,3.4928879198222806,0.03412889556671714
1475,0.6694998741149902,0.5898895263671875,0.14085505902767181,0.14273055711014224,0.005157269795879889,0.020915901981390886,0.25084453333445356,0.505164721896941,0.06874262793162157,0.25131480548341284,3.492968869612843,0.035071674530509654
1500,0.6684811115264893,0.5925445556640625,0.14329557120800018,0.14416038632983624,0.0052920942441476255,0.020875197105357485,0.2541085777676812,0.5046855066606257,0.07047159366283579,0.25084014301954105,3.493055938901373,0.036032339014166144
1525,0.6674343347549438,0.595184326171875,0.14575514197349548,0.14563920790132628,0.005431178261510949,0.0208345623685641,0.2574329711089014,0.5042075350053368,0.07225074341126714,0.2503673721873491,3.4931492373893147,0.03701121727812839
1550,0.6663585901260376,0.5976715087890625,0.1482282280921936,0.14716627785729394,0.005574643783533375,0.02079397771859715,0.26081831937833644,0.5037305825068388,0.07408122806042614,0.24989604640061322,3.493248903622531,0.03800858025097951
1575,0.6652531027793884,0.599853515625,0.15070587396621704,0.14873859560524882,0.005722611547501227,0.020753538697394235,0.2642651401166069,0.5032558409653383,0.0759641107661549,0.24942733547982998,3.4933551853902,0.03902436315451481
1600,0.6641170382499695,0.602508544921875,0.1532222032546997,0.15035623751146607,0.005875189083127215,0.02071322983400461,0.26777357574740235,0.5027831400964659,0.07790025309092374,0.24896134203896544,3.493468196568307,0.0400586799540941
1625,0.6629493236541748,0.6053466796875,0.1557616889476776,0.1520137936185252,0.006032510531512236,0.02067305558121306,0.2713443244250197,0.5023125557109799,0.07989087890322995,0.24849829581993985,3.493588084702968,0.04111172076294176
1650,0.6617491245269775,0.608551025390625,0.15829281508922577,0.1537168898249967,0.00619471273952187,0.020632933091903213,0.2749780694475606,0.501843100181421,0.08193717115318119,0.24803722681140694,3.4937149839713535,0.04218365251188453
1675,0.660515546798706,0.6115570068359375,0.1608402281999588,0.15545950823612012,0.006361917639738819,0.020592908424780815,0.2786751000825388,0.5013753620833279,0.0840401236200764,0.2475788173726597,3.4938491058401064,0.04327454102335616
1700,0.6592477560043335,0.6144866943359375,0.16338789463043213,0.1572428825102853,0.006534257403379371,0.02055305093324508,0.28243587253359415,0.5009102124820697,0.08620080345265665,0.2471242527231553,3.493990637155917,0.04438438806375303
1725,0.6579447984695435,0.6173095703125,0.16594702005386353,0.1590620922296205,0.006711859028475274,0.020513286974267828,0.2862606630948145,0.5004467666609521,0.08842013990564482,0.2466726000214589,3.4941396612564475,0.045513315484338124
1750,0.6566057801246643,0.620941162109375,0.16859135031700134,0.16091781979791298,0.006894873411549267,0.0204736387619193,0.2901502181210763,0.49998534044193227,0.09069939092398768,0.24622427976465766,3.494296497263116,0.04666151712135827
1775,0.6552295684814453,0.623992919921875,0.17118807137012482,0.16280814885101688,0.007083455383083387,0.0204340912492007,0.2941052696051136,0.49952575955362705,0.09303976165150268,0.24577900908938416,3.494461215292132,0.04782916942572404
1800,0.6538156867027283,0.627227783203125,0.17372126877307892,0.16472927929325867,0.007277724978110795,0.020394590917987974,0.29812577180665195,0.49906739793524535,0.09544197907602468,0.24533613631647425,3.494634023288451,0.04901608243532938
1825,0.652363657951355,0.6305084228515625,0.17636136710643768,0.1666766155214686,0.007477824134874604,0.02035521906873104,0.3022120866914979,0.4986112766969659,0.09790706926165171,0.24489673072521473,3.4948151201840023,0.05022209031444994
1850,0.6508721113204956,0.6336517333984375,0.17897818982601166,0.16865082190835784,0.0076839279370372856,0.020315986697922245,0.3063651793386817,0.49815755513832444,0.10043640450582339,0.24446073888633582,3.49500467806508,0.05144770548139057
1875,0.6493405103683472,0.6370849609375,0.18155060708522797,0.17064960282110972,0.0078961557263434,0.020276935597955698,0.310584835975216,0.49770677932639323,0.1030305779785496,0.24402846568723915,3.495202927588719,0.05269265430931166
1900,0.6477687358856201,0.640594482421875,0.1841105967760086,0.17266662592045354,0.00811462637018863,0.020238082571115746,0.31487079837135634,0.4972591726993697,0.1056902030746249,0.24360030843233044,3.4954099756331325,0.053956458039153506
1925,0.646155595779419,0.6434326171875,0.18670500814914703,0.17470225052838947,0.008339508922320117,0.02019946154004221,0.3192237616787132,0.4968151929395132,0.10841643627299655,0.24317663622849245,3.4956260901422658,0.05523942383328174
1950,0.6445000171661377,0.646484375,0.18936237692832947,0.1767583486792144,0.008570962579458026,0.020160927798470615,0.32364415514983913,0.49637308656494816,0.11121029098254745,0.24275568104595513,3.495851442018204,0.05654191404877066
1975,0.6428014636039734,0.6495208740234375,0.1919371634721756,0.17883155946064364,0.00880914532152363,0.020122601326227677,0.3281323262057307,0.4959343518565343,0.11407263174292015,0.24233884736473033,3.4960861838662542,0.05786372497226815
2000,0.6410595178604126,0.652801513671875,0.19454585015773773,0.1809143983637201,0.009054201379735822,0.02008445413819916,0.3326883207355337,0.4954986738725803,0.11700414331142503,0.24192586065897792,3.4963305107229203,0.059204670214173444
2025,0.6392732858657837,0.6562957763671875,0.19716961681842804,0.18301149030786332,0.009306301418014454,0.020046458857916078,0.3373126310352383,0.4950657484359472,0.12000582562086218,0.24151671438664618,3.496584651024038,0.06056485126868145
2050,0.6374417543411255,0.6599884033203125,0.1997835338115692,0.1851181044638955,0.009565629083640398,0.020008620972056006,0.34200591490538734,0.49463566515184576,0.1230787156505961,0.24111131698249344,3.4968487557687764,0.06194441059619833
2075,0.6355648040771484,0.6635589599609375,0.20239846408367157,0.1872312633503297,0.009832355794927234,0.019970869517893314,0.3467685491562281,0.49420757261032183,0.1262236048032934,0.24070863026785208,3.4971230090989427,0.06334315365550162
2100,0.6336418390274048,0.6665802001953125,0.20498774945735931,0.1893419456299484,0.010106605127877567,0.019933218216817695,0.3516000234692074,0.49378166192644707,0.129440749146255,0.24030890420097362,3.4974075760539254,0.06476095476495387
2125,0.631672203540802,0.6699066162109375,0.20757043361663818,0.19145545236771627,0.01038850753349081,0.019895675504273676,0.35649994195428125,0.4933580609000556,0.13273051924557017,0.23991206796891318,3.497702632991702,0.06619782894678927
2150,0.6296558380126953,0.67303466796875,0.21008944511413574,0.19356643040143767,0.010678228434560174,0.019858246409511365,0.3614684987120175,0.4929368657264857,0.13609346505857461,0.23951802841202424,3.4980084294642784,0.0676534274871806
2175,0.6275922060012817,0.6765289306640625,0.21267154812812805,0.19567279238395266,0.010975914529141035,0.019820866145925754,0.36650552198909836,0.4925172869310715,0.1395298902671317,0.23912628003395903,3.4983250842516913,0.06912763879903498
2200,0.6254808902740479,0.6801910400390625,0.21520456671714783,0.19777085238394526,0.011281746597324496,0.019783478950588424,0.3716113890454531,0.4920986549020484,0.14304053222105956,0.2387359485638918,3.4986527944059542,0.07062055898329363
2225,0.6233218312263489,0.68389892578125,0.2177281379699707,0.1998574616782823,0.011595846993139676,0.01974615802057585,0.3767854722437773,0.4916818933563568,0.1466254651084594,0.23834822767776884,3.498991691207751,0.07213171564228936
2250,0.6211143136024475,0.6872100830078125,0.2202576845884323,0.20193555093189383,0.011918388872603687,0.01970886419900145,0.38202797063902916,0.4912665386263211,0.1502851236509833,0.23796243550895235,3.4993419712286418,0.07366116142259259
2275,0.6188579797744751,0.6905364990234375,0.2228131890296936,0.20399837941094973,0.012249540188694532,0.019671516981797893,0.3873389560120645,0.4908515992209244,0.15401988049727572,0.2375776655278421,3.4997037609856556,0.07520894352254232
2300,0.6165521144866943,0.6935577392578125,0.22532284259796143,0.2060479119556765,0.012589466225811707,0.01963409043727671,0.3927184371432214,0.4904367725605478,0.15783006421161602,0.23719340478929224,3.5000772701641556,0.07677520025527096
2325,0.6141972541809082,0.69683837890625,0.2278548777103424,0.20807848663664563,0.012938255205862753,0.019596667017672292,0.39816519524961186,0.4900230898211655,0.16171502206675212,0.23681083471229614,3.50046256698561,0.07835938398046494
2350,0.6117925643920898,0.6999053955078125,0.2303428202867508,0.21008942325796412,0.013296098510975289,0.0195590916220146,0.40367963694658227,0.4896086377098889,0.16567523435901627,0.2364279445636229,3.5008598945067457,0.07996175556570097
2375,0.6093385815620422,0.702911376953125,0.23278121650218964,0.2120723188548497,0.013663088518011651,0.01952155984558461,0.4092606211463453,0.48919586371776647,0.16971010645628457,0.2360472042079365,3.5012693183404773,0.08158163035548197
2400,0.6068357229232788,0.706390380859375,0.23517435789108276,0.21403291689325515,0.014039344672926094,0.019483991472602664,0.41490745701531884,0.4887837821823966,0.17381920724754413,0.23566760383297744,3.501691018057252,0.08321855514192886
2425,0.6042836904525757,0.7099456787109375,0.23758916556835175,0.21596091396707448,0.014425001242384565,0.019446334403459123,0.4206196665035157,0.48837173406587625,0.17800226630439198,0.23528833225741824,3.50212501582541,0.08487257228849825
2450,0.601682186126709,0.7132415771484375,0.23998287320137024,0.21786569963669813,0.014820205675037066,0.019408637901593934,0.4263969854100855,0.48796035548352806,0.1822590977142487,0.23490990985313506,3.5025715051540125,0.08654362469809944
2475,0.5990316867828369,0.7166595458984375,0.24237725138664246,0.21973805467557275,0.015225045375670121,0.01937080969998531,0.43223828155860883,0.48754849189620564,0.18658878146893104,0.23453149554018618,3.503030592501836,0.08823151943693835
2500,0.5963318347930908,0.719970703125,0.2447403222322464,0.22157649241206961,0.015639659441698067,0.019332897568157505,0.4381431867089599,0.4871367469589948,0.19099102552339145,0.23415360154158446,3.5035023785323083,0.08993615545997531
2525,0.5935832262039185,0.7230224609375,0.2470579296350479,0.22337747119041132,0.01606417168568286,0.019294855140489325,0.4441111216746322,0.4867245383116494,0.19546534030146473,0.2337757663248509,3.5039869548676426,0.09165720738834773
2550,0.5907864570617676,0.7263336181640625,0.2493147850036621,0.2251409632295226,0.016498629134753792,0.01925670767230148,0.45014046532526175,0.48631217697432344,0.2000102523675932,0.2333981528045557,3.5044843539099237,0.0933941451821725
2575,0.5879419445991516,0.7297515869140625,0.25157836079597473,0.22686771773297745,0.016943114862583365,0.019218407525751272,0.45623015931787053,0.48589906434427826,0.2046246977161793,0.23302015337970927,3.5049946839487145,0.0951467300679217
2600,0.5850496292114258,0.73291015625,0.25379133224487305,0.2285535180702014,0.01739775893218257,0.019179901794767473,0.4623798050606999,0.4854845267112683,0.20930816358362586,0.23264121185906972,3.5055180134421104,0.09691497460871665
2625,0.5821104645729065,0.7360076904296875,0.25600069761276245,0.23019413597219335,0.01786258615262844,0.019141216823376137,0.4685876271914697,0.4850688881264487,0.21405903531506656,0.23226168459586333,3.5060543882587476,0.09869841234198422
2650,0.5791242122650146,0.7395477294921875,0.25823333859443665,0.23179896051940466,0.018337732616473257,0.0191023401801091,0.4748533664974429,0.48465197932515125,0.21887662649536227,0.23188121202633316,3.506603834056416,0.10049732422930066
2675,0.5760912895202637,0.7427825927734375,0.26033884286880493,0.23335564863353409,0.018823278310435083,0.0190633332190861,0.48117605779341294,0.4842345773936773,0.2237598343751045,0.23150026131178753,3.5071664498849717,0.10231146935379094
2700,0.5730135440826416,0.7458343505859375,0.26240843534469604,0.23486421715798717,0.019319164530825036,0.019024181644717714,0.4875530086253856,0.4838164852752985,0.22870611445270003,0.23111871313376237,3.5077422209899467,0.10413975206285256
2725,0.5698912143707275,0.749053955078125,0.26447010040283203,0.2363300106565991,0.019825500682382383,0.01898483086282377,0.49398374915919835,0.4833969947666256,0.2337144299132514,0.230735915495523,3.508331153483432,0.10598224879587367
2750,0.5667252540588379,0.7519073486328125,0.26644280552864075,0.237745876769403,0.020342288970863518,0.018945294881103487,0.5004665102949687,0.48297627332075055,0.23878281832951676,0.23035221528817687,3.5089332877440484,0.10783849965866688
2775,0.56351637840271,0.7550506591796875,0.2684286832809448,0.2391099480622481,0.020869587268590298,0.01890552970994582,0.5070002771912968,0.4825537464988255,0.2439099130401147,0.22996675324672838,3.5095486467236827,0.10970836625004425
2800,0.5602648854255676,0.7575836181640625,0.2703956067562103,0.24042397317569633,0.021407477780385865,0.018865471417338613,0.5135843587819582,0.48212857128471204,0.2490945628819635,0.22957898225489998,3.510177174765875,0.11159198866698426
2825,0.5569722652435303,0.761077880859375,0.27222636342048645,0.24168022645804416,0.021955909319930893,0.01882514768364463,0.5202165123485843,0.4817010743134267,0.254334251796769,0.22918959460666005,3.5108188294995415,0.11348873941849151
2850,0.553639829158783,0.7644195556640625,0.274046391248703,0.24288654736453458,0.0225148470959592,0.018784618998183372,0.5268947955490534,0.48127200859609576,0.2596266392523612,0.22879948524900365,3.5114736017106694,0.11539800897713692
2875,0.5502685904502869,0.7672882080078125,0.2757929563522339,0.2440371918553169,0.02308431439180937,0.01874389537934674,0.5336180149453059,0.48084147254732823,0.26497010847105057,0.22840810325014838,3.512141402278487,0.11731960525293361
2900,0.5468600988388062,0.770355224609375,0.27749747037887573,0.2451324835602893,0.023664216774832096,0.01870290235524049,0.5403836964620091,0.48040848960602006,0.2703618536891567,0.228014186852185,3.5128222124034534,0.11925294425243822
2925,0.543414831161499,0.7737274169921875,0.2791792154312134,0.24617430931291462,0.024254615901416348,0.018661570346722348,0.5471912247648877,0.4799721255915531,0.27580043926420705,0.22761704567959173,3.51351590060742,0.1211980442788185
2950,0.5399346351623535,0.7765655517578125,0.2807469367980957,0.24715330593109536,0.0248554283212071,0.018619961880063103,0.5540384012257773,0.4795331501843197,0.2812831882615224,0.2272174274753024,3.5142223915204913,0.12315435854257732
2975,0.5364209413528442,0.7793731689453125,0.2822476923465729,0.24807149072822335,0.025466583760041076,0.018578145710216532,0.5609232733838176,0.47909241721910556,0.2868077077255461,0.22681633660662823,3.51494160869703,0.12512134653108076
3000,0.5328752994537354,0.781646728515625,0.2837100923061371,0.24893185404263263,0.026088005246255593,0.018536141752478554,0.5678438902675215,0.4786501416516062,0.2923715379220728,0.22641415497354345,3.5156733814451266,0.12709865280905525
3025,0.5292991399765015,0.7848052978515625,0.28508949279785156,0.2497314126876287,0.02671960724018926,0.018493835196601627,0.5747983078825746,0.4782048071648187,0.29797211332103385,0.22600941471108202,3.5164176071683206,0.12908575803961175
3050,0.5256944894790649,0.787384033203125,0.2863873839378357,0.2504625914643936,0.02736127155452546,0.018451292843438133,0.5817843275058996,0.477757243580922,0.3036066369143377,0.22560279463277488,3.517174206473359,0.13108206621160307
3075,0.5220628380775452,0.7899017333984375,0.287630558013916,0.25113627568329017,0.028012905793870294,0.018408466706988487,0.5888001009581125,0.47730678019950223,0.3092727150365218,0.2251941384755769,3.5179429753558593,0.13308724518035198
3100,0.5184053182601929,0.7924041748046875,0.28882429003715515,0.25174936210103616,0.0286744604401711,0.01836536979538522,0.5958443242624778,0.4768535479039551,0.31496822275037895,0.22478338225306327,3.518723808002976,0.13510106224718385
3125,0.5147238969802856,0.795135498046875,0.28996530175209045,0.2523002340234354,0.029345784953376208,0.018322019268778012,0.6029147005853903,0.47639772142251446,0.32069044445600536,0.22437059131663273,3.5195165183577393,0.1371229277565274
3150,0.5110200643539429,0.797698974609375,0.290997713804245,0.2527834043340305,0.030026778674282304,0.018278371991077295,0.6100095289610885,0.47593868197090033,0.3264370263924897,0.22395537514121028,3.520320849239206,0.1391525478566832
3175,0.507296085357666,0.7999114990234375,0.29195642471313477,0.2532036889921704,0.030717251696653406,0.01823445390448389,0.6171262993558342,0.4754767189149519,0.33220485401870475,0.2235376423990284,3.5211366236916333,0.1411892260976963
3200,0.5035538077354431,0.8024444580078125,0.2928259074687958,0.25355968614235336,0.03141703895567589,0.018190252818915117,0.6242628647719398,0.4750116305500552,0.3379911186471488,0.22311713653483442,3.5219637022038306,0.1432324342102996
3225,0.499795138835907,0.8044586181640625,0.2936173677444458,0.2538513108638553,0.03212596115165105,0.018145852537629938,0.631417000185832,0.47454444541017743,0.3437930994108573,0.22269495284219823,3.5228017683334913,0.14528156203051823
3250,0.4960225224494934,0.80718994140625,0.2943122684955597,0.25407724242029667,0.032843779213663014,0.018101214807629547,0.6385860203912452,0.47407462047725957,0.3496077102418811,0.2222704552738441,3.523650657384617,0.14733596272790173
3275,0.49223729968070984,0.8100433349609375,0.2949671447277069,0.2542393654112421,0.033570393725733894,0.018056296680932026,0.6457686822859278,0.47360153668640187,0.35543284338501424,0.22184330155069798,3.524510119793988,0.1493952259201723
3300,0.4884413480758667,0.812591552734375,0.29555538296699524,0.25433891866966496,0.03430560766716862,0.018011111346195485,0.6529628612153935,0.4731253060061622,0.3612659302914652,0.22141359656432885,3.525379884986896,0.15145889990705935
3325,0.4846363365650177,0.8150787353515625,0.2960717976093292,0.2543767811223336,0.03504925787768503,0.017965578311905688,0.6601668459462637,0.47264481440810735,0.3671045393949879,0.2209806313910102,3.526259722347474,0.1535267141880196
3350,0.4808242619037628,0.8175048828125,0.29648441076278687,0.2543471140742123,0.035801124090020724,0.017919778997583548,0.6673784444597523,0.4721610614893027,0.3729460370027471,0.22054451357658408,3.527149305407427,0.15559814525133503
3375,0.47700706124305725,0.8199005126953125,0.29684212803840637,0.25425738578714024,0.03656099840515888,0.017873710888716463,0.6745956920088613,0.47167396420514,0.3787878247583668,0.22010558109849163,3.5280484451849525,0.15767248905446252
3400,0.4731868505477905,0.8222503662109375,0.29711586236953735,0.25410479989243756,0.03732864110071229,0.017827502264060224,0.6818163804411033,0.47118514582465587,0.38462744304033814,0.21966513243872604,3.52895678962098,0.15974911700642408
3425,0.4693653881549835,0.8244171142578125,0.297313928604126,0.25389172228930024,0.038103848401926606,0.017781098947691698,0.6890387324288852,0.4706938395674853,0.39046243285880156,0.21922268135399625,3.5298740940139393,0.16182762851343502
3450,0.46554452180862427,0.826690673828125,0.2974473834037781,0.2536158244369981,0.038886372881303095,0.017734510369650746,0.6962606285332887,0.4702001041076302,0.39629035999740225,0.21877859203931507,3.530800014157422,0.16390746666152037
3475,0.4617263078689575,0.8290863037109375,0.29748427867889404,0.2532792164623993,0.03967595669175056,0.017687816337972877,0.7034799501839847,0.4697049428631306,0.4021086644027629,0.21833324649677296,3.531734276987996,0.1659879913734834
3500,0.4579126238822937,0.8315277099609375,0.2974565029144287,0.2528840846250567,0.04047234924434705,0.017640985842079432,0.7106947221408043,0.4692078927158208,0.40791502382433165,0.2178864738063323,3.5326766129431024,0.16806875087444428
3525,0.4541049599647522,0.83349609375,0.2973749041557312,0.2524340273097923,0.041275340606472886,0.01759395739583558,0.7179033852419712,0.4687080756898607,0.41370730278572837,0.21743761564836114,3.533626704610728,0.17014942905310468
3550,0.4503052532672882,0.835662841796875,0.29721590876579285,0.2519245655631078,0.042084669913883724,0.017546767424895145,0.7251039859576187,0.46820590829047926,0.4194834797469238,0.21698686038679235,3.534584184664574,0.17222934124108463
3575,0.4465155601501465,0.837493896484375,0.2969411015510559,0.2513576817427197,0.04290001900164705,0.017499439751295615,0.7322941607547191,0.4677016491746703,0.42524085893016195,0.2165349949823965,3.5355487414728795,0.1743078172233136
3600,0.4427376389503479,0.8397064208984375,0.29662609100341797,0.2507350461358248,0.04372109922707181,0.01745204188091964,0.7394718674589912,0.46719613723811876,0.43097709297901377,0.21608234012031582,3.5365200133892656,0.1763843014022159
3625,0.4389731287956238,0.841400146484375,0.2962484657764435,0.25005864879817247,0.04454767439623599,0.01740453114740291,0.7466355881612375,0.46668875064976717,0.4366905831008344,0.21562821683460598,3.537497717008511,0.17845853669617934
3650,0.4352228343486786,0.8430328369140625,0.2958299219608307,0.24933833354451318,0.04537959545681826,0.01735688949506493,0.7537845603074608,0.46617918346229087,0.44238011023307605,0.21517249792141904,3.5384814857269813,0.18053029272310805
3675,0.43148887157440186,0.8448028564453125,0.295328289270401,0.24856241412541688,0.04621652337402353,0.017309139646736728,0.7609164905708441,0.46566768460868513,0.44804321895297217,0.21471528663879397,3.539471012363158,0.18259879791366088
3700,0.42777273058891296,0.8465118408203125,0.2947583794593811,0.2477371417304205,0.047058187098684263,0.017261270215014862,0.7680297134748015,0.46515404491095746,0.45367812974259664,0.2142561814707231,3.540465984934135,0.18466358802812644
3725,0.4240761995315552,0.848358154296875,0.29410794377326965,0.24686139592224635,0.04790425738571342,0.017213389458260765,0.7751221399836252,0.4646396668811483,0.45928281329315535,0.2137965609461133,3.541466074811298,0.18672407191715956
3750,0.420401006937027,0.8502349853515625,0.29336461424827576,0.2459358018216982,0.048754409831600065,0.017165513167509003,0.7821917901858,0.4641247166798534,0.46485519784844653,0.21333708791187941,3.5424709823494824,0.18877958014438775
3775,0.41674870252609253,0.852020263671875,0.2925695478916168,0.24496483885000958,0.049608352850017426,0.01711764925750822,0.7892369858525209,0.4636092444916613,0.4703938173814303,0.21287739166393005,3.543480324383906,0.1908295953053678
3800,0.4131203889846802,0.853363037109375,0.29175493121147156,0.2439559910181888,0.050465838091520686,0.017069765331999324,0.7962564496874562,0.46309276233025126,0.4758971610746499,0.2124172878923331,3.5444937764329207,0.19287392738851555
3825,0.4095166325569153,0.85516357421875,0.29091957211494446,0.24290912715374416,0.05132672260973329,0.01702181027192942,0.8032497723239364,0.4625745307152588,0.4813645596307688,0.21195570998798918,3.5455110575027504,0.19491246283653207
3850,0.4059384763240814,0.85699462890625,0.29000622034072876,0.241819527410668,0.052190764544659,0.016973750627180244,0.8102157735852381,0.46205404137888517,0.48679491336420566,0.21149254130621672,3.54653185048293,0.19694478316797268
3875,0.40238696336746216,0.85870361328125,0.28907379508018494,0.24069531621021675,0.05305771500598541,0.016925582028469336,0.8171532356059988,0.4615311725795937,0.49218683499232624,0.21102736143281883,3.547555784490462,0.19897053607393494
3900,0.3988634943962097,0.86029052734375,0.2880435585975647,0.23952732838510027,0.05392724173082596,0.016877382789174996,0.8240603645027449,0.4610069497822041,0.49753889816249586,0.21056119602434523,3.548582628858042,0.20098928702170357
3925,0.39536964893341064,0.861572265625,0.2869502902030945,0.23832371751133166,0.05479897367788442,0.016829066324140045,0.8309350826438088,0.4604801293024093,0.5028492462280668,0.2100929637500427,3.549611994231209,0.2030004804255726
3950,0.39190590381622314,0.8631439208984375,0.2858421206474304,0.23708765014066965,0.05567272967662414,0.016780643888625227,0.8377768295230961,0.4599508201536525,0.5081174089386991,0.2096229405816464,3.550643644003461,0.20500382849150703
3975,0.3884735703468323,0.8646697998046875,0.2846405804157257,0.23581977871047916,0.056548192414851255,0.016732279238001056,0.8445840085858405,0.45942121129188945,0.5133421167471327,0.20915290360640937,3.55167722718482,0.206998779750614
4000,0.3850734829902649,0.865875244140625,0.2834283113479614,0.23452727743255267,0.05742510524262637,0.01668404150430133,0.8513555278891121,0.4588922161570375,0.5185223538469462,0.20868395799026734,3.5527124700692774,0.2089850065953094
4025,0.38170602917671204,0.8672943115234375,0.28220871090888977,0.23320776306155117,0.05830329319180894,0.016635893903539492,0.8580909205909554,0.4583632970692213,0.5236576635910867,0.20821555459708513,3.5537491082798995,0.21096243631433922
4050,0.3783720135688782,0.8686065673828125,0.28090524673461914,0.23185477444857594,0.05918250617256434,0.016587665535890406,0.8647891633733378,0.45783205643024016,0.5287473008637913,0.207745673858893,3.5547868326709002,0.2129308467086637
4075,0.3750724196434021,0.8698577880859375,0.2795860469341278,0.23047643989061214,0.06006241398466318,0.0165394464154296,0.8714486774343801,0.45729969137847126,0.5337902117541857,0.20727548763348633,3.5558253650272555,0.21488973113350765
4100,0.37180691957473755,0.871002197265625,0.278268426656723,0.22908160909979308,0.06094295029417558,0.016491193399855438,0.8780698223025287,0.45676556597410084,0.5387867253122789,0.206804214077557,3.556864443665105,0.21683928343314263
4125,0.3685763478279114,0.87225341796875,0.27689042687416077,0.2276644039991612,0.06182386189293866,0.016442965894851135,0.8846516003654302,0.4562304631705806,0.5437359289788577,0.20633205942259797,3.5579038090059787,0.21877909283245384
4150,0.3653815984725952,0.8737640380859375,0.2754707634449005,0.22622208626337872,0.06270483245782389,0.016394813329647852,0.8911925859605717,0.45569503528230804,0.5486369593482237,0.20586049268317425,3.5589432175831948,0.2207088205744437
4175,0.3622226119041443,0.875,0.2740586996078491,0.2247688018111678,0.06358576716529965,0.016346780337026825,0.8976929368400144,0.4551598690131931,0.553489901703341,0.20538965137812987,3.5599823959054198,0.22262844319909478
4200,0.35909971594810486,0.87640380859375,0.27259376645088196,0.22329244069304913,0.0644664219248763,0.016298844119946764,0.9041517498511099,0.45462461589425207,0.5582942462183461,0.20491936445999065,3.561021075589844,0.22453764954070624
4225,0.3560136556625366,0.87774658203125,0.27109935879707336,0.22180078341369416,0.06534652588016664,0.01625107066903012,0.9105679656475416,0.4540901748788035,0.5630493676977275,0.20445045087935812,3.562059058719671,0.22643619987879376
4250,0.3529643416404724,0.8787689208984375,0.26960670948028564,0.22029612622281874,0.06622595816958153,0.01620338190958209,0.9169415563429086,0.4535554236056331,0.5677554235177807,0.203981640799163,3.5630960556576348,0.22832402119802836
4275,0.3499518036842346,0.879791259765625,0.26812848448753357,0.21878471424720952,0.0671045488366301,0.016155681192686365,0.9232721774284491,0.4530189876379086,0.5724121093025949,0.20351217162392615,3.5641319010807972,0.2302010446836684
4300,0.34697607159614563,0.88079833984375,0.2665882110595703,0.21725279868522676,0.06798215103406854,0.016108073601640068,0.9295596267971666,0.4524823096067436,0.5770197298498211,0.20304309168665244,3.5651663756847882,0.23206717242836727
4325,0.34403806924819946,0.8818511962890625,0.26500076055526733,0.21570979928185416,0.06885842180683727,0.016060716646274793,0.9358023822862153,0.45194758921693823,0.5815774473665462,0.20257634657746199,3.5661993300930677,0.23392174951465708
4350,0.34113770723342896,0.88287353515625,0.2633906602859497,0.21415450749352966,0.06973322483036788,0.0160135569018207,0.942000314688717,0.4514140547395443,0.5860853249659286,0.2021111008443931,3.5672305034102028,0.235764818670814
4375,0.33827531337738037,0.8842315673828125,0.2617841958999634,0.21259364353418517,0.07060631912250354,0.01596659305867768,0.9481526152993286,0.4508816803285208,0.5905431459418895,0.201647408222719,3.568259754334272,0.23759621156915153
4400,0.3354508876800537,0.8853607177734375,0.26014015078544617,0.2110212043213912,0.0714775517101103,0.01591976952267031,0.9542590373919851,0.45034965612127115,0.5949509336094335,0.20118414709220472,3.569286813163163,0.23941578482000664
4425,0.3326643407344818,0.886199951171875,0.258515864610672,0.2094481839264457,0.07234675903706264,0.015873105981910753,0.9603192941579699,0.44981825064927716,0.5993086987192204,0.20072193106722852,3.5703115451226264,0.24122338627235745
4450,0.3299153745174408,0.8871002197265625,0.25687482953071594,0.2078721415187277,0.07321385924472522,0.015826643831317943,0.9663336330101782,0.4492880420018378,0.6036166730989158,0.2002617348349942,3.5713338104425754,0.24301921424427625
4475,0.3272032141685486,0.888214111328125,0.2553096413612366,0.206303179581007,0.07407885601617632,0.01578033526951674,0.9723028273210971,0.44875833510593066,0.6078756632871627,0.19980255515854306,3.5723533966510783,0.24480350185425143
4500,0.3245278596878052,0.8892059326171875,0.2536681890487671,0.20472308308413562,0.0749415931029483,0.015734156035715815,0.9782265942842441,0.44822877269688033,0.6120858336207764,0.1993437230795953,3.5733701476845416,0.24657606855177572
4525,0.32188987731933594,0.8898773193359375,0.251986563205719,0.20313400160439715,0.07580178337319145,0.015688155921626812,0.9841038087447531,0.4477000568351276,0.6162467540405945,0.19888594145036398,3.5743839471722088,0.24833657753919072
4550,0.3192889392375946,0.8908843994140625,0.2503301203250885,0.20155653551318872,0.07665931052905618,0.01564227912690239,0.989934448447226,0.4471713786643281,0.6203585089735889,0.19842861375268822,3.575394625253642,0.2500849253690835
4575,0.31672462821006775,0.8917999267578125,0.24867039918899536,0.199975523117103,0.07751410180921041,0.01559651000033938,0.9957187690239712,0.4466425023638392,0.6244217227008814,0.19797170274229536,3.5764020407227988,0.2518212246396945
4600,0.31419703364372253,0.892822265625,0.24697245657444,0.19838967635730556,0.0783660201429553,0.015550989622245437,1.0014565912505846,0.4461154348003451,0.6284364891451277,0.197516683817145,3.5774060205347724,0.25354535043948867
4625,0.3117060661315918,0.8936920166015625,0.24528652429580688,0.1968119206897549,0.07921487904202637,0.015505734875803003,1.0071474517778047,0.44559042860750026,0.6324028035277918,0.19706353012475764,3.5784065206664786,0.2552571954632108
4650,0.30925145745277405,0.8946990966796875,0.2435813695192337,0.19523671105798632,0.08006056445120008,0.015460729123055307,1.0127913252302763,0.44506724639666445,0.636320839893592,0.19661238385746743,3.5794034225491167,0.2569567007489153
4675,0.3068327307701111,0.895660400390625,0.24191999435424805,0.19366727065392356,0.08090305247772896,0.015415888089189863,1.0183887267645617,0.4445446660911776,0.6401911856227711,0.1961624924658941,3.5803965438348215,0.25864409329896737
4700,0.30444908142089844,0.8964385986328125,0.24027855694293976,0.19210122248820008,0.08174232373282071,0.01537117564470637,1.023940219059509,0.44402216978365494,0.6440147049681929,0.1957128362088534,3.5813858396060243,0.26031947063356586
4725,0.30210036039352417,0.897003173828125,0.23859411478042603,0.19053428438424833,0.08257825978374794,0.015326635882343679,1.029445704605805,0.4435003863950618,0.6477915848211118,0.19526383389835988,3.5823711817746458,0.26198285438938096
4750,0.2997867465019226,0.897674560546875,0.23690706491470337,0.18897399259251604,0.08341067238167799,0.015282354161353866,1.0349046574603642,0.4429805524319372,0.6515219322803929,0.19481688202253633,3.5833524826155223,0.26363392860929236
4775,0.29750800132751465,0.898345947265625,0.2352057695388794,0.18741488344743026,0.08423942276426762,0.015238283879415962,1.0403168593247707,0.4424619974039481,0.6552058309996398,0.19437166875100081,3.584329656402091,0.2652726335827864
4800,0.29526370763778687,0.899017333984375,0.2335074543952942,0.18586221354478935,0.08506447137185248,0.015194407039109735,1.0456826741855525,0.44194445248790315,0.658843838765886,0.19392780690447303,3.5853025381534827,0.2668990009809823
4825,0.29305362701416016,0.8996124267578125,0.2318049520254135,0.1843213781042584,0.08588570764149084,0.015150808223250493,1.0510020511499052,0.4414291564214568,0.662436281343104,0.19348638979021288,3.586271083470852,0.2685129756976448
4850,0.29087719321250916,0.900177001953125,0.2301322966814041,0.18278788648837843,0.08670308090397408,0.01510739453274655,1.0562753055739769,0.44091476987961664,0.6659836714683491,0.19304640581062144,3.5872352757928705,0.27011467105667536
4875,0.28873398900032043,0.90093994140625,0.2284865826368332,0.18126507967425798,0.08751657228077353,0.015064273827065561,1.0615029050598979,0.4404028674375815,0.6694866837134852,0.19260892726165058,3.5881950049879325,0.2717042485480452
4900,0.28662344813346863,0.901580810546875,0.22680991888046265,0.17974654725081082,0.08832614797518602,0.015021372252237826,1.0666852224425383,0.4398923785355828,0.6729456530347029,0.19217265922965537,3.5891501998697573,0.2732817904833626
4925,0.28454557061195374,0.9023284912109375,0.22514168918132782,0.17823777466816057,0.08913167107946882,0.014978779635370244,1.0718220026380287,0.43938462849895527,0.6763608684611658,0.19173913101793127,3.5901008091907136,0.2748471255196923
4950,0.2824997007846832,0.90325927734375,0.22350655496120453,0.17674209989419642,0.08993314229500303,0.014936428528851766,1.0769138175623434,0.43887864338337546,0.6797329825195793,0.19130763704029075,3.5910468016112618,0.2764005171169893
4975,0.2804853320121765,0.903900146484375,0.2218807488679886,0.17524907780514132,0.0907305171841349,0.014894309254706849,1.0819609433654525,0.4383742886369586,0.6830626407393281,0.19087793433854228,3.591988111968827,0.2779419632252009
5000,0.27850183844566345,0.904815673828125,0.22024071216583252,0.1737686277071099,0.09152382675220982,0.014852458855421705,1.0869640711890203,0.43787210888116085,0.6863506077709032,0.1904503371652665,3.5929246043640894,0.27947166250015426
5025,0.2765493392944336,0.9053497314453125,0.21861551702022552,0.17230105086298647,0.09231291521042602,0.01481094780961496,1.0919228297189894,0.43737317062795,0.689596861575673,0.19002603975308596,3.5938563439332243,0.2809893393451987
5050,0.2746272683143616,0.9059600830078125,0.2169732302427292,0.17083565870531162,0.09309776610020992,0.014769739870429222,1.0968376248882319,0.43687695126659815,0.6928020021807049,0.18960445246418825,3.594783251580343,0.2824952543407286
5075,0.2727353572845459,0.9064788818359375,0.21535558998584747,0.16938541963112885,0.09387824142512072,0.014728881998292927,1.1017081524894377,0.4363841637367161,0.6959661719758005,0.1891861601060451,3.595705301215499,0.28398925160946487
5100,0.2708730399608612,0.9071044921875,0.21376053988933563,0.16794693072315864,0.09465438963590316,0.01468832737170843,1.1065351871966402,0.4358941302646534,0.6990902165485248,0.1887708306432,3.596622436110806,0.2854715451097683
5125,0.26903972029685974,0.9075927734375,0.21217623353004456,0.16652007088206666,0.095426213469932,0.014648065892193222,1.111319239934465,0.43540672245077183,0.7021747610953641,0.18835798191307146,3.597534666593557,0.28694227599951666
5150,0.2672349214553833,0.908294677734375,0.21061673760414124,0.16510856499134308,0.09619368442705321,0.01460800332547366,1.1160606103104327,0.4349205518555074,0.7052202775651232,0.18794667140402038,3.598441948705706,0.2884015840654312
5175,0.26545825600624084,0.90875244140625,0.20903539657592773,0.16370135490510643,0.09695675938765849,0.014568203112958755,1.1207595072379741,0.43443657361844273,0.708227146864367,0.1875378218022027,3.5993442519368366,0.2898494718553141
5200,0.26370927691459656,0.9094390869140625,0.20750188827514648,0.16231212791091756,0.09771546000500914,0.014528671321032208,1.1254164966526738,0.433954889349656,0.7111959377808003,0.1871313485782677,3.600241522643904,0.2912860312304364
5225,0.2619874179363251,0.9100799560546875,0.20597892999649048,0.1609382718922831,0.09846980470369998,0.014489357611542053,1.1300321290611421,0.433474764083599,0.7141271345032036,0.18672638568660946,3.6011337615096335,0.2927114360900351
5250,0.2602923512458801,0.9105377197265625,0.2044440507888794,0.159567945895835,0.09921974104302263,0.014450301048745883,1.1346065380226564,0.43299679792823503,0.7170212258470345,0.18632352799991786,3.602020972933248,0.2941257435777409
5275,0.25862395763397217,0.910980224609375,0.20289625227451324,0.15820484311758096,0.09996515234184354,0.01441153939966915,1.139139480471647,0.43252157380602774,0.7198783568601097,0.18592342764367017,3.602903149297658,0.2955288108915886
5300,0.2569817900657654,0.9113922119140625,0.201380655169487,0.15685895283321172,0.10070604457354364,0.014373029504126928,1.1436313996929968,0.4320484587011893,0.7226990683453345,0.1855255076213261,3.6037802563264973,0.2969207257056998
5325,0.25536537170410156,0.9118804931640625,0.19985397160053253,0.1555234599791126,0.10144241151263807,0.01433476470922543,1.1480826736796004,0.43157737069931257,0.7254838812096889,0.1851297478692968,3.6046523067914693,0.29830163173098234
5350,0.25377434492111206,0.9123382568359375,0.19837170839309692,0.15420338418539115,0.10217422331516327,0.014296781312353284,1.1524935304596589,0.43110887217423133,0.7282332791870356,0.18473675583478422,3.6055192914677625,0.29967158751897943
5375,0.2522084414958954,0.9129180908203125,0.1968654990196228,0.1528917801064048,0.10290147124474217,0.014259137631759677,1.156864305552168,0.43064386017343187,0.7309477365176147,0.18434712193940117,3.606381190512862,0.3010305668274818
5400,0.25066715478897095,0.9134368896484375,0.1953696757555008,0.15159202245449005,0.10362415244227983,0.014221806514585371,1.161195366258731,0.4301819474748385,0.7336277197866402,0.18396044469115946,3.6072380088407003,0.302378673733696
5425,0.24915027618408203,0.913970947265625,0.19389857351779938,0.15030527399766036,0.10434222145806112,0.014184823624140714,1.1654868272308194,0.42972369367608376,0.7362736026779935,0.183577127442272,3.608089733896073,0.30371599026024093
5450,0.2476569414138794,0.91436767578125,0.1924649178981781,0.1490380008198029,0.10505579919745474,0.014148026117992069,1.1697397311122584,0.4292666530595956,0.7388860600168438,0.18319507453044226,3.608936377093319,0.3050428223716132
5475,0.2461869865655899,0.914703369140625,0.19102467596530914,0.1477784456127196,0.10576483960416087,0.014111483867322801,1.1739541782759397,0.42881190111063294,0.7414655330647162,0.1828154032758199,3.6097779546726345,0.30635912683001615
5500,0.24474000930786133,0.9152679443359375,0.18960779905319214,0.14653169565457988,0.10646934329918142,0.014075209479339053,1.178130517126035,0.4283596465512826,0.7440124732331785,0.1824380813837535,3.6106144673530816,0.30766501225754744
5525,0.24331530928611755,0.9155731201171875,0.18821315467357635,0.1453002291197524,0.10716939791038402,0.01403907650734026,1.1822695638984286,0.4279079786862738,0.7465275819330961,0.18206168734933975,3.61144590408649,0.3089607484995544
5550,0.24191251397132874,0.9158935546875,0.18683387339115143,0.14407963184575034,0.10786499929812447,0.014003108020125044,1.1863716444283923,0.42745726731003336,0.7490112224607954,0.18168623033536316,3.6122723392422356,0.31024639010269245
5575,0.24053150415420532,0.916259765625,0.1854451596736908,0.14287164290027568,0.108556080304414,0.013967409028121542,1.1904367019213202,0.4270091260543037,0.7514637239405435,0.18131308465585164,3.613093755772583,0.31152192184670163
5600,0.23917174339294434,0.91668701171875,0.18410013616085052,0.14167789848846485,0.10924269934338493,0.0139319122565048,1.194465353790693,0.4265625374297814,0.7538856043910371,0.18094171210337362,3.6139101088279433,0.31278753493487155
5625,0.23783282935619354,0.9171142578125,0.18275269865989685,0.14049202446252962,0.10992489274741533,0.01389660215132343,1.1984581212086733,0.42611728328718246,0.7562773691250109,0.18057163681877048,3.61472145980641,0.31404337939010707
5650,0.23651453852653503,0.9174346923828125,0.18140190839767456,0.13931665188857864,0.11060263638958819,0.013861538373152888,1.2024151699753116,0.425674292593974,0.7586394366163901,0.18020390196269592,3.6155278165630507,0.3152894497479674
5675,0.23521652817726135,0.9178924560546875,0.18007050454616547,0.13815543203733083,0.11127594044740907,0.01382673120280208,1.2063368388989504,0.42523373767376443,0.7609722259086411,0.17983857377397103,3.6163291636395782,0.31652586401243626
5700,0.233938530087471,0.9183349609375,0.17872796952724457,0.13700300836537915,0.11194478315443875,0.013792240585818297,1.21022331492262,0.424796566419744,0.7632760454874362,0.1794765720126602,3.6171255692272033,0.3177525862521676
5725,0.2326803207397461,0.9186553955078125,0.17737752199172974,0.13585878466463733,0.11260913162303926,0.013758106917107882,1.2140746824403927,0.42436341730491467,0.7655512473273931,0.17911826002967174,3.617916988719656,0.31896959964833105
5750,0.23144152760505676,0.9190521240234375,0.17610673606395721,0.13473838935419435,0.11326896761783438,0.013724279351772613,1.2178911483753123,0.4239335399732505,0.7677980916955292,0.17876289024718345,3.6187035206546927,0.32017699229774155
5775,0.2302214801311493,0.9192657470703125,0.17483174800872803,0.133624805750134,0.11392447827324717,0.013690603460895316,1.2216739740945557,0.4235045626655752,0.7700172650908073,0.1784084877256975,3.61948513882707,0.32137515007897954
5800,0.2290201336145401,0.9195709228515625,0.17354239523410797,0.1325215618996303,0.1145755943822504,0.01365720632861929,1.2254230343706238,0.4230784605329674,0.7722090972779232,0.17805652295259822,3.62026181933782,0.32256391674446194
5825,0.22783705592155457,0.92010498046875,0.1722773164510727,0.13143209439649187,0.11522233740652077,0.013624008224144718,1.2291387192090868,0.4226540235016725,0.7743738905440851,0.17770615046239113,3.6210336365320264,0.32374349881075226
5850,0.2266719788312912,0.9204254150390625,0.17101429402828217,0.13035069119816564,0.11586473199986391,0.013591037864091025,1.2328214195834637,0.42223171560462475,0.7765120455175842,0.17735797133392342,3.6218006362322304,0.32491395738107176
5875,0.22552455961704254,0.9207763671875,0.16977858543395996,0.12928501264003187,0.11650277376239837,0.013558311217395745,1.2364713410944184,0.42181179661169493,0.778623989444552,0.177012001935946,3.622562791609689,0.3260753365605114
5900,0.22439450025558472,0.921142578125,0.16856098175048828,0.12823139144383006,0.11713648467023709,0.013525841198520959,1.2400888459394097,0.4213944875514931,0.7807101109978978,0.17666838742400237,3.6233201398731674,0.3272277645904915
5925,0.22328153252601624,0.921417236328125,0.16731107234954834,0.12718241410029246,0.11776589000164743,0.013493625806307924,1.243674320518327,0.4209797821597672,0.7827707814487139,0.1763272241384778,3.624072755290036,0.32837131458720153
5950,0.2221856266260147,0.921600341796875,0.1660751849412918,0.12614557037087995,0.11839091503060457,0.013461728651850328,1.247227577795106,0.42056868506342104,0.7848060663773914,0.1759891699825927,3.6248205933844257,0.3295058645399978
5975,0.22110620141029358,0.9219970703125,0.16489465534687042,0.12512373211606492,0.11901167754472337,0.013430096429822045,1.250749478404286,0.4201603899548018,0.786816578898808,0.17565348625246877,3.625563717122873,0.3306316674734563
6000,0.22004276514053345,0.9223785400390625,0.1637481302022934,0.12412102263626634,0.11962828006796314,0.013398641361050486,1.2542407842907748,0.41975354301036794,0.788802929160135,0.17531932502462477,3.626302165126192,0.33174896866937903
6025,0.21899491548538208,0.922576904296875,0.16260382533073425,0.1231277739673279,0.12024079001956299,0.013367319278975163,1.2577020476199938,0.41934746124479405,0.7907654025683101,0.17498610378609214,3.6270359272003363,0.3328580143124835
6050,0.21796253323554993,0.9228973388671875,0.16144241392612457,0.12213983968392364,0.12084918426413445,0.013336188523528542,1.26113335917444,0.41894307410881815,0.7927043171427347,0.17465454771490618,3.6277650465001123,0.3339587778278849
6075,0.2169453352689743,0.923309326171875,0.16031493246555328,0.12116684132111646,0.12145343853532199,0.013305199082047352,1.264534795796117,0.41853961004098533,0.7946200035694753,0.17432405757585123,3.6284895508006136,0.3350512099249931
6100,0.21594306826591492,0.923492431640625,0.15917031466960907,0.12020043661233974,0.12205358793471341,0.01327432218969973,1.2679067351827191,0.41813662621870634,0.796512789059729,0.1739944057186425,3.629209453943092,0.33613542592511053
6125,0.21495555341243744,0.923858642578125,0.15806886553764343,0.11925024088878926,0.12264965394177287,0.013243630319027323,1.2712494922622204,0.41773527832914736,0.798382993633636,0.173666947987705,3.6299248075042128,0.3372114855923218
6150,0.21398232877254486,0.924163818359375,0.1569664627313614,0.1183104288675003,0.1232417303558618,0.013213108545888851,1.2745637412258448,0.41733534466014,0.8002310913443611,0.173340979256893,3.630635633960843,0.3382796142544372
6175,0.2130233347415924,0.924652099609375,0.15587744116783142,0.11738183713627166,0.12382978733217503,0.013182809268791618,1.2778495102757483,0.41693766673105087,0.8020572918019844,0.17301712731602467,3.6313419549557415,0.33933978060585596
6200,0.2120782881975174,0.9249114990234375,0.154780313372612,0.11645627138527678,0.124413839654622,0.013152713791250579,1.2811070515117289,0.416541963434549,0.8038617979036116,0.17269483894298931,3.632043781119747,0.340392004764239
6225,0.21114706993103027,0.9250946044921875,0.15369153022766113,0.11554016465256743,0.12499385740881157,0.013122847319989429,1.2843364049396222,0.41614865514341515,0.8056448573004835,0.17237451133640214,3.6327411839027532,0.3414363302555394
6250,0.2102293074131012,0.9253692626953125,0.1526375114917755,0.11463858669474031,0.12556990920660138,0.013093166016497257,1.2875380832936252,0.4157570581591862,0.8074068965848586,0.17205560052607521,3.633434148193582,0.3424729164204105
6275,0.20932485163211823,0.9255523681640625,0.15156324207782745,0.11374268246016357,0.12614199410855373,0.013063718373502812,1.2907122734089493,0.41536796457236264,0.8091481906140843,0.17173880864691413,3.63412276055419,0.3435018058941535
6300,0.20843355357646942,0.9257659912109375,0.15048915147781372,0.11285297761798613,0.12671010917999692,0.013034513302606698,1.2938591046434547,0.41498152608997096,0.8108689822718114,0.17142459672774096,3.634806982413369,0.3445229689158134
6325,0.20755518972873688,0.9259796142578125,0.14946380257606506,0.11198042783796867,0.12727426910718617,0.013005564213811056,1.2969788249351828,0.4145979770013375,0.8125695236620041,0.17111278167800079,3.6354868643235085,0.34553642414848484
6350,0.20668943226337433,0.9261627197265625,0.14841264486312866,0.11111193025753002,0.12783456300457813,0.012976786208356845,1.300072062446978,0.41421598526869885,0.8142501787252432,0.17080258053551245,3.636162471185673,0.34654236167755337
6375,0.20583607256412506,0.9264678955078125,0.14740808308124542,0.11025949481555194,0.1283910121498367,0.012948185900667972,1.3031390578895383,0.4138356624818263,0.8159112453478051,0.17049411683445523,3.6368337648053912,0.3475408950425762
6400,0.204994797706604,0.926666259765625,0.14641709625720978,0.10941862424242797,0.12894368706965414,0.01291975969650977,1.3061803222309503,0.4134569651841422,0.8175530582206935,0.17018731538170023,3.637500775203802,0.348532177707764
6425,0.20416541397571564,0.926971435546875,0.14541791379451752,0.10858168709323959,0.1294926084498116,0.01289152523182067,1.3091961265284555,0.41308019520664696,0.8191758999730745,0.16988260929795915,3.638163580631681,0.34951623173142937
6450,0.20334771275520325,0.9271392822265625,0.14443439245224,0.1077595882422947,0.13003778963918153,0.012863487085264065,1.3121866912164852,0.41270544299314693,0.8207800307546704,0.16958013593738058,3.6388222301733895,0.35049321083433854
6475,0.20254141092300415,0.9273681640625,0.14347214996814728,0.10694253634321192,0.1305792926376314,0.012835617977492273,1.3151524652529754,0.41233228332526917,0.8223658925387345,0.16927932795826953,3.6394767351173316,0.35146319226966866
6500,0.2017463743686676,0.9275054931640625,0.14251191914081573,0.10613313030437455,0.13111710655091824,0.01280791494975458,1.3180935264021472,0.4119606798459469,0.8239336745387873,0.16897979220200088,3.640127106477076,0.35242622507950166
6525,0.2009623646736145,0.927734375,0.14157240092754364,0.10533680624698676,0.13165126461535956,0.012780338914994967,1.3210101567603425,0.4115900094427893,0.8254835569721231,0.16868120258639982,3.640773313322091,0.3533823774567328
6550,0.20018932223320007,0.928009033203125,0.14061513543128967,0.10454213074040909,0.13218176017734254,0.012752953987498133,1.3239025071318242,0.41122133210594436,0.8270157699500941,0.1683844279333719,3.6414155228637632,0.354331677287476
6575,0.1994270384311676,0.928253173828125,0.1396578699350357,0.10375551100518736,0.13270859679922375,0.012725763467057026,1.326770687338108,0.41085470312811506,0.8285305846539412,0.16808938771168308,3.642053653622299,0.35527415717615307
6600,0.19867540895938873,0.928436279296875,0.138723686337471,0.10298183572965684,0.1332317958365124,0.012698807172340978,1.3296149579518237,0.41049078822322627,0.8300280926728686,0.16779691987547057,3.642687800749689,0.35620983876249707
6625,0.19793418049812317,0.9286041259765625,0.13781386613845825,0.10222095261213743,0.1337514092669718,0.01267203417412122,1.3324356938361441,0.4101287766968514,0.8315085931872617,0.16750614228622876,3.6433179618901135,0.3571388275398746
6650,0.197203129529953,0.9287567138671875,0.13689838349819183,0.1014623231522079,0.13426748344423206,0.012645389999177976,1.335233261896951,0.4097678036810155,0.8329723142874583,0.16721637015633228,3.643944199825025,0.35806124748891527
6675,0.1964821070432663,0.9289703369140625,0.13599573075771332,0.10071145340009827,0.13478004143775893,0.012618940233855014,1.3380078876978891,0.4094089407097766,0.8344196529578815,0.16692856964971897,3.6445665163667185,0.3589771612188467
6700,0.19577105343341827,0.9291839599609375,0.1350865513086319,0.09996669565843228,0.13528906024839496,0.012592751402275863,1.3407595749725674,0.4090532824879096,0.8358507488077885,0.1666436624058347,3.6451849381253343,0.359886508910337
6725,0.19506973028182983,0.929443359375,0.13419903814792633,0.09923133251630643,0.13579456511785462,0.01256672537171679,1.3434885689211904,0.4086992525287811,0.8372657582290923,0.1663603047326327,3.6457995020900333,0.3607893836555206
6750,0.19437795877456665,0.9296875,0.13332991302013397,0.09850717395273373,0.13629660908238844,0.012540850437513584,1.3461952401813926,0.4083466709154715,0.8386649921678655,0.1660782258610505,3.6464102201405906,0.3616858920660067
6775,0.1936955600976944,0.92987060546875,0.13246101140975952,0.09779014327148154,0.1367952354935417,0.012515117792952455,1.3488798985046053,0.40799540111223,0.8400486379666522,0.1657973501458606,3.6470170780246334,0.36257615241901014
6800,0.19302240014076233,0.9300994873046875,0.13159893453121185,0.0970779038591108,0.13729044831901396,0.01248959450025404,1.3515427368912345,0.4076465682378062,0.8414169901787123,0.16551876827893022,3.6476202780587994,0.36346016265902503
6825,0.19235825538635254,0.9303436279296875,0.13074329495429993,0.09637192498885626,0.13778231999556634,0.012464260430956768,1.3541841456541264,0.4072998364117388,0.8427702350777806,0.16524232622685783,3.648219650973538,0.36433806853810596
6850,0.19170305132865906,0.930450439453125,0.12989284098148346,0.09567729691730255,0.13827084389857122,0.012439122305188703,1.3568042337010622,0.40695534067661016,0.8441085894250867,0.1649678949272186,3.64881532557588,0.36520983706991533
6875,0.1910567283630371,0.9306488037109375,0.12905889749526978,0.0949901640924633,0.13875599576385345,0.012414202316420207,1.3594029791857771,0.40661345693722056,0.8454321908079122,0.16469567291434015,3.649407314283435,0.3660755128805814
6900,0.19041895866394043,0.9309844970703125,0.12823764979839325,0.09431039005502675,0.1392378879447211,0.012389453655456198,1.3619810294554497,0.4062734319024142,0.8467413975785476,0.16442499804218655,3.6499956342090076,0.3669353279129254
6925,0.18978944420814514,0.93115234375,0.12745171785354614,0.09364319460469607,0.1397166164681427,0.012364827381084504,1.364538936863251,0.4059344705953269,0.8480364676865942,0.16415517451988,3.650580274645696,0.3677894569619477
6950,0.18916824460029602,0.93133544921875,0.12663044035434723,0.09297948590144192,0.14019212743131187,0.012340386238891209,1.3670765615417406,0.40559762255108484,0.8493174518188714,0.16388719761245402,3.6511613400391214,0.3686377691531133
6975,0.18855524063110352,0.9315948486328125,0.1258161962032318,0.09231632273216364,0.14066442031635917,0.012316102255389658,1.3695940049091042,0.40526244374874515,0.8505844535307808,0.16362096081136127,3.6517388837924996,0.3694802906961715
7000,0.18795034289360046,0.931671142578125,0.12502746284008026,0.09166309838978978,0.141133500847676,0.012291980362882766,1.3720913559895473,0.4049290177565279,0.8518377351569983,0.1633562478485157,3.6523128487088,0.37031704509791236
7025,0.18735332787036896,0.9318389892578125,0.12424886226654053,0.09101942151214183,0.14159941305203919,0.012267992005522742,1.374568924666161,0.4045968870638032,0.853077492921078,0.16309270119293606,3.6528832747769906,0.3711481397627178
7050,0.18676403164863586,0.93212890625,0.1234733983874321,0.09038135060104462,0.14206225375572715,0.012244166411365703,1.3770272640947636,0.4042665429370159,0.8543040073735597,0.16283068901929298,3.6534501749872335,0.3719737467776209
7075,0.18618243932724,0.9323272705078125,0.12270016223192215,0.08975013262094628,0.14252196592893457,0.012220576036045247,1.3794662237017001,0.4039392063357108,0.8555173482623111,0.16257136895647584,3.6540136810092,0.37279371784648657
7100,0.18560826778411865,0.9325408935546875,0.12195661664009094,0.08913334202087149,0.1429786653877783,0.012197096978684934,1.3818864145864762,0.4036128329584522,0.8567178273667893,0.16231303432159805,3.6545737278913335,0.3736082878569283
7125,0.18504145741462708,0.9327392578125,0.12120607495307922,0.08851737368957645,0.14343232812753165,0.01217374640556263,1.384287817390844,0.40328772020494236,0.8579054553963912,0.16205587500670288,3.655130379529692,0.3744174647200055
7150,0.18448182940483093,0.932830810546875,0.12047075480222702,0.08790908365555836,0.1438830089699858,0.012150507191491234,1.3866707501020015,0.4029635858100931,0.8590804947973,0.1617997590224588,3.6556835885540875,0.37522131666296393
7175,0.18392926454544067,0.9329833984375,0.119740329682827,0.08730485306382438,0.14433075560630268,0.012127392659171688,1.389035563401814,0.40264067191731673,0.8602432029359235,0.1615449714181318,3.6562334910497545,0.376019919136711
7200,0.18338365852832794,0.9331817626953125,0.11900531500577927,0.08670522567363279,0.14477553841001484,0.012104441650100599,1.3913821709828467,0.4023196273222131,0.86139371368646,0.16129189495743831,3.6567800563488913,0.3768132941190324
7225,0.18284499645233154,0.9333953857421875,0.11829934269189835,0.08611872509909832,0.14521738127533843,0.012081642387864569,1.393710754252349,0.4020002647500073,0.862532127450592,0.16104050989968477,3.657323283141132,0.3776014869075047
7250,0.18231305480003357,0.93353271484375,0.11756603419780731,0.08553121475606894,0.14565633971561967,0.01205896803565638,1.3960216921486435,0.40168215892908155,0.8636586589169164,0.16079048515221256,3.6578632949499266,0.37838460052511225
7275,0.18178793787956238,0.9337005615234375,0.11686406284570694,0.0849529084853222,0.1460923858287867,0.012036457259329695,1.3983148801847036,0.40136595114118623,0.8647733213343172,0.16054215163836147,3.658400000527805,0.37916254435769675
7300,0.1812693029642105,0.933868408203125,0.11615759879350662,0.0843818576865326,0.14652561597244812,0.012014034047453532,1.4005908827933196,0.4010503930196212,0.8658764066888835,0.16029455727372902,3.6589335058101944,0.37993550673346393
7325,0.18075712025165558,0.933929443359375,0.11547486484050751,0.08381864301152854,0.1469559944282378,0.011991746482982353,1.4028495817386861,0.4007362901187926,0.8669679932663061,0.1600484054574118,3.65946378856127,0.38070345154350294
7350,0.18025124073028564,0.934112548828125,0.11478018015623093,0.08325584467396178,0.14738357109557473,0.011969510691091992,1.405091296232817,0.4004222525886974,0.8680482721746543,0.1598026635331736,3.6599909030435978,0.3814665460828541
7375,0.17975160479545593,0.9342041015625,0.11410379409790039,0.08270068418766402,0.1478083406199338,0.011947385510079156,1.407316071182255,0.40010927159250453,0.8691173284580361,0.15955808290429035,3.6605148794156315,0.3822247264009214
7400,0.17925821244716644,0.93438720703125,0.11341411620378494,0.08214856823173858,0.1482302875983617,0.011925417053000778,1.4095238950883984,0.39979812691620903,0.8701753626197377,0.1593152107132422,3.661035727118199,0.38297797459526073
7425,0.17877089977264404,0.9344329833984375,0.1127290427684784,0.08160140585850532,0.1486494628905787,0.011903569461674557,1.411715065186221,0.39948822457005273,0.8712224911696824,0.15907344138984691,3.661553441415663,0.3837263672630126
7450,0.17828962206840515,0.934600830078125,0.11207123100757599,0.08106535529960915,0.14906586986584405,0.0118818267470783,1.4138896841320072,0.3991793109983455,0.8722587763815555,0.1588326753869596,3.6620681022726562,0.38446992102464855
7475,0.17781418561935425,0.93475341796875,0.11140801757574081,0.08053552134908798,0.14947958304643044,0.011860202280721278,1.4160481528658375,0.39887161447455954,0.8732844446770525,0.1585930590631091,3.662579691284676,0.3852087680183877
7500,0.17734456062316895,0.9349365234375,0.11075661331415176,0.08000799683150504,0.1498905946650689,0.011838720699266295,1.4181905129547328,0.3985655629727643,0.8742996038810764,0.15835493127228378,3.66308827395496,0.3859429314457958
7525,0.1768805980682373,0.93505859375,0.11012299358844757,0.07948992466912218,0.15029897587407876,0.011817356411414053,1.4203171521309794,0.3982607324098151,0.8753044256035298,0.15811805860128764,3.6635938479483077,0.38667252354190357
7550,0.17642222344875336,0.935211181640625,0.10947883129119873,0.07897404313240139,0.15070472549356817,0.011796096671769363,1.4224280977602008,0.3979569089263778,0.876299029742658,0.15788226160937094,3.664096368060191,0.3873975549214986
7575,0.17596930265426636,0.9353179931640625,0.10885434597730637,0.07846561327297165,0.15110786946594934,0.0117749151026134,1.4245235778159768,0.39765366811738506,0.8772835314094511,0.157647154104081,3.6645959782475157,0.3881181058493571
7600,0.1755218803882599,0.935394287109375,0.10819204151630402,0.0779554051508276,0.1515083967280979,0.011753845415342407,1.4266035808547601,0.39735158147845534,0.8782579549459374,0.15741314837417086,3.6650926574751836,0.38883412551652563
7625,0.17507997155189514,0.935516357421875,0.10755299776792526,0.07744927454974196,0.1519062284294551,0.011732959999671692,1.4286677910198644,0.3970518814279841,0.8792223918987825,0.1571811672223704,3.6655864227467885,0.38954547397555717
7650,0.1746433973312378,0.935577392578125,0.10692958533763885,0.07695285153113858,0.15230145610774926,0.01171218403383825,1.4307167105092269,0.39675331657155355,0.8801770379221842,0.1569503411325024,3.666077333721845,0.3902523335794045
7675,0.1742120087146759,0.935699462890625,0.10633010417222977,0.07646401226388529,0.15269412222654427,0.011691558505176145,1.4327505738723254,0.3964565841838364,0.8811220152977994,0.15672092526643833,3.666565360835054,0.3909547598492847
7700,0.1737857609987259,0.935791015625,0.10569782555103302,0.07597503673242946,0.15308426544780354,0.011671062037388753,1.4347696424119427,0.396161338670452,0.8820575070339769,0.15649287138868354,3.667050592553591,0.3916528069140399
7725,0.17336466908454895,0.935821533203125,0.10507310181856155,0.0754846498231633,0.15347184310400425,0.011650721933992348,1.4367737278596544,0.39586804131363806,0.882983613481528,0.15626659766669754,3.6675329447574594,0.39234639921948244
7750,0.17294861376285553,0.9360198974609375,0.10446953028440475,0.07500324632922763,0.1538568457812533,0.011630505973761016,1.4387628626112536,0.3955761608746568,0.8839003785721875,0.15604143282471103,3.668012499165493,0.39303560557253076
7775,0.17253755033016205,0.9361114501953125,0.10387328267097473,0.07453145259231839,0.15423931806669847,0.011610472628558556,1.4407373188487227,0.395286704393787,0.8848080106666745,0.15581819195722474,3.668489306492394,0.39372050427073524
7800,0.1721312701702118,0.9362945556640625,0.1032881960272789,0.07406758229616235,0.15461938416784649,0.011590545787160815,1.44269771302536,0.3949983825052458,0.8857066540748617,0.15559594122751685,3.668963351925434,0.3944012406118307
7825,0.1717296540737152,0.936431884765625,0.10271479934453964,0.07360298927083742,0.15499705883711695,0.011570704790760993,1.4446441557257292,0.394710848536765,0.8865964775774061,0.15537451004725344,3.6694346393197237,0.3950779107829358
7850,0.1713327318429947,0.9365386962890625,0.10213383287191391,0.07314070669704138,0.15537228061927494,0.01155099019668144,1.4465764070155889,0.3944248009579948,0.8874775456376338,0.1551545011478966,3.6699031853693316,0.39575045075635223
7875,0.17094047367572784,0.9367523193359375,0.10156020522117615,0.07268761681798215,0.15574507563707657,0.011531370661219249,1.4484946481092718,0.39413971573430956,0.8883498796029473,0.15493535158074934,3.6703690400941715,0.3964188944307922
7900,0.17055276036262512,0.9368438720703125,0.10099002718925476,0.07223727636506191,0.1561154981726522,0.011511833719393436,1.450399186230334,0.39385538861581754,0.8892135839131936,0.15471703609398368,3.6708322437728023,0.3970832809509962
7925,0.17016950249671936,0.9368896484375,0.10042424499988556,0.07179389500859812,0.15648356941859418,0.011492400896596764,1.452290160102073,0.3935721928803038,0.8900687912055392,0.15449980373898436,3.6712928026767018,0.3977436573549878
7950,0.16979065537452698,0.9370269775390625,0.09986349195241928,0.0713519023641691,0.1568492924385445,0.011473051451079611,1.4541676232444465,0.39328977870500315,0.8909156270047924,0.15428337348033166,3.671750722380641,0.3984000353083736
7975,0.16941618919372559,0.9372100830078125,0.09930553287267685,0.07091107245958037,0.1572126679554674,0.011453865228332135,1.456031633532,0.3930095248263639,0.8917542530411129,0.15406877278701941,3.6722060481078955,0.3990524018269265
8000,0.16904601454734802,0.937286376953125,0.09876295924186707,0.07047772126463497,0.15757371789246435,0.011434810109688762,1.4578823280899864,0.3927308875293129,0.8925847641332253,0.15385555660383338,3.6726587786804012,0.3997008192461236
8025,0.16868005692958832,0.937347412109375,0.09821128845214844,0.070045392109539,0.15793249266997206,0.011415868417460399,1.4597199925865425,0.3924535739579918,0.8934072178286665,0.1536433921775122,3.673108957523864,0.40034534012295003
8050,0.16831830143928528,0.9374847412109375,0.09766647219657898,0.06962432324611773,0.1582889890689057,0.011397070841329644,1.4615446395775369,0.3921781157585703,0.8942217278656783,0.15343267968862645,3.673556567330453,0.40098597738188246
8075,0.16796064376831055,0.9375762939453125,0.09713013470172882,0.06920259086870585,0.15864324260900425,0.011378418857988817,1.4633564685688571,0.39190454579711786,0.8950284431729467,0.15322351598473316,3.6740016126049557,0.40162281422658846
8100,0.16760706901550293,0.937713623046875,0.09658972918987274,0.06878338264123703,0.1589952300326341,0.011359917087314963,1.4651554538364737,0.3916329636588911,0.8958273870802732,0.153015855011206,3.6744442148621785,0.40225581820992035
8125,0.16725754737854004,0.9377593994140625,0.0960516408085823,0.06837001604790192,0.15934495103487772,0.01134162844794376,1.4669415910245065,0.3913644524672192,0.8966186394839828,0.15281074735692202,3.674884283924887,0.4028850013640422
8150,0.1669120192527771,0.9378662109375,0.09550893306732178,0.06795750438756541,0.15969244857953757,0.011323467111079316,1.468715114753995,0.39109754137640185,0.8974022606846026,0.15260701910879193,3.675321831139345,0.4035104255285757
8175,0.16657036542892456,0.9379730224609375,0.09499865025281906,0.06755563708242879,0.16003777425671922,0.011305411574053629,1.4704763607896583,0.39083188258947454,0.8981783039680389,0.15240434339919778,3.6757570244889446,0.40413216863276863
8200,0.16623252630233765,0.9380035400390625,0.09448108822107315,0.06715580405109063,0.1603809635063591,0.011287492745111536,1.4722254695355272,0.39056800173964173,0.8989470008076442,0.15220319790640863,3.6761897317468155,0.4047502693791972
8225,0.1658984124660492,0.9380950927734375,0.09397658705711365,0.06676021040272001,0.1607220223584926,0.011269696877050522,1.4739625250403934,0.3903056742618539,0.8997084155058017,0.15200327554786391,3.676620019536638,0.4053647750351594
8250,0.16556799411773682,0.93817138671875,0.09348700195550919,0.06636564932980542,0.16106096255951338,0.01125195766282528,1.4756876412598743,0.3900437647822068,0.9004626224221859,0.15180383759710106,3.677047964628075,0.4059757416608031
8275,0.16524113714694977,0.9381866455078125,0.09299010783433914,0.06598034011728374,0.16139782295839658,0.011234245295414546,1.477400987726947,0.38978174898968987,0.9012097370413323,0.15160425020941715,3.6774734744275475,0.40658327700871694
8300,0.16491785645484924,0.9382476806640625,0.09250333160161972,0.06559740076650793,0.16173263634725935,0.011216582885511256,1.4791027985704432,0.38952004418896036,0.9019497621624264,0.15140508903122482,3.6778966887154976,0.40718735783649157
8325,0.16459810733795166,0.93841552734375,0.09201796352863312,0.06521497066084402,0.16206535985433568,0.011198993895338696,1.4807928587439505,0.3892590481572755,0.9026827746199159,0.15120648952719065,3.6783174917838433,0.40778796724304994
8350,0.16428183019161224,0.938446044921875,0.09151788800954819,0.06482976582489078,0.16239601981399462,0.011181469390715345,1.4824713669817216,0.3889986222831795,0.9034088853649053,0.15100849196566132,3.6787360103783575,0.4083851225400352
8375,0.1639689952135086,0.9385833740234375,0.09105627983808517,0.0644588272164808,0.16272463215120556,0.011164029506170275,1.4841384085506935,0.3887391163086482,0.9041281701283379,0.15081134025078935,3.679152209012738,0.40897882954534936
8400,0.1636594980955124,0.9387054443359375,0.09056922793388367,0.06408771243917814,0.1630512848493008,0.011146644167399118,1.48579439798367,0.38848000671905797,0.9048407390476358,0.15061470549029182,3.6795660561380283,0.40956923154468067
8425,0.1633533537387848,0.9388427734375,0.09009920805692673,0.06372249386629951,0.1633759525093568,0.011129294320821404,1.4874392737454754,0.3882209712788117,0.9055465687948857,0.15041826499508126,3.679977623742407,0.4101562841647439
8450,0.16305050253868103,0.938934326171875,0.08962984383106232,0.06335836152555603,0.16369864779166024,0.011112027111820662,1.4890731237400263,0.3879628359500955,0.9062457657853553,0.15022257237867664,3.6803869247616454,0.4107400112848993
8475,0.16275089979171753,0.9390106201171875,0.08916645497083664,0.06299692472709964,0.16401938431140536,0.011094855945783749,1.4906960491421415,0.3877058425379264,0.9069384747981011,0.15002761248313276,3.6807939953510647,0.4113204846711098
8500,0.1624545007944107,0.939117431640625,0.08869469165802002,0.06263610114743672,0.16433815470457352,0.011077790546508984,1.4923080754574578,0.38745017447203867,0.9076247251186622,0.1498337602173312,3.6811989210677774,0.41189763068936214
8525,0.16216130554676056,0.93914794921875,0.0882217213511467,0.062281152400044816,0.16465495212001663,0.011060818013211973,1.4939091285947763,0.38719559333412523,0.9083046251830482,0.14964102660718373,3.6816015363699313,0.4124714950377591
8550,0.1618712842464447,0.93927001953125,0.08777200430631638,0.06193148621483062,0.16496981725055432,0.011043928384470988,1.495499470248224,0.38694194268497417,0.908978194182642,0.14944916093057847,3.68200197292931,0.4130421099925516
8575,0.1615842878818512,0.939361572265625,0.0873241201043129,0.061581597165238394,0.16528278510962174,0.011027075479506777,1.49707929313248,0.386688419377502,0.9096455898286929,0.14925752064562142,3.6824002577170836,0.41360955892805
8600,0.16130027174949646,0.939544677734375,0.08689296990633011,0.061238923411068055,0.16559388761887142,0.011010276802997872,1.4986487807022342,0.3864353364540338,0.9103068559862713,0.14906626698624195,3.6827964311800625,0.41417391002327636
8625,0.1610192060470581,0.93963623046875,0.08645516633987427,0.0608958634564444,0.165903145442735,0.010993539465055881,1.5002080297705378,0.38618281641282515,0.9109621117564403,0.14887554005449188,3.6831904476596002,0.41473519840879397
8650,0.16074106097221375,0.939697265625,0.08601173013448715,0.06055621560552864,0.1662105684917398,0.01097690874693583,1.5017571370635203,0.3859316658417598,0.9116113782903505,0.14868588435367602,3.6835823819762257,0.4152934216744569
8675,0.16046589612960815,0.9398040771484375,0.08556599915027618,0.060214728573905474,0.16651609111780044,0.010960419530372504,1.5032958202216145,0.3856825013870438,0.9122547017338754,0.14849787586716995,3.6839722164571502,0.4158484833486997
8700,0.16019366681575775,0.939849853515625,0.08511540293693542,0.059877407741007006,0.1668196784168952,0.010944074905301871,1.5048238896660995,0.38543537001845923,0.9128921126402103,0.14831156679951382,3.6843598193927236,0.41640031136241257
8725,0.15992432832717896,0.9398956298828125,0.0846860408782959,0.05954872797704888,0.1671214200142884,0.010927806658854119,1.5063418726651914,0.3851891020227807,0.9135236713344125,0.14812615808411334,3.684745439610842,0.41694907177685236
8750,0.15965770184993744,0.9398956298828125,0.08426176756620407,0.05922201179838889,0.16742139794356323,0.010911560085889957,1.5078501107896187,0.38494272340000035,0.9141495279290278,0.1479407349757766,3.6851289584958025,0.41749492336441235
8775,0.15939383208751678,0.94000244140625,0.08384609967470169,0.058899374668405655,0.1677196041647276,0.01089540219498585,1.5093486206204512,0.38469742653568373,0.9147697026865543,0.14775615883146756,3.6855104573495248,0.4180377841907273
8800,0.159132719039917,0.940032958984375,0.08341407775878906,0.05857126510673486,0.16801600879906403,0.010879363883618806,1.5108372496959797,0.38445375170020174,0.9153842550828282,0.14757295164891504,3.6858898445736115,0.41857764029762423
8825,0.15887433290481567,0.9400787353515625,0.08298948407173157,0.05824992204046844,0.16831060572697074,0.010863382861432522,1.5123160381337004,0.38421061489103303,0.9159932203191484,0.1473902733799785,3.6862672376268404,0.4191144857974381
8850,0.15861856937408447,0.9400634765625,0.08258982002735138,0.057938584842387335,0.16860347119224334,0.010847445086031676,1.5137853250835707,0.3839677643472891,0.9165967196696801,0.14720798638280658,3.686642581665836,0.4196484585125969
8875,0.15836547315120697,0.9401397705078125,0.08215402066707611,0.057617778711843745,0.16889454178203012,0.010831618395263002,1.5152448379091032,0.38372640191770147,0.9171947626111777,0.14702691367461834,3.687015860818936,0.42017945227901937
8900,0.15811501443386078,0.940277099609375,0.08174411207437515,0.05730531928627747,0.16918380951330342,0.010815910489924285,1.516694619460242,0.38348668412267867,0.9177873649313234,0.14684706341029521,3.6873872206226586,0.42070746712704576
8925,0.15786710381507874,0.940399169921875,0.08134827762842178,0.05699690441714661,0.1694713721834755,0.01080029226698822,1.518135099309497,0.383248092872484,0.9183747063608527,0.14666816380817196,3.68775659485466,0.4212326560715569
8950,0.15762171149253845,0.9404754638671875,0.08092544227838516,0.05669146990275195,0.16975725543148518,0.010784747139801956,1.5195664387943442,0.38301034483654767,0.918956830824829,0.14649006993776595,3.6881240540025395,0.4217550564052568
8975,0.15737885236740112,0.940582275390625,0.08051244169473648,0.056387269322531054,0.170041429023751,0.010769375598018403,1.520988505391194,0.3827752253554994,0.9195337558405449,0.14631409467016415,3.68848956294938,0.42227454343051124
9000,0.15713849663734436,0.940673828125,0.0801236480474472,0.05609222860203832,0.17032394162171074,0.010754132480514033,1.5224015296489455,0.3825419376259276,0.9201055238421927,0.1461395141932066,3.688853111573166,0.42279121733538166
9025,0.1569005250930786,0.9407196044921875,0.07972642779350281,0.055798520760808434,0.17060483929474352,0.010738953850050635,1.52380580136674,0.38230936598159043,0.9206722206383056,0.14596556560853166,3.6892148632361974,0.42330516801444446
9050,0.1566648632287979,0.9408416748046875,0.07937049865722656,0.05551156092502672,0.1708841675660417,0.010723782794141542,1.5252014751984841,0.3820764830720518,0.921233923959998,0.14579153566820163,3.6895746615943303,0.4238164807571579
9075,0.15643145143985748,0.94097900390625,0.07899504154920578,0.0552210413614345,0.17116194226895728,0.010708608063805008,1.5265886836172513,0.38184310026568535,0.9217906959003884,0.14561717209651864,3.689932619036808,0.4243252180258701
9100,0.1562003791332245,0.9410400390625,0.07860646396875381,0.05492925122819208,0.1714380830184469,0.010693564324420464,1.5279670539136756,0.3816116127878793,0.9223426018907194,0.1454442343857391,3.6902886639305463,0.4248312547634529
9125,0.15597158670425415,0.9410858154296875,0.0782301053404808,0.05464263119053767,0.17171262571140153,0.0106785786279209,1.5293368025726737,0.3813807337608125,0.9228896350110288,0.1452718552460602,3.690642895040858,0.4253346468548463
9150,0.1557450294494629,0.941131591796875,0.07785731554031372,0.054359132779298915,0.17198558206219317,0.010663640704969665,1.5306979875869193,0.3811502797297476,0.9234318581818532,0.1450997756543177,3.690995289610222,0.4258354112187274
9175,0.15552067756652832,0.9411773681640625,0.07750057429075241,0.05408181465682102,0.17225697929708877,0.010648734201558109,1.5320507258276481,0.38091995540371165,0.9239694127794698,0.144927801633132,3.6913458013419125,0.42633362501338595
9200,0.15529850125312805,0.9412841796875,0.07711587846279144,0.05379937800624214,0.17252680923978292,0.010633845023084402,1.533395029678512,0.3806895182732733,0.9245022600986441,0.14475591482734831,3.691694512471007,0.42682923427517827
9225,0.15507850050926208,0.94134521484375,0.07676383852958679,0.053526238741986455,0.17279509394771306,0.010619049805751892,1.5347310193597428,0.3804603437984257,0.9250304595027721,0.14458487529752345,3.6920414415184877,0.4273222688306061
9250,0.15486058592796326,0.9414520263671875,0.07639700174331665,0.05325439239680076,0.1730618812207294,0.010604293486179464,1.5360589031615761,0.3802314442543225,0.9255540933799362,0.14441416753796543,3.69238654503351,0.42781285228686866
9275,0.15464483201503754,0.94158935546875,0.07602393627166748,0.052980296979819666,0.1733271097130004,0.010589618405608512,1.537378446698367,0.3800035868924872,0.9260731285073374,0.14424438701839618,3.692729880798142,0.428300836632406
9300,0.15443117916584015,0.9417266845703125,0.07566782832145691,0.0527130070910466,0.17359084192882615,0.010575003007930238,1.5386899077697693,0.3797763798070756,0.9265876400408751,0.1440749706596564,3.6930713688860863,0.42878631609506257
9325,0.15421955287456512,0.9418182373046875,0.07531318068504333,0.05244404549692419,0.17385310214641878,0.01056042956849473,1.5399934544696465,0.37954951861010977,0.9270977136379033,0.1439058294400141,3.693411122620941,0.42926933218245306
9350,0.15400999784469604,0.941864013671875,0.07495515048503876,0.05217689309152043,0.17411384719408315,0.010545909110106824,1.5412889203691755,0.37932320610197456,0.927603359191461,0.14373709452474115,3.6937491697489233,0.42974982919020555
9375,0.15380248427391052,0.94189453125,0.07459083944559097,0.05190978432996379,0.17437307937217203,0.010531449841051657,1.5425763128987744,0.3790975882331928,0.928104584214947,0.14356905064442493,3.694085471737411,0.4302278241337707
9400,0.15359698235988617,0.9419403076171875,0.0742548406124115,0.05164572736243284,0.17463081050867652,0.01051705896774882,1.5438556967598631,0.37887279714585165,0.928601482628206,0.14340167244557483,3.6944200268203855,0.4307033426823333
9425,0.15339341759681702,0.9420166015625,0.07389191538095474,0.051385483285193934,0.174887056105214,0.010502752496785636,1.5451271937864854,0.3786491341033896,0.9290941179892315,0.14323520320653574,3.694752931687707,0.4311764399088525
9450,0.15319187939167023,0.9420623779296875,0.07353471964597702,0.0511233622558034,0.17514181675780405,0.010488531698579223,1.5463907851292058,0.37842661710412684,0.9295824892604366,0.14306972944732144,3.695084104550692,0.43164707236793454
9475,0.15299227833747864,0.942108154296875,0.07319530844688416,0.05086742155876578,0.17539509723180144,0.010474389732013057,1.5476465446734051,0.378205136009288,0.930066614966586,0.14290510693968328,3.6954136416843864,0.4321152763117457
9500,0.15279458463191986,0.942169189453125,0.07285157591104507,0.050613127595254555,0.1756469510497995,0.010460304485792295,1.5488946683195735,0.3779842817023752,0.9305465732697213,0.1427410460670036,3.6957414177030294,0.4325810982381201
9525,0.15259875357151031,0.9422149658203125,0.07251503318548203,0.05036213597731449,0.17589740906153348,0.010446275459356601,1.5501353777921778,0.3777640654804677,0.93102245301164,0.14257747067059362,3.696067609061115,0.43304460271016043
9550,0.1524047702550888,0.9423675537109375,0.07218405604362488,0.05011532833034059,0.17614645008729624,0.010432340406550195,1.55136859361183,0.3775451732899321,0.9314942875353374,0.14241499724318757,3.696392221035267,0.4335057502766378
9575,0.15221261978149414,0.9425048828125,0.0718376561999321,0.04986614529329925,0.17639407566655216,0.01041844675022713,1.55259427878234,0.37732664336130795,0.9319620842947518,0.14225278781219025,3.6967151216952723,0.4339645586333726
9600,0.1520223319530487,0.9425201416015625,0.07150974124670029,0.049621645951001124,0.17664026677840053,0.01040465681513808,1.5538123765570055,0.37710961058534487,0.9324258929452811,0.142091727266893,3.6970363479572548,0.4344209823222415
9625,0.15183380246162415,0.94244384765625,0.07118633389472961,0.04937757736958309,0.17688505894367373,0.01039095035235009,1.5550230685710325,0.3768937153253107,0.932885791209369,0.1419314238503312,3.6973559331824424,0.43487509042774775
9650,0.15164700150489807,0.94244384765625,0.07087396830320358,0.049140317819073465,0.1771285238376799,0.010377290328553902,1.5562267115966544,0.3766782962631787,0.9333418128842232,0.14177154744395454,3.6976739505610645,0.4353270102688914
9675,0.1514618992805481,0.9424896240234375,0.07056005299091339,0.048903935016127525,0.17737064403661826,0.010363675820506946,1.5574232601614624,0.37646334342384213,0.9337939895147537,0.14161193582504494,3.6979904488348327,0.43577672741663254
9700,0.1512785255908966,0.942535400390625,0.07023405283689499,0.048663590118439674,0.17761141239180303,0.0103501057649009,1.5586126531699314,0.37624882953409255,0.9342423404714286,0.1414526920317584,3.6983053323694786,0.436224245389168
9725,0.15109680593013763,0.942657470703125,0.06990993767976761,0.04842726483175715,0.17785084864637513,0.010336592926050554,1.5597949891622511,0.3760349888939017,0.9346869298115348,0.14129408115675385,3.69861860475921,0.4366695605447429
9750,0.15091679990291595,0.9426727294921875,0.06958948075771332,0.04819454747647163,0.17808894311250031,0.010323171692933833,1.560970265820378,0.37582245695859395,0.9351277644956166,0.14113657472763969,3.6989303369491098,0.4371126312918133
9775,0.15073850750923157,0.9427490234375,0.06925690174102783,0.04796211372820795,0.1783257166885861,0.01030986267612029,1.562138573743057,0.37561161011215555,0.9355648140721374,0.14098046872559888,3.699240502477984,0.4375534612956057
9800,0.15056189894676208,0.9428863525390625,0.06893175095319748,0.04773170735818252,0.17856113185727762,0.010296678307678503,1.563299773336709,0.37540268294173706,0.9359981481411346,0.14082585496610994,3.699549136082048,0.43799198529969713
9825,0.15038692951202393,0.942901611328125,0.06862083077430725,0.04750538049936792,0.1787952378962358,0.010283549534449687,1.5644540962238433,0.37519442204796877,0.9364278397391939,0.14067163817483194,3.699856251611275,0.43842835398987867
9850,0.1502135992050171,0.9429779052734375,0.06830593943595886,0.04727670669495109,0.17902803869841558,0.010270481882107203,1.5656015535937697,0.3749869267363143,0.9368539180642074,0.14051809604378335,3.700161812299969,0.4388625252777337
9875,0.15004189312458038,0.9429931640625,0.06799367815256119,0.04705379913456855,0.17925950995761822,0.010257518997289423,1.5667420905852476,0.3747810067434528,0.9372764462498016,0.14036583468031785,3.700465916838153,0.4392944806303898
9900,0.14987167716026306,0.9430999755859375,0.06770782172679901,0.04683554129831292,0.17948975628654473,0.010244598329736626,1.5678761409596191,0.37457551475038936,0.937695443146694,0.1402139608503285,3.7007684876005618,0.4397243731089792
9925,0.1497029960155487,0.943206787109375,0.06740830838680267,0.0466125037284445,0.17971876062048706,0.010231690366106853,1.5690036762674897,0.3743699213253995,0.9381109909229136,0.14006200329210275,3.7010696123739977,0.44015224115338464
9950,0.14953581988811493,0.943267822265625,0.06711135804653168,0.04639366697852088,0.1799464736137904,0.010218864899990994,1.570124485226315,0.374165503500813,0.9385231271021567,0.13991100411096696,3.7013692795143696,0.44057801031321414
9975,0.14937013387680054,0.9432830810546875,0.06682119518518448,0.04617624547558289,0.18017296519298187,0.010206077797667888,1.5712388553090406,0.3739614495570767,0.9389318796448698,0.13976040619670377,3.701667426272182,0.4410017623307336
10000,0.14920595288276672,0.943328857421875,0.06651175767183304,0.045958830515316615,0.1803981980909159,0.010193381359162269,1.5723466613286161,0.3737587266111296,0.9393372501450317,0.13961073029488413,3.7019641201100213,0.4414234676599546
10025,0.14904329180717468,0.9434051513671875,0.06620889902114868,0.04574476153119533,0.18062216561542005,0.010180753954498864,1.5734478611009437,0.3735569361193008,0.9397392488633387,0.1394618339528943,3.7022593096295293,0.44184307773884085
10050,0.14888210594654083,0.9433441162109375,0.06592092663049698,0.04553535623722219,0.1808449035944729,0.01016819680524086,1.5745426477000528,0.37335610987342965,0.9401379006336323,0.13931370250304242,3.7025530615436284,0.44226065317512236
10075,0.1487223207950592,0.9434051513671875,0.06563746184110641,0.04532722903572783,0.18106644779202138,0.010155708184618606,1.575631190676699,0.37315622011435495,0.9405332548927898,0.13916621701064255,3.7028453887465185,0.44267624493446234
10100,0.148563951253891,0.943511962890625,0.06534543633460999,0.045118821505482694,0.1812868140243019,0.010143284523477517,1.5767135662128893,0.3729572036399584,0.9409253900355437,0.1390194408548098,3.7031362895012854,0.44308984428151865
10125,0.14840692281723022,0.94354248046875,0.06508368253707886,0.04492032819676049,0.18150605643409048,0.010130850489100562,1.577790032091324,0.37275768041796004,0.941314347804391,0.1388723787452672,3.703425797838135,0.4435016035335728
10150,0.1482512652873993,0.9435882568359375,0.06479696929454803,0.044716262708840694,0.18172414290249328,0.010118447343845823,1.5788604332456848,0.37255840420755115,0.9417001598536945,0.13872551846743564,3.7037138596056596,0.4439114530624433
10175,0.14809700846672058,0.9436492919921875,0.06450825929641724,0.0445121929698228,0.18194104916360912,0.010106069373770647,1.5799247178155977,0.3723592817025405,0.9420827721409406,0.13857880145333185,3.704000582275978,0.4443193560275731
10200,0.14794409275054932,0.9436798095703125,0.06423396617174149,0.044309752126489264,0.18215681717073146,0.010093732598393999,1.580983047890059,0.3721606025985703,0.9424623090868441,0.13843239609975636,3.7042859006972315,0.44472534705697325
10225,0.1477925181388855,0.94366455078125,0.06395525485277176,0.04411000230556819,0.1823714121828071,0.01008146771189537,1.5820352598464467,0.37196292988645,0.9428387640992806,0.13828686885189,3.704569767164327,0.4451294081317435
10250,0.14764226973056793,0.9436492919921875,0.06367906183004379,0.043911826893351304,0.18258483694984734,0.010069279381776217,1.5830814107501456,0.37176636126125706,0.9432121632167022,0.1381422825106059,3.704852269621507,0.44553154284886165
10275,0.14749331772327423,0.9437103271484375,0.06341040134429932,0.04371539926789746,0.1827971056065282,0.010057133416385044,1.5841215956253334,0.37157027411261545,0.9435825335866289,0.13799816856261538,3.7051334694261966,0.445931816418396
10300,0.1473456621170044,0.943817138671875,0.06312945485115051,0.04351962529096637,0.1830082362234982,0.010045044720258158,1.5851558859143844,0.371374942174809,0.9439498756531808,0.13785485550585658,3.705413333267936,0.44633019090777587
10325,0.14719930291175842,0.94390869140625,0.06285616755485535,0.04332422087097201,0.18321828137586682,0.010033006106071822,1.5861845121576696,0.37118023361704416,0.9443142643862782,0.13771229138674929,3.705691851184212,0.4467267455234879
10350,0.14705419540405273,0.94390869140625,0.06259406358003616,0.04313275873467399,0.1834271924445883,0.010021035006415404,1.5872072717712782,0.37098647319304706,0.944675725903742,0.13757052814701543,3.705969025398335,0.44712142149179385
10375,0.14691035449504852,0.9439849853515625,0.062316812574863434,0.042937177229307184,0.18363499241280942,0.010009091762858743,1.588224282288638,0.37079293139589203,0.9450342693820407,0.13742890978385006,3.7062448817553237,0.4475142552043931
10400,0.14676779508590698,0.94403076171875,0.06204735487699509,0.04274701727761581,0.18384161597778417,0.009997220369259428,1.5892352771006089,0.370600426713245,0.9453898382972995,0.13728798851038299,3.706519440703641,0.4479051420764013
10425,0.14662644267082214,0.9440460205078125,0.061787545680999756,0.04255769171782754,0.18404713427858868,0.009985379538379741,1.5902405417034857,0.37040818923043334,0.9457425413369136,0.13714724572076392,3.706792634446596,0.44829422708541455
10450,0.1464863121509552,0.94415283203125,0.061513982713222504,0.042369886213274116,0.1842515714797353,0.009973590574885992,1.5912402025410584,0.3702166190594086,0.9460924271441333,0.13700704593455065,3.7070644988835895,0.44868151957019003
10475,0.14634743332862854,0.9442138671875,0.06126083806157112,0.04218280980741481,0.18445488273981944,0.009961857289178531,1.5922341016204795,0.37002579561061383,0.9464394902505553,0.13686752293480017,3.7073351016264855,0.44906695960775705
10500,0.1462097465991974,0.9442596435546875,0.06098217889666557,0.041997346599019526,0.18465710630892915,0.009950162903892432,1.5932223859536945,0.3698354033557982,0.9467837631237568,0.1367283378767294,3.707604385023158,0.44945058245023684
10525,0.14607323706150055,0.9443206787109375,0.060724858194589615,0.041814187288246936,0.18485822893884876,0.009938530639936303,1.594205006234807,0.369645875855071,0.9471252560165186,0.1365898797644792,3.7078723522798493,0.44983238961610084
10550,0.14593791961669922,0.9443817138671875,0.0604528933763504,0.041632464481242054,0.18505826425593194,0.009926962013376417,1.5951820782814115,0.3694572553022562,0.9474639865551602,0.13645216489864218,3.7081391210672208,0.4502123803294109
10575,0.1458037942647934,0.9444122314453125,0.0601968988776207,0.0414528386353708,0.1852572181396544,0.00991544006736516,1.5961535964927367,0.36926921959284315,0.9477999819821634,0.1363151273700325,3.7084046046285097,0.4505905592199939
10600,0.1456708312034607,0.9444122314453125,0.059937864542007446,0.04127325501391346,0.18545512362738267,0.009903971326882744,1.5971197598063334,0.3690819036379673,0.9481332819402102,0.1361788311383833,3.7086689200405862,0.45096699628874254
10625,0.14553898572921753,0.9444732666015625,0.059684090316295624,0.04109385943898779,0.1856519952771577,0.009892550288642462,1.598080571254778,0.3688951915516306,0.9484639646040782,0.13604306716851428,3.7089319147830637,0.45134168022824095
10650,0.1454082429409027,0.944488525390625,0.05944234877824783,0.04091887161966333,0.18584781400498016,0.009881174706757237,1.5990360087721953,0.3687090556422715,0.948792045194649,0.13590758780878898,3.7091937145403775,0.4517146470219824
10675,0.14527857303619385,0.9445343017578125,0.059200093150138855,0.040745411917118175,0.1860426536198094,0.009869818507220957,1.5999863914425274,0.3685230097511355,0.9491175464167525,0.13577217707551864,3.7094543093491557,0.4520859800819873
10700,0.14514994621276855,0.9445648193359375,0.05897391587495804,0.04057668858725858,0.186236524740758,0.009858492877217507,1.6009317546156359,0.36833725990307165,0.9494404703715228,0.13563695064801884,3.7097136625866676,0.4524556787351108
10725,0.14502239227294922,0.944610595703125,0.05872300639748573,0.04040135334083888,0.18642943430392062,0.009847177705527337,1.6018721400686977,0.36815143275110185,0.9497608415851336,0.13550187852343185,3.70997178953078,0.4528237528294477
10750,0.14489591121673584,0.94464111328125,0.058469247072935104,0.040231945302095666,0.18662133723517502,0.009835927908297369,1.6028074032099144,0.36796656589166415,0.9500786504440284,0.13536767764012467,3.7102287912469043,0.45319014865087365
10775,0.14477047324180603,0.9447021484375,0.05823542922735214,0.04006562195724247,0.18681224336859473,0.009824723713996343,1.603737520517259,0.36778227521135476,0.950393913260418,0.13523392004051712,3.710484502716551,0.4535548916794384
10800,0.1446460336446762,0.94482421875,0.05800546705722809,0.03989802736313258,0.187002179724716,0.009813504435413473,1.60466264449496,0.3675974328621032,0.950706669363486,0.1350996928886071,3.710738996073387,0.45391806532525625
10825,0.14452263712882996,0.9448699951171875,0.057760030031204224,0.03972785847465292,0.18719112706205365,0.00980231182072292,1.6055827092881167,0.36741282330350006,0.9510169323995585,0.134965684801023,3.71099229774404,0.45427960487897345
10850,0.14440032839775085,0.9449310302734375,0.05750089883804321,0.03955982202631362,0.18737904080134046,0.009791239550361297,1.606497553491405,0.3672302098324726,0.9513247239525404,0.13483309755778572,3.71124446405456,0.4546393987153002
10875,0.14427903294563293,0.9449005126953125,0.05726155638694763,0.03939565755803996,0.187565951412638,0.009780244601848079,1.6074072962880657,0.3670487855275228,0.9516300943836413,0.1347012010498649,3.7114954559105664,0.45499751620793527
10900,0.1441587507724762,0.9449615478515625,0.057034239172935486,0.03923686516259903,0.18775192114793016,0.009769267224532977,1.6083122246480293,0.3668674346192963,0.9519330654122229,0.13456934569032644,3.71174530799166,0.4553540746650826
10925,0.14403942227363586,0.9449615478515625,0.056797146797180176,0.03907345722093224,0.18793694271536746,0.009758351284512759,1.6092122965746192,0.3666869782906618,0.952233697893839,0.13443813898091586,3.711993984015037,0.45570909400368603
10950,0.14392109215259552,0.9450225830078125,0.056556012481451035,0.03891132470404389,0.18812099373959823,0.009747503633225074,1.610107420869608,0.36650754741124286,0.9525319787366553,0.1343076936792904,3.712241483123286,0.45606248621493783
10975,0.14380374550819397,0.945159912109375,0.05631769448518753,0.03875209998269828,0.18830408419264155,0.00973670500564268,1.6109976520677767,0.36632878351460396,0.952827891227213,0.13417773104017577,3.712487821147247,0.4564142729242212
11000,0.1436874121427536,0.9451751708984375,0.056070853024721146,0.03859039805294565,0.1884861939121889,0.009725981507528583,1.61188289164845,0.3661511757818008,0.9531214313234059,0.13404861835009851,3.7127329583923876,0.4567643770114826
11025,0.14357201755046844,0.9452056884765625,0.055859215557575226,0.0384350799283122,0.18866734004244293,0.009715277747538336,1.6127632715799622,0.3659736957192793,0.9534126980063988,0.13391959788166155,3.7129770185493216,0.45711288537461625
11050,0.1434575468301773,0.94525146484375,0.05562833324074745,0.03827930475348142,0.18884756884810203,0.009704596995369984,1.6136389904131607,0.3657964046958724,0.9537016781099995,0.1337907587101414,3.7132199923694102,0.4574599095085044
11075,0.14334401488304138,0.9452667236328125,0.0554007850587368,0.03812482490408245,0.18902689265380668,0.009693974733035881,1.6145100906926635,0.3656199692766504,0.9539883704192631,0.1336626196960956,3.7134618460143693,0.4578053981008642
11100,0.1432313770055771,0.9452972412109375,0.055185042321681976,0.037971186372576,0.18920530066475674,0.009683407023821514,1.6153765670354225,0.3654443253726069,0.9542728135079059,0.1335351385889043,3.7137026626996543,0.4581493505192178
11125,0.14311964809894562,0.9453125,0.054959144443273544,0.0378179500030446,0.18938282366770123,0.009672878908103968,1.616238526584378,0.3652691858725948,0.9545550529206446,0.1334080266322894,3.7139423762442436,0.4584917885506444
11150,0.14300884306430817,0.9453887939453125,0.05473018437623978,0.0376622064369213,0.18955940635815938,0.009662431243200476,1.6170957173277765,0.36509531940116047,0.9548350931079075,0.13328192601065997,3.714180939669865,0.4588326286610355
11175,0.14289891719818115,0.94537353515625,0.05451541021466255,0.03751249405001132,0.18973507833231415,0.009652048097227332,1.6179482856905654,0.3649224310656575,0.9551129719246126,0.13315673110325604,3.714418388967669,0.4591719769833521
11200,0.14278991520404816,0.9453887939453125,0.054269254207611084,0.03735865035702937,0.18990981957270997,0.009641728356178544,1.618796177091602,0.36475050791600666,0.9553886706942116,0.13303242844675195,3.7146547845812994,0.4595097789788353
11225,0.14268186688423157,0.945343017578125,0.05403394252061844,0.03720460240026532,0.19008359946279385,0.009631520452952696,1.6196392692200434,0.36458046956361767,0.9556621909164082,0.13290958200083702,3.714890134838457,0.45984594090376735
11250,0.1425747275352478,0.9452972412109375,0.05380023643374443,0.03705161442166166,0.19025642717273916,0.009621427832712602,1.6204775918076857,0.3644123818626021,0.9559335766503506,0.13278817534436213,3.715124407785419,0.4601805114450751
11275,0.14246846735477448,0.9453125,0.05356988683342934,0.036901813880572974,0.19042832411809446,0.00961138612079804,1.621311202273732,0.3642450202431734,0.9562028339671154,0.13266737095532477,3.715357515744235,0.46051348277999865
11300,0.1423630714416504,0.9453277587890625,0.053360119462013245,0.03675996424397132,0.19059936233706323,0.009601361854490295,1.622140488481977,0.3640777692407512,0.9564700160157575,0.13254681861511194,3.7155896350761823,0.4608450169098019
11325,0.14225850999355316,0.945343017578125,0.05314825102686882,0.03661119039823546,0.19076951217943328,0.009591388233174233,1.622965322555704,0.36391125793224066,0.9567351310868406,0.13242673917963307,3.7158207525311973,0.4611750887595573
11350,0.1421547830104828,0.9454193115234375,0.05294099077582359,0.036468129653158536,0.19093877481820468,0.009581472167983409,1.6237856844540364,0.3637456126267758,0.9569981998075938,0.13230736958820127,3.7160508013563516,0.4615036888501552
11375,0.1420518457889557,0.9454193115234375,0.05272655561566353,0.03632888586612043,0.19110717088459,0.009571601715725232,1.6246017037136797,0.363580616837212,0.9572592406187193,0.13218844114217482,3.7162798679750706,0.46183085701782156
11400,0.14194974303245544,0.945465087890625,0.05252420902252197,0.036188016810543816,0.19127473392293007,0.009561745649119657,1.6254135194505588,0.3634156769602676,0.9575182817852235,0.13206943764278023,3.7165079354853527,0.46215661951205456
11425,0.14184841513633728,0.945526123046875,0.05230807140469551,0.03604926592103964,0.19144143976801503,0.00955192818011594,1.626220994366794,0.36325124524572133,0.9577753331601896,0.13195088393974638,3.716734916029024,0.46248093853051875
11450,0.14174792170524597,0.945526123046875,0.05210494250059128,0.03591092614432063,0.191607320906642,0.00954216843112572,1.6270243087320444,0.36308769536612434,0.9580304259985535,0.13183311004502746,3.716960897612551,0.4628038517850566
11475,0.14164818823337555,0.945556640625,0.051904160529375076,0.035773282563430056,0.19177238294159626,0.00953248123323248,1.6278234815430936,0.3629253096327589,0.9582835995929513,0.13171617666149135,3.717185860903358,0.46312538575806134
11500,0.1415492296218872,0.94561767578125,0.051699310541152954,0.03563472207016361,0.19193662274413956,0.009522825745761146,1.6286185539981415,0.3627633238258119,0.9585348212078943,0.13159942638325098,3.717409921976999,0.46344554519391745
11525,0.14145103096961975,0.9456329345703125,0.051508039236068726,0.0354977630622886,0.192100070959129,0.009513192637614722,1.629409557439732,0.36260153835316267,0.9587841715444398,0.13148279673227492,3.7176328474396874,0.46376436666446125
11550,0.1413535326719284,0.945648193359375,0.05131363868713379,0.035363580765059355,0.19226274043101407,0.009503565576667239,1.6301966447158043,0.36243966364464447,0.9590316383777687,0.13136619899419782,3.717854854001042,0.46408192287344124
11575,0.14125680923461914,0.945709228515625,0.051108021289110184,0.03522781463721279,0.19242460954538307,0.009493951025876891,1.6309796589785972,0.3622778079340226,0.959277183749879,0.1312496017301357,3.7180757851525783,0.46439810621662964
11600,0.14116087555885315,0.9456939697265625,0.05089566111564636,0.03509073969304021,0.19258564741435516,0.009484414363493402,1.6317585167790418,0.3621172294753335,0.9595208424635997,0.13113391698966465,3.7182957411812336,0.464712887766896
11625,0.14106571674346924,0.9457244873046875,0.05068996921181679,0.03495342178068904,0.1927458182988518,0.009474983394365826,1.6325330588652975,0.3619584593142226,0.9597626338367666,0.13101957934982128,3.71851469597418,0.4650262050888813
11650,0.14097127318382263,0.945709228515625,0.05051680654287338,0.0348262853742448,0.1929052032952409,0.00946561957689877,1.6333036535472778,0.3618007689556775,0.9600026315534304,0.13090608934952436,3.71873269804836,0.465338162548486
11675,0.14087751507759094,0.9457550048828125,0.05032216012477875,0.03469398808976265,0.19306385233279122,0.009456270059457227,1.6340705170178806,0.3616431502471351,0.9602408812290102,0.13079270524916303,3.718949750991586,0.4656488847593351
11700,0.14078444242477417,0.94580078125,0.05012877658009529,0.034566014964373955,0.19322169049541668,0.009446951871937184,1.634833352050287,0.3614859331321782,0.9604773078816883,0.13067957375486428,3.7191658926338755,0.4659582826336398
11725,0.1406920850276947,0.945831298828125,0.04994341731071472,0.03443614831276312,0.19337874826059798,0.009437649370038569,1.6355922846056339,0.36132881771070524,0.9607119494318397,0.1305665848213674,3.719381108577737,0.4662663664227987
11750,0.14060047268867493,0.9458465576171875,0.049725525081157684,0.03430514265233423,0.193534975168432,0.009428406406985251,1.636347082311528,0.36117263948779516,0.9609447950063137,0.13045441598049537,3.7195953481600843,0.4665730622971989
11775,0.14050957560539246,0.9458770751953125,0.04952125623822212,0.03418011741060141,0.1936903806965303,0.0094192634689304,1.6370977982136112,0.36101817831751937,0.9611758649864333,0.13034354763605321,3.7198086331652243,0.4668783671781393
11800,0.1404193639755249,0.9459381103515625,0.04934927821159363,0.03405308434834946,0.19384503330722103,0.009410151098047418,1.6378447223732358,0.3608641049653823,0.961405232124527,0.1302329466113562,3.7200209578798806,0.4671824015848295
11825,0.14032985270023346,0.9459991455078125,0.049149464815855026,0.03392634924680409,0.19399891370674144,0.009401090886146256,1.6385878135542506,0.36071084280257204,0.9616328860075811,0.1301229425992116,3.720232406807032,0.4674851599210468
11850,0.14024099707603455,0.946014404296875,0.04896458983421326,0.03380411057517048,0.19415204801724997,0.009392083724994293,1.6393271375175016,0.3605584000694884,0.9618588329448242,0.13001355870806597,3.7204428718034563,0.4677866530682548
11875,0.14015281200408936,0.946014404296875,0.04877718538045883,0.033677220896159994,0.19430440575722915,0.009383119524911557,1.6400625877864596,0.36040658885887117,0.9620830922508019,0.12990481433673912,3.7206523964860856,0.4680868542519859
11900,0.14006534218788147,0.946044921875,0.04857181757688522,0.033555540894264074,0.19445598387834087,0.009374190538638652,1.6407941620050128,0.3602552632571942,0.9623056616370624,0.12979650132039772,3.720860997715154,0.4683857031740406
11925,0.1399785280227661,0.9460296630859375,0.04838321730494499,0.033434673081969186,0.19460685485317988,0.009365309140146818,1.6415222301596835,0.3601046756762872,0.9625265573906798,0.12968881083016898,3.7210688143632344,0.46868330147046383
11950,0.13989238440990448,0.946014404296875,0.04819021373987198,0.03331216896854095,0.1947569750285564,0.009356487111149185,1.6422464970411281,0.359955029196,0.9627457730088924,0.1295818677965418,3.7212755881672543,0.46897964713924756
11975,0.13980689644813538,0.94610595703125,0.04800472781062126,0.033197956651229994,0.19490636927285734,0.00934769689919462,1.6429671488673325,0.35980581257578254,0.9629633330810666,0.12947524348846995,3.7214814970735053,0.469274752413756
12000,0.1397220939397812,0.946136474609375,0.04779244586825371,0.0330747135220099,0.19505499511565533,0.00933897545891541,1.6436839822882505,0.35965773240726634,0.9631792568113664,0.12936936282064054,3.7216864794585214,0.46956852778463304
12025,0.13963796198368073,0.946136474609375,0.0475911907851696,0.03295433320173119,0.19520285191120787,0.0093303216587401,1.6443970339608782,0.35951077693269606,0.9633935149686732,0.12926429900181977,3.721890617808375,0.46986098302196544
12050,0.13955450057983398,0.946136474609375,0.04741014540195465,0.03283664487802211,0.19534995110930262,0.00932173649361269,1.6451063204271457,0.35936495978606287,0.9636061358598902,0.12916002549345773,3.722093833785015,0.47015211729485923
12075,0.13947167992591858,0.946136474609375,0.047222282737493515,0.03272015712335522,0.19549630941748294,0.009313233503483037,1.6458119370350521,0.3592205489800231,0.96381715401109,0.129056909784885,3.7222961775373373,0.4704419802710026
12100,0.13938942551612854,0.9461669921875,0.04705768823623657,0.03260803356624998,0.19564200760065756,0.00930475177045969,1.6465142422491184,0.3590763749648902,0.964026609249656,0.12895413856528443,3.7224976848403895,0.4707307123356135
12125,0.13930778205394745,0.9461822509765625,0.04689038172364235,0.03249706658758712,0.1957870480928994,0.009296264174003803,1.6472132033389413,0.3589319048989174,0.9642345172810791,0.128851202894104,3.7226982530271,0.4710183473090305
12150,0.13922670483589172,0.9461822509765625,0.04671043902635574,0.032383830701636036,0.1959314272944952,0.009287807433129854,1.6479088625626497,0.3587878598245401,0.964440880024517,0.12874856070629404,3.7228980063840247,0.4713048295434647
12175,0.13914623856544495,0.946197509765625,0.04651983454823494,0.03226619536697722,0.1960750809647678,0.00927938818587884,1.6486009188456667,0.3586443616474051,0.9646457041046945,0.12864652500664553,3.723096869376562,0.4715900730428078
12200,0.1390663981437683,0.946258544921875,0.04635390639305115,0.03215581237180635,0.19621799159092917,0.009271027872665817,1.6492893130393584,0.3585018285817215,0.9648490158489925,0.1285452687552271,3.723294868672399,0.47187405268412297
12225,0.13898712396621704,0.946258544921875,0.04618362337350845,0.032043303559144004,0.19636022005671286,0.009262691118711258,1.6499743107930256,0.3583595796071678,0.9650508693899045,0.1284442638200797,3.7234920204097723,0.4721569091806264
12250,0.13890841603279114,0.9462738037109375,0.046009406447410583,0.031926944507175814,0.1965017421813923,0.009254383186124407,1.6506558062513355,0.3582177157901303,0.9652512311766434,0.12834350792729815,3.723688309368807,0.47243859031470303
12275,0.138830304145813,0.9462738037109375,0.04583710432052612,0.03181633701779752,0.19664258238366064,0.009246130818182164,1.6513339150367563,0.3580767581113957,0.9654501209699061,0.12824336089370292,3.7238837593880016,0.4727191065622155
12300,0.1387527734041214,0.9462890625,0.045655496418476105,0.03170366590907419,0.19678272783878217,0.009237933667329579,1.6520085936970808,0.35793670317232884,0.9656475384831513,0.12814388556683298,3.724078388408699,0.4729984409020781
12325,0.13867580890655518,0.9462738037109375,0.045485712587833405,0.03159330345034601,0.19692217388948374,0.009229775304525753,1.6526798084219565,0.3577972305018524,0.9658435044035307,0.1280448873977066,3.724272158733086,0.4732765955049564
12350,0.1385994255542755,0.9462890625,0.04530780762434006,0.03148236976404625,0.19706095542805802,0.00922168431817849,1.6533477284403588,0.3576589000295084,0.9660380416501747,0.12794685142220014,3.724465116341409,0.4735536081531011
12375,0.13852360844612122,0.9462890625,0.04514511674642563,0.03137506510488039,0.19719903366327882,0.00921361890919226,1.6540121819911293,0.35752090023957944,0.9662311329472302,0.1278491365706819,3.7246572355697745,0.4738294449562461
12400,0.1384483128786087,0.946319580078125,0.04498191177845001,0.03126720644947627,0.19733645593252738,0.009205582415583963,1.6546733958358935,0.35738330224671283,0.9664228052895028,0.12775165571102287,3.724848574643653,0.4741041679526581
12425,0.13837355375289917,0.9463348388671875,0.0448249913752079,0.03116025562781853,0.19747322905097817,0.009197590136254789,1.6553314011653704,0.35724640406265934,0.9666130818555287,0.12765463639695535,3.725039134371794,0.47437779330226626
12450,0.13829930126667023,0.94635009765625,0.044663261622190475,0.031056474234788748,0.19760935357162882,0.009189636253929422,1.6559861208068098,0.3571100762850076,0.966801966887251,0.12755812574381759,3.725228730928898,0.47465030781946027
12475,0.13822555541992188,0.9463958740234375,0.04449339956045151,0.030952610358628917,0.19774486032977365,0.009181716274830101,1.6566378039007816,0.35697425805696215,0.9669894715670695,0.1274619869278475,3.7254176293378487,0.4749217615594133
12500,0.1381523609161377,0.9463653564453125,0.04433451592922211,0.03084860791191718,0.1978797121860481,0.009173848666670202,1.657286222582414,0.35683929346313215,0.9671756188613694,0.12736650880339717,3.7256056622148175,0.47519209833692755
12525,0.1380797028541565,0.946380615234375,0.044165171682834625,0.030743497883098284,0.19801389989504806,0.00916601116017516,1.6579313900363424,0.3567047613624715,0.9673603913375837,0.12727142077780157,3.7257929413068838,0.4754613257147021
12550,0.13800758123397827,0.9463958740234375,0.04398943483829498,0.030637623748299724,0.19814739210770618,0.009158233446656632,1.6585731944574955,0.3565712442920765,0.9675437955654445,0.12717713378721796,3.725979505174833,0.4757293883888815
12575,0.13793599605560303,0.9464569091796875,0.04382213577628136,0.03053281733800912,0.19828020085153147,0.009150519962879487,1.6592116330158515,0.356438818394073,0.9677258412651827,0.1270837062488092,3.7261652291818885,0.4759962742319792
12600,0.13786494731903076,0.9463958740234375,0.04365362226963043,0.030428606674949902,0.19841234500949248,0.009142867223667342,1.6598467850462946,0.3563074171343249,0.9679065341087755,0.1269910245834118,3.7263501091086146,0.4762620151111372
12625,0.1377944052219391,0.946441650390625,0.04349926859140396,0.03032956979595435,0.19854388707180592,0.009135237332220365,1.6604789460402176,0.3561763102755772,0.9680858929582097,0.12689871930535648,3.7265342168476625,0.4765267220813559
12650,0.1377243548631668,0.94647216796875,0.043335285037755966,0.03023118509660073,0.1986748141099631,0.0091276310698822,1.661108089776644,0.35604551923412203,0.9682639427010203,0.12680653950684184,3.7267176104699944,0.47679037767043764
12675,0.13765478134155273,0.9464874267578125,0.043179500848054886,0.03013026744772386,0.19880512156915658,0.009120054133138305,1.6617341830794388,0.35591515234990057,0.9684406832762166,0.12671465604480955,3.726900253776314,0.4770529824936656
12700,0.13758571445941925,0.94647216796875,0.04301990568637848,0.03002963141713284,0.19893480597465074,0.009112498770622368,1.6623571715111731,0.35578505013380357,0.968616137792767,0.1266231432437651,3.727082052811067,0.47731453208940866
12725,0.13751712441444397,0.9465179443359375,0.04285749793052673,0.029931553589459106,0.19906385632580234,0.009104971540272315,1.662977010906858,0.35565534123404974,0.9687903140354135,0.12653200003396403,3.7272630072161252,0.4775749996772327
12750,0.13744904100894928,0.946502685546875,0.042710572481155396,0.02983592125798472,0.19919230532283183,0.009097470579164574,1.6635938972649846,0.35552600230984954,0.9689632079529111,0.1264412339159853,3.7274432457774695,0.47783441439614704
12775,0.1373814046382904,0.946502685546875,0.04256522282958031,0.029742443821580887,0.19932018154970207,0.009089985974711874,1.6642079676860149,0.35539684368128877,0.969134857858162,0.1263506769974858,3.727622804045767,0.4780928629564808
12800,0.13731424510478973,0.9465179443359375,0.0423998087644577,0.02964648918057905,0.19944747966818044,0.00908254501985124,1.6648191796777796,0.3552683948769271,0.9693052583757436,0.12626062741132713,3.7278016327212646,0.47835029436037285
12825,0.13724753260612488,0.946624755859375,0.0422530323266983,0.029553463185843967,0.19957420051636762,0.009075131967926788,1.6654275039369086,0.35514034158601443,0.9694744380492104,0.12617091607342334,3.727979654375769,0.4786066989759461
12850,0.13718128204345703,0.9466400146484375,0.042101774364709854,0.029460887056743927,0.19970034628162597,0.009067730087953819,1.6660329975347663,0.35501236689537957,0.9696423980233394,0.1260813776033862,3.7281569724034918,0.4788621293812396
12875,0.137115478515625,0.9466705322265625,0.04195283725857735,0.029369007705919895,0.19982588400809986,0.009060346587387347,1.666635522394236,0.35488461174598196,0.9698091482180919,0.1259921258339654,3.728333581409789,0.4791165452901734
12900,0.13705015182495117,0.9467010498046875,0.041783589869737625,0.02927177534505228,0.19995079453105002,0.009053033961255152,1.6672349545289213,0.35475809540731507,0.9699746958596813,0.12590374224012088,3.72850937863564,0.4793698817207791
12925,0.13698533177375793,0.9467620849609375,0.041624002158641815,0.0291790437134575,0.20007507553145362,0.00904581024645645,1.6678313506677565,0.35463318705308616,0.9701390320933241,0.12581646248258987,3.728684508333718,0.4796221268822521
12950,0.1369209587574005,0.94677734375,0.04147529602050781,0.029085521985860674,0.20019876325957248,0.009038623584919954,1.668424835670868,0.3545088660656172,0.9703021669169154,0.12572956738000748,3.7288589076635774,0.4798733436484502
12975,0.13685700297355652,0.946807861328125,0.04132114723324776,0.028995016640764613,0.20032189323740307,0.00903142456316431,1.6690155287094992,0.3543841574623626,0.9704641348116345,0.1256423440179976,3.7290325083123466,0.48012360159340006
13000,0.13679350912570953,0.946868896484375,0.04117746651172638,0.028908011595681255,0.20044444326616986,0.009024241932351212,1.669603397922028,0.3542596377840723,0.9706249437655418,0.1255553991991488,3.729205442013394,0.48037287307966153
13025,0.13673043251037598,0.9469146728515625,0.04104521498084068,0.028818880039576607,0.2005664744547967,0.009017052368970853,1.6701886747686623,0.3541348442195874,0.9707846004785788,0.12546835584406713,3.729377653602036,0.48062121894353155
13050,0.13666775822639465,0.94696044921875,0.040890082716941833,0.02872447961929731,0.20068792850360376,0.009009881805826922,1.6707711397660545,0.3540102906593185,0.970943103756305,0.12538159032452018,3.7295491915127394,0.48086856645069387
13075,0.13660556077957153,0.94696044921875,0.04073093459010124,0.028636268688918436,0.2008087692635827,0.009002776662890292,1.671350620136907,0.35388688486669967,0.9711004513295347,0.12529563435655927,3.7297200021086256,0.48111485375810836
13100,0.13654378056526184,0.9469146728515625,0.04060032218694687,0.028549633799204294,0.20092903079828336,0.008995724280766825,1.6719272497130448,0.3537643775829309,0.9712566658570436,0.1252102683731412,3.729890063828068,0.4813601557881826
13125,0.13648243248462677,0.947021484375,0.04043329134583473,0.028459352880284464,0.2010487224228301,0.0089887264487659,1.6725011027436822,0.3536428125383818,0.9714117616386005,0.12512564005251764,3.7300594521778385,0.4816044867492237
13150,0.13642150163650513,0.947052001953125,0.04028823599219322,0.0283713652244326,0.2011678505133232,0.008981771118259927,1.673072204682228,0.3535219534495961,0.9715657300894684,0.12504155069880613,3.730228161141866,0.4818478218095927
13175,0.1363610029220581,0.9470367431640625,0.040148988366127014,0.028283306044488078,0.2012864186605636,0.008974817902923218,1.6736405919663848,0.3534010104658593,0.971718586675411,0.12495745211000886,3.7303962350871376,0.48209022564371057
13200,0.13630087673664093,0.94696044921875,0.040006350725889206,0.02819628095985227,0.20140443668172953,0.008967891814462007,1.6742062598093446,0.3532804663395549,0.9718703520760859,0.12487356400184715,3.730563568861616,0.4823316946758351
13225,0.13624118268489838,0.9469757080078125,0.03986692056059837,0.028109809916272568,0.2015219124795395,0.008961010621686024,1.6747692499813422,0.35316067347949975,0.972021057668808,0.12479028332125318,3.7307301789810676,0.48257219277287583
13250,0.13618187606334686,0.9469451904296875,0.03973379731178284,0.028024207098437823,0.2016388407047803,0.008954157911895112,1.6753295793312817,0.3530413173971164,0.9721706846570681,0.1247071489647724,3.7308961491362087,0.4828117578858845
13275,0.13612297177314758,0.946929931640625,0.03960389643907547,0.027941922385558468,0.2017552113850031,0.008947327116650588,1.6758872003913692,0.3529222676746148,0.9723192566894989,0.12462421752012182,3.7310614624533316,0.4830503749808363
13300,0.13606444001197815,0.9469451904296875,0.039456337690353394,0.02785607291554514,0.20187107259372192,0.008940521869630855,1.6764423048055157,0.35280359456217864,0.9724667800681948,0.12454159056637665,3.7312260977592744,0.4832881133991985
13325,0.13600629568099976,0.9469451904296875,0.03931207209825516,0.02777529645427825,0.20198642380457266,0.008933742247106564,1.6769948946629063,0.3526853008239844,0.9726132434447263,0.12445910402215418,3.731390061493339,0.48352496300471665
13350,0.1359485685825348,0.946990966796875,0.0391661711037159,0.027693114273852078,0.2021012387192149,0.008927017497028563,1.6775448342884092,0.35256795881180686,0.972758633486469,0.12437727241970307,3.7315532915810246,0.4837608323933095
13375,0.13589124381542206,0.9470062255859375,0.03902594372630119,0.027610518143054597,0.20221550516025172,0.008920344437167441,1.6780921466765013,0.35245152218349524,0.9729029837487079,0.12429615094917298,3.7317159483568525,0.4839957441855096
13400,0.13583427667617798,0.9470367431640625,0.03889218717813492,0.027530159444238336,0.20232926366169424,0.008913656627544536,1.6786369554182843,0.3523346694469162,0.9730463067353801,0.12421480673550621,3.7318779294109716,0.48422977222725117
13425,0.13577771186828613,0.947113037109375,0.03874679654836655,0.027447990344527974,0.20244249706212014,0.008906991923880616,1.6791791872616804,0.35221814801264606,0.9731886105354954,0.12413376637818192,3.732039227141918,0.4844628829628964
13450,0.13572151958942413,0.9471282958984375,0.038615114986896515,0.027367260675801922,0.20255519386464063,0.008900363304714838,1.679718831980413,0.3521022227409526,0.9733298959058816,0.1240531710454244,3.73219992167841,0.48469505675515023
13475,0.1356656849384308,0.9471893310546875,0.03848859295248985,0.027290165138658073,0.20266740449932016,0.008893753258117879,1.6802560687525856,0.3519865414320899,0.9734702064263083,0.12397284740658532,3.732359943476603,0.48492637023210966
13500,0.13561022281646729,0.94720458984375,0.038348469883203506,0.02721252922994174,0.20277914227394736,0.008887167263404303,1.6807909627232418,0.3518712148542631,0.9736095119348015,0.12389284442863137,3.7325193119417044,0.4851568137742092
13525,0.13555511832237244,0.9472198486328125,0.038207463920116425,0.027131799339798757,0.2028903684453185,0.008880621242743804,1.6813233696049659,0.3517565620842521,0.9737478091758618,0.1238133096647299,3.7326780604347074,0.48538634158305566
13550,0.13550040125846863,0.94720458984375,0.03807440400123596,0.027052860724551337,0.20300107683251867,0.008874127079691808,1.6818532363609016,0.35164281353630916,0.9738851150669068,0.12373448517787652,3.7328361251144373,0.4856149413207007
13575,0.13544604182243347,0.94720458984375,0.037941399961709976,0.02697600996782686,0.20311128950619375,0.00886766598362543,1.682380683681996,0.3515296038788074,0.9740214357027681,0.12365607464321478,3.7329935680376045,0.4858426835471564
13600,0.13539204001426697,0.9472198486328125,0.037816714495420456,0.026898674860942513,0.20322101355983707,0.00886123610674529,1.6829057397679001,0.3514168967682943,0.9741568091567566,0.12357808139234183,3.73315038379057,0.4860695805702986
13625,0.13533836603164673,0.9472808837890625,0.037684861570596695,0.026822934040394954,0.20333026199763024,0.008854834001073727,1.6834284523285388,0.351304623030867,0.9742912368004115,0.12350045727395434,3.733306556047165,0.4862956628973518
13650,0.13528504967689514,0.9473724365234375,0.037552885711193085,0.026745054111643077,0.20343899585970032,0.008848474492209372,1.6839486611596717,0.35119307752337603,0.9744247252832355,0.12342341036938562,3.73346208447506,0.4865208363810034
13675,0.1352320909500122,0.9474029541015625,0.03740976005792618,0.026665286616612424,0.20354725868298829,0.00884216392043404,1.6844665451313927,0.3510823866100872,0.9745572589987107,0.12334703903495021,3.733616963385489,0.48674510780192726
13700,0.1351795196533203,0.9474029541015625,0.03729008138179779,0.02658990571618299,0.20365500292314873,0.008835922194861429,1.6849819416112013,0.35097295372121967,0.9746888583715205,0.12327149174901826,3.733771265664301,0.48696847391589315
13725,0.1351272165775299,0.9473876953125,0.03715929016470909,0.026517517973931634,0.20376226401619588,0.008829701667014451,1.685494998123006,0.350863833710715,0.9748195323294218,0.1231961849793122,3.7339249905433824,0.4871910253677219
13750,0.13507528603076935,0.947418212890625,0.03702116757631302,0.02644369735053737,0.20386904103664358,0.008823510251746393,1.6860056800811063,0.3507551777489677,0.9749492611045316,0.12312117590378568,3.734078067234082,0.4874126945411397
13775,0.13502371311187744,0.9474334716796875,0.03689570724964142,0.026367786056884814,0.20397532261541906,0.008817389073418348,1.686513960892897,0.3506478082411591,0.9750780760978333,0.12304711378221933,3.7342305383254737,0.48763348009770885
13800,0.134972482919693,0.9474639892578125,0.03676551580429077,0.026295258023727314,0.20408113373214137,0.008811309106361544,1.6870199591398714,0.35054115239155387,0.9752059830241735,0.12297360056312544,3.734382435080844,0.4878534281802733
13825,0.1349215805530548,0.9474639892578125,0.03661705181002617,0.026222265168748798,0.20418648256195224,0.008805276064167126,1.6875236764944965,0.3504353179450472,0.9753329695759787,0.12290064597879245,3.734533683899691,0.48807251311257205
13850,0.13487103581428528,0.94744873046875,0.0364951565861702,0.02614657532338594,0.20429133308101793,0.00879930025847321,1.688024959596989,0.35033051009331545,0.9754590485220436,0.12282844910795915,3.734684272339415,0.4882907008041324
13875,0.13482078909873962,0.947509765625,0.03638159856200218,0.026077158481116216,0.2043957342735308,0.008793333139145917,1.6885240584096133,0.3502257729468356,0.9755842670242605,0.12275631860479688,3.734834303148931,0.48850814085933786
13900,0.13477084040641785,0.9475555419921875,0.03627663850784302,0.026008808267870942,0.20449969671857957,0.008787375764113666,1.6890209999022938,0.3501211240969516,0.9757086150625376,0.12268426677059648,3.734983736978274,0.4887248150705232
13925,0.13472115993499756,0.9475555419921875,0.036149222403764725,0.02593644454887854,0.20460326339130983,0.008781418655699926,1.6895159540046127,0.3500163731234647,0.9758321138475143,0.12261210536052791,3.7351325549618952,0.4889407514876512
13950,0.13467183709144592,0.94757080078125,0.036035988479852676,0.02586542995955916,0.2047063287957243,0.008775502551028318,1.690008515504077,0.34991233829635016,0.9759547559757269,0.12254049478466855,3.735280821990092,0.48915584186179767
13975,0.13462278246879578,0.9476165771484375,0.03592086583375931,0.02579741714974517,0.20480893908990777,0.008769570358060573,1.690498831040928,0.34980787255874113,0.9760765288376342,0.1224685747875545,3.735428438514222,0.48937016190651006
14000,0.1345740556716919,0.9476318359375,0.035785142332315445,0.025726820780579994,0.2049110884732316,0.008763638838992114,1.6909869262100663,0.3497033200310199,0.9761974310836997,0.12239663011985977,3.7355755116626455,0.4895836747363881
14025,0.13452564179897308,0.9476776123046875,0.03566574677824974,0.025655536473590108,0.20501276657581943,0.00875772811985347,1.691472749655505,0.34959908044363713,0.9763174659776706,0.12232483864776138,3.735722020106289,0.4897963429436916
14050,0.13447752594947815,0.947723388671875,0.03554464504122734,0.025584650952255598,0.20511396244981325,0.008751834705397416,1.6919562313375447,0.3494950791182769,0.9764366757892177,0.12225321773621034,3.7358679064829476,0.4900081744643348
14075,0.13442973792552948,0.94775390625,0.035431813448667526,0.02551846250066223,0.20521471703260274,0.008745965116831329,1.6924375516356687,0.34939144887853146,0.9765550455357088,0.12218186627637884,3.7360131939180112,0.4902192035673126
14100,0.1343821883201599,0.9477691650390625,0.035330016165971756,0.025450617036435887,0.20531504342445,0.008740079097476264,1.6929168372413694,0.3492874006570347,0.9766726103181897,0.12211022183424734,3.7361580406288075,0.4904295293031475
14125,0.13433495163917542,0.9477386474609375,0.03520603105425835,0.025382315319529034,0.20541494444370598,0.008734208653919396,1.6933939913455305,0.34918355130989026,0.9767893324656762,0.12203874334571713,3.7363022051668495,0.4906391035903794
14150,0.1342879980802536,0.947784423828125,0.03509082645177841,0.02531785507173443,0.2055144167875102,0.008728365895707302,1.6938690299289167,0.34908014927047054,0.9769052517206813,0.1219675404789052,3.736445750795351,0.49084790259774974
14175,0.13424134254455566,0.9477996826171875,0.034958597272634506,0.025249858876965917,0.20561347282425307,0.008722539892066646,1.694342068969303,0.34897698970838187,0.9770203750028476,0.12189655151470043,3.7365888188344565,0.49105594840153427
14200,0.1341949850320816,0.947784423828125,0.03484557196497917,0.025183633044316946,0.20571206282002338,0.008716767936105159,1.6948128513641127,0.348874808352383,0.9771346805449176,0.12182630908753629,3.7367312920418896,0.4912631452173522
14225,0.13414892554283142,0.9477386474609375,0.034728508442640305,0.025118826133204358,0.2058102137018467,0.008710997131965699,1.695281504558571,0.34877255067989876,0.9772481485947555,0.1217560196846199,3.7368732046256286,0.4914695648124547
14250,0.13410313427448273,0.947723388671875,0.03460513800382614,0.02505205638604387,0.20590794357400646,0.008705233633231385,1.6957481314535392,0.3486703455921018,0.9773608525255653,0.12168589667508994,3.73701461694236,0.49167523166577287
14275,0.1340576410293579,0.9477386474609375,0.03449190780520439,0.02499086964148504,0.2060052398678209,0.008699499415192503,1.6962126834602702,0.34856863396111937,0.9774727738700135,0.12161604340681997,3.737155533887877,0.49188012188218033
14300,0.13401244580745697,0.947784423828125,0.0343584381043911,0.02492256526566714,0.2061020773259529,0.008693813635370097,1.6966749978049704,0.34846778809951334,0.9775839063609968,0.12154674436052293,3.737295823801151,0.49208417620176176
14325,0.1339675486087799,0.9477386474609375,0.03423792123794556,0.024858700166871348,0.20619844624499808,0.008688171044158005,1.6971350594562638,0.3483677087504259,0.9776942714282288,0.12147795002419859,3.737435539375102,0.4922873969444628
14350,0.13392296433448792,0.9477386474609375,0.03411208838224411,0.024792242030982486,0.20629439312945735,0.008682577574609489,1.6975931052869713,0.3482685249912663,0.9778038674744757,0.12140964861302836,3.7375747786350924,0.4924898492170123
14375,0.1338786482810974,0.94775390625,0.033980902284383774,0.024725985302068217,0.20638989844747957,0.008677022674425992,1.69804899532498,0.34817001376527024,0.9779127068920476,0.12134188139636864,3.7377134083112598,0.49269148495760273
14400,0.1338346153497696,0.947723388671875,0.03386106714606285,0.024662862677928873,0.20648496816573741,0.008671502122194356,1.6985028364853558,0.34807210788672954,0.9780207916384296,0.12127461950239528,3.7378516076592643,0.49289233347484224
14425,0.13379089534282684,0.9476776123046875,0.03374938666820526,0.02460003587765927,0.20657962160747673,0.00866602973115337,1.698954636985356,0.34797507063132443,0.9781281093523004,0.12120803549885889,3.737989217830971,0.4930924210538323
14450,0.1337474137544632,0.9477081298828125,0.03363683074712753,0.024542048628227765,0.20667388367392542,0.0086605868716086,1.6994045150279127,0.3478785319425068,0.9782346750227234,0.12114186534468506,3.738126271757268,0.493291787155751
14475,0.13370418548583984,0.947723388671875,0.03352366387844086,0.024479048819183728,0.206767773826353,0.008655147699457999,1.6998525685756745,0.34778197673408046,0.9783404958941258,0.12107574317484288,3.738262807185751,0.49349044916609747
14500,0.13366124033927917,0.9477081298828125,0.033425647765398026,0.024418676715246435,0.20686123965985279,0.008649742115067804,1.700298603791927,0.3476860102804614,0.9784455950897182,0.12101011100858178,3.7383988697851906,0.49368838139824456
14525,0.13361850380897522,0.947723388671875,0.033323779702186584,0.02435832753215906,0.2069543056742632,0.008644350235702553,1.70074266681702,0.34759022222292985,0.9785499872340796,0.12094471842174007,3.7385343377227764,0.49388563661856055
14550,0.13357605040073395,0.9476776123046875,0.033209506422281265,0.024297118039629993,0.20704696131762307,0.00863897431252023,1.7011847649082361,0.3474946683155934,0.9786536523118528,0.12087958115283878,3.738669320467116,0.49408217176671454
14575,0.13353383541107178,0.9476776123046875,0.033099621534347534,0.024235492905913033,0.2071392270485444,0.0086336033945253,1.7016249196433246,0.34739911565257164,0.9787565823507872,0.12081452606819355,3.7388036789268946,0.49427797913786564
14600,0.1334919035434723,0.94769287109375,0.032980866730213165,0.024175036369325754,0.2072311067833988,0.008628240558263472,1.7020632188414653,0.34730364075982567,0.978858803186067,0.12074955094936998,3.7389375690260933,0.4944730969056575
14625,0.1334502398967743,0.9477386474609375,0.03285633400082588,0.024113718933446042,0.20732257509514926,0.00862293025132474,1.7024995260477092,0.3472091319740571,0.9789603106041138,0.12068525427608069,3.739070918634808,0.49466742976754385
14650,0.1334088146686554,0.94775390625,0.032758940011262894,0.024058935596454358,0.20741365017358815,0.008617651135767387,1.7029339182783436,0.34711516096672257,0.9790611228558785,0.12062143194251897,3.739203731098434,0.4948610309305987
14675,0.1333676427602768,0.9477996826171875,0.03265565633773804,0.024001871938496174,0.20750438570664909,0.008612377705320577,1.7033666519906747,0.34702122172495803,0.9791612393179678,0.12055762880608575,3.739336083962825,0.49505398468507855
14700,0.1333266943693161,0.9477996826171875,0.03253987058997154,0.023939324866604984,0.2075947341042732,0.00860715019083836,1.7037975083447048,0.34692812023300384,0.9792606772131086,0.12049435329746223,3.7394679240696718,0.4952462513330973
14725,0.1332860291004181,0.9478912353515625,0.03243819624185562,0.02388363026222363,0.20768466737882676,0.008601958600509496,1.704226351893829,0.34683565165412167,0.9793594278145746,0.12043164669550346,3.7395992045119772,0.4954377724845493
14750,0.1332455724477768,0.9479217529296875,0.03232458606362343,0.023821851876413648,0.20777422489453237,0.008596785759772161,1.7046534184746187,0.346743485336389,0.9794575074839449,0.12036915295836383,3.7397300866518126,0.4956286202717666
14775,0.1332053691148758,0.94793701171875,0.032218001782894135,0.023765910219414717,0.20786339245589058,0.008591605277981517,1.7050785737822713,0.34665107363985587,0.9795549144223143,0.12030649261607328,3.739860401943582,0.4958187526783279
14800,0.1331654191017151,0.947967529296875,0.03211768716573715,0.02371131097098155,0.20795219014446356,0.008586438760462044,1.7055019610333,0.34655886465172,0.9796516509125931,0.12024413539091978,3.73999028224551,0.49600820647523197
14825,0.1331256777048111,0.9479827880859375,0.032012373208999634,0.023652988565445378,0.2080406350241473,0.008581262393524506,1.7059235959365422,0.346466366758311,0.9797477244367807,0.12018166957659741,3.7401196070152163,0.4961970131278438
14850,0.1330862045288086,0.947998046875,0.031898386776447296,0.023596738137827016,0.2081286833797942,0.008576119684776156,1.7063432695141039,0.3463744521959153,0.9798431197353048,0.12011969764114833,3.740248309549424,0.4963850608421092
14875,0.1330469846725464,0.947998046875,0.031788673251867294,0.023538099491304833,0.20821635217027834,0.00857102344905306,1.706761158183728,0.34628340208085745,0.9799378279426257,0.12005848526260421,3.7403766225573807,0.4965724008009947
14900,0.1330079734325409,0.947998046875,0.03169531002640724,0.023478169504954932,0.20830361494998018,0.008565945690601767,1.7071771159070417,0.34619264383372345,0.9800318898801779,0.11999761720319832,3.7405044618597643,0.4967590594108009
14925,0.13296917080879211,0.947998046875,0.03159968927502632,0.023422953631013294,0.20839049412363864,0.008560879775400548,1.707591217277406,0.34610204008810036,0.9801252743024613,0.1199368432665455,3.7406317880704307,0.49694505287198154
14950,0.13293060660362244,0.947998046875,0.031501561403274536,0.023368128577469036,0.20847700589240178,0.008555810063807925,1.7080035730873555,0.3460112837016689,0.980218025548145,0.11987603636162675,3.7407586969233035,0.4971304014015686
14975,0.13289223611354828,0.9480133056640625,0.031400639563798904,0.023314798185719302,0.20856313095201262,0.00855075998583073,1.7084140667804841,0.3459208407992957,0.9803101516450003,0.11981552016212231,3.740885104781264,0.4973150807847085
15000,0.13285410404205322,0.9480438232421875,0.03129301592707634,0.023259652087731224,0.2086488695912892,0.0085457562517176,1.7088226819049952,0.3458312485283183,0.9804016333682704,0.11975566399038154,3.7410109714690796,0.49749903334245
15025,0.13281621038913727,0.9480438232421875,0.031197741627693176,0.023205766745515024,0.2087342313274457,0.008540765665518438,1.7092295382985598,0.34574185213042435,0.9804924842430867,0.11969588616706156,3.7411364724635954,0.49768234631193126
15050,0.13277852535247803,0.9480438232421875,0.03108999691903591,0.02315160803494357,0.20881921714738888,0.008535788007836958,1.7096345786842007,0.3456526348804236,0.9805827055040407,0.11963621027280985,3.7412614719943385,0.49786499639385284
15075,0.1327410638332367,0.94805908203125,0.030993634834885597,0.02309650329649868,0.20890381037913935,0.008530832079385988,1.7100377423321318,0.345563776672553,0.980672305246092,0.11957691302484569,3.7413859849937094,0.4980469495633077
15100,0.13270381093025208,0.9480743408203125,0.030902734026312828,0.023047129325257956,0.20898808113688472,0.008525869232238616,1.710439333787606,0.3454747009426356,0.9807612902927096,0.1195175178672963,3.741510048447339,0.4982283380988536
15125,0.13266676664352417,0.948089599609375,0.030800504609942436,0.02299467515632316,0.2090719797966047,0.008520931528481438,1.710839143305156,0.345386055891525,0.9808496636518232,0.11945840460455716,3.7416336464197766,0.49840906760558207
15150,0.13262994587421417,0.9481048583984375,0.03068733774125576,0.022941321490971462,0.2091555251687288,0.008516008825694452,1.7112372548319863,0.3452976376762416,0.9809374333669516,0.11939943105576431,3.7417567927405275,0.49858914163548784
15175,0.13259334862232208,0.9481353759765625,0.030591409653425217,0.022889151228565306,0.209238699729465,0.008511133143259832,1.7116335679551886,0.34521009002574576,0.9810245855252896,0.11934107526221027,3.7418794231983186,0.4987685125306939
15200,0.1325569748878479,0.9481353759765625,0.030482590198516846,0.022834036483242545,0.20932151494443568,0.00850628822359832,1.712028188673184,0.34512309584492384,0.9811111345509097,0.11928316232488433,3.7420016655735444,0.4989472214817298
15225,0.13252082467079163,0.948150634765625,0.030385898426175117,0.022782146997336043,0.20940398250542264,0.008501481224104197,1.7124211031179053,0.3450367884161958,0.9811971076800607,0.11922567302075063,3.7421233836585586,0.49912527817000624
15250,0.13248485326766968,0.94818115234375,0.030279677361249924,0.022731919537891075,0.20948614624991185,0.008496709685342198,1.7128125445213085,0.34495112931740685,0.9812824908868936,0.11916869115410637,3.742244694182291,0.4993027207039272
15275,0.13244912028312683,0.9481964111328125,0.030173130333423615,0.022680462664946287,0.20956794493914507,0.008491983809344664,1.7132022477476883,0.3448663232957714,0.9813672719276193,0.11911231517074283,3.742365563597783,0.49947947898413875
15300,0.1324135959148407,0.9481964111328125,0.030080899596214294,0.022631282477936648,0.209649422709086,0.008487274366838906,1.713590408305071,0.3447817804439149,0.9814514728235049,0.11905613415408428,3.742486023551758,0.49965559293225165
15325,0.13237828016281128,0.9482421875,0.02997526340186596,0.02258323601250679,0.2097305300351901,0.008482587438285118,1.713976787611822,0.344697617224692,0.9815350990369353,0.11900021247114323,3.74260599373714,0.49983101417090015
15350,0.13234317302703857,0.948272705078125,0.029875101521611214,0.022532046618102312,0.20981128027819507,0.008477922539877386,1.7143614716055517,0.34461383041613186,0.9816181435379712,0.11894451253435581,3.742725541218195,0.5000057623262216
15375,0.1323082447052002,0.948272705078125,0.02979581616818905,0.02248330508876962,0.20989171067394358,0.008473248763603192,1.714744603479379,0.3445297901507581,0.981700627081547,0.11888858070258948,3.7428446451923842,0.5001799464668939
15400,0.13227352499961853,0.94830322265625,0.0297127366065979,0.02243573802659721,0.20997183068667233,0.008468576688644827,1.7151261941461262,0.34444570573778177,0.9817825502457598,0.11883272151135284,3.742963243942068,0.5003535536677642
15425,0.1322389394044876,0.9483642578125,0.029625438153743744,0.02238716116833303,0.210051635951971,0.008463882209477254,1.7155063004666933,0.3443611017362677,0.9818639182306029,0.11877658118836357,3.7430814993226442,0.5005266335380788
15450,0.1322045624256134,0.9483642578125,0.02954130619764328,0.02233740937365767,0.21013108697443728,0.008459193251746034,1.7158847336001586,0.3442765403470314,0.9819447232531326,0.11872030306478264,3.743199349955311,0.5006991207493214
15475,0.13217036426067352,0.9483795166015625,0.029439831152558327,0.02228974237073356,0.21021021163724787,0.008454509759485482,1.7162615662061578,0.3441920121636292,0.9820249602221196,0.11866395742090487,3.7433167047269995,0.5008710046268366
15500,0.13213637471199036,0.948394775390625,0.029341505840420723,0.022238209716151983,0.2102889884282616,0.00844986140047119,1.716636682416447,0.3441081156598189,0.9821046391619261,0.11860795761879621,3.743433501289141,0.5010422094429359
15525,0.1321025788784027,0.9484100341796875,0.029258718714118004,0.02219267580160624,0.21036742212179158,0.008445246188400273,1.7170101947844678,0.34402482959167324,0.9821837877758652,0.11855239367121664,3.7435499413606497,0.5012128209521827
15550,0.1320689618587494,0.9484405517578125,0.029173672199249268,0.022144208735808645,0.2104455307041951,0.008440629543420591,1.71738209248656,0.3439414330605089,0.9822623983035736,0.11849677234705683,3.7436658400816816,0.5013828573904812
15575,0.132035493850708,0.94842529296875,0.02908063679933548,0.022096353741102914,0.2105233340881782,0.008436004831515975,1.7177525121314647,0.34385780183629067,0.9823404823105872,0.11844105744885716,3.74378131703027,0.5015523382697118
15600,0.13200223445892334,0.94842529296875,0.028995083644986153,0.022049033137128478,0.21060079424945044,0.00843140756318488,1.7181213099330455,0.343774661879948,0.9824180529370728,0.11838561565764015,3.743896395791605,0.5017212085200073
15625,0.1319691687822342,0.94842529296875,0.02890479937195778,0.021998992289985995,0.21067791409376715,0.008426840342636802,1.7184884983183204,0.34369206681530573,0.9824951160832927,0.11833058713367386,3.7440110763800303,0.5018894553460833
15650,0.1319362372159958,0.948516845703125,0.02882353775203228,0.02195448007170943,0.21075472173310608,0.008422251335283923,1.7188542245229814,0.3436089662423384,0.9825716781995413,0.11827525291762678,3.7441254285837777,0.5020571530763106
15675,0.1319035142660141,0.9485321044921875,0.028744693845510483,0.021910594689490907,0.21083121324285983,0.008417681151644974,1.719218395772111,0.3435261729738415,0.982647727080831,0.11822016757048212,3.74423928406109,0.5022242558662856
15700,0.13187094032764435,0.9485015869140625,0.028647007420659065,0.021864478145359217,0.21090740991478787,0.008413147501325524,1.7195811379113948,0.3434440565470785,0.9827232614627888,0.11816550706838726,3.744352726779066,0.5023907989380094
15725,0.13183856010437012,0.9485015869140625,0.028556955978274345,0.021820312532076034,0.2109832660745408,0.008408670651548556,1.7199422210741733,0.343363022624341,0.9827982761879177,0.11811159903587051,3.744465660592812,0.5025566902322085
15750,0.1318063735961914,0.948516845703125,0.02846386469900608,0.021773896589883327,0.2110588010182799,0.008404242075976546,1.720301793601481,0.3432829119215697,0.9828727860146229,0.11805830574255037,3.7445782360847804,0.5027219816718199
15775,0.13177435100078583,0.948516845703125,0.028373466804623604,0.021728396514851395,0.21113401333188186,0.008399861429131374,1.7206598013701098,0.3432037085037724,0.9829467918948227,0.11800565258512935,3.7446903468725004,0.5028866556557506
15800,0.13174250721931458,0.94854736328125,0.028292346745729446,0.02168667084867287,0.21120892868676114,0.008395492643758816,1.721016413642527,0.34312468899724174,0.9830202840651971,0.11795306765599177,3.7448021326006318,0.503050768939882
15825,0.13171081244945526,0.9485626220703125,0.02820797637104988,0.02164121641308994,0.21128355936826887,0.008391129806198298,1.7213716428665597,0.34304572514650117,0.9830932749142773,0.1179006161107062,3.744913510429311,0.5032143465598602
15850,0.13167929649353027,0.9485626220703125,0.02812734805047512,0.02159922498961375,0.21135789257642007,0.008386777841202508,1.7217254322636852,0.3429669167502006,0.9831657638176141,0.11784826284059333,3.7450244693098598,0.5033773811775472
15875,0.13164791464805603,0.948577880859375,0.028049904853105545,0.02155585605303961,0.21143191634672542,0.008382421183013552,1.722077727818435,0.34288794450395377,0.983237785286622,0.11779589467191112,3.7451349967493544,0.5035398825294951
15900,0.1316167116165161,0.9485931396484375,0.027970723807811737,0.021513711809561496,0.21150562689175412,0.008378063974523455,1.722428562877501,0.34280890270625547,0.9833093209762496,0.11774354060095892,3.7452451977695316,0.5037018620838216
15925,0.13158567249774933,0.948577880859375,0.027888260781764984,0.02147260452808009,0.21157905497576573,0.00837370286769963,1.7227780085310405,0.3427297119607427,0.9833803692941219,0.11769106145494368,3.7453549535448025,0.5038633148385787
15950,0.13155478239059448,0.9486236572265625,0.027795832604169846,0.021429987140175712,0.21165218251492698,0.008369370837224438,1.7231259844249303,0.3426510457971744,0.9834509330692291,0.11763892708113644,3.745464248523625,0.5040241797864026
15975,0.13152407109737396,0.9486236572265625,0.02770700864493847,0.021386513855794535,0.2117250094980276,0.00836505365327607,1.723472554014361,0.34257262590153864,0.9835210226056401,0.11758704968873053,3.7455732197556055,0.504184496653134
16000,0.13149352371692657,0.9486236572265625,0.027630319818854332,0.021346484821993437,0.21179756656779927,0.008360753592277514,1.7238177750819088,0.3424944857764469,0.9835906267795289,0.1175354649263646,3.7456817208147983,0.504344267379389
16025,0.13146312534809113,0.9486541748046875,0.027560273185372353,0.021307934742351133,0.2118698172332647,0.00835647409456223,1.724161608167377,0.34241671779810107,0.9836597632229284,0.11748412387081378,3.7457899877226124,0.5045035168278562
16050,0.13143286108970642,0.9486541748046875,0.02747773937880993,0.021267825411365272,0.2119418104381163,0.008352194147416581,1.7245041464402964,0.34233887055947193,0.9837284425046764,0.11743276099385568,3.745897789260981,0.5046623086311822
16075,0.13140274584293365,0.948699951171875,0.02740010805428028,0.021223028390274908,0.2120135233390183,0.008347933568157159,1.7248453348691781,0.3422613577647622,0.9837966611158927,0.11738165641575912,3.746005206947486,0.5048205612660815
16100,0.13137280941009521,0.948699951171875,0.02731461264193058,0.021178404099930815,0.21208494613850018,0.008343703516097775,1.725185171630847,0.34218441604824373,0.983864414870215,0.1173310107490148,3.7461123224569834,0.5049782415998101
16125,0.13134300708770752,0.9486846923828125,0.027239572256803513,0.0211375972132537,0.21215610010712155,0.008339458813498953,1.7255236386424657,0.34210709846359194,0.9839317066010715,0.11728014790039068,3.7462189077679255,0.505135401956142
16150,0.13131335377693176,0.9486541748046875,0.027159281075000763,0.021094934739128594,0.21222697495137996,0.008335211492103718,1.7258607835855309,0.3420296693051138,0.9839985465920114,0.11722924730250749,3.746325156466382,0.5052920407342861
16175,0.13128386437892914,0.9486541748046875,0.02708359993994236,0.021055159839860577,0.21229755860731014,0.00833100723480853,1.7261965068984826,0.34195305599019915,0.9840649229612134,0.11717897995820332,3.746430958017456,0.5054481040698483
16200,0.13125450909137726,0.948638916015625,0.027003919705748558,0.021014681132780554,0.21236787164526294,0.008326823767649105,1.726530931275487,0.34187680967814343,0.9841308642850883,0.11712890897559963,3.7465363963329996,0.5056036446860812
16225,0.1312253177165985,0.9486236572265625,0.026927344501018524,0.020973361829755854,0.21243788857625584,0.008322643231524585,1.72686393423576,0.3418005601932996,0.9841963499886546,0.11707888849732437,3.746641429597073,0.5057586513889639
16250,0.1311962604522705,0.9486236572265625,0.02684870921075344,0.020933611124552456,0.21250762127223707,0.008318457401424858,1.7271955957314074,0.34172414484305397,0.9842613994803006,0.11702892073751024,3.746746125676274,0.50591318029324
16275,0.13116735219955444,0.9486236572265625,0.026763200759887695,0.020895660996378615,0.21257708030341577,0.008314299942965479,1.72752592612959,0.34164824870404287,0.9843259936071014,0.11697945176457326,3.7468504130029907,0.506067165213239
16300,0.1311386376619339,0.948638916015625,0.026664528995752335,0.02085155317439427,0.21264626509541584,0.008310169209764875,1.7278549490295132,0.3415728434882291,0.9843901348971256,0.11693037708947461,3.7469543469927675,0.506220588983008
16325,0.1311100423336029,0.948699951171875,0.026593340560793877,0.020813496480043298,0.21271516748493954,0.008306061932822921,1.728182633476663,0.3414978628148084,0.9844538533417769,0.11688158462644144,3.747057931583686,0.5063734710616138
16350,0.13108161091804504,0.9487152099609375,0.02651245892047882,0.020772572364139257,0.21278378518535832,0.0083019655603861,1.7285089334203079,0.3414230416476858,0.9845171507697683,0.11683290009659372,3.747161086206081,0.5065258361599696
16375,0.13105332851409912,0.94866943359375,0.02642589807510376,0.02073352313590928,0.21285208721371954,0.008297898907021308,1.7288337632596882,0.3413487750345633,0.984579999176639,0.116784654025317,3.7472638972103782,0.5066776433646839
16400,0.13102519512176514,0.948699951171875,0.02634366787970066,0.020694521439570016,0.2129200916230504,0.008293865340771955,1.7291571994912964,0.3412751333154766,0.9846424129063553,0.11673688796853662,3.7473663705294937,0.5068289160209376
16425,0.1309972107410431,0.9486541748046875,0.026258112862706184,0.020655212557307807,0.21298780166203246,0.008289884275649388,1.729479245397145,0.3412025145405561,0.9847043996196124,0.11668981270241043,3.747468483778905,0.5069796124166669
16450,0.13096940517425537,0.9486541748046875,0.02618367224931717,0.020618302554881614,0.21305522194164978,0.008285926903046479,1.7297999221513907,0.3411303269649061,0.9847659574024729,0.11664310595504856,3.7475702413900303,0.5071297644137284
16475,0.13094168901443481,0.94866943359375,0.026113957166671753,0.020579980232142723,0.21312241051699365,0.008281967557411958,1.7301194359580199,0.3410580366388461,0.9848271060757977,0.11659650024293183,3.747671578720494,0.5072794765905057
16500,0.1309141218662262,0.948699951171875,0.026043668389320374,0.020543584890664643,0.21318933275353613,0.008278029566384916,1.730437698602035,0.3409861342520844,0.9848878431873319,0.11655016575309694,3.747772608508474,0.5074286920757126
16525,0.13088667392730713,0.948699951171875,0.02595856599509716,0.020508624628960234,0.2132560233202159,0.008274089357839921,1.7307548135279711,0.3409141271338923,0.9849481681586464,0.11650381889225922,3.7478732493091726,0.5075774425862561
16550,0.1308593899011612,0.94866943359375,0.02587519958615303,0.02047120104426008,0.21332247042922267,0.008270166820403378,1.7310708064787408,0.34084243952525306,0.9850080737888045,0.11645766321659713,3.7479736597679545,0.507725707995167
16575,0.130832239985466,0.9486236572265625,0.02580972947180271,0.020435462214321555,0.2133887002036326,0.00826624122266943,1.731385674594781,0.3407706229046979,0.9850675791457015,0.11641149190968175,3.7480736035195816,0.5078735071192373
16600,0.13080520927906036,0.9486541748046875,0.02573513798415661,0.020398555537147124,0.21345466507582034,0.008262345331815649,1.7316992623950633,0.3406993601400249,0.985126689197781,0.11636568933758648,3.7481731611135083,0.5080207843106541
16625,0.13077831268310547,0.9486083984375,0.0256423931568861,0.020361248053597174,0.21352038278834018,0.008258452274901993,1.7320116627456232,0.34062810156615453,0.9851854089958946,0.11631981875642686,3.748272377042233,0.5081675809879949
16650,0.1307515799999237,0.9486541748046875,0.02556772343814373,0.020326581236746733,0.21358583812199555,0.008254569981330928,1.7323228046061838,0.3405570089103825,0.9852437166990616,0.11627410057106714,3.748371230430713,0.5083138589465364
16675,0.1307249665260315,0.94866943359375,0.025494534522294998,0.02029342894234016,0.21365105353642744,0.008250678700961894,1.7326327808957684,0.3404856751310523,0.9853016402140224,0.11622833294972673,3.7484697245365424,0.5084596797043979
16700,0.13069850206375122,0.948638916015625,0.025407616049051285,0.020257084312297034,0.21371602217592472,0.0082467935942669,1.7329415926126017,0.34041441858632543,0.9853591750826486,0.11618262139983986,3.748567920976977,0.508605025302129
16725,0.1306721568107605,0.9486236572265625,0.02532382309436798,0.02021962067828171,0.21378070082284173,0.008242939810320836,1.733249030590347,0.3403437518371917,0.9854163184607481,0.1161373277414135,3.748665745566703,0.5087498430127225
16750,0.1306459754705429,0.9486236572265625,0.025248564779758453,0.020182819088729733,0.2138451204003154,0.008239112753029907,1.7335552616077703,0.34027358854740597,0.9854730760004208,0.11609234478443431,3.7487632870961063,0.5088941625290231
16775,0.13061991333961487,0.9486541748046875,0.02517690695822239,0.020147814408291533,0.21390929574701806,0.0082353080314433,1.7338603101429173,0.3402038313869465,0.9855294651544678,0.11604766022605989,3.7488604677101587,0.5090380111468447
16800,0.13059398531913757,0.9486541748046875,0.02508983016014099,0.02011319488512337,0.21397319348408936,0.008231531275003345,1.7341640364718804,0.34013459609117486,0.9855854735149394,0.11600336485291196,3.748957277094902,0.5091813408558138
16825,0.13056820631027222,0.948638916015625,0.025009842589497566,0.02007746070123982,0.2140368073070759,0.008227791233910334,1.734466389909566,0.34006605894219744,0.985641095605016,0.11595953920893665,3.749053660142813,0.5093241447475768
16850,0.1305425465106964,0.9486541748046875,0.024940671399235725,0.020042971055176148,0.2141001823303783,0.008224070000001683,1.7347676470201354,0.33999786866480464,0.9856963312971154,0.1159158629599577,3.749149818798752,0.5094664794882695
16875,0.13051700592041016,0.948638916015625,0.024870824068784714,0.020006429605635073,0.2141632942134499,0.008220366504789614,1.7350676670840122,0.33992999514571387,0.9857511952934223,0.11587233542778687,3.749245661347408,0.5096083352793122
16900,0.13049158453941345,0.9486236572265625,0.02479635179042816,0.019971601200999823,0.21422614064747356,0.00821669554510075,1.735366405312633,0.3398627376774285,0.985805698395639,0.11582925831444335,3.7493411104935777,0.5097496869228116
16925,0.1304663121700287,0.948638916015625,0.02471637725830078,0.019938785707387198,0.21428874024121825,0.008213060219430062,1.7356639628181822,0.3397961658474431,0.9858598430413402,0.11578672396528389,3.7494362211619467,0.5098905424257988
16950,0.13044117391109467,0.948638916015625,0.024640200659632683,0.019902155265069905,0.21435106832348383,0.008209480684528184,1.7359602629842155,0.3397307017770513,0.98591362890899,0.11574488680426764,3.7495310429848288,0.5100308690025486
16975,0.1304161697626114,0.9486541748046875,0.024551739916205406,0.019867415797469635,0.21441315572516503,0.008205938070340419,1.7362554151110108,0.33966595266609884,0.9859670489729393,0.11570357432383674,3.7496255416662927,0.5101707131566764
17000,0.13039129972457886,0.9486541748046875,0.024490786716341972,0.01983239585994831,0.21447498542545929,0.008202434047884786,1.7365493108008108,0.3396019458855752,0.9860201156283716,0.11566278901028348,3.7497196312903296,0.510310041793399
17025,0.1303665190935135,0.9486541748046875,0.024421194568276405,0.019800064893671532,0.21453659275350273,0.008198933736731175,1.7368421684202706,0.33953797445120415,0.9860728365386727,0.11562194437197544,3.749813473898256,0.5104489752816652
17050,0.13034188747406006,0.9486541748046875,0.02433672547340393,0.01976389816495306,0.21459795841794801,0.008195454691674946,1.7371338665695077,0.3394743934801247,0.986125202127001,0.11558130053834624,3.7499069753643446,0.5105874454993784
17075,0.1303173452615738,0.948699951171875,0.024282872676849365,0.01973115200431633,0.2146590905359278,0.00819199730606744,1.7374244550391198,0.339411214695699,0.9861772011048502,0.11554095830293515,3.750000171624996,0.5107254565736822
17100,0.13029293715953827,0.9487152099609375,0.024196334183216095,0.01969802099034537,0.2147200046656929,0.00818856678652148,1.7377139918023514,0.3393485452789601,0.9862288615271625,0.11550096103054444,3.7500930513114366,0.5108630485861007
17125,0.1302686482667923,0.948760986328125,0.024122195318341255,0.019667191882350565,0.2147806679584748,0.00818517607352305,1.7380023247513041,0.33928665002972597,0.9862801757194407,0.11546145477985162,3.7501855724299573,0.5110001397180063
17150,0.13024450838565826,0.9487762451171875,0.024045532569289207,0.01963582574647206,0.21484107473556377,0.008181817123622316,1.7382894454741227,0.3392253655711149,0.9863311312711489,0.11542232351350419,3.7502777657562985,0.5111367196800527
17175,0.1302204728126526,0.9487762451171875,0.023967381566762924,0.01960354809669305,0.21490123831288768,0.00817848162390016,1.7385753802657076,0.33916451455717356,0.986381753590114,0.11538348492734718,3.7503695711536595,0.5112728008881771
17200,0.13019655644893646,0.9487762451171875,0.023893484845757484,0.0195723509030266,0.2149611529646827,0.008175153560461558,1.7388601477175405,0.33910377329410973,0.9864320302961755,0.11534474879636063,3.7504610780722816,0.5114083851701379
17225,0.13017277419567108,0.94879150390625,0.023824544623494148,0.01953897303720804,0.2150208547495929,0.00817184662667022,1.7391438961233339,0.33904342638016305,0.9864819579251127,0.11530628238876917,3.750552291185015,0.5115435304601901
17250,0.13014909625053406,0.948822021484375,0.023755742236971855,0.019509848688820358,0.2150803322609382,0.00816855538660168,1.7394265926825068,0.33898336387628264,0.9865315393479043,0.11526813388185621,3.7506432386819974,0.5116782506796157
17275,0.1301255226135254,0.948822021484375,0.02367967739701271,0.019477449934889327,0.2151395580821305,0.008165271605748068,1.7397081135119632,0.3389234125179242,0.9865807888351843,0.11523008475040543,3.7507338918832445,0.5118124927745338
17300,0.13010206818580627,0.948822021484375,0.023616332560777664,0.01944609381914953,0.21519856275468707,0.00816197181682804,1.739988563906508,0.3388630816689921,0.9866297232801802,0.11519179028035666,3.750824210955769,0.5119463100771825
17325,0.1300787329673767,0.9488372802734375,0.023554325103759766,0.019415581381024623,0.2152573255278231,0.00815868381004475,1.7402678466227022,0.3388029454804226,0.9866783178907523,0.11515365426481097,3.75091416655827,0.5120796612674873
17350,0.1300554722547531,0.9488677978515625,0.023485012352466583,0.019385611872506574,0.2153158965435187,0.008155407878296684,1.7405462389611612,0.3387430246834665,0.9867265765006135,0.11511569413511327,3.7510039189475006,0.5122126319907014
17375,0.13003236055374146,0.9488983154296875,0.023417111486196518,0.01935752466248982,0.2153742414479823,0.008152149072903996,1.7408235189162324,0.33868340815226233,0.9867745125309771,0.11507796642220078,3.7510932884114294,0.5123451518923534
17400,0.13000932335853577,0.948944091796875,0.023342331871390343,0.019326851193070062,0.21543234449291096,0.008148898068635998,1.7410996778760612,0.33862391303864214,0.9868221231259525,0.11504027739087132,3.7511823929764385,0.5124772141516314
17425,0.12998640537261963,0.9489593505859375,0.023287463933229446,0.0192953905100847,0.21549019938228034,0.008145669143968864,1.7413746538188828,0.33856482902201557,0.9868694221161624,0.115002808955124,3.7512711532185796,0.5126088412568535
17450,0.12996359169483185,0.948944091796875,0.023222599178552628,0.019265869521269,0.2155478782811032,0.008142429990741497,1.741648779986463,0.33850549289286086,0.9869164002645957,0.11496518915599768,3.751359658337184,0.5127401190342442
17475,0.12994089722633362,0.9489593505859375,0.023143894970417023,0.019234511321628848,0.21560535045037293,0.008139213700359357,1.7419219063592095,0.33844658746167583,0.9869630534110456,0.1149278440542342,3.751447852243305,0.5128709531920324
17500,0.12991829216480255,0.9489898681640625,0.023101098835468292,0.01920741770545946,0.21566260111295596,0.008136017345383113,1.7421939671896465,0.3383880509521812,0.9870094058051545,0.11489068483521406,3.7515357213974583,0.5130013707145549
17525,0.12989576160907745,0.9490203857421875,0.02304224669933319,0.01917748361068456,0.21571963674155947,0.008132858196304323,1.7424649834109285,0.3383302418177856,0.9870554615340803,0.11485400727702094,3.7516232540615966,0.5131314054813307
17550,0.1298733353614807,0.949005126953125,0.022995131090283394,0.01914780899244757,0.21577645224462455,0.008129730704072228,1.7427349675926846,0.3382730515124078,0.9871012138265932,0.11481776189173627,3.7517105210600725,0.5132610343322715
17575,0.12985101342201233,0.9489898681640625,0.022942403331398964,0.019121291075661868,0.21583307378386735,0.008126623924155769,1.743003999840239,0.3382162477185687,0.9871466901955527,0.11478179446120036,3.751797466897358,0.5133903075951066
17600,0.12982876598834991,0.948974609375,0.022875167429447174,0.01909236428549649,0.21588948215880446,0.008123559321957203,1.7432720549559495,0.33816028760341865,0.9871918710748473,0.11474636126284442,3.7518842037420748,0.5135191788004716
17625,0.12980660796165466,0.9489898681640625,0.022812657058238983,0.01906147971772669,0.2159456769074751,0.008120516922016725,1.7435390634302086,0.338104742714047,0.987236752100587,0.11471117409633645,3.751970585491452,0.5136476420909054
17650,0.12978456914424896,0.9490203857421875,0.022753410041332245,0.0190325580733413,0.21600165845416402,0.008117485629438998,1.743805039789555,0.3380493847724207,0.9872813347727828,0.11467620971090066,3.7520566392384014,0.5137756793263494
17675,0.12976261973381042,0.9490203857421875,0.022690851241350174,0.01900432735336625,0.21605743094242583,0.008114452715868718,1.7440700376065728,0.3379939559414659,0.9873256170398041,0.11464128996757153,3.7521424437729447,0.5139033175169296
17700,0.12974075973033905,0.9490814208984375,0.022621789947152138,0.01897619827202492,0.21611297423672596,0.008111425166577044,1.744333954017114,0.3379385974850044,0.9873696074049485,0.11460649888497108,3.7522279521227473,0.5140305370247343
17725,0.12971900403499603,0.9491119384765625,0.022560857236385345,0.018949845215945983,0.21616831197977998,0.008108409564521704,1.744596868779422,0.33788344356049793,0.9874132998936673,0.11457184010236574,3.7523131300982353,0.5141573422744089
17750,0.12969735264778137,0.949127197265625,0.022493593394756317,0.0189229091833999,0.21622340755379094,0.008105405237977285,1.7448586910853936,0.3378284913175996,0.9874566963929479,0.1145373255435771,3.7523980996937145,0.5142836977792556
17775,0.12967579066753387,0.9491424560546875,0.022428112104535103,0.01889544776251852,0.21627830205354395,0.008102386565790324,1.745119550570174,0.33777319980504833,0.9874998059501998,0.11450254020793027,3.752482782557683,0.5144096521279979
17800,0.12965434789657593,0.9491424560546875,0.02236798033118248,0.01886888065722829,0.21633296751848127,0.008099364460468668,1.7453793182121462,0.33771779317007716,0.9875426372272358,0.11446768579063801,3.752567143343222,0.5145351923373227
17825,0.12963299453258514,0.949188232421875,0.02230485901236534,0.01884052217722206,0.2163874201695785,0.008096371723312307,1.745638077291713,0.3376629587807843,0.9875851869177071,0.11443324441922481,3.7526512199107818,0.5146603159156613
17850,0.12961171567440033,0.9492034912109375,0.022246047854423523,0.018814562438945196,0.21644168278266634,0.008093381120806268,1.7458959402842709,0.337608132957582,0.9876274570132574,0.11439880313062259,3.7527350560907844,0.514785065873318
17875,0.12959052622318268,0.9492034912109375,0.022193800657987595,0.018788514360849096,0.21649574335346555,0.008090374287089678,1.7461528647495033,0.3375529337105461,0.987669449158922,0.11436417134971237,3.752818664277167,0.5149094492902527
17900,0.12956944108009338,0.949188232421875,0.022145196795463562,0.018761413015653934,0.2165496443558136,0.008087343142625065,1.746408977388883,0.3374971835915418,0.9877111701460515,0.11432921740677363,3.7529019482250656,0.5150335005124452
17925,0.12954841554164886,0.9491729736328125,0.02207856997847557,0.018732963799264722,0.21660338628646647,0.008084326369622197,1.74666428511942,0.33744169051439393,0.9877526327235921,0.11429440910816849,3.752984918172234,0.515157238381482
17950,0.1295275092124939,0.949188232421875,0.022015351802110672,0.018704046873307446,0.2166569116350074,0.008081331633182226,1.7469185422396676,0.33738661197688646,0.9877938159952246,0.11425990711858791,3.7530675440488905,0.5152805467869397
17975,0.12950670719146729,0.9491729736328125,0.021943507716059685,0.01867828031563346,0.21671021993680029,0.008078334287543416,1.747171801596662,0.3373314442256096,0.9878347146744852,0.11422539335715878,3.753149942939476,0.5154034567427394
18000,0.12948599457740784,0.9492034912109375,0.0218692384660244,0.018648802080353542,0.21676328693467584,0.008075371820359575,1.747423926075615,0.3372769624501109,0.9878753316467768,0.11419139050121394,3.7532320298416972,0.515525914782139
18025,0.12946538627147675,0.94921875,0.021807145327329636,0.018624123977761253,0.21681612442217865,0.008072469038677756,1.7476749706720582,0.33722368665154023,0.987915681268435,0.11415812320782073,3.753313820252347,0.5156479250778305
18050,0.12944486737251282,0.9492340087890625,0.021762697026133537,0.018599321251110038,0.21686877419042833,0.008069586099097392,1.747925144067884,0.3371707929279636,0.9879557775736446,0.11412507200942204,3.753395400134353,0.5157695708818274
18075,0.12942442297935486,0.9492340087890625,0.021722622215747833,0.018574592129827178,0.2169212569936438,0.00806668565516697,1.7481744843710076,0.3371174923375951,0.9879956226404945,0.11409178935515027,3.7534766713236936,0.5158909132240834
18100,0.12940403819084167,0.9492340087890625,0.021650416776537895,0.018546849577010728,0.21697357245023116,0.008063795702977467,1.7484229862754324,0.33706436902610104,0.9880352036296322,0.11405862477200246,3.753557625395246,0.516011897696889
18125,0.12938377261161804,0.9492340087890625,0.021569086238741875,0.01851809684577126,0.21702567679530518,0.008060956820039974,1.7486705259493989,0.3370122814524649,0.9880745173949699,0.11402602902611153,3.75363837467932,0.5161324246286814
18150,0.12936361134052277,0.9492340087890625,0.021513378247618675,0.01849402084208481,0.2170775714655054,0.008058127545647088,1.748917069226886,0.3369603556481774,0.9881135637414253,0.11399357479002087,3.753718832941866,0.5162525434479305
18175,0.12934353947639465,0.9492340087890625,0.021445302292704582,0.01846824496244541,0.21712927030913864,0.008055303462196527,1.7491626725548703,0.33690849944624124,0.9881523464502786,0.11396107506171176,3.753799001169272,0.5163722838614324
18200,0.1293235570192337,0.9492645263671875,0.021387625485658646,0.018445282459393003,0.21718079309258928,0.008052491380923737,1.7494074388913547,0.3368568598433982,0.9881908662740896,0.11392869693635889,3.753878929053846,0.5164916628171511
18225,0.12930366396903992,0.949249267578125,0.02133229747414589,0.0184229951179484,0.21723211273122794,0.00804971571788865,1.7496512467341396,0.336805945359603,0.9882291384086532,0.11389673821590762,3.753958589555633,0.51661065614389
18250,0.1292838454246521,0.9492340087890625,0.021266229450702667,0.01839601547673275,0.21728323755641313,0.008046985685897321,1.7498941055004675,0.3367559445334469,0.988267166225895,0.1138653688938974,3.7540379304754854,0.5167292592173125
18275,0.12926411628723145,0.94927978515625,0.021207347512245178,0.018373575051022488,0.2173341341318803,0.008044272623497693,1.7501359036274349,0.33670626248699437,0.9883049360505262,0.11383423906821069,3.754117000896933,0.5168474261722263
18300,0.12924446165561676,0.949310302734375,0.02115613967180252,0.01835028820648372,0.2173848296028088,0.008041589095027689,1.7503767601138247,0.3366571642534721,0.9883424501585885,0.1138034980493082,3.7541958211638295,0.5169652097672719
18325,0.12922489643096924,0.949310302734375,0.021086622029542923,0.018326125057845068,0.21743534860094235,0.0080389227373154,1.750616777760874,0.33660839201231796,0.9883797156924857,0.11377295447841619,3.75427439866481,0.5170826307584364
18350,0.12920543551445007,0.9493255615234375,0.021047044545412064,0.01830372347098586,0.21748567637361263,0.008036275905396207,1.7508559159054455,0.3365599988507664,0.9884167426753276,0.1137426066997567,3.7543527731750594,0.5171996934567378
18375,0.1291860193014145,0.9493560791015625,0.02098243497312069,0.018277817892721544,0.21753581292258367,0.00803363562436839,1.7510941411894718,0.3365117068061138,0.9884535270646233,0.11371227916949317,3.754430872744614,0.5173163845276985
18400,0.12916669249534607,0.94940185546875,0.020929263904690742,0.018255223948523847,0.21758577717147717,0.00803099723501098,1.7513314985847241,0.3364634123352502,0.9884900738022792,0.11368185328984579,3.7545086301310233,0.5174327276308581
18425,0.12914744019508362,0.9493560791015625,0.020886503159999847,0.01823287782497872,0.21763555983731678,0.008028362023746453,1.7515680290776925,0.33641515744139544,0.9885263793930517,0.11365144257987142,3.754586212948968,0.5175487210232548
18450,0.12912827730178833,0.9493560791015625,0.02083250693976879,0.018208857721832984,0.2176851835010508,0.008025705080776943,1.7518038031502563,0.3363664162175734,0.9885624477046653,0.11362066718531899,3.754663577129254,0.5176644056433428
18475,0.12910917401313782,0.949371337890625,0.020787814632058144,0.018187899070339034,0.217734635239131,0.008023042086528875,1.7520387356118512,0.336317510666877,0.9885982687259162,0.11358977832909965,3.754740651210057,0.5177797469785084
18500,0.12909013032913208,0.9493865966796875,0.0207274928689003,0.01816434245183506,0.21778390739407075,0.008020383090493915,1.7522728371406997,0.3362686593290271,0.9886338483668585,0.1135589702112986,3.7548175237559622,0.5178947157632278
18525,0.1290711760520935,0.94940185546875,0.020668551325798035,0.018142855408720876,0.217832999006542,0.008017709691814152,1.7525060601229276,0.3362194680105289,0.9886691797097694,0.11352795486839962,3.754894100643092,0.5180093290924972
18550,0.1290523111820221,0.94940185546875,0.020603125914931297,0.01812035292821127,0.2178819121418405,0.008015048921024401,1.7527384206698822,0.33617050487936,0.9887042777555156,0.11349702747286139,3.7549703982467797,0.5181235673972298
18575,0.12903353571891785,0.9493865966796875,0.020563751459121704,0.018098799934585304,0.21793065618777788,0.008012397570275637,1.7529700185423034,0.3361217146640723,0.9887391471912073,0.11346626801991455,3.7550465490436946,0.518237459649888
18600,0.12901481986045837,0.9493865966796875,0.020512081682682037,0.01807692911765359,0.21797920071393415,0.008009758548041979,1.7532006803998663,0.3360731486908979,0.988773804686138,0.11343571397593255,3.7551224435102006,0.5183510015852125
18625,0.12899616360664368,0.9493865966796875,0.020454617217183113,0.018053795554559986,0.2180275702792048,0.008007146621683062,1.753430508391018,0.3360251175855793,0.9888082324410961,0.11340552473955179,3.7551980885182816,0.5184641933559294
18650,0.12897759675979614,0.9493865966796875,0.020394217222929,0.018032296697013638,0.21807576030170073,0.008004549733844967,1.7536594780911878,0.3359773674429294,0.9888424209710098,0.11337551020632211,3.75527347087555,0.5185770193286071
18675,0.12895910441875458,0.9493865966796875,0.02034331113100052,0.018011013388942076,0.21812378175722616,0.008001983246086215,1.7538876281645805,0.3359302198108911,0.9888763944156157,0.11334583334278026,3.7553485785404295,0.5186894795989445
18700,0.1289406716823578,0.9493865966796875,0.020304720848798752,0.01799024802577887,0.21817163677362497,0.007999428541978241,1.7541149905938032,0.33588328866304157,0.9889101726127143,0.11331635284716132,3.7554234613579807,0.5188016440675216
18725,0.12892231345176697,0.9493865966796875,0.02024281583726406,0.017962318768282734,0.21821932883228584,0.007996868945290541,1.7543415527461153,0.335836218844503,0.9889437268053565,0.1132868245347029,3.7554980620047145,0.5189134995662009
18750,0.12890402972698212,0.94940185546875,0.020196378231048584,0.017941289341839306,0.21826684726538684,0.007994308138695332,1.7545673068140566,0.33578909433516313,0.9889770598907043,0.11325717667607861,3.7555724552504843,0.5190250131986722
18775,0.12888583540916443,0.94940185546875,0.020128756761550903,0.017918961752428887,0.21831417189477562,0.00799177348308581,1.7547921491181682,0.3357424855037568,0.989010169110847,0.11322799960749312,3.755646592416721,0.5191361401103243
18800,0.1288677155971527,0.9493865966796875,0.020078884437680244,0.01789926187172552,0.21836129297774656,0.007989251299038876,1.755016046656212,0.33569610639946734,0.9890430618051054,0.1131990568496286,3.7557204862922475,0.5192468692035965
18825,0.12884967029094696,0.94940185546875,0.02001151815056801,0.017876472208231686,0.21840823163974504,0.007986758735762878,1.7552391077778093,0.3356503219740906,0.9890757494080498,0.11317053894001178,3.7557941866845193,0.5193572478122488
18850,0.12883171439170837,0.94940185546875,0.019954374060034752,0.017853058109810614,0.2184549926228045,0.007984285367727894,1.7554612976589972,0.3356049031178783,0.9891082206014408,0.11314230935916245,3.755867577959559,0.519467241565384
18875,0.12881383299827576,0.9494171142578125,0.019897010177373886,0.0178324745489523,0.21850156647254207,0.007981828298994761,1.7556825937937872,0.33555979210741566,0.9891404686662638,0.11311426307384315,3.755940692915466,0.5195768438647101
18900,0.12879601120948792,0.9494171142578125,0.019840514287352562,0.01781236404336579,0.2185479572923553,0.007979393587212221,1.7559030226214578,0.3355151183548009,0.9891724986429471,0.1130865040992135,3.7560135525038243,0.5196860631080753
18925,0.12877829372882843,0.949432373046875,0.019771380349993706,0.017791578965582377,0.21859416947616253,0.00797697784085514,1.7561226345234484,0.33547081701623255,0.9892043136632911,0.11305903388450812,3.756086226393908,0.5197949188333747
18950,0.12876063585281372,0.9494171142578125,0.01970921829342842,0.01777057532500933,0.21864019048419864,0.007974600263465905,1.7563413498799616,0.33542728655098114,0.9892359125448732,0.11303206475596804,3.7561586516733656,0.5199033569375819
18975,0.12874306738376617,0.949432373046875,0.019669491797685623,0.0177516730599483,0.21868605486275836,0.007972228008623676,1.756559338346156,0.33538384233309265,0.9892673041761327,0.11300514579700853,3.756230894087612,0.5200115041648854
19000,0.1287255436182022,0.9494476318359375,0.01962750032544136,0.01773072126747743,0.21873177612517672,0.007969832026458788,1.7567766490954273,0.33533987227072376,0.9892984945836154,0.11297795241691747,3.756302942446559,0.5201194044201314
19025,0.1287080943584442,0.949432373046875,0.019584428519010544,0.017708861183787332,0.21877730792719582,0.0079674286640127,1.75699307476768,0.3352957160011984,0.9893294745431449,0.1129506087907488,3.756374751021154,0.5202269762962978
19050,0.1286906898021698,0.9494476318359375,0.019528347998857498,0.01768953940471352,0.21882267768621805,0.007965050040316862,1.7572087362509419,0.33525205143296755,0.9893602399567449,0.1129236004442102,3.7564463425558143,0.5203342050834137
19075,0.12867337465286255,0.949462890625,0.019464129582047462,0.017665280453228804,0.21886786571111788,0.007962680088303352,1.757423524242958,0.335208534847201,0.9893908015494187,0.11289663665157718,3.756517652102981,0.5204410530957145
19100,0.12865614891052246,0.9494781494140625,0.01940717175602913,0.017642579795507134,0.2189128304593316,0.007960353871533644,1.7576373131415728,0.33516591233144966,0.9894211610783894,0.1128703570901739,3.756588767336248,0.5205474672895786
19125,0.12863898277282715,0.949462890625,0.01935240998864174,0.01762568267028559,0.21895761912070308,0.007958031575575515,1.7578502852583764,0.33512334463223775,0.9894513213649265,0.11284410170497713,3.7566596726192665,0.520653559590801
19150,0.1286218762397766,0.949462890625,0.01929439604282379,0.017603830967213935,0.21900225975284487,0.007955721370988376,1.758062550875083,0.33508100338581936,0.9894812864665279,0.11281796091595359,3.7567303626370783,0.5207593172734131
19175,0.12860487401485443,0.9494476318359375,0.019239168614149094,0.01758335486361004,0.2190467438351194,0.00795343419830222,1.7582740726530224,0.335039118536003,0.9895110465772418,0.11279207269992014,3.7568008304172498,0.5208647473385297
19200,0.12858793139457703,0.9494476318359375,0.019178621470928192,0.01755888009084321,0.21909105437413554,0.007951180988236994,1.7584847983733207,0.3349979236095428,0.9895405953050951,0.11276664031237156,3.756871109820084,0.5209698093624275
19225,0.1285710632801056,0.9494781494140625,0.01911364123225212,0.017537854792787088,0.21913520017979785,0.007948941896791312,1.758694738810988,0.33495699614641944,0.9895699376174621,0.11274129036974018,3.756941148022739,0.5210745165724688
19250,0.12855428457260132,0.9495086669921875,0.019067393615841866,0.017516152673563355,0.21917915981932026,0.007946741154847475,1.7589038153356584,0.3349168482803539,0.9895990936682049,0.11271639389830251,3.757010960479492,0.5211788532749451
19275,0.12853755056858063,0.9495086669921875,0.019009720534086227,0.017496701037470117,0.21922294755150254,0.007944539645339907,1.7591120718033688,0.33487665339948297,0.9896280603161786,0.11269147627776746,3.757080518339961,0.5212828705023894
19300,0.1285208910703659,0.949554443359375,0.018958240747451782,0.017478902785491583,0.21926659346349192,0.007942345547903549,1.7593196419628527,0.33483658637934255,0.989656834832469,0.11266663969628112,3.757149849168675,0.5213865664524093
19325,0.12850429117679596,0.949554443359375,0.018923258408904076,0.017459178838410024,0.21931009397181123,0.007940155086042826,1.759526521424677,0.33479656955969456,0.9896854189126678,0.11264184005228386,3.757218974051863,0.521489969170067
19350,0.12848776578903198,0.9495697021484375,0.018879296258091927,0.01744023787385376,0.21935345156844668,0.007937969609618241,1.7597327223590689,0.33475663183536547,0.9897138167497729,0.11261711388826853,3.757287897382693,0.5215931103737917
19375,0.1284712702035904,0.9496002197265625,0.01882394589483738,0.01742146088127747,0.21939663088095213,0.007935814425943039,1.7599380551896882,0.33471729787300725,0.9897420322555492,0.1125927191119166,3.7573565170748155,0.5216958957001655
19400,0.12845486402511597,0.9496002197265625,0.018769806250929832,0.01740260299231415,0.21943969021572576,0.007933666933122054,1.7601427895328607,0.3346780980281319,0.9897700552931276,0.11256850541547575,3.7574249092145733,0.5217983697631428
19425,0.12843851745128632,0.9495849609375,0.01870596781373024,0.017381800299760285,0.21948263066507362,0.007931512951074414,1.760346971236738,0.33463874111105524,0.9897978889362065,0.11254424701255526,3.7574931621277172,0.5219005569932778
19450,0.12842226028442383,0.9495849609375,0.018661726266145706,0.017367314368113757,0.2195254158022511,0.00792938034692981,1.760550461996996,0.33459981647917986,0.9898255385029945,0.1125201613423031,3.757561292172634,0.5220024200623539
19475,0.12840603291988373,0.9495849609375,0.018613439053297043,0.017347964613517432,0.21956805270735372,0.007927261793029895,1.7607532171569085,0.3345611558078394,0.9898530015810653,0.1124962344727633,3.7576291431749365,0.522103971965203
19500,0.1283898651599884,0.949615478515625,0.0185660719871521,0.017331594881671353,0.2196105208375503,0.007925185688801892,1.7609551894596007,0.33452336526036497,0.989880282005996,0.11247298552511764,3.7576967898168694,0.5222051920830392
19525,0.12837377190589905,0.949615478515625,0.018515044823288918,0.0173157002240473,0.21965283479435557,0.007923116104760632,1.761156424738079,0.3344856843966671,0.9899073683834599,0.1124498488263661,3.757764204702543,0.522306089938502
19550,0.12835773825645447,0.9496307373046875,0.01846972294151783,0.01729682618406666,0.21969499483627708,0.007921047227970398,1.7613569557611573,0.3344479965677466,0.9899342719040618,0.11242669824480268,3.7578314552815746,0.5224066790248414
19575,0.12834176421165466,0.949676513671875,0.01841389760375023,0.01727835389775626,0.21973701485790623,0.007918986858399571,1.761556809295942,0.3344104609603154,0.9899609985299227,0.1124035985556295,3.757898479575435,0.5225069695064031
19600,0.12832584977149963,0.9496612548828125,0.018361972644925117,0.01725738450975557,0.21977890601568434,0.00791693174583776,1.7617560165907893,0.3343730064470757,0.9899875548321962,0.11238059604711063,3.7579652486357142,0.5226069719997986
19625,0.12831002473831177,0.949676513671875,0.01830136962234974,0.01723826166081544,0.21982067324225207,0.007914890242141051,1.761954603240988,0.3343358105690989,0.9900139345725611,0.11235771006685279,3.7580317746987935,0.5227066559311218
19650,0.12829425930976868,0.9496917724609375,0.018260635435581207,0.017218854356873012,0.2198622837669955,0.007912877301624563,1.762152451196455,0.3342991918520171,0.9900401294176695,0.11233518186747934,3.758098085891392,0.5228060099754095
19675,0.12827852368354797,0.94970703125,0.01820441335439682,0.017200406520299215,0.21990374951676334,0.007910900626857401,1.762349655696098,0.33426332226965977,0.9900661384528036,0.11231313901079726,3.7581642831367064,0.5229050614500907
19700,0.12826287746429443,0.949737548828125,0.01815084181725979,0.017181058166015988,0.2199450374793942,0.007908941086546942,1.7625460226060738,0.33422778615840293,0.9900919696251339,0.11229123133404538,3.758230234269877,0.5230037577747885
19725,0.12824729084968567,0.9497528076171875,0.018094142898917198,0.01716115886945265,0.21998619745177175,0.007906981387994335,1.7627417224435258,0.33419221271387933,0.990117629742649,0.1122692976634944,3.7582958771891786,0.5231021402852174
19750,0.12823179364204407,0.9497222900390625,0.018025044351816177,0.01714197471264226,0.2200272005761412,0.007905038503911086,1.7629367586606182,0.334156983225344,0.9901431178315208,0.11224748001828062,3.7583614655482847,0.5232001745721923
19775,0.12821634113788605,0.9497528076171875,0.01798977702856064,0.01712360070853257,0.22006804988035789,0.00790310386142462,1.7631310767189416,0.33412190396294456,0.9901684386368503,0.11222580700488555,3.758426856936811,0.5232978762902956
19800,0.128200963139534,0.9497528076171875,0.017929239198565483,0.017103762100831633,0.22010875914593345,0.007901156042779422,1.763324702339597,0.3340865165903306,0.9901935889615097,0.11220395256272955,3.758491988265231,0.5233952733391529
19825,0.12818564474582672,0.94970703125,0.01786961406469345,0.01708455446465498,0.2201493017413444,0.007899230237715254,1.763517583153812,0.33405157533607954,0.9902185782461941,0.11218237970193502,3.7585569750529926,0.5234923518553755
19850,0.12817040085792542,0.94970703125,0.017816103994846344,0.017066319316903243,0.22018970945647123,0.007897312016537324,1.763709841310239,0.33401677424094656,0.9902434026162825,0.1121609761066206,3.758621805997775,0.5235891387753415
19875,0.1281552016735077,0.94970703125,0.017767224460840225,0.017048967560552866,0.22022998088228754,0.007895411701892233,1.763901441561469,0.3339823260777645,0.9902680540881075,0.11213985401280084,3.75868641779358,0.5236856326540036
19900,0.12814006209373474,0.949676513671875,0.01772506721317768,0.017033513420249977,0.22027010731630636,0.00789351631451928,1.7640923827194033,0.3339479628072666,0.9902925504797169,0.1121187955703216,3.7587508819538247,0.5237818508048352
19925,0.12812498211860657,0.949676513671875,0.017683187499642372,0.017014919669869785,0.22031010399534168,0.007891626452060454,1.7642826913614875,0.33391369058078824,0.9903168847413439,0.11209778817885788,3.75881512487968,0.5238777807722865
19950,0.12810994684696198,0.9496917724609375,0.017645588144659996,0.01699607215041774,0.22034999531055888,0.007889723182372644,1.7644724168847306,0.3338790997153122,0.9903410554520813,0.11207666919417633,3.758879043570457,0.523973460357389
19975,0.12809497117996216,0.94970703125,0.0175996795296669,0.01697838569718065,0.2203897351650049,0.007887823755512908,1.7646614740272972,0.333844573921522,0.9903650629209242,0.11205552058295631,3.7589428494033683,0.5240688457222186
20000,0.12808004021644592,0.949737548828125,0.01755262166261673,0.016961696405062416,0.22042933790013441,0.007885928413607577,1.7648498666789731,0.3338101082127098,0.9903888975576518,0.11203430755118951,3.75900642812037,0.5241639281478861
20025,0.12806516885757446,0.949737548828125,0.017512759193778038,0.016943589154693794,0.22046878349277368,0.007884029908166428,1.765037532918237,0.3337755526243978,0.9904125700396642,0.11201300332434881,3.759069818344612,0.5242587277871298
20050,0.12805037200450897,0.9497222900390625,0.017446117475628853,0.016929787227309194,0.22050810737429832,0.007882151976560147,1.7652246480273768,0.3337414159750766,0.9904360841576675,0.1119920142968382,3.759133091090748,0.5243532429077788
20075,0.12803560495376587,0.94970703125,0.017423318699002266,0.01691549897127738,0.220547321949714,0.007880271169725193,1.765411200585256,0.33370719038218716,0.9904594413504488,0.11197102761693123,3.7591961161181247,0.5244475017686765
20100,0.12802089750766754,0.94970703125,0.017375055700540543,0.016899417674594387,0.22058640673388757,0.007878378633773733,1.7655971423313066,0.33367269469304445,0.9904826471310433,0.11194987696020871,3.759258965084736,0.5245415114139002
20125,0.128006249666214,0.9497222900390625,0.01732468418776989,0.016880488510500467,0.22062535722405488,0.007876488573994202,1.7657824429951348,0.33363822733621673,0.9905056979471163,0.11192874276920474,3.7593216117095385,0.5246352280639623
20150,0.12799164652824402,0.949737548828125,0.017268424853682518,0.016864761811238145,0.2206641637951795,0.007874611041232285,1.7659670601978517,0.3336040004896689,0.9905285902250527,0.11190777545859623,3.759384047567311,0.5247286375357509
20175,0.12797710299491882,0.9497528076171875,0.01721138320863247,0.016845957528424493,0.22070282423589507,0.007872763254374474,1.7661510137787815,0.33357038444936143,0.9905513124992443,0.1118872251128087,3.759446333509458,0.5248216944595424
20200,0.1279626488685608,0.9497833251953125,0.01717091165482998,0.016829060947160298,0.22074134078996865,0.007870942962722506,1.7663342798111747,0.33353732554990384,0.9905738884559178,0.1118670698187626,3.7595083992706604,0.5249144421313647
20225,0.12794820964336395,0.9498291015625,0.01713617704808712,0.016814973049097653,0.22077974060069988,0.007869120962474501,1.766516991620037,0.33350420983028367,0.9905963184402835,0.11184688646236937,3.7595702972836933,0.5250069545028984
20250,0.1279338300228119,0.9498291015625,0.01709028333425522,0.01679854880692062,0.22081800667366994,0.007867310488564533,1.766699019438225,0.33347130609673986,0.9906185944339091,0.11182681847194986,3.759631895897399,0.5250991873509792
20275,0.1279194951057434,0.9498291015625,0.017056956887245178,0.016783358700626423,0.22085613335177726,0.007865491786241506,1.7668803873780576,0.3334382045320898,0.9906407236916692,0.1118066736787258,3.759693294402734,0.5251911350736181
20300,0.12790518999099731,0.9498291015625,0.017016494646668434,0.016765331411438548,0.22089414487887848,0.007863663768023813,1.7670612368682224,0.3334048903883582,0.9906627142005486,0.11178649256160245,3.7597545871899034,0.5252828619192648
20325,0.127890944480896,0.9498291015625,0.016978705301880836,0.01675010707199077,0.2209320470700627,0.007861844583796776,1.7672415995347215,0.33337174996274993,0.9906845501601053,0.11176645248008706,3.759815791879306,0.5253743331731826
20350,0.12787675857543945,0.9498443603515625,0.01692861132323742,0.016735118575539398,0.22096983233476264,0.007860047895231197,1.7674214295695536,0.33333907009149144,0.9907062345780344,0.11174660844123901,3.7598768754234686,0.5254655224782273
20375,0.1278626173734665,0.949859619140625,0.016881415620446205,0.016716109030605438,0.22100746441508595,0.00785827015446791,1.767600518456322,0.3333067637283527,0.9907277680028117,0.11172690942905912,3.759937702519689,0.525556405648118
20400,0.1278485357761383,0.949859619140625,0.016826150938868523,0.016698372598018794,0.22104495285426326,0.007856483586112612,1.7677789362394432,0.33327424790814647,0.990749150335598,0.11170704351268146,3.7599983407743514,0.5256469962813077
20425,0.1278345137834549,0.9498443603515625,0.016777528449892998,0.01668338062696869,0.22108231203202947,0.0078547095886262,1.7679567329575536,0.33324197506101594,0.9907703812202813,0.11168731050418518,3.7600587741177893,0.5257372864125747
20450,0.12782053649425507,0.949859619140625,0.016739005222916603,0.01666891358953043,0.2211195398945064,0.007852931637871902,1.7681339333038097,0.33320960091018886,0.9907914712392829,0.1116675740468246,3.760119072346352,0.5258273170391169
20475,0.12780660390853882,0.949859619140625,0.01670105755329132,0.016652426338690914,0.22115668286548926,0.00785113665826362,1.7683106825330306,0.333176840364258,0.9908124235566251,0.11164765096965149,3.7601791494774575,0.5259171296605948
20500,0.12779273092746735,0.9498748779296875,0.016671573743224144,0.016639274596645003,0.22119370581029557,0.007849339865708401,1.7684868716966529,0.33314402211261585,0.9908332400715757,0.111627699916266,3.760239072403167,0.5260066977735305
20525,0.12777888774871826,0.9498748779296875,0.016618603840470314,0.016621358297430187,0.22123058066190746,0.007847564275617848,1.7686623587339763,0.3331116289793382,0.9908539227410182,0.11160799004369598,3.7602987774488157,0.5260959655076288
20550,0.12776508927345276,0.9498748779296875,0.016565021127462387,0.01660495972824637,0.22126732068245025,0.007845809292042465,1.7688372328071864,0.3330796552829771,0.9908744627151655,0.11158854441588503,3.760358341265585,0.5261849553450212
20575,0.12775138020515442,0.949859619140625,0.016523411497473717,0.016588854075090417,0.22130392455997558,0.007844086013130332,1.769011472664459,0.3330483337676065,0.9908948610510275,0.11156947944958108,3.760417729623514,0.5262736495308501
20600,0.12773768603801727,0.94989013671875,0.01648191548883915,0.016572772352034103,0.2213403760772409,0.007842387177961803,1.7691849995916769,0.33301750789354934,0.9909151274655587,0.1115507043419781,3.760476912780583,0.5263620472318986
20625,0.1277240514755249,0.9498748779296875,0.016438735648989677,0.016557979086775674,0.2213766804045294,0.007840699896839765,1.7693578508202847,0.3329869072515095,0.990935252585975,0.11153207072367427,3.7605359257403483,0.5264501152845449
20650,0.1277104616165161,0.9498748779296875,0.016384286805987358,0.01654048955047872,0.2214128662160659,0.007839034993979269,1.769530121629707,0.33295675815991754,0.9909552470009935,0.11151372919108327,3.760594727269009,0.5265378862380571
20675,0.1276969462633133,0.9498748779296875,0.01633509248495102,0.016524183595136764,0.22144890578541734,0.007837403651528546,1.7697017349513133,0.3329273046318237,0.9909751026937537,0.1114958812580125,3.7606533888670617,0.526625336380051
20700,0.12768346071243286,0.9498748779296875,0.016309205442667007,0.01650951724398851,0.22148481231028982,0.007835791506953172,1.7698727962940133,0.33289825174255816,0.9909948238397079,0.11147826352142155,3.760712022463652,0.526712539619857
20725,0.127670019865036,0.94989013671875,0.016276676207780838,0.016495512663021298,0.22152060043427427,0.007834172516001325,1.7700432475434713,0.3328690243846841,0.9910144193684634,0.11146058930211909,3.760770380062053,0.5267995148381543
20750,0.12765660881996155,0.94989013671875,0.01624063029885292,0.016483074988165605,0.22155629241009495,0.00783253514990375,1.7702132712043739,0.33283939514642524,0.9910338858535741,0.1114426902705711,3.7608286603943513,0.5268863039122872
20775,0.12764324247837067,0.94989013671875,0.016197234392166138,0.01646652101894501,0.22159186349734503,0.007830902791190851,1.7703826901730757,0.3328098460346964,0.9910532203055996,0.11142477989702215,3.760886697036391,0.5269728196678714
20800,0.12762993574142456,0.9499053955078125,0.016158539801836014,0.016450227577412803,0.22162729520671445,0.007829287113030162,1.7705514689434854,0.3327806323696066,0.9910724219426559,0.11140713691672038,3.760944571300624,0.5270590488101506
20825,0.12761665880680084,0.9499053955078125,0.016107959672808647,0.016437454376139065,0.2216626298861995,0.007827680024627852,1.7707197880153018,0.3327515844286987,0.9910915009495118,0.1113895092213118,3.761002307108765,0.5271450563619747
20850,0.1276034414768219,0.949920654296875,0.01605880632996559,0.016423598231224374,0.2216978087947544,0.007826103339004053,1.7708873858177638,0.33272316088708437,0.991110450954953,0.11137230440477627,3.7610598470642627,0.5272307208208742
20875,0.12759026885032654,0.949951171875,0.016031762585043907,0.01640861683080123,0.2217328656165641,0.007824529145110545,1.7710544137592095,0.33269477174602935,0.9911292731113596,0.1113551753580294,3.7611172268131425,0.5273161325374398
20900,0.12757712602615356,0.9499359130859375,0.01600058376789093,0.0163931472882512,0.2217678093322642,0.007822949856812287,1.7712209113468798,0.3326662563989774,0.9911479716534207,0.1113380100562559,3.7611744539284144,0.5274013396275651
20925,0.12756404280662537,0.949951171875,0.015947045758366585,0.016381917858318357,0.22180263706789588,0.007821369171323735,1.77138682268014,0.33263768507558333,0.991166541478109,0.1113208256740239,3.761231433931176,0.5274862766059542
20950,0.12755098938941956,0.9499664306640625,0.01590476743876934,0.01636806509860007,0.22183734542359165,0.007819810244462162,1.771552188827608,0.33260956047629403,0.9911849809482721,0.11130394209640763,3.7612882827061775,0.5275709327150967
20975,0.12753799557685852,0.9499664306640625,0.015864871442317963,0.016353086688380394,0.22187192893575153,0.007818247744673911,1.771716962039303,0.33258133908909104,0.9912032938958147,0.11128696683852964,3.7613449450268757,0.5276553345291505
21000,0.12752504646778107,0.949981689453125,0.015811193734407425,0.016339452300703182,0.22190638323739462,0.007816683125749386,1.7718811243183499,0.3325530516969241,0.9912214811902906,0.11126994265221135,3.7614014195396823,0.5277394530298989
21025,0.1275121420621872,0.9499969482421875,0.015776708722114563,0.016321804699757223,0.221940724557138,0.007815147880234897,1.7720447523692255,0.3325253704957674,0.991239546655135,0.11125333241282175,3.76145773137474,0.5278233124238454
21050,0.1274992823600769,0.95001220703125,0.01574377529323101,0.016307388052024623,0.22197493388507186,0.007813626967789747,1.7722077850755047,0.33249797844888734,0.9912574846786137,0.11123689525842304,3.7615139117344754,0.5279069273157929
21075,0.1274864375591278,0.95001220703125,0.015716826543211937,0.016294453124865254,0.22200904256621953,0.007812089061386847,1.7723703289036703,0.3324702055325114,0.991275295452763,0.1112201146800905,3.761569920850245,0.5279903645482715
21100,0.1274736523628235,0.950042724609375,0.015687070786952972,0.016275805774203064,0.22204302168062545,0.007810540702190032,1.772532299476641,0.33244219664726,0.9912929798838326,0.11120321154525574,3.7616258245020826,0.5280735961515676
21125,0.12746088206768036,0.950042724609375,0.015666333958506584,0.016262837416377036,0.22207685200690078,0.007808984053671795,1.7726935799052614,0.33241399021682333,0.9913105490389003,0.11118622268942034,3.7616815372588004,0.5281565968181957
21150,0.1274481564760208,0.950042724609375,0.015638185665011406,0.01624914526302464,0.22211058967163688,0.007807421081901001,1.7728544149018746,0.3323856319021034,0.991328005348615,0.11116924912562633,3.761737102882624,0.5282394000790357
21175,0.12743546068668365,0.950042724609375,0.015597591176629066,0.01623592743231208,0.22214421829393305,0.007805874365008141,1.7730147200406474,0.3323575987423147,0.9913453488734639,0.1111525037890136,3.7617924808305654,0.5283219788454148
21200,0.12742280960083008,0.9500579833984375,0.015558934770524502,0.01622611906622917,0.22217773231675905,0.007804346156529565,1.773174450090255,0.3323299345074586,0.991362575939329,0.11113604518149219,3.7618476220576764,0.5284042732607976
21225,0.12741020321846008,0.950042724609375,0.015518705360591412,0.016213573626775522,0.2222111225580907,0.0078028300244171265,1.773333633028138,0.332302514470458,0.991379690697176,0.11111978622316002,3.7619026635104578,0.5284863246426238
21250,0.12739762663841248,0.9500274658203125,0.015481757931411266,0.01619924246591492,0.2222443989592267,0.007801333545182148,1.7734923124275648,0.3322755007860297,0.9913966948177144,0.11110384557910885,3.7619576133068318,0.528568147588858
21275,0.12738507986068726,0.95001220703125,0.015449799597263336,0.01618694747684252,0.22227752885233687,0.007799865678297036,1.7736502932916722,0.33224907228999107,0.9914135809731961,0.11108839089699456,3.762012334138994,0.5286496659607235
21300,0.1273725926876068,0.95001220703125,0.015418434515595436,0.01617637401346386,0.22231053414970867,0.007798393722650183,1.7738076929190603,0.3322225382105558,0.9914303426867503,0.11107294798944287,3.76206688920358,0.5287309509250585
21325,0.12736012041568756,0.95001220703125,0.015393839217722416,0.016161939611354297,0.22234342896391657,0.007796904543863065,1.7739645703271287,0.3321956192157115,0.9914469875023211,0.11105723443048066,3.762121284110932,0.5288120393279214
21350,0.1273476779460907,0.9500274658203125,0.015365155413746834,0.01615238282806657,0.22237620164204208,0.007795405021467524,1.774120857967397,0.33216845780281323,0.9914635219644273,0.11104129680388863,3.762175474056102,0.5288929069402727
21375,0.12733528017997742,0.9500274658203125,0.015342369675636292,0.01613696354413375,0.2224088988306897,0.007793884148996452,1.7742767361842027,0.3321408182966049,0.991479944597055,0.11102513391076341,3.7622294467716717,0.5289735824858884
21400,0.12732289731502533,0.9500274658203125,0.015303532592952251,0.016122311630517208,0.22244150227963208,0.0077923717896773124,1.7744322254578448,0.33211335439085765,0.9914962622865109,0.11100908710457864,3.7622833999508463,0.5290540540027358
21425,0.12731055915355682,0.9500274658203125,0.015282162465155125,0.016109556771333463,0.22247399118431171,0.007790859950675732,1.774587189992944,0.3320858859013174,0.9915124635861581,0.11099297275418991,3.7623372214683575,0.5291343196012459
21450,0.1272982656955719,0.950042724609375,0.01522908452898264,0.01609760529304031,0.22250638247486024,0.0077893230191638406,1.7747417099077207,0.33205786924325237,0.991528554412191,0.11097653513912609,3.7623909378897995,0.5292143875853478
21475,0.12728600203990936,0.9500579833984375,0.01518823392689228,0.01608362237015307,0.22253864436318702,0.007787796847025555,1.7748956339214055,0.332030063907344,0.9915445276905333,0.11096021232222336,3.7624444971224587,0.5292941690416668
21500,0.1272737830877304,0.950103759765625,0.01515389047563076,0.016072768413136304,0.22257080319084363,0.007786267051473897,1.7750490572190318,0.3320021614795032,0.9915603920271426,0.11094386422945804,3.7624978781173284,0.5293737044576659
21525,0.12726157903671265,0.95013427734375,0.015132296830415726,0.016057268601058182,0.22260285476463598,0.007784751815950753,1.7752019636938046,0.3319745497510305,0.9915761449276042,0.11092776901523044,3.7625510820572337,0.529453016136779
21550,0.12724944949150085,0.95013427734375,0.01509852334856987,0.016047999089743827,0.22263478080487112,0.007783258942571383,1.7753543084446601,0.33194740042634335,0.9915918025097699,0.11091197802616332,3.762604168124992,0.5295320931260432
21575,0.12723731994628906,0.950164794921875,0.015055818483233452,0.01603397505443039,0.2226665668378281,0.007781804005914503,1.775506053505853,0.3319210494959804,0.9916073431058317,0.11089665469941623,3.762657177991906,0.5296109004560754
21600,0.12722525000572205,0.950164794921875,0.01502941269427538,0.016022330413013354,0.22269825176726027,0.007780352793733056,1.7756573151772965,0.3318947602401606,0.9916227727778788,0.11088133088920607,3.7627100292542766,0.5296894922751363
21625,0.12721320986747742,0.9501800537109375,0.014974787831306458,0.016011327897185332,0.22272983866388305,0.007778909844853993,1.7758080811385601,0.3318686249061869,0.9916380913480892,0.11086607418548454,3.76276266975252,0.5297678509361182
21650,0.12720119953155518,0.950164794921875,0.014958430081605911,0.016000897810614347,0.22276128765931585,0.007777476893504819,1.7759582339386017,0.3318426882926959,0.9916533016983914,0.1108509405822143,3.762815187259386,0.5298459692369168
21675,0.12718921899795532,0.9501800537109375,0.014918767847120762,0.015990118582944537,0.22279263902474364,0.007776061115966464,1.77610791857138,0.33181710066513465,0.9916684107625371,0.1108359872458502,3.762867548703356,0.5299238960838139
21700,0.12717726826667786,0.9501800537109375,0.014886382967233658,0.01597794576387979,0.22282387187945213,0.007774669742752797,1.77625705596031,0.33179201719199697,0.9916834171567144,0.11082127979567982,3.762919762765118,0.5300015725846526
21725,0.12716537714004517,0.9501800537109375,0.01484337355941534,0.01596524832330527,0.22285498940961193,0.007773301034973773,1.7764056425177366,0.33176739787504417,0.9916983199092926,0.11080688140523476,3.7629717948043298,0.5300789984909945
21750,0.12715350091457367,0.9501800537109375,0.014812805689871311,0.015953179500489023,0.22288600003726536,0.007771959644416748,1.776553746541616,0.33174334862004085,0.9917131295322283,0.11079282570528357,3.763023718263021,0.5301561906186152
21775,0.12714166939258575,0.9502105712890625,0.014784080907702446,0.015940674093376205,0.22291689586185567,0.007770604753456576,1.7767013268551903,0.3317189965528878,0.991727833503693,0.11077849888524553,3.7630755124818553,0.5302331677278997
21800,0.12712988257408142,0.950225830078125,0.01474740169942379,0.015930569547805976,0.22294768556921196,0.0077692597167292295,1.7768484418774864,0.3316948445634589,0.9917424250106814,0.11076425833997779,3.763127227743,0.5303099205873804
21825,0.1271180957555771,0.9502105712890625,0.014722930267453194,0.015917734123387265,0.2229783829604688,0.007767928579327321,1.7769951289224633,0.33167097576206606,0.9917569050811421,0.11075022368250734,3.7631788264717283,0.5303864666921906
21850,0.12710636854171753,0.9502105712890625,0.014683234505355358,0.0159033646045075,0.22300895269012153,0.0077666070255826445,1.777141218865114,0.33164729280658806,0.9917712824323599,0.11073634018854876,3.763230248649454,0.5304627476623549
21875,0.12709468603134155,0.950225830078125,0.014642035588622093,0.015890607068374165,0.2230394224289479,0.007765283422386434,1.7772868312619172,0.331623549084044,0.9917855503376026,0.11072237390677321,3.763281513844148,0.5305387947314909
21900,0.12708300352096558,0.950225830078125,0.014617669396102428,0.015879639440013367,0.22306979398057714,0.007763963799155694,1.777431988817215,0.33159987622844805,0.9917997196487215,0.11070839534385388,3.7633326548041017,0.5306146333038257
21925,0.12707138061523438,0.9502410888671875,0.014564752578735352,0.01587221915984658,0.2231000657045733,0.007762646490671629,1.777576647189761,0.33157623164065125,0.9918137851137415,0.11069442117500777,3.7633835913756144,0.5306902372708397
21950,0.12705980241298676,0.95025634765625,0.014522206038236618,0.015859053145246223,0.22313021276616254,0.0077613556396404935,1.7777207483443842,0.3315531386278101,0.9918277487855494,0.11068081294339055,3.763434410038162,0.5307655693854118
21975,0.12704825401306152,0.95025634765625,0.014500205405056477,0.015846216415906066,0.22316024393779013,0.0077600719683437805,1.7778643315364342,0.3315301863499725,0.9918416103220387,0.11066738038934906,3.763485119768909,0.5308406561445322
22000,0.12703675031661987,0.950286865234375,0.01447750348597765,0.015836958389818082,0.22319021530298414,0.00775878083733182,1.778007567765152,0.33150705232521593,0.9918553800131347,0.11065389833875813,3.7635356095329087,0.5309155747327551
22025,0.12702523171901703,0.9503021240234375,0.014471180737018585,0.015826868464785853,0.2232201009526134,0.007757486070039738,1.7781503564041583,0.3314838186761303,0.9918690712805176,0.11064040932906996,3.7635858847268095,0.5309903356211025
22050,0.12701374292373657,0.9503326416015625,0.014436899684369564,0.015817285756214643,0.22324993120725234,0.007756182692294744,1.7782928850657058,0.3314603915528979,0.9918826708753361,0.11062684782763302,3.7636360867652674,0.5310649700280202
22075,0.1270022988319397,0.9503326416015625,0.014403332024812698,0.015805825009724623,0.22327967808617918,0.007754864719683098,1.7784350648768963,0.33143664721729094,0.991896188626771,0.11061301393905563,3.7636862633311976,0.5311394238460836
22100,0.1269908845424652,0.9503173828125,0.014372619800269604,0.01579428980475833,0.2233093367634515,0.007753544476405298,1.778576804717196,0.331412835558794,0.9919096214557587,0.11059913875785869,3.763736262159017,0.531213676870774
22125,0.1269795000553131,0.9503173828125,0.014339950866997242,0.015785391496052587,0.22333895189127376,0.007752202872339119,1.7787183189325686,0.33138855533699324,0.9919229584349329,0.11058497953153126,3.763786160473979,0.531287793352006
22150,0.1269681453704834,0.9503326416015625,0.014300912618637085,0.01577287439634862,0.22336847660870573,0.007750874372941054,1.778859380734181,0.3313645356585049,0.991936203066815,0.11057105349792037,3.763835873190764,0.5313616881622573
22175,0.12695682048797607,0.9503631591796875,0.014281128533184528,0.015761107636560277,0.22339788638328154,0.007749543674001305,1.778999954975531,0.3313404610751298,0.9919493438838733,0.11055715404103551,3.7638855325279232,0.53143536363257
22200,0.12694552540779114,0.95037841796875,0.014255020767450333,0.015752388322875323,0.22342719920684023,0.007748226607427092,1.7791399900143292,0.3313166470926432,0.991962401011111,0.11054346696102235,3.7639348775379937,0.5315088422456052
22225,0.1269342601299286,0.9503936767578125,0.014214559458196163,0.015741258192692852,0.2234564128752056,0.007746922399829292,1.7792795882310004,0.33129309795694456,0.9919753690508546,0.11052997258138486,3.763984143296752,0.531582113756735
22250,0.12692302465438843,0.9503936767578125,0.014179609715938568,0.01572930807001517,0.22348555943360418,0.007745594715389256,1.7794188465695355,0.3312690310196577,0.9919882310847756,0.11051616308586705,3.764033264894135,0.5316551764340053
22275,0.12691183388233185,0.950408935546875,0.014146995730698109,0.015718087139998407,0.223514635836405,0.007744248119189437,1.779557782487129,0.33124454926642344,0.992000999261044,0.11050203500605882,3.7640823048373493,0.5317280450523626
22300,0.12690067291259766,0.950408935546875,0.01410183496773243,0.015709137454180518,0.22354362565923697,0.007742916306079979,1.7796963133190076,0.33122037003986,0.9920136797697219,0.11048805205530039,3.764131226488836,0.5318006923047575
22325,0.12688955664634705,0.9504241943359375,0.014070481993258,0.01569860584737289,0.22357253183177292,0.007741596872375934,1.779834414954702,0.3311964353546146,0.992026285368674,0.11047420574145997,3.764179954101696,0.5318731191451537
22350,0.12687847018241882,0.950408935546875,0.014021119102835655,0.015687785996536942,0.22360132389495682,0.007740284747263519,1.7799719811091885,0.3311726395883162,0.9920387979292289,0.11046043018555986,3.7642285192159806,0.5319452822377448
22375,0.126867413520813,0.9504241943359375,0.014006088487803936,0.015677165356954386,0.22363001989106876,0.007739029764396401,1.7801091140196557,0.33115005462269287,0.9920512270937721,0.110447448234165,3.764276986057087,0.5320172247648927
22400,0.12685635685920715,0.950439453125,0.013990816660225391,0.015668199203640567,0.22365863750574025,0.007737771015126226,1.7802459373150188,0.3311273874487942,0.9920635728375011,0.1104345212487503,3.764325467099629,0.5320890314791272
22425,0.1268453598022461,0.9504241943359375,0.013949789106845856,0.01565938506671127,0.22368720268993436,0.007736516284135714,1.7803824618346171,0.3311047874260808,0.9920758362566083,0.11042164771934887,3.7643737667946726,0.5321606625642021
22450,0.12683436274528503,0.950439453125,0.013920390978455544,0.015649732248517133,0.223715676478319,0.007735299122847949,1.7805185263554513,0.3310829714604978,0.9920880133763113,0.11040932942748119,3.764421872076087,0.5322320490849966
22475,0.12682341039180756,0.950439453125,0.013899030163884163,0.01564097508683757,0.22374405697309765,0.007734084951287439,1.7806541394547444,0.3310612026621908,0.9921001005212299,0.11039706656258462,3.7644698169594966,0.5323032419820471
22500,0.12681247293949127,0.950439453125,0.013880719430744648,0.01563055380356239,0.22377236602025166,0.007732880940307964,1.780789419439888,0.3310396403669792,0.9921121084006004,0.11038500716393022,3.7645176676936343,0.5323742699253966
22525,0.12680156528949738,0.950439453125,0.013843600638210773,0.015619418817669513,0.2238005759653787,0.007731688124164223,1.7809242170851836,0.33101829948365585,0.9921240327159232,0.11037305801858804,3.7645653413539972,0.532445084162005
22550,0.12679070234298706,0.9504547119140625,0.013822682201862335,0.01560963712875969,0.22382869030160946,0.007730499321687075,1.781058577598759,0.33099703215217985,0.99213588104378,0.11036126876255772,3.7646129040262446,0.5325156941483123
22575,0.12677983939647675,0.9504547119140625,0.01377949584275484,0.015595730203099125,0.22385672419107686,0.007729297684387956,1.7811925838073,0.3309754818367043,0.9921476526235944,0.11034926883212434,3.7646604031744526,0.5325861470434348
22600,0.1267690360546112,0.9504547119140625,0.013756508007645607,0.015588088387022383,0.2238846596049114,0.007728099277955655,1.7813261643576135,0.3309539925289362,0.9921593424490365,0.11033721885929754,3.7647078394881364,0.5326563830223282
22625,0.12675824761390686,0.9504241943359375,0.013719773851335049,0.015578697597657742,0.22391252414731974,0.007726914303736669,1.7814593836654748,0.3309327742602703,0.9921709547242004,0.11032536417788665,3.7647551169211533,0.5327264398191257
22650,0.1267474889755249,0.9504547119140625,0.013687709346413612,0.015568693639972549,0.22394029971804869,0.007725754596959324,1.7815921550175986,0.33091207783742,0.9921824909179833,0.11031379672309043,3.764802204319947,0.5327962960336531
22675,0.12673676013946533,0.9504547119140625,0.013663053512573242,0.015557161686747067,0.22396798292704417,0.007724588868516044,1.7817245456900281,0.33089124824635374,0.9921939418553141,0.11030208237483849,3.7648492722563893,0.5328659633586438
22700,0.12672606110572815,0.9504547119140625,0.013614088296890259,0.01554520325812429,0.22399558948284598,0.0077234094896652195,1.7818565550634047,0.33087011031896485,0.9922053126811202,0.11029017863261537,3.7648961872946827,0.5329354377755671
22725,0.12671540677547455,0.950469970703125,0.01357213407754898,0.015534410436067752,0.22402311050163623,0.007722232585875601,1.7819881874632464,0.33084901677454787,0.99221659773648,0.11027829625857108,3.764943033155754,0.5330046889008412
22750,0.12670478224754333,0.950469970703125,0.0135444151237607,0.015524789295891815,0.2240505236807631,0.007721071685943194,1.782119270764163,0.330828241969966,0.9922278231733637,0.11026656737206439,3.7649896334934896,0.5330737096681962
22775,0.12669417262077332,0.95050048828125,0.01350514404475689,0.01551604471031696,0.2240778491470447,0.007719912103663492,1.7822499636033928,0.33080748591954384,0.9922389733979096,0.11025489524108316,3.765036154253349,0.5331425398222384
22800,0.12668362259864807,0.95050048828125,0.013471128419041634,0.01550960915218422,0.22410508379585067,0.007718783938952765,1.7823802962614652,0.3307874014988462,0.992250034232148,0.11024365022986368,3.765082685384368,0.533211147305348
22825,0.12667308747768402,0.95050048828125,0.013435901142656803,0.015499687771366096,0.22413224375888827,0.0077176594498208784,1.7825102922419642,0.33076738683806367,0.9922610250256398,0.11023249274889986,3.7651291409217644,0.5332795740306653
22850,0.12666258215904236,0.950531005859375,0.013398915529251099,0.01548879703350582,0.2241593081422954,0.007716546549870164,1.782639771451087,0.3307475935485558,0.992271938158081,0.11022153262402981,3.7651753158798735,0.5333477519951428
22875,0.12665212154388428,0.950531005859375,0.013380192220211029,0.01547793067677391,0.22418625704089637,0.0077154514762194796,1.7827686925153936,0.33072816237852004,0.9922827667609879,0.11021082752932779,3.7652212899649395,0.53341569171454
22900,0.1266416609287262,0.9505462646484375,0.013345170766115189,0.015468487732726766,0.2242131530612284,0.007714349173543435,1.7828973185625583,0.3307085590019006,0.9922935216803886,0.11019999722545887,3.76526709308265,0.533483458532801
22925,0.1266312450170517,0.9505462646484375,0.013296560384333134,0.015458845767060657,0.22423996269561608,0.007713278435906502,1.7830255851538963,0.3306896277410757,0.9923041971738289,0.11018963985439449,3.7653128704405434,0.5335510124721929
22950,0.12662085890769958,0.950592041015625,0.013271919451653957,0.015447195585682768,0.22426666564390976,0.007712232576498525,1.783153374487673,0.33067121852081177,0.9923147916128972,0.11017957162115743,3.765358543600318,0.5336183441590089
22975,0.12661051750183105,0.950592041015625,0.013242130167782307,0.015438181221389817,0.22429329793165795,0.007711193442777168,1.7832808482678548,0.33065294570252907,0.9923253229399642,0.11016960677193124,3.7654041514939265,0.533685526868843
23000,0.12660017609596252,0.950592041015625,0.013225428760051727,0.015429360880442241,0.22431986274729337,0.007710148395120839,1.7834080287985263,0.33063454008762544,0.992335774470315,0.11015952005534727,3.765449714378756,0.5337525664856068
23025,0.12658986449241638,0.9506072998046875,0.013189167715609074,0.015419491273841087,0.22434635005475076,0.007709110703050514,1.7835348167990588,0.33061627517225045,0.9923461506445963,0.11014958288860399,3.765495106798403,0.5338194207426596
23050,0.12657958269119263,0.9506072998046875,0.013155429624021053,0.015411156310258555,0.2243727270651681,0.007708100028359422,1.7836610641121586,0.330598569331556,0.9923564444027551,0.11014011479139338,3.7655402910501286,0.5338860395786611
23075,0.12656933069229126,0.9506072998046875,0.013144908472895622,0.015397871070905343,0.22439899450181489,0.007707105045768503,1.7837868314198826,0.33058119052069296,0.992366665504356,0.11013083665949135,3.765585389070623,0.5339524488062644
23100,0.1265590935945511,0.9506072998046875,0.013133637607097626,0.015391067620864072,0.22442514899365099,0.007706110457593967,1.7839121100102173,0.33056381156923154,0.9923768137107527,0.11012150932901131,3.765630410636129,0.5340186928679822
23125,0.1265488862991333,0.950592041015625,0.013098190538585186,0.015382868517290257,0.22445122703337436,0.007705122645069555,1.7840369890680479,0.33054655899873586,0.9923868948361307,0.11011221275892095,3.7656752377508766,0.5340847733686317
23150,0.12653867900371552,0.9505767822265625,0.013060890138149261,0.015369889861525496,0.22447721044618235,0.00770416311065408,1.7841614457315218,0.3305299032434596,0.9923969059001202,0.11010333912390663,3.7657199745508105,0.5341506328486725
23175,0.1265285313129425,0.9505767822265625,0.013029403984546661,0.015361058249274626,0.22450308840275057,0.007703225017103196,1.7842854220145161,0.3305136949825216,0.9924068432449034,0.11009478027194002,3.7657645893839837,0.5342162656248429
23200,0.1265183985233307,0.950592041015625,0.012993097305297852,0.015351794481743893,0.22452886043631815,0.007702297458842753,1.784408934978128,0.3304977038390623,0.9924167078846302,0.11008641055638684,3.7658091220682106,0.5342816842053495
23225,0.12650829553604126,0.950592041015625,0.012979211285710335,0.015343458170717835,0.2245545480100382,0.007701375919558023,1.784532107167081,0.3304818398517159,0.99242649835791,0.1100781371400594,3.765853651125516,0.5343469319418424
23250,0.12649820744991302,0.9505767822265625,0.012933475896716118,0.015333901528641032,0.224580153012505,0.00770046910551062,1.7846548893737615,0.3304662793531848,0.9924362093110204,0.11007005060800629,3.7658980567882065,0.5344119889670155
23275,0.12648814916610718,0.950592041015625,0.012915408238768578,0.015324714188708103,0.22460565716850972,0.007699584419224545,1.7847772043105095,0.3304511803904981,0.9924458463818469,0.1100621828380432,3.765942329111514,0.5344768149996101
23300,0.12647812068462372,0.950592041015625,0.01289151981472969,0.015316438588916204,0.2246310758406472,0.007698696896213519,1.7848990750664857,0.33043600028069464,0.9924554143418683,0.11005434405878269,3.765986387939959,0.5345414624590389
23325,0.12646812200546265,0.9506072998046875,0.012869340367615223,0.01530702366172938,0.22465642342770872,0.007697813610300094,1.7850206522589651,0.33042090811873476,0.9924649151823415,0.1100465666098063,3.766030430296338,0.5346059496498661
23350,0.12645813822746277,0.9506072998046875,0.01284746453166008,0.015300792555944348,0.22468168422410473,0.007696954568782695,1.7851418216044082,0.3304063237379835,0.9924743499977502,0.11003907368229719,3.7660743466275766,0.5346702372992205
23375,0.1264481544494629,0.95062255859375,0.012803774327039719,0.015290425034065686,0.22470685113710245,0.007696112421486272,1.7852625559339665,0.3303920896543541,0.9924837207118549,0.11003180918228056,3.7661181389793943,0.5347343334761514
23400,0.1264382302761078,0.95062255859375,0.012776799499988556,0.015283739897045458,0.22473193977903538,0.007695284602423616,1.7853829715204457,0.3303781608919201,0.9924930283815796,0.11002475296741551,3.766161921717706,0.5347982473839674
23425,0.12642830610275269,0.9506378173828125,0.0127553166821599,0.015275443501330805,0.2247569588430155,0.0076944821667589,1.785503074198891,0.33036476952248967,0.9925022833216339,0.11001805290592215,3.766205634229276,0.5348620351264641
23450,0.12641844153404236,0.9506378173828125,0.012727579101920128,0.015269622968797743,0.22478188994518503,0.007693702737338854,1.7856227498394923,0.3303518570043583,0.9925114787089894,0.11001164387510845,3.7662491897357144,0.5349256236552744
23475,0.12640856206417084,0.9506378173828125,0.012694474309682846,0.015258783354494381,0.22480674735225328,0.007692956402326811,1.7857420793799699,0.33033964451134123,0.9925206205298722,0.11000565798951883,3.766292639361174,0.5349890227800159
23500,0.1263987272977829,0.9506378173828125,0.012673581950366497,0.01525051190247907,0.2248315423539723,0.00769222461949965,1.7858611121850354,0.3303277348745138,0.9925296980402584,0.10999992190245053,3.7663359925877,0.5350522460428949
23525,0.12638890743255615,0.9506378173828125,0.012639949098229408,0.015242068556978019,0.2248562755457171,0.007691490656647507,1.785979852271041,0.3303157691638101,0.9925387240924632,0.10999405417716358,3.7663792528449234,0.5351153124233676
23550,0.1263791173696518,0.950653076171875,0.012624526396393776,0.015233867344932473,0.2248809262905471,0.0076907531089841445,1.7860981855500162,0.3303037112581268,0.992547677151162,0.10998805237674987,3.7664223523159817,0.5351781928038496
23575,0.12636934220790863,0.950653076171875,0.012608145363628864,0.015225814943062702,0.22490551679389825,0.00768999449009206,1.78621619932204,0.3302911854501683,0.9925565641271109,0.10998174006925182,3.7664652890835253,0.5352409641246747
23600,0.12635956704616547,0.9506683349609375,0.012593264691531658,0.015216299464013896,0.22493001337044416,0.007689262111165931,1.7863337628507565,0.3302792083025794,0.992565380476018,0.10997579058594452,3.7665080694824837,0.5353035587557627
23625,0.12634983658790588,0.9506683349609375,0.012572239153087139,0.015206710134516962,0.22495442960830372,0.007688542235930207,1.7864509513704347,0.33026748881797796,0.992574136395586,0.10997003406684486,3.766550738301983,0.5353659818065319
23650,0.1263400912284851,0.9506988525390625,0.0125594986602664,0.015197887536691204,0.22497879337671817,0.007687811277655326,1.786567916626447,0.33025552801112834,0.9925828276170002,0.10996415543580808,3.7665933821012008,0.5354282711405767
23675,0.1263303905725479,0.9506988525390625,0.012548238970339298,0.015191188916903551,0.22500309180183403,0.007687083704676541,1.786684544919207,0.33024362505347504,0.9925914472457058,0.1099583078378441,3.766635868884786,0.5354904171772785
23700,0.12632068991661072,0.950714111328125,0.012530021369457245,0.015183129691474305,0.22502732075649667,0.007686354889275475,1.786800867943861,0.3302316894305709,0.9926000046202752,0.10995246862382432,3.766678299963577,0.5355524428048629
23725,0.12631100416183472,0.950714111328125,0.012514104135334492,0.015177370956955798,0.22505149936949045,0.007685620720739654,1.7869169598040027,0.33021963248255004,0.9926084986750171,0.10994648062809531,3.766720671396466,0.5356143501329996
23750,0.1263013482093811,0.9507293701171875,0.01248248666524887,0.015168339844365695,0.22507560355156697,0.007684884571620935,1.7870327210617052,0.33020752593884684,0.992616934562065,0.10994044823840259,3.766762975113008,0.5356761137570986
23775,0.12629170715808868,0.9507293701171875,0.012456582859158516,0.015161558589515874,0.22509961557257133,0.007684160588276823,1.7871480631577807,0.3301956703696403,0.9926253071112788,0.10993458912737514,3.7668051727335357,0.5357376686412358
23800,0.12628209590911865,0.95074462890625,0.012443846091628075,0.015154619514925602,0.22512354202045473,0.007683455143947932,1.787262990604726,0.33018419875705035,0.9926336278216095,0.10992901595266079,3.7668472185707915,0.5357990557680492
23825,0.12627249956130981,0.9507598876953125,0.012416121549904346,0.01514707425650096,0.22514740409767284,0.007682763715303837,1.7873776239451673,0.3301730206889796,0.9926418876108375,0.10992373259330593,3.766889189233744,0.5358602906724435
23850,0.12626291811466217,0.950775146484375,0.012375522404909134,0.01513868682363113,0.22517117946713078,0.007682088644369935,1.7874918208406863,0.3301621766251596,0.9926500861438652,0.10991867752752651,3.7669309715444856,0.5359213127493532
23875,0.12625336647033691,0.95074462890625,0.012351177632808685,0.015130961072775876,0.22519489655099234,0.00768142432638382,1.7876057242841024,0.33015155174727007,0.9926582288383687,0.1099137173378921,3.7669726290481966,0.5359821404225072
23900,0.12624385952949524,0.95074462890625,0.012321237474679947,0.015124508420281535,0.22521850794342982,0.0076807853534299605,1.7877191814114897,0.33014146621059687,0.9926663091015766,0.10990904917957958,3.7670142360492704,0.5360427790893072
23925,0.12623435258865356,0.95074462890625,0.012274892069399357,0.015115498091458856,0.22524202292539872,0.0076801680815650275,1.7878321889322855,0.3301318343661306,0.9926743256204463,0.1099047088524977,3.767055707901682,0.5361031988690707
23950,0.12622487545013428,0.95074462890625,0.012252976186573505,0.01510965596953149,0.22526546465134922,0.0076795630101153265,1.7879448256249455,0.3301224496558048,0.992682285483578,0.10990053649969261,3.76709701690233,0.5361634204684895
23975,0.12621542811393738,0.9507598876953125,0.012223935686051846,0.015100972224290148,0.22528885257712142,0.007678960596241363,1.7880572612368282,0.3301131240811782,0.9926901994115654,0.10989649224178036,3.767138357965129,0.5362235202245383
24000,0.12620601058006287,0.950775146484375,0.012188751250505447,0.01509547996539569,0.22531216381506222,0.007678362028893378,1.788169354210601,0.33010387383660367,0.9926980657510247,0.10989250928838,3.7671796241451085,0.5362834539718098
24025,0.12619662284851074,0.950775146484375,0.012154740281403065,0.015087281343878841,0.22533541215720293,0.0076777696222047,1.7882811036452335,0.3300947384073098,0.9927058875583765,0.10988853612525928,3.767220698186572,0.5363432090796485
24050,0.12618723511695862,0.9507598876953125,0.012141669169068336,0.0150816549497603,0.2253586192497806,0.0076771663121690615,1.7883926966077923,0.33008536964663127,0.9927136546167705,0.1098843936356754,3.7672617931846815,0.5364028657580678
24075,0.12617787718772888,0.95074462890625,0.01211719773709774,0.01507188182604388,0.225381751303649,0.007676569800929264,1.7885039086222485,0.33007613140676423,0.9927213718813341,0.10988038286898809,3.7673027186532377,0.5364623521050685
24100,0.12616853415966034,0.95074462890625,0.012081615626811981,0.015065564914587885,0.2254047757883156,0.007675981526272429,1.788614628567903,0.33006705793080854,0.9927290272098259,0.10987654434079336,3.76734351234058,0.5365216186571761
24125,0.12615922093391418,0.950775146484375,0.0120644960552454,0.01505906127230777,0.22542772502988537,0.0076753924317458375,1.7887250102614294,0.33005795923259545,0.9927366165331631,0.10987267918713589,3.7673842280038845,0.5365807072698131
24150,0.12614992260932922,0.9507904052734375,0.012049488723278046,0.015054306992328568,0.22545060930760433,0.0076748097422970445,1.7888350899268304,0.3300489898154515,0.9927441461278943,0.10986891389979264,3.7674248559823997,0.53663965288567
24175,0.12614063918590546,0.9508056640625,0.012016655877232552,0.01504576863852115,0.22547342167915624,0.007674230889822296,1.7889448035400661,0.3300400877426497,0.9927516213571392,0.10986513739231721,3.767465319390517,0.5366984478351248
24200,0.12613138556480408,0.9508056640625,0.012013854458928108,0.015039211185940468,0.22549617568821495,0.007673664325811341,1.789054285293293,0.3300314496094474,0.9927590458047846,0.10986159103008968,3.7675057876294153,0.536757132792134
24225,0.1261221319437027,0.9508056640625,0.011990329250693321,0.015031877354686652,0.22551886485215766,0.00767310282449495,1.789163433617234,0.33002290606502366,0.9927664187561227,0.10985811540135415,3.7675461009085183,0.5368156744255503
24250,0.1261129081249237,0.9508209228515625,0.011960633099079132,0.015024243528696765,0.2255414899930431,0.007672554924978401,1.7892723334438307,0.3300146558296037,0.992773736636701,0.10985472697766843,3.7675864311568166,0.536874063327453
24275,0.1261036992073059,0.9508056640625,0.011928620748221874,0.01501717040480506,0.22556404625790377,0.007672022559474331,1.7893808896963361,0.33000672650970553,0.9927810105516526,0.10985155611646416,3.7676266186486105,0.5369322985030911
24300,0.1260945200920105,0.9508056640625,0.01190467644482851,0.015007852885947534,0.2255865164333995,0.007671499059448349,1.789489057011057,0.32999897894505215,0.9927882410336341,0.10984846143966658,3.7676667115712412,0.53699035262182
24325,0.1260853409767151,0.9508056640625,0.011878306977450848,0.014998136094401274,0.22560891987576773,0.007670993705229771,1.7895969892229027,0.32999162697732726,0.9927954274004649,0.1098456697954686,3.7677068721015745,0.5370482822013259
24350,0.12607620656490326,0.950836181640625,0.01184511836618185,0.014992215169243414,0.22563123425885,0.007670504511104716,1.789704495917006,0.32998460915499406,0.9928025659995285,0.10984314693364614,3.767746885704253,0.5371060049039695
24375,0.12606708705425262,0.950836181640625,0.011825328692793846,0.014986219094878411,0.2256534814995696,0.00767002698323081,1.789811689028295,0.32997783346341686,0.992809648707307,0.10984079116298977,3.7677868049750898,0.537163549713238
24400,0.12605798244476318,0.9508514404296875,0.011807756498456001,0.01497856773926342,0.2256756681821918,0.007669542608166189,1.789918632132472,0.3299709085800491,0.9928166771412923,0.1098383087335987,3.7678267087257957,0.5372209728335321
24425,0.12604889273643494,0.9508514404296875,0.011783462949097157,0.014970247079223084,0.2256977937517515,0.007669045728724429,1.7900252511206607,0.3299636995248535,0.9928236668990584,0.10983565038915931,3.767866445537966,0.53727826349342
24450,0.12603983283042908,0.9508514404296875,0.011756543070077896,0.014959297359443033,0.22571986265075789,0.00766854732507979,1.7901315927049606,0.32995644784778566,0.9928306116088306,0.10983301701332233,3.7679060766177725,0.5373354087112864
24475,0.1260308027267456,0.950836181640625,0.011742212809622288,0.014953060060585874,0.22574182917800817,0.0076680696769951245,1.7902374749228862,0.3299496327430534,0.9928375070030563,0.10983070089366906,3.767945600353815,0.5373923547537066
24500,0.12602177262306213,0.9508514404296875,0.01171187311410904,0.014945280064805522,0.22576372278808243,0.007667595204710165,1.790343025136038,0.32994287797276856,0.9928443543907051,0.10982839728841821,3.7679850389124847,0.5374491494953288
24525,0.12601277232170105,0.9508514404296875,0.011692680418491364,0.014937405636262684,0.22578554000829493,0.007667112111738453,1.7904481826321683,0.32993592107371983,0.9928511479900795,0.10982594219518624,3.7680242934429184,0.5375057781491429
24550,0.12600377202033997,0.95086669921875,0.011658312752842903,0.014930444321089104,0.225807287057439,0.007666621590561806,1.7905530317615417,0.3299287986781475,0.9928578851767359,0.109823347972177,3.7680634895193927,0.5375622528273181
24575,0.12599481642246246,0.95086669921875,0.0116476621478796,0.014925811218982487,0.22582898245877703,0.007666130335390919,1.790657617204076,0.32992164950943137,0.9928645783949668,0.10982073617467494,3.7681025665672374,0.5376185831117274
24600,0.12598586082458496,0.95086669921875,0.01163236703723669,0.014918263119294497,0.22585060799080717,0.0076656570584837285,1.7907619032471653,0.32991488296268257,0.9928712146362444,0.10981837569294745,3.768141601412841,0.537674793167782
24625,0.12597692012786865,0.95086669921875,0.011615240946412086,0.014913028187646763,0.22587214219054563,0.00766521807155698,1.7908657659214005,0.3299088429438945,0.992877798846152,0.1098164860366933,3.7681805121816496,0.5377308341916611
24650,0.12596799433231354,0.95086669921875,0.011604463681578636,0.014902828803072499,0.22589361557352705,0.007664797602510763,1.7909693390764674,0.32990319248081174,0.992884333421928,0.1098149087701602,3.7682193259055574,0.5377867515329929
24675,0.1259590983390808,0.95086669921875,0.011583896353840828,0.014893015089035053,0.2259150328132766,0.007664388407964293,1.7910726692574195,0.32989778088805255,0.9928908213929721,0.10981350925454594,3.7682581014903076,0.5378425516850394
24700,0.1259501874446869,0.9508819580078125,0.011578490026295185,0.01488793940423192,0.22593637160804436,0.007663978549787146,1.791175621739682,0.32989234272153517,0.9928972676756914,0.10981209075086748,3.768296741433781,0.5378982136986578
24725,0.12594130635261536,0.950897216796875,0.011561780236661434,0.014881021729558248,0.22595766042376228,0.007663575814022924,1.7912783647725545,0.3298870557611487,0.9929036691276032,0.10981075673512161,3.768335362264265,0.5379537651508729
24750,0.12593244016170502,0.950897216796875,0.011539901606738567,0.01487408007285246,0.22597889297282078,0.007663181669813368,1.7913808577892194,0.3298819487604054,0.9929100199718116,0.10980950098986512,3.768373931025915,0.5380091928644493
24775,0.12592357397079468,0.950897216796875,0.011511778458952904,0.01486706661110585,0.22600004241011293,0.007662791949750412,1.7914829733243978,0.32987692815488256,0.9929163213143399,0.10980828628632552,3.768412403361092,0.5380644453303868
24800,0.12591475248336792,0.950927734375,0.011494182050228119,0.014862384452789461,0.22602112552861411,0.007662415562836714,1.7915847940649725,0.32987218868929263,0.9929225867879213,0.10980727649799424,3.7684508131367545,0.5381195434704344
24825,0.12590594589710236,0.950927734375,0.011469684541225433,0.01485517166460592,0.22604215474867936,0.007662050710641862,1.791686365024365,0.3298676909009941,0.9929288023249374,0.10980648603525878,3.768489151444191,0.5381744941779455
24850,0.1258971393108368,0.950927734375,0.011452374048531055,0.014847306524841394,0.22606313761557262,0.007661704772639984,1.7917876822167798,0.3298635874298836,0.9929349661648229,0.10980593490156501,3.768527346969795,0.5382293147901855
24875,0.12588836252689362,0.950927734375,0.011434171348810196,0.01484135689011315,0.22608406009310986,0.007661373634783382,1.7918887065940363,0.32985979280106387,0.9929410794671287,0.1098056025049862,3.768565434550971,0.5382839832197409
24900,0.12587958574295044,0.950927734375,0.011412348598241806,0.014835054043083195,0.22610491587570605,0.0076610526403591605,1.7919894405461145,0.32985621183104247,0.9929471511268447,0.10980537324682936,3.768603471722579,0.5383385148063163
24925,0.12587083876132965,0.9509429931640625,0.011395642533898354,0.01483089166202208,0.22612571157166675,0.0076607373168240955,1.7920898644086793,0.3298527398080448,0.9929531805527789,0.1098052864395245,3.7686413620104573,0.5383928928847482
24950,0.12586210668087006,0.9509429931640625,0.011376931332051754,0.01482224698732935,0.2261464487681155,0.007660443679362052,1.7921900725012967,0.32984973774064824,0.9929591577757989,0.10980556331301139,3.76867929049396,0.538447126517204
24975,0.12585338950157166,0.9509124755859375,0.011355829425156116,0.01481699297708246,0.2261671426870888,0.007660145737960495,1.7922900406363214,0.32984663054720564,0.992965093781298,0.10980580488632596,3.768717079428793,0.5385012310751894
25000,0.12584468722343445,0.9509124755859375,0.011324653401970863,0.014808384283077734,0.22618776616426237,0.007659845082980529,1.7923896995705273,0.32984345952406624,0.9929709896797956,0.1098060139521234,3.768754809507698,0.5385551950322316
25025,0.12583601474761963,0.950927734375,0.011301076970994473,0.01479996352463904,0.22620832090997198,0.0076595593802689065,1.7924890173536168,0.3298405979042135,0.9929768405113518,0.10980640323301916,3.768792399250539,0.5386089823227184
25050,0.1258273422718048,0.950927734375,0.011277802288532257,0.014794895801573664,0.22622883157245707,0.007659276049859558,1.792588127005252,0.32983778134895825,0.9929826463928575,0.1098068200214789,3.7688299229700406,0.5386626644733904
25075,0.12581869959831238,0.950927734375,0.011260862462222576,0.014789153106734981,0.22624928439228997,0.007658990897165037,1.7926869434361576,0.3298349139142124,0.992988411975678,0.10980723326090605,3.7688673163498634,0.538716199822187
25100,0.12581005692481995,0.950927734375,0.011233437806367874,0.014780607866968205,0.22626965484172293,0.0076587307174383334,1.79278538806389,0.3298325759994663,0.9929941424029274,0.10980800044682062,3.768904618430588,0.5387695575914487
25125,0.1258014589548111,0.950927734375,0.011201087385416031,0.014772900002012833,0.2262899610076244,0.0076584872511463965,1.7928835377099495,0.32983059073646764,0.9929998314287207,0.10980897010834312,3.7689418400214443,0.5388227235025829
25150,0.12579287588596344,0.9509124755859375,0.011174430139362812,0.014764449810585127,0.2263101945710235,0.007658264959395796,1.792981367117057,0.3298290556315569,0.9930054833270892,0.1098102201070179,3.7689789972558443,0.5388757264479229
25175,0.12578430771827698,0.9509429931640625,0.011152525432407856,0.014758066096813264,0.2263303618801763,0.007658038159645475,1.793078910726552,0.32982741935729676,0.9930110843387207,0.10981140657440827,3.7690161096155763,0.5389285891537369
25200,0.1257757693529129,0.9509429931640625,0.011144855991005898,0.014753154766726364,0.22635047022701796,0.007657802055582155,1.7931762108905531,0.3298255810895272,0.9930166445655125,0.10981252397933734,3.769053205357293,0.5389813168715907
25225,0.12576723098754883,0.9509429931640625,0.011118680238723755,0.014746775823673093,0.22637052944936473,0.007657561659329332,1.7932733229681894,0.32982365176388645,0.9930221746778605,0.10981353056964531,3.7690903188846994,0.5390339591058433
25250,0.12575870752334595,0.9509429931640625,0.011100108735263348,0.014740774615187297,0.22639051823279077,0.007657315724223248,1.7933700396080137,0.3298215819124605,0.9930276579993627,0.10981443037086894,3.7691271917913514,0.5390864325909565
25275,0.12575021386146545,0.9509124755859375,0.011091558262705803,0.014736826054674482,0.2264104535533217,0.007657065311889567,1.7934664772349798,0.32981940343445004,0.9930330983223016,0.10981532171365532,3.7691639274235134,0.5391387568650168
25300,0.12574170529842377,0.950927734375,0.011078390292823315,0.014728633606383686,0.2264303397757007,0.007656811403789083,1.7935627047548055,0.32981714695081604,0.9930385007114596,0.10981621403553724,3.7692006342311104,0.5391909718952511
25325,0.12573321163654327,0.950927734375,0.011058889329433441,0.014722207353722667,0.22645017394079192,0.007656581998595923,1.793658723649654,0.3298154179166908,0.9930438538033339,0.1098174103904892,3.769237339917191,0.5392430741553235
25350,0.12572476267814636,0.9509735107421875,0.011042346246540546,0.014717071102121906,0.22646992280833692,0.007656360976068708,1.7937543303720793,0.32981385593926754,0.9930491610648314,0.1098187561445977,3.7692738933347947,0.5392950307609091
25375,0.12571629881858826,0.9509735107421875,0.011000829748809338,0.014709130255379748,0.22648962490040003,0.0076561479038265495,1.7938497837759166,0.32981247125888546,0.9930544246826378,0.10982014266623567,3.769310517797114,0.5393468639834103
25400,0.12570787966251373,0.950958251953125,0.010981781408190727,0.014704096825775524,0.22650925780185777,0.00765593976253016,1.7939449355413681,0.32981118789860686,0.9930596455341606,0.10982157661911102,3.769347088117956,0.5393985211537291
25425,0.1256994605064392,0.950958251953125,0.010949126444756985,0.01469925677172285,0.2265288597171246,0.0076557092924268745,1.7940399330360386,0.3298094179644404,0.9930648265646409,0.1098226307745229,3.769383596017602,0.5394500771711118
25450,0.12569108605384827,0.950958251953125,0.01092793419957161,0.014691375349472357,0.22654840652755956,0.007655494068625574,1.794134623100558,0.32980796021221065,0.9930699687537441,0.10982394342306406,3.769419920343194,0.5395014579608609
25475,0.12568271160125732,0.9509735107421875,0.010910628363490105,0.014685265399315599,0.22656787643851825,0.0076552944410643005,1.7942289957082282,0.32980683622175105,0.9930750673032294,0.10982544387214883,3.7694562213078098,0.5395526834815205
25500,0.12567433714866638,0.9509735107421875,0.010903839953243732,0.014678084734201634,0.22658730398187585,0.007655073210177983,1.7943231348434163,0.32980523497853204,0.9930801254090437,0.10982671147922611,3.7694923880480395,0.5396038023693532
25525,0.12566599249839783,0.9509735107421875,0.010877612978219986,0.014673453634877603,0.2266066926209327,0.007654837800720208,1.7944170929568417,0.32980332351294056,0.9930851490821679,0.10982777543576693,3.769528501922961,0.5396547962854458
25550,0.12565764784812927,0.950958251953125,0.010850565508008003,0.014665436685612234,0.2266260085558069,0.007654602242661469,1.7945107009059627,0.32980139755176147,0.9930901364490804,0.1098288367465984,3.769564488707907,0.5397056286539819
25575,0.1256493479013443,0.950958251953125,0.010827782563865185,0.0146607606741467,0.22664528745734877,0.007654372254868887,1.7946041401883663,0.32979958769556206,0.9930950850099534,0.10983003544949099,3.7696004329559893,0.5397563445126331
25600,0.12564104795455933,0.950958251953125,0.010820271447300911,0.014651903795128806,0.22666451290079775,0.007654162100331079,1.7946973351104654,0.3297981992684379,0.9930999952022327,0.10983151309843213,3.7696363122317136,0.5398069463846162
25625,0.12563276290893555,0.95098876953125,0.010800912044942379,0.014645604333085168,0.22668370038486116,0.007653947966188381,1.794790356796516,0.3297967210629801,0.9931048694291009,0.10983297625932811,3.7696721470149224,0.539857472621246
25650,0.12562450766563416,0.9509735107421875,0.010773707181215286,0.014640903324887888,0.22670282993178167,0.007653737882977088,1.7948831411257926,0.3297953288363744,0.9931097034608729,0.1098345030702372,3.7697079687089885,0.5399078631840548
25675,0.12561623752117157,0.9509735107421875,0.010745561681687832,0.014635415616684222,0.22672190322129135,0.007653532978470527,1.794975671130515,0.3297940425496153,0.9931145044633484,0.10983607964256589,3.7697437276679495,0.5399580985109439
25700,0.12560801208019257,0.9509735107421875,0.010724364779889584,0.014628927510517777,0.2267408981317525,0.007653323847069879,1.7950678135564635,0.32979265116311973,0.9931192565905543,0.1098376122365731,3.769779327905784,0.5400081635586566
25725,0.12559980154037476,0.9509735107421875,0.010697854682803154,0.014620985136372153,0.22675982440121498,0.0076531259610700475,1.7951595690820952,0.3297914810798333,0.9931239740203417,0.10983927250227947,3.769814689857032,0.5400580564687676
25750,0.12559159100055695,0.9509429931640625,0.010677294805645943,0.014617861285116697,0.2267787085014845,0.007652932011953321,1.7952511595486602,0.32979039634473256,0.9931286627955315,0.10984093020533306,3.7698500593135322,0.5401078319265923
25775,0.12558342516422272,0.9509735107421875,0.010646944865584373,0.014610209808138952,0.22679754675310385,0.007652744807855531,1.7953425371025395,0.3297894513524497,0.9931333128804294,0.109842656833238,3.7698853663365295,0.540157463316338
25800,0.1255752593278885,0.95098876953125,0.01061237696558237,0.014603225613747987,0.22681629682191734,0.007652555664198044,1.7954335638284296,0.32978846442238097,0.9931379247897922,0.10984431620878118,3.769920673130522,0.5402069293307753
25825,0.12556710839271545,0.951019287109375,0.010600535199046135,0.014599136860278372,0.22683499779647878,0.007652372634593057,1.7955243534318142,0.32978760155514897,0.9931425099679467,0.10984607366483679,3.7699558935429867,0.5402562732978453
25850,0.1255589872598648,0.951019287109375,0.01058830413967371,0.014597115440007838,0.22685365357165427,0.0076521885677295915,1.7956149084539736,0.3297867062924338,0.9931470650810359,0.10984775650354936,3.769991000516912,0.540305483387049
25875,0.12555086612701416,0.9510345458984375,0.010575102642178535,0.014593432957249072,0.22687226575952657,0.007651996901025879,1.7957052755743592,0.32978564461532334,0.9931515885793005,0.10984931212978599,3.770026078637559,0.5403546042029003
25900,0.1255427449941635,0.9510345458984375,0.010549933649599552,0.014586543216760079,0.2268908294457526,0.00765180529908279,1.7957954176786284,0.3297845784342085,0.9931560816717568,0.10985083911819579,3.770061090785053,0.5404036135750767
25925,0.12553465366363525,0.9510345458984375,0.01053403690457344,0.014581591815017654,0.2269093047467368,0.0076516238239812875,1.7958851746491513,0.3297837241637741,0.9931605425522889,0.10985245211781575,3.7700960321270074,0.540452466408435
25950,0.1255265772342682,0.9510345458984375,0.010503564961254597,0.014577962384630473,0.22692773194927424,0.007651447746779853,1.7959747106281578,0.3297829807692539,0.9931649688004214,0.1098541787248716,3.770130912513187,0.5405011882395959
25975,0.12551851570606232,0.9510345458984375,0.01048105489462614,0.014569650730277776,0.2269460926925312,0.00765129237739308,1.7960639325927008,0.32978267445622556,0.9931693512282322,0.1098562122190655,3.77016568915654,0.54054974961484
26000,0.12551046907901764,0.9510498046875,0.01046820729970932,0.014563496340433062,0.22696441610081605,0.007651149946607303,1.7961529302440962,0.3297826331223271,0.9931736994918076,0.10985847635537818,3.7702003084061704,0.5405982003493691
26025,0.12550243735313416,0.9510498046875,0.01043866015970707,0.014558232880835765,0.22698268623798898,0.007651014350348161,1.7962417079071484,0.329782737600946,0.9931780191186768,0.10986081059553407,3.770234911680612,0.5406465393805031
26050,0.12549442052841187,0.9510498046875,0.010424233041703701,0.014552239681433357,0.22700092221084048,0.007650891634511772,1.796330352692636,0.3297831203108237,0.9931823012690829,0.1098633997069898,3.7702695231016454,0.5406947609767833
26075,0.12548641860485077,0.9510345458984375,0.010397798381745815,0.014545191795321937,0.2270190826690046,0.007650789688379542,1.796418668344117,0.3297839453016387,0.9931865543197276,0.10986629668373327,3.770304074111251,0.5407428259827194
26100,0.12547844648361206,0.9510498046875,0.010357001796364784,0.014537589715606298,0.22703715807447858,0.007650692057296742,1.7965066337393543,0.3297848609994395,0.9931907630865271,0.10986922269663849,3.7703385995261427,0.5407906846255797
26125,0.12547048926353455,0.9510650634765625,0.010332738980650902,0.014531162409355782,0.22705518838710836,0.007650603497415819,1.7965943849939485,0.32978596587802256,0.9931949336135893,0.109872165999977,3.7703730531617796,0.5408384195248223
26150,0.12546253204345703,0.951080322265625,0.010320045053958893,0.014527593609531693,0.22707319019904318,0.007650521302615446,1.796682002185462,0.3297872042680455,0.9931990645449547,0.10987521903239088,3.7704074652866306,0.540886040084482
26175,0.1254546046257019,0.9510955810546875,0.010302482172846794,0.014523111349721746,0.2270911221895363,0.007650451576510176,1.7967692975487373,0.3297887032687824,0.9932031660651096,0.10987843746772605,3.770441784894983,0.5409335032484092
26200,0.12544667720794678,0.9510955810546875,0.010292359627783298,0.014521078567008017,0.22710899847812657,0.0076504034225386595,1.796856366841303,0.32979066642491484,0.9932072399798797,0.10988198281800556,3.7704760956728283,0.5409808346309865
26225,0.12543877959251404,0.9510955810546875,0.010273974388837814,0.014515015254874112,0.22712679981213454,0.007650350111711394,1.7969430677703522,0.3297925054942991,0.9932112692347053,0.10988549773038433,3.7705102588128754,0.54102800098618
26250,0.1254308819770813,0.9511260986328125,0.010264471173286438,0.014508914007659024,0.227144529044294,0.007650300087277554,1.7970294303972132,0.3297944059041419,0.9932152733265258,0.10988914097837278,3.7705443136733447,0.5410750221755448
26275,0.12542298436164856,0.9511260986328125,0.010249807499349117,0.014504848857705406,0.22716220199539244,0.007650250288457607,1.797115537558904,0.3297963053969911,0.99321924630136,0.1098928082637536,3.7705783027136124,0.5411219397314386
26300,0.1254151165485382,0.95111083984375,0.010216323658823967,0.014499411359555797,0.22717983385961008,0.007650217346778666,1.7972014131428724,0.3297985558150579,0.9932231975010752,0.10989672789742588,3.770612149923411,0.5411687273121482
26325,0.12540724873542786,0.951141357421875,0.010190182365477085,0.014494007429956612,0.22719742287803438,0.007650191567976251,1.7972870994385024,0.3298009572454228,0.9932271230899059,0.10990068693547353,3.770645958605644,0.5412153895800648
26350,0.1253994107246399,0.951141357421875,0.01017522532492876,0.014489040616091556,0.22721496786132636,0.007650168129348016,1.797372574477108,0.329803402567896,0.9932310134120325,0.10990463575256143,3.770679692513461,0.5412619246693355
26375,0.12539157271385193,0.951171875,0.010160180740058422,0.01448337617953049,0.22723247732087556,0.007650140509510948,1.7974578794502754,0.3298057525913839,0.9932348720166817,0.10990855092283106,3.770713367415029,0.5413083685646789
26400,0.12538376450538635,0.951202392578125,0.010147836990654469,0.014477388062174374,0.22724995718639768,0.007650107497410704,1.7975430652999966,0.32980798624985164,0.9932387081334629,0.10991247013413932,3.770747040956941,0.5413547423755273
26425,0.12537595629692078,0.951202392578125,0.010118314065039158,0.01447052441501819,0.22726740223957376,0.007650058720907966,1.7976280665730184,0.3298098717331024,0.9932425184383644,0.10991619502761235,3.7707806191103126,0.5414010202763296
26450,0.1253681778907776,0.9511871337890625,0.0101047707721591,0.01446318400765422,0.22728478469584942,0.007650043108963515,1.7977128187719735,0.32981247208032555,0.993246298995215,0.10992033606507581,3.770814197055489,0.541447167804077
26475,0.1253603994846344,0.9511871337890625,0.01009426824748516,0.014459155866480417,0.22730210563984155,0.007650041868813811,1.7977973202657893,0.3298153811177654,0.9932500502998326,0.10992474356064023,3.7708477623284917,0.541493202949529
26500,0.1253526210784912,0.9511871337890625,0.010075859725475311,0.014451550431291585,0.22731937891198106,0.007650049355873012,1.7978815852287648,0.32981846973144024,0.9932537724605468,0.10992929641816188,3.7708812298189955,0.5415391299577025
26525,0.1253448724746704,0.951171875,0.010060103610157967,0.014450035991244357,0.2273365879580307,0.00765007020257919,1.7979655844430265,0.32982184443320645,0.9932574635411533,0.10993397267607732,3.7709146755193808,0.5415849174639737
26550,0.1253371238708496,0.951171875,0.010050412267446518,0.014445079565581189,0.22735375067785113,0.007650105474757048,1.7980493639497384,0.3298255236633427,0.9932611251211336,0.10993879218354217,3.77094804749903,0.541630589587811
26575,0.12532939016819,0.9511871337890625,0.01002731267362833,0.01443930265793466,0.22737083640453706,0.007650170622586565,1.7981327934473585,0.3298298388277708,0.9932647668588248,0.10994404934813023,3.7709813267764067,0.5416761282747378
26600,0.1253216564655304,0.9511871337890625,0.010011461563408375,0.014435341746373894,0.22738787083733425,0.007650236655124879,1.7982160392489408,0.32983417683738303,0.9932683739678981,0.10994929521433519,3.771014648980358,0.5417215721588358
26625,0.12531396746635437,0.9511871337890625,0.009985546581447124,0.014428930566508224,0.2274048607394573,0.007650303107489095,1.7982990443485896,0.32983851230656136,0.993271955680827,0.10995440963194106,3.7710478384501602,0.5417669104461905
26650,0.12530627846717834,0.9511871337890625,0.009958183392882347,0.014425863174566681,0.2274218002221882,0.007650367678723037,1.798381826699918,0.3298428031945933,0.9932755129495711,0.10995943830714967,3.771080981639087,0.5418121177272923
26675,0.12529858946800232,0.951202392578125,0.00995105691254139,0.014424139729784811,0.22743868970534484,0.007650438360511141,1.7984644182746685,0.3298472273375506,0.9932790449349533,0.10996455854224868,3.77111414207574,0.5418572004681362
26700,0.12529093027114868,0.95123291015625,0.009928613901138306,0.014416664184054205,0.22745555846405524,0.007650511679191332,1.798546880285912,0.32985169984967533,0.9932825520702168,0.1099697008480299,3.7711472053859403,0.5419021995933182
26725,0.12528327107429504,0.95123291015625,0.009911260567605495,0.014409185163160115,0.22747237808486628,0.007650590119265033,1.798629091602677,0.32985627267746576,0.9932860283148075,0.10997491330204952,3.771180153118561,0.5419470670331287
26750,0.1252756267786026,0.951202392578125,0.009915642440319061,0.014404526309177556,0.22748915001302433,0.00765067010787097,1.7987110554377963,0.32986086833894357,0.9932894750253447,0.10998025710908518,3.7712129800082494,0.5419918311306516
26775,0.12526799738407135,0.951202392578125,0.009891380555927753,0.01440006869235625,0.22750586158760147,0.007650762901448328,1.7987927584764654,0.32986573623253534,0.9932928903129279,0.10998581650860811,3.771245763056272,0.542036477739564
26800,0.1252603679895401,0.9512176513671875,0.009867008775472641,0.014392893377056442,0.2275225220626657,0.007650863303303423,1.7988742154332555,0.32987076031791324,0.9932962713589073,0.10999148958680158,3.771278456378583,0.5420809897087517
26825,0.12525275349617004,0.9512176513671875,0.0098391342908144,0.014384424839184453,0.22753913113809307,0.007650982863320756,1.7989555072744157,0.3298762046478877,0.9932996229961766,0.1099973716760173,3.7713112321730735,0.5421253813757914
26850,0.12524518370628357,0.9512176513671875,0.009812775067985058,0.014378668817190321,0.22755568494771572,0.007651115622671784,1.7990365167782318,0.3298819220686474,0.9933029485790108,0.11000343019636413,3.771343876698883,0.5421696076614149
26875,0.1252376139163971,0.9512176513671875,0.009788268245756626,0.014375530612282438,0.22757219146827568,0.007651239554284205,1.7991172893317977,0.32988744026407196,0.9933062485513311,0.11000935715434706,3.771376418977787,0.5422137026928595
26900,0.12523005902767181,0.951202392578125,0.009781737811863422,0.014370459203289785,0.2275886660005104,0.00765135953823446,1.7991979017473954,0.32989286743007795,0.9933095215723483,0.11001517672708622,3.7714088932234286,0.5422576983246192
26925,0.12522250413894653,0.951202392578125,0.009763907641172409,0.014365860619540097,0.22760508932326673,0.007651489801140792,1.7992782867115042,0.329898511847624,0.9933127760921008,0.11002114272831609,3.7714413175742556,0.5423015874914481
26950,0.12521496415138245,0.9512176513671875,0.009756886400282383,0.014362258463664564,0.2276214752549645,0.0076516211669452145,1.7993584672027636,0.329904169897641,0.9933160069094613,0.11002712943620106,3.7714736256846364,0.5423453983999499
26975,0.12520743906497955,0.9511871337890625,0.009724698960781097,0.014356028265997854,0.22763781182559228,0.007651743450666028,1.7994384469821887,0.3299096313763594,0.993319208981542,0.11003296732034254,3.7715059245837157,0.5423891108656133
27000,0.12519992887973785,0.9511871337890625,0.009719179011881351,0.014351857732279054,0.22765410665395863,0.007651889790962436,1.7995182448212914,0.32991560859836044,0.9933223872919659,0.11003916254019616,3.771538190470755,0.5424326832682026
27025,0.12519243359565735,0.9512176513671875,0.009713820181787014,0.014344516431933902,0.22767034543612005,0.0076520451592797314,1.7995978477861174,0.32992178557098445,0.9933255409257851,0.11004548452628779,3.771570514692906,0.542476160024484
27050,0.12518492341041565,0.951202392578125,0.009704118594527245,0.014337782493440601,0.22768653884627268,0.007652202544911844,1.7996771876962232,0.32992799092185376,0.9933286745659893,0.11005177499047016,3.7716026659108715,0.5425195472550352
27075,0.12517744302749634,0.951202392578125,0.0096804890781641,0.014332555112525264,0.22770269007770352,0.007652359599333227,1.799756327737876,0.3299341832903575,0.9933317811646887,0.11005799339400187,3.7716347500811027,0.5425628103916847
27100,0.12516996264457703,0.951202392578125,0.009658454917371273,0.014327866317508512,0.2277187956893744,0.007652506308451917,1.7998352679085632,0.32994014928661297,0.9933348682712126,0.11006408354106886,3.77166679567349,0.5426059958736853
27125,0.1251625120639801,0.951202392578125,0.009649453684687614,0.014322999594334161,0.2277348676979013,0.007652654188183754,1.799914061892465,0.32994613830085523,0.9933379263027,0.1100701665058221,3.7716988156474813,0.5426490674840868
27150,0.12515506148338318,0.95123291015625,0.009633200243115425,0.014319182733187568,0.2277509150895633,0.007652792648742272,1.7999927253415222,0.3299519184004363,0.9933409617947407,0.11007614763254597,3.7717307683704884,0.5426920720966222
27175,0.12514761090278625,0.95123291015625,0.009607392363250256,0.014313929785514932,0.22776693036317996,0.007652906328602394,1.8000712324832238,0.32995715913585905,0.9933439760454998,0.11008181869333986,3.771762661939508,0.5427349775468653
27200,0.12514019012451172,0.9512481689453125,0.009578090161085129,0.014310130132754006,0.22778288862880022,0.0076530277243819075,1.800149459501841,0.3299625563879086,0.993346960814453,0.1100876600678711,3.771794442984983,0.5427777366510195
27225,0.12513279914855957,0.951263427734375,0.009563647210597992,0.014304988585518574,0.22779878477508936,0.007653170881637718,1.8002274005083518,0.3299684155658168,0.993349920300453,0.11009387275637342,3.7718261414580496,0.5428203268832357
27250,0.12512539327144623,0.951263427734375,0.009550916962325573,0.014301325488751637,0.2278146063786721,0.007653315699643046,1.800305035300031,0.32997430863626376,0.9933528525702177,0.11010005551256244,3.7718578178439954,0.5428627957997079
27275,0.12511800229549408,0.9512786865234375,0.009532013908028603,0.014293600118688493,0.22783036945123877,0.007653476326229313,1.800382415424374,0.32998053844030156,0.9933557600737974,0.11010647124022074,3.7718894475482423,0.5429051539280603
27300,0.12511062622070312,0.951263427734375,0.009508239105343819,0.014289847758026716,0.22784608056581596,0.007653664926065722,1.8004595244585224,0.32998735944255214,0.9933586448727818,0.1101132280946338,3.7719209417244715,0.5429473781100537
27325,0.12510326504707336,0.951263427734375,0.00949712935835123,0.014286238547156908,0.22786174647201057,0.007653860991554398,1.8005364289184924,0.32999433684721946,0.993361510932945,0.11012000367776495,3.771952383831913,0.5429894863036848
27350,0.1250959187746048,0.9512939453125,0.009467736817896366,0.014280764738094897,0.2278773724484025,0.007654068091238936,1.8006132026857513,0.33000155729618874,0.9933643522747162,0.11012684781837442,3.7719838849283382,0.5430315046790534
27375,0.12508858740329742,0.9512939453125,0.009450248442590237,0.014278376193057864,0.22789295538307475,0.007654275822216612,1.80068977187574,0.33000878523875987,0.9933671702491754,0.11013361104717302,3.7720153159648593,0.5430734036456775
27400,0.12508127093315125,0.9512939453125,0.009432487189769745,0.014273845445016286,0.22790849636170304,0.00765448956957764,1.800766122783413,0.3300161334615429,0.9933699642840325,0.11014043319531541,3.772046639228518,0.5431151821079262
27425,0.12507395446300507,0.9513092041015625,0.00942082330584526,0.014266742605728935,0.22792401248469385,0.007654716233399946,1.8008423492993977,0.3300237555309381,0.9933727302147902,0.11014744892006438,3.7720779098647457,0.5431568640865387
27450,0.12506666779518127,0.9512939453125,0.00941569171845913,0.014262437338711022,0.22793945731449622,0.007654968000668243,1.8009182879955696,0.33003191782065666,0.9933754670006989,0.11015479330293532,3.772109169795984,0.5431984204871358
27475,0.1250593513250351,0.9513092041015625,0.009388606064021587,0.014256622130863034,0.2279548364424089,0.007655231129229039,1.8009939413573484,0.3300403204884399,0.9933781806470732,0.1101623572236486,3.772140377921633,0.5432398580163417
27500,0.1250520795583725,0.9513092041015625,0.009361369535326958,0.01425328783463846,0.22797017860758628,0.007655498422247087,1.8010694303537198,0.3300488097509163,0.9933808784234999,0.11016997676885532,3.7721715497931334,0.543281186156992
27525,0.1250448226928711,0.951324462890625,0.009342260658740997,0.014249524702241459,0.2279854906856136,0.0076557863638720995,1.8011447852106872,0.3300577414997564,0.9933835598807803,0.11017789221351049,3.7722026918129075,0.543322393861183
27550,0.1250375509262085,0.951324462890625,0.009344320744276047,0.014248343417760776,0.22800072046306732,0.007656086708210757,1.80121978717273,0.33006693567952833,0.9933862161729087,0.11018597218964793,3.7722337777635837,0.5433634592054324
27575,0.1250303089618683,0.951324462890625,0.009334934875369072,0.014243800237328857,0.22801591127866264,0.00765639332887438,1.8012945846853965,0.33007625605199065,0.9933888494928446,0.11019408063225594,3.7722647599782433,0.5434044346809443
27600,0.12502306699752808,0.9513397216796875,0.009322128258645535,0.014237803011877218,0.22803106652999253,0.007656704183170317,1.8013692221494386,0.3300856642566165,0.9933914590654234,0.11020221631501867,3.772295703320455,0.5434453308189103
27625,0.12501583993434906,0.95135498046875,0.009300033561885357,0.014231668995003059,0.22804614967739487,0.007657040402322032,1.801443581791074,0.33009562063761566,0.9933940403394268,0.11021071300410631,3.7723266633651136,0.5434860910454182
27650,0.12500861287117004,0.9513702392578125,0.009297371841967106,0.014226856266461594,0.22806117943538373,0.0076573732521277625,1.801517697269885,0.330105498434173,0.9933966017043482,0.11021915902059734,3.7723575557702573,0.543526757424533
27675,0.12500140070915222,0.9513397216796875,0.00927638914436102,0.014221661738886216,0.22807614922824315,0.007657726610474411,1.8015915649904162,0.3301158164211166,0.9933991468044134,0.11022788167108552,3.772388427362168,0.5435673264335281
27700,0.1249941885471344,0.9513397216796875,0.009258409962058067,0.01421408885985057,0.2280910801687431,0.0076580817979664375,1.8016652804657942,0.33012617418068074,0.9934016769439684,0.11023657295168146,3.772419303503214,0.543607793946959
27725,0.12498700618743896,0.951324462890625,0.009235002100467682,0.014210647596229501,0.22810597253468787,0.0076584453613682164,1.801738808325189,0.3301367061343526,0.9934041868702215,0.11024536343917903,3.7724501078129626,0.5436481343721957
27750,0.12497983127832413,0.951324462890625,0.009214753285050392,0.014207013247396573,0.22812081835718753,0.007658809695290524,1.8018120953445642,0.330147244363812,0.9934066797089189,0.11025409910710882,3.7724807947303574,0.5436883647127291
27775,0.12497267127037048,0.951324462890625,0.009191558696329594,0.014201873155175748,0.2281356240483124,0.00765916896182702,1.8018851913947365,0.33015766753912335,0.9934091486256812,0.11026277199534468,3.7725114156344195,0.5437284861875787
27800,0.12496551871299744,0.951324462890625,0.00917599257081747,0.014197329394520015,0.22815039390514877,0.007659528910305067,1.8019581675028222,0.3301681094821202,0.9934116010092556,0.11027146140301478,3.7725420836810857,0.543768505855069
27825,0.12495838105678558,0.951324462890625,0.009165638126432896,0.014195094463429904,0.22816514077889508,0.007659888670272073,1.8020310117545713,0.3301785399482335,0.9934140346236959,0.11028018221465007,3.772572667657922,0.5438084524566814
27850,0.12495124340057373,0.9513397216796875,0.009154929779469967,0.01418870205528383,0.22817984810751593,0.007660253879036232,1.80210364160725,0.3301890772917291,0.99341644625408,0.11028898034874238,3.772603131674301,0.5438483107180113
27875,0.12494412064552307,0.9513397216796875,0.009151618927717209,0.014184391824262526,0.22819449440314932,0.0076606432333184826,1.8021760638687279,0.3302001412459809,0.9934188409682875,0.11029811729546878,3.772633667593696,0.5438880748537823
27900,0.1249370127916336,0.9513397216796875,0.009126164019107819,0.014177260715964226,0.22820910542676942,0.007661035218254645,1.802248292262558,0.3302112519834404,0.99342121867112,0.11030726692838654,3.7726640911650158,0.5439277665139148
27925,0.12492989748716354,0.95135498046875,0.00911793764680624,0.014172239269904878,0.2282236707370884,0.007661437058664111,1.8023202922727344,0.3302225664310934,0.9934235775739493,0.1103165007903931,3.7726944164282745,0.5439673382105247
27950,0.12492281198501587,0.95135498046875,0.009096795693039894,0.014166443361594158,0.22823820877316894,0.007661846459305843,1.802392147873966,0.3302340371576597,0.9934259135632262,0.11032590667142808,3.7727246667427075,0.5440068355398637
27975,0.1249157190322876,0.95135498046875,0.009077368304133415,0.014160784975959967,0.22825271651877996,0.007662253348686408,1.8024638629085779,0.3302454499965273,0.9934282317935822,0.1103352364779076,3.7727548750689093,0.5440462340307013
28000,0.12490865588188171,0.9513397216796875,0.009060460142791271,0.01415359613287116,0.22826719150235666,0.00766266529198011,1.8025354792212842,0.3302569774314448,0.99343053058836,0.11034463703229602,3.772785149400494,0.5440855528378291
28025,0.12490160018205643,0.9513397216796875,0.009044134058058262,0.014149333441553412,0.22828161985504053,0.007663076900326957,1.8026068775044914,0.33026849150136756,0.993432805991652,0.110354042594746,3.7728153546090555,0.5441247749426057
28050,0.12489455193281174,0.95135498046875,0.009040945209562778,0.014147108509966793,0.22829601650794898,0.007663488277288851,1.8026780761593026,0.33027998700686306,0.9934350663593428,0.11036343560882972,3.7728454058088197,0.5441638973305677
28075,0.12488751113414764,0.9513702392578125,0.009026794694364071,0.014143750723696702,0.2283103753272157,0.007663892716380946,1.8027491088112717,0.3302913300294601,0.9934373007215274,0.11037269595221226,3.7728754240503544,0.5442029448565686
28100,0.12488048523664474,0.9513702392578125,0.009008334018290043,0.014138912712925826,0.22832469731256813,0.007664309993830213,1.8028199668310376,0.33030294441217517,0.9934395131191213,0.11038213877859125,3.7729053829952255,0.5442418765184599
28125,0.12487345933914185,0.9513702392578125,0.009015518240630627,0.014137704903070272,0.2283389979385977,0.00766470972325721,1.8028907146405535,0.3303141759906125,0.9934417061330415,0.11039132800347022,3.7729352895977235,0.5442807414469834
28150,0.12486643344163895,0.951385498046875,0.008995531126856804,0.014131980157908357,0.22835326709850046,0.0076650991994695605,1.8029613025818527,0.3303251801802156,0.9934438764108016,0.11040044310366928,3.7729651234282264,0.5443195255209586
28175,0.12485942244529724,0.9514007568359375,0.008979500271379948,0.014130391142443648,0.22836748795023443,0.00766548706294983,1.8030316635791728,0.3303361430594691,0.993446031055801,0.11040954874553974,3.7729948832421294,0.5443581936133395
28200,0.12485241889953613,0.951416015625,0.008956801146268845,0.014125110895833709,0.22838168055661642,0.007665864899803399,1.8031019498868235,0.3303468967213994,0.9934481725453799,0.11041843381315965,3.773024721887399,0.5443967965620676
28225,0.12484543025493622,0.951416015625,0.0089388033375144,0.0141192566934794,0.228395851501625,0.007666235011658416,1.8031721395667981,0.33035748198592907,0.9934502973169932,0.11042720592222881,3.7730545390529353,0.5444353099655733
28250,0.1248384565114975,0.9514312744140625,0.008923114277422428,0.014115456720756063,0.22840999074773274,0.007666612647558192,1.803242165440412,0.3303682223661052,0.9934524048359162,0.11043603234360903,3.773084277068638,0.5444737206873713
28275,0.12483148276805878,0.951416015625,0.008902412839233875,0.014109215929558706,0.22842408192178926,0.007667005973313178,1.803312002929283,0.33037930112666747,0.9934544979062603,0.11044502509383591,3.773114019723557,0.5445120173170194
28300,0.12482453882694244,0.951416015625,0.008899513632059097,0.01410609976943025,0.22843815264129605,0.007667398860551519,1.8033817699848438,0.3303903723971284,0.9934565681156091,0.11045401371094268,3.7731437856937404,0.5445502296573945
28325,0.12481758743524551,0.951416015625,0.00888413842767477,0.01410295905455891,0.22845220376963674,0.007667783876329434,1.8034514047265464,0.3304012640747462,0.993458618835771,0.11046291791179022,3.7731734383690276,0.5445883819616902
28350,0.12481064349412918,0.9514312744140625,0.008873946033418179,0.014097158528347224,0.2284661963444889,0.00766817412324532,1.8035207645645102,0.33041226050607625,0.9934606484769863,0.11047188353807763,3.773203001170206,0.5446264021433277
28375,0.12480371445417404,0.951446533203125,0.008847599849104881,0.014091415775557104,0.22848013447812276,0.007668570907322506,1.8035898880744579,0.33042339391300346,0.9934626625498839,0.11048086559829917,3.7732325208192465,0.5446643108723488
28400,0.1247968077659607,0.951446533203125,0.008829505182802677,0.014085030227700326,0.22849401439699124,0.007668991217981782,1.8036587758580525,0.3304350331371631,0.9934646649623,0.11049014548268332,3.7732620297054056,0.544702099889084
28425,0.12478990107774734,0.951446533203125,0.008818111382424831,0.014080485072130592,0.2285078466577648,0.007669424751343587,1.8037274456931687,0.33044695179200967,0.9934666474284115,0.11049959862523423,3.7732914778273754,0.5447397885944061
28450,0.1247830018401146,0.951446533203125,0.008810307830572128,0.014075887603099836,0.22852163227454222,0.007669859666483577,1.8037959006603306,0.3304588946035684,0.9934686080645442,0.11050912459864014,3.773320863235668,0.5447773653014356
28475,0.12477611005306244,0.951446533203125,0.008804719895124435,0.014071200811142994,0.22853538634131224,0.00767029778787517,1.8038641899247465,0.33047089896492954,0.9934705582140586,0.11051879172104277,3.7733501641458926,0.5448148754740233
28500,0.12476922571659088,0.951446533203125,0.008781767450273037,0.014065186049751207,0.2285491072860044,0.007670737453584514,1.80393234696922,0.33048293633995474,0.9934724961825827,0.11052841766363626,3.7733794635632862,0.5448523130133212
28525,0.12476235628128052,0.951446533203125,0.008768634870648384,0.014060376924543379,0.22856279068000163,0.00767118552441071,1.8040003412356722,0.3304951521193094,0.9934744146941467,0.1105381618703083,3.773408734108144,0.5448896354214805
28550,0.12475550174713135,0.951446533203125,0.008756698109209538,0.014058927302791282,0.2285764544428283,0.0076716391220597886,1.804068254094588,0.3305074862405114,0.9934763244053555,0.1105479139990317,3.7734379980473265,0.5449269106793931
28575,0.12474863976240158,0.951446533203125,0.008752723224461079,0.014054873833706138,0.22859010033751562,0.007672077948018195,1.8041360170899432,0.3305194876408932,0.9934782154695712,0.11055741127932045,3.773467097638562,0.5449641062911983
28600,0.12474179267883301,0.951446533203125,0.008740470744669437,0.014053544803358214,0.22860368733765263,0.0076725317783386164,1.8042035416082536,0.33053181114009844,0.9934800844819364,0.11056710015634316,3.7734961861568577,0.5450011956603564
28625,0.12473494559526443,0.951446533203125,0.008735064417123795,0.014048783162156674,0.2286172642211835,0.0076729828087647445,1.8042710231506816,0.33054407377339345,0.9934819275621054,0.11057671373032091,3.773525269888857,0.5450382419426882
28650,0.12472811341285706,0.9514312744140625,0.008714997209608555,0.014042587447049764,0.22863081367955748,0.0076734352661140355,1.8043384108404914,0.3305563697774482,0.993483752869142,0.11058632133705766,3.77355438526567,0.5450751928260161
28675,0.12472128868103027,0.9514312744140625,0.008707195520401001,0.014038380098050689,0.22864433437510154,0.007673883544922577,1.804405601527675,0.3305685604852568,0.9934855625892609,0.1105958437284903,3.7735833275886512,0.5451120389464968
28700,0.12471447139978409,0.9514312744140625,0.00869186595082283,0.014034039073524789,0.22865781010035685,0.007674343069042897,1.8044725669039081,0.33058098463118724,0.993487353538313,0.11060548328878864,3.7736121713958237,0.5451487893047532
28725,0.1247076615691185,0.9514312744140625,0.00868060439825058,0.014029890455995222,0.22867122033991324,0.007674795672037744,1.8045392738292707,0.3305932596942456,0.9934891220627632,0.11061495731560565,3.7736410166469065,0.5451854410488669
28750,0.12470085918903351,0.9514312744140625,0.008660074323415756,0.014025650620506114,0.22868457847691975,0.007675267838604386,1.8046057904281145,0.33060595889162553,0.9934908737237157,0.11062473851875987,3.7736698953415355,0.5452219991965314
28775,0.12469407171010971,0.9514312744140625,0.008635121397674084,0.014020651271778378,0.22869792554654703,0.007675726755214074,1.8046722144936291,0.3306183637545379,0.9934926178996857,0.11063434617901913,3.7736986733847333,0.5452584771747225
28800,0.1246873065829277,0.9514312744140625,0.008618169464170933,0.014014019650473107,0.22871120888689173,0.007676186569818627,1.8047383672150992,0.33063078430015513,0.9934943448935087,0.11064399532554889,3.7737274113438657,0.5452948066301356
28825,0.1246805489063263,0.9514312744140625,0.0086057772859931,0.014013153937060676,0.22872445819640366,0.007676656918527098,1.8048043953144122,0.3306434334577637,0.9934960591832747,0.1106537940531242,3.773756170977192,0.5453310419076133
28850,0.12467378377914429,0.9514312744140625,0.008595609106123447,0.014007399043541835,0.22873769467531876,0.007677120418750343,1.804870346898594,0.3306559303637322,0.9934977639970821,0.1106635071277689,3.7737848779671226,0.5453672055642405
28875,0.12466703355312347,0.9514312744140625,0.008592343889176846,0.014002293070046313,0.2287509066740395,0.0076776006344784885,1.8049361597346467,0.33066877948870055,0.9934994523852656,0.11067349114181135,3.773813498287173,0.5454033146656407
28900,0.12466029077768326,0.951446533203125,0.008584128692746162,0.013998994054973339,0.22876406358655693,0.007678103467297178,1.8050017347004927,0.3306821118525239,0.9935011249798569,0.11068378581244102,3.7738420771387515,0.5454393200791403
28925,0.12465355545282364,0.951446533203125,0.00856527965515852,0.01399554136969185,0.22877720099982754,0.007678599137602416,1.8050672269380001,0.3306952888576099,0.9935027778905056,0.1106940063218921,3.773870645334626,0.5454752608327674
28950,0.12464682757854462,0.951446533203125,0.008559374138712883,0.013991117579597805,0.22879027610056188,0.007679087142399918,1.805132447670438,0.33070829604130925,0.9935044103852797,0.11070414544208156,3.7738991613022708,0.5455110908902031
28975,0.12464010715484619,0.9514617919921875,0.008568603545427322,0.013988435376463946,0.2288033168168638,0.007679571387155322,1.8051975265548645,0.33072122107694657,0.9935060257084346,0.11071425988364993,3.7739276657474266,0.545546860541017
29000,0.12463337928056717,0.95147705078125,0.008546282537281513,0.013982717002705975,0.2288163113305304,0.007680067118370364,1.8052624120198955,0.3307343913495298,0.9935076246645063,0.11072450259815966,3.773956148302616,0.5455825442160087
29025,0.12462667375802994,0.95147705078125,0.008536860346794128,0.013978416379633736,0.22882927439094633,0.007680569847550493,1.8053271801300657,0.3307477134710053,0.9935092137088657,0.1107348594051129,3.77398464632872,0.5456181533714634
29050,0.1246199756860733,0.95147705078125,0.008519298397004604,0.013973554067821341,0.22884220344932496,0.007681074804631284,1.805391766528367,0.33076107477607275,0.993510787005156,0.11074525459307022,3.7740130462923953,0.5456536665477971
29075,0.12461327016353607,0.9514617919921875,0.008505451492965221,0.013967225350873505,0.22885509844927154,0.007681583847747239,1.8054562115366186,0.33077452269379964,0.993512341927705,0.11075571882465071,3.774041432936185,0.5456890928536576
29100,0.12460659444332123,0.9514617919921875,0.008493020199239254,0.013961184192854482,0.22886796637366358,0.007682086970031272,1.8055205541514865,0.3307878438682487,0.9935138832489696,0.1107661485490536,3.77406983018376,0.5457244384038304
29125,0.12459992617368698,0.9514617919921875,0.008484113030135632,0.013959193076169312,0.2288807975636194,0.007682586994419567,1.8055846938461577,0.3308010876461353,0.9935154056821522,0.11077652872949642,3.774098107529886,0.545759699593262
29150,0.12459325790405273,0.9514617919921875,0.008473127149045467,0.013955643138608346,0.22889359136481163,0.007683103480914791,1.8056486471281479,0.33081467862987624,0.9935169252564761,0.11078710937812743,3.7741263048638998,0.545794862080807
29175,0.12458659708499908,0.9514312744140625,0.008453384041786194,0.013952987963473615,0.2289063383669336,0.007683646507132678,1.805712434790068,0.33082884435166743,0.9935184317269108,0.1107980811002552,3.7741545432099053,0.545829915128233
29200,0.12457995116710663,0.9514312744140625,0.008440806530416012,0.01394932328912928,0.22891905535764195,0.007684198984484287,1.8057760830193126,0.3308432095541577,0.9935199243235078,0.11080920971648442,3.774182738885148,0.5458648762861333
29225,0.12457330524921417,0.9514312744140625,0.008434641174972057,0.013944707773689658,0.22893171781241436,0.007684729299359131,1.8058394892414626,0.3308570926041339,0.9935213916149933,0.11082007202854244,3.7742108796549525,0.5458997578717696
29250,0.12456667423248291,0.951446533203125,0.008416871540248394,0.013940023032871833,0.22894436249748648,0.0076852549749561,1.8059028071932768,0.3308708723482103,0.9935228407260015,0.11083083863133322,3.774238983744921,0.5459345731855542
29275,0.12456004321575165,0.951446533203125,0.00841005053371191,0.013934670603466077,0.22895699688463117,0.007685784872452843,1.8059660609001755,0.3308847385400673,0.9935242767132682,0.11084161879939311,3.774267039774861,0.5459693227733485
29300,0.12455342710018158,0.9514617919921875,0.00839690025895834,0.013932433795435106,0.22896960328603627,0.007686312929412672,1.8060291611036217,0.3308985571038351,0.9935256964242636,0.11085234638932404,3.774295006989627,0.5460040044070504
29325,0.1245468258857727,0.9514617919921875,0.008383138105273247,0.013925935865630797,0.22898221895595924,0.007686819221293309,1.806092286630565,0.3309119050189922,0.9935270971231556,0.11086275567125084,3.7743229520584896,0.5460386621593291
29350,0.12454020977020264,0.9514617919921875,0.008376146666705608,0.013921873307804799,0.2289947843651341,0.0076873268529606695,1.8061552073082565,0.3309252804742287,0.9935284749888644,0.1108731932696827,3.774350884580413,0.5460732272158864
29375,0.12453362345695496,0.9514617919921875,0.00836965348571539,0.013917582658166878,0.2290073174212002,0.0076878439720280255,1.8062179873357374,0.33093885765396325,0.9935298423254357,0.1108837725261499,3.7743787911132607,0.54610770763538
29400,0.12452702969312668,0.9514617919921875,0.008363478817045689,0.013915056097049744,0.22901982813392646,0.007688363527258128,1.806280659081341,0.3309524834754792,0.9935311987589213,0.11089440333702602,3.7744066567959482,0.5461421308034656
29425,0.1245204359292984,0.9514617919921875,0.008358110673725605,0.01391124953443365,0.22903229529397828,0.007688891663572974,1.8063431172211666,0.33096628621339685,0.9935325337502541,0.11090523158345497,3.7744344363057536,0.5461764620075903
29450,0.12451384961605072,0.9514617919921875,0.008349556475877762,0.013909078337334863,0.2290447135487772,0.007689443135569688,1.8064053676965135,0.3309805883516517,0.9935338544615455,0.11091633738065695,3.7744621861454095,0.5462107061510882
29475,0.12450727820396423,0.9514617919921875,0.008337104693055153,0.013905164570912358,0.22905707818740384,0.007690019048794515,1.8064673953419268,0.3309954142627123,0.9935351583834442,0.11092785060894648,3.7744899134202656,0.5462448441052978
29500,0.12450070679187775,0.951446533203125,0.008321033790707588,0.013899009466663649,0.22906942059802338,0.007690602004119964,1.806529291361102,0.3310103834929239,0.9935364556199986,0.11093947214560756,3.7745175500636416,0.5462788984413682
29525,0.12449415028095245,0.951446533203125,0.00831351988017559,0.013897024888869987,0.22908171707665628,0.007691193798960978,1.8065909814007848,0.3310255382095206,0.9935377450989092,0.11095121591073347,3.774545136007697,0.546312846990527
29550,0.12448760867118835,0.95147705078125,0.008299349807202816,0.013893819775973275,0.22909397522441904,0.007691794609975733,1.8066525137915872,0.3310408855581952,0.9935390207626136,0.11096307614670692,3.774572709591219,0.5463467249228986
29575,0.12448105961084366,0.95147705078125,0.008287893608212471,0.01389171774604776,0.22910618023354662,0.00769240187671525,1.8067138256812711,0.33105636960378587,0.9935402805288645,0.11097497273406431,3.774600261466662,0.546380498204215
29600,0.12447452545166016,0.95147705078125,0.00826819147914648,0.013887671653253122,0.22911837525568116,0.007693010612711554,1.8067750876915711,0.3310718831211911,0.9935415320337623,0.11098682366137197,3.7746277926124567,0.5464142228740507
29625,0.12446799874305725,0.95147705078125,0.008257774636149406,0.01388360844003444,0.2291305432898847,0.0076936152455337435,1.8068362066394414,0.33108730141277204,0.9935427767088298,0.11099855176299538,3.7746552483921487,0.5464478604172491
29650,0.12446147203445435,0.95147705078125,0.008245468139648438,0.013881969373565006,0.22914269864109374,0.0076942169875680675,1.8068972784864008,0.33110265782107134,0.993544003616827,0.11101020692052166,3.774682711443212,0.5464814308498523
29675,0.12445496022701263,0.9515228271484375,0.008233515545725822,0.013878370557776893,0.22915480581679115,0.0076948054458573206,1.806958132264299,0.33111772305351284,0.9935452286604659,0.11102159165379567,3.7747101169307746,0.5465149346742927
29700,0.12444844841957092,0.9515228271484375,0.008224071003496647,0.01387510528449947,0.2291668621955759,0.007695422610085791,1.8070187627952323,0.33113340148711684,0.9935464381338243,0.11103337121667173,3.7747374756094514,0.5465483312537575
29725,0.1244419515132904,0.9515228271484375,0.008227408863604069,0.01387396561536804,0.22917886347989033,0.007696060829991073,1.807079179242657,0.33114953325344637,0.9935476334301239,0.11104546152120684,3.7747648419923543,0.5465815978628462
29750,0.12443545460700989,0.9515380859375,0.008207964710891247,0.01387003319476148,0.22919083693139986,0.007696707915921579,1.8071394760974127,0.33116585368233814,0.9935488130435166,0.11105772853729212,3.7747921889265172,0.5466148043883541
29775,0.12442895770072937,0.9515380859375,0.008196013979613781,0.013864574384114014,0.22920278821973772,0.007697351280931978,1.8071996695798056,0.3311820908496271,0.9935499774048231,0.11106982815767123,3.7748195035932137,0.5466479420038388
29800,0.12442247569561005,0.9515228271484375,0.008195248432457447,0.013860197719085102,0.22921471924790587,0.007697993372712082,1.807259745787226,0.3311982934946616,0.9935511335504837,0.11108193018877996,3.774846741276055,0.5466810213580972
29825,0.12441600114107132,0.9515228271484375,0.008178317919373512,0.013858555262426483,0.229226618051426,0.007698648355550106,1.8073196832573328,0.33121477102117947,0.9935522783631744,0.11109417850148806,3.7748739556587165,0.5467140274032589
29850,0.124409519135952,0.9515228271484375,0.008177402429282665,0.013855451476342559,0.22923851957705818,0.00769931606647183,1.8073796642439877,0.3312315280460917,0.9935534103781306,0.11110663390179165,3.774901239647698,0.5467469887997382
29875,0.12440305948257446,0.9515228271484375,0.008161098696291447,0.013851097393593857,0.22925037046749594,0.007700012184083853,1.8074394156339977,0.33124889027667287,0.993554532559588,0.11111954171467107,3.7749284621293877,0.5467798502153327
29900,0.12439659982919693,0.951507568359375,0.0081448620185256,0.013849214000084046,0.22926217420339595,0.007700710650549685,1.8074989651148017,0.33126629972804295,0.993555643808091,0.11113249188551096,3.7749556522545578,0.5468125933642398
29925,0.12439015507698059,0.951507568359375,0.00812542624771595,0.013845677758274331,0.22927393519157524,0.007701429982605136,1.8075583725764959,0.331284162442668,0.993556747946549,0.11114576095877837,3.7749828988020346,0.546845229434329
29950,0.12438371032476425,0.951507568359375,0.008111119270324707,0.01384074380944087,0.22928566657354488,0.007702159713681813,1.8076176407530293,0.3313022442673829,0.9935578392594807,0.11115914798437816,3.77501009927505,0.5468777912038594
29975,0.1243772804737091,0.951507568359375,0.008095434866845608,0.01383693979653512,0.22929735902011,0.007702895242627982,1.8076767291065845,0.33132044553053547,0.9935589166934162,0.1111725442932169,3.7750372458025674,0.5469102586982661
30000,0.12437086552381516,0.951507568359375,0.00808026921004057,0.013829926331787432,0.22930899406093183,0.007703651944272413,1.8077355658818908,0.3313390970483745,0.9935599800041803,0.11118624653094525,3.7750643405622206,0.5469426006461445
30025,0.1243644431233406,0.951507568359375,0.008087960071861744,0.013826309992352806,0.22932060633129436,0.007704406586563115,1.8077942787746222,0.33135769755216826,0.9935610342210088,0.11119999934411876,3.775091365105836,0.5469748788487966
30050,0.12435803562402725,0.951507568359375,0.0080849165096879,0.013822273621061639,0.22933218078273543,0.007705166124584154,1.80785280915117,0.3313763967298431,0.9935620752059793,0.11121381950948575,3.775118320850029,0.5470070870027945
30075,0.1243516355752945,0.951507568359375,0.008062436245381832,0.013817717372212933,0.22934371062504066,0.007705929479167571,1.807911149236835,0.33139517484204223,0.9935631017044395,0.11122769840443919,3.7751452474340836,0.5470392022617563
30100,0.12434523552656174,0.9514923095703125,0.00805223360657692,0.013812769716168332,0.2293551964429726,0.0077066947288188786,1.8079692341043438,0.3314139782369764,0.9935641072615807,0.11124161673512846,3.7751720044547667,0.5470711786877539
30125,0.12433885037899017,0.9514923095703125,0.008053154684603214,0.013808306878111918,0.2293666507317755,0.007707469409849905,1.8080272052065975,0.3314329858454713,0.9935651023661791,0.11125567833948236,3.7751987844307475,0.547103094447329
30150,0.12433245778083801,0.95147705078125,0.008042442612349987,0.01380482007130604,0.2293780909542184,0.00770825233287374,1.8080851011762806,0.3314521665338186,0.9935660917324809,0.11126984459440457,3.7752255243043775,0.547134979215003
30175,0.12432607263326645,0.951507568359375,0.008050241507589817,0.013802752563595456,0.2293895092938937,0.007709035933683663,1.808142915334675,0.3314713620791577,0.9935670666561043,0.11128400487191048,3.775252274448253,0.5471668226311819
30200,0.12431970238685608,0.951507568359375,0.008041944354772568,0.013798919276390055,0.22940090726036722,0.007709824080887042,1.8082006531268713,0.33149065555354534,0.9935680284367227,0.11129826199331419,3.7752790337989226,0.547198601111228
30225,0.12431333214044571,0.951507568359375,0.00802551954984665,0.01379338527601999,0.22941227659894825,0.00771061999557649,1.8082582496603419,0.33151011025459054,0.9935689825364826,0.1113126804364982,3.7753057347845083,0.5472302964428889
30250,0.12430697679519653,0.951507568359375,0.008012966252863407,0.013789022484188826,0.22942361103544592,0.007711430709849184,1.8083157116385882,0.33152988308286613,0.9935699206364506,0.11132737348311324,3.775332443015212,0.5472619040607791
30275,0.12430061399936676,0.951507568359375,0.007994767278432846,0.013782597796351296,0.22943492248975117,0.007712250060624099,1.8083730750793798,0.3315498395093063,0.9935708416116784,0.11134222483503495,3.7753591355987592,0.5472934278790286
30300,0.12429427355527878,0.951507568359375,0.007980355992913246,0.01378026498136756,0.22944619768294933,0.007713072918177236,1.8084302420712455,0.3315698608918668,0.9935717591004819,0.11135707429411701,3.775385717368335,0.5473248519853875
30325,0.1242879331111908,0.951507568359375,0.007971273735165596,0.013775512721086626,0.22945746636338327,0.007713870604870673,1.8084873645595922,0.3315893372131972,0.9935726687917581,0.11137155165579304,3.775412260784334,0.5473562506492534
30350,0.12428160011768341,0.951507568359375,0.007970225065946579,0.01377430313237914,0.2294687111572919,0.007714661595273692,1.8085443755288289,0.3316086658688398,0.9935735701299832,0.11138594092076139,3.7754387688726707,0.5473876037530203
30375,0.12427527457475662,0.951507568359375,0.0079471031203866,0.013771435706576098,0.229479956335028,0.007715462071184597,1.808601430755511,0.3316282056689234,0.9935744605245161,0.11140041905883645,3.775465367158776,0.5474189322724826
30400,0.12426896393299103,0.9515228271484375,0.007942305877804756,0.01376856845140629,0.2294911621554183,0.007716271511284653,1.808658311343758,0.33164793396120695,0.9935753441591944,0.11141501413812328,3.7754919256033936,0.5474501800107204
30425,0.12426264584064484,0.9515533447265625,0.007934474386274815,0.013765654769024813,0.229502323638576,0.007717079525579411,1.8087149228190618,0.3316676137196445,0.9935762148286558,0.1114295300485324,3.775518287947798,0.5474813201958267
30450,0.12425634264945984,0.951568603515625,0.007921857759356499,0.013762807343794224,0.2295134474724495,0.007717886632690054,1.8087714233577794,0.3316872802629438,0.9935770700026106,0.11144398869667005,3.775544729348052,0.5475123823024204
30475,0.12425003945827484,0.9515533447265625,0.007920458912849426,0.013756775014665927,0.22952454119557963,0.007718701703897526,1.8088277826662242,0.3317071132097543,0.9935779129105864,0.11145853290074073,3.775571124547458,0.5475433653340555
30500,0.12424373626708984,0.9515228271484375,0.007920431904494762,0.013756184287221244,0.22953562703169036,0.007719520072871766,1.808884102532493,0.33172701488101936,0.9935787411486325,0.1114731456010708,3.7755975032165554,0.5475743018042162
30525,0.12423744052648544,0.9515228271484375,0.007912234403192997,0.013752598014636153,0.22954670615831238,0.0077203429939206505,1.808940398457892,0.3317470142077074,0.9935795600448099,0.11148793893243504,3.7756238880233317,0.5476051959637656
30550,0.12423115223646164,0.9515380859375,0.007895531132817268,0.01374776248286371,0.22955774610782037,0.007721172485497153,1.8089965059371116,0.33176714783291,0.9935803671742631,0.11150279137512714,3.7756502026224195,0.5476359996013915
30575,0.12422487139701843,0.9515380859375,0.00788602139800787,0.013744034923245715,0.22956876616786248,0.007722007383696716,1.809052495741539,0.3317873897724044,0.9935811651634345,0.11151765948549011,3.775676436099091,0.5476667454061995
30600,0.12421859800815582,0.9515228271484375,0.007882059551775455,0.013740983054096339,0.2295797562727993,0.007722834803218247,1.8091083571511546,0.3318074685112963,0.9935819568890891,0.11153241483180043,3.775702648847968,0.5476974455570108
30625,0.12421232461929321,0.9514923095703125,0.007874447852373123,0.01373819488495926,0.2295907254400279,0.007723661055862125,1.8091641182705434,0.33182751829457324,0.9935827431889168,0.1115471786624801,3.7757288253644963,0.5477281013644595
30650,0.1242060512304306,0.9514923095703125,0.007862580940127373,0.013736066863006704,0.22960163832488525,0.007724492896277961,1.8092196995425318,0.33184769516598656,0.9935835185640848,0.1115619517099131,3.77575509022848,0.5477586531299153
30675,0.12419979274272919,0.9514923095703125,0.007860747165977955,0.013732533104106607,0.22961254076475102,0.007725314022054852,1.8092752172322024,0.331867637145081,0.9935842786658351,0.11157658907844706,3.7757813091658594,0.5477891634766081
30700,0.12419353425502777,0.9514923095703125,0.007847074419260025,0.0137302135151658,0.22962341256445512,0.007726131885776039,1.8093305909419042,0.3318875041787596,0.9935850346341839,0.11159113436728188,3.7758074804367787,0.5478196115204987
30725,0.12418729066848755,0.9515228271484375,0.007834911346435547,0.013725683521777101,0.22963424233114152,0.0077269520838404195,1.8093857671710936,0.33190741489014675,0.9935857774223258,0.11160568203506833,3.775833586052031,0.5478499800005198
30750,0.12418104708194733,0.9515228271484375,0.007830209098756313,0.013722211646806676,0.22964503050273102,0.00772776907341172,1.809440787404384,0.33192725752451674,0.99358651199938,0.11162013704722415,3.775859708966921,0.5478802739220249
30775,0.1241748183965683,0.9515228271484375,0.007815476506948471,0.013719896475135109,0.22965580434934674,0.0077285643311213615,1.8094957319591252,0.33194662932101077,0.9935872359326853,0.11163425639076324,3.7758857925809637,0.5479105092240217
30800,0.12416858226060867,0.9515228271484375,0.007809323724359274,0.013717482951998006,0.22966655485079596,0.007729360280550584,1.8095505594210999,0.3319660107950152,0.9935879486744559,0.11164833031503005,3.7759118246234835,0.5479406864626901
30825,0.12416235357522964,0.9515228271484375,0.007793215103447437,0.013716358673223744,0.2296772767213525,0.007730155369920551,1.8096052573282426,0.33198537015532464,0.9935886476291997,0.11166230202595183,3.7759378225342104,0.5479707761077954
30850,0.12415613979101181,0.9515228271484375,0.007780209183692932,0.013712467001595681,0.22968798192948756,0.0077309548521962345,1.8096598883381445,0.3320048230425462,0.9935893316150597,0.1116762537210394,3.7759638186645756,0.5480008114737209
30875,0.12414992600679398,0.9515228271484375,0.007784245070070028,0.013712628892458471,0.2296986949074601,0.007731756602789836,1.8097145637838004,0.3320243265933599,0.9935900083466652,0.11169023591947236,3.7759898444858866,0.5480308340123383
30900,0.12414371967315674,0.9515228271484375,0.007769563235342503,0.013710432355983456,0.2297093788967393,0.007732568198890901,1.8097691284576376,0.3320440415785501,0.9935906743674701,0.11170437332593408,3.776015878286895,0.5480608104854819
30925,0.1241375058889389,0.9515380859375,0.007758961524814367,0.013707681418623984,0.2297200387091843,0.0077333735090457534,1.8098235552413646,0.33206361318055455,0.9935913287267591,0.11171842714722044,3.776041823927593,0.5480907067448961
30950,0.12413130700588226,0.9515380859375,0.007746431510895491,0.013702415587109882,0.22973067600382244,0.007734182918498671,1.8098778724846547,0.3320832683750051,0.9935919699870421,0.11173250233381721,3.776067726917418,0.5481205279260234
30975,0.12412512302398682,0.9515533447265625,0.007730475626885891,0.013699890737647656,0.22974129626167278,0.007734989279893846,1.8099321033315627,0.3321028539976946,0.9935926063767804,0.11174654356402688,3.7760935904922444,0.5481502826276051
31000,0.12411894649267197,0.9515533447265625,0.007716453168541193,0.013699698697613906,0.22975189021734768,0.007735780712558909,1.8099862013021228,0.3321221131870218,0.9935932397311842,0.1117603560464509,3.776119393819417,0.548179976776491
31025,0.12411275506019592,0.9515533447265625,0.007705505937337875,0.013696948463650969,0.22976247124880184,0.007736555427786063,1.8100402789691044,0.3321410185760273,0.9935938619176474,0.11177388062912194,3.7761452618109255,0.5482096109717417
31050,0.12410659343004227,0.951568603515625,0.007700043264776468,0.013693846239492368,0.22977303635549015,0.0077373318678120315,1.8100942884017848,0.33215995944310145,0.9935944744301375,0.11178742041606965,3.776171119121247,0.5482391926318265
31075,0.12410043179988861,0.951568603515625,0.007681765127927065,0.013688007370011746,0.2297835693233486,0.007738118819019959,1.81014810550225,0.3321791133188045,0.9935950767886818,0.11180108341096504,3.7761968400894377,0.5482686889425579
31100,0.12409427016973495,0.951568603515625,0.007669339422136545,0.01368622879944314,0.22979407856047562,0.007738911931020804,1.810201851079597,0.3321984028922296,0.993595671042193,0.11181477252279938,3.7762226076437977,0.5482981307404738
31125,0.12408812344074249,0.9515533447265625,0.007646521087735891,0.013679948277036525,0.2298045338824438,0.0077397197986083625,1.810255360871633,0.33221800427868436,0.9935962560815372,0.11182864647935954,3.7762483271175036,0.5483274583028088
31150,0.12408199161291122,0.951568603515625,0.007634347770363092,0.013674137950085825,0.2298149560108568,0.00774053610002101,1.8103087645229843,0.33223779057698677,0.9935968309918517,0.1118426299344544,3.776274098682451,0.5483566994711148
31175,0.12407585978507996,0.951568603515625,0.007628846447914839,0.013671213603654525,0.22982534984849398,0.007741349724094787,1.8103620082012357,0.33225750989309416,0.9935973982302612,0.1118565748986895,3.7762997697518434,0.5483858575485262
31200,0.12406973540782928,0.951568603515625,0.007616841699928045,0.013668068885304124,0.229835697195947,0.007742156973965369,1.8104150857608479,0.332277094930093,0.9935979496496162,0.11187036625238492,3.776325477015544,0.5484149584736461
31225,0.12406361103057861,0.951568603515625,0.007600207347422838,0.013663146925053042,0.22984601922998715,0.007742964686869617,1.8104680298990343,0.33229668311198796,0.9935984931074728,0.11188411658462905,3.7763511146879503,0.5484439934344143
31250,0.12405750900506973,0.9515838623046875,0.007587801665067673,0.013660574131974348,0.22985628428257812,0.00774379464935859,1.8105207158428944,0.3323167419002444,0.9935990232935527,0.1118981564093064,3.77637668265483,0.548472900145979
31275,0.12405140697956085,0.95159912109375,0.007585823070257902,0.01365778051554427,0.22986653203118218,0.007744633860864747,1.8105733097667644,0.33233699410537243,0.993599543150798,0.11191231344204566,3.776402201572889,0.5485017512120056
31300,0.12404530495405197,0.95159912109375,0.0075753917917609215,0.013655848142945527,0.2298767649027202,0.00774547924007189,1.8106258197108116,0.3323573733102857,0.9936000537800949,0.11192650648597606,3.776427668273305,0.5485305677709535
31325,0.12403921037912369,0.9516143798828125,0.0075702788308262825,0.013650289775939864,0.22988699015609637,0.007746323456299319,1.8106783177600707,0.3323777302082562,0.9936005573684884,0.11194069412607754,3.7764531734758373,0.5485593568870919
31350,0.124033123254776,0.951629638671875,0.007558809593319893,0.013646986332910525,0.22989719465255376,0.007747176974877767,1.810730725397552,0.332398284399377,0.9936010547313577,0.11195502798190501,3.7764786613330443,0.5485880954738597
31375,0.12402704358100891,0.9516143798828125,0.00753449834883213,0.01364286538696336,0.22990736713819077,0.0077480422068940315,1.8107829764602401,0.33241908356605165,0.9936015449346363,0.11196948293114307,3.776504086280293,0.5486167358841307
31400,0.12402097135782242,0.951629638671875,0.007523953914642334,0.013640140241439497,0.22991748470027826,0.007748924232516355,1.8108350104483673,0.3324402421012353,0.993602025449286,0.11198416132701003,3.776529510313661,0.5486452432403438
31425,0.12401491403579712,0.951629638671875,0.007514412980526686,0.01363703219199717,0.2299275893667936,0.007749800895143169,1.8108869814970763,0.33246128261042,0.9936024981144883,0.11199877274579853,3.7765549097027975,0.5486737027684693
31450,0.12400884926319122,0.9516448974609375,0.007519429083913565,0.01363368736027341,0.22993767042746904,0.007750662092814878,1.8109388337403562,0.3324819859238361,0.9936029598735581,0.1120131502513191,3.7765802558946002,0.5487021311721694
31475,0.12400279194116592,0.95166015625,0.007508579175919294,0.013632490389219178,0.2299477398728392,0.007751528737090948,1.8109906256227122,0.33250280265273113,0.9936034222916923,0.11202764647904614,3.7766055722978944,0.5487305375886281
31500,0.12399673461914062,0.9516754150390625,0.007511652074754238,0.013628050557565975,0.22995777416445462,0.00775240645757279,1.8110422809705764,0.3325238565469736,0.9936038738565922,0.11204228831301147,3.7766308933504877,0.5487588806398151
31525,0.12399068474769592,0.9516754150390625,0.007505324203521013,0.013625231835043553,0.22996778478912588,0.0077532932480846055,1.8110938218216186,0.33254510028798323,0.9936043130711395,0.11205706535194501,3.776656170672511,0.5487871741239869
31550,0.12398463487625122,0.9516754150390625,0.007503393571823835,0.01362101833028775,0.22997778541913552,0.007754175047792413,1.8111453294540847,0.33256623735906254,0.9936047517519679,0.11207173294501246,3.7766814614802904,0.5488154336942123
31575,0.12397858500480652,0.9516754150390625,0.007501077838242054,0.013617935220147901,0.22998778117844823,0.0077550516152286,1.811196810824176,0.33258726017087076,0.9936051903802109,0.11208629933774367,3.7767067382030555,0.5488436594761514
31600,0.12397255748510361,0.9516754150390625,0.00748438248410821,0.013613663553138334,0.2299977531889277,0.007755925817046047,1.8112481936401024,0.3326082305822882,0.993605622528839,0.11210082218568697,3.776732005096727,0.5488718328231829
31625,0.1239665225148201,0.9516754150390625,0.007475837599486113,0.013610247812286461,0.23000770769466275,0.0077567998602510995,1.8112994866544434,0.3326291930132289,0.9936060443302259,0.1121152739766764,3.776757229138795,0.548899924928044
31650,0.12396049499511719,0.9516754150390625,0.007472550962120295,0.013607394831683576,0.23001765520320577,0.007757666376535799,1.8113507603082353,0.33264999482465013,0.9936064701077225,0.11212964735972404,3.7767824709350384,0.5489280064184714
31675,0.12395446747541428,0.9516754150390625,0.007458604406565428,0.013603748991478232,0.23002757587135503,0.007758534605551039,1.811401918664084,0.33267083085916793,0.9936068892985034,0.11214403127336317,3.7768076933524584,0.5489560339071957
31700,0.12394845485687256,0.9516754150390625,0.00746373413130641,0.0136005996682884,0.23003749276608373,0.00775939338718638,1.8114530313180002,0.3326914579620152,0.9936073041149516,0.11215828699588425,3.7768328521276135,0.5489840238329656
31725,0.12394244223833084,0.9516754150390625,0.007446705363690853,0.013599122088722396,0.23004739086175202,0.007760240544513964,1.8115040597375107,0.3327118332840213,0.9936077091659438,0.11217239042118907,3.7768579902691837,0.5490119594375943
31750,0.12393643707036972,0.95166015625,0.007441860623657703,0.01359846997641909,0.23005728155484287,0.007761073443097856,1.8115550579470747,0.3327319020701576,0.9936081060166135,0.11218623732296959,3.7768831268574616,0.549039831727782
31775,0.1239304319024086,0.95166015625,0.007431997451931238,0.013594175172652488,0.23006715157132604,0.0077619023024019665,1.811605980324444,0.3327518846365984,0.993608500735769,0.11220002546994279,3.7769082757315555,0.5490676640467316
31800,0.12392442673444748,0.9516448974609375,0.007427208591252565,0.013593034814401715,0.23007700780934293,0.007762733381161347,1.8116568172641982,0.332771908391502,0.9936088889168262,0.11221380038085518,3.776933360237949,0.5490954556594688
31825,0.12391842901706696,0.9516448974609375,0.007416861597448587,0.013588890260429311,0.2300868535892197,0.007763567982370902,1.8117076019673772,0.332792004951783,0.9936092736306879,0.1122275788311698,3.7769584223393986,0.549123190888094
31850,0.12391244620084763,0.95166015625,0.007404245436191559,0.01358717537081224,0.23009668866692143,0.007764408765649696,1.8117583051907995,0.33281222611173467,0.9936096471834491,0.11224150498229019,3.7769834030729186,0.5491508543316023
31875,0.1239064633846283,0.95166015625,0.0073886439204216,0.013582835939221705,0.2301065051486216,0.007765243244000205,1.8118089767205898,0.33283231909877564,0.993610010754207,0.1122553733614895,3.7770084710123,0.5491784445900739
31900,0.12390048801898956,0.95166015625,0.00738096097484231,0.01357937561785027,0.23011629784669888,0.007766068210868255,1.8118595468372,0.332852206159954,0.993610358435868,0.11226911138813897,3.777033523380328,0.549205950902558
31925,0.12389452010393143,0.95166015625,0.007369657047092915,0.013576302502898324,0.23012607972089208,0.007766883728094506,1.8119100188913402,0.33287187989070366,0.9936106990094822,0.11228274159548515,3.7770584608000664,0.5492333966595115
31950,0.12388855218887329,0.95166015625,0.007363508455455303,0.013573281411649776,0.2301358402530255,0.007767720211220641,1.8119603912583269,0.3328919993686062,0.9936110358840325,0.11229670279627685,3.7770833662024623,0.5492607662145156
31975,0.12388259917497635,0.9516754150390625,0.0073635331355035305,0.013569161287836118,0.23014556538933578,0.007768562655324233,1.812010604214812,0.33291224221241217,0.9936113624410148,0.11231071985760703,3.777108230413334,0.5492880880447978
32000,0.12387663871049881,0.95166015625,0.007354744244366884,0.013567422018293097,0.2301552752740894,0.007769400510851116,1.8120607660563868,0.33293238769658345,0.9936116806408288,0.11232466822694678,3.777133113862095,0.5493153720968391
32025,0.12387068569660187,0.9516754150390625,0.007358751725405455,0.013564164429019107,0.23016497053153173,0.007770231016155693,1.8121108393112177,0.3329523693305226,0.9936119916477436,0.1123385092702775,3.7771579333137035,0.5493426120801612
32050,0.12386473268270493,0.9516754150390625,0.0073493183590471745,0.013560111561998767,0.2301746590643769,0.007771068930068357,1.8121608908505502,0.3329725098977636,0.9936122979893645,0.11235244055768147,3.7771827633081303,0.5493698167176033
32075,0.12385878711938858,0.95166015625,0.00734300771728158,0.013556085887197195,0.23018432590694007,0.007771907138599921,1.812210835711933,0.3329926521870939,0.9936125940107442,0.1123663392708926,3.777207549543864,0.5493969773742051
32100,0.12385284900665283,0.9516754150390625,0.00733968848362565,0.01355263898335231,0.2301939849491394,0.007772749307581184,1.8122607486011224,0.3330128784060498,0.9936128763039549,0.1123803217843329,3.7772323337632954,0.5494241125483006
32125,0.12384691834449768,0.951690673828125,0.0073318639770150185,0.013548052898221315,0.2302036257299016,0.007773593595274207,1.8123105552738803,0.33303314301460984,0.9936131466089096,0.11239438227131482,3.7772570470466276,0.5494512120083265
32150,0.12384098023176193,0.9517059326171875,0.007314862217754126,0.013546134530484494,0.2302132370536599,0.007774435387366035,1.8123602688119766,0.333053357670082,0.9936134131675196,0.11240840580363064,3.777281808503555,0.5494782485948938
32175,0.12383506447076797,0.9517059326171875,0.007314588874578476,0.013544480667271716,0.23022282654292017,0.007775281460480015,1.8124098791416692,0.33307366016139167,0.9936136658110144,0.11242250711938238,3.77730653459367,0.5495052247890995
32200,0.12382914870977402,0.95172119140625,0.007303677033632994,0.013541306643160913,0.23023239444679375,0.007776125130008175,1.8124593914557021,0.33309390807953315,0.9936139102362738,0.11243654148126186,3.7773312340900573,0.5495321608709616
32225,0.12382322549819946,0.95172119140625,0.007289533037692308,0.01353776477401809,0.23024194021267233,0.007776961281276877,1.8125088097379267,0.333113993023529,0.9936141523194442,0.11245042390396413,3.7773559198223325,0.5495590367114936
32250,0.1238173171877861,0.95172119140625,0.007286527194082737,0.013535429311978788,0.23025145941418385,0.007777798969290808,1.812558078456341,0.33313410193064036,0.9936143877544547,0.11246432058860734,3.777380512362897,0.5495858446368586
32275,0.12381140887737274,0.95172119140625,0.007281508296728134,0.013534430146500732,0.23026094380923048,0.00777866304238479,1.8126072368914372,0.33315478009589766,0.9936146178044549,0.11247859520729261,3.777405161172614,0.5496125877561803
32300,0.12380551546812057,0.9517059326171875,0.0072678858414292336,0.013528983360969117,0.23027040427954987,0.007779530137317179,1.8126562762661498,0.3331755176594254,0.9936148441107923,0.11249294859758066,3.7774297586914263,0.5496392684717378
32325,0.12379961460828781,0.9517059326171875,0.007264107000082731,0.013525485672909269,0.2302798400056388,0.007780388140921527,1.812705212677934,0.33319605878858133,0.9936150626958271,0.11250712285658397,3.777454345180746,0.549665907981278
32350,0.12379372119903564,0.9517059326171875,0.0072607859037816525,0.01352318837681045,0.23028926781756673,0.007781239803565784,1.8127541179266178,0.33321646342261585,0.9936152756814107,0.1125211330531828,3.77747893221818,0.5496925250393433
32375,0.12378783524036407,0.95172119140625,0.007248875219374895,0.013520405024395511,0.2302986895693982,0.007782094136932834,1.8128029936657282,0.33323692348825495,0.9936154872489664,0.11253517346730496,3.777503508040751,0.5497191040683925
32400,0.1237819641828537,0.951751708984375,0.00722945760935545,0.013516011251931723,0.2303081006286111,0.007782935214002068,1.812851827967035,0.3332570991469654,0.9936157015287301,0.11254899489213341,3.7775280857830236,0.5497456346955265
32425,0.12377607822418213,0.951751708984375,0.007220837753266096,0.013513625171432467,0.2303174707104933,0.007783771373852473,1.8129004430136966,0.3332771581882445,0.9936159090453587,0.11256268639456378,3.777552543280422,0.5497720723594834
32450,0.12377021461725235,0.951751708984375,0.0072126309387385845,0.013508815015710409,0.23032679118963734,0.0077846101592971405,1.812948854707431,0.33329727126142406,0.9936161130157074,0.11257638310349524,3.7775769843924945,0.5497984301014627
32475,0.12376436591148376,0.951751708984375,0.007204145193099976,0.013504929389575811,0.23033609002414646,0.007785465842829354,1.8129971964178122,0.3333177481708699,0.9936163125755934,0.1125902620098667,3.777601457733313,0.549824724515561
32500,0.12375850975513458,0.951751708984375,0.0071972431614995,0.013501880485940804,0.23034538159456486,0.007786318832253944,1.8130454673300107,0.3333381589306984,0.9936165099737881,0.11260407986545042,3.777625843676532,0.5498509617245939
32525,0.1237526535987854,0.951751708984375,0.007189547643065453,0.013498910840440843,0.23035464855868923,0.007787175079194855,1.8130936501005859,0.3333586402986006,0.9936167067927761,0.11261795112413425,3.777650248289015,0.5498771444986056
32550,0.12374680489301682,0.9517669677734375,0.007188958581537008,0.013497571328107283,0.23036389379718067,0.007788042529072331,1.8131417240620578,0.33337935643761407,0.9936168980038109,0.11263193685022294,3.7776746048810943,0.5499032575161504
32575,0.12374097108840942,0.9517669677734375,0.007176948245614767,0.013493406777351943,0.2303730915658305,0.007788931169917133,1.8131896409078798,0.33340053082365384,0.993617086138805,0.11264625054287537,3.777699023882855,0.5499292857850046
32600,0.12373512238264084,0.9517822265625,0.007178239058703184,0.01349030111481595,0.2303822620675915,0.007789826172399456,1.81323745502191,0.3334218414041189,0.9936172741134123,0.1126606201572006,3.7777234529385075,0.5499552735708332
32625,0.12372928857803345,0.9517669677734375,0.00717648770660162,0.013485765115198781,0.23039138678413731,0.007790730840108937,1.8132850895295982,0.33344335811880593,0.9936174574052153,0.11267516283895183,3.777747883703386,0.5499811984841267
32650,0.12372345477342606,0.9517669677734375,0.007176315411925316,0.013483406149497529,0.23040048615691708,0.0077916326371608256,1.8133326331724517,0.33346481420694796,0.9936176381543309,0.11268964797980136,3.777772333455667,0.5500070960734587
32675,0.12371762096881866,0.9517669677734375,0.007173027377575636,0.013481733157129396,0.2304095587233768,0.0077925387068054595,1.8133800741489574,0.33348636141560783,0.9936178143169897,0.11270420508433807,3.777796789589939,0.5500329404577307
32700,0.12371179461479187,0.9517669677734375,0.007166268303990364,0.013477824218923181,0.2304186198469998,0.007793437688921696,1.8134274200387364,0.333507746936442,0.9936179827451034,0.11271864514717507,3.777821141941538,0.5500587099364127
32725,0.12370597571134567,0.9517669677734375,0.0071592736057937145,0.01347089951683882,0.2304276290372687,0.00779434080025857,1.8134745510353303,0.3335292180499638,0.9936181417388293,0.11273308210091691,3.777845472850616,0.550084404087587
32750,0.12370016425848007,0.9517669677734375,0.00714439433068037,0.01346712082389013,0.2304366086160941,0.0077952540406923156,1.8135215421074862,0.3335509007386827,0.9936182969350515,0.11274766071893014,3.777869755496954,0.5501100218091903
32775,0.12369434535503387,0.9517669677734375,0.0071405889466404915,0.013462349337753443,0.23044557070238705,0.0077961697279226175,1.8135684684397166,0.3335726356749814,0.9936184467410141,0.11276229967799983,3.777894047154812,0.5501355920069594
32800,0.12368854880332947,0.9517822265625,0.0071347602643072605,0.013458457952703309,0.23045450224470973,0.007797083060947585,1.8136152514225314,0.3335943151331607,0.9936185961365274,0.11277691427281505,3.7779182910459155,0.550161112224997
32825,0.12368275225162506,0.9517822265625,0.007131694816052914,0.013452912532181656,0.23046341712466167,0.007797992880413832,1.8136619705261783,0.3336159188908525,0.9936187441495379,0.11279145976523264,3.7779425389242896,0.5501866141129649
32850,0.12367695569992065,0.9517974853515625,0.007125131785869598,0.013450248077370023,0.23047230381801773,0.0077989093888876666,1.8137085302444411,0.33363765596538497,0.9936188837772513,0.1128060980984403,3.777966686298449,0.5502120371246884
32875,0.12367116659879684,0.9518280029296875,0.007127612363547087,0.013446891011466471,0.23048115406330064,0.007799829535225144,1.8137549501998442,0.3336594706617218,0.9936190218351876,0.11282079889562832,3.7779908417483403,0.5502374268444271
32900,0.12366537749767303,0.9518280029296875,0.0071179503574967384,0.013443923340751968,0.23048999499040362,0.007800748660916053,1.8138013296173212,0.3336812619478754,0.9936191534864809,0.11283547239147887,3.778014989594023,0.5502627788811951
32925,0.12365959584712982,0.9518280029296875,0.007111008279025555,0.013440412173087559,0.23049881118043147,0.007801661562541225,1.8138475765880537,0.3337029127957569,0.9936192763181891,0.11285005672596525,3.7780390647606104,0.5502880539581717
32950,0.1236538216471672,0.9518280029296875,0.007107066921889782,0.013435249075329723,0.23050760580596863,0.007802573106133899,1.8138936980853706,0.33372452627406385,0.9936193956179284,0.11286463308460942,3.7780630557692128,0.5503132774992505
32975,0.12364804744720459,0.9518280029296875,0.007104223128408194,0.013431929258734574,0.23051637060973829,0.007803487833392876,1.8139396926022913,0.33374620520792,0.9936195023047549,0.11287928061051591,3.7780870271461113,0.5503384407959593
33000,0.12364228069782257,0.95184326171875,0.007094578351825476,0.013429095453225307,0.2305251313028484,0.007804411961232925,1.8139856549606121,0.33376808135783914,0.9936196010499252,0.11289407534772976,3.7781109656832643,0.550363579077002
33025,0.12363651394844055,0.95184326171875,0.007076003588736057,0.013425451651615551,0.2305338497495861,0.007805339971790067,1.8140314693832396,0.3337900430126736,0.9936196964165747,0.11290894705401211,3.778134942745072,0.5503886142307981
33050,0.12363076210021973,0.9518585205078125,0.00707611907273531,0.01342220093846692,0.23054252717111526,0.00780628330192587,1.8140771120387882,0.33381232942095,0.9936197869215658,0.11292406018234827,3.778158898676589,0.5504135689001223
33075,0.1236250102519989,0.9518585205078125,0.007079610601067543,0.01342035680889216,0.2305511794474147,0.007807238105261675,1.8141226712919318,0.3338348630573301,0.9936198728098462,0.11293938033860727,3.7781828873816243,0.5504384985366502
33100,0.12361925095319748,0.951873779296875,0.007084783632308245,0.013419263264006534,0.23055982515880213,0.007808195345815243,1.8141681856705583,0.33385744434204995,0.9936199585640171,0.11295477399022724,3.7782068368504516,0.5504633883647487
33125,0.12361349165439606,0.951873779296875,0.007078959606587887,0.013415631461134418,0.230568454959191,0.007809161891634708,1.8142136434845009,0.33388022470311807,0.9936200405772794,0.11297028474130073,3.778230799312853,0.5504882453079697
33150,0.12360773980617523,0.9518585205078125,0.0070849317125976086,0.013413994699028391,0.23057704275803997,0.00781012648257228,1.8142589377204619,0.333902962603261,0.9936201171526517,0.11298580438601168,3.7782547656653436,0.550513039025999
33175,0.1236019879579544,0.9518585205078125,0.007078762166202068,0.013411148135781238,0.2305856022679302,0.007811104567231111,1.814304100878249,0.33392598431647624,0.9936201885014898,0.11300152355856918,3.778278691231362,0.5505377911592685
33200,0.12359623610973358,0.9518585205078125,0.007075605448335409,0.013405876831021684,0.23059416370452582,0.007812094464419481,1.8143492459163837,0.3339492527713032,0.9936202560691207,0.11301738804197986,3.7783025636928214,0.550562510650844
33225,0.12359050661325455,0.95184326171875,0.007062032353132963,0.013404651690595376,0.23060271080281172,0.007813084639982149,1.8143943327161103,0.3339725258022883,0.9936203161031508,0.11303323952970072,3.778326432756856,0.5505871675853289
33250,0.12358476966619492,0.95184326171875,0.007057550363242626,0.013402133047237702,0.23061124243194833,0.00781405614106853,1.8144393587193846,0.333995398706616,0.9936203778841419,0.11304883839974265,3.7783503023563605,0.5506117845918953
33275,0.12357903271913528,0.95184326171875,0.0070528010837733746,0.013398412433740679,0.23061973002566305,0.007815031088087773,1.8144841799397065,0.3340183384513049,0.9936204292654285,0.11306447952263526,3.7783741066664285,0.55063633767901
33300,0.12357330322265625,0.95184326171875,0.007041766308248043,0.01339523120578191,0.2306282096613609,0.007816001402948358,1.8145289647138205,0.33404117726343185,0.9936204701329783,0.11308004294326396,3.7783979006761985,0.550660857730778
33325,0.12356758117675781,0.951873779296875,0.007034129463136196,0.013392348751790252,0.23063667923890557,0.007816977646469605,1.814573704595566,0.3340641407876313,0.9936205070242864,0.11309568540775236,3.7784216839995075,0.5506853384749645
33350,0.12356185913085938,0.951873779296875,0.00702853687107563,0.013389944221927822,0.23064513518201116,0.007817955255286436,1.8146184140598922,0.33408713675361956,0.9936205416412168,0.11311127812977567,3.7784455160675186,0.550709776424457
33375,0.12355615198612213,0.951873779296875,0.007025553844869137,0.013387248077820898,0.23065355686252847,0.00781894548575422,1.8146629692103142,0.3341103977828398,0.9936205723636385,0.11312702370677644,3.778469307858534,0.550734142080155
33400,0.1235504299402237,0.951873779296875,0.007025371305644512,0.013385749581607058,0.23066193486815878,0.007819955655390388,1.8147072939337958,0.33413407296380865,0.9936205975384057,0.11314304889768391,3.778492977977718,0.5507584233501622
33425,0.12354472279548645,0.9518890380859375,0.007021619006991386,0.013382810982692301,0.23067030713038944,0.007820964859808877,1.814751610256692,0.33415772904874025,0.993620618570382,0.11315905291786006,3.778516678032546,0.5507826892143545
33450,0.12353900820016861,0.9518890380859375,0.007017288822680712,0.013380167632625525,0.23067868763490143,0.007821961295311534,1.8147959787270724,0.3341811149135229,0.9936206308293258,0.11317487692020387,3.7785404195418177,0.5508069534883422
33475,0.12353330850601196,0.9518890380859375,0.007015518844127655,0.01337692833042733,0.23068705269834522,0.007822957812006556,1.8148402872604237,0.3342045016058585,0.9936206420757686,0.11319071367201367,3.7785641631035833,0.5508311921368867
33500,0.12352760136127472,0.9518890380859375,0.007004802115261555,0.0133740282386811,0.23069539491246704,0.00782396011205791,1.8148844970974258,0.33422800914792605,0.9936206506357865,0.11320660485605746,3.778587888686667,0.5508553730488144
33525,0.12352190911769867,0.9518890380859375,0.007005899678915739,0.013371524947461546,0.23070372714682516,0.007824954244026837,1.814928706447396,0.33425134830658043,0.9936206610411613,0.11322241131311085,3.7786116953605067,0.5508795326675184
33550,0.12351620942354202,0.9518890380859375,0.007010738831013441,0.013370648571819506,0.23071205054998092,0.007825962043078928,1.8149728846369222,0.33427497896089475,0.9936206718959091,0.11323839768873759,3.7786355098524202,0.5509036707794658
33575,0.12351050972938538,0.9518890380859375,0.006996314041316509,0.013368025611807536,0.2307203484526347,0.0078269867137447,1.8150169496225286,0.33429896645977,0.9936206779029664,0.11325456708994935,3.7786592978562443,0.5509277290446859
33600,0.12350482493638992,0.9518890380859375,0.00698624923825264,0.013363342138147253,0.23072862831499105,0.007828022612626209,1.8150608969327628,0.3343231839994891,0.9936206776328047,0.11327084893086978,3.7786829889686175,0.5509516885919364
33625,0.12349914759397507,0.9518890380859375,0.006985065061599016,0.01336158952411152,0.23073687482084793,0.007829065084996107,1.8151047120432746,0.3343475405647878,0.9936206758770163,0.11328719459056966,3.778706678366927,0.5509756002511331
33650,0.12349346280097961,0.951904296875,0.006983262486755848,0.013360788438087278,0.23074508831103646,0.007830113114641773,1.8151484293233267,0.33437202051611165,0.9936206639180325,0.11330362246254735,3.7787304348000252,0.5509994668703481
33675,0.12348777800798416,0.9518890380859375,0.006969728507101536,0.013359820049208727,0.23075330040384706,0.007831143725068757,1.8151921063445737,0.33439612097123017,0.9936206471683012,0.11331984694967662,3.7787541192177105,0.5510233053513997
33700,0.1234821006655693,0.9518890380859375,0.006966485641896725,0.01335811130515967,0.23076150312790067,0.00783217078358561,1.8152357521189948,0.3344201454873897,0.99362062575947,0.1133360494138806,3.778777815650305,0.551047101293467
33725,0.12347643077373505,0.951904296875,0.006961800158023834,0.013356591001895401,0.2307697002521698,0.007833189791231737,1.81527937257314,0.3344439963957894,0.9936205973492594,0.11335215649503656,3.778801505573528,0.551070867117712
33750,0.12347076088190079,0.951904296875,0.006955316755920649,0.013354377104836829,0.2307778854143585,0.00783420940125668,1.8153228976311682,0.3344678501436771,0.9936205632452786,0.11336825000638961,3.778825095203401,0.5510945727032808
33775,0.12346509099006653,0.951904296875,0.006966842338442802,0.013353208934570756,0.23078605026728627,0.007835226653084674,1.8153663231030557,0.334491648809878,0.9936205218356402,0.11338430252376375,3.7788486441575335,0.5511182372206731
33800,0.12345942109823227,0.951904296875,0.006955421529710293,0.013350460959207782,0.23079418167125018,0.00783624954850022,1.8154096293976716,0.33451556910596775,0.9936204723347855,0.11340047373347616,3.7788722192227664,0.551141859301979
33825,0.12345375865697861,0.951904296875,0.006939615122973919,0.013347528397360938,0.2308022800660651,0.007837270087846087,1.8154528068129294,0.3345394381683001,0.9936204138489455,0.113416602080021,3.7788957965927596,0.5511654067098087
33850,0.12344810366630554,0.951904296875,0.006928182207047939,0.013344226462116433,0.23081036840675165,0.00783829028759431,1.815495937563937,0.3345632975538959,0.993620356716455,0.11343264611481291,3.7789193594729515,0.5511889094564233
33875,0.12344244867563248,0.9519195556640625,0.006931887939572334,0.013342560664132084,0.230818434722754,0.007839312919481284,1.8155389819627743,0.33458720777560574,0.9936203015303222,0.113448666246624,3.77894292324363,0.5512123775918615
33900,0.12343680113554001,0.9519195556640625,0.006936232093721628,0.013341495236128745,0.23082646493361308,0.007840350308476901,1.8155818593344433,0.3346114271646493,0.9936202381431616,0.11346486275524091,3.7789664352398944,0.5512357815234057
33925,0.12343114614486694,0.951934814453125,0.0069311256520450115,0.013339844927058257,0.2308344981768349,0.007841395905514607,1.8156247456626877,0.3346358199876302,0.9936201685880013,0.1134811688261437,3.778989941382157,0.5512591646439987
33950,0.12342549860477448,0.9519195556640625,0.006925598718225956,0.013337292105087191,0.23084249363338613,0.00784245246112218,1.8156674730320093,0.3346604435381123,0.9936200935926804,0.11349761219222629,3.7790134262975497,0.5512824825033056
33975,0.1234198659658432,0.9519195556640625,0.006906133145093918,0.013333461302733407,0.2308504738660822,0.007843517517656199,1.815710153222942,0.3346852495866171,0.9936200155002924,0.11351414888527542,3.7790369379482587,0.5513057329530654
34000,0.12341421842575073,0.9519195556640625,0.00689796032384038,0.01333241927134186,0.23085844133058817,0.007844572577520338,1.8157527272554679,0.3347098308228256,0.9936199317401745,0.11353061200851913,3.779060333476623,0.5513289080812792
34025,0.12340859323740005,0.9519195556640625,0.006906440015882254,0.013329171758202255,0.23086638916461988,0.007845629777022547,1.8157952624300582,0.3347344635640237,0.9936198421766479,0.11354709129471002,3.7790838091176036,0.5513520438220381
34050,0.12340296059846878,0.951904296875,0.006904411595314741,0.013327690643630924,0.23087431455850443,0.00784670582712604,1.815837707026852,0.3347594967701387,0.993619754897077,0.11356379391991987,3.779107280218068,0.5513751496829944
34075,0.12339732050895691,0.951904296875,0.006909389514476061,0.0133225947084308,0.23088222172859338,0.007847792990739597,1.815880095531622,0.33478476863561263,0.9936196607857207,0.11358063210665115,3.7791307840353876,0.5513982437921493
34100,0.12339168787002563,0.951904296875,0.006910557392984629,0.013321414281504428,0.23089011956548883,0.00784888545893228,1.8159223990061883,0.3348101434385448,0.99361956463524,0.11359759100590663,3.779154187579487,0.5514213111135429
34125,0.12338607013225555,0.951904296875,0.006900846492499113,0.013320260569622608,0.23089800186234127,0.007849958838418384,1.8159646393018427,0.33483510944574607,0.993619463433354,0.11361424404166445,3.779177587122073,0.5514443620986513
34150,0.12338044494390488,0.951904296875,0.0068885562941432,0.013317014490812577,0.23090586465783758,0.00785101527369852,1.8160067956038197,0.33485971150065025,0.9936193581680897,0.11363063289205619,3.779200971759699,0.5514673674674357
34175,0.1233748197555542,0.951904296875,0.006885765120387077,0.013314851273155822,0.23091370195070407,0.007852066025717757,1.8160488122233187,0.3348841838867718,0.9936192544737619,0.11364694469473824,3.7792242747082896,0.5514903160089253
34200,0.12336920946836472,0.951904296875,0.006885282229632139,0.013313226543629162,0.23092150987204238,0.00785312684505592,1.8160907318071717,0.33490887314914036,0.9936191454587002,0.11366335255075238,3.7792476163714666,0.5515132106569557
34225,0.12336359173059464,0.9519195556640625,0.006885615177452564,0.013311082262888949,0.23092930302153877,0.007854193486157294,1.8161325805008757,0.3349336829590561,0.9936190367858395,0.11367988278691576,3.7792709316813156,0.5515360688955376
34250,0.12335797399282455,0.951934814453125,0.006881797220557928,0.013310032593357531,0.23093709497604895,0.007855255345529567,1.8161743967104336,0.334958384456877,0.99361891859414,0.11369640801251564,3.7792941894617846,0.5515588897925786
34275,0.12335236370563507,0.951934814453125,0.0068777017295360565,0.013306358660447857,0.2309448499397754,0.007856338210144252,1.8162160465858412,0.3349835286953438,0.9936187988576078,0.11371321749936182,3.779317404082128,0.5515816387908349
34300,0.12334676086902618,0.951934814453125,0.006869165692478418,0.013304119877508304,0.2309525926959702,0.007857416063997556,1.816257637100559,0.3350085627371837,0.9936186792075219,0.11372995812494353,3.7793405953511074,0.5516043470945148
34325,0.1233411580324173,0.951934814453125,0.006861136760562658,0.013300127026504878,0.2309603168100937,0.007858491680965078,1.8162991864304634,0.33503355375157945,0.9936185573441735,0.11374673960379486,3.779363853733545,0.5516270183936514
34350,0.12333556264638901,0.951934814453125,0.006856056861579418,0.013297209845007135,0.23096803081199513,0.0078595730195924,1.8163407138895145,0.33505866876306134,0.9936184379635206,0.11376359007434868,3.779387149621092,0.5516496657897815
34375,0.12332996726036072,0.951934814453125,0.0068436567671597,0.013295736353896566,0.23097574596028567,0.007860645424094216,1.81638223009551,0.3350835891681812,0.9936183143794468,0.11378028060089133,3.7794104129908295,0.5516722884759834
34400,0.12332437932491302,0.9519195556640625,0.0068427142687141895,0.013294658612996252,0.2309834564198047,0.00786170636788034,1.8164237676498873,0.33510827140119276,0.9936181853477679,0.113796841639796,3.7794337594169654,0.5516948998851975
34425,0.12331879138946533,0.9519195556640625,0.006839478854089975,0.013294413889875779,0.23099115364213435,0.007862769559846152,1.8164652244427386,0.33513299502619665,0.9936180506336353,0.11381346059407693,3.7794570463717405,0.5517174604591387
34450,0.12331320345401764,0.9519195556640625,0.006834265310317278,0.013292717632875884,0.23099885959758637,0.0078638293106071,1.8165066852067047,0.3351576384876316,0.993617911388089,0.11383004198703603,3.7794802704187767,0.5517400048611245
34475,0.12330763041973114,0.9519195556640625,0.006822690367698669,0.013289443723238694,0.23100653394482706,0.007864894033343445,1.8165480076263323,0.33518238408057527,0.9936177692284407,0.11384666222053191,3.779503465475159,0.5517624669225906
34500,0.12330204993486404,0.9519195556640625,0.006811905652284622,0.013288122170912272,0.2310141771110873,0.00786596052691906,1.8165892028157828,0.3352071653174645,0.9936176247614498,0.11386330544557464,3.7795266511630046,0.5517848540586131
34525,0.12329648435115814,0.9519195556640625,0.006806118413805962,0.01328569734623098,0.23102182875511967,0.007867024517107324,1.8166304338690975,0.3352318924459806,0.9936174768542733,0.11387991084557442,3.7795498423850247,0.5518071904843418
34550,0.12329091131687164,0.9519195556640625,0.006804301869124174,0.013281929856645107,0.23102947995382248,0.007868067492742,1.8166716636879876,0.33525617072697916,0.9936173286237023,0.11389620805022718,3.779573034949978,0.5518295061834605
34575,0.12328534573316574,0.951934814453125,0.006793476641178131,0.013280559433074051,0.2310371229395213,0.007869096480030544,1.8167128429309165,0.335280146455129,0.9936171773844866,0.11391225994477465,3.779596189741319,0.5518518048913391
34600,0.12327978014945984,0.9519195556640625,0.006784995552152395,0.0132779441093768,0.23104474462553728,0.007870120962103573,1.8167539851642625,0.33530403369581113,0.9936170191685829,0.1139282357367691,3.7796194420239235,0.5518740664094552
34625,0.12327422201633453,0.9519195556640625,0.006790626794099808,0.013273522091805566,0.2310523443293893,0.007871147803200345,1.8167950703252909,0.3353279754750444,0.9936168619110894,0.1139442566773274,3.7796427556313557,0.5518963062505458
34650,0.12326867133378983,0.951934814453125,0.006785370409488678,0.01327347179248381,0.23105992450257493,0.00787218528626862,1.8168360413778974,0.33535213590301427,0.993616701644329,0.11396041290827721,3.7796659918488724,0.5519184819413678
34675,0.12326311320066452,0.9519195556640625,0.006777615286409855,0.013270158655932647,0.23106749159783993,0.007873217838979603,1.816876938890244,0.33537618607572084,0.9936165313237191,0.11397649007549976,3.779689182294746,0.5519406206361243
34700,0.12325756251811981,0.9519195556640625,0.006779375486075878,0.01326609581965706,0.2310750221218931,0.007874254166608322,1.816917714248372,0.3354003194858733,0.9936163589419948,0.11399259282601103,3.779712417977667,0.5519627168273762
34725,0.1232520192861557,0.9519195556640625,0.00677710585296154,0.013267336303093562,0.23108254661736774,0.007875294183235267,1.816958421256888,0.3354245220552702,0.9936161891607017,0.11400878045443011,3.7797355610260057,0.5519847657105655
34750,0.12324646860361099,0.9519195556640625,0.006779218092560768,0.013265551916669754,0.23109007712732738,0.007876323808527513,1.8169991710855389,0.3354485057148248,0.9936160213556505,0.11402482648433751,3.779758744210869,0.5520068283814825
34775,0.12324091792106628,0.9519195556640625,0.00676849577575922,0.013263089487622472,0.23109759679704633,0.007877347659661344,1.817039875175993,0.33547236470397257,0.9936158492756635,0.11404077325512307,3.779781921150021,0.5520288722037663
34800,0.12323538213968277,0.951904296875,0.00675554946064949,0.01325961811885946,0.2311051235229144,0.007878381274542904,1.817080586243888,0.33549642662401297,0.9936156723191414,0.11405690069186135,3.779805055146756,0.5520508745173607
34825,0.12322984635829926,0.9519195556640625,0.006756738759577274,0.013257889045839051,0.23111264544175092,0.007879420837912234,1.8171212560819963,0.33552060991730126,0.9936154942998986,0.11407312402383914,3.779828142938807,0.5520728379352605
34850,0.12322431802749634,0.9519195556640625,0.006747670937329531,0.013254544822673605,0.2311201555588159,0.00788045688055352,1.8171618908431466,0.3355447191778668,0.9936153161860077,0.11408924034369794,3.7798512545232916,0.5520947874071075
34875,0.12321878969669342,0.9519195556640625,0.006741934455931187,0.013250715164638228,0.23112761760813472,0.007881499334175415,1.8172022883956664,0.33556895485039756,0.9936151351098022,0.11410544866318119,3.7798742659997164,0.5521166430037825
34900,0.1232132613658905,0.951934814453125,0.0067319138906896114,0.013247525324756983,0.23113504728030193,0.007882547089795777,1.8172425536880483,0.33559330129130716,0.9936149498420741,0.11412173487441041,3.7798972673567026,0.5521384441821198
34925,0.12320774793624878,0.951934814453125,0.0067315055057406425,0.013246453842672905,0.23114246778326947,0.007883589762607014,1.817282766108923,0.3356175352430398,0.9936147578912902,0.11413795213477257,3.7799202339517026,0.5521602231863325
34950,0.12320221960544586,0.9519500732421875,0.006734099239110947,0.01324222639084338,0.23114989769698902,0.007884643032742299,1.817323011232356,0.3356419927844279,0.9936145613067691,0.11415430926712489,3.7799431918570736,0.552182004650275
34975,0.12319670617580414,0.9519500732421875,0.006729002110660076,0.013238556423004246,0.23115733597284444,0.007885681531586603,1.8173633170073666,0.33566613987168464,0.9936143599665019,0.11417046428561986,3.779966207780846,0.5522037903807391
35000,0.12319119274616241,0.9519500732421875,0.006726912222802639,0.013239826009801553,0.231164753666205,0.007886731276835014,1.817403534320919,0.33569052374469915,0.9936141538591474,0.11418675615159732,3.7799892082346096,0.5522255301481453
35025,0.12318567931652069,0.9519500732421875,0.006728884298354387,0.013235266221408143,0.23117217748257177,0.007887798039479971,1.8174438086694344,0.33571527465486733,0.9936139441137762,0.1142032679157199,3.780012277487402,0.5522472613911154
35050,0.12318016588687897,0.951934814453125,0.0067158653400838375,0.013231054057904906,0.23117956542839568,0.007888872081918347,1.8174839075966682,0.3357401728791412,0.9936137291134458,0.11421986091600224,3.7800352753906625,0.5522689185823771
35075,0.12317466735839844,0.951934814453125,0.006714413408190012,0.013229323210996194,0.23118692532985172,0.00788994758187732,1.8175238991970966,0.33576510139718385,0.9936135067174107,0.11423642961235543,3.78005827957937,0.5522905245576779
35100,0.12316916882991791,0.951934814453125,0.006712412461638451,0.013225876155667046,0.2311942669608515,0.007891034648743661,1.817563812546394,0.3357902735711657,0.993613277041393,0.11425319899453497,3.780081270613722,0.5523121035688989
35125,0.12316366285085678,0.951934814453125,0.006706316489726305,0.013222253429958133,0.23120157063937052,0.007892132405175237,1.8176035625694515,0.33581566926430323,0.9936130443556466,0.11427010949217012,3.7801042324564116,0.5523336109899252
35150,0.12315817922353745,0.9519500732421875,0.006696165539324284,0.013217961309017793,0.23120886913504474,0.007893228659857553,1.8176432987479065,0.3358410328941453,0.9936128065178662,0.11428701198738082,3.780127208092591,0.5523550698379297
35175,0.12315268814563751,0.9519500732421875,0.006693147588521242,0.013218545572846841,0.23121613785812017,0.007894334848623206,1.8176829279818316,0.33586660839442983,0.9936125601761687,0.11430407720152073,3.7801502049135878,0.5523764719094549
35200,0.12314720451831818,0.9519500732421875,0.0066864704713225365,0.013216001850379333,0.23122338813085938,0.00789543552344977,1.8177224838593393,0.33589206510839337,0.9936123107062032,0.11432110261415802,3.780173200210436,0.5523978248715005
35225,0.12314172089099884,0.9519500732421875,0.0066773672588169575,0.013213038981937724,0.23123062265362368,0.007896534434364203,1.8177619730921049,0.33591748209998973,0.9936120577592713,0.1143380815292904,3.780196185863383,0.5524191177952604
35250,0.1231362372636795,0.95196533203125,0.006680435035377741,0.013210308592326851,0.23123784398285102,0.007897635402929586,1.8178013621022278,0.3359429325929875,0.9936117916652734,0.11435512304658264,3.7802190711460413,0.5524403771341253
35275,0.12313076853752136,0.95196533203125,0.0066727325320243835,0.013205452205476366,0.23124505749854202,0.00789874184678301,1.817840708078579,0.3359684959225295,0.9936115147828822,0.11437219815502206,3.7802419310112247,0.5524616074527641
35300,0.12312529981136322,0.951934814453125,0.006662696599960327,0.013201715228246994,0.231252262158278,0.007899846142508011,1.817880024668225,0.33599401322722316,0.9936112361978632,0.11438924357508787,3.780264802357388,0.5524828060844867
35325,0.12311983108520508,0.951934814453125,0.006668067537248135,0.013199673075245957,0.23125945584109614,0.007900946507034535,1.8179192562020234,0.33601943785115046,0.9936109565461354,0.11440618971703623,3.7802875867554127,0.5525039798539747
35350,0.12311436235904694,0.9519195556640625,0.0066740913316607475,0.013198135570917889,0.23126662095368,0.00790206259271499,1.8179583582655898,0.336045192252115,0.9936106721555278,0.11442334564499114,3.7803103356414938,0.5525251151206166
35375,0.1231088936328888,0.951934814453125,0.00666154595091939,0.013195800184396023,0.23127377341892297,0.007903191732766822,1.8179974034200865,0.3360712215085773,0.9936103884792158,0.11444069855857948,3.780333069758404,0.5525462368669917
35400,0.12310343235731125,0.9519195556640625,0.006664831191301346,0.013194842403801423,0.23128090970391557,0.00790432117381126,1.8180364152813693,0.33609726135756807,0.9936100961857554,0.11445811775201423,3.7803558670830197,0.5525673065781276
35425,0.1230979785323143,0.9519195556640625,0.00665204506367445,0.01319030125394671,0.23128801749603392,0.007905452577628197,1.8180753170658204,0.3361233418776019,0.993609801771562,0.11447558546561509,3.7803786685744574,0.552588335214192
35450,0.12309251725673676,0.9519195556640625,0.006653096526861191,0.013188986225741703,0.23129511558617033,0.007906582780272047,1.8181141665010634,0.33614939282099143,0.9936095090972173,0.11449306477201177,3.7804014406951096,0.5526093461825957
35475,0.12308706343173981,0.9519195556640625,0.006648372393101454,0.013186967325712399,0.23130221822202837,0.00790772065973063,1.8181530598684925,0.33617561035300714,0.993609217121701,0.11451062992828365,3.780424267205866,0.552630346852234
35500,0.12308161705732346,0.951904296875,0.006650480441749096,0.013185886739633394,0.23130929534131892,0.007908869052322463,1.8181918565237447,0.336202050568693,0.9936089333965641,0.11452833562184969,3.7804471013369736,0.5526513038972389
35525,0.12307616323232651,0.951904296875,0.006649625021964312,0.01318405087691007,0.23131636929039476,0.007910024801958992,1.8182306146137435,0.3362286408578749,0.9936086473662623,0.11454604424191045,3.7804698813750646,0.5526722295737032
35550,0.12307070940732956,0.951904296875,0.006641445681452751,0.013181691705091626,0.2313234226363228,0.007911174559631355,1.8182692874525264,0.3362551015334691,0.9936083539604403,0.11456363439730041,3.7804926527060068,0.5526931340499602
35575,0.1230652779340744,0.9519195556640625,0.006644767243415117,0.01317737774736984,0.23133046194330217,0.00791231679340064,1.818307907581427,0.336281401313396,0.9936080572497912,0.11458113869290702,3.7805154293458063,0.5527140012895285
35600,0.12305982410907745,0.951934814453125,0.006637141574174166,0.01317428685522847,0.23133749509052867,0.007913446875568738,1.8183464879345856,0.3363074385600739,0.9936077594817851,0.11459841671287019,3.78053817380124,0.5527348556803195
35625,0.1230543777346611,0.95196533203125,0.0066422997042536736,0.013173244710689667,0.23134450063486167,0.007914587102513622,1.8183849589637933,0.33633368979458816,0.9936074548730626,0.11461581270371078,3.7805609166849474,0.5527556466033021
35650,0.12304894626140594,0.951995849609375,0.006638658232986927,0.013170972853680789,0.2313515074773367,0.007915727802072444,1.8184234136795336,0.3363599456713269,0.9936071484765158,0.11463318707814638,3.7805836152235512,0.5527764125239532
35675,0.12304350733757019,0.951995849609375,0.006638191640377045,0.013169014519931918,0.2313585060234581,0.007916865787474728,1.8184618833688428,0.33638615124797056,0.993606839470668,0.11465051591227104,3.7806064128568435,0.5527971696071569
35700,0.12303806841373444,0.951995849609375,0.006624999456107616,0.013165062446567781,0.23136547838360497,0.007918001162954748,1.8185002447545535,0.3364122989523295,0.9936065232941445,0.11466784029442795,3.780629199450186,0.552817860883975
35725,0.12303264439105988,0.951995849609375,0.00661400705575943,0.013161697164941267,0.23137245428097014,0.007919127697761078,1.8185385743239033,0.3364382489808673,0.9936062076927125,0.11468507378549336,3.7806518911712743,0.5528385136617022
35750,0.12302722781896591,0.9519805908203125,0.00661275302991271,0.013159098543750762,0.231379408911084,0.007920251128748362,1.8185768311274693,0.33646413368301775,0.9936058884351617,0.11470225663697413,3.7806746055436378,0.5528591261135157
35775,0.12302179634571075,0.9519805908203125,0.0066147129982709885,0.013156686287039138,0.2313863619708519,0.007921351065579561,1.8186151039164133,0.33648952209283883,0.9936055668008036,0.11471912628683721,3.7806973661481797,0.5528797643593802
35800,0.12301637977361679,0.95196533203125,0.0066102035343647,0.013155744972692084,0.2313932875223307,0.007922447893361502,1.8186532277924556,0.33651483559537937,0.9936052427028506,0.11473587439888457,3.7807200420816924,0.5529003630902676
35825,0.12301096320152283,0.9519805908203125,0.006623013876378536,0.013151834884458811,0.23140020706898748,0.007923557066456588,1.8186913299638134,0.33654041030386034,0.9936049186694121,0.11475280834717344,3.780742722117967,0.5529209230331645
35850,0.12300553917884827,0.9519805908203125,0.006621845066547394,0.013149547434892822,0.23140713702918822,0.00792468276321305,1.818729467868161,0.3365663335862307,0.9936045978606627,0.11476999346786992,3.7807653915337225,0.5529414867034345
35875,0.1230001226067543,0.9519805908203125,0.006617107894271612,0.01314533896242412,0.23141403618899295,0.007925804883938585,1.8187674763202695,0.336592177981648,0.9936042849625089,0.1147871131056222,3.7807880436224357,0.5529620161603956
35900,0.12299470603466034,0.9519805908203125,0.006602585781365633,0.013142546006892401,0.23142089513046019,0.007926932647636416,1.8188052928669043,0.3366181345383406,0.9936039671036587,0.11480431274315646,3.7808106254867626,0.552982462504801
35925,0.12298931181430817,0.9519805908203125,0.006601758301258087,0.013137085977504293,0.23142774646532724,0.007928067280865161,1.8188430722215212,0.3366442341889233,0.9936036494769082,0.1148216652494502,3.780833192335446,0.5530028767945384
35950,0.1229839026927948,0.9519500732421875,0.006604508031159639,0.013136409693384225,0.23143458441917403,0.007929216806155867,1.8188808260664386,0.3366706535834917,0.9936033273285434,0.1148392752333551,3.780855815618401,0.5530232680348712
35975,0.12297850847244263,0.9519500732421875,0.006601251196116209,0.013134133184929607,0.2314413913648942,0.007930372159334448,1.8189184399286178,0.3366971918745415,0.9936030037407009,0.11485693644666997,3.7808784013620524,0.5530436123029918
36000,0.12297309190034866,0.9519500732421875,0.006611168850213289,0.013130467162090634,0.23144818017058813,0.007931550384379508,1.8189559609271815,0.33672421018923626,0.9936026795335514,0.11487488197386456,3.780900942398074,0.5530639261691217
36025,0.12296770513057709,0.951934814453125,0.006603694055229425,0.013128008123577072,0.2314549577967441,0.007932729701778347,1.8189934453085264,0.3367512514975259,0.9936023508588497,0.11489285749426331,3.780923498785787,0.5530842193617401
36050,0.12296231091022491,0.951934814453125,0.006595996208488941,0.013122620673347438,0.23146171656158004,0.007933909108464544,1.8190308498933907,0.3367782921002475,0.9936020266278565,0.11491084305539936,3.780946043513147,0.5531044693875222
36075,0.12295691668987274,0.951934814453125,0.006592117249965668,0.013119543208434318,0.23146847055398193,0.007935087287494242,1.8190682306700785,0.33680530416411686,0.9936017037742766,0.11492881997857984,3.780968577880545,0.5531246885567481
36100,0.12295152246952057,0.951934814453125,0.006584704853594303,0.013117037452516078,0.2314752156974917,0.007936260369462853,1.8191056081293837,0.3368322123417063,0.9936013776375239,0.11494672876101136,3.7809911777703897,0.5531448879720267
36125,0.12294614315032959,0.9519500732421875,0.006586284376680851,0.013116412837130732,0.23148195669169008,0.007937429151409225,1.8191429625598452,0.33685902649965577,0.9936010426147589,0.1149645330696012,3.781013763827122,0.5531650765392304
36150,0.12294076383113861,0.9519500732421875,0.006583122070878744,0.013112507196021613,0.23148868938524164,0.007938606599242722,1.8191802507071797,0.33688601678069346,0.9936007049875815,0.11498237760463773,3.781036280052575,0.5531852186701272
36175,0.12293538451194763,0.9519500732421875,0.006578261498361826,0.01310949810705754,0.23149542068137208,0.007939786294889766,1.8192175604615435,0.3369130582291834,0.9936003714480452,0.11500021671014982,3.781058852742937,0.5532053511335507
36200,0.12293000519275665,0.9519500732421875,0.006577012129127979,0.013107262270650557,0.23150212319384608,0.007940973063459074,1.8192547675245476,0.33694025011138956,0.9936000417999753,0.11501810900679768,3.7810814472047576,0.5532254432932416
36225,0.12292462587356567,0.9519805908203125,0.006579714361578226,0.013104740577713351,0.23150882751470014,0.007942171125641552,1.8192919419561306,0.3369676726462308,0.9935997124029274,0.11503620905247351,3.7811039592180147,0.5532455240381845
36250,0.1229192465543747,0.95196533203125,0.006580337416380644,0.013103955868857197,0.2315155082880295,0.00794337975024262,1.8193290331366434,0.33699531935030647,0.9935993791610422,0.11505444708582147,3.781126490640553,0.5532655815732583
36275,0.12291388213634491,0.95196533203125,0.00658022053539753,0.01310213046717013,0.23152215799720083,0.007944602733166727,1.819365988794816,0.337023266479157,0.9935990461402577,0.11507289403083185,3.7811489942120544,0.5532855933909653
36300,0.12290850281715393,0.95196533203125,0.0065794712863862514,0.013100492565605202,0.23152875616678273,0.007945831098578524,1.8194027271139308,0.337051323342821,0.993598709073853,0.11509143293414824,3.781171467087271,0.5533055279851481
36325,0.12290313094854355,0.95196533203125,0.006580669432878494,0.013099700577116687,0.23153535050342003,0.007947060479628416,1.8194394458647791,0.3370793992179459,0.9935983677126331,0.11510996574156744,3.78119393072045,0.5533254616911464
36350,0.12289775907993317,0.9519500732421875,0.006578065454959869,0.01309642556293362,0.23154194986193863,0.00794830407612982,1.819476193616694,0.33710777657186924,0.993598024776928,0.1151287110480613,3.781216413745206,0.5533453804040567
36375,0.12289238721132278,0.95196533203125,0.006576746702194214,0.013094636099757482,0.2315485292128503,0.00794954617849339,1.81951285737445,0.3371361195072336,0.9935976749939341,0.1151474008223352,3.7812388857080976,0.5533652791155267
36400,0.1228870302438736,0.9519805908203125,0.006570800673216581,0.013090269163453558,0.23155510723206582,0.007950780248329209,1.8195495039500549,0.33716428817935884,0.9935973216552825,0.11516592008555432,3.7812613329621385,0.5533851616194351
36425,0.12288166582584381,0.9519805908203125,0.006565697956830263,0.013087025291599254,0.2315616714410137,0.007952024147667457,1.819586126147192,0.33719266908213247,0.9935969670514616,0.1151845629060018,3.781283842437765,0.5534050123355228
36450,0.12287630885839462,0.9519805908203125,0.0065629808232188225,0.013085781795275994,0.2315682118224659,0.007953273524810798,1.8196226155197157,0.3372211571110507,0.9935966045104245,0.11520328985951822,3.7813062705569527,0.5534248170593786
36475,0.12287095189094543,0.951995849609375,0.006545339711010456,0.013081960078457284,0.23157471118080264,0.007954528696290349,1.8196589131989598,0.33724976056019135,0.9935962387249879,0.11522208949662048,3.781328635378354,0.553444539941272
36500,0.12286560237407684,0.951995849609375,0.006536537315696478,0.013080562937050224,0.23158117566284986,0.007955794804787319,1.8196950841017534,0.33727859596702037,0.9935958683200474,0.11524099759051593,3.7813510216105812,0.5534641862112909
36525,0.12286025285720825,0.951995849609375,0.006535598076879978,0.013077928309239584,0.23158764413181704,0.00795705230107919,1.819731225249784,0.33730723860735906,0.9935954916599521,0.11525979519177863,3.781373313575292,0.5534838112004279
36550,0.12285491824150085,0.951995849609375,0.006541533395648003,0.013077319762884124,0.23159411399122598,0.007958294438232903,1.8197673620271744,0.33733555212246596,0.9935951190371904,0.11527840097339782,3.7813955852215213,0.5535034429753474
36575,0.12284957617521286,0.951995849609375,0.0065351431258022785,0.013073840880818002,0.23160057119561492,0.007959532847581545,1.8198034741720848,0.3373637895528124,0.9935947431466278,0.1152969192593132,3.7814179091101727,0.5535230564570989
36600,0.12284423410892487,0.951995849609375,0.006533552426844835,0.013071045420613395,0.23160700379901128,0.00796076385853525,1.8198395304736976,0.3373918760480981,0.9935943620377032,0.11531535293211367,3.781440317904426,0.5535426469337418
36625,0.12283889204263687,0.9519805908203125,0.006530768238008022,0.013068577224996698,0.2316134116785259,0.00796199583394372,1.8198754752618025,0.3374199786150432,0.9935939820421716,0.11533377021959465,3.781462696923712,0.5535622100797655
36650,0.12283355742692947,0.9519805908203125,0.0065321531146764755,0.013066913803893463,0.23161982694985953,0.00796322890959901,1.8199114517786668,0.33744810329113817,0.993593606031534,0.11535221707670074,3.781485081634374,0.5535817587892725
36675,0.12282821536064148,0.9519805908203125,0.006528998259454966,0.01306307176488311,0.2316262213655592,0.00796445995304178,1.8199473661527241,0.33747618687786063,0.993593231128429,0.11537065271891699,3.781507507572773,0.5536012841622816
36700,0.12282289564609528,0.9519805908203125,0.006530580576509237,0.013060110055547221,0.23163261534724094,0.007965692436517971,1.819983293293765,0.3375043019579923,0.9935928522008448,0.11538911391129243,3.7815299636823716,0.5536207982370234
36725,0.12281756103038788,0.9519805908203125,0.006530262995511293,0.013057026178765358,0.23163898561265525,0.00796692350727319,1.8200191025778791,0.33753238083295656,0.9935924641033973,0.11540755563819761,3.7815523686011083,0.5536402615513023
36750,0.12281223386526108,0.9519805908203125,0.006525437813252211,0.013053736391738652,0.23164531286689038,0.007968170092726871,1.8200547444983783,0.3375607869388505,0.9935920819778915,0.11542615600435734,3.7815747769584624,0.5536596703271712
36775,0.12280691415071487,0.9520111083984375,0.006521258968859911,0.013051944767156556,0.231651630155171,0.007969422746213855,1.820090341902708,0.33758931882817667,0.9935916988884445,0.11544487496706249,3.7815971742625614,0.553679056366079
36800,0.12280160188674927,0.9520111083984375,0.0065157366916537285,0.013051852169339908,0.2316579220699757,0.007970687375228606,1.8201258123425241,0.33761809752024863,0.9935913130403498,0.11546382574831227,3.781619514968938,0.5536983655108554
36825,0.12279627472162247,0.9520111083984375,0.006526302080601454,0.013051620609170443,0.23166417798337313,0.007971968124104513,1.82016109799014,0.3376472077412006,0.99359092988449,0.11548297365990182,3.781641765674087,0.5537176092356538
36850,0.12279094755649567,0.9520111083984375,0.00652230903506279,0.01304899441821612,0.23167041812848582,0.007973255387653018,1.8201963675720811,0.3376764625737145,0.9935905403533656,0.11550224123113607,3.7816641117860557,0.553736838693243
36875,0.12278563529253006,0.9520111083984375,0.0065127043053507805,0.013048181406789186,0.23167664307518973,0.007974526825499026,1.820231616004683,0.33770538759531754,0.993590151650998,0.11552130082250993,3.7816865380852294,0.5537560631510019
36900,0.12278031557798386,0.9520263671875,0.006511122453957796,0.013045961176573855,0.23168287490547945,0.007975791548926046,1.8202668513911409,0.33773416119867505,0.9935897692860562,0.1155402982607219,3.7817088811806263,0.5537752512515435
36925,0.12277501076459885,0.9520111083984375,0.006497862748801708,0.013041006574254138,0.23168911700904618,0.007977057007550007,1.8203021657813467,0.3377629557386635,0.9935893888242477,0.11555928957487821,3.781731304649206,0.5537944303589614
36950,0.12276969850063324,0.9520111083984375,0.006495051085948944,0.01303779671379059,0.23169537364670545,0.00797831118244048,1.8203375510344242,0.3377915121643034,0.9935890061361299,0.11557811633578574,3.7817537568042034,0.5538135912980173
36975,0.12276439368724823,0.9520263671875,0.006490310188382864,0.013034306374126116,0.23170161768849273,0.0079795754997343,1.8203728524554328,0.33782027514337565,0.9935886208725175,0.11559713137491472,3.7817761376767756,0.5538327137884651
37000,0.12275910377502441,0.9520263671875,0.006480097305029631,0.013032459401664734,0.23170784609715556,0.007980838321506575,1.820408118388779,0.3378490094829127,0.9935882341735665,0.11561613877262383,3.781798572486445,0.5538518100352512
37025,0.1227537989616394,0.9520263671875,0.006479274947196245,0.01303282465987547,0.23171405013409174,0.007982102320063782,1.8204432882882269,0.33787776688329174,0.9935878368625816,0.11563517955068206,3.781821006759995,0.5538708398298144
37050,0.12274850904941559,0.9520263671875,0.00648048659786582,0.013031995902455549,0.23172024163423113,0.007983373626395873,1.8204783968410507,0.33790667489947707,0.9935874330825677,0.11565426452125126,3.7818434159746284,0.5538898475845194
37075,0.12274321168661118,0.9520263671875,0.006481009069830179,0.013030622454497546,0.23172640791070434,0.00798465161841387,1.820513383593111,0.3379357183616917,0.9935870311706808,0.11567346108566845,3.781865778071246,0.5539088119829666
37100,0.12273791432380676,0.9520111083984375,0.006474137306213379,0.013027876761703467,0.23173254372760815,0.007985924836466233,1.820548208764964,0.33796465118481095,0.9935866271440064,0.11569266567370783,3.7818880531370436,0.5539277230548212
37125,0.12273263931274414,0.9520111083984375,0.006464063189923763,0.013025494783351025,0.23173864755494086,0.007987198875492842,1.8205829007570316,0.33799359815829266,0.9935862261520627,0.11571187040476294,3.7819103126509903,0.5539465701031924
37150,0.12272734940052032,0.9520111083984375,0.0064570228569209576,0.013023172353739941,0.23174477072243202,0.00798845681417908,1.8206176895109603,0.33802220653242304,0.9935858274925076,0.1157308181577349,3.7819326154262756,0.5539654237516434
37175,0.1227220669388771,0.9520111083984375,0.006451121997088194,0.013020740183246709,0.2317508859411455,0.007989707085749715,1.8206524653400664,0.3380506543281242,0.9935854257872955,0.11574966391115424,3.7819549562824792,0.5539842708091457
37200,0.12271678447723389,0.9520111083984375,0.006455819588154554,0.013018212520660787,0.2317569784358515,0.007990960905006166,1.8206871340998625,0.3380791721132253,0.9935850176053589,0.11576855662185091,3.7819772602137776,0.5540030773157971
37225,0.12271150946617126,0.9520111083984375,0.006458755116909742,0.01301634989383961,0.231763024610082,0.007992222429151761,1.8207216057320912,0.33810784829333734,0.9935846132830701,0.11578755856881434,3.78199953267692,0.5540218247878863
37250,0.12270623445510864,0.9520263671875,0.006462319754064083,0.013016064899457913,0.23176905747952659,0.007993489457403071,1.8207560316939528,0.3381366403272377,0.9935842085328599,0.11580668153622636,3.782021818891493,0.5540405530479079
37275,0.12270095199346542,0.9520263671875,0.006466285325586796,0.013015028648333623,0.23177508743715056,0.007994764351936127,1.8207904702459987,0.33816560138654234,0.9935837996965272,0.1158259354089378,3.7820441550753676,0.5540592995004463
37300,0.1226956695318222,0.9520263671875,0.0064508914947509766,0.013014847832179113,0.23178110892910783,0.007996038836714238,1.8208248453131648,0.33819454633908663,0.9935833863805696,0.11584518710723593,3.7820664285214365,0.554077994969149
37325,0.12269040197134018,0.9520263671875,0.006449580658227205,0.013011774578240178,0.23178712650753597,0.00799730590410549,1.8208591901089926,0.3382233298502604,0.9935829750855882,0.11586430728083048,3.7820886710793884,0.5540966566832435
37350,0.12268513441085815,0.9520263671875,0.0064461915753781796,0.013010217185633728,0.23179313915853084,0.007998571156816165,1.8208935041065881,0.33825207106296,0.9935825639970698,0.11588340279267736,3.782110889927151,0.5541152995503232
37375,0.12267985939979553,0.9520263671875,0.006435744930058718,0.013005787633545894,0.23179912344520612,0.00799983800910449,1.8209277024406907,0.33828084350898624,0.9935821447223288,0.11590254719566165,3.78213309999964,0.5541338667116158
37400,0.1226745992898941,0.9520263671875,0.006439274176955223,0.013005713293302414,0.23180507299475964,0.008001095543149398,1.8209617892522305,0.3383094217820967,0.9935817224380996,0.11592156142367482,3.782155361882696,0.5541523938059321
37425,0.12266933917999268,0.9520263671875,0.006437793839722872,0.013004283643242758,0.23181100385403702,0.008002359278244064,1.8209957710839684,0.33833812350765585,0.9935812979143623,0.11594066927767659,3.7821775582491943,0.5541708744570172
37450,0.12266407161951065,0.9520263671875,0.006434136535972357,0.013000248149076403,0.23181690576083505,0.008003608670013375,1.8210296921799245,0.3383665300920725,0.9935808652247161,0.11595955884965191,3.7821998647076716,0.5541893334598044
37475,0.12265881896018982,0.9520263671875,0.006426163017749786,0.012998379831731214,0.23182278629712685,0.00800484590122521,1.8210634662401706,0.3383946661695746,0.9935804272006409,0.11597828838182538,3.782222040159633,0.5542077379729589
37500,0.12265355885028839,0.9520263671875,0.006417981814593077,0.012995050609153186,0.23182865959011087,0.008006080944662031,1.821097198578881,0.3384227518310446,0.9935799928640968,0.11599701568536969,3.7822441880925313,0.5542261027155928
37525,0.12264831364154816,0.9520263671875,0.006414423231035471,0.0129929419749908,0.23183453240244586,0.008007309788577142,1.8211309714257913,0.3384507126483074,0.9935795579667022,0.1160156343068906,3.7822664241225774,0.5542444446609776
37550,0.12264306098222733,0.9520263671875,0.0064169419929385185,0.012990510285010361,0.2318403859704368,0.008008551059756853,1.8211646510095867,0.3384789311137034,0.9935791146942026,0.11603442297785688,3.7822886234804356,0.5542627446012897
37575,0.12263782322406769,0.9520111083984375,0.006415603682398796,0.012987091951373077,0.23184622535270444,0.008009795738776613,1.8211982806843605,0.3385072209477905,0.993578671302483,0.11605324777959859,3.7823108349403247,0.5542810007987781
37600,0.12263257801532745,0.9520111083984375,0.006418129429221153,0.012984645559267505,0.23185206516790474,0.008011032736455733,1.8212319258474137,0.3385353493123409,0.9935782258756528,0.11607200288990445,3.782333075075329,0.5542992595434078
37625,0.12262733280658722,0.9520263671875,0.006417157128453255,0.012983614516223436,0.23185790916262114,0.008012256530568211,1.8212656111598435,0.3385632014193327,0.9935777717726801,0.11609061765728954,3.782355364540456,0.5543175262435148
37650,0.12262208759784698,0.9520263671875,0.006415396463125944,0.012980815455372604,0.23186375869405523,0.008013486138749006,1.8212993188465634,0.33859117480677053,0.9935773159929289,0.1161092900824824,3.7823776553501913,0.5543357880099616
37675,0.12261684238910675,0.9520263671875,0.0064183627255260944,0.012978258659102794,0.2318696036667821,0.00801472202091601,1.821332990743121,0.3386192757225379,0.993576859331528,0.11612806405885077,3.7823999090554583,0.5543540356664155
37700,0.12261161208152771,0.9520263671875,0.006423397921025753,0.01297625774187643,0.23187543007458877,0.00801595971021994,1.8213665541036812,0.3386474064855213,0.9935764034188312,0.11614691874736709,3.782422088822803,0.5543722608641456
37725,0.12260636687278748,0.9520263671875,0.006418043747544289,0.012973935072772383,0.23188124954872796,0.008017186666664585,1.8214000669348376,0.33867530451070194,0.9935759407588556,0.11616568921369191,3.7824442202479958,0.5543904646334479
37750,0.12260112911462784,0.9520416259765625,0.006411231588572264,0.01297252052244675,0.2318870558226604,0.008018409025886407,1.82143358052751,0.33870311354673827,0.9935754745730525,0.11618442439886803,3.7824664609534904,0.554408624579573
37775,0.1225958988070488,0.9520721435546875,0.006410778500139713,0.012970610239483918,0.231892846262819,0.008019635574036225,1.8214670108854591,0.3387310054727055,0.9935750072828349,0.11620317763592646,3.782488657983577,0.5544267379275211
37800,0.12259066849946976,0.9520721435546875,0.00641049025580287,0.01296692926290002,0.2318986106721298,0.008020872187506904,1.8215003340353293,0.33875910735261966,0.9935745276139529,0.11622207812432353,3.782510844716977,0.5544448237617184
37825,0.12258543819189072,0.9520721435546875,0.006413908209651709,0.012965318361480068,0.23190435822093539,0.008022121830693691,1.8215336017052903,0.3387874846590905,0.9935740414274882,0.11624108122810044,3.782533053779232,0.5544628871461488
37850,0.12258020043373108,0.9520721435546875,0.006408015266060829,0.012965317010446393,0.23191010759223274,0.008023373750503592,1.82156687431432,0.3388159078796024,0.9935735562485326,0.11626011526404757,3.7825552582652637,0.5544809411107648
37875,0.12257497012615204,0.9520721435546875,0.006405167747288942,0.012963686273250705,0.23191586700302227,0.008024614087996103,1.821600186010259,0.3388440847524898,0.9935730699913481,0.11627900277359991,3.7825774620738115,0.5544989866236877
37900,0.1225697472691536,0.9520721435546875,0.006403324194252491,0.012960979751566482,0.23192161913201045,0.008025848131487639,1.8216334711004314,0.3388721274078683,0.9935725819614024,0.11629781272608257,3.7825996700500366,0.5545170134885434
37925,0.12256452441215515,0.95208740234375,0.006406988017261028,0.012957900024911527,0.2319273776300826,0.008027076529319112,1.8216668042328121,0.33890005347461916,0.9935720958414085,0.11631652115344643,3.7826219258766685,0.5545350443735415
37950,0.1225593090057373,0.95208740234375,0.006395031698048115,0.012955082851341698,0.23193312511991002,0.008028302414581195,1.8217000731322837,0.338927920921689,0.9935716123065572,0.11633521909101108,3.7826441381259825,0.5545530358594886
37975,0.12255409359931946,0.95208740234375,0.006392468698322773,0.012954498543940478,0.23193884107258345,0.008029540420108377,1.8217331855430368,0.3389560364476294,0.993571132725347,0.11635411435200915,3.7826662826387962,0.5545709715641327
38000,0.12254887074232101,0.9520721435546875,0.006391515024006367,0.012954925084015748,0.2319445327242188,0.00803078215816473,1.8217662133690542,0.3389842310626299,0.993570651321096,0.11637311511874454,3.782688449707554,0.5545888672464782
38025,0.12254364788532257,0.9520721435546875,0.006391668226569891,0.01295305726672862,0.23195020512470302,0.008032025277557956,1.8217991469869315,0.3390124496500294,0.9935701626371074,0.11639222844858985,3.78271057816845,0.5546067266904005
38050,0.12253844738006592,0.9520721435546875,0.006381629034876823,0.012947664091154191,0.23195587320532998,0.008033253169786274,1.8218320576671474,0.33904034407665135,0.9935696749539492,0.11641113497154654,3.7827326942515844,0.5546245751596495
38075,0.12253323197364807,0.9521026611328125,0.006373387761414051,0.012944764321681658,0.23196155207239444,0.008034469336826238,1.8218650205302964,0.3390679912452832,0.993569184171069,0.11642982062089585,3.7827548307559846,0.5546424256193274
38100,0.12252803146839142,0.952117919921875,0.006378054618835449,0.012941526240915314,0.23196722260554395,0.008035674200577728,1.8218979596784621,0.3390953999595165,0.9935686897476469,0.11644838897229079,3.7827769859983658,0.5546602805941919
38125,0.12252283096313477,0.9521331787109375,0.0063805365934967995,0.012937284150009441,0.2319728707743327,0.00803688709339439,1.8219308165337067,0.3391229774940999,0.9935681967911052,0.11646709047886525,3.7827991527515663,0.5546780926694777
38150,0.12251763045787811,0.9521331787109375,0.006375269498676062,0.01293403976740573,0.2319785029907764,0.008038102068452799,1.8219636039381135,0.33915059606053904,0.9935677062250468,0.11648582195443317,3.782821305395212,0.5546958867036481
38175,0.12251242995262146,0.9521331787109375,0.006372850853949785,0.012933587729277057,0.2319841251937952,0.008039317007892371,1.8219963301073587,0.3391782081612338,0.9935672090566237,0.11650455614055313,3.782843412563378,0.554713653749131
38200,0.12250722944736481,0.9521331787109375,0.006372523028403521,0.012932951871723174,0.23198974799930666,0.008040525612321174,1.8220290318564814,0.3392056800123747,0.9935667203351588,0.11652316085278486,3.7828654641384163,0.55473140249627
38225,0.12250203639268875,0.9521331787109375,0.006370576564222574,0.012932712188841653,0.23199536401923357,0.008041732315815358,1.8220617283691338,0.33923311413815627,0.9935662269867032,0.11654170994041609,3.7828875601852525,0.5547491255256991
38250,0.1224968433380127,0.9521331787109375,0.006367310415953398,0.01293105385331175,0.2320009709714823,0.008042949414829286,1.8220944333512472,0.33926077410780897,0.9935657295316189,0.1165604096757313,3.782909747761978,0.5547668365149229
38275,0.12249165028333664,0.9521331787109375,0.006359396036714315,0.01292709655466395,0.23200654315787952,0.008044177542251833,1.8221269807378695,0.33928866109286593,0.9935652239023007,0.11657923445174172,3.7829318916031287,0.5547844666007871
38300,0.12248645722866058,0.9521484375,0.0063505698926746845,0.012925186901475792,0.23201209010093024,0.008045407526899246,1.8221594465845286,0.3393165888446885,0.9935647102684269,0.11659806382926578,3.7829540719704577,0.5548020356555085
38325,0.12248127907514572,0.9521484375,0.006344839930534363,0.012924034045813314,0.23201761160815598,0.008046644234560347,1.8221917691724705,0.33934464860316116,0.9935641909652229,0.11661696286196742,3.782976162296312,0.5548195539834612
38350,0.12247610092163086,0.9521484375,0.00634614797309041,0.012921060091812904,0.2320231077634086,0.008047890362752894,1.8222239802167606,0.3393729030579735,0.9935636725434088,0.11663600916417657,3.7829982277380907,0.554837025643188
38375,0.1224709153175354,0.9521484375,0.006337964441627264,0.012921855271566692,0.2320286218984276,0.008049139151510827,1.8222563158914635,0.3394012219416009,0.9935631513141419,0.11665508030187217,3.783020405349662,0.5548544965870184
38400,0.12246574461460114,0.9521484375,0.006337348371744156,0.012921489632347606,0.23203410713039269,0.008050396152593233,1.8222885262712012,0.339429710022983,0.9935626254894925,0.1166742959143902,3.7830425584730287,0.5548719232525781
38425,0.12246055901050568,0.9521484375,0.006329127587378025,0.012918089222245995,0.23203956530301548,0.008051660313855626,1.8223206139649688,0.33945834422239807,0.99356209877609,0.11669363176101809,3.7830646774914967,0.5548892810026235
38450,0.12245538830757141,0.9521484375,0.006320499815046787,0.012916714094466392,0.2320450406824379,0.0080529139629641,1.8223528112331062,0.33948676288699914,0.9935615739092205,0.11671280611712895,3.783086883718972,0.5549066391764166
38475,0.12245022505521774,0.9521331787109375,0.006317367311567068,0.012915500486666051,0.23205050147096457,0.008054173838415009,1.8223849518899384,0.3395153111648926,0.9935610561708068,0.11673203852857272,3.783109091366379,0.5549239661527368
38500,0.12244506180286407,0.9521331787109375,0.006315483711659908,0.012913469700547124,0.23205592806376577,0.008055427939738426,1.822416926004347,0.33954372997357135,0.9935605375151595,0.11675116512259825,3.7831312320325337,0.5549412209330137
38525,0.12243989109992981,0.9521331787109375,0.006311782170087099,0.01291004431392929,0.23206134573567114,0.008056681556166472,1.8224488343532403,0.33957213108848333,0.993560021333881,0.11677023554940139,3.783153308893901,0.5549584527279983
38550,0.12243472784757614,0.9521331787109375,0.0063031925819814205,0.012908097734515006,0.23206674676861036,0.008057943177087783,1.8224806541651493,0.33960069480700505,0.9935595067576957,0.11678936276065964,3.7831753375919206,0.5549756538502376
38575,0.12242957204580307,0.9521484375,0.006297597661614418,0.012904837374746136,0.23207213402809204,0.008059201928509972,1.8225124280821825,0.339629197816834,0.9935589880615068,0.11680845812558442,3.7831973832865002,0.5549928237762569
38600,0.12242441624403,0.9521484375,0.006292307749390602,0.0129019752651251,0.23207752127896847,0.008060462846476976,1.822544234660057,0.3396577508051575,0.9935584727250366,0.11682763257802588,3.783219496846181,0.5550099686403732
38625,0.12241926044225693,0.9521484375,0.006294991355389357,0.012900177616031641,0.23208289127296194,0.008061733414439734,1.822575995647543,0.3396865094622849,0.9935579642563658,0.11684692933382752,3.7832416564215885,0.5550270822633787
38650,0.12241411209106445,0.9521636962890625,0.006296099629253149,0.01289686768051433,0.23208825238394667,0.008063010050931458,1.8226077364419286,0.33971539690182606,0.9935574546046843,0.11686629280368241,3.783263846475791,0.5550441745589823
38675,0.12240897119045258,0.9521636962890625,0.00628908583894372,0.012894742419935108,0.23209360890681094,0.008064290157286358,1.8226394655995493,0.33974435680780024,0.9935569401233566,0.11688573455516221,3.7832860497622076,0.555061243543203
38700,0.1224038228392601,0.9521636962890625,0.0062870136462152,0.012892597835547977,0.23209895210458162,0.008065568737067309,1.8226710755671411,0.33977327026938625,0.9935564255966548,0.11690514126691157,3.7833081142401546,0.5550782624115724
38725,0.12239868938922882,0.952178955078125,0.006281908135861158,0.012888171292323489,0.23210428192571791,0.008066856861149621,1.8227026572537164,0.3398023874479318,0.9935559097095573,0.11692464186562754,3.7833302290297874,0.5550952451534736
38750,0.12239354848861694,0.952178955078125,0.006278825458139181,0.01288757777007072,0.23210959503657924,0.008068143340701595,1.8227341853666492,0.33983147038727185,0.9935553902432326,0.11694409256571968,3.7833523687978903,0.5551122018282275
38775,0.12238840758800507,0.952178955078125,0.006266091484576464,0.012883618222975249,0.23211488452922757,0.008069430981229114,1.8227656264455723,0.3398605769941045,0.9935548650380496,0.11696357622551695,3.783374520388433,0.5551291191751284
38800,0.12238328158855438,0.952178955078125,0.006266934797167778,0.012882587941274525,0.2321201863007165,0.008070704326347418,1.8227971022780407,0.3398893782262417,0.9935543394364355,0.11698289147897928,3.783396644031542,0.5551460330019062
38825,0.1223781406879425,0.952178955078125,0.006266745738685131,0.012880010768159747,0.23212549813518357,0.008071970592478469,1.8228286436800836,0.3399180334637812,0.9935538202030489,0.11700205338489071,3.7834188217490374,0.5551629667171184
38850,0.12237302213907242,0.952178955078125,0.006269180681556463,0.012879471532277415,0.23213078472918194,0.008073254761763278,1.8228600713249432,0.33994706112022144,0.9935532990878297,0.11702138227324017,3.7834409690393778,0.5551798462577989
38875,0.12236788868904114,0.952178955078125,0.006270534358918667,0.012877715319529736,0.23213605977142496,0.008074543668200552,1.8228914447264217,0.3399761850123453,0.9935527792447005,0.11704073605359744,3.7834630978702144,0.5551966850803657
38900,0.12236276268959045,0.952178955078125,0.006269415374845266,0.012874996788288072,0.23214131331107135,0.008075838494295594,1.8229227409490487,0.34000543302007785,0.9935522598492692,0.117060171742357,3.7834852417283202,0.5552135007063524
38925,0.12235763669013977,0.952178955078125,0.006264866329729557,0.012872268570389592,0.23214654461746023,0.008077133381873693,1.822953945320478,0.34003467960445727,0.9935517409113281,0.11707960000826392,3.78350737611225,0.5552302758206311
38950,0.12235251814126968,0.952178955078125,0.006260458845645189,0.012867921541945363,0.23215176014080754,0.008078428391540608,1.8229850671682997,0.34006392305659056,0.9935512247070388,0.11709901121674617,3.783529467816695,0.5552470096763004
38975,0.122347392141819,0.9521636962890625,0.006254864856600761,0.012865447229714293,0.2321569522323025,0.008079738829482565,1.8230161135083338,0.34009349242194054,0.9935507068280014,0.11711859448051705,3.783551593729695,0.5552636929470794
39000,0.12234228104352951,0.952178955078125,0.0062574343755841255,0.012865441816088227,0.23216211696374475,0.008081059016011109,1.8230470478479257,0.3401232641711145,0.9935501905439164,0.11713828884424791,3.7835737101189215,0.5552803326393523
39025,0.12233716249465942,0.952178955078125,0.0062607405707240105,0.01286410535968991,0.2321672707628762,0.008082397318682502,1.8230779494346692,0.34015341708660374,0.9935496801844679,0.11715828746196025,3.783595847590488,0.5552969476030621
39050,0.12233204394578934,0.952178955078125,0.006257358007133007,0.012862019083784431,0.23217242043244507,0.008083749715952488,1.8231088453932516,0.3401838665406282,0.9935491710305946,0.11717844671827632,3.7836180070051464,0.5553135496572273
39075,0.12232692539691925,0.9521942138671875,0.0062603759579360485,0.012861633583817648,0.2321775664134536,0.008085096800040702,1.8231397095874562,0.3402141989330981,0.9935486552850006,0.11719852539008833,3.783640130526661,0.5553301441305484
39100,0.12232181429862976,0.9521942138671875,0.0062600490637123585,0.012860093824866355,0.2321826910385244,0.008086454191373785,1.823170512065075,0.34024475026691176,0.9935481359724492,0.11721877856236002,3.783662299949614,0.5553466990109791
39125,0.12231670320034027,0.9521942138671875,0.006255922373384237,0.01285795654660721,0.23218781903840335,0.008087803866810262,1.8232013338192268,0.34027513834684414,0.9935476211985493,0.11723889460590717,3.7836844818510067,0.555363247853502
39150,0.12231159210205078,0.9521942138671875,0.006257140543311834,0.012856283884226561,0.23219294208251628,0.008089151368074865,1.8232321338355912,0.34030547822935764,0.9935471115535023,0.11725894746397772,3.7837066589904365,0.5553797700267252
39175,0.12230648100376129,0.9521942138671875,0.006257879547774792,0.012854561359053602,0.23219805475904487,0.008090498640963784,1.8232628697678857,0.3403358069131178,0.9935466072127399,0.1172790077013591,3.7837287875817522,0.5553962571085863
39200,0.1223013699054718,0.9521942138671875,0.006261463742703199,0.012851138929925036,0.23220316274034905,0.00809184486296758,1.8232935872917557,0.34036611146944123,0.9935460900077168,0.11729906317925713,3.78375091619709,0.5554127257626784
39225,0.12229625880718231,0.9521942138671875,0.006258878856897354,0.012848773623589846,0.2322082510626847,0.008093191857187392,1.8233242444858428,0.3403964333848586,0.9935455745330272,0.1173191194452333,3.7837730797555613,0.5554291767738373
39250,0.12229115515947342,0.9521942138671875,0.0062581198289990425,0.012844181864314855,0.23221334257963547,0.008094521948887158,1.82335491961044,0.34042639884868076,0.9935450585060552,0.1173389253779723,3.7837952544643776,0.5554456318676962
39275,0.12228605151176453,0.952178955078125,0.006258157081902027,0.012843278069095947,0.23221841442467345,0.008095863299059617,1.8233854825551665,0.34045659254145255,0.9935445419505675,0.11735892065419856,3.7838173566197435,0.555462036337513
39300,0.12228094786405563,0.9521942138671875,0.006256596650928259,0.01284193497308555,0.2322234684134865,0.008097202241325407,1.8234159399879104,0.34048672698643045,0.993544029459803,0.11737888814747602,3.783839385266003,0.5554784082970675
39325,0.12227584421634674,0.9521942138671875,0.0062584117986261845,0.012839424936079123,0.2322285142911637,0.0080985417295889,1.8234463927834939,0.34051687598826363,0.9935435206985566,0.11739886247074802,3.783861470338454,0.5554947699622048
39350,0.12227074801921844,0.9521942138671875,0.006259421817958355,0.01283787604362331,0.23223354845720284,0.0080998958118702,1.823476826610408,0.34054733482276733,0.9935430073641207,0.11741903283053871,3.783883611427328,0.5555111075415735
39375,0.12226565182209015,0.9521942138671875,0.0062589747831225395,0.012833569257770515,0.23223855190473142,0.00810126062119183,1.8235071544026422,0.34057801981121366,0.9935424923180829,0.11743933314643051,3.783905782702513,0.5555274110481746
39400,0.12226055562496185,0.9521942138671875,0.006264008581638336,0.012831514242012544,0.2322435166675792,0.00810263737270359,1.8235373331126712,0.340608954242902,0.9935419738839755,0.11745979505651497,3.7839279597297812,0.5555436575470528
39425,0.12225545942783356,0.9521942138671875,0.006267582066357136,0.012830183951414756,0.23224847195812073,0.008104031972310747,1.8235674673444513,0.34064026029821304,0.9935414541253536,0.11748048821501321,3.7839501215863707,0.5555598875418967
39450,0.12225036323070526,0.9521942138671875,0.006266940385103226,0.012825353223896172,0.23225341633321603,0.008105446661616542,1.823597551561058,0.3406719850184368,0.9935409264521766,0.11750141976897652,3.7839722685386348,0.555576088381457
39475,0.12224526703357697,0.95220947265625,0.0062601217068731785,0.012822355146671077,0.23225834274224566,0.008106866611561582,1.8236275257482188,0.34070381065254657,0.9935403992999481,0.11752240871269604,3.783994333492202,0.555592220831328
39500,0.12224018573760986,0.95220947265625,0.006251801736652851,0.012820046858570272,0.2322632687004515,0.008108265995194928,1.8236574773668346,0.3407351980009102,0.9935398707807759,0.11754309572011588,3.7840163552469255,0.5556083560245798
39525,0.12223509699106216,0.9521942138671875,0.006254346109926701,0.01281772098360634,0.2322681870044441,0.008109662977940536,1.8236874018805727,0.34076653325816936,0.9935393436444315,0.11756375325649236,3.7840383830691575,0.5556244790149554
39550,0.12223000824451447,0.9521942138671875,0.006255586631596088,0.012815679256785782,0.23227308717550105,0.008111063615921402,1.8237172768533625,0.3407979471602096,0.9935388163148924,0.11758448433203303,3.784060455761521,0.5556405795274068
39575,0.12222492694854736,0.9521942138671875,0.006249879486858845,0.012815532444948242,0.23227797339379397,0.008112461355694716,1.823747094976391,0.34082929759201597,0.9935382857841599,0.11760519951885429,3.784082524105519,0.5556566550298379
39600,0.12221984565258026,0.9521942138671875,0.006251745857298374,0.01281429347469535,0.23228287260062114,0.008113856242924173,1.8237770199526744,0.34086059635625404,0.9935377534808572,0.11762590296676659,3.7841047083131234,0.5556727318050624
39625,0.12221476435661316,0.9521942138671875,0.006249545142054558,0.012812021764503002,0.23228775829997095,0.008115260210238805,1.823806925416101,0.34089208991595793,0.9935372200722263,0.11764679920483297,3.784126962010441,0.5556888006212319
39650,0.12220968306064606,0.9521942138671875,0.006255447398871183,0.01281036850699788,0.23229259867479715,0.008116677053162024,1.82383664028108,0.3409238493060236,0.9935366839281694,0.1176678491285231,3.7841491893772736,0.555704798386682
39675,0.12220460176467896,0.9521942138671875,0.0062512909062206745,0.012809879046474699,0.23229741799847536,0.008118097975686215,1.8238662519592106,0.3409556882734672,0.9935361497265179,0.11768891725151098,3.7841713740625686,0.5557207607444382
39700,0.12219952046871185,0.9521942138671875,0.006250855512917042,0.012806839240173774,0.23230223438516032,0.008119512456690372,1.8238958135085952,0.34098738249916627,0.9935356123613113,0.1177098735937872,3.784193478610128,0.5557367087620123
39725,0.12219445407390594,0.95220947265625,0.006245268043130636,0.01280296051936195,0.23230705430094165,0.008120917357480379,1.8239253761888277,0.3410188709519915,0.9935350743396999,0.11773069079422416,3.7842155567083218,0.5557526607184343
39750,0.12218937277793884,0.95220947265625,0.006244155112653971,0.012802014466259677,0.23231189905336214,0.008122319653886649,1.8239550381266392,0.3410503028434236,0.9935345388794876,0.11775147314326019,3.784237638401802,0.5557686410461042
39775,0.12218429893255234,0.95220947265625,0.006246551405638456,0.012800279707836894,0.23231674842766506,0.008123727444975854,1.8239847484907585,0.34108185354492254,0.9935340051912516,0.11777234107545165,3.7842597828738764,0.5557846167880576
39800,0.12217922508716583,0.95220947265625,0.006249406840652227,0.012796513862497704,0.23232157716913537,0.008125137553722288,1.8240143561414845,0.3411134466162815,0.9935334719584601,0.11779322526869437,3.784281882240406,0.5558005690857187
39825,0.12217415869235992,0.95220947265625,0.006250461563467979,0.012795129110838816,0.23232638164892425,0.008126555643878491,1.8240438271069737,0.3411451972353384,0.9935329427294985,0.11781423352122608,3.7843038955745407,0.5558164736646746
39850,0.12216909229755402,0.9522247314453125,0.006249226164072752,0.01279341792233513,0.23233116830317088,0.00812797723433201,1.8240732985955121,0.34117703224890356,0.9935324094030653,0.11783534062375453,3.7843260551188442,0.5558323712958834
39875,0.12216402590274811,0.9522552490234375,0.006248003803193569,0.012791355721854643,0.23233594799239396,0.008129398696890914,1.8241027013917364,0.3412088545788719,0.9935318773112014,0.11785648187424705,3.7843481288207315,0.555848225283529
39900,0.1221589595079422,0.9522552490234375,0.00624897750094533,0.012788074013346994,0.23234072105803066,0.00813081521621581,1.8241320751614025,0.34124057034722566,0.9935313469447921,0.11787756317192923,3.7843701961925595,0.555864056617445
39925,0.12215390056371689,0.9522552490234375,0.006240412127226591,0.012787467718880374,0.23234550107435467,0.008132219562202427,1.8241614846863452,0.3412720300231728,0.9935308163596599,0.11789844752851139,3.784392281082337,0.5558798917636472
39950,0.12214883416891098,0.9522552490234375,0.006228079088032246,0.01278356635301811,0.23235028380440118,0.008133609502309605,1.8241909308233624,0.341303190100603,0.9935302878799614,0.11791908901262493,3.784414419772629,0.5558957243835337
39975,0.12214379012584686,0.9522552490234375,0.006223773118108511,0.012781025105925615,0.2323550667397846,0.008134996109540596,1.8242203689051526,0.3413342764428179,0.9935297658008106,0.11793961128439501,3.7844365400249225,0.5559115232377257
